signal_date,execution_date,ticker,side,quantity,price,notional,cost,reason,event_type,realized_pnl
2005-01-03,2005-01-04,ADBE,buy,162.2156538227066,31.09889880624707,5044.728203021558,5.044728203021559,rebalance,rebalance,0.0
2005-01-03,2005-01-04,ADSK,buy,134.70321680672055,37.45068842906704,5044.728203021558,5.044728203021559,rebalance,rebalance,0.0
2005-01-03,2005-01-04,AMD,buy,234.85699769695344,21.479999542236328,5044.728203021558,5.044728203021559,rebalance,rebalance,0.0
2005-01-03,2005-01-04,CACI,buy,76.76092680035386,65.72000122070312,5044.728203021558,5.044728203021559,rebalance,rebalance,0.0
2005-01-03,2005-01-04,CTSH,buy,551.612478844564,9.145420737378,5044.728203021558,5.044728203021559,rebalance,rebalance,0.0
2005-01-03,2005-01-04,FFIV,buy,213.80497350412304,23.594999313354492,5044.728203021558,5.044728203021559,rebalance,rebalance,0.0
2005-01-03,2005-01-04,GEN,buy,539.2668091335672,9.354790833737487,5044.728203021557,5.044728203021558,rebalance,rebalance,0.0
2005-01-03,2005-01-04,MRVL,buy,345.88580751930755,14.584952875639335,5044.728203021558,5.044728203021559,rebalance,rebalance,0.0
2005-01-03,2005-01-04,NTAP,buy,211.11443874069354,23.895704306695333,5044.728203021558,5.044728203021559,rebalance,rebalance,0.0
2005-01-03,2005-01-04,ORCL,buy,472.03626314570374,10.687162400199746,5044.728203021558,5.044728203021559,rebalance,rebalance,0.0
2005-01-03,2005-01-04,QCOM,buy,190.10732719263632,26.536211294526908,5044.728203021558,5.044728203021559,rebalance,rebalance,0.0
2005-01-03,2005-01-04,STX,buy,596.0830690874499,8.46312949425755,5044.728203021558,5.044728203021559,rebalance,rebalance,0.0
2005-01-03,2005-01-04,SWKS,buy,710.7166478408972,7.098086443235933,5044.728203021558,5.044728203021559,rebalance,rebalance,0.0
2005-01-03,2005-01-04,VRSN,buy,185.7720062328209,27.15548109384788,5044.728203021558,5.044728203021559,rebalance,rebalance,0.0
2005-01-03,2005-01-04,WDC,buy,774.7407795400901,6.51150466871805,5044.728203021558,5.044728203021559,rebalance,rebalance,0.0
2005-02-01,2005-02-02,ADBE,sell,31.911706041171755,29.844145164127408,952.3775875276914,0.9523775875276914,rebalance,rebalance,-41.98612588584895
2005-02-01,2005-02-02,ADSK,sell,0.3518461067527596,28.945070770699143,10.184210460353594,0.010184210460353595,rebalance,rebalance,-3.016029548003599
2005-02-01,2005-02-02,CACI,sell,2.815121100263184,52.59000015258789,148.04721909239424,0.14804721909239424,rebalance,rebalance,-37.29560003456744
2005-02-01,2005-02-02,CTSH,sell,89.66600454618555,8.41831283366211,754.8364768143589,0.754836476814359,rebalance,rebalance,-66.77173041438526
2005-02-01,2005-02-02,FFIV,sell,49.19926205222873,23.625,1162.3325659839038,1.1623325659839039,rebalance,rebalance,-0.8471774763045807
2005-02-01,2005-02-02,GEN,sell,539.2668091335672,8.289413884149328,4470.205774892697,4.4702057748926975,rebalance,rebalance,-584.0373621067739
2005-02-01,2005-02-02,MRVL,sell,74.82486240439573,14.346625742791556,1073.4842971717399,1.07348429717174,rebalance,rebalance,-19.997596311835093
2005-02-01,2005-02-02,NTAP,sell,46.35493613522027,23.602947760548883,1094.1131360431839,1.094113136043184,rebalance,rebalance,-15.772507982872362
2005-02-01,2005-02-02,ORCL,sell,113.74946940906534,10.85390251896782,1234.6256525503072,1.2346256525503072,rebalance,rebalance,16.516315334011445
2005-02-01,2005-02-02,QCOM,sell,190.10732719263632,22.701201235715438,4315.664690984035,4.315664690984034,rebalance,rebalance,-738.4239049315285
2005-02-01,2005-02-02,STX,sell,114.0394000525356,8.067339502324918,919.9945568652548,0.9199945568652549,rebalance,rebalance,-47.02077799375247
2005-02-01,2005-02-02,SWKS,sell,710.7166478408972,5.806815373876127,4127.000357152227,4.127000357152227,rebalance,rebalance,-926.8995744295049
2005-02-01,2005-02-02,VRSN,sell,5.463946498577371,21.567587931358858,117.8441465603078,0.11784414656030781,rebalance,rebalance,-30.798169522006532
2005-02-01,2005-02-02,WDC,sell,201.96081720605207,6.789360991617752,1371.1848941740132,1.3711848941740132,rebalance,rebalance,53.42983634038324
2005-02-01,2005-02-02,AMD,buy,2.555098291762249,16.3799991607666,41.85250787474182,0.04185250787474182,rebalance,rebalance,0.0
2005-02-01,2005-02-02,CHKP,buy,160.49566679818773,24.229999542236328,3888.809933051003,3.8888099330510033,rebalance,rebalance,0.0
2005-02-01,2005-02-02,CIEN,buy,224.9166990823375,17.290000915527344,3888.809933051003,3.8888099330510033,rebalance,rebalance,0.0
2005-02-01,2005-02-02,TXN,buy,269.1053627277044,14.450882337064069,3888.809933051003,3.8888099330510033,rebalance,rebalance,0.0
2005-03-02,2005-03-03,CACI,sell,73.94580570009067,54.400001525878906,4022.6519429172777,4.022651942917277,rebalance,rebalance,-845.94886834235
2005-03-02,2005-03-03,CTSH,sell,8.834824768560509,10.440713433145262,92.24187364059419,0.09224187364059419,rebalance,rebalance,11.270643927810037
2005-03-02,2005-03-03,ADBE,buy,21.184348079774622,31.22887388139693,661.5633344428949,0.6615633344428948,rebalance,rebalance,0.0
2005-03-02,2005-03-03,ADSK,buy,25.555676363530864,29.584742966843645,756.0581165589022,0.7560581165589022,rebalance,rebalance,0.0
2005-03-02,2005-03-03,AMD,buy,29.11234829075346,17.75,516.744182160874,0.5167441821608739,rebalance,rebalance,0.0
2005-03-02,2005-03-03,CHKP,buy,49.949572627735904,22.479999542236328,1122.8663698064033,1.1228663698064034,rebalance,rebalance,0.0
2005-03-02,2005-03-03,CIEN,buy,108.00440389166997,14.210000038146973,1534.7425834206713,1.5347425834206714,rebalance,rebalance,0.0
2005-03-02,2005-03-03,FFIV,buy,7.7684528244765545,27.44499969482422,213.20518539701538,0.21320518539701538,rebalance,rebalance,0.0
2005-03-02,2005-03-03,IBM,buy,101.19526342707418,46.74931143758334,4730.808885960578,4.7308088859605775,rebalance,rebalance,0.0
2005-03-02,2005-03-03,MRVL,buy,21.231855505670808,16.185170746307612,343.6412066202134,0.3436412066202134,rebalance,rebalance,0.0
2005-03-02,2005-03-03,NTAP,buy,50.993608058389526,21.926955636486944,1118.1345816407104,1.1181345816407104,rebalance,rebalance,0.0
2005-03-02,2005-03-03,ORCL,buy,97.23615581389907,10.385445762125588,1009.8408223228415,1.0098408223228414,rebalance,rebalance,0.0
2005-03-02,2005-03-03,STX,buy,62.82704131452488,8.682443001802376,545.4922051852453,0.5454922051852453,rebalance,rebalance,0.0
2005-03-02,2005-03-03,TXN,buy,16.799086762028196,16.546817982035186,277.9714309156974,0.2779714309156974,rebalance,rebalance,0.0
2005-03-02,2005-03-03,VRSN,buy,19.845118885227464,23.635941825109555,469.0580754836193,0.4690580754836193,rebalance,rebalance,0.0
2005-03-02,2005-03-03,WDC,buy,85.92511369455963,7.181983345996244,617.112735557161,0.6171127355571611,rebalance,rebalance,0.0
2005-03-31,2005-04-01,CIEN,sell,332.92110297400745,12.319999694824219,4101.587887040314,4.101587887040314,rebalance,rebalance,-1331.4897698348716
2005-03-31,2005-04-01,IBM,sell,101.19526342707418,45.916204201770604,4646.502379769507,4.646502379769506,rebalance,rebalance,-93.68381745680085
2005-03-31,2005-04-01,ORCL,sell,455.5229495505375,9.97256705136975,4542.733157830456,4.5427331578304555,rebalance,rebalance,-305.5584581333739
2005-03-31,2005-04-01,ADBE,buy,10.979091617036033,33.90999984741211,372.3009950584155,0.37230099505841546,rebalance,rebalance,0.0
2005-03-31,2005-04-01,ADSK,buy,25.652703205970596,29.690000534057617,761.6287718852885,0.7616287718852885,rebalance,rebalance,0.0
2005-03-31,2005-04-01,AMD,buy,71.26030526048538,16.309999465942383,1162.2555407414077,1.1622555407414077,rebalance,rebalance,0.0
2005-03-31,2005-04-01,CHKP,buy,41.69521770982871,21.850000381469727,911.0405228652206,0.9110405228652206,rebalance,rebalance,0.0
2005-03-31,2005-04-01,CTSH,buy,88.79686809283339,10.166419064179435,902.746172618408,0.902746172618408,rebalance,rebalance,0.0
2005-03-31,2005-04-01,FFIV,buy,44.654357879479164,25.385000228881836,1133.55088499115,1.13355088499115,rebalance,rebalance,0.0
2005-03-31,2005-04-01,INTC,buy,406.92010321381065,13.538945461501,5509.26908460014,5.50926908460014,rebalance,rebalance,0.0
2005-03-31,2005-04-01,MRVL,buy,43.592690493586645,16.402224062507987,715.0170769633701,0.7150170769633701,rebalance,rebalance,0.0
2005-03-31,2005-04-01,NTAP,buy,55.31695081549333,20.32415182456329,1124.2701068459864,1.1242701068459864,rebalance,rebalance,0.0
2005-03-31,2005-04-01,SNPS,buy,302.0432650072564,18.239999771118164,5509.269084600141,5.509269084600141,rebalance,rebalance,0.0
2005-03-31,2005-04-01,STX,buy,47.37877663798065,9.3022775125125,440.73052848983997,0.44073052848983996,rebalance,rebalance,0.0
2005-03-31,2005-04-01,TER,buy,408.0351865958827,13.501946071274755,5509.26908460014,5.50926908460014,rebalance,rebalance,0.0
2005-03-31,2005-04-01,TXN,buy,62.80236506002706,15.799143735443058,992.2235925091345,0.9922235925091345,rebalance,rebalance,0.0
2005-03-31,2005-04-01,VRSN,buy,28.260757450929248,24.11967141489173,681.6401836523667,0.6816401836523667,rebalance,rebalance,0.0
2005-03-31,2005-04-01,WDC,buy,51.635240995331515,7.755816405975658,400.473449238099,0.400473449238099,rebalance,rebalance,0.0
2005-04-15,2005-04-18,ADBE,sell,162.4673874783455,27.9950008392334,4548.27464880434,4.54827464880434,market_trend_exit,risk_exit,-547.5334150738422
2005-04-15,2005-04-18,ADSK,sell,185.55975026946925,31.729999542236328,5887.810791107747,5.887810791107747,market_trend_exit,risk_exit,-673.8644704426781
2005-04-15,2005-04-18,AMD,sell,337.78474953995453,15.449999809265137,5218.77431596497,5.21877431596497,market_trend_exit,risk_exit,-1558.7904725833737
2005-04-15,2005-04-18,CHKP,sell,252.14045713575234,20.8700008392334,5262.171552027844,5.262171552027844,market_trend_exit,risk_exit,-671.7301620725326
2005-04-15,2005-04-18,CTSH,sell,541.9085176226513,8.649070764860609,4687.005116999023,4.687005116999023,market_trend_exit,risk_exit,-369.3713795425088
2005-04-15,2005-04-18,FFIV,sell,217.02852215585003,22.110000610351562,4798.500757329542,4.798500757329542,market_trend_exit,risk_exit,-442.15609021669724
2005-04-15,2005-04-18,INTC,sell,406.92010321381065,12.895058942139427,5247.258715683547,5.2472587156835475,market_trend_exit,risk_exit,-272.7668967168756
2005-04-15,2005-04-18,MRVL,sell,335.88549111416927,13.972108639471486,4693.028572269407,4.693028572269407,market_trend_exit,risk_exit,-328.7459202082061
2005-04-15,2005-04-18,NTAP,sell,271.0700614793561,18.962873836217895,5140.267376608858,5.1402673766088585,market_trend_exit,risk_exit,-1050.5013842775004
2005-04-15,2005-04-18,SNPS,sell,302.0432650072564,16.770000457763672,5065.2656924361245,5.065265692436125,market_trend_exit,risk_exit,-454.5779269410512
2005-04-15,2005-04-18,STX,sell,592.2494869874198,7.925389708449771,4693.807989004753,4.693807989004753,market_trend_exit,risk_exit,-381.77236631544815
2005-04-15,2005-04-18,TER,sell,408.0351865958827,11.266951223273015,4597.312544754914,4.597312544754914,market_trend_exit,risk_exit,-922.0631214745807
2005-04-15,2005-04-18,TXN,sell,348.70681454975966,13.79514040196031,4810.459465834271,4.810459465834271,market_trend_exit,risk_exit,-358.51495506387283
2005-04-15,2005-04-18,VRSN,sell,228.41393607040024,21.133900207145313,4827.277330833108,4.827277330833108,market_trend_exit,risk_exit,-1230.647363181672
2005-04-15,2005-04-18,WDC,sell,710.3403170239292,7.2605088406543485,5157.43215162545,5.157432151625451,market_trend_exit,risk_exit,400.2818902086459
2005-05-26,2005-05-27,ADBE,buy,173.29884468345978,33.099998474121094,5736.191494589467,5.736191494589467,rebalance,rebalance,0.0
2005-05-26,2005-05-27,ADSK,buy,151.3506929722068,37.900001525878906,5736.191494589467,5.736191494589467,rebalance,rebalance,0.0
2005-05-26,2005-05-27,CACI,buy,91.2679655346592,62.849998474121094,5736.191494589467,5.736191494589467,rebalance,rebalance,0.0
2005-05-26,2005-05-27,CDNS,buy,409.72796389924764,14.0,5736.191494589467,5.736191494589467,rebalance,rebalance,0.0
2005-05-26,2005-05-27,CTSH,buy,555.0773406176377,10.33404009647876,5736.191494589467,5.736191494589467,rebalance,rebalance,0.0
2005-05-26,2005-05-27,FFIV,buy,227.98853455396488,25.15999984741211,5736.191494589467,5.736191494589467,rebalance,rebalance,0.0
2005-05-26,2005-05-27,GLW,buy,568.0411020720068,10.09819795375006,5736.191494589467,5.736191494589467,rebalance,rebalance,0.0
2005-05-26,2005-05-27,HPQ,buy,930.5579116916992,6.164249879044508,5736.191494589467,5.736191494589467,rebalance,rebalance,0.0
2005-05-26,2005-05-27,INTC,buy,362.6016769342071,15.819539344354109,5736.191494589467,5.736191494589467,rebalance,rebalance,0.0
2005-05-26,2005-05-27,INTU,buy,304.26834370765346,18.852409766626604,5736.191494589466,5.736191494589466,rebalance,rebalance,0.0
2005-05-26,2005-05-27,MRVL,buy,330.34864932451256,17.36405311878425,5736.191494589466,5.736191494589466,rebalance,rebalance,0.0
2005-05-26,2005-05-27,MSFT,buy,322.39975204564547,17.792170925048772,5736.191494589467,5.736191494589467,rebalance,rebalance,0.0
2005-05-26,2005-05-27,STX,buy,576.3214896810147,9.953110542111423,5736.191494589467,5.736191494589467,rebalance,rebalance,0.0
2005-05-26,2005-05-27,TXN,buy,335.38275194496214,17.10341829245531,5736.191494589467,5.736191494589467,rebalance,rebalance,0.0
2005-05-26,2005-05-27,WDC,buy,639.4912026363415,8.969930267909342,5736.191494589467,5.736191494589467,rebalance,rebalance,0.0
2005-06-24,2005-06-27,ADSK,sell,151.3506929722068,33.959999084472656,5139.869394770444,5.139869394770444,rebalance,rebalance,-607.1981607083821
2005-06-24,2005-06-27,CACI,sell,91.2679655346592,60.5099983215332,5522.624441311978,5.5226244413119785,rebalance,rebalance,-224.82586921338967
2005-06-24,2005-06-27,CDNS,sell,4.651794678890269,13.600000381469727,63.264409407426506,0.0632644094074265,rebalance,rebalance,-1.9891056319491507
2005-06-24,2005-06-27,CTSH,sell,4.945445040062964,10.014027727182237,49.52382375444639,0.04952382375444639,rebalance,rebalance,-1.6832338355896763
2005-06-24,2005-06-27,GLW,sell,63.09959260183456,10.910245944528718,688.4320742855798,0.6884320742855798,rebalance,rebalance,49.91427314009188
2005-06-24,2005-06-27,HPQ,sell,73.71573324630822,6.429464135293221,473.95266311398086,0.4739526631139809,rebalance,rebalance,18.62210850388702
2005-06-24,2005-06-27,INTC,sell,0.6425842942310851,15.22005156919967,9.78016609575489,0.00978016609575489,rebalance,rebalance,-0.40516698251818484
2005-06-24,2005-06-27,INTU,sell,304.26834370765346,19.30272751609283,5873.208930361713,5.873208930361713,rebalance,rebalance,125.40803534729652
2005-06-24,2005-06-27,MSFT,sell,322.39975204564547,17.268672843878722,5567.415843023871,5.567415843023872,rebalance,rebalance,-180.0792589032086
2005-06-24,2005-06-27,TXN,sell,14.547289845414184,17.170907542046667,249.7901689229613,0.2497901689229613,rebalance,rebalance,0.4831871230843347
2005-06-24,2005-06-27,ADBE,buy,14.53054741512193,29.329999923706055,426.1809545769334,0.4261809545769334,rebalance,rebalance,0.0
2005-06-24,2005-06-27,ADI,buy,236.3857109911882,23.30528369426914,5509.036055921156,5.509036055921156,rebalance,rebalance,0.0
2005-06-24,2005-06-27,AKAM,buy,406.27108299727325,13.5600004196167,5509.036055921156,5.509036055921156,rebalance,rebalance,0.0
2005-06-24,2005-06-27,CSCO,buy,445.1928859369064,12.374492562538178,5509.036055921156,5.509036055921156,rebalance,rebalance,0.0
2005-06-24,2005-06-27,FFIV,buy,13.582874444036094,22.80500030517578,309.7574558414074,0.3097574558414074,rebalance,rebalance,0.0
2005-06-24,2005-06-27,MCHP,buy,677.5361166411265,8.130985080518078,5509.036055921156,5.509036055921156,rebalance,rebalance,0.0
2005-06-24,2005-06-27,MRVL,buy,0.12057958625672427,16.670344994234433,2.0101033021616423,0.0020101033021616426,rebalance,rebalance,0.0
2005-06-24,2005-06-27,STX,buy,52.55899388713044,8.76006840705878,460.4203818574469,0.4604203818574469,rebalance,rebalance,0.0
2005-06-24,2005-06-27,WDC,buy,44.19552152778863,8.057836815036096,356.1203004263355,0.3561203004263355,rebalance,rebalance,0.0
2005-07-25,2005-07-26,ADBE,sell,187.8293920985817,29.360000610351562,5514.671066656322,5.514671066656322,rebalance,rebalance,-659.3784260259004
2005-07-25,2005-07-26,ADI,sell,33.49184360196486,25.061169985163257,839.3447856253438,0.8393447856253438,rebalance,rebalance,57.187987335246824
2005-07-25,2005-07-26,AKAM,sell,55.598138198066465,14.5,806.1730038719637,0.8061730038719638,rebalance,rebalance,50.70214279510771
2005-07-25,2005-07-26,CDNS,sell,405.0761692203574,14.75,5974.873496000271,5.974873496000272,rebalance,rebalance,292.161187050183
2005-07-25,2005-07-26,CSCO,sell,445.1928859369064,12.182146745964072,5423.405066742639,5.423405066742639,rebalance,rebalance,-96.56343030117975
2005-07-25,2005-07-26,CTSH,sell,73.65041671564887,10.671469774089482,785.9581958301417,0.7859581958301417,rebalance,rebalance,23.30477181296476
2005-07-25,2005-07-26,FFIV,sell,241.57140899800098,21.0,5072.9995889580205,5.07299958895802,rebalance,rebalance,-984.0683100122423
2005-07-25,2005-07-26,GLW,sell,75.2542540491338,11.833624654764517,890.5305960917423,0.8905305960917422,rebalance,rebalance,128.94777889145058
2005-07-25,2005-07-26,HPQ,sell,83.92678649437505,6.5786731025674134,552.1268928954632,0.5521268928954632,rebalance,rebalance,33.711736822525594
2005-07-25,2005-07-26,INTC,sell,34.26731672829192,15.516891400286124,531.7222322521137,0.5317222322521137,rebalance,rebalance,-11.444748354004744
2005-07-25,2005-07-26,MCHP,sell,87.49240838907633,8.617594982330415,753.9741395257076,0.7539741395257077,rebalance,rebalance,41.10929864873739
2005-07-25,2005-07-26,MRVL,sell,54.03328947033731,18.393982019418974,993.887354967445,0.9938873549674451,rebalance,rebalance,53.7320125233852
2005-07-25,2005-07-26,STX,sell,628.8804835681451,8.802846270831061,5535.938219576281,5.535938219576281,rebalance,rebalance,-672.4062069666548
2005-07-25,2005-07-26,TXN,sell,61.330835570202396,19.59409266645001,1201.7220754733542,1.2017220754733542,rebalance,rebalance,150.50445147992954
2005-07-25,2005-07-26,WDC,sell,88.77674687781416,8.547104425416832,758.7841261134753,0.7587841261134753,rebalance,rebalance,-33.85266092526332
2005-07-25,2005-07-26,ADSK,buy,142.66997156754596,35.63999938964844,5084.757699588497,5.084757699588497,rebalance,rebalance,0.0
2005-07-25,2005-07-26,AMD,buy,258.109517901856,19.700000762939453,5084.757699588497,5.084757699588497,rebalance,rebalance,0.0
2005-07-25,2005-07-26,CRM,buy,922.0546582364223,5.514594665476681,5084.757699588498,5.084757699588498,rebalance,rebalance,0.0
2005-07-25,2005-07-26,INTU,buy,245.51546022755355,20.710539755320262,5084.757699588498,5.084757699588498,rebalance,rebalance,0.0
2005-07-25,2005-07-26,VRSN,buy,235.03213760359176,21.63430819050166,5084.757699588498,5.084757699588498,rebalance,rebalance,0.0
2005-08-22,2005-08-23,ADSK,sell,8.817925354396579,40.130001068115234,353.8633538904951,0.3538633538904951,rebalance,rebalance,38.924365433696444
2005-08-22,2005-08-23,CRM,sell,922.0546582364223,4.939544001769901,4554.529556395716,4.554529556395716,rebalance,rebalance,-539.8674304487656
2005-08-22,2005-08-23,CTSH,sell,476.48147886192584,9.657005757126122,4601.384384533586,4.601384384533586,rebalance,rebalance,-332.1196863473741
2005-08-22,2005-08-23,HPQ,sell,28.550202512826218,7.216192849583986,206.0237672272313,0.2060237672272313,rebalance,rebalance,29.651170491232474
2005-08-22,2005-08-23,MRVL,sell,2.298843836738911,19.594147759077416,45.04388581210666,0.04504388581210666,rebalance,rebalance,5.0422606428335985
2005-08-22,2005-08-23,VRSN,sell,235.03213760359176,19.324091890212944,4541.7826242049805,4.541782624204981,rebalance,rebalance,-552.601615707311
2005-08-22,2005-08-23,ADI,buy,35.17838653156355,22.56240561023265,793.709025638682,0.793709025638682,rebalance,rebalance,0.0
2005-08-22,2005-08-23,AKAM,buy,7.425905700999465,15.0,111.38858551499197,0.11138858551499198,rebalance,rebalance,0.0
2005-08-22,2005-08-23,AMD,buy,1.1319365146533755,20.719999313354492,23.453723806378818,0.023453723806378817,rebalance,rebalance,0.0
2005-08-22,2005-08-23,CACI,buy,86.91719779636979,61.79999923706055,5371.482757503094,5.371482757503094,rebalance,rebalance,0.0
2005-08-22,2005-08-23,GLW,buy,2.4667483463937856,12.42955684935366,30.66058880455069,0.030660588804550692,rebalance,rebalance,0.0
2005-08-22,2005-08-23,INTC,buy,23.399635848648018,15.299385224409491,358.0000429593681,0.3580000429593681,rebalance,rebalance,0.0
2005-08-22,2005-08-23,INTU,buy,23.086871582696574,19.997900693199096,461.6889652274063,0.4616889652274063,rebalance,rebalance,0.0
2005-08-22,2005-08-23,MCHP,buy,46.82234578484645,8.434242527851703,394.91102007232985,0.39491102007232987,rebalance,rebalance,0.0
2005-08-22,2005-08-23,ON,buy,976.6332286369262,5.5,5371.482757503094,5.371482757503094,rebalance,rebalance,0.0
2005-08-22,2005-08-23,QCOM,buy,214.18112449750873,25.0791603139873,5371.482757503094,5.371482757503094,rebalance,rebalance,0.0
2005-08-22,2005-08-23,TXN,buy,14.761212123125802,19.584950075789152,289.0976024895524,0.2890976024895524,rebalance,rebalance,0.0
2005-08-22,2005-08-23,WDC,buy,26.954156629172758,8.637711140667067,232.8222190030906,0.2328222190030906,rebalance,rebalance,0.0
2005-09-20,2005-09-21,ADI,sell,238.0722539207869,22.458041606667503,5346.636583946142,5.346636583946142,rebalance,rebalance,-186.4404257747279
2005-09-20,2005-09-21,AMD,sell,2.891782713779264,22.31999969482422,64.54458928905113,0.06454458928905113,rebalance,rebalance,7.4420630109280035
2005-09-20,2005-09-21,INTC,sell,351.0914117603321,14.488009273903137,5086.615629571436,5.086615629571437,rebalance,rebalance,-465.94590385847465
2005-09-20,2005-09-21,INTU,sell,268.6023318102501,19.62626673510354,5271.661009778755,5.2716610097787555,rebalance,rebalance,-285.60376271174323
2005-09-20,2005-09-21,QCOM,sell,214.18112449750873,27.168264220903065,5818.929381478451,5.818929381478451,rebalance,rebalance,436.25621183637656
2005-09-20,2005-09-21,ADSK,buy,2.6720438609414714,41.90999984741211,111.98535780433554,0.11198535780433554,rebalance,rebalance,0.0
2005-09-20,2005-09-21,AKAM,buy,55.61948830944152,13.829999923706055,769.217519076146,0.769217519076146,rebalance,rebalance,0.0
2005-09-20,2005-09-21,AMAT,buy,461.6326642791549,12.39454015479552,5721.724594173224,5.721724594173224,rebalance,rebalance,0.0
2005-09-20,2005-09-21,CACI,buy,7.329626128169309,60.709999084472656,444.98159553068564,0.44498159553068567,rebalance,rebalance,0.0
2005-09-20,2005-09-21,CRM,buy,996.2708444603197,5.743141662719925,5721.724594173224,5.721724594173224,rebalance,rebalance,0.0
2005-09-20,2005-09-21,GLW,buy,2.743895678169679,13.156477880134972,36.10000279523733,0.03610000279523733,rebalance,rebalance,0.0
2005-09-20,2005-09-21,GOOGL,buy,747.9248935591564,7.650132578079071,5721.724594173224,5.721724594173224,rebalance,rebalance,0.0
2005-09-20,2005-09-21,HPQ,buy,6.7237393978657565,7.617905649388341,51.22081234401651,0.05122081234401651,rebalance,rebalance,0.0
2005-09-20,2005-09-21,MCHP,buy,82.7463638520718,7.951119869440677,657.9262577481759,0.6579262577481759,rebalance,rebalance,0.0
2005-09-20,2005-09-21,MRVL,buy,18.192190909382475,19.57287503562288,356.07347929353773,0.3560734792935377,rebalance,rebalance,0.0
2005-09-20,2005-09-21,ON,buy,136.54279136273487,5.139999866485596,701.8299293740278,0.7018299293740278,rebalance,rebalance,0.0
2005-09-20,2005-09-21,SWKS,buy,1072.0341366434993,5.337259699665665,5721.724594173224,5.721724594173224,rebalance,rebalance,0.0
2005-09-20,2005-09-21,TXN,buy,11.961335989642691,19.990151533750836,239.10891897906492,0.23910891897906492,rebalance,rebalance,0.0
2005-09-20,2005-09-21,WDC,buy,115.29500667025331,7.7618580292266035,894.9034732532405,0.8949034732532405,rebalance,rebalance,0.0
2005-10-06,2005-10-07,ADSK,sell,136.52409007409085,43.58000183105469,5949.720095411954,5.949720095411955,market_trend_exit,risk_exit,1056.4156999692239
2005-10-06,2005-10-07,AKAM,sell,413.7183388096478,15.930000305175781,6590.533263494506,6.590533263494506,market_trend_exit,risk_exit,942.5756156311907
2005-10-06,2005-10-07,AMAT,sell,461.6326642791549,12.112023734056136,5591.305786164692,5.591305786164693,market_trend_exit,risk_exit,-141.73183838886985
2005-10-06,2005-10-07,AMD,sell,256.3496717027301,24.010000228881836,6154.955676256333,6.154955676256334,market_trend_exit,risk_exit,1092.5190674506405
2005-10-06,2005-10-07,CACI,sell,94.2468239245391,58.97999954223633,5558.677631926544,5.558677631926543,market_trend_exit,risk_exit,-269.161863092195
2005-10-06,2005-10-07,CRM,sell,996.2708444603197,5.679245524546944,5658.066734637876,5.658066734637876,market_trend_exit,risk_exit,-75.03765086415918
2005-10-06,2005-10-07,GLW,sell,434.89789944560187,12.161063009616289,5288.820757907733,5.288820757907733,market_trend_exit,risk_exit,873.2985545497838
2005-10-06,2005-10-07,GOOGL,sell,747.9248935591564,7.808389528341571,5840.0889068533015,5.8400889068533015,market_trend_exit,risk_exit,106.80249917905145
2005-10-06,2005-10-07,HPQ,sell,751.0889288360555,7.291427715960489,5476.5106328662905,5.47651063286629,market_trend_exit,risk_exit,826.7206070888011
2005-10-06,2005-10-07,MCHP,sell,719.6124178889684,7.78188547472195,5599.941422199705,5.599941422199705,market_trend_exit,risk_exit,-261.98285956045186
2005-10-06,2005-10-07,MRVL,sell,292.32928651307554,18.730193837836456,5475.384200866335,5.475384200866335,market_trend_exit,risk_exit,348.65750077567066
2005-10-06,2005-10-07,ON,sell,1113.176019999661,4.789999961853027,5332.113093334082,5.332113093334082,market_trend_exit,risk_exit,-752.6050193232516
2005-10-06,2005-10-07,SWKS,sell,1072.0341366434993,5.196394220763721,5570.711992115705,5.5707119921157044,market_trend_exit,risk_exit,-162.30503864380768
2005-10-06,2005-10-07,TXN,sell,286.22717464211405,19.032398213555922,5447.58956732973,5.4475895673297305,market_trend_exit,risk_exit,470.55265723716474
2005-10-06,2005-10-07,WDC,sell,737.1591405857421,7.435679752527791,5481.279296044189,5.48127929604419,market_trend_exit,risk_exit,-959.5815050986338
2005-11-15,2005-11-16,ADSK,buy,102.8062987407022,45.7400016784668,4702.360276956678,4.702360276956678,rebalance,rebalance,0.0
2005-11-15,2005-11-16,AKAM,buy,275.6366016507916,17.059999465942383,4702.360276956678,4.702360276956678,rebalance,rebalance,0.0
2005-11-15,2005-11-16,AMAT,buy,364.48197892854097,12.901489096333638,4702.360276956678,4.702360276956678,rebalance,rebalance,0.0
2005-11-15,2005-11-16,AMD,buy,186.52758618515603,25.209999084472656,4702.360276956678,4.702360276956678,rebalance,rebalance,0.0
2005-11-15,2005-11-16,CDNS,buy,275.79826905419696,17.049999237060547,4702.360276956678,4.702360276956678,rebalance,rebalance,0.0
2005-11-15,2005-11-16,CIEN,buy,261.38745618585426,17.989999771118164,4702.360276956677,4.702360276956677,rebalance,rebalance,0.0
2005-11-15,2005-11-16,CRM,buy,695.812917208937,6.758081318494213,4702.360276956678,4.702360276956678,rebalance,rebalance,0.0
2005-11-15,2005-11-16,GLW,buy,357.95237554244216,13.136832154922024,4702.360276956678,4.702360276956678,rebalance,rebalance,0.0
2005-11-15,2005-11-16,GOOGL,buy,478.4768349612841,9.827769984595323,4702.360276956678,4.702360276956678,rebalance,rebalance,0.0
2005-11-15,2005-11-16,HPQ,buy,613.9880659318017,7.658716085662468,4702.360276956678,4.702360276956678,rebalance,rebalance,0.0
2005-11-15,2005-11-16,MRVL,buy,222.53873968992633,21.130524435919323,4702.360276956678,4.702360276956678,rebalance,rebalance,0.0
2005-11-15,2005-11-16,MU,buy,361.2175877984659,13.018082274499506,4702.360276956678,4.702360276956678,rebalance,rebalance,0.0
2005-11-15,2005-11-16,ON,buy,909.547428929152,5.170000076293945,4702.360276956678,4.702360276956678,rebalance,rebalance,0.0
2005-11-15,2005-11-16,QCOM,buy,167.5242254745429,28.069732981223375,4702.360276956678,4.702360276956678,rebalance,rebalance,0.0
2005-11-15,2005-11-16,TER,buy,348.9860833260045,13.474348983033742,4702.360276956678,4.702360276956678,rebalance,rebalance,0.0
2005-12-14,2005-12-15,AMAT,sell,364.48197892854097,13.779483330540474,5022.373352928234,5.022373352928234,rebalance,rebalance,310.28834234167203
2005-12-14,2005-12-15,CIEN,sell,261.38745618585426,20.229999542236328,5287.86811898615,5.28786811898615,rebalance,rebalance,575.51761363353
2005-12-14,2005-12-15,ON,sell,909.547428929152,6.150000095367432,5593.716774655487,5.593716774655487,rebalance,rebalance,881.0604206471978
2005-12-14,2005-12-15,TER,sell,348.9860833260045,14.246939704720646,4971.983686932202,4.971983686932202,rebalance,rebalance,259.9490660116349
2005-12-14,2005-12-15,ADSK,buy,35.282851624476535,43.13999938964844,1522.1021975449742,1.5221021975449742,rebalance,rebalance,0.0
2005-12-14,2005-12-15,AKAM,buy,11.871412822517698,20.719999313354492,245.9756655311144,0.2459756655311144,rebalance,rebalance,0.0
2005-12-14,2005-12-15,AMD,buy,29.78198768679576,27.540000915527344,820.1959681605792,0.8201959681605793,rebalance,rebalance,0.0
2005-12-14,2005-12-15,CDNS,buy,53.6909946409865,18.079999923706055,970.7331790127382,0.9707331790127383,rebalance,rebalance,0.0
2005-12-14,2005-12-15,CRM,buy,7.841969457891651,8.466033527727806,66.39037635392816,0.06639037635392817,rebalance,rebalance,0.0
2005-12-14,2005-12-15,FFIV,buy,224.79871179135404,26.5,5957.165862470882,5.957165862470882,rebalance,rebalance,0.0
2005-12-14,2005-12-15,GLW,buy,67.72019984104469,13.9947137940566,947.7248148517377,0.9477248148517378,rebalance,rebalance,0.0
2005-12-14,2005-12-15,GOOGL,buy,94.545062191846,10.396052737368487,982.8954526042145,0.9828954526042145,rebalance,rebalance,0.0
2005-12-14,2005-12-15,HPQ,buy,122.01812799654772,8.093907241018158,987.603409726738,0.9876034097267381,rebalance,rebalance,0.0
2005-12-14,2005-12-15,IBM,buy,142.15499320548292,41.906131667565745,5957.165862470882,5.957165862470882,rebalance,rebalance,0.0
2005-12-14,2005-12-15,MRVL,buy,13.108429855726001,25.280022985028,331.38140805038057,0.3313814080503806,rebalance,rebalance,0.0
2005-12-14,2005-12-15,MSFT,buy,317.4891945548897,18.763365697603184,5957.165862470882,5.957165862470882,rebalance,rebalance,0.0
2005-12-14,2005-12-15,MU,buy,92.64976593871972,13.12534557380924,1216.060195278237,1.216060195278237,rebalance,rebalance,0.0
2005-12-14,2005-12-15,QCOM,buy,37.95470207133363,28.991614534978762,1100.3680922420644,1.1003680922420644,rebalance,rebalance,0.0
2005-12-14,2005-12-15,TXN,buy,286.5976265692095,20.78581715341702,5957.165862470881,5.957165862470881,rebalance,rebalance,0.0
2006-01-13,2006-01-17,ADSK,sell,34.24745418657366,42.34000015258789,1450.0372154852757,1.4500372154852759,rebalance,rebalance,-96.68386482572888
2006-01-13,2006-01-17,AKAM,sell,92.96565350715429,22.600000381469727,2101.023804725269,2.101023804725269,rebalance,rebalance,497.27939440641586
2006-01-13,2006-01-17,AMD,sell,80.86109709888004,32.459999084472656,2624.7511377991004,2.6247511377991004,rebalance,rebalance,555.613523981277
2006-01-13,2006-01-17,CDNS,sell,74.01816166509028,17.209999084472656,1273.8524944905528,1.2738524944905527,rebalance,rebalance,-3.1286626963650885
2006-01-13,2006-01-17,CRM,sell,233.3370603679764,9.34826873700801,2181.2975466233042,2.181297546623304,rebalance,rebalance,596.1826172125946
2006-01-13,2006-01-17,FFIV,sell,224.79871179135404,29.045000076293945,6529.278601130659,6.529278601130659,rebalance,rebalance,559.6262941961754
2006-01-13,2006-01-17,GLW,sell,148.81818212231008,15.880757318882203,2363.3454349216204,2.3633454349216203,rebalance,rebalance,383.69655063508293
2006-01-13,2006-01-17,GOOGL,sell,190.2457794256149,11.486237590133431,2185.2082230027313,2.185208223002731,rebalance,rebalance,293.6056839749471
2006-01-13,2006-01-17,HPQ,sell,222.7285147272587,8.565845759921721,1907.8581034901515,1.9078581034901516,rebalance,rebalance,182.344536069331
2006-01-13,2006-01-17,IBM,sell,142.15499320548292,41.8656741283367,5951.414621256666,5.951414621256665,rebalance,rebalance,-17.659821697942167
2006-01-13,2006-01-17,MRVL,sell,74.80733231587317,27.33562472937577,2044.9051631924137,2.0449051631924138,rebalance,rebalance,443.27665795298884
2006-01-13,2006-01-17,MSFT,sell,317.4891945548897,18.63865555168819,5917.571738691507,5.917571738691507,rebalance,rebalance,-51.4688613805368
2006-01-13,2006-01-17,MU,sell,135.22722832886825,13.798191380991591,1865.8911764027719,1.865891176402772,rebalance,rebalance,98.90179364868666
2006-01-13,2006-01-17,QCOM,sell,56.64054771821398,29.539809806704024,1673.1510069435847,1.6731510069435847,rebalance,rebalance,70.34830589520202
2006-01-13,2006-01-17,TXN,sell,286.5976265692095,20.066737158012852,5751.079242474649,5.751079242474649,rebalance,rebalance,-217.79486510117732
2006-01-13,2006-01-17,ADBE,buy,113.60871693463959,38.70000076293945,4396.6574320471245,4.396657432047125,rebalance,rebalance,0.0
2006-01-13,2006-01-17,CIEN,buy,186.3780162614708,23.59000015258789,4396.6574320471245,4.396657432047125,rebalance,rebalance,0.0
2006-01-13,2006-01-17,ON,buy,636.2746062423914,6.909999847412109,4396.6574320471245,4.396657432047125,rebalance,rebalance,0.0
2006-01-13,2006-01-17,SNPS,buy,207.19404214495677,21.219999313354492,4396.6574320471245,4.396657432047125,rebalance,rebalance,0.0
2006-02-13,2006-02-14,ADBE,sell,10.75287280907088,38.25,411.29738494696113,0.41129738494696116,rebalance,rebalance,-5.666234538734562
2006-02-13,2006-02-14,ADSK,sell,103.84169617860508,37.29999923706055,3873.2951882370426,3.8732951882370426,rebalance,rebalance,-815.9940008318275
2006-02-13,2006-02-14,AKAM,sell,37.17291945403488,25.0,929.322986350872,0.9293229863508721,rebalance,rebalance,287.96616831770217
2006-02-13,2006-02-14,AMD,sell,35.34068760820699,39.29999923706055,1388.8889960397298,1.38888899603973,rebalance,rebalance,484.3218403796849
2006-02-13,2006-02-14,CDNS,sell,255.4711020300932,16.950000762939453,4330.235374319062,4.330235374319063,rebalance,rebalance,-77.15410578821309
2006-02-13,2006-02-14,CIEN,sell,38.86260469234932,26.670000076293945,1036.465670109938,1.036465670109938,rebalance,rebalance,117.7435849667222
2006-02-13,2006-02-14,CRM,sell,16.156142237921983,8.66263310155241,139.954732543612,0.13995473254361201,rebalance,rebalance,30.21323886455114
2006-02-13,2006-02-14,GLW,sell,276.85439326117677,15.644994708868948,4331.385517698233,4.331385517698234,rebalance,rebalance,648.604494131929
2006-02-13,2006-02-14,HPQ,sell,59.76136300626587,8.674960298700489,518.4274514755845,0.5184274514755844,rebalance,rebalance,55.44005546694082
2006-02-13,2006-02-14,MRVL,sell,15.467897705501315,27.06324240205907,418.6114650542354,0.4186114650542354,rebalance,rebalance,87.44726045797537
2006-02-13,2006-02-14,MU,sell,69.44026216347163,15.787472699924828,1096.2862431814315,1.0962862431814315,rebalance,rebalance,188.78494131544326
2006-02-13,2006-02-14,ON,sell,58.560058392157316,6.809999942779541,398.7939942997579,0.3987939942997579,rebalance,rebalance,-6.659444243347331
2006-02-13,2006-02-14,QCOM,sell,148.83837982766255,28.879485929801934,4298.375896047497,4.298375896047497,rebalance,rebalance,86.67597262494807
2006-02-13,2006-02-14,SNPS,sell,28.52755912879067,22.020000457763672,628.1768650748508,0.6281768650748508,rebalance,rebalance,21.58854830003367
2006-02-13,2006-02-14,FFIV,buy,129.43694616060114,30.395000457763672,3934.2360378030035,3.9342360378030037,rebalance,rebalance,0.0
2006-02-13,2006-02-14,GOOGL,buy,76.51232117620924,8.565937447050988,655.3997571240831,0.655399757124083,rebalance,rebalance,0.0
2006-02-13,2006-02-14,NTAP,buy,169.7366858393247,23.178466212821014,3934.236037803003,3.9342360378030032,rebalance,rebalance,0.0
2006-02-13,2006-02-14,STX,buy,313.6989227523846,12.541439426326805,3934.236037803003,3.9342360378030032,rebalance,rebalance,0.0
2006-02-13,2006-02-14,WDC,buy,278.34408808436865,14.134433624509029,3934.236037803003,3.9342360378030032,rebalance,rebalance,0.0
2006-03-14,2006-03-15,CIEN,sell,24.223008773981263,34.29999923706055,830.8491824668682,0.8308491824668682,rebalance,rebalance,258.0261318293713
2006-03-14,2006-03-15,CRM,sell,21.573302417516857,9.775873558468836,210.89787667225485,0.21089787667225485,rebalance,rebalance,64.33600525880912
2006-03-14,2006-03-15,FFIV,sell,6.252294361858432,34.33000183105469,214.64127689089287,0.21464127689089288,rebalance,rebalance,24.198107133250982
2006-03-14,2006-03-15,GOOGL,sell,459.28843890372445,8.700875207294006,3996.211391054184,3.996211391054184,rebalance,rebalance,-465.36363170374915
2006-03-14,2006-03-15,HPQ,sell,453.5163161948248,9.119912597475636,4136.029165225927,4.136029165225927,rebalance,rebalance,622.3141635651006
2006-03-14,2006-03-15,NTAP,sell,0.3867720459395514,24.971546941371127,9.658296300789658,0.009658296300789659,rebalance,rebalance,0.674890422816446
2006-03-14,2006-03-15,ACLS,buy,152.77923682023658,27.68000030517578,4228.929321808671,4.228929321808671,rebalance,rebalance,0.0
2006-03-14,2006-03-15,ADBE,buy,9.496158807026717,37.63999938964844,357.43541170049025,0.35743541170049026,rebalance,rebalance,0.0
2006-03-14,2006-03-15,AKAM,buy,3.426354856173731,26.299999237060547,90.11313010326782,0.09011313010326782,rebalance,rebalance,0.0
2006-03-14,2006-03-15,AMD,buy,20.13473406457247,35.16999816894531,708.1385601832146,0.7081385601832146,rebalance,rebalance,0.0
2006-03-14,2006-03-15,MCHP,buy,433.99301926793044,9.744233510811137,4228.929321808671,4.228929321808671,rebalance,rebalance,0.0
2006-03-14,2006-03-15,MRVL,buy,23.045630126082642,25.109787123683386,578.6708665970799,0.5786708665970799,rebalance,rebalance,0.0
2006-03-14,2006-03-15,MU,buy,37.24350250351057,14.763579218391927,549.8473995809563,0.5498473995809563,rebalance,rebalance,0.0
2006-03-14,2006-03-15,ON,buy,11.272836956876858,7.179999828338623,80.93896741526513,0.08093896741526513,rebalance,rebalance,0.0
2006-03-14,2006-03-15,SNPS,buy,10.632052924926427,22.34000015258789,237.5200639651789,0.2375200639651789,rebalance,rebalance,0.0
2006-03-14,2006-03-15,STX,buy,35.14819716200731,12.122586314734269,426.08705390373166,0.4260870539037317,rebalance,rebalance,0.0
2006-03-14,2006-03-15,WDC,buy,77.04301097255438,11.899501509848886,916.7734253912151,0.9167734253912152,rebalance,rebalance,0.0
2006-04-11,2006-04-12,ACLS,sell,152.77923682023658,23.1200008392334,3532.256083501308,3.532256083501308,rebalance,rebalance,-704.4344237126729
2006-04-11,2006-04-12,AKAM,sell,2.48201715866972,32.150001525878906,79.79685543848912,0.07979685543848912,rebalance,rebalance,36.47485744122508
2006-04-11,2006-04-12,MU,sell,286.4433657483563,14.870841914534843,4259.654009511091,4.259654009511092,rebalance,rebalance,452.18672301438284
2006-04-11,2006-04-12,SNPS,sell,189.29853594109252,21.3700008392334,4045.309871926801,4.0453098719268015,rebalance,rebalance,8.413028456300925
2006-04-11,2006-04-12,ADBE,buy,25.20984147705518,37.0,932.7641346510416,0.9327641346510416,rebalance,rebalance,0.0
2006-04-11,2006-04-12,AMD,buy,26.437250005412537,34.70000076293945,917.3725953578361,0.9173725953578361,rebalance,rebalance,0.0
2006-04-11,2006-04-12,CIEN,buy,48.60182679760416,29.610000610351562,1439.1001211412602,1.4391001211412602,rebalance,rebalance,0.0
2006-04-11,2006-04-12,CRM,buy,192.7551567475801,8.139187391706448,1568.870341486304,1.5688703414863039,rebalance,rebalance,0.0
2006-04-11,2006-04-12,CTSH,buy,400.0724331806627,12.722166840369757,5089.788243157072,5.089788243157073,rebalance,rebalance,0.0
2006-04-11,2006-04-12,FFIV,buy,36.846418609038,31.80500030517578,1171.900355105088,1.171900355105088,rebalance,rebalance,0.0
2006-04-11,2006-04-12,GLW,buy,296.64602581541914,17.157783351947113,5089.788243157072,5.089788243157073,rebalance,rebalance,0.0
2006-04-11,2006-04-12,HPQ,buy,569.5382192036911,8.936693046295366,5089.788243157072,5.089788243157073,rebalance,rebalance,0.0
2006-04-11,2006-04-12,MCHP,buy,73.96784525170636,10.02004012252072,741.1607771985016,0.7411607771985016,rebalance,rebalance,0.0
2006-04-11,2006-04-12,MRVL,buy,43.44037254580141,24.02453356430874,1043.6346882726818,1.043634688272682,rebalance,rebalance,0.0
2006-04-11,2006-04-12,NTAP,buy,23.081035070760663,26.44994619212946,610.4921356802726,0.6104921356802726,rebalance,rebalance,0.0
2006-04-11,2006-04-12,ON,buy,182.19266317812128,6.599999904632568,1202.471559600354,1.2024715596003541,rebalance,rebalance,0.0
2006-04-11,2006-04-12,STX,buy,50.852925223266425,12.73401968569738,647.5621508683714,0.6475621508683714,rebalance,rebalance,0.0
2006-04-11,2006-04-12,WDC,buy,66.77241906667211,12.05655214355949,805.0451522289383,0.8050451522289382,rebalance,rebalance,0.0
2006-05-10,2006-05-11,ADBE,sell,137.5618444096506,33.29999923706055,4580.809313890007,4.580809313890007,rebalance,rebalance,-699.7630087001899
2006-05-10,2006-05-11,AKAM,sell,7.205648016969661,36.400001525878906,262.285598812642,0.26228559881264196,rebalance,rebalance,136.48506710678006
2006-05-10,2006-05-11,CTSH,sell,31.922883358875424,14.94049417865082,476.9436529890274,0.4769436529890274,rebalance,rebalance,69.93233297064465
2006-05-10,2006-05-11,FFIV,sell,160.0310704077807,28.854999542236328,4617.696463360102,4.617696463360102,rebalance,rebalance,-307.93523392350625
2006-05-10,2006-05-11,HPQ,sell,569.5382192036911,8.991388594687214,5120.939448386534,5.120939448386535,rebalance,rebalance,20.940477537919413
2006-05-10,2006-05-11,ACLS,buy,205.5432047436557,26.760000228881836,5500.3362059853325,5.500336205985333,rebalance,rebalance,0.0
2006-05-10,2006-05-11,AMD,buy,19.493533700064944,33.099998474121094,645.2359357273778,0.6452359357273778,rebalance,rebalance,0.0
2006-05-10,2006-05-11,CACI,buy,86.92061175868513,63.279998779296875,5500.3362059853325,5.500336205985333,rebalance,rebalance,0.0
2006-05-10,2006-05-11,CIEN,buy,12.125051715445267,29.889999389648438,362.41778837411476,0.36241778837411476,rebalance,rebalance,0.0
2006-05-10,2006-05-11,CRM,buy,61.22025142451173,8.011398631237737,490.4598384663634,0.49045983846636343,rebalance,rebalance,0.0
2006-05-10,2006-05-11,GLW,buy,12.596957121962532,17.786454372350594,224.05520308024344,0.22405520308024346,rebalance,rebalance,0.0
2006-05-10,2006-05-11,MCHP,buy,42.88271610207727,9.985296006857942,428.1966138572949,0.4281966138572949,rebalance,rebalance,0.0
2006-05-10,2006-05-11,MRVL,buy,18.722578647277658,23.854296910535524,446.6139499830138,0.44661394998301385,rebalance,rebalance,0.0
2006-05-10,2006-05-11,NTAP,buy,16.620711164789043,26.310894662228613,437.30578066809153,0.43730578066809156,rebalance,rebalance,0.0
2006-05-10,2006-05-11,ON,buy,59.68646275048661,6.619999885559082,395.1243765776478,0.3951243765776478,rebalance,rebalance,0.0
2006-05-10,2006-05-11,STX,buy,43.171573286778255,12.419708053438534,536.1783364294117,0.5361783364294117,rebalance,rebalance,0.0
2006-05-10,2006-05-11,SWKS,buy,1041.2415578372238,5.282478560892394,5500.3362059853325,5.500336205985333,rebalance,rebalance,0.0
2006-05-10,2006-05-11,WDC,buy,13.116759035666348,12.636425402923662,165.7489470823227,0.1657489470823227,rebalance,rebalance,0.0
2006-06-08,2006-06-09,ACLS,sell,100.44218135352584,25.200000762939453,2531.143046740154,2.531143046740154,rebalance,rebalance,-161.90872511233792
2006-06-08,2006-06-09,AKAM,sell,63.37888896792708,30.190000534057617,1913.408691789697,1.913408691789697,rebalance,rebalance,807.2955577561912
2006-06-08,2006-06-09,AMD,sell,69.51104757393969,27.399999618530273,1904.6026770095873,1.9046026770095874,rebalance,rebalance,-118.30075198565713
2006-06-08,2006-06-09,CACI,sell,43.36616660486073,60.810001373291016,2637.096650795948,2.637096650795948,rebalance,rebalance,-112.49562664303781
2006-06-08,2006-06-09,CIEN,sell,99.18437010163935,31.219999313354492,3096.535966468678,3.0965359664686782,rebalance,rebalance,552.2702687602928
2006-06-08,2006-06-09,CRM,sell,686.5637898155053,6.573770695336639,4513.312921968432,4.513312921968432,rebalance,rebalance,-487.22316070269625
2006-06-08,2006-06-09,CTSH,sell,170.80577359794694,13.420974911379188,2292.3800021767597,2.2923800021767597,rebalance,rebalance,114.89505361406671
2006-06-08,2006-06-09,GLW,sell,131.46977903843165,14.898453825034725,1958.6964323915922,1.9586964323915923,rebalance,rebalance,-304.61813023667645
2006-06-08,2006-06-09,MCHP,sell,550.8435806217141,9.172606789506988,5052.671567567074,5.052671567567074,rebalance,rebalance,-356.0661035778249
2006-06-08,2006-06-09,MRVL,sell,230.58052084343956,20.38574208600514,4700.5550279710915,4.700555027971092,rebalance,rebalance,-483.5801848991341
2006-06-08,2006-06-09,NTAP,sell,92.42736449902308,22.710069609275294,2099.0318815746746,2.0990318815746747,rebalance,rebalance,-103.99358443685382
2006-06-08,2006-06-09,ON,sell,381.9604383957238,5.900000095367432,2253.5666229613566,2.253566622961357,rebalance,rebalance,-358.11786110406086
2006-06-08,2006-06-09,STX,sell,205.9438333616162,11.178705228324063,2302.185406740599,2.302185406740599,rebalance,rebalance,-280.7912315303576
2006-06-08,2006-06-09,SWKS,sell,1041.2415578372238,4.460760370086212,4644.729076887118,4.644729076887118,rebalance,rebalance,-865.7521943810858
2006-06-08,2006-06-09,WDC,sell,216.8033787287642,12.122995065493539,2628.306290511135,2.628306290511135,rebalance,rebalance,-276.9586528472679
2006-06-08,2006-06-09,CSCO,buy,207.57940516144376,12.759193849491464,2648.54586961699,2.64854586961699,rebalance,rebalance,0.0
2006-06-08,2006-06-09,ENTG,buy,272.68501979404346,9.712839640466546,2648.54586961699,2.64854586961699,rebalance,rebalance,0.0
2006-06-08,2006-06-09,MU,buy,173.21910027049847,15.29014909718979,2648.54586961699,2.64854586961699,rebalance,rebalance,0.0
2006-06-08,2006-06-09,QCOM,buy,94.05142113597081,28.160615093608932,2648.54586961699,2.64854586961699,rebalance,rebalance,0.0
2006-06-09,2006-06-12,ACLS,sell,105.10102339012987,23.84000015258789,2505.6084136578397,2.5056084136578396,market_trend_exit,risk_exit,-312.21310814138417
2006-06-09,2006-06-12,AKAM,sell,87.72924222472739,29.920000076293945,2624.8589340570534,2.6248589340570536,market_trend_exit,risk_exit,1093.797607610884
2006-06-09,2006-06-12,AMD,sell,96.66225936097501,26.799999237060547,2590.5484771266792,2.590548477126679,market_trend_exit,risk_exit,-222.4487554102541
2006-06-09,2006-06-12,CACI,sell,43.554445153824396,61.7599983215332,2689.9224595955047,2.689922459595505,market_trend_exit,risk_exit,-71.64882426721783
2006-06-09,2006-06-12,CIEN,sell,84.8349112065503,29.75,2523.8386083948717,2.523838608394872,market_trend_exit,risk_exit,347.7882355524681
2006-06-09,2006-06-12,CSCO,sell,207.57940516144376,12.79125689636412,2655.2014978144794,2.6552014978144793,market_trend_exit,risk_exit,1.3518808300582004
2006-06-09,2006-06-12,CTSH,sell,197.34377622384034,13.525468138806849,2669.166957707381,2.6691669577073807,market_trend_exit,risk_exit,153.34670427535417
2006-06-09,2006-06-12,ENTG,sell,272.68501979404346,9.540761531535653,2601.6227470770477,2.6016227470770477,market_trend_exit,risk_exit,-52.17329115663617
2006-06-09,2006-06-12,GLW,sell,177.77320389895002,14.571013010895182,2590.3356670001226,2.5903356670001227,market_trend_exit,risk_exit,-470.05609215455206
2006-06-09,2006-06-12,MU,sell,173.21910027049847,15.143880371965624,2623.2093326359472,2.6232093326359474,market_trend_exit,risk_exit,-30.60829218329548
2006-06-09,2006-06-12,NTAP,sell,116.62429552991178,23.302883869315394,2717.6824150742527,2.7176824150742527,market_trend_exit,risk_exit,-62.15107373471285
2006-06-09,2006-06-12,ON,sell,448.90607233999503,5.840000152587891,2621.611530963202,2.621611530963202,market_trend_exit,risk_exit,-447.79204655253227
2006-06-09,2006-06-12,QCOM,sell,94.05142113597081,27.077999440174146,2546.7243288674003,2.5467243288674,market_trend_exit,risk_exit,-107.01681094807323
2006-06-09,2006-06-12,STX,sell,236.92778506282036,11.15938489134321,2643.968344969449,2.643968344969449,market_trend_exit,risk_exit,-327.6088130948263
2006-06-09,2006-06-12,WDC,sell,218.4728984304973,11.941784582563525,2608.9562901852796,2.60895629018528,market_trend_exit,risk_exit,-318.641395104999
2006-07-07,2006-07-10,ACLS,buy,119.62043001745984,23.559999465942383,2818.257267327152,2.818257267327152,rebalance,rebalance,0.0
2006-07-07,2006-07-10,AKAM,buy,79.4098938867366,35.4900016784668,2818.257267327152,2.818257267327152,rebalance,rebalance,0.0
2006-07-07,2006-07-10,CACI,buy,49.53000336995368,56.900001525878906,2818.257267327152,2.818257267327152,rebalance,rebalance,0.0
2006-07-07,2006-07-10,CIEN,buy,92.3413245431405,30.520000457763672,2818.257267327152,2.818257267327152,rebalance,rebalance,0.0
2006-07-07,2006-07-10,CSCO,buy,225.6427742335251,12.489907008546373,2818.257267327152,2.818257267327152,rebalance,rebalance,0.0
2006-07-07,2006-07-10,CTSH,buy,197.01450171866867,14.304821435690792,2818.257267327152,2.818257267327152,rebalance,rebalance,0.0
2006-07-07,2006-07-10,GLW,buy,195.8804415012882,14.387639958982927,2818.257267327152,2.818257267327152,rebalance,rebalance,0.0
2006-07-07,2006-07-10,HPQ,buy,312.8876051855335,9.007251232134955,2818.257267327152,2.818257267327152,rebalance,rebalance,0.0
2006-07-07,2006-07-10,INTU,buy,110.18858153909008,25.576672536866788,2818.257267327152,2.818257267327152,rebalance,rebalance,0.0
2006-07-07,2006-07-10,IT,buy,201.7363789160864,13.970000267028809,2818.257267327152,2.818257267327152,rebalance,rebalance,0.0
2006-07-07,2006-07-10,MU,buy,194.2280635751149,14.510041522589919,2818.257267327152,2.818257267327152,rebalance,rebalance,0.0
2006-07-07,2006-07-10,NTAP,buy,115.98607951129887,24.298237160887997,2818.257267327152,2.818257267327152,rebalance,rebalance,0.0
2006-07-07,2006-07-10,ORCL,buy,240.1534204226531,11.735236843044824,2818.257267327152,2.818257267327152,rebalance,rebalance,0.0
2006-07-07,2006-07-10,STX,buy,255.979654637464,11.009692435590484,2818.257267327152,2.818257267327152,rebalance,rebalance,0.0
2006-07-07,2006-07-10,VRSN,buy,151.73553517624276,18.57348223706273,2818.257267327152,2.818257267327152,rebalance,rebalance,0.0
2006-07-13,2006-07-14,ACLS,sell,119.62043001745984,22.239999771118164,2660.358336209363,2.6603583362093635,market_trend_exit,risk_exit,-163.3775467213248
2006-07-13,2006-07-14,AKAM,sell,79.4098938867366,31.309999465942383,2486.323735184264,2.486323735184264,market_trend_exit,risk_exit,-337.23811314539887
2006-07-13,2006-07-14,CACI,sell,49.53000336995368,55.0099983215332,2724.645402246686,2.724645402246686,market_trend_exit,risk_exit,-99.15476775003958
2006-07-13,2006-07-14,CIEN,sell,92.3413245431405,27.860000610351562,2572.6293581325663,2.5726293581325663,market_trend_exit,risk_exit,-251.0187958200451
2006-07-13,2006-07-14,CSCO,sell,225.6427742335251,11.553803264819658,2607.032221622267,2.607032221622267,market_trend_exit,risk_exit,-216.65033519383394
2006-07-13,2006-07-14,CTSH,sell,197.01450171866867,13.926031877070665,2743.6302311793734,2.7436302311793734,market_trend_exit,risk_exit,-80.18892364628488
2006-07-13,2006-07-14,GLW,sell,195.8804415012882,13.883390549663709,2719.4846704029396,2.71948467040294,market_trend_exit,risk_exit,-104.31033886194199
2006-07-13,2006-07-14,HPQ,sell,312.8876051855335,8.49999321264298,2659.5425203971513,2.659542520397151,market_trend_exit,risk_exit,-164.1925467177246
2006-07-13,2006-07-14,INTU,sell,110.18858153909008,25.052015912456582,2760.446098088304,2.760446098088304,market_trend_exit,risk_exit,-63.38987260426289
2006-07-13,2006-07-14,IT,sell,201.7363789160864,13.149999618530273,2652.833305790215,2.652833305790215,market_trend_exit,risk_exit,-170.89505211005422
2006-07-13,2006-07-14,MU,sell,194.2280635751149,14.041974067687988,2727.3454319390175,2.7273454319390176,market_trend_exit,risk_exit,-96.45743808740016
2006-07-13,2006-07-14,NTAP,sell,115.98607951129887,20.26560633575426,2350.5282278034756,2.350528227803476,market_trend_exit,risk_exit,-472.89782501880654
2006-07-13,2006-07-14,ORCL,sell,240.1534204226531,11.155622425270286,2679.060882372312,2.679060882372312,market_trend_exit,risk_exit,-144.69370310453888
2006-07-13,2006-07-14,STX,sell,255.979654637464,10.961405194860006,2805.8967161215683,2.8058967161215684,market_trend_exit,risk_exit,-17.98470518903215
2006-07-13,2006-07-14,VRSN,sell,151.73553517624276,18.356635632292388,2785.3539317011728,2.785353931701173,market_trend_exit,risk_exit,-38.50694682500691
2006-08-04,2006-08-07,AKAM,buy,90.42765117656482,39.029998779296875,3529.3911150360086,3.5293911150360087,rebalance,rebalance,0.0
2006-08-04,2006-08-07,CACI,buy,64.64086471923335,54.599998474121094,3529.391115036009,3.529391115036009,rebalance,rebalance,0.0
2006-08-04,2006-08-07,CDNS,buy,221.55624905350956,15.930000305175781,3529.3911150360086,3.5293911150360087,rebalance,rebalance,0.0
2006-08-04,2006-08-07,CIEN,buy,138.89772279536083,25.40999984741211,3529.391115036008,3.529391115036008,rebalance,rebalance,0.0
2006-08-04,2006-08-07,CSCO,buy,318.5559939217585,11.079342980132004,3529.3911150360086,3.5293911150360087,rebalance,rebalance,0.0
2006-08-04,2006-08-07,CTSH,buy,238.0334181770595,14.827292495588564,3529.3911150360086,3.5293911150360087,rebalance,rebalance,0.0
2006-08-04,2006-08-07,GOOGL,buy,383.00148600296666,9.215084651156342,3529.3911150360086,3.5293911150360087,rebalance,rebalance,0.0
2006-08-04,2006-08-07,HPQ,buy,399.00514551623326,8.84547769545598,3529.3911150360086,3.5293911150360087,rebalance,rebalance,0.0
2006-08-04,2006-08-07,IBM,buy,91.73216015488748,38.4749591536569,3529.3911150360086,3.5293911150360087,rebalance,rebalance,0.0
2006-08-04,2006-08-07,INTU,buy,133.65177447129523,26.407364428925156,3529.3911150360086,3.5293911150360087,rebalance,rebalance,0.0
2006-08-04,2006-08-07,IT,buy,235.29274100240056,15.0,3529.3911150360086,3.5293911150360087,rebalance,rebalance,0.0
2006-08-04,2006-08-07,MU,buy,232.0114692838221,15.212140701192952,3529.3911150360086,3.5293911150360087,rebalance,rebalance,0.0
2006-08-04,2006-08-07,NTAP,buy,160.6395608015944,21.970871293623322,3529.3911150360086,3.5293911150360087,rebalance,rebalance,0.0
2006-08-04,2006-08-07,ORCL,buy,303.6276320771343,11.62407746255253,3529.391115036008,3.529391115036008,rebalance,rebalance,0.0
2006-08-04,2006-08-07,TXN,buy,192.02145029777247,18.380191950237297,3529.3911150360086,3.5293911150360087,rebalance,rebalance,0.0
2006-09-01,2006-09-05,CDNS,sell,221.55624905350956,16.260000228881836,3602.5046603202663,3.6025046603202666,rebalance,rebalance,65.98164950890201
2006-09-01,2006-09-05,CIEN,sell,138.89772279536083,27.93000030517578,3879.413440062649,3.879413440062649,rebalance,rebalance,342.6135204715428
2006-09-01,2006-09-05,CSCO,sell,318.5559939217585,14.18898845360129,4519.987319581314,4.519987319581315,rebalance,rebalance,982.5468261106888
2006-09-01,2006-09-05,IT,sell,235.29274100240056,15.699999809265137,3694.09598885916,3.6940959888591602,rebalance,rebalance,157.48138671925673
2006-09-01,2006-09-05,AKAM,buy,42.15761170905206,40.81999969482422,1720.873697098023,1.7208736970980232,rebalance,rebalance,0.0
2006-09-01,2006-09-05,CACI,buy,37.51335267018831,52.97999954223633,1987.4574072943267,1.9874574072943267,rebalance,rebalance,0.0
2006-09-01,2006-09-05,CTSH,buy,116.81854489834069,15.251797802169918,1781.6928263332004,1.7816928263332004,rebalance,rebalance,0.0
2006-09-01,2006-09-05,GEN,buy,821.2052033193365,6.59047259887428,5412.13039052907,5.41213039052907,rebalance,rebalance,0.0
2006-09-01,2006-09-05,GOOGL,buy,191.36987513078884,9.42270237820707,1803.221377512074,1.803221377512074,rebalance,rebalance,0.0
2006-09-01,2006-09-05,HPQ,buy,141.77227665459452,10.008055382200139,1418.8647964197817,1.4188647964197818,rebalance,rebalance,0.0
2006-09-01,2006-09-05,IBM,buy,38.78054895156501,41.46822503021276,1608.1605307186792,1.6081605307186793,rebalance,rebalance,0.0
2006-09-01,2006-09-05,INTU,buy,66.3295787200644,27.06317516188757,1795.0890073153134,1.7950890073153134,rebalance,rebalance,0.0
2006-09-01,2006-09-05,MCHP,buy,568.0350323997199,9.527810930366376,5412.13039052907,5.41213039052907,rebalance,rebalance,0.0
2006-09-01,2006-09-05,MSFT,buy,300.73663398989794,17.996245813906626,5412.13039052907,5.41213039052907,rebalance,rebalance,0.0
2006-09-01,2006-09-05,MU,buy,88.61951728104586,16.879623671164182,1495.864101624285,1.495864101624285,rebalance,rebalance,0.0
2006-09-01,2006-09-05,NTAP,buy,54.954796396447335,25.10330261360954,1379.5468840093165,1.3795468840093166,rebalance,rebalance,0.0
2006-09-01,2006-09-05,ON,buy,914.2112028345085,5.920000076293945,5412.13039052907,5.41213039052907,rebalance,rebalance,0.0
2006-09-01,2006-09-05,ORCL,buy,133.3167774316757,12.386313390788322,1651.303385518711,1.651303385518711,rebalance,rebalance,0.0
2006-09-01,2006-09-05,TXN,buy,84.97007034503596,19.538974976451453,1660.2280782189773,1.6602280782189773,rebalance,rebalance,0.0
2006-10-02,2006-10-03,AKAM,sell,17.54208156909887,50.040000915527344,877.8057777779627,0.8778057777779628,rebalance,rebalance,181.58165551737613
2006-10-02,2006-10-03,CACI,sell,102.15421738942166,54.02000045776367,5518.370870139048,5.518370870139048,rebalance,rebalance,-9.512871583757791
2006-10-02,2006-10-03,GEN,sell,36.23810105048392,7.333760716550436,265.76156192642406,0.2657615619264241,rebalance,rebalance,26.430762144037647
2006-10-02,2006-10-03,MCHP,sell,568.0350323997199,8.927081815673866,5070.895208401254,5.070895208401255,rebalance,rebalance,-351.718207726745
2006-10-02,2006-10-03,MSFT,sell,0.4848433525251039,19.173110961914062,9.295955397110234,0.009295955397110233,rebalance,rebalance,0.5525739282794887
2006-10-02,2006-10-03,NTAP,sell,2.140387166034003,26.96956583913855,57.72531259560122,0.057725312595601215,rebalance,rebalance,8.88368098510555
2006-10-02,2006-10-03,ON,sell,914.2112028345085,5.789999961853027,5293.282829537415,5.293282829537415,rebalance,rebalance,-129.5529742117213
2006-10-02,2006-10-03,ORCL,sell,24.28764908367367,13.950482460224045,338.8244225418661,0.3388244225418661,rebalance,rebalance,50.22760880022601
2006-10-02,2006-10-03,AMAT,buy,449.409297830409,12.80961681521804,5756.76089840374,5.75676089840374,rebalance,rebalance,0.0
2006-10-02,2006-10-03,CSCO,buy,392.59224698565583,14.66346047993677,5756.76089840374,5.75676089840374,rebalance,rebalance,0.0
2006-10-02,2006-10-03,CTSH,buy,8.689351083767292,15.835231579438274,137.59788668649801,0.13759788668649803,rebalance,rebalance,0.0
2006-10-02,2006-10-03,GOOGL,buy,3.963428496204642,9.954028361474029,39.45207965989537,0.03945207965989537,rebalance,rebalance,0.0
2006-10-02,2006-10-03,HPQ,buy,22.363209068069636,10.222599079272593,228.61012042882916,0.22861012042882917,rebalance,rebalance,0.0
2006-10-02,2006-10-03,IBM,buy,7.140855467393607,41.82064530058318,298.63518364459816,0.2986351836445982,rebalance,rebalance,0.0
2006-10-02,2006-10-03,INTC,buy,474.35115546926863,12.136074366064653,5756.76089840374,5.75676089840374,rebalance,rebalance,0.0
2006-10-02,2006-10-03,INTU,buy,4.603879446571341,28.13869224174107,129.54714686514816,0.12954714686514818,rebalance,rebalance,0.0
2006-10-02,2006-10-03,MU,buy,17.48700174071604,17.025893615576877,297.73183129283893,0.2977318312928389,rebalance,rebalance,0.0
2006-10-02,2006-10-03,TXN,buy,9.328539387510602,20.106034127661694,187.5599312865245,0.18755993128652448,rebalance,rebalance,0.0
2006-10-30,2006-10-31,AMAT,sell,12.8423974110014,12.758434823057062,163.84889034005812,0.16384889034005812,rebalance,rebalance,-0.9856545637817636
2006-10-30,2006-10-31,CSCO,sell,33.024145066700044,15.490557463744308,511.5624168467451,0.5115624168467451,rebalance,rebalance,26.318360114574222
2006-10-30,2006-10-31,CTSH,sell,34.041046616164635,16.90411478703315,575.4337594703934,0.5754337594703934,rebalance,rebalance,64.14797806578457
2006-10-30,2006-10-31,GOOGL,sell,108.62960907069856,11.858311501425547,1288.1637426384257,1.2881637426384256,rebalance,rebalance,276.8224917736318
2006-10-30,2006-10-31,HPQ,sell,42.089877540356724,10.689765450617857,449.9309187516418,0.4499309187516418,rebalance,rebalance,62.168229912474864
2006-10-30,2006-10-31,IBM,sell,137.6535645738461,46.73411773086574,6433.1178928674535,6.433117892867454,rebalance,rebalance,985.0617587459002
2006-10-30,2006-10-31,INTC,sell,35.201128327724575,12.683388365383832,446.4695814802451,0.4464695814802451,rebalance,rebalance,18.39239723295974
2006-10-30,2006-10-31,INTU,sell,23.777337859452672,30.805681088921375,732.4770872418354,0.7324770872418355,rebalance,rebalance,97.23189557543195
2006-10-30,2006-10-31,MSFT,sell,22.821298642180693,20.076777807832244,458.1781421252455,0.4581781421252455,rebalance,rebalance,46.611566125705735
2006-10-30,2006-10-31,NTAP,sell,8.319871618872526,27.15253284555056,225.90558740220015,0.22590558740220015,rebalance,rebalance,36.0523826483127
2006-10-30,2006-10-31,ORCL,sell,34.282855889292364,14.720651393065106,504.6659703049619,0.5046659703049619,rebalance,rebalance,97.27519227341263
2006-10-30,2006-10-31,TXN,sell,286.32006003031904,18.576982133696873,5318.962639702253,5.318962639702253,rebalance,rebalance,-68.91262660350034
2006-10-30,2006-10-31,AKAM,buy,5.831604351379369,46.08000183105469,268.7203391895478,0.2687203391895478,rebalance,rebalance,0.0
2006-10-30,2006-10-31,CRM,buy,568.1898523867985,9.80290359200802,5569.9103449050535,5.569910344905054,rebalance,rebalance,0.0
2006-10-30,2006-10-31,ENTG,buy,516.9775544958878,10.773988728265685,5569.910344905054,5.569910344905055,rebalance,rebalance,0.0
2006-10-30,2006-10-31,GEN,buy,18.330798751739962,6.933804181273803,127.10216903090317,0.12710216903090318,rebalance,rebalance,0.0
2006-10-30,2006-10-31,MU,buy,58.26823881675722,14.051725220982386,818.7692809636522,0.8187692809636523,rebalance,rebalance,0.0
2006-11-28,2006-11-29,AMAT,sell,436.5669004194076,13.34365366486778,5825.397520741395,5.8253975207413955,rebalance,rebalance,221.72515993201114
2006-11-28,2006-11-29,CSCO,sell,11.960399704497775,17.343527045076396,207.4355157448809,0.2074355157448809,rebalance,rebalance,31.67185098959433
2006-11-28,2006-11-29,ENTG,sell,516.9775544958878,10.257752980325755,5303.028050391714,5.303028050391714,rebalance,rebalance,-277.75523290863674
2006-11-28,2006-11-29,MU,sell,396.3862271223412,14.354016763779542,5689.734549045411,5.6897345490454105,rebalance,rebalance,-463.8532707493359
2006-11-28,2006-11-29,NTAP,sell,205.1340984131352,29.092007911950652,5967.762814045793,5.967762814045793,rebalance,rebalance,1286.3593196517627
2006-11-28,2006-11-29,ADBE,buy,150.41774723079325,40.08000183105469,6028.743584433315,6.0287435844333155,rebalance,rebalance,0.0
2006-11-28,2006-11-29,AKAM,buy,3.943924055962512,48.29999923706055,190.49152889401407,0.19049152889401408,rebalance,rebalance,0.0
2006-11-28,2006-11-29,CRM,buy,55.08692695405523,9.672658735672796,532.8370452235115,0.5328370452235115,rebalance,rebalance,0.0
2006-11-28,2006-11-29,CTSH,buy,18.62511821222506,17.317736169554188,322.54488332607235,0.32254488332607234,rebalance,rebalance,0.0
2006-11-28,2006-11-29,FFIV,buy,162.43414554204486,37.1150016784668,6028.743584433315,6.0287435844333155,rebalance,rebalance,0.0
2006-11-28,2006-11-29,GEN,buy,7.02309595409622,7.43994491928688,52.25144706134242,0.05225144706134242,rebalance,rebalance,0.0
2006-11-28,2006-11-29,GOOGL,buy,22.049409477764527,12.259658997752085,270.318241299196,0.270318241299196,rebalance,rebalance,0.0
2006-11-28,2006-11-29,HPQ,buy,39.32124589842181,10.758466855534145,423.03632071647894,0.42303632071647895,rebalance,rebalance,0.0
2006-11-28,2006-11-29,INTC,buy,36.330479073122945,12.67926551275163,460.6437903735926,0.4606437903735926,rebalance,rebalance,0.0
2006-11-28,2006-11-29,INTU,buy,35.39140792190625,27.885120391845703,986.8936707392776,0.9868936707392776,rebalance,rebalance,0.0
2006-11-28,2006-11-29,IT,buy,320.1669468327198,18.829999923706055,6028.743584433315,6.0287435844333155,rebalance,rebalance,0.0
2006-11-28,2006-11-29,MSFT,buy,13.902009986434564,20.693686915899026,287.68384216097854,0.28768384216097853,rebalance,rebalance,0.0
2006-11-28,2006-11-29,ORCL,buy,20.41429999785953,15.117657733840513,308.6164002435815,0.3086164002435815,rebalance,rebalance,0.0
2006-11-28,2006-11-29,SWKS,buy,1124.6105025623342,5.360739180985158,6028.743584433315,6.0287435844333155,rebalance,rebalance,0.0
2006-12-27,2006-12-28,AKAM,sell,5.5591130738212655,54.279998779296875,301.7486508609916,0.30174865086099156,rebalance,rebalance,77.87579378354262
2006-12-27,2006-12-28,GOOGL,sell,491.7545900370261,11.5869458223061,5697.933792629369,5.697933792629369,rebalance,rebalance,1054.2637496382144
2006-12-27,2006-12-28,INTC,sell,475.480506214667,12.195049296237759,5798.508212687948,5.798508212687948,rebalance,rebalance,-3.2816743250439058
2006-12-27,2006-12-28,INTU,sell,216.19930270038455,26.853316718413733,5805.668349713628,5.8056683497136286,rebalance,rebalance,-12.986464952627342
2006-12-27,2006-12-28,IT,sell,0.33439575626744045,20.239999771118164,6.76817003031588,0.0067681700303158805,rebalance,rebalance,0.4584331232170295
2006-12-27,2006-12-28,ADBE,buy,4.522677606923253,41.779998779296875,188.9574648964068,0.1889574648964068,rebalance,rebalance,0.0
2006-12-27,2006-12-28,ADSK,buy,159.2474912076543,40.650001525878906,6473.410760583534,6.473410760583534,rebalance,rebalance,0.0
2006-12-27,2006-12-28,CHKP,buy,294.91619752074405,21.950000762939453,6473.410760583534,6.473410760583534,rebalance,rebalance,0.0
2006-12-27,2006-12-28,CRM,buy,93.30688894575678,9.033712387084961,842.9075984696439,0.8429075984696439,rebalance,rebalance,0.0
2006-12-27,2006-12-28,CSCO,buy,22.35623950444102,17.497409965163776,391.1762878885944,0.39117628788859443,rebalance,rebalance,0.0
2006-12-27,2006-12-28,CTSH,buy,36.06032401489881,16.84969168805583,607.6053418224406,0.6076053418224405,rebalance,rebalance,0.0
2006-12-27,2006-12-28,FFIV,buy,10.744307524006246,37.380001068115234,401.62222672351203,0.40162222672351205,rebalance,rebalance,0.0
2006-12-27,2006-12-28,GEN,buy,57.29102300907152,7.461181509108993,427.4587215132223,0.42745872151322234,rebalance,rebalance,0.0
2006-12-27,2006-12-28,HPQ,buy,7.2080589724871516,11.405282237891452,82.20994696858182,0.08220994696858182,rebalance,rebalance,0.0
2006-12-27,2006-12-28,MSFT,buy,17.087960628650535,20.988914632306326,358.65774687495764,0.35865774687495766,rebalance,rebalance,0.0
2006-12-27,2006-12-28,ORCL,buy,77.15857773995475,13.601123070229047,1049.4433117649598,1.04944331176496,rebalance,rebalance,0.0
2006-12-27,2006-12-28,STX,buy,497.00846544861975,13.024749497456495,6473.410760583534,6.473410760583534,rebalance,rebalance,0.0
2006-12-27,2006-12-28,SWKS,buy,37.15682699990384,5.572037184952309,207.03922171830416,0.20703922171830416,rebalance,rebalance,0.0
2007-01-29,2007-01-30,ADBE,sell,15.444737341381057,39.54999923706055,610.8393500682213,0.6108393500682213,rebalance,rebalance,-10.182788878989264
2007-01-29,2007-01-30,ADSK,sell,28.97465690224996,42.349998474121094,1227.076675598468,1.2270766755984681,rebalance,rebalance,46.85193178730271
2007-01-29,2007-01-30,AKAM,sell,19.403409608349875,55.25,1072.0383808613306,1.0720383808613305,rebalance,rebalance,290.61851796464725
2007-01-29,2007-01-30,CHKP,sell,59.14464093984597,23.399999618530273,1383.9845754305056,1.3839845754305056,rebalance,rebalance,83.07745218792279
2007-01-29,2007-01-30,CRM,sell,192.6628058082191,10.530319995189826,2028.8009963316642,2.028800996331664,rebalance,rebalance,157.4754098527698
2007-01-29,2007-01-30,CSCO,sell,42.66353360810956,16.85624031420642,719.1467751515169,0.7191467751515169,rebalance,rebalance,84.89354325640052
2007-01-29,2007-01-30,CTSH,sell,384.1857097701267,18.308257010531463,7033.770714244929,7.0337707142449295,rebalance,rebalance,1152.2364059183985
2007-01-29,2007-01-30,FFIV,sell,21.046799215035065,36.26499938964844,763.2621606872999,0.7632621606872999,rebalance,rebalance,-19.78061908219772
2007-01-29,2007-01-30,GEN,sell,867.6120199837603,6.211755410736155,5389.393659553848,5.389393659553848,rebalance,rebalance,-401.89236674791727
2007-01-29,2007-01-30,HPQ,sell,96.1443417637272,11.702665151115118,1125.1450378352722,1.1251450378352723,rebalance,rebalance,226.15304220006644
2007-01-29,2007-01-30,IT,sell,68.37155746849226,21.940000534057617,1500.072007373071,1.5000720073730711,rebalance,rebalance,209.84807702840962
2007-01-29,2007-01-30,MSFT,sell,51.66973097347909,21.48797901716509,1110.2780949806838,1.1102780949806839,rebalance,rebalance,163.51231051512244
2007-01-29,2007-01-30,ORCL,sell,475.94678227365824,13.751981753032268,6545.21146524177,6.5452114652417706,rebalance,rebalance,688.5173883810472
2007-01-29,2007-01-30,STX,sell,497.00846544861975,13.477578118460313,6698.470418619856,6.6984704186198565,rebalance,rebalance,211.88777685711892
2007-01-29,2007-01-30,SWKS,sell,100.05917094918823,5.196394403957905,519.9469159850291,0.5199469159850292,rebalance,rebalance,-18.177411057464525
2007-01-29,2007-01-30,IBM,buy,109.23016318316415,50.50852414091841,5517.054334053304,5.517054334053304,rebalance,rebalance,0.0
2007-01-29,2007-01-30,NTAP,buy,203.07794934567977,27.1671757166612,5517.054334053304,5.517054334053304,rebalance,rebalance,0.0
2007-01-29,2007-01-30,SNPS,buy,209.21707085594807,26.3700008392334,5517.054334053304,5.517054334053304,rebalance,rebalance,0.0
2007-01-29,2007-01-30,VRSN,buy,276.896869537561,19.924581824515418,5517.054334053304,5.517054334053304,rebalance,rebalance,0.0
2007-02-27,2007-02-28,ADBE,sell,21.908400861587424,38.209999084472656,837.1199768635154,0.8371199768635154,rebalance,rebalance,-43.772216255640934
2007-02-27,2007-02-28,ADSK,sell,16.81297855324911,39.599998474121094,665.7939250540954,0.6657939250540954,rebalance,rebalance,-19.002920318948405
2007-02-27,2007-02-28,AKAM,sell,13.335676965521188,51.93000030517578,692.5217088892409,0.6925217088892409,rebalance,rebalance,155.50764789727637
2007-02-27,2007-02-28,CHKP,sell,35.81560411279827,22.469999313354492,804.7765998219535,0.8047765998219535,rebalance,rebalance,17.033133083471032
2007-02-27,2007-02-28,CRM,sell,117.7229871501097,11.061136425266078,1302.150021257209,1.302150021257209,rebalance,rebalance,158.64919654127812
2007-02-27,2007-02-28,CSCO,sell,55.68916666080827,16.542062437009847,921.2136719681375,0.9212136719681375,rebalance,rebalance,93.33364200060261
2007-02-27,2007-02-28,FFIV,sell,29.472358638210025,36.630001068115234,1079.5725283975084,1.0795725283975084,rebalance,rebalance,-16.952592061174588
2007-02-27,2007-02-28,HPQ,sell,471.43571680572245,10.645297064644351,5018.573252280463,5.018573252280463,rebalance,rebalance,610.9398756767177
2007-02-27,2007-02-28,IBM,sell,15.942421063731217,48.1629205786448,767.8335595238005,0.7678335595238006,rebalance,rebalance,-38.96766135703969
2007-02-27,2007-02-28,IT,sell,36.68995640558839,20.920000076293945,767.5538908041307,0.7675538908041307,rebalance,rebalance,75.22358871900074
2007-02-27,2007-02-28,MSFT,sell,256.75073163679815,19.71447951474818,5061.707039250265,5.0617070392502646,rebalance,rebalance,357.6128704078735
2007-02-27,2007-02-28,NTAP,sell,203.07794934567977,27.8405015880643,5653.791971259239,5.653791971259239,rebalance,rebalance,125.56679090062246
2007-02-27,2007-02-28,SNPS,sell,33.50294616752251,25.56999969482422,856.6703232792628,0.8566703232792628,rebalance,rebalance,-28.542538316930628
2007-02-27,2007-02-28,SWKS,sell,204.81113412721515,5.243348951241013,1073.8962453284162,1.0738962453284162,rebalance,rebalance,-27.60014853467824
2007-02-27,2007-02-28,VRSN,sell,59.4951484509981,20.666856233720264,1229.5776796406226,1.2295776796406226,rebalance,rebalance,41.746732533905224
2007-02-27,2007-02-28,GOOGL,buy,402.1507113201045,11.172453481209917,4493.010114659346,4.493010114659346,rebalance,rebalance,0.0
2007-02-27,2007-02-28,ON,buy,446.17778061787476,10.069999694824219,4493.010114659346,4.493010114659346,rebalance,rebalance,0.0
2007-02-27,2007-02-28,STX,buy,342.04765078109267,13.135626291831576,4493.010114659346,4.493010114659346,rebalance,rebalance,0.0
2007-03-27,2007-03-28,ADBE,sell,117.58728663474803,42.599998474121094,5009.218231216306,5.009218231216306,rebalance,rebalance,280.75663534547334
2007-03-27,2007-03-28,ADSK,sell,113.45985575215522,37.72999954223633,4280.840305591017,4.280840305591017,rebalance,rebalance,-340.1959874751358
2007-03-27,2007-03-28,CSCO,sell,271.6112414499812,16.535661774954782,4491.271622892468,4.4912716228924685,rebalance,rebalance,453.47685276134627
2007-03-27,2007-03-28,GOOGL,sell,402.1507113201045,11.456719703999685,4607.32797835853,4.607327978358531,rebalance,rebalance,105.21752560616713
2007-03-27,2007-03-28,IT,sell,6.729833201929324,23.43000030517578,157.67999397498616,0.15767999397498617,rebalance,rebalance,30.67283254344867
2007-03-27,2007-03-28,SWKS,sell,856.8970244858347,4.711190287373441,4037.004939036866,4.037004939036866,rebalance,rebalance,-571.0237771156667
2007-03-27,2007-03-28,ADI,buy,218.93591484747608,22.264074291398497,4874.405473219503,4.874405473219503,rebalance,rebalance,0.0
2007-03-27,2007-03-28,AKAM,buy,10.55986359639246,50.209999084472656,530.2107415070216,0.5302107415070216,rebalance,rebalance,0.0
2007-03-27,2007-03-28,CDNS,buy,232.3358236212775,20.979999542236328,4874.405473219503,4.874405473219503,rebalance,rebalance,0.0
2007-03-27,2007-03-28,CHKP,buy,12.714442688708175,22.920000076293945,291.4150273952264,0.2914150273952264,rebalance,rebalance,0.0
2007-03-27,2007-03-28,CRM,buy,58.32062155567712,10.493458292656914,611.9850098963257,0.6119850098963256,rebalance,rebalance,0.0
2007-03-27,2007-03-28,CTSH,buy,242.8246192419121,20.073769654976438,4874.405473219503,4.874405473219503,rebalance,rebalance,0.0
2007-03-27,2007-03-28,FFIV,buy,22.046219838306328,33.685001373291016,742.6269455292243,0.7426269455292243,rebalance,rebalance,0.0
2007-03-27,2007-03-28,IBM,buy,7.714104197256972,48.26055810837231,372.28697386575885,0.3722869738657589,rebalance,rebalance,0.0
2007-03-27,2007-03-28,MCHP,buy,472.7558425728519,10.310619212428568,4874.405473219503,4.874405473219503,rebalance,rebalance,0.0
2007-03-27,2007-03-28,ON,buy,62.10223978484959,9.59000015258789,595.5604890127573,0.5955604890127574,rebalance,rebalance,0.0
2007-03-27,2007-03-28,SNPS,buy,8.712868006877159,26.43000030517578,230.28110408071962,0.2302811040807196,rebalance,rebalance,0.0
2007-03-27,2007-03-28,STX,buy,67.59126527719536,11.899273438478481,804.2869475860837,0.8042869475860837,rebalance,rebalance,0.0
2007-03-27,2007-03-28,TER,buy,316.58909608632905,15.396630943632772,4874.405473219503,4.874405473219503,rebalance,rebalance,0.0
2007-03-27,2007-03-28,VRSN,buy,16.19205087436768,20.86701812424505,337.8798190641283,0.3378798190641283,rebalance,rebalance,0.0
2007-04-25,2007-04-26,AKAM,sell,97.08037367256003,49.709999084472656,4825.865286383222,4.825865286383222,rebalance,rebalance,810.6991006587941
2007-04-25,2007-04-26,CHKP,sell,212.67039515680798,23.649999618530273,5029.6547643311915,5.029654764331192,rebalance,rebalance,339.49632460593415
2007-04-25,2007-04-26,CRM,sell,464.51849688395885,10.493458530120282,4874.4055835256295,4.87440558352563,rebalance,rebalance,315.82899962631194
2007-04-25,2007-04-26,IBM,sell,101.0018463166899,51.909623328070055,5242.967797738993,5.242967797738993,rebalance,rebalance,148.5275680355887
2007-04-25,2007-04-26,ACLS,buy,215.03553427565555,30.68000030517578,6597.29025720075,6.59729025720075,rebalance,rebalance,0.0
2007-04-25,2007-04-26,ADBE,buy,155.08439386969314,42.540000915527344,6597.29025720075,6.59729025720075,rebalance,rebalance,0.0
2007-04-25,2007-04-26,ADI,buy,41.9173508180904,25.29119288718805,1060.1398048602541,1.0601398048602542,rebalance,rebalance,0.0
2007-04-25,2007-04-26,CDNS,buy,65.10737594717554,22.18000030517578,1444.0816183775478,1.4440816183775478,rebalance,rebalance,0.0
2007-04-25,2007-04-26,CIEN,buy,218.38101480087852,30.209999084472656,6597.29025720075,6.59729025720075,rebalance,rebalance,0.0
2007-04-25,2007-04-26,CTSH,buy,96.46131184511245,19.444632543601077,1875.6547635019256,1.8756547635019256,rebalance,rebalance,0.0
2007-04-25,2007-04-26,FFIV,buy,23.93687854117445,39.119998931884766,936.4106629633999,0.9364106629633999,rebalance,rebalance,0.0
2007-04-25,2007-04-26,IT,buy,52.824356235666585,25.290000915527344,1335.9280175621504,1.3359280175621504,rebalance,rebalance,0.0
2007-04-25,2007-04-26,MCHP,buy,129.01150070465525,10.96319089246155,1414.3777095480734,1.4143777095480734,rebalance,rebalance,0.0
2007-04-25,2007-04-26,ON,buy,123.03963295760269,10.449999809265137,1285.7641409390005,1.2857641409390006,rebalance,rebalance,0.0
2007-04-25,2007-04-26,QCOM,buy,226.0548123752943,29.184471623846626,6597.29025720075,6.59729025720075,rebalance,rebalance,0.0
2007-04-25,2007-04-26,SNPS,buy,50.77052732759273,28.049999237060547,1424.1132528041378,1.4241132528041378,rebalance,rebalance,0.0
2007-04-25,2007-04-26,STX,buy,204.84999204158078,10.736223502554315,2199.315299054884,2.199315299054884,rebalance,rebalance,0.0
2007-04-25,2007-04-26,TER,buy,105.34681486032315,15.635763835315936,1647.177917958764,1.647177917958764,rebalance,rebalance,0.0
2007-04-25,2007-04-26,VRSN,buy,60.35987005487863,22.443301644297843,1354.6747708522616,1.3546747708522617,rebalance,rebalance,0.0
2007-05-23,2007-05-24,ADBE,sell,155.08439386969314,43.349998474121094,6722.908237611193,6.722908237611193,rebalance,rebalance,112.29778191563177
2007-05-23,2007-05-24,ADI,sell,1.5211471645908432,22.908691287722817,34.84749079680652,0.03484749079680652,rebalance,rebalance,0.17116003167279278
2007-05-23,2007-05-24,CDNS,sell,28.01192295667289,22.049999237060547,617.662879823236,0.6176628798232361,rebalance,rebalance,21.402193861327838
2007-05-23,2007-05-24,CIEN,sell,19.62023979104407,29.889999389648438,586.4489553790632,0.5864489553790633,rebalance,rebalance,-7.457647127015674
2007-05-23,2007-05-24,CTSH,sell,339.28593108702455,16.56016139466767,5618.629777741219,5.618629777741219,rebalance,rebalance,-1143.7991489946703
2007-05-23,2007-05-24,FFIV,sell,168.6423935922868,38.80500030517578,6544.168134814263,6.544168134814263,rebalance,rebalance,297.83620914944584
2007-05-23,2007-05-24,IT,sell,49.44351884540103,28.100000381469727,1389.3628984169745,1.3893628984169746,rebalance,rebalance,391.27795654521447
2007-05-23,2007-05-24,MCHP,sell,81.61043591806504,11.421475634898457,932.1116053916217,0.9321116053916216,rebalance,rebalance,77.45492229534496
2007-05-23,2007-05-24,ON,sell,84.77324063932656,10.869999885559082,921.4851160479523,0.9214851160479522,rebalance,rebalance,63.765678651096216
2007-05-23,2007-05-24,QCOM,sell,15.893066375748248,28.26851012049945,449.27330768860884,0.44927330768860885,rebalance,rebalance,-15.470541022674315
2007-05-23,2007-05-24,SNPS,sell,7.312613491443329,26.06999969482422,190.63983149029505,0.19063983149029506,rebalance,rebalance,-5.248107628084925
2007-05-23,2007-05-24,STX,sell,614.4889080998688,10.27066062814084,6311.207034850578,6.311207034850578,rebalance,rebalance,-1199.2131458458855
2007-05-23,2007-05-24,TER,sell,40.18000629157655,15.562193986489303,625.2890522878749,0.6252890522878749,rebalance,rebalance,3.007032568174238
2007-05-23,2007-05-24,VRSN,sell,27.958950379259875,22.334879719508198,624.4597938044674,0.6244597938044674,rebalance,rebalance,50.28046565337245
2007-05-23,2007-05-24,ACLS,buy,23.365726781384154,24.920000076293945,582.2739131747566,0.5822739131747565,rebalance,rebalance,0.0
2007-05-23,2007-05-24,AKAM,buy,136.38565786117547,43.560001373291016,5940.959443730002,5.940959443730002,rebalance,rebalance,0.0
2007-05-23,2007-05-24,ENTG,buy,546.0869481010136,10.879145645925712,5940.959443730003,5.940959443730003,rebalance,rebalance,0.0
2007-05-23,2007-05-24,GLW,buy,371.49356968238914,15.992092269078208,5940.959443730002,5.940959443730002,rebalance,rebalance,0.0
2007-05-23,2007-05-24,TXN,buy,272.96159730980736,21.7648178435412,5940.959443730002,5.940959443730002,rebalance,rebalance,0.0
2007-06-21,2007-06-22,ACLS,sell,238.4012610570397,25.959999084472656,6188.896518777878,6.188896518777878,rebalance,rebalance,-1004.0361122867808
2007-06-21,2007-06-22,ADI,sell,19.130161281749793,24.318146450891145,465.2100636787589,0.4652100636787589,rebalance,rebalance,29.088674184633803
2007-06-21,2007-06-22,AKAM,sell,136.38565786117547,47.66999816894531,6501.504060512637,6.501504060512637,rebalance,rebalance,548.1021532783924
2007-06-21,2007-06-22,CDNS,sell,1.3603207594840114,21.790000915527344,29.64139059456746,0.02964139059456746,rebalance,rebalance,0.6860103036609422
2007-06-21,2007-06-22,CIEN,sell,198.76077500983445,36.4900016784668,7252.78101372222,7.25278101372222,rebalance,rebalance,1234.9608388012484
2007-06-21,2007-06-22,ENTG,sell,546.0869481010136,11.424060860208106,6238.530530071285,6.238530530071285,rebalance,rebalance,285.3915963674817
2007-06-21,2007-06-22,GLW,sell,23.749263123396076,16.797590250286046,398.93039069303586,0.3989303906930359,rebalance,rebalance,18.35125270318436
2007-06-21,2007-06-22,ON,sell,15.522196953016532,11.0,170.74416648318186,0.17074416648318186,rebalance,rebalance,13.691528172447477
2007-06-21,2007-06-22,SNPS,sell,227.88490653145212,26.690000534057617,6082.248277028127,6.0822482770281265,rebalance,rebalance,-22.40062031819666
2007-06-21,2007-06-22,TER,sell,32.99564898603711,16.748658364876828,552.6328523945301,0.5526328523945301,rebalance,rebalance,41.5783762607035
2007-06-21,2007-06-22,TXN,sell,21.269320053426213,23.2079682266045,493.6177040013975,0.4936177040013975,rebalance,rebalance,29.73828680197783
2007-06-21,2007-06-22,VRSN,sell,265.9946916365493,24.311492387666906,6466.7279208817745,6.466727920881775,rebalance,rebalance,1003.5988978515965
2007-06-21,2007-06-22,ADSK,buy,124.52070757723675,46.90999984741211,5841.266373447824,5.841266373447824,rebalance,rebalance,0.0
2007-06-21,2007-06-22,CHKP,buy,249.30714030581828,23.43000030517578,5841.266373447824,5.841266373447824,rebalance,rebalance,0.0
2007-06-21,2007-06-22,CRM,buy,560.3322049025795,10.424648667951182,5841.266373447825,5.841266373447825,rebalance,rebalance,0.0
2007-06-21,2007-06-22,HPQ,buy,464.4864247475473,12.575752621021392,5841.266373447824,5.841266373447824,rebalance,rebalance,0.0
2007-06-21,2007-06-22,IBM,buy,106.84426801608211,54.67084460318078,5841.266373447824,5.841266373447824,rebalance,rebalance,0.0
2007-06-21,2007-06-22,INTC,buy,399.72053849728775,14.613375623398094,5841.266373447824,5.841266373447824,rebalance,rebalance,0.0
2007-06-21,2007-06-22,IT,buy,24.112900268434117,24.799999237060547,597.9999082604832,0.5979999082604832,rebalance,rebalance,0.0
2007-06-21,2007-06-22,MCHP,buy,11.345818746997224,10.99009673240706,124.69164553785697,0.12469164553785697,rebalance,rebalance,0.0
2007-06-21,2007-06-22,QCOM,buy,2.9145816535672395,27.41396211294463,79.90023102597581,0.07990023102597582,rebalance,rebalance,0.0
2007-07-20,2007-07-23,ADI,sell,6.003461344433958,24.29275137976474,145.84059385836233,0.14584059385836232,rebalance,rebalance,8.97635376153645
2007-07-20,2007-07-23,ADSK,sell,124.52070757723675,44.849998474121094,5584.7535448355475,5.584753544835547,rebalance,rebalance,-267.93884853055954
2007-07-20,2007-07-23,CDNS,sell,16.553465900072467,22.6200008392334,374.43941255186064,0.37443941255186064,rebalance,rebalance,22.07355553987651
2007-07-20,2007-07-23,CHKP,sell,249.30714030581828,23.530000686645508,5866.197182581532,5.866197182581532,rebalance,rebalance,13.223345577680016
2007-07-20,2007-07-23,CRM,sell,560.3322049025795,10.677769392761178,5983.098067287148,5.983098067287148,rebalance,rebalance,130.0073293985898
2007-07-20,2007-07-23,GLW,sell,26.930902717114463,17.734065240632255,477.59438577442836,0.47759438577442836,rebalance,rebalance,46.00462876584883
2007-07-20,2007-07-23,HPQ,sell,464.4864247475473,13.407692378111424,6227.691096823915,6.227691096823915,rebalance,rebalance,374.3557659058209
2007-07-20,2007-07-23,IBM,sell,106.84426801608211,59.273193718339854,6333.000995811458,6.333000995811458,rebalance,rebalance,479.56035499437576
2007-07-20,2007-07-23,INTC,sell,17.197338263907852,14.873152348223801,255.7786319830401,0.25577863198304013,rebalance,rebalance,3.960378414161671
2007-07-20,2007-07-23,IT,sell,0.04959936885279603,24.15999984741211,1.1983207439152892,0.0011983207439152893,rebalance,rebalance,0.17358974433819702
2007-07-20,2007-07-23,MCHP,sell,531.5027261064394,10.861540669047749,5772.938475314838,5.772938475314838,rebalance,rebalance,201.00180519667046
2007-07-20,2007-07-23,ON,sell,41.409251066334775,11.619999885559082,481.1754926518974,0.4811754926518974,rebalance,rebalance,62.17355221566115
2007-07-20,2007-07-23,QCOM,sell,4.433114585463187,27.268204654979506,120.88307577538482,0.12088307577538483,rebalance,rebalance,-8.637823451087785
2007-07-20,2007-07-23,TXN,sell,11.671417854839746,23.703464140519785,276.6530345912163,0.27665303459121626,rebalance,rebalance,22.096071686597185
2007-07-20,2007-07-23,CIEN,buy,145.43266843404976,39.119998931884766,5689.325833801178,5.6893258338011785,rebalance,rebalance,0.0
2007-07-20,2007-07-23,ENTG,buy,510.83703319411546,11.137261913505911,5689.325833801177,5.689325833801178,rebalance,rebalance,0.0
2007-07-20,2007-07-23,FFIV,buy,127.59196713012308,44.59000015258789,5689.325833801177,5.689325833801178,rebalance,rebalance,0.0
2007-07-20,2007-07-23,LRCX,buy,1122.7171371446059,5.067461469654571,5689.325833801177,5.689325833801178,rebalance,rebalance,0.0
2007-07-20,2007-07-23,ORCL,buy,344.32724431630476,16.523019678846172,5689.325833801177,5.689325833801178,rebalance,rebalance,0.0
2007-07-20,2007-07-23,TER,buy,3.90353144648185,16.13243559917183,62.973469669710504,0.0629734696697105,rebalance,rebalance,0.0
2007-07-20,2007-07-23,VRSN,buy,212.4454661392899,26.780170634806442,5689.325833801177,5.689325833801178,rebalance,rebalance,0.0
2007-08-03,2007-08-06,ADI,sell,234.1984958747919,22.736736807620463,5324.90956144573,5.32490956144573,market_trend_exit,risk_exit,-13.87910926580113
2007-08-03,2007-08-06,CDNS,sell,251.51748995222368,20.8799991607666,5251.684979120552,5.251684979120553,market_trend_exit,risk_exit,-101.81210496538618
2007-08-03,2007-08-06,CIEN,sell,145.43266843404976,35.900001525878906,5221.033018695028,5.221033018695028,market_trend_exit,risk_exit,-479.20317395864606
2007-08-03,2007-08-06,ENTG,sell,510.83703319411546,8.680371308367052,4434.255126189547,4.434255126189547,market_trend_exit,risk_exit,-1265.1942885716196
2007-08-03,2007-08-06,FFIV,sell,127.59196713012308,41.915000915527344,5348.017419073044,5.348017419073044,market_trend_exit,risk_exit,-352.34575798100695
2007-08-03,2007-08-06,GLW,sell,320.8134038418786,15.514025621130726,4977.107366805063,4.977107366805063,market_trend_exit,risk_exit,-163.47777351350922
2007-08-03,2007-08-06,INTC,sell,382.5232002333799,14.59668446136089,5583.570452956617,5.583570452956618,market_trend_exit,risk_exit,-17.55828238071537
2007-08-03,2007-08-06,IT,sell,235.48534229028928,21.670000076293945,5102.967385396674,5.102967385396674,market_trend_exit,risk_exit,238.38840460349627
2007-08-03,2007-08-06,LRCX,sell,1122.7171371446059,4.688228471453182,5263.554447749748,5.263554447749748,market_trend_exit,risk_exit,-436.7242663329793
2007-08-03,2007-08-06,ON,sell,489.61496470164917,11.4399995803833,5601.194990736251,5.601194990736252,market_trend_exit,risk_exit,647.0853277584445
2007-08-03,2007-08-06,ORCL,sell,344.32724431630476,15.736970221239579,5418.667590167173,5.418667590167173,market_trend_exit,risk_exit,-281.7662370579713
2007-08-03,2007-08-06,QCOM,sell,208.6432130676501,26.076828588648127,5440.7533033499,5.440753303349901,market_trend_exit,risk_exit,-654.8605371141086
2007-08-03,2007-08-06,TER,sell,352.6637871155204,13.95262309186994,4920.584899774314,4.9205848997743145,market_trend_exit,risk_exit,-543.3185288854401
2007-08-03,2007-08-06,TXN,sell,240.0208594015414,20.962908924230266,5031.53541554999,5.03153541554999,market_trend_exit,risk_exit,-202.7304136738457
2007-08-03,2007-08-06,VRSN,sell,212.4454661392899,24.494976031159652,5203.846601010446,5.203846601010446,market_trend_exit,risk_exit,-496.3724052255434
2007-08-17,2007-08-20,ADI,buy,169.69677407509417,23.981537750492667,4069.589593618696,4.069589593618696,rebalance,rebalance,0.0
2007-08-17,2007-08-20,AMAT,buy,265.6240683601767,15.320861617481436,4069.589593618696,4.069589593618696,rebalance,rebalance,0.0
2007-08-17,2007-08-20,CIEN,buy,111.28218833960418,36.56999969482422,4069.5895936186957,4.069589593618696,rebalance,rebalance,0.0
2007-08-17,2007-08-20,FFIV,buy,112.43513269598495,36.19499969482422,4069.5895936186957,4.069589593618696,rebalance,rebalance,0.0
2007-08-17,2007-08-20,GLW,buy,267.5111715277758,15.212783714328538,4069.5895936186953,4.069589593618695,rebalance,rebalance,0.0
2007-08-17,2007-08-20,GOOGL,buy,326.5190850200524,12.463558120557552,4069.5895936186957,4.069589593618696,rebalance,rebalance,0.0
2007-08-17,2007-08-20,HPQ,buy,311.1595237872865,13.07878847507406,4069.5895936186953,4.069589593618695,rebalance,rebalance,0.0
2007-08-17,2007-08-20,IBM,buy,70.87161415353168,57.421996693945765,4069.589593618696,4.069589593618696,rebalance,rebalance,0.0
2007-08-17,2007-08-20,INTC,buy,281.7309901529865,14.444948322542768,4069.5895936186957,4.069589593618696,rebalance,rebalance,0.0
2007-08-17,2007-08-20,ON,buy,366.29970471446615,11.109999656677246,4069.5895936186953,4.069589593618695,rebalance,rebalance,0.0
2007-08-17,2007-08-20,ORCL,buy,266.2577026012339,15.284401367022973,4069.5895936186957,4.069589593618696,rebalance,rebalance,0.0
2007-08-17,2007-08-20,SWKS,buy,675.3452203197896,6.025939728560843,4069.5895936186957,4.069589593618696,rebalance,rebalance,0.0
2007-08-17,2007-08-20,TXN,buy,197.46594933711796,20.609070106922626,4069.5895936186957,4.069589593618696,rebalance,rebalance,0.0
2007-08-17,2007-08-20,VRSN,buy,165.57600945691698,24.57837706662212,4069.5895936186957,4.069589593618696,rebalance,rebalance,0.0
2007-08-17,2007-08-20,WDC,buy,328.650390611588,12.382731650023496,4069.5895936186957,4.069589593618696,rebalance,rebalance,0.0
2007-08-20,2007-08-21,ADI,sell,169.69677407509417,24.127615167618128,4094.3784600701088,4.094378460070109,market_trend_exit,risk_exit,16.62489839772428
2007-08-20,2007-08-21,AMAT,sell,265.6240683601767,15.394804766254156,4089.230673623068,4.089230673623068,market_trend_exit,risk_exit,11.482259737130246
2007-08-20,2007-08-21,CIEN,sell,111.28218833960418,36.33000183105469,4042.8821061415924,4.042882106141593,market_trend_exit,risk_exit,-34.8199591768634
2007-08-20,2007-08-21,FFIV,sell,112.43513269598495,35.029998779296875,3938.602561090435,3.938602561090435,market_trend_exit,risk_exit,-138.99522468296965
2007-08-20,2007-08-21,GLW,sell,267.5111715277758,15.225879593068486,4073.0928874826045,4.073092887482605,market_trend_exit,risk_exit,-4.639388617191706
2007-08-20,2007-08-21,GOOGL,sell,326.5190850200524,12.376242626323924,4041.079418333458,4.0410794183334575,market_trend_exit,risk_exit,-36.62084429718979
2007-08-20,2007-08-21,HPQ,sell,311.1595237872865,12.882549268855083,4008.5278956632037,4.008527895663204,market_trend_exit,risk_exit,-69.13981544477308
2007-08-20,2007-08-21,IBM,sell,70.87161415353168,56.38643810691004,3996.197885004924,3.996197885004924,market_trend_exit,risk_exit,-81.4574960923954
2007-08-20,2007-08-21,INTC,sell,281.7309901529865,14.511713553595301,4088.399428270919,4.088399428270919,market_trend_exit,risk_exit,10.651845630333991
2007-08-20,2007-08-21,ON,sell,366.29970471446615,11.1899995803833,4098.893542049404,4.098893542049404,market_trend_exit,risk_exit,21.135465295039715
2007-08-20,2007-08-21,ORCL,sell,266.2577026012339,15.054134517651491,4008.2792713198205,4.008279271319821,market_trend_exit,risk_exit,-69.38819116381309
2007-08-20,2007-08-21,SWKS,sell,675.3452203197896,5.806814593678314,3921.6044811238507,3.921604481123851,market_trend_exit,risk_exit,-155.97630656958728
2007-08-20,2007-08-21,TXN,sell,197.46594933711796,20.919437856725104,4130.876655977067,4.130876655977066,market_trend_exit,risk_exit,53.086596108775744
2007-08-20,2007-08-21,VRSN,sell,165.57600945691698,24.770198867399994,4101.350681918336,4.101350681918336,market_trend_exit,risk_exit,23.59014802410367
2007-08-20,2007-08-21,WDC,sell,328.650390611588,12.44313351283123,4089.440689424125,4.0894406894241255,market_trend_exit,risk_exit,11.692065522386507
2007-09-17,2007-09-18,ADI,buy,199.95739030862322,22.62851715442337,4524.73923675241,4.52473923675241,rebalance,rebalance,0.0
2007-09-17,2007-09-18,ADSK,buy,95.25766814215599,47.5,4524.73923675241,4.52473923675241,rebalance,rebalance,0.0
2007-09-17,2007-09-18,AMAT,buy,298.501511104573,15.158178663850292,4524.73923675241,4.52473923675241,rebalance,rebalance,0.0
2007-09-17,2007-09-18,CIEN,buy,120.7885570565306,37.459999084472656,4524.73923675241,4.52473923675241,rebalance,rebalance,0.0
2007-09-17,2007-09-18,CSCO,buy,223.46586292670784,20.248010937744127,4524.73923675241,4.52473923675241,rebalance,rebalance,0.0
2007-09-17,2007-09-18,GEN,buy,655.574297267755,6.9019472783027345,4524.73923675241,4.52473923675241,rebalance,rebalance,0.0
2007-09-17,2007-09-18,GOOGL,buy,346.4480507794359,13.060368579279606,4524.73923675241,4.52473923675241,rebalance,rebalance,0.0
2007-09-17,2007-09-18,HPQ,buy,330.5162363638491,13.689915165835746,4524.73923675241,4.52473923675241,rebalance,rebalance,0.0
2007-09-17,2007-09-18,IBM,buy,75.98869399268354,59.54490068204183,4524.73923675241,4.52473923675241,rebalance,rebalance,0.0
2007-09-17,2007-09-18,INTC,buy,298.80238354537823,15.142915471640643,4524.73923675241,4.52473923675241,rebalance,rebalance,0.0
2007-09-17,2007-09-18,ON,buy,383.45247149276736,11.800000190734863,4524.73923675241,4.52473923675241,rebalance,rebalance,0.0
2007-09-17,2007-09-18,ORCL,buy,283.80001842108413,15.943407128462177,4524.73923675241,4.52473923675241,rebalance,rebalance,0.0
2007-09-17,2007-09-18,SWKS,buy,675.4383333300492,6.698967194302579,4524.73923675241,4.52473923675241,rebalance,rebalance,0.0
2007-09-17,2007-09-18,VRSN,buy,169.27486786565743,26.730130076624278,4524.73923675241,4.52473923675241,rebalance,rebalance,0.0
2007-09-17,2007-09-18,WDC,buy,339.7210408929699,13.318984378650667,4524.73923675241,4.52473923675241,rebalance,rebalance,0.0
2007-10-15,2007-10-16,ADI,sell,199.95739030862322,22.79447408042458,4557.923550579253,4.557923550579253,rebalance,rebalance,24.101651039511836
2007-10-15,2007-10-16,AMAT,sell,298.501511104573,15.320851104673947,4573.29720615334,4.57329720615334,rebalance,rebalance,39.459932958024886
2007-10-15,2007-10-16,ORCL,sell,283.80001842108413,17.467881125965338,4957.384985326271,4.957384985326271,rebalance,rebalance,423.1636243517827
2007-10-15,2007-10-16,ADSK,buy,29.159773251693593,49.970001220703125,1457.1139049825551,1.4571139049825552,rebalance,rebalance,0.0
2007-10-15,2007-10-16,CIEN,buy,18.45308876343654,44.650001525878906,823.9304414446204,0.8239304414446205,rebalance,rebalance,0.0
2007-10-15,2007-10-16,CSCO,buy,75.72019354512028,20.780178634136448,1573.479148078985,1.573479148078985,rebalance,rebalance,0.0
2007-10-15,2007-10-16,FFIV,buy,149.99130479838695,41.45000076293945,6217.1396983274235,6.217139698327424,rebalance,rebalance,0.0
2007-10-15,2007-10-16,GEN,buy,198.34980100771372,7.280670156613646,1444.1194767671166,1.4441194767671166,rebalance,rebalance,0.0
2007-10-15,2007-10-16,GOOGL,buy,58.796754281079814,15.34168882781609,902.0415082658901,0.9020415082658901,rebalance,rebalance,0.0
2007-10-15,2007-10-16,HPQ,buy,109.13204513634884,14.141166837074568,1543.254457544261,1.543254457544261,rebalance,rebalance,0.0
2007-10-15,2007-10-16,IBM,buy,25.750532633748676,61.10858028394122,1573.5784908036794,1.5735784908036794,rebalance,rebalance,0.0
2007-10-15,2007-10-16,INTC,buy,99.47054171337072,15.610249414489543,1552.759965540103,1.552759965540103,rebalance,rebalance,0.0
2007-10-15,2007-10-16,ON,buy,114.7157918382228,12.479999542236328,1431.6530296282983,1.4316530296282983,rebalance,rebalance,0.0
2007-10-15,2007-10-16,STX,buy,474.04656272180006,13.115040140004194,6217.1396983274235,6.217139698327424,rebalance,rebalance,0.0
2007-10-15,2007-10-16,SWKS,buy,210.21578010215296,7.019828174493487,1475.6786558842207,1.4756786558842208,rebalance,rebalance,0.0
2007-10-15,2007-10-16,TXN,buy,292.1658144435206,21.279490587114104,6217.139698327423,6.217139698327423,rebalance,rebalance,0.0
2007-10-15,2007-10-16,VRSN,buy,53.379967416759115,27.92276974556412,1490.51653920388,1.4905165392038802,rebalance,rebalance,0.0
2007-10-15,2007-10-16,WDC,buy,70.01906865756445,15.173373446761984,1062.4254771356925,1.0624254771356925,rebalance,rebalance,0.0
2007-11-08,2007-11-09,ADSK,sell,124.41744139384959,46.5099983215332,5786.6549903974,5.7866549903974,market_trend_exit,risk_exit,-206.9666594696968
2007-11-08,2007-11-09,CIEN,sell,139.24164581996715,45.130001068115234,6283.9756245812405,6.283975624581241,market_trend_exit,risk_exit,923.6733010814319
2007-11-08,2007-11-09,CSCO,sell,299.1860564718281,18.63227361023898,5574.516464551512,5.574516464551513,market_trend_exit,risk_exit,-535.3746551292658
2007-11-08,2007-11-09,FFIV,sell,149.99130479838695,34.38999938964844,5158.2008804690995,5.158200880469099,market_trend_exit,risk_exit,-1070.3141584371192
2007-11-08,2007-11-09,GEN,sell,853.9240982754687,6.048936995762748,5165.333069631827,5.165333069631827,market_trend_exit,risk_exit,-814.6598356708497
2007-11-08,2007-11-09,GOOGL,sell,405.2448050605157,16.762767893244447,6793.024607172518,6.7930246071725175,market_trend_exit,risk_exit,1354.0240568020272
2007-11-08,2007-11-09,HPQ,sell,439.6482815001979,13.61516397729879,5985.883444962813,5.985883444962813,market_trend_exit,risk_exit,-94.16412647311681
2007-11-08,2007-11-09,IBM,sell,101.73922662643221,54.51837476531424,5546.6572855530685,5.546657285553069,market_trend_exit,risk_exit,-563.3054170161296
2007-11-08,2007-11-09,INTC,sell,398.27292525874896,15.456934203240575,6156.078400656634,6.156078400656634,market_trend_exit,risk_exit,66.34562076117331
2007-11-08,2007-11-09,ON,sell,498.16826333099016,8.649999618530273,4309.155287776954,4.309155287776954,market_trend_exit,risk_exit,-1657.502526157911
2007-11-08,2007-11-09,STX,sell,474.04656272180006,13.470652436528315,6385.716485156288,6.385716485156289,market_trend_exit,risk_exit,155.97393064538247
2007-11-08,2007-11-09,SWKS,sell,885.6541134322022,6.5346232708255085,5787.415979536403,5.787415979536403,market_trend_exit,risk_exit,-224.78974697240008
2007-11-08,2007-11-09,TXN,sell,292.1658144435206,19.459946279649603,5685.531053820985,5.685531053820985,market_trend_exit,risk_exit,-543.5113152585853
2007-11-08,2007-11-09,VRSN,sell,222.65483528241654,26.988675962479462,6009.15920091638,6.00915920091638,market_trend_exit,risk_exit,-18.120990016782386
2007-11-08,2007-11-09,WDC,sell,409.7401095505343,15.7653227839378,6459.685084590209,6.459685084590209,market_trend_exit,risk_exit,860.4735209036273
2007-12-11,2007-12-12,AAPL,buy,536.4221916032069,5.785715275793624,3103.5860682333687,3.1035860682333687,rebalance,rebalance,0.0
2007-12-11,2007-12-12,CIEN,buy,72.71757371231786,42.68000030517578,3103.5860682333687,3.1035860682333687,rebalance,rebalance,0.0
2007-12-11,2007-12-12,CRM,buy,217.06976310506133,14.297643411216326,3103.5860682333687,3.1035860682333687,rebalance,rebalance,0.0
2007-12-11,2007-12-12,CSCO,buy,167.37681380365393,18.54250895153326,3103.5860682333687,3.1035860682333687,rebalance,rebalance,0.0
2007-12-11,2007-12-12,GOOGL,buy,175.2367204575016,17.710820312835345,3103.5860682333687,3.1035860682333687,rebalance,rebalance,0.0
2007-12-11,2007-12-12,HPQ,buy,216.00371736003706,14.36820674275842,3103.5860682333687,3.1035860682333687,rebalance,rebalance,0.0
2007-12-11,2007-12-12,INTC,buy,185.636771306111,16.718595386016613,3103.5860682333687,3.1035860682333687,rebalance,rebalance,0.0
2007-12-11,2007-12-12,LDOS,buy,120.99020270451248,25.651548628388376,3103.5860682333687,3.1035860682333687,rebalance,rebalance,0.0
2007-12-11,2007-12-12,MRVL,buy,243.08133958515225,12.767685390947797,3103.5860682333687,3.1035860682333687,rebalance,rebalance,0.0
2007-12-11,2007-12-12,MSFT,buy,125.86391561324878,24.65826724928838,3103.5860682333687,3.1035860682333687,rebalance,rebalance,0.0
2007-12-11,2007-12-12,ORCL,buy,182.57003429513142,16.999427535935627,3103.5860682333687,3.1035860682333687,rebalance,rebalance,0.0
2007-12-11,2007-12-12,STX,buy,222.70532924572527,13.935841044957575,3103.5860682333687,3.1035860682333687,rebalance,rebalance,0.0
2007-12-11,2007-12-12,SWKS,buy,432.0032959025513,7.184172198846966,3103.5860682333687,3.1035860682333687,rebalance,rebalance,0.0
2007-12-11,2007-12-12,VRSN,buy,95.73619686060299,32.41810485486859,3103.5860682333687,3.1035860682333687,rebalance,rebalance,0.0
2007-12-11,2007-12-12,WDC,buy,166.76681765177122,18.6103333500914,3103.5860682333687,3.1035860682333687,rebalance,rebalance,0.0
2007-12-14,2007-12-17,AAPL,sell,536.4221916032069,5.704364665613628,3059.9477956323567,3.0599477956323566,market_trend_exit,risk_exit,-49.801806464876805
2007-12-14,2007-12-17,CIEN,sell,72.71757371231786,35.43000030517578,2576.3836588190643,2.5763836588190645,market_trend_exit,risk_exit,-532.8823791413563
2007-12-14,2007-12-17,CRM,sell,217.06976310506133,14.499156291324399,3147.3284213810466,3.147328421381047,market_trend_exit,risk_exit,37.491438658063856
2007-12-14,2007-12-17,CSCO,sell,167.37681380365393,18.33092747459859,3068.172234764172,3.0681722347641722,market_trend_exit,risk_exit,-41.585591772193666
2007-12-14,2007-12-17,GOOGL,sell,175.2367204575016,17.06589029733488,2990.5706473924615,2.9905706473924614,market_trend_exit,risk_exit,-119.10957755653216
2007-12-14,2007-12-17,HPQ,sell,216.00371736003706,14.36542542876757,3102.985294072199,3.102985294072199,market_trend_exit,risk_exit,-6.807345523474769
2007-12-14,2007-12-17,INTC,sell,185.636771306111,15.987201786936135,2967.812521946112,2.967812521946112,market_trend_exit,risk_exit,-141.84494487743507
2007-12-14,2007-12-17,LDOS,sell,120.99020270451248,24.450673573833956,2958.2919519600373,2.9582919519600375,market_trend_exit,risk_exit,-151.35599429352473
2007-12-14,2007-12-17,MRVL,sell,243.08133958515225,12.044182913756964,2927.716116884645,2.9277161168846453,market_trend_exit,risk_exit,-181.9012535338412
2007-12-14,2007-12-17,MSFT,sell,125.86391561324878,24.95750228776585,3141.248961864824,3.1412489618648243,market_trend_exit,risk_exit,31.418058601357544
2007-12-14,2007-12-17,ORCL,sell,182.57003429513142,16.792981692710047,3065.8952435555875,3.0658952435555875,market_trend_exit,risk_exit,-43.86030598956988
2007-12-14,2007-12-17,STX,sell,222.70532924572527,13.678503833863452,3046.2756999094754,3.0462756999094753,market_trend_exit,risk_exit,-63.46023009203599
2007-12-14,2007-12-17,SWKS,sell,432.0032959025513,6.863310564782744,2964.9727847889467,2.9649727847889467,market_trend_exit,risk_exit,-144.68184229744386
2007-12-14,2007-12-17,VRSN,sell,95.73619686060299,30.1829481971322,2889.6006704340302,2.8896006704340302,market_trend_exit,risk_exit,-219.9785845380052
2007-12-14,2007-12-17,WDC,sell,166.76681765177122,17.84926027064511,2976.664332773678,2.976664332773678,market_trend_exit,risk_exit,-133.00198586069774
2008-05-06,2008-05-07,ADI,buy,150.466504484257,22.171103058148237,3336.0083777197856,3.3360083777197858,rebalance,rebalance,0.0
2008-05-06,2008-05-07,AMAT,buy,233.08664923278923,14.312309987295903,3336.008377719786,3.336008377719786,rebalance,rebalance,0.0
2008-05-06,2008-05-07,CRM,buy,193.18189232157638,17.268742621935633,3336.008377719786,3.336008377719786,rebalance,rebalance,0.0
2008-05-06,2008-05-07,GEN,buy,481.6141508854589,6.926724166194985,3336.008377719786,3.336008377719786,rebalance,rebalance,0.0
2008-05-06,2008-05-07,GLW,buy,186.75639454955444,17.862887028666645,3336.008377719786,3.336008377719786,rebalance,rebalance,0.0
2008-05-06,2008-05-07,IBM,buy,51.87834889276482,64.3044439331615,3336.008377719786,3.336008377719786,rebalance,rebalance,0.0
2008-05-06,2008-05-07,IT,buy,142.7474650372848,23.3700008392334,3336.008377719786,3.336008377719786,rebalance,rebalance,0.0
2008-05-06,2008-05-07,LDOS,buy,139.18677061894707,23.967855298926416,3336.008377719786,3.336008377719786,rebalance,rebalance,0.0
2008-05-06,2008-05-07,MCHP,buy,303.5536449611969,10.989847867404874,3336.008377719786,3.336008377719786,rebalance,rebalance,0.0
2008-05-06,2008-05-07,ORCL,buy,196.05936544889144,17.01529722939664,3336.008377719786,3.336008377719786,rebalance,rebalance,0.0
2008-05-06,2008-05-07,QCOM,buy,117.03962920074373,28.503237753752106,3336.008377719786,3.336008377719786,rebalance,rebalance,0.0
2008-05-06,2008-05-07,TER,buy,260.94085835840286,12.784538223361597,3336.008377719786,3.336008377719786,rebalance,rebalance,0.0
2008-05-06,2008-05-07,TXN,buy,179.47523450235138,18.587569404602615,3336.008377719786,3.336008377719786,rebalance,rebalance,0.0
2008-05-06,2008-05-07,VRSN,buy,106.09935354875431,31.44230634908476,3336.008377719786,3.336008377719786,rebalance,rebalance,0.0
2008-05-06,2008-05-07,WDC,buy,186.83580390658813,17.85529490582909,3336.008377719786,3.336008377719786,rebalance,rebalance,0.0
2008-05-07,2008-05-08,ADI,sell,150.466504484257,22.048288040457457,3317.528831309682,3.3175288313096822,market_trend_exit,risk_exit,-25.133083619132822
2008-05-07,2008-05-08,AMAT,sell,233.08664923278923,14.386730751120142,3353.354864192923,3.353354864192923,market_trend_exit,risk_exit,10.657123231224269
2008-05-07,2008-05-08,CRM,sell,193.18189232157638,16.5757322130394,3202.1313155306625,3.2021313155306625,market_trend_exit,risk_exit,-140.41520188237345
2008-05-07,2008-05-08,GEN,sell,481.6141508854589,6.983357822644603,3363.2839480823077,3.363283948082308,market_trend_exit,risk_exit,20.576278036719646
2008-05-07,2008-05-08,GLW,sell,186.75639454955444,17.36852662369698,3243.683410879594,3.2436834108795938,market_trend_exit,risk_exit,-98.90465862879103
2008-05-07,2008-05-08,IBM,sell,51.87834889276482,65.04815911649516,3374.591093477616,3.3745910934776164,market_trend_exit,risk_exit,31.87211628663334
2008-05-07,2008-05-08,IT,sell,142.7474650372848,24.65999984741211,3520.1524660379087,3.5201524660379087,market_trend_exit,risk_exit,177.28792747436503
2008-05-07,2008-05-08,LDOS,sell,139.18677061894707,23.831672121665523,3317.053481064215,3.3170534810642147,market_trend_exit,risk_exit,-25.607958514354983
2008-05-07,2008-05-08,MCHP,sell,303.5536449611969,11.122900905505526,3376.3971124083996,3.3763971124084,market_trend_exit,risk_exit,33.67632919848616
2008-05-07,2008-05-08,ORCL,sell,196.05936544889144,16.79297783844832,3292.420579003474,3.292420579003474,market_trend_exit,risk_exit,-50.216227673034965
2008-05-07,2008-05-08,QCOM,sell,117.03962920074373,28.086998865842034,3287.291932619861,3.287291932619861,market_trend_exit,risk_exit,-55.339745410264186
2008-05-07,2008-05-08,TER,sell,260.94085835840286,12.720157974548874,3319.2089403332666,3.3192089403332665,market_trend_exit,risk_exit,-23.454654704572405
2008-05-07,2008-05-08,TXN,sell,179.47523450235138,18.53742702542872,3327.0090624590457,3.327009062459046,market_trend_exit,risk_exit,-15.66233270091933
2008-05-07,2008-05-08,VRSN,sell,106.09935354875431,30.80011676467858,3267.8724779585473,3.2678724779585475,market_trend_exit,risk_exit,-74.73978061691673
2008-05-07,2008-05-08,WDC,sell,186.83580390658813,18.096903858694148,3381.149580659358,3.381149580659358,market_trend_exit,risk_exit,38.42404498119289
2009-06-16,2009-06-17,AKAM,buy,123.09750443156258,21.389999389648438,2633.0555446583694,2.6330555446583697,rebalance,rebalance,0.0
2009-06-16,2009-06-17,CDNS,buy,440.3102903445012,5.980000019073486,2633.0555446583694,2.6330555446583697,rebalance,rebalance,0.0
2009-06-16,2009-06-17,CIEN,buy,263.04250593933244,10.010000228881836,2633.0555446583694,2.6330555446583697,rebalance,rebalance,0.0
2009-06-16,2009-06-17,CRM,buy,266.86014041906833,9.86679966713465,2633.0555446583694,2.6330555446583697,rebalance,rebalance,0.0
2009-06-16,2009-06-17,CTSH,buy,236.0477630626524,11.154757454572858,2633.0555446583694,2.6330555446583697,rebalance,rebalance,0.0
2009-06-16,2009-06-17,GLW,buy,253.3044006004995,10.394827481939835,2633.0555446583694,2.6330555446583697,rebalance,rebalance,0.0
2009-06-16,2009-06-17,GOOGL,buy,255.05147452641077,10.323624082344658,2633.0555446583694,2.6330555446583697,rebalance,rebalance,0.0
2009-06-16,2009-06-17,IBM,buy,45.85340936629796,57.423331897183914,2633.0555446583694,2.6330555446583697,rebalance,rebalance,0.0
2009-06-16,2009-06-17,MRVL,buy,258.86360405062186,10.171594242902778,2633.0555446583694,2.6330555446583697,rebalance,rebalance,0.0
2009-06-16,2009-06-17,MU,buy,526.352892931997,5.002452879077367,2633.0555446583694,2.6330555446583697,rebalance,rebalance,0.0
2009-06-16,2009-06-17,NTAP,buy,186.40877918147103,14.12516919117345,2633.0555446583694,2.6330555446583697,rebalance,rebalance,0.0
2009-06-16,2009-06-17,ON,buy,400.76947882218093,6.570000171661377,2633.0555446583694,2.6330555446583697,rebalance,rebalance,0.0
2009-06-16,2009-06-17,SWKS,buy,347.576406030271,7.575472612571557,2633.0555446583694,2.6330555446583697,rebalance,rebalance,0.0
2009-06-16,2009-06-17,TER,buy,422.8644088430885,6.226713550715053,2633.0555446583694,2.6330555446583697,rebalance,rebalance,0.0
2009-06-16,2009-06-17,WDC,buy,180.72579587731008,14.569339876892176,2633.0555446583694,2.6330555446583697,rebalance,rebalance,0.0
2009-07-15,2009-07-16,CDNS,sell,6.651207858047087,5.75,38.24444518377075,0.03824444518377075,rebalance,rebalance,-1.6077966025143018
2009-07-15,2009-07-16,CIEN,sell,12.687112892463887,9.960000038146973,126.36364489291526,0.12636364489291527,rebalance,rebalance,-0.8877197123482579
2009-07-15,2009-07-16,CRM,sell,8.673967838154283,9.65791351012669,83.77243117051465,0.08377243117051465,rebalance,rebalance,-1.9812285418714304
2009-07-15,2009-07-16,CTSH,sell,236.0477630626524,12.169219791464942,2872.5171099930567,2.8725171099930566,rebalance,rebalance,233.95599268003622
2009-07-15,2009-07-16,GLW,sell,20.33990240187248,10.703518105025184,217.70851361288732,0.21770851361288732,rebalance,rebalance,5.849598855849378
2009-07-15,2009-07-16,GOOGL,sell,255.05147452641077,10.831879011868713,2762.6867138687967,2.762686713868797,rebalance,rebalance,124.23542695190054
2009-07-15,2009-07-16,IBM,sell,45.85340936629796,57.092034330395386,2617.8644217063566,2.6178644217063565,rebalance,rebalance,-20.44204291837721
2009-07-15,2009-07-16,MRVL,sell,28.011570814475135,10.801463124850978,302.565949221705,0.30256594922170504,rebalance,rebalance,17.056128508873428
2009-07-15,2009-07-16,MU,sell,67.26551498410737,5.431514443814985,365.35361620683244,0.36535361620683243,rebalance,rebalance,28.15920092666111
2009-07-15,2009-07-16,NTAP,sell,23.858219331042562,15.340086964889887,365.9871593656099,0.3659871593656099,rebalance,rebalance,28.28278617049202
2009-07-15,2009-07-16,ON,sell,59.18870359673588,7.300000190734863,432.0775475455212,0.43207754754552125,rebalance,rebalance,42.38680741421566
2009-07-15,2009-07-16,SWKS,sell,62.579320390782925,8.749351659866996,547.5284807344451,0.5475284807344452,rebalance,rebalance,72.43895659226021
2009-07-15,2009-07-16,TER,sell,49.43423806462823,6.677392239355022,330.0917976111772,0.3300917976111772,rebalance,rebalance,21.64105294724525
2009-07-15,2009-07-16,WDC,sell,30.82985077232067,16.635137945530133,512.858820437663,0.512858820437663,rebalance,rebalance,62.726216787163025
2009-07-15,2009-07-16,AKAM,buy,4.710783371826224,19.510000228881836,91.90738466254238,0.09190738466254239,rebalance,rebalance,0.0
2009-07-15,2009-07-16,FFIV,buy,71.53011132067114,34.86000061035156,2493.539724297111,2.4935397242971113,rebalance,rebalance,0.0
2009-07-15,2009-07-16,STX,buy,443.9899873467409,5.616207111332316,2493.539724297111,2.4935397242971113,rebalance,rebalance,0.0
2009-07-15,2009-07-16,TXN,buy,179.4776787951976,13.893313870759913,2493.539724297111,2.4935397242971113,rebalance,rebalance,0.0
2009-08-12,2009-08-13,AKAM,sell,127.80828780338881,18.579999923706055,2374.6779776359654,2.374677977635965,rebalance,rebalance,-355.38459259190313
2009-08-12,2009-08-13,CDNS,sell,433.6590824864541,5.829999923706055,2528.232417810465,2.528232417810465,rebalance,rebalance,-70.1704174692716
2009-08-12,2009-08-13,ADBE,buy,143.598157471535,33.31999969482422,4784.6905631288655,4.784690563128866,rebalance,rebalance,0.0
2009-08-12,2009-08-13,CIEN,buy,148.7013754657012,11.989999771118164,1782.9294577987137,1.7829294577987136,rebalance,rebalance,0.0
2009-08-12,2009-08-13,CRM,buy,146.761241908022,11.815584917778486,1734.0699164028645,1.7340699164028646,rebalance,rebalance,0.0
2009-08-12,2009-08-13,CTSH,buy,315.69577368150897,15.156017159595937,4784.6905631288655,4.784690563128866,rebalance,rebalance,0.0
2009-08-12,2009-08-13,FFIV,buy,57.75091489177889,37.0099983215332,2137.361263211744,2.137361263211744,rebalance,rebalance,0.0
2009-08-12,2009-08-13,GLW,buy,205.80315136963637,10.90483896849935,2244.250224895581,2.2442502248955813,rebalance,rebalance,0.0
2009-08-12,2009-08-13,MRVL,buy,174.7216426872044,11.797340032574299,2061.250629830899,2.0612506298308992,rebalance,rebalance,0.0
2009-08-12,2009-08-13,MU,buy,256.1726903188581,6.689441750499725,1713.652289956806,1.713652289956806,rebalance,rebalance,0.0
2009-08-12,2009-08-13,NTAP,buy,111.9071608738262,17.433251833844395,1950.9057175239502,1.9509057175239504,rebalance,rebalance,0.0
2009-08-12,2009-08-13,ON,buy,267.1584718296959,7.860000133514404,2099.8656242509137,2.099865624250914,rebalance,rebalance,0.0
2009-08-12,2009-08-13,STX,buy,288.65419207698324,6.530715315164803,1885.1183529836774,1.8851183529836775,rebalance,rebalance,0.0
2009-08-12,2009-08-13,SWKS,buy,252.7267385993033,8.89804458618164,2248.7737881768735,2.2487737881768735,rebalance,rebalance,0.0
2009-08-12,2009-08-13,TER,buy,276.0278390351996,7.3672054094793165,2033.5537889070083,2.0335537889070086,rebalance,rebalance,0.0
2009-08-12,2009-08-13,TXN,buy,127.4742527003136,15.587751931767324,1987.0370287799092,1.9870370287799093,rebalance,rebalance,0.0
2009-08-12,2009-08-13,WDC,buy,93.75851455371512,19.63719674916253,1841.1543972005222,1.8411543972005222,rebalance,rebalance,0.0
2009-09-10,2009-09-11,ADBE,sell,41.89337582603224,34.11000061035156,1428.983074995647,1.4289830749956471,rebalance,rebalance,30.27093491236262
2009-09-10,2009-09-11,CIEN,sell,177.6687565717142,15.670000076293945,2784.069429033812,2.784069429033812,rebalance,rebalance,869.8254713696523
2009-09-10,2009-09-11,CRM,sell,404.94741448893603,13.941309079529727,5645.497066346692,5.645497066346692,rebalance,rebalance,1354.0288700392657
2009-09-10,2009-09-11,CTSH,sell,103.10585231455232,16.318507207195335,1682.5335940990399,1.68253359409904,rebalance,rebalance,116.6143195038875
2009-09-10,2009-09-11,FFIV,sell,41.02994397359598,39.310001373291016,1612.8871539481113,1.6128871539481113,rebalance,rebalance,140.09462624682416
2009-09-10,2009-09-11,GLW,sell,438.7676495682634,10.979307897992397,4817.365120288395,4.817365120288395,rebalance,rebalance,142.00588608802676
2009-09-10,2009-09-11,MRVL,sell,161.81172792533036,14.231713327266073,2302.8581248228757,2.3028581248228757,rebalance,rebalance,539.5842003140567
2009-09-10,2009-09-11,MU,sell,282.4618044693848,8.015628652401515,2264.108933113835,2.2641089331138353,rebalance,rebalance,676.5957334585386
2009-09-10,2009-09-11,NTAP,sell,82.6289385876502,18.084617570752922,1494.3127546348828,1.494312754634883,rebalance,rebalance,212.93931235644476
2009-09-10,2009-09-11,ON,sell,225.40774529944042,9.050000190734863,2039.9401379530514,2.0399401379530513,rebalance,rebalance,427.7493594658646
2009-09-10,2009-09-11,STX,sell,284.11818542935083,7.734557663222728,2197.5284883735217,2.1975284883735218,rebalance,rebalance,495.59665652981914
2009-09-10,2009-09-11,SWKS,sell,537.7238242387914,11.402331287357232,6131.305185075352,6.131305185075352,rebalance,rebalance,1713.0047133836504
2009-09-10,2009-09-11,TER,sell,213.40756989976825,7.955846036272401,1697.8377690975967,1.6978377690975968,rebalance,rebalance,262.43620688242305
2009-09-10,2009-09-11,TXN,sell,91.26427719852245,16.084138776097788,1467.907299761292,1.467907299761292,rebalance,rebalance,132.92272942380438
2009-09-10,2009-09-11,WDC,sell,83.22742456772485,21.624473468803956,1799.7492344416487,1.7997492344416488,rebalance,rebalance,421.7027525212354
2009-09-10,2009-09-11,AAPL,buy,670.7982109211331,5.171674741409896,3469.1501640037714,3.4691501640037714,rebalance,rebalance,0.0
2009-09-10,2009-09-11,ADSK,buy,146.3159130307883,23.709999084472656,3469.1501640037714,3.4691501640037714,rebalance,rebalance,0.0
2009-09-10,2009-09-11,AMD,buy,631.9035170555571,5.489999771118164,3469.1501640037714,3.4691501640037714,rebalance,rebalance,0.0
2009-10-08,2009-10-09,ADBE,sell,101.70478164550275,34.08000183105469,3466.099144705751,3.4660991447057508,rebalance,rebalance,70.44094887734
2009-10-08,2009-10-09,ADSK,sell,146.3159130307883,23.8700008392334,3492.5609668381176,3.4925609668381177,rebalance,rebalance,16.449091703504703
2009-10-08,2009-10-09,AAPL,buy,26.175535499146235,5.652025034247984,147.94478192602134,0.14794478192602134,rebalance,rebalance,0.0
2009-10-08,2009-10-09,ADI,buy,220.180430028348,17.891295164033618,3939.3130629810253,3.9393130629810256,rebalance,rebalance,0.0
2009-10-08,2009-10-09,AMD,buy,83.03530315215892,5.510000228881836,457.5245393736683,0.4575245393736683,rebalance,rebalance,0.0
2009-10-08,2009-10-09,CIEN,buy,83.0411372650625,12.9399995803833,1074.552281364461,1.074552281364461,rebalance,rebalance,0.0
2009-10-08,2009-10-09,CRM,buy,265.00014995370196,14.865323901398776,3939.3130629810257,3.939313062981026,rebalance,rebalance,0.0
2009-10-08,2009-10-09,CTSH,buy,21.62510377581117,16.819215849110375,363.7172881647798,0.36371728816477983,rebalance,rebalance,0.0
2009-10-08,2009-10-09,FFIV,buy,9.039925409486258,40.4900016784668,366.0265950033133,0.3660265950033133,rebalance,rebalance,0.0
2009-10-08,2009-10-09,MRVL,buy,65.807658726347,12.725128621843297,837.410921595134,0.8374109215951341,rebalance,rebalance,0.0
2009-10-08,2009-10-09,MU,buy,61.66353604003882,7.966870371536133,491.2653982815358,0.4912653982815358,rebalance,rebalance,0.0
2009-10-08,2009-10-09,NTAP,buy,0.471945013334647,20.48516987618823,9.667873770380163,0.009667873770380163,rebalance,rebalance,0.0
2009-10-08,2009-10-09,ON,buy,132.2854003154132,7.639999866485596,1010.6604407477504,1.0106604407477504,rebalance,rebalance,0.0
2009-10-08,2009-10-09,STX,buy,67.33467385285661,7.63638964649198,514.1938062598684,0.5141938062598684,rebalance,rebalance,0.0
2009-10-08,2009-10-09,TER,buy,0.10262780342583255,9.031950832303215,0.9269292745693991,0.0009269292745693992,rebalance,rebalance,0.0
2009-10-08,2009-10-09,TXN,buy,56.142035865996206,14.49184252323237,813.6015427036807,0.8136015427036807,rebalance,rebalance,0.0
2009-10-08,2009-10-09,WDC,buy,18.101750252146388,22.065422421430828,399.42276588085207,0.39942276588085207,rebalance,rebalance,0.0
2009-11-05,2009-11-06,AAPL,sell,178.778006877797,5.757903521493571,1029.386515367269,1.0293865153672692,rebalance,rebalance,99.6224591877818
2009-11-05,2009-11-06,ADI,sell,56.09585285048928,18.184043405252115,1020.0494230879326,1.0200494230879327,rebalance,rebalance,14.398285377718292
2009-11-05,2009-11-06,AMD,sell,714.938820207716,4.840000152587891,3460.3039988963524,3.4603039988963524,rebalance,rebalance,-473.757683183361
2009-11-05,2009-11-06,CIEN,sell,304.42914920591807,11.819999694824219,3598.352450709548,3.598352450709548,rebalance,rebalance,137.31116634897018
2009-11-05,2009-11-06,CRM,sell,63.014388444243565,14.771937641727806,930.8446166299792,0.9308446166299792,rebalance,rebalance,-7.752251953563579
2009-11-05,2009-11-06,CTSH,sell,70.38655280507373,18.21246960897237,1281.9129538427344,1.2819129538427345,rebalance,rebalance,201.96485521563014
2009-11-05,2009-11-06,FFIV,sell,33.454444396584385,46.7400016784668,1563.6607872485283,1.5636607872485284,rebalance,rebalance,348.0167014363869
2009-11-05,2009-11-06,MRVL,sell,69.4739641602147,12.427218760279583,863.3681507628116,0.8633681507628117,rebalance,rebalance,79.03476173165565
2009-11-05,2009-11-06,MU,sell,70.07952455243117,7.0307391408632,492.71085624386143,0.49271085624386146,rebalance,rebalance,78.26587684387962
2009-11-05,2009-11-06,NTAP,sell,50.399526013338146,21.0267499473972,1059.7382309498016,1.0597382309498016,rebalance,rebalance,277.3956871556966
2009-11-05,2009-11-06,ON,sell,103.50071866496279,7.239999771118164,749.3451794448961,0.7493451794448961,rebalance,rebalance,-4.131563388841475
2009-11-05,2009-11-06,STX,sell,136.9301307280969,7.8740581221527775,1078.195808027013,1.078195808027013,rebalance,rebalance,228.2372578386995
2009-11-05,2009-11-06,TER,sell,50.873618327262875,7.74430372099583,393.98075171234353,0.39398075171234354,rebalance,rebalance,51.7824474499419
2009-11-05,2009-11-06,TXN,sell,80.43044837594198,15.588991083122519,1253.8295425441056,1.2538295425441057,rebalance,rebalance,79.10711974465154
2009-11-05,2009-11-06,WDC,sell,41.04912384945422,21.70299985552382,890.8891289740843,0.8908891289740843,rebalance,rebalance,188.10475213434108
2009-11-05,2009-11-06,HPQ,buy,217.93231941176288,13.69104445631655,2983.721073534624,2.983721073534624,rebalance,rebalance,0.0
2009-11-05,2009-11-06,SWKS,buy,337.40056085500555,8.843260562381957,2983.721073534624,2.983721073534624,rebalance,rebalance,0.0
2009-12-04,2009-12-07,ADI,sell,164.08457717785873,20.881346761058044,3426.306954192459,3.426306954192459,rebalance,rebalance,484.25935948138743
2009-12-04,2009-12-07,ON,sell,412.1161834061509,8.319999694824219,3428.8065201712975,3.4288065201712974,rebalance,rebalance,428.18942097172186
2009-12-04,2009-12-07,SWKS,sell,337.40056085500555,10.643216242645545,3591.0271295697116,3.591027129569712,rebalance,rebalance,600.7313078319836
2009-12-04,2009-12-07,TER,sell,385.27944939005454,9.004360418981387,3469.1950243347496,3.46919502433475,rebalance,rebalance,877.1507310307147
2009-12-04,2009-12-07,AAPL,buy,367.4257174935635,5.782131068223812,2124.503656383959,2.124503656383959,rebalance,rebalance,0.0
2009-12-04,2009-12-07,AMZN,buy,742.1419232808104,6.900000095367432,5120.77934141376,5.12077934141376,rebalance,rebalance,0.0
2009-12-04,2009-12-07,CHKP,buy,154.4729745311224,33.150001525878906,5120.77934141376,5.12077934141376,rebalance,rebalance,0.0
2009-12-04,2009-12-07,CRM,buy,113.11310379140005,16.251341738487085,1838.2397048150015,1.8382397048150014,rebalance,rebalance,0.0
2009-12-04,2009-12-07,CTSH,buy,103.77776660276808,19.13550058357588,1985.83951338947,1.9858395133894702,rebalance,rebalance,0.0
2009-12-04,2009-12-07,FFIV,buy,37.34461200328601,50.61000061035156,1890.0108362796473,1.8900108362796473,rebalance,rebalance,0.0
2009-12-04,2009-12-07,GOOGL,buy,353.36747075580087,14.491371632089308,5120.77934141376,5.12077934141376,rebalance,rebalance,0.0
2009-12-04,2009-12-07,HPQ,buy,150.04445583114887,13.916039505573119,2088.0245749384885,2.0880245749384887,rebalance,rebalance,0.0
2009-12-04,2009-12-07,MRVL,buy,94.13216572297594,15.321224669057438,1442.2200596266619,1.4422200596266619,rebalance,rebalance,0.0
2009-12-04,2009-12-07,MSFT,buy,231.54845004004724,22.11536868645893,5120.77934141376,5.12077934141376,rebalance,rebalance,0.0
2009-12-04,2009-12-07,MU,buy,197.81496284945808,8.230154406933243,1628.0476882528033,1.6280476882528032,rebalance,rebalance,0.0
2009-12-04,2009-12-07,NTAP,buy,72.59297147882688,23.873745747838743,1733.0661441656225,1.7330661441656225,rebalance,rebalance,0.0
2009-12-04,2009-12-07,STX,buy,218.12456351816462,8.576728238227647,1870.7951033773224,1.8707951033773225,rebalance,rebalance,0.0
2009-12-04,2009-12-07,TXN,buy,104.49723304725143,17.30598292622938,1808.4273309539458,1.8084273309539458,rebalance,rebalance,0.0
2009-12-04,2009-12-07,WDC,buy,76.38540317181292,23.943973034695425,1828.970033790227,1.828970033790227,rebalance,rebalance,0.0
2010-01-05,2010-01-06,HPQ,sell,367.97677524291174,14.797488446458003,5445.13208022186,5.4451320802218595,rebalance,rebalance,362.8695540200523
2010-01-05,2010-01-06,MSFT,sell,231.54845004004724,22.932250805602326,5309.9271299668435,5.309927129966844,rebalance,rebalance,178.71708208170267
2010-01-05,2010-01-06,TXN,sell,295.8964748342944,16.781168500584773,4965.488602923336,4.965488602923336,rebalance,rebalance,357.8001382536683
2010-01-05,2010-01-06,AAPL,buy,244.7348030093591,6.412026041547941,1569.245930169116,1.5692459301691162,rebalance,rebalance,0.0
2010-01-05,2010-01-06,AMD,buy,748.7472672663574,9.680000305175781,7247.873775637872,7.247873775637872,rebalance,rebalance,0.0
2010-01-05,2010-01-06,AMZN,buy,334.80811462359986,6.730000019073486,2253.258617802785,2.253258617802785,rebalance,rebalance,0.0
2010-01-05,2010-01-06,CHKP,buy,59.64442878808296,33.849998474121094,2018.9638234664326,2.0189638234664327,rebalance,rebalance,0.0
2010-01-05,2010-01-06,CRM,buy,79.45714321550759,18.36969560517346,1459.603534525548,1.459603534525548,rebalance,rebalance,0.0
2010-01-05,2010-01-06,CTSH,buy,82.63063485965893,20.694205315954846,1709.9753231734776,1.7099753231734776,rebalance,rebalance,0.0
2010-01-05,2010-01-06,FFIV,buy,37.66697933701049,52.20000076293945,1966.2163501295722,1.9662163501295722,rebalance,rebalance,0.0
2010-01-05,2010-01-06,GOOGL,buy,113.49923163473437,15.5245035435725,1762.0192237061897,1.7620192237061898,rebalance,rebalance,0.0
2010-01-05,2010-01-06,MRVL,buy,61.271537296662075,18.3258805774745,1122.8548752969039,1.1228548752969039,rebalance,rebalance,0.0
2010-01-05,2010-01-06,MU,buy,48.62134652000532,10.804521433125691,525.3303805828286,0.5253303805828287,rebalance,rebalance,0.0
2010-01-05,2010-01-06,NTAP,buy,81.38772696887568,24.49583359381126,1993.6602164081235,1.9936602164081234,rebalance,rebalance,0.0
2010-01-05,2010-01-06,STX,buy,164.09762587704495,9.522233217016925,1562.5758639600135,1.5625758639600136,rebalance,rebalance,0.0
2010-01-05,2010-01-06,SWKS,buy,619.0773832394095,11.707540885619746,7247.873775637871,7.2478737756378715,rebalance,rebalance,0.0
2010-01-05,2010-01-06,TER,buy,722.2968562655176,10.034480577849202,7247.873775637872,7.247873775637872,rebalance,rebalance,0.0
2010-01-05,2010-01-06,WDC,buy,43.95798691099296,28.111814406509517,1235.7387697256086,1.2357387697256086,rebalance,rebalance,0.0
2010-02-03,2010-02-04,AAPL,sell,597.9919725868424,5.884120218095248,3518.6566561568984,3.5186566561568986,rebalance,rebalance,134.945021825984
2010-02-03,2010-02-04,AMD,sell,338.734764390785,7.639999866485596,2587.9335547196274,2.5879335547196276,rebalance,rebalance,-696.8859541342135
2010-02-03,2010-02-04,AMZN,sell,548.882711097046,5.932000160217285,3255.9723301681747,3.255972330168175,rebalance,rebalance,-509.3239282812882
2010-02-03,2010-02-04,CHKP,sell,214.11740331920535,32.459999084472656,6950.250715711069,6.950250715711069,rebalance,rebalance,-203.5824430497156
2010-02-03,2010-02-04,CRM,sell,197.9681484131997,15.934328119665743,3154.4894340586093,3.1544894340586094,rebalance,rebalance,-13.060289097972218
2010-02-03,2010-02-04,CTSH,sell,189.46263292638994,19.48381438595625,3691.454773012345,3.691454773012345,rebalance,rebalance,328.3397186552617
2010-02-03,2010-02-04,FFIV,sell,76.11041279191706,49.93000030517578,3800.1929339274734,3.8001929339274736,rebalance,rebalance,410.57295408897073
2010-02-03,2010-02-04,GOOGL,sell,231.70010464603422,13.320324813433443,3086.320653191695,3.086320653191695,rebalance,rebalance,-336.02834944287343
2010-02-03,2010-02-04,MRVL,sell,200.26421627229223,16.044732719329843,3213.1858233349953,3.2131858233349955,rebalance,rebalance,538.8129696792548
2010-02-03,2010-02-04,MU,sell,318.1991035277841,8.88350086960086,2826.722012895284,2.826722012895284,rebalance,rebalance,612.3531443772955
2010-02-03,2010-02-04,NTAP,sell,156.64640217429874,22.49782221844321,3524.2029072761293,3.524202907276129,rebalance,rebalance,381.11301115580386
2010-02-03,2010-02-04,STX,sell,427.479127221033,9.387903249945873,4013.1326877223614,4.013132687722361,rebalance,rebalance,759.6190170367265
2010-02-03,2010-02-04,SWKS,sell,619.0773832394095,10.666696487741156,6603.510549439795,6.603510549439795,rebalance,rebalance,-658.2146105231534
2010-02-03,2010-02-04,TER,sell,366.04082234756925,8.792820805803569,3218.531358511155,3.218531358511155,rebalance,rebalance,-461.3897249165365
2010-02-03,2010-02-04,WDC,sell,127.78431186168595,24.088940527239515,3078.1886887503797,3.0781886887503798,rebalance,rebalance,389.54056787588496
2010-02-03,2010-02-04,AKAM,buy,122.45877547183977,25.579999923706055,3132.495467226798,3.132495467226798,rebalance,rebalance,0.0
2010-02-03,2010-02-04,MSFT,buy,148.63073150700777,21.075691651824403,3132.4954672267977,3.1324954672267977,rebalance,rebalance,0.0
2010-03-04,2010-03-05,AAPL,sell,532.3642874585626,6.428777521222013,3422.451564314981,3.422451564314981,rebalance,rebalance,409.8013830741935
2010-03-04,2010-03-05,GOOGL,sell,235.16659774450102,13.92432842967074,3274.5369426826987,3.274536942682699,rebalance,rebalance,-199.1562759636784
2010-03-04,2010-03-05,MSFT,sell,148.63073150700777,21.383157314666995,3178.194313608379,3.1781943136083792,rebalance,rebalance,39.38815660074642
2010-03-04,2010-03-05,AKAM,buy,13.318283819999408,28.450000762939453,378.90518484002735,0.37890518484002733,rebalance,rebalance,0.0
2010-03-04,2010-03-05,AMD,buy,41.78367891030098,8.550000190734863,357.25046265267764,0.3572504626526776,rebalance,rebalance,0.0
2010-03-04,2010-03-05,AMZN,buy,70.22236706553645,6.456500053405762,453.3907167089151,0.45339071670891506,rebalance,rebalance,0.0
2010-03-04,2010-03-05,CRM,buy,24.181081676246237,17.497286571687162,423.1033157026538,0.4231033157026538,rebalance,rebalance,0.0
2010-03-04,2010-03-05,CTSH,buy,16.668268500853856,21.769628112550663,362.8620065437308,0.3628620065437308,rebalance,rebalance,0.0
2010-03-04,2010-03-05,FFIV,buy,0.4118013758130914,61.16999816894531,25.18988940445596,0.025189889404455962,rebalance,rebalance,0.0
2010-03-04,2010-03-05,GLW,buy,322.26692699078876,11.986515267056589,3862.857440442501,3.8628574404425007,rebalance,rebalance,0.0
2010-03-04,2010-03-05,IT,buy,159.62220325043074,24.200000762939453,3862.8574404425003,3.8628574404425002,rebalance,rebalance,0.0
2010-03-04,2010-03-05,MRVL,buy,35.718677496429365,16.725671223315363,597.4188563369106,0.5974188563369106,rebalance,rebalance,0.0
2010-03-04,2010-03-05,MU,buy,61.74743950958987,9.322311333422261,575.6288551500552,0.5756288551500552,rebalance,rebalance,0.0
2010-03-04,2010-03-05,NTAP,buy,28.480837943130837,23.032088271598884,655.9731735552922,0.6559731735552922,rebalance,rebalance,0.0
2010-03-04,2010-03-05,STX,buy,43.16320820659831,10.250743461261928,442.4549742908749,0.4424549742908749,rebalance,rebalance,0.0
2010-03-04,2010-03-05,SWKS,buy,316.6127920041973,12.200572870066763,3862.8574404425003,3.8628574404425002,rebalance,rebalance,0.0
2010-03-04,2010-03-05,TER,buy,38.47087894497355,9.786151677435704,376.48185651977883,0.37648185651977883,rebalance,rebalance,0.0
2010-03-04,2010-03-05,WDC,buy,31.534817613173743,23.907732826613383,753.9259942317398,0.7539259942317398,rebalance,rebalance,0.0
2010-04-01,2010-04-05,GLW,sell,322.26692699078876,13.875910722149872,4471.747107625775,4.4717471076257755,rebalance,rebalance,600.5550626352069
2010-04-01,2010-04-05,MU,sell,414.36692063623974,10.11217049245632,4190.148947907774,4.190148947907773,rebalance,rebalance,1158.9842293555625
2010-04-01,2010-04-05,TER,sell,394.7269128629219,10.36559430776851,4091.5790410949403,4.09157904109494,rebalance,rebalance,132.2100263332167
2010-04-01,2010-04-05,WDC,sell,161.57355732796552,23.76275669230967,3839.4331306953927,3.839433130695393,rebalance,rebalance,347.96382198443746
2010-04-01,2010-04-05,ADSK,buy,250.95966209119788,29.200000762939453,7328.022324530006,7.328022324530006,rebalance,rebalance,0.0
2010-04-01,2010-04-05,AKAM,buy,97.30252722381212,31.440000534057617,3059.191507881809,3.059191507881809,rebalance,rebalance,0.0
2010-04-01,2010-04-05,AMD,buy,322.0181918043352,9.470000267028809,3049.5123623751883,3.0495123623751885,rebalance,rebalance,0.0
2010-04-01,2010-04-05,AMZN,buy,504.91277638644056,6.642499923706055,3353.8830786251438,3.353883078625144,rebalance,rebalance,0.0
2010-04-01,2010-04-05,CHKP,buy,207.94614005389656,35.2400016784668,7328.022324530007,7.328022324530007,rebalance,rebalance,0.0
2010-04-01,2010-04-05,CRM,buy,172.05414827682677,18.654764727503352,3209.6296564951795,3.2096296564951796,rebalance,rebalance,0.0
2010-04-01,2010-04-05,CTSH,buy,151.73490466902715,22.261619454727015,3377.8647057411636,3.3778647057411635,rebalance,rebalance,0.0
2010-04-01,2010-04-05,FFIV,buy,53.72481464481624,62.70000076293945,3368.545919218759,3.368545919218759,rebalance,rebalance,0.0
2010-04-01,2010-04-05,INTU,buy,242.56085512706656,30.21106732449137,7328.022324530006,7.328022324530006,rebalance,rebalance,0.0
2010-04-01,2010-04-05,IT,buy,166.0676778397917,22.5,3736.5227513953137,3.736522751395314,rebalance,rebalance,0.0
2010-04-01,2010-04-05,MRVL,buy,188.80524090406126,17.45768760548076,3296.1029139806396,3.29610291398064,rebalance,rebalance,0.0
2010-04-01,2010-04-05,NTAP,buy,123.94334817757786,25.12524952307411,3114.1075496868966,3.1141075496868966,rebalance,rebalance,0.0
2010-04-01,2010-04-05,ORCL,buy,358.38423585442945,20.447390234838743,7328.022324530006,7.328022324530006,rebalance,rebalance,0.0
2010-04-01,2010-04-05,STX,buy,397.35342101860147,9.465402758380083,3761.110167361233,3.761110167361233,rebalance,rebalance,0.0
2010-04-01,2010-04-05,SWKS,buy,282.47955672124357,12.231874334767006,3455.25443995494,3.45525443995494,rebalance,rebalance,0.0
2010-04-30,2010-05-03,ADSK,sell,250.95966209119788,34.06999969482422,8550.1956108603,8.550195610860301,rebalance,rebalance,1206.2950683949055
2010-04-30,2010-05-03,AKAM,sell,123.92068303592514,39.33000183105469,4873.800690708483,4.8738006907084825,rebalance,rebalance,1372.067671825321
2010-04-30,2010-05-03,AMD,sell,306.1433789266257,9.180000305175781,2810.3963119739687,2.8103963119739688,rebalance,rebalance,-113.36632931208982
2010-04-30,2010-05-03,AMZN,sell,1103.2024702593412,6.860000133514404,7567.969093272502,7.5679690932725014,rebalance,rebalance,129.94834399336818
2010-04-30,2010-05-03,CHKP,sell,207.94614005389656,35.779998779296875,7440.312637287916,7.440312637287916,rebalance,rebalance,97.52197779609303
2010-04-30,2010-05-03,CRM,sell,189.87259692580344,21.15402533648592,4016.5697260728243,4.016569726072825,rebalance,rebalance,736.042666540012
2010-04-30,2010-05-03,CTSH,sell,136.77594501753376,22.31386223538471,3051.9995942358023,3.0519995942358022,rebalance,rebalance,308.58405774020304
2010-04-30,2010-05-03,FFIV,sell,53.11051173464465,67.33000183105469,3575.930852341876,3.575930852341876,rebalance,rebalance,760.3531039959222
2010-04-30,2010-05-03,INTU,sell,242.56085512706656,32.14352971448583,7796.762054347956,7.7967620543479565,rebalance,rebalance,453.61494543907395
2010-04-30,2010-05-03,IT,sell,148.35737237125042,24.209999084472656,3591.7318492827417,3.5917318492827417,rebalance,rebalance,123.02938936798556
2010-04-30,2010-05-03,MRVL,sell,178.3109976924332,17.781132932677732,3170.571553327547,3.170571553327547,rebalance,rebalance,405.60641571890187
2010-04-30,2010-05-03,NTAP,sell,291.6596835307135,25.432634176339842,7417.674035223687,7.417674035223687,rebalance,rebalance,845.7957195358209
2010-04-30,2010-05-03,ORCL,sell,358.38423585442945,20.920250710727423,7497.488064847132,7.497488064847132,rebalance,rebalance,154.6402299277506
2010-04-30,2010-05-03,STX,sell,326.0025612802438,9.579067403144743,3122.80050810128,3.12280050810128,rebalance,rebalance,279.77191255184636
2010-04-30,2010-05-03,SWKS,sell,284.7133580354707,13.65619205122832,3888.100296882518,3.888100296882518,rebalance,rebalance,402.8661627189758
2010-04-30,2010-05-03,AAPL,buy,544.0406766156698,7.891358235271145,4293.219873733552,4.293219873733552,rebalance,rebalance,0.0
2010-04-30,2010-05-03,CIEN,buy,230.44659512249228,18.6299991607666,4293.219873733552,4.293219873733552,rebalance,rebalance,0.0
2010-04-30,2010-05-03,GLW,buy,325.6098640229033,13.185165279365027,4293.219873733552,4.293219873733552,rebalance,rebalance,0.0
2010-04-30,2010-05-03,MU,buy,467.37611835796866,9.185792138496316,4293.219873733552,4.293219873733552,rebalance,rebalance,0.0
2010-04-30,2010-05-03,ON,buy,536.652484216694,8.0,4293.219873733552,4.293219873733552,rebalance,rebalance,0.0
2010-04-30,2010-05-03,TER,buy,374.623379872604,11.460095937401244,4293.219873733552,4.293219873733552,rebalance,rebalance,0.0
2010-05-20,2010-05-21,AAPL,sell,544.0406766156698,6.963562472086864,3788.461238969624,3.788461238969624,market_trend_exit,risk_exit,-512.8403158766308
2010-05-20,2010-05-21,AKAM,sell,109.15890347972616,36.54999923706055,3989.757838902357,3.989757838902357,market_trend_exit,risk_exit,905.4645471473254
2010-05-20,2010-05-21,AMD,sell,467.67099466358286,7.869999885559082,3680.5706744816994,3.6805706744816993,market_trend_exit,risk_exit,-785.2173131859801
2010-05-20,2010-05-21,CIEN,sell,230.44659512249228,14.609999656677246,3366.8246756220524,3.3668246756220523,market_trend_exit,risk_exit,-934.0552426608548
2010-05-20,2010-05-21,CRM,sell,202.9504931304359,18.170637614103025,3687.739864276656,3.687739864276656,market_trend_exit,risk_exit,181.86470811462848
2010-05-20,2010-05-21,CTSH,sell,192.4014690260784,20.09771187529303,3866.8292888692395,3.8668292888692397,market_trend_exit,risk_exit,8.118173198489632
2010-05-20,2010-05-21,FFIV,sell,63.76384608612005,64.08000183105469,4085.987373953662,4.085987373953662,market_trend_exit,risk_exit,705.8455884279796
2010-05-20,2010-05-21,GLW,sell,325.6098640229033,11.173867553842163,3638.3214948164778,3.638321494816478,market_trend_exit,risk_exit,-662.829920285624
2010-05-20,2010-05-21,IT,sell,177.33250871897204,23.010000228881836,4080.4210662117366,4.080421066211737,market_trend_exit,risk_exit,-65.52819881865321
2010-05-20,2010-05-21,MRVL,sell,241.44805001955626,15.363787822870648,3709.556610746322,3.709556610746322,market_trend_exit,risk_exit,-33.85448507554523
2010-05-20,2010-05-21,MU,sell,467.37611835796866,8.200903603364189,3832.906493168233,3.832906493168233,market_trend_exit,risk_exit,-468.4395069322208
2010-05-20,2010-05-21,ON,sell,536.652484216694,7.099999904632568,3810.232586759358,3.810232586759358,market_trend_exit,risk_exit,-491.09073943468616
2010-05-20,2010-05-21,STX,sell,448.18766723826553,8.251229246811839,3698.099187976749,3.698099187976749,market_trend_exit,risk_exit,-209.89570095899782
2010-05-20,2010-05-21,SWKS,sell,314.3789906899701,10.885820251122148,3422.273183380218,3.4222731833802182,market_trend_exit,risk_exit,-425.23304821433953
2010-05-20,2010-05-21,TER,sell,374.623379872604,9.418248497393112,3528.2960845734815,3.5282960845734817,market_trend_exit,risk_exit,-772.7453051183769
2010-07-27,2010-07-28,AAPL,buy,380.54159962276526,7.886269171216666,3001.0534854704892,3.0010534854704893,rebalance,rebalance,0.0
2010-07-27,2010-07-28,ADI,buy,139.77278130451188,21.470943465969473,3001.0534854704892,3.0010534854704893,rebalance,rebalance,0.0
2010-07-27,2010-07-28,ADSK,buy,103.09355625376764,29.110000610351562,3001.0534854704892,3.0010534854704893,rebalance,rebalance,0.0
2010-07-27,2010-07-28,AKAM,buy,67.66749918202703,44.349998474121094,3001.0534854704892,3.0010534854704893,rebalance,rebalance,0.0
2010-07-27,2010-07-28,CIEN,buy,223.7922087709523,13.40999984741211,3001.0534854704892,3.0010534854704893,rebalance,rebalance,0.0
2010-07-27,2010-07-28,CRM,buy,123.92829146741704,24.21604824802672,3001.0534854704892,3.0010534854704893,rebalance,rebalance,0.0
2010-07-27,2010-07-28,CTSH,buy,126.42617122561268,23.737596862875698,3001.0534854704892,3.0010534854704893,rebalance,rebalance,0.0
2010-07-27,2010-07-28,FFIV,buy,34.993626524207535,85.76000213623047,3001.0534854704892,3.0010534854704893,rebalance,rebalance,0.0
2010-07-27,2010-07-28,INTU,buy,86.75599418551177,34.591886285727846,3001.0534854704892,3.0010534854704893,rebalance,rebalance,0.0
2010-07-27,2010-07-28,IT,buy,119.23136576773373,25.170000076293945,3001.0534854704892,3.0010534854704893,rebalance,rebalance,0.0
2010-07-27,2010-07-28,LSCC,buy,524.6597195014824,5.71999979019165,3001.0534854704897,3.00105348547049,rebalance,rebalance,0.0
2010-07-27,2010-07-28,MCHP,buy,289.55510217299326,10.364360575755024,3001.0534854704892,3.0010534854704893,rebalance,rebalance,0.0
2010-07-27,2010-07-28,NTAP,buy,93.94049925425333,31.94632250514265,3001.0534854704892,3.0010534854704893,rebalance,rebalance,0.0
2010-07-27,2010-07-28,SWKS,buy,203.97726885763058,14.712685890333818,3001.0534854704892,3.0010534854704893,rebalance,rebalance,0.0
2010-07-27,2010-07-28,VRSN,buy,125.11570751580436,23.986224791890358,3001.0534854704892,3.0010534854704893,rebalance,rebalance,0.0
2010-07-29,2010-07-30,AAPL,sell,380.54159962276526,7.653577482550751,2912.5046180466393,2.9125046180466394,market_trend_exit,risk_exit,-94.4624255273668
2010-07-29,2010-07-30,ADI,sell,139.77278130451188,20.51142916591019,2866.9395030497517,2.8669395030497515,market_trend_exit,risk_exit,-139.9819754092579
2010-07-29,2010-07-30,ADSK,sell,103.09355625376764,28.790000915527344,2968.0635789309404,2.9680635789309404,market_trend_exit,risk_exit,-38.95902360395018
2010-07-29,2010-07-30,AKAM,sell,67.66749918202703,37.599998474121094,2544.2978659918067,2.544297865991807,market_trend_exit,risk_exit,-462.30097083014454
2010-07-29,2010-07-30,CIEN,sell,223.7922087709523,12.899999618530273,2886.919407775332,2.886919407775332,market_trend_exit,risk_exit,-120.02205058840293
2010-07-29,2010-07-30,CRM,sell,123.92829146741704,23.800739190557675,2949.584943547407,2.949584943547407,market_trend_exit,risk_exit,-57.419180352099794
2010-07-29,2010-07-30,CTSH,sell,126.42617122561268,23.145464280304132,2926.1924301980325,2.9261924301980327,market_trend_exit,risk_exit,-80.7883011881251
2010-07-29,2010-07-30,FFIV,sell,34.993626524207535,85.2699966430664,2983.9064162478962,2.9839064162478963,market_trend_exit,risk_exit,-23.132029124311558
2010-07-29,2010-07-30,INTU,sell,86.75599418551177,34.27710941258149,2973.7447048940703,2.97374470489407,market_trend_exit,risk_exit,-33.28357876678322
2010-07-29,2010-07-30,IT,sell,119.23136576773373,24.5,2921.1684613094767,2.9211684613094766,market_trend_exit,risk_exit,-85.80724610779242
2010-07-29,2010-07-30,LSCC,sell,524.6597195014824,5.46999979019165,2869.8885555951188,2.869888555595119,market_trend_exit,risk_exit,-137.03587191643592
2010-07-29,2010-07-30,MCHP,sell,289.55510217299326,9.947007321901276,2880.206721408636,2.880206721408636,market_trend_exit,risk_exit,-126.7280242687316
2010-07-29,2010-07-30,NTAP,sell,93.94049925425333,30.738724525735275,2887.611128386533,2.887611128386533,market_trend_exit,risk_exit,-119.33102169781294
2010-07-29,2010-07-30,SWKS,sell,203.97726885763058,13.961395214862154,2847.8072653695745,2.8478072653695743,market_trend_exit,risk_exit,-159.09508085175415
2010-07-29,2010-07-30,VRSN,sell,125.11570751580436,23.519181564549793,2942.61904164131,2.94261904164131,market_trend_exit,risk_exit,-64.37811635629079
2010-09-22,2010-09-23,AAPL,buy,665.3739549950427,8.564026155089026,5698.279953492574,5.698279953492574,rebalance,rebalance,0.0
2010-09-22,2010-09-23,ADI,buy,280.3827128249067,20.32322141433532,5698.279953492574,5.698279953492574,rebalance,rebalance,0.0
2010-09-22,2010-09-23,AKAM,buy,112.03853490188123,50.86000061035156,5698.279953492574,5.698279953492574,rebalance,rebalance,0.0
2010-09-22,2010-09-23,CDNS,buy,753.7407402939108,7.559999942779541,5698.279953492574,5.698279953492574,rebalance,rebalance,0.0
2010-09-22,2010-09-23,CHKP,buy,167.44872635609045,34.029998779296875,5698.279953492574,5.698279953492574,rebalance,rebalance,0.0
2010-09-22,2010-09-23,CRM,buy,196.67048922204688,28.973741693696837,5698.279953492574,5.698279953492574,rebalance,rebalance,0.0
2010-09-22,2010-09-23,CTSH,buy,210.88758376743166,27.020462047574494,5698.279953492574,5.698279953492574,rebalance,rebalance,0.0
2010-09-22,2010-09-23,FFIV,buy,57.45971623176825,99.16999816894531,5698.279953492574,5.698279953492574,rebalance,rebalance,0.0
2010-09-22,2010-09-23,INTU,buy,143.03489986994956,39.83838880352679,5698.279953492573,5.698279953492573,rebalance,rebalance,0.0
2010-09-22,2010-09-23,IT,buy,202.6415285714451,28.1200008392334,5698.279953492574,5.698279953492574,rebalance,rebalance,0.0
2010-09-22,2010-09-23,MCHP,buy,583.5442744500771,9.764948784498904,5698.279953492574,5.698279953492574,rebalance,rebalance,0.0
2010-09-22,2010-09-23,NTAP,buy,161.59956227574247,35.26172888865514,5698.279953492574,5.698279953492574,rebalance,rebalance,0.0
2010-09-22,2010-09-23,SNPS,buy,234.40066140172905,24.309999465942383,5698.279953492574,5.698279953492574,rebalance,rebalance,0.0
2010-09-22,2010-09-23,SWKS,buy,368.86082506456603,15.448319708375477,5698.279953492574,5.698279953492574,rebalance,rebalance,0.0
2010-09-22,2010-09-23,VRSN,buy,215.73603423280107,26.413204329804042,5698.279953492574,5.698279953492574,rebalance,rebalance,0.0
2010-10-20,2010-10-21,AAPL,sell,73.122360305808,9.34257325869384,683.1510080056178,0.6831510080056178,rebalance,rebalance,55.619829010648026
2010-10-20,2010-10-21,ADI,sell,280.3827128249067,22.179700299653927,6218.804539660365,6.218804539660365,rebalance,rebalance,508.607501674638
2010-10-20,2010-10-21,CDNS,sell,40.705463520508374,7.760000228881836,315.8744062358862,0.31587440623588625,rebalance,rebalance,7.517496641906487
2010-10-20,2010-10-21,CHKP,sell,167.44872635609045,40.02000045776367,6701.298105422684,6.701298105422684,rebalance,rebalance,990.618573871194
2010-10-20,2010-10-21,CTSH,sell,20.641683924532146,29.08422160756984,600.3473096145049,0.6003473096145049,rebalance,rebalance,41.44137738696022
2010-10-20,2010-10-21,INTU,sell,5.8015899753470705,40.31932127274335,233.91617010874572,0.2339161701087457,rebalance,rebalance,2.3251308250004685
2010-10-20,2010-10-21,IT,sell,23.16848528065259,30.829999923706055,714.2843994349042,0.7142843994349043,rebalance,rebalance,61.42079167421618
2010-10-20,2010-10-21,MCHP,sell,583.5442744500771,10.358287317393264,6044.519257173688,6.044519257173688,rebalance,rebalance,334.49650447044684
2010-10-20,2010-10-21,NTAP,sell,17.099384656884354,38.291675499230095,654.7640885179296,0.6547640885179297,rebalance,rebalance,50.55250462959239
2010-10-20,2010-10-21,SNPS,sell,13.604411246886855,25.059999465942383,340.92653858144513,0.3409265385814451,rebalance,rebalance,9.531658666437473
2010-10-20,2010-10-21,SWKS,sell,41.53141907777734,16.90393166566205,702.0442700687214,0.7020442700687214,rebalance,rebalance,59.109995302767686
2010-10-20,2010-10-21,VRSN,sell,10.781756615660328,26.997015994457474,291.07525580132955,0.29107525580132954,rebalance,rebalance,5.718659281351838
2010-10-20,2010-10-21,AKAM,buy,7.804526185440082,46.16999816894531,360.3349596912543,0.36033495969125434,rebalance,rebalance,0.0
2010-10-20,2010-10-21,CRM,buy,18.15176351553754,25.756893619961414,467.53304188439716,0.46753304188439715,rebalance,rebalance,0.0
2010-10-20,2010-10-21,FFIV,buy,2.358163886744471,92.5,218.13015952386357,0.21813015952386358,rebalance,rebalance,0.0
2010-10-20,2010-10-21,IBM,buy,72.3306072844989,76.49809836655736,5533.153910962426,5.533153910962427,rebalance,rebalance,0.0
2010-10-20,2010-10-21,ORCL,buy,238.2829399772671,23.22094024645787,5533.153910962426,5.533153910962427,rebalance,rebalance,0.0
2010-10-20,2010-10-21,QCOM,buy,186.46574178885828,29.673836372730662,5533.153910962426,5.533153910962427,rebalance,rebalance,0.0
2010-11-17,2010-11-18,IBM,sell,72.3306072844989,78.61321287461264,5686.141427806319,5.686141427806319,rebalance,rebalance,141.76822150512524
2010-11-17,2010-11-18,SNPS,sell,220.7962501548422,24.8700008392334,5491.202926650513,5.491202926650513,rebalance,rebalance,112.78744365422237
2010-11-17,2010-11-18,VRSN,sell,204.95427761714075,28.94026264709603,5931.430624885888,5.931430624885889,rebalance,rebalance,506.5864820791123
2010-11-17,2010-11-18,AAPL,buy,205.07388040483818,9.12841782117455,1872.0000645449431,1.8720000645449433,rebalance,rebalance,0.0
2010-11-17,2010-11-18,AKAM,buy,30.10172545669697,48.540000915527344,1461.1377812270237,1.4611377812270236,rebalance,rebalance,0.0
2010-11-17,2010-11-18,AMZN,buy,905.6016356331584,8.036999702453613,7278.320076125199,7.278320076125199,rebalance,rebalance,0.0
2010-11-17,2010-11-18,CDNS,buy,173.48360779507357,8.210000038146973,1424.3004266154285,1.4243004266154284,rebalance,rebalance,0.0
2010-11-17,2010-11-18,CHKP,buy,168.44064407167818,43.209999084472656,7278.320076125198,7.2783200761251985,rebalance,rebalance,0.0
2010-11-17,2010-11-18,CRM,buy,46.92723524573452,27.80643481751162,1304.8791080265507,1.3048791080265507,rebalance,rebalance,0.0
2010-11-17,2010-11-18,CTSH,buy,72.22364321563532,27.730151054143526,2002.7725360501356,2.0027725360501356,rebalance,rebalance,0.0
2010-11-17,2010-11-18,FFIV,buy,1.8680272287244506,117.98999786376953,220.40852872666125,0.22040852872666125,rebalance,rebalance,0.0
2010-11-17,2010-11-18,GOOGL,buy,498.1673801345091,14.610190001119696,7278.320076125199,7.278320076125199,rebalance,rebalance,0.0
2010-11-17,2010-11-18,INTU,buy,35.0273964691504,42.25177192038209,1479.9695665793397,1.4799695665793398,rebalance,rebalance,0.0
2010-11-17,2010-11-18,IT,buy,49.117410265899196,31.84000015258789,1563.8983503609525,1.5638983503609525,rebalance,rebalance,0.0
2010-11-17,2010-11-18,NTAP,buy,44.635755541612184,38.48195292403791,1717.6710434811844,1.7176710434811844,rebalance,rebalance,0.0
2010-11-17,2010-11-18,ORCL,buy,79.90565143916038,22.874233308383268,1827.7805136777058,1.8277805136777059,rebalance,rebalance,0.0
2010-11-17,2010-11-18,QCOM,buy,38.603878908525985,32.33808300548572,1248.3754404776328,1.2483754404776328,rebalance,rebalance,0.0
2010-11-17,2010-11-18,SWKS,buy,72.51155956802336,18.20303746522304,1319.9306354784815,1.3199306354784814,rebalance,rebalance,0.0
2010-12-16,2010-12-17,AAPL,sell,797.3254750940729,9.619830754320741,7670.136126513358,7.670136126513358,rebalance,rebalance,711.4637203182544
2010-12-16,2010-12-17,AKAM,sell,149.94478654401829,50.11000061035156,7513.733345239791,7.513733345239791,rebalance,rebalance,-21.052835210712114
2010-12-16,2010-12-17,AMZN,sell,203.7584981837698,8.920499801635742,1817.6276426299153,1.8176276426299154,rebalance,rebalance,176.5654187226571
2010-12-16,2010-12-17,CDNS,sell,137.62034084711377,8.359999656677246,1150.5060022336768,1.1505060022336768,rebalance,rebalance,90.382635477792
2010-12-16,2010-12-17,CHKP,sell,31.052195304412322,45.56999969482422,1415.0485305456916,1.4150485305456917,rebalance,rebalance,70.52638600994895
2010-12-16,2010-12-17,CRM,sell,77.13769781024115,33.9132812835358,2615.992443403092,2.615992443403092,rebalance,rebalance,409.55834097980096
2010-12-16,2010-12-17,CTSH,sell,262.46954305853484,30.930286756972123,8118.258231771924,8.118258231771925,rebalance,rebalance,959.6920164258303
2010-12-16,2010-12-17,FFIV,sell,15.313106642622103,135.00999450683594,2067.422443703003,2.067422443703003,rebalance,rebalance,540.4081393688772
2010-12-16,2010-12-17,GOOGL,sell,71.09523670633513,14.659798501818306,1042.2418445539495,1.0422418445539494,rebalance,rebalance,1.44597133880614
2010-12-16,2010-12-17,INTU,sell,26.91006251493306,43.07371059813514,1159.1162449459514,1.1591162449459513,rebalance,rebalance,71.61260022315074
2010-12-16,2010-12-17,IT,sell,38.11914927187334,32.869998931884766,1252.9763958508327,1.2529763958508326,rebalance,rebalance,148.24116316277403
2010-12-16,2010-12-17,NTAP,sell,29.62706779465455,39.25043008762085,1162.8751531752916,1.1628751531752917,rebalance,rebalance,93.42782441401525
2010-12-16,2010-12-17,ORCL,sell,74.92386848979572,25.73653710688221,1928.2809215787904,1.9282809215787904,rebalance,rebalance,191.34011233549592
2010-12-16,2010-12-17,QCOM,sell,36.970707452950904,33.28457065703946,1230.5541244584797,1.2305541244584797,rebalance,rebalance,114.25235416636228
2010-12-16,2010-12-17,SWKS,sell,113.20193470899102,21.842076251521608,2472.565289733552,2.472565289733552,rebalance,rebalance,662.9553295641047
2010-12-16,2010-12-17,ADSK,buy,161.56881466830134,38.75,6260.791568396677,6.260791568396677,rebalance,rebalance,0.0
2010-12-16,2010-12-17,TXN,buy,291.25244838827507,21.496099356563274,6260.791568396678,6.2607915683966775,rebalance,rebalance,0.0
2010-12-16,2010-12-17,VRSN,buy,203.01136389922218,30.83961138010297,6260.791568396678,6.2607915683966775,rebalance,rebalance,0.0
2011-01-14,2011-01-18,GOOGL,sell,427.07214342817394,15.529464462871033,6632.201674449988,6.632201674449988,rebalance,rebalance,379.7247079448041
2011-01-14,2011-01-18,NTAP,sell,159.50886536581575,43.45870942234841,6932.049430221481,6.932049430221481,rebalance,rebalance,1173.591706228449
2011-01-14,2011-01-18,TXN,sell,291.25244838827507,22.420382014647316,6529.9911555664785,6.529991155566479,rebalance,rebalance,256.40880444583763
2011-01-14,2011-01-18,AAPL,buy,859.0390961968947,9.85582445950358,8466.538535967204,8.466538535967203,rebalance,rebalance,0.0
2011-01-14,2011-01-18,ADSK,buy,42.64099533958262,41.459999084472656,1767.895627740098,1.7678956277400981,rebalance,rebalance,0.0
2011-01-14,2011-01-18,AMZN,buy,195.70153393840394,9.432999610900879,1846.0524934936695,1.8460524934936695,rebalance,rebalance,0.0
2011-01-14,2011-01-18,CDNS,buy,211.0264935703699,8.819999694824219,1861.2536088904874,1.8612536088904874,rebalance,rebalance,0.0
2011-01-14,2011-01-18,CHKP,buy,45.35573861353714,46.33000183105469,2101.3314530140137,2.101331453014014,rebalance,rebalance,0.0
2011-01-14,2011-01-18,CIEN,buy,333.32829382369516,25.399999618530273,8466.538535967204,8.466538535967203,rebalance,rebalance,0.0
2011-01-14,2011-01-18,CRM,buy,52.77577472549325,35.665467732417724,1882.2726905254265,1.8822726905254266,rebalance,rebalance,0.0
2011-01-14,2011-01-18,FFIV,buy,12.251618650818543,144.4199981689453,1769.3787431178303,1.7693787431178303,rebalance,rebalance,0.0
2011-01-14,2011-01-18,INTU,buy,61.45214958348839,40.94015557260118,2515.8605642187736,2.5158605642187735,rebalance,rebalance,0.0
2011-01-14,2011-01-18,IT,buy,53.80274572211948,34.65999984741211,1864.8031585190138,1.864803158519014,rebalance,rebalance,0.0
2011-01-14,2011-01-18,ORCL,buy,92.11180766660101,25.244874830660084,2325.351054969178,2.3253510549691785,rebalance,rebalance,0.0
2011-01-14,2011-01-18,QCOM,buy,53.057943028207774,35.10801503563852,1862.7590615943707,1.8627590615943708,rebalance,rebalance,0.0
2011-01-14,2011-01-18,SWKS,buy,45.83231324031141,25.465468487936214,1167.1413285503718,1.1671413285503718,rebalance,rebalance,0.0
2011-01-14,2011-01-18,TER,buy,632.6632680368207,13.382377267198095,8466.538535967204,8.466538535967203,rebalance,rebalance,0.0
2011-01-14,2011-01-18,VRSN,buy,78.48181700276947,30.077242044861556,2360.5166061128284,2.3605166061128284,rebalance,rebalance,0.0
2011-02-14,2011-02-15,AAPL,sell,343.5567103555379,10.743239897654027,3690.9121577983833,3.690912157798383,rebalance,rebalance,297.80058186273874
2011-02-14,2011-02-15,ADSK,sell,72.88538092154383,42.16999816894531,3073.5763800043846,3.0735763800043845,rebalance,rebalance,202.08478544823924
2011-02-14,2011-02-15,AMZN,sell,310.67971389166166,9.43649959564209,2931.7289945128655,2.9317289945128655,rebalance,rebalance,334.70668831791204
2011-02-14,2011-02-15,CDNS,sell,959.9250372917321,10.0600004196167,9656.846277955401,9.6568462779554,rebalance,rebalance,2021.385504631353
2011-02-14,2011-02-15,CHKP,sell,182.744187380803,49.59000015258789,9062.28428009857,9.062284280098572,rebalance,rebalance,1007.2979111553188
2011-02-14,2011-02-15,CIEN,sell,134.9776162099489,27.920000076293945,3768.575054879748,3.768575054879748,rebalance,rebalance,332.9466481817981
2011-02-14,2011-02-15,CRM,sell,82.06989745095291,35.65564063068653,2926.254770108473,2.926254770108473,rebalance,rebalance,448.48391964085863
2011-02-14,2011-02-15,FFIV,sell,15.853712552491643,129.47999572753906,2052.7386335622505,2.0527386335622504,rebalance,rebalance,322.8759670189844
2011-02-14,2011-02-15,INTU,sell,206.80279343230822,44.105533816224536,9121.147599018368,9.121147599018368,rebalance,rebalance,725.9239086358625
2011-02-14,2011-02-15,IT,sell,244.27405000693784,37.88999938964844,9255.543605669827,9.255543605669827,rebalance,rebalance,1865.8111978827044
2011-02-14,2011-02-15,ORCL,sell,128.32686014453805,26.746968116913823,3432.3544368296184,3.4323544368296184,rebalance,rebalance,382.77898828324686
2011-02-14,2011-02-15,QCOM,sell,98.75274593452235,38.888982354228794,3840.393794079279,3.840393794079279,rebalance,rebalance,749.8299637187102
2011-02-14,2011-02-15,SWKS,sell,140.69779984917912,28.87755428489197,4063.0083529095355,4.063008352909535,rebalance,rebalance,1628.0839669962797
2011-02-14,2011-02-15,TER,sell,300.3706297806903,16.66588511611898,5005.94240818129,5.005942408181291,rebalance,rebalance,977.2437049743136
2011-02-14,2011-02-15,VRSN,sell,281.49318090199165,33.09041125646406,9314.725121937137,9.314725121937137,rebalance,rebalance,675.4809141311847
2011-02-14,2011-02-15,GEN,buy,849.8816346462522,6.516143787968572,5537.950934108751,5.537950934108752,rebalance,rebalance,0.0
2011-02-14,2011-02-15,MRVL,buy,330.09688801741106,16.77674384442137,5537.950934108751,5.537950934108752,rebalance,rebalance,0.0
2011-02-14,2011-02-15,NTAP,buy,127.43022394573417,43.45869262905065,5537.950934108751,5.537950934108752,rebalance,rebalance,0.0
2011-02-14,2011-02-15,ON,buy,475.3606107677625,11.649999618530273,5537.950934108751,5.537950934108752,rebalance,rebalance,0.0
2011-02-14,2011-02-15,TXN,buy,234.01075673815382,23.665369110811593,5537.950934108751,5.537950934108752,rebalance,rebalance,0.0
2011-03-15,2011-03-16,AAPL,sell,113.36646815815419,10.229092827242614,1159.6361262864032,1.1596361262864032,rebalance,rebalance,40.03916038968628
2011-03-15,2011-03-16,ADSK,sell,131.32442908634013,38.88999938964844,5107.206967013697,5.107206967013697,rebalance,rebalance,-66.19810511008666
2011-03-15,2011-03-16,AMZN,sell,586.8649574961308,8.234999656677246,4832.8327234965445,4.832832723496544,rebalance,rebalance,-72.16187795036973
2011-03-15,2011-03-16,CIEN,sell,31.75363588345425,24.690000534057617,783.9972869207566,0.7839972869207565,rebalance,rebalance,-24.135592032177993
2011-03-15,2011-03-16,CRM,sell,155.31766744761813,30.814398377250058,4786.020479756148,4.786020479756148,rebalance,rebalance,97.57940623090913
2011-03-15,2011-03-16,FFIV,sell,42.770706802941966,111.22000122070312,4756.958062833541,4.756958062833541,rebalance,rebalance,90.85433232504322
2011-03-15,2011-03-16,GEN,sell,849.8816346462522,6.16220035696651,5237.140912396417,5.237140912396417,rebalance,rebalance,-311.5851135588396
2011-03-15,2011-03-16,MRVL,sell,330.09688801741106,13.125184003946389,4332.5823943586065,4.332582394358607,rebalance,rebalance,-1215.2390730786128
2011-03-15,2011-03-16,NTAP,sell,127.43022394573417,33.77601678090868,4304.085382386068,4.304085382386068,rebalance,rebalance,-1243.7075880391776
2011-03-15,2011-03-16,ON,sell,55.20932728248897,9.789999961853027,540.4993119894983,0.5404993119894983,rebalance,rebalance,-103.87301774458092
2011-03-15,2011-03-16,ORCL,sell,207.0496704486947,24.97030079238042,5170.0925500671465,5.170092550067147,rebalance,rebalance,250.10631485941622
2011-03-15,2011-03-16,QCOM,sell,25.914778079662753,35.31036679107363,915.0603193021666,0.9150603193021666,rebalance,rebalance,104.12471631407847
2011-03-15,2011-03-16,SWKS,sell,25.444842312821436,24.729833165953128,629.2467053300591,0.6292467053300591,rebalance,rebalance,189.00230826236339
2011-03-15,2011-03-16,TER,sell,67.98005487072538,15.562183974024368,1057.9181204624997,1.0579181204624997,rebalance,rebalance,146.21572667623795
2011-03-15,2011-03-16,TXN,sell,50.32452954490765,22.39297475997464,1126.9159199067149,1.126915919906715,rebalance,rebalance,-66.35051158838266
2011-03-15,2011-03-16,ADI,buy,154.93534488128492,26.548371208938935,4113.281049293329,4.113281049293328,rebalance,rebalance,0.0
2011-03-15,2011-03-16,AMAT,buy,352.6735970986139,11.663138616365377,4113.281049293329,4.113281049293328,rebalance,rebalance,0.0
2011-03-15,2011-03-16,CACI,buy,70.57791927673327,58.279998779296875,4113.281049293329,4.113281049293328,rebalance,rebalance,0.0
2011-03-15,2011-03-16,CHKP,buy,84.54842590509084,48.650001525878906,4113.281049293329,4.113281049293328,rebalance,rebalance,0.0
2011-03-15,2011-03-16,ENTG,buy,573.6864084005479,7.169911974664451,4113.281049293329,4.113281049293328,rebalance,rebalance,0.0
2011-03-15,2011-03-16,IT,buy,107.08880670746638,38.40999984741211,4113.281049293329,4.113281049293328,rebalance,rebalance,0.0
2011-03-15,2011-03-16,LSCC,buy,681.0068005416683,6.039999961853027,4113.281049293329,4.113281049293328,rebalance,rebalance,0.0
2011-03-15,2011-03-16,MU,buy,408.3404482502882,10.073165827481617,4113.281049293329,4.113281049293328,rebalance,rebalance,0.0
2011-04-12,2011-04-13,AAPL,sell,402.11591768320255,10.020323968820545,4029.331768205264,4.029331768205264,rebalance,rebalance,58.155355482164836
2011-04-12,2011-04-13,ADI,sell,154.93534488128492,26.902820045694295,4168.197702058791,4.168197702058791,rebalance,rebalance,46.63517401411032
2011-04-12,2011-04-13,QCOM,sell,116.48933225845603,35.55250279107452,4141.487310249165,4.141487310249165,rebalance,rebalance,496.2283168943867
2011-04-12,2011-04-13,ADBE,buy,191.17439405242146,34.29999923706055,6557.281570143568,6.5572815701435685,rebalance,rebalance,0.0
2011-04-12,2011-04-13,ADSK,buy,154.10767773721258,42.54999923706055,6557.281570143568,6.5572815701435685,rebalance,rebalance,0.0
2011-04-12,2011-04-13,AMAT,buy,198.36433574925746,11.89987327415784,2360.510457528662,2.3605104575286617,rebalance,rebalance,0.0
2011-04-12,2011-04-13,CACI,buy,38.11230732903201,60.33000183105469,2299.31557094622,2.29931557094622,rebalance,rebalance,0.0
2011-04-12,2011-04-13,CDNS,buy,678.105637891232,9.670000076293945,6557.281570143568,6.5572815701435685,rebalance,rebalance,0.0
2011-04-12,2011-04-13,CHKP,buy,42.65393427320727,51.54999923706055,2198.8102792414657,2.198810279241466,rebalance,rebalance,0.0
2011-04-12,2011-04-13,CIEN,buy,85.70313633398257,25.989999771118164,2227.424493704316,2.2274244937043157,rebalance,rebalance,0.0
2011-04-12,2011-04-13,ENTG,buy,291.2776833729581,7.5809870403968365,2208.1723428072087,2.2081723428072086,rebalance,rebalance,0.0
2011-04-12,2011-04-13,IT,buy,52.92294642555305,40.97999954223633,2168.7823202929617,2.1687823202929617,rebalance,rebalance,0.0
2011-04-12,2011-04-13,LSCC,buy,417.3653603613834,5.96999979019165,2491.6711137907214,2.4916711137907215,rebalance,rebalance,0.0
2011-04-12,2011-04-13,MU,buy,224.25327112423997,10.365707671943102,2324.543852950871,2.324543852950871,rebalance,rebalance,0.0
2011-04-12,2011-04-13,ON,buy,263.6111217086477,9.59000015258789,2528.0306974097966,2.528030697409797,rebalance,rebalance,0.0
2011-04-12,2011-04-13,SWKS,buy,147.72498385103663,20.879492478995886,3084.4226892775077,3.084422689277508,rebalance,rebalance,0.0
2011-04-12,2011-04-13,TER,buy,156.05356980640545,15.598976083955842,2434.275903226052,2.434275903226052,rebalance,rebalance,0.0
2011-04-12,2011-04-13,TXN,buy,105.46193264162633,22.67792945280481,2391.658268403255,2.3916582684032552,rebalance,rebalance,0.0
2011-05-11,2011-05-12,ADBE,sell,7.229206457117527,35.31999969482422,255.33556985921234,0.25533556985921235,rebalance,rebalance,6.870496549705104
2011-05-11,2011-05-12,ADSK,sell,9.634833766297163,44.970001220703125,433.2784862316551,0.4332784862316551,rebalance,rebalance,22.473076170868893
2011-05-11,2011-05-12,CACI,sell,4.838822719698797,62.560001373291016,302.7167559894685,0.3027167559894685,rebalance,rebalance,16.643656684202288
2011-05-11,2011-05-12,CDNS,sell,62.281576064558976,10.550000190734863,657.0706393603651,0.6570706393603651,rebalance,rebalance,53.54846057971636
2011-05-11,2011-05-12,CHKP,sell,9.397395718200045,55.150001525878906,518.2663881980204,0.5182663881980204,rebalance,rebalance,50.960106552426666
2011-05-11,2011-05-12,CIEN,sell,12.648985756674449,27.110000610351562,342.91401158377255,0.34291401158377255,rebalance,rebalance,18.427992228394974
2011-05-11,2011-05-12,ENTG,sell,97.04878181840388,8.460495428995129,821.0807749641516,0.8210807749641517,rebalance,rebalance,110.28474122084567
2011-05-11,2011-05-12,LSCC,sell,1098.3721609030517,6.739999771118164,7403.028113089132,7.403028113089132,rebalance,rebalance,784.0679697289089
2011-05-11,2011-05-12,ON,sell,121.25644307781556,11.550000190734863,1400.5119406766007,1.4005119406766007,rebalance,rebalance,81.4584980242383
2011-05-11,2011-05-12,SWKS,sell,314.0536857751685,22.2881483692897,6999.675144479242,6.999675144479242,rebalance,rebalance,1031.4772412273403
2011-05-11,2011-05-12,TXN,sell,289.1481598348725,23.159422532832444,6696.504408206783,6.696504408206784,rebalance,rebalance,-55.59139234075072
2011-05-11,2011-05-12,AMAT,buy,1.1544637608626545,11.765725152376639,13.583103308689063,0.013583103308689063,rebalance,rebalance,0.0
2011-05-11,2011-05-12,CRM,buy,196.5604305834763,33.05316309312501,6496.943969730519,6.496943969730519,rebalance,rebalance,0.0
2011-05-11,2011-05-12,CTSH,buy,195.08484446693342,33.303171179100694,6496.943969730519,6.496943969730519,rebalance,rebalance,0.0
2011-05-11,2011-05-12,IT,buy,6.918983644725358,38.91999816894531,269.2868307836735,0.2692868307836735,rebalance,rebalance,0.0
2011-05-11,2011-05-12,MU,buy,8.656902166153714,10.131676682232024,87.70893381718348,0.08770893381718348,rebalance,rebalance,0.0
2011-05-11,2011-05-12,ORCL,buy,230.10277987865365,28.23496514538733,6496.943969730519,6.496943969730519,rebalance,rebalance,0.0
2011-05-11,2011-05-12,TER,buy,17.835311290673246,14.82638579814747,264.433206025577,0.264433206025577,rebalance,rebalance,0.0
2011-06-09,2011-06-10,AMAT,sell,552.192396608734,10.12058940787741,5588.512520228796,5.588512520228797,rebalance,rebalance,-910.9379770322421
2011-06-09,2011-06-10,CACI,sell,2.4227013180606463,60.2599983215332,145.99197735991083,0.14599197735991085,rebalance,rebalance,2.7664963063477104
2011-06-09,2011-06-10,CDNS,sell,16.011137568101844,10.1899995803833,163.1534851004171,0.1631534851004171,rebalance,rebalance,8.007802408713914
2011-06-09,2011-06-10,CHKP,sell,5.035714266976086,54.20000076293945,272.93571711204896,0.27293571711204895,rebalance,rebalance,22.528474128013713
2011-06-09,2011-06-10,CRM,sell,196.5604305834763,34.88644745930747,6857.295134129298,6.8572951341292985,rebalance,rebalance,346.9969252949208
2011-06-09,2011-06-10,CTSH,sell,195.08484446693342,31.962165782996774,6235.334140602266,6.235334140602267,rebalance,rebalance,-274.3421072385843
2011-06-09,2011-06-10,ENTG,sell,35.55788623789476,8.345779326548408,296.75827185998224,0.29675827185998227,rebalance,rebalance,36.332451312601805
2011-06-09,2011-06-10,ADBE,buy,5.6946986384401725,32.22999954223633,183.54013451010061,0.18354013451010062,rebalance,rebalance,0.0
2011-06-09,2011-06-10,ADSK,buy,16.498798115066535,37.970001220703125,626.4593845692108,0.6264593845692108,rebalance,rebalance,0.0
2011-06-09,2011-06-10,CIEN,buy,85.11467090249539,18.81999969482422,1601.858080410027,1.601858080410027,rebalance,rebalance,0.0
2011-06-09,2011-06-10,IBM,buy,67.0111950382125,91.21003502501273,6112.0934465033215,6.112093446503321,rebalance,rebalance,0.0
2011-06-09,2011-06-10,IT,buy,0.7075956408179991,36.459999084472656,25.79893641640109,0.025798936416401092,rebalance,rebalance,0.0
2011-06-09,2011-06-10,MU,buy,86.73225111913769,8.395930283595357,728.1979337355654,0.7281979337355654,rebalance,rebalance,0.0
2011-06-09,2011-06-10,ON,buy,20.153101741224873,10.489999771118164,211.40603265277,0.21140603265277,rebalance,rebalance,0.0
2011-06-09,2011-06-10,ORCL,buy,10.34561049347721,25.419564826547255,262.98091660915145,0.26298091660915146,rebalance,rebalance,0.0
2011-06-09,2011-06-10,STX,buy,762.4486307144579,8.016400319029941,6112.0934465033215,6.112093446503321,rebalance,rebalance,0.0
2011-06-09,2011-06-10,TER,buy,18.21196305848332,13.391572372078622,243.8868213353017,0.2438868213353017,rebalance,rebalance,0.0
2011-06-09,2011-06-10,VRSN,buy,183.13806203388242,33.37423896826276,6112.0934465033215,6.112093446503321,rebalance,rebalance,0.0
2011-07-08,2011-07-11,ADBE,sell,189.6398862337441,31.18000030517578,5912.971710641642,5.912971710641642,rebalance,rebalance,-592.2940496876739
2011-07-08,2011-07-11,ADSK,sell,160.97164208598196,39.72999954223633,6395.403266389093,6.395403266389093,rebalance,rebalance,-391.5447009702309
2011-07-08,2011-07-11,CIEN,sell,324.7658632100955,17.299999237060547,5618.449185757962,5.618449185757963,rebalance,rebalance,-2131.9343759665467
2011-07-08,2011-07-11,MU,sell,727.9828726598196,7.362285857551286,5359.618007922948,5.359618007922948,rebalance,rebalance,-1906.727111651719
2011-07-08,2011-07-11,ON,sell,582.6590638573306,10.319999694824219,6013.041361194217,6.013041361194217,rebalance,rebalance,-317.1519708686911
2011-07-08,2011-07-11,ORCL,sell,240.44839037213086,27.239480438265478,6549.68922595408,6.54968922595408,rebalance,rebalance,-223.54527449788378
2011-07-08,2011-07-11,CACI,buy,10.428202286041127,64.93000030517578,677.1031776150852,0.6771031776150852,rebalance,rebalance,0.0
2011-07-08,2011-07-11,CDNS,buy,95.86419817696753,10.4399995803833,1000.8221887413226,1.0008221887413227,rebalance,rebalance,0.0
2011-07-08,2011-07-11,CHKP,buy,11.594939473737497,58.400001525878906,677.1444829587434,0.6771444829587434,rebalance,rebalance,0.0
2011-07-08,2011-07-11,ENTG,buy,28.12666589217463,9.550323229036673,268.6187506253888,0.2686187506253888,rebalance,rebalance,0.0
2011-07-08,2011-07-11,FTNT,buy,1315.2606088471734,5.521999835968018,7262.868866309287,7.2628688663092875,rebalance,rebalance,0.0
2011-07-08,2011-07-11,GEN,buy,1051.2143050793193,6.909027808331877,7262.868866309286,7.262868866309287,rebalance,rebalance,0.0
2011-07-08,2011-07-11,IBM,buy,7.913733021855748,96.9352798108335,767.11992482182,0.76711992482182,rebalance,rebalance,0.0
2011-07-08,2011-07-11,INTC,buy,468.7337089623481,15.494658752807323,7262.868866309287,7.2628688663092875,rebalance,rebalance,0.0
2011-07-08,2011-07-11,INTU,buy,162.38449333998312,44.726369599239234,7262.868866309287,7.2628688663092875,rebalance,rebalance,0.0
2011-07-08,2011-07-11,IT,buy,10.547859077729981,40.7599983215332,429.9307183040428,0.4299307183040428,rebalance,rebalance,0.0
2011-07-08,2011-07-11,MCHP,buy,561.8509944632207,12.926681518554688,7262.868866309287,7.2628688663092875,rebalance,rebalance,0.0
2011-07-08,2011-07-11,QCOM,buy,183.165630912848,39.65191957745081,7262.868866309287,7.2628688663092875,rebalance,rebalance,0.0
2011-07-08,2011-07-11,STX,buy,73.35786753917887,8.689653504111991,637.454450716009,0.637454450716009,rebalance,rebalance,0.0
2011-07-08,2011-07-11,TER,buy,81.8661116336338,13.492745567565485,1104.5986148785337,1.1045986148785336,rebalance,rebalance,0.0
2011-07-08,2011-07-11,VRSN,buy,33.65150807883268,33.50192937110911,1127.3904468883597,1.1273904468883598,rebalance,rebalance,0.0
2011-08-02,2011-08-03,CACI,sell,111.85690485404696,52.689998626708984,5893.740163147651,5.893740163147651,market_trend_exit,risk_exit,-780.0932030425038
2011-08-02,2011-08-03,CDNS,sell,695.6771224355388,9.739999771118164,6775.895013294291,6.775895013294291,market_trend_exit,risk_exit,-38.69510701488733
2011-08-02,2011-08-03,CHKP,sell,124.36418966685947,56.83000183105469,7067.617126485256,7.067617126485256,market_trend_exit,risk_exit,781.2467845780586
2011-08-02,2011-08-03,ENTG,sell,760.484089609382,7.886904174549785,5997.865141018927,5.997865141018927,market_trend_exit,risk_exit,365.30907625311806
2011-08-02,2011-08-03,FTNT,sell,1315.2606088471734,4.046000003814697,5321.544428412984,5.3215444284129845,market_trend_exit,risk_exit,-1953.9088511910238
2011-08-02,2011-08-03,GEN,sell,1051.2143050793193,6.562160778415964,6898.237282501303,6.898237282501303,market_trend_exit,risk_exit,-378.79268995679354
2011-08-02,2011-08-03,IBM,sell,74.92492806006825,98.47049081675921,7377.8944404852955,7.377894440485296,market_trend_exit,risk_exit,484.423961348345
2011-08-02,2011-08-03,INTC,sell,468.7337089623481,14.796504837159718,6935.620592001199,6.935620592001199,market_trend_exit,risk_exit,-341.446763766398
2011-08-02,2011-08-03,INTU,sell,162.38449333998312,39.74220912508559,6453.518492988677,6.453518492988677,market_trend_exit,risk_exit,-823.0667606799068
2011-08-02,2011-08-03,IT,sell,178.18619149629276,37.58000183105469,6696.237402699343,6.696237402699343,market_trend_exit,risk_exit,-324.5457696488562
2011-08-02,2011-08-03,MCHP,sell,561.8509944632207,11.250486760814908,6321.097174759155,6.321097174759155,market_trend_exit,risk_exit,-955.3556575912002
2011-08-02,2011-08-03,QCOM,sell,183.165630912848,35.93181359345447,6581.473306687936,6.581473306687936,market_trend_exit,risk_exit,-695.239901794347
2011-08-02,2011-08-03,STX,sell,835.8064982536367,6.984335903348175,5837.553334004589,5.837553334004589,market_trend_exit,risk_exit,-924.5816644459645
2011-08-02,2011-08-03,TER,sell,538.2795391746008,11.644045669710051,6267.751537219532,6.2677515372195325,market_trend_exit,risk_exit,-1330.4257923671914
2011-08-02,2011-08-03,VRSN,sell,216.7895701127151,29.416084957558105,6377.100412348127,6.377100412348128,market_trend_exit,risk_exit,-876.0000653492923
2011-12-28,2011-12-29,AAPL,buy,357.15054194089083,12.065542141303485,4309.214914577196,4.309214914577196,rebalance,rebalance,0.0
2011-12-28,2011-12-29,AMZN,buy,508.10222163810664,8.480999946594238,4309.214914577196,4.309214914577196,rebalance,rebalance,0.0
2011-12-28,2011-12-29,CDNS,buy,422.8866626131013,10.1899995803833,4309.214914577196,4.309214914577196,rebalance,rebalance,0.0
2011-12-28,2011-12-29,CHKP,buy,81.24462368392764,53.040000915527344,4309.214914577196,4.309214914577196,rebalance,rebalance,0.0
2011-12-28,2011-12-29,CSCO,buy,366.15747207291406,11.768747719885639,4309.214914577196,4.309214914577196,rebalance,rebalance,0.0
2011-12-28,2011-12-29,FFIV,buy,40.57259158010087,106.20999908447266,4309.214914577196,4.309214914577196,rebalance,rebalance,0.0
2011-12-28,2011-12-29,GOOGL,buy,270.81191795290704,15.91220558958764,4309.214914577196,4.309214914577196,rebalance,rebalance,0.0
2011-12-28,2011-12-29,IBM,buy,41.88839227376943,102.87372421489742,4309.214914577196,4.309214914577196,rebalance,rebalance,0.0
2011-12-28,2011-12-29,INTC,buy,255.96146148788952,16.835405179857833,4309.214914577196,4.309214914577196,rebalance,rebalance,0.0
2011-12-28,2011-12-29,INTU,buy,93.33734656764047,46.168174616517085,4309.214914577196,4.309214914577196,rebalance,rebalance,0.0
2011-12-28,2011-12-29,MSFT,buy,213.37908407499486,20.19511393657809,4309.214914577196,4.309214914577196,rebalance,rebalance,0.0
2011-12-28,2011-12-29,QCOM,buy,116.2220506370907,37.07742972142989,4309.214914577196,4.309214914577196,rebalance,rebalance,0.0
2011-12-28,2011-12-29,SNPS,buy,159.4234112138301,27.030000686645508,4309.214914577196,4.309214914577196,rebalance,rebalance,0.0
2011-12-28,2011-12-29,STX,buy,513.9376040680169,8.384704447520628,4309.214914577196,4.309214914577196,rebalance,rebalance,0.0
2011-12-28,2011-12-29,VRSN,buy,122.7252707031806,35.112694312154545,4309.214914577196,4.309214914577196,rebalance,rebalance,0.0
2012-01-27,2012-01-30,AMZN,sell,508.10222163810664,9.684000015258789,4920.46192209645,4.920461922096449,rebalance,rebalance,602.0173306825798
2012-01-27,2012-01-30,CHKP,sell,81.24462368392764,55.63999938964844,4520.450812185951,4.520450812185951,rebalance,rebalance,202.40623188199157
2012-01-27,2012-01-30,MSFT,sell,213.37908407499486,22.54537432694366,4810.711324011142,4.810711324011142,rebalance,rebalance,492.3764831953571
2012-01-27,2012-01-30,QCOM,sell,116.2220506370907,38.97011547629353,4529.186734219059,4.529186734219059,rebalance,rebalance,211.1334179930664
2012-01-27,2012-01-30,AAPL,buy,238.809039011886,13.331023540988467,3183.568920868285,3.1835689208682854,rebalance,rebalance,0.0
2012-01-27,2012-01-30,ADBE,buy,258.87100244076436,30.690000534057617,7944.751203159089,7.944751203159089,rebalance,rebalance,0.0
2012-01-27,2012-01-30,ADI,buy,281.85283165498697,28.187586963412784,7944.751203159089,7.944751203159089,rebalance,rebalance,0.0
2012-01-27,2012-01-30,AKAM,buy,252.77604600757118,31.43000030517578,7944.7512031590895,7.94475120315909,rebalance,rebalance,0.0
2012-01-27,2012-01-30,CDNS,buy,330.17030985371116,10.550000190734863,3483.2968319316415,3.4832968319316415,rebalance,rebalance,0.0
2012-01-27,2012-01-30,CSCO,buy,263.321674669642,12.621150747045046,3323.4225509699045,3.3234225509699047,rebalance,rebalance,0.0
2012-01-27,2012-01-30,FFIV,buy,26.19002357249652,119.0,3116.612805127086,3.1166128051270863,rebalance,rebalance,0.0
2012-01-27,2012-01-30,GOOGL,buy,283.27052081746,14.338572470894892,4061.6948916092906,4.0616948916092905,rebalance,rebalance,0.0
2012-01-27,2012-01-30,IBM,buy,33.17042683699736,105.84700501928702,3510.9903359075524,3.5109903359075525,rebalance,rebalance,0.0
2012-01-27,2012-01-30,INTC,buy,177.67362027048418,18.32128334945463,3255.2087406989467,3.2552087406989467,rebalance,rebalance,0.0
2012-01-27,2012-01-30,INTU,buy,65.74076792902132,49.94245266419605,3283.2551904030447,3.283255190403045,rebalance,rebalance,0.0
2012-01-27,2012-01-30,MCHP,buy,618.7369696767323,12.840272349185689,7944.75120315909,7.944751203159091,rebalance,rebalance,0.0
2012-01-27,2012-01-30,SNPS,buy,115.19639934101866,28.93000030517578,3332.631868090821,3.332631868090821,rebalance,rebalance,0.0
2012-01-27,2012-01-30,STX,buy,203.0000957278031,11.081508484519244,2249.547283165869,2.249547283165869,rebalance,rebalance,0.0
2012-01-27,2012-01-30,VRSN,buy,102.34294301035888,35.299303584783175,3612.6346150828213,3.6126346150828215,rebalance,rebalance,0.0
2012-02-27,2012-02-28,AAPL,sell,595.9595809527768,15.791094996371728,9410.854356823185,9.410854356823185,rebalance,rebalance,1901.166883185436
2012-02-27,2012-02-28,ADBE,sell,77.64822126033508,33.36000061035156,2590.3447086374913,2.5903447086374913,rebalance,rebalance,202.34738802859823
2012-02-27,2012-02-28,ADI,sell,281.85283165498697,28.209324879719052,7950.87809642429,7.95087809642429,rebalance,rebalance,-9.768736034381398
2012-02-27,2012-02-28,AKAM,sell,90.04140690998369,37.150001525878906,3345.0384040981776,3.3450384040981778,rebalance,rebalance,508.8619175881764
2012-02-27,2012-02-28,CDNS,sell,753.0569724668125,11.869999885559082,8938.786177000533,8.938786177000534,rebalance,rebalance,1129.5431325681855
2012-02-27,2012-02-28,CSCO,sell,168.53214235284048,13.11559036768873,2210.3985428888604,2.2103985428888606,rebalance,rebalance,162.63811258027567
2012-02-27,2012-02-28,FFIV,sell,19.718864866956068,128.50999450683594,2534.0712157335643,2.5340712157335643,rebalance,rebalance,336.06709157798724
2012-02-27,2012-02-28,GOOGL,sell,554.082438770367,15.131095907896286,8383.874521915495,8.383874521915496,rebalance,rebalance,-3.790068599092244
2012-02-27,2012-02-28,IBM,sell,75.05881911076679,110.94961885275951,8327.747371877796,8.327747371877797,rebalance,rebalance,491.3941687706859
2012-02-27,2012-02-28,INTC,sell,111.3801054412653,18.76027535674015,2089.5214473408887,2.0895214473408887,rebalance,rebalance,142.55046655322653
2012-02-27,2012-02-28,INTU,sell,40.573649541720286,51.01573255562498,2069.894453826058,2.069894453826058,rebalance,rebalance,129.39150469126963
2012-02-27,2012-02-28,MCHP,sell,618.7369696767323,12.97065430362937,8025.423338552103,8.025423338552104,rebalance,rebalance,64.70196085130307
2012-02-27,2012-02-28,SNPS,sell,274.61981055484875,30.75,8444.559174561598,8.444559174561599,rebalance,rebalance,786.6259859363519
2012-02-27,2012-02-28,STX,sell,299.99756021589536,14.499904223373123,4349.935890376094,4.349935890376094,rebalance,rebalance,1598.3733716107365
2012-02-27,2012-02-28,VRSN,sell,225.06821371353948,37.05739107524969,8340.440814190508,8.340440814190508,rebalance,rebalance,402.3289941866399
2012-02-27,2012-02-28,ADSK,buy,159.01083687531153,38.02000045776367,6045.5920907887285,6.045592090788729,rebalance,rebalance,0.0
2012-02-27,2012-02-28,CIEN,buy,390.7945692589089,15.470000267028809,6045.5920907887285,6.045592090788729,rebalance,rebalance,0.0
2012-02-27,2012-02-28,FTNT,buy,1115.422879278361,5.420000076293945,6045.592090788729,6.0455920907887295,rebalance,rebalance,0.0
2012-02-27,2012-02-28,MU,buy,704.5152818672686,8.58120788347601,6045.5920907887285,6.045592090788729,rebalance,rebalance,0.0
2012-02-27,2012-02-28,NXPI,buy,277.12462436981804,21.815427281268914,6045.5920907887285,6.045592090788729,rebalance,rebalance,0.0
2012-02-27,2012-02-28,TER,buy,396.68541113978074,15.240268285688057,6045.5920907887285,6.045592090788729,rebalance,rebalance,0.0
2012-02-27,2012-02-28,TXN,buy,269.7709073434829,22.41009659018288,6045.5920907887285,6.045592090788729,rebalance,rebalance,0.0
2012-02-27,2012-02-28,WDC,buy,256.69831950080066,23.55135048233096,6045.5920907887285,6.045592090788729,rebalance,rebalance,0.0
2012-03-26,2012-03-27,INTC,sell,322.2549763171084,19.67286202923868,6339.6776873220515,6.339677687322052,rebalance,rebalance,706.2313900436314
2012-03-26,2012-03-27,INTU,sell,118.5044649549415,51.860257810512735,6145.6721042601375,6.145672104260138,rebalance,rebalance,477.8969117516184
2012-03-26,2012-03-27,MU,sell,704.5152818672686,8.122893904805712,5722.702888922115,5.7227028889221145,rebalance,rebalance,-334.65749684632414
2012-03-26,2012-03-27,TXN,sell,269.7709073434829,22.970514133167498,6196.776439850894,6.196776439850894,rebalance,rebalance,138.94198053152599
2012-03-26,2012-03-27,AAPL,buy,372.8953745895132,18.130625634704092,6760.826437595213,6.760826437595213,rebalance,rebalance,0.0
2012-03-26,2012-03-27,ADBE,buy,15.71360323535643,34.33000183105469,539.4480278422532,0.5394480278422532,rebalance,rebalance,0.0
2012-03-26,2012-03-27,ADSK,buy,1.4264325959355233,42.13999938964844,60.10986872209759,0.06010986872209759,rebalance,rebalance,0.0
2012-03-26,2012-03-27,AKAM,buy,15.88693844931106,37.849998474121094,601.3205960648794,0.6013205960648794,rebalance,rebalance,0.0
2012-03-26,2012-03-27,CIEN,buy,31.229540878912985,16.020000457763672,500.2972591759353,0.5002972591759354,rebalance,rebalance,0.0
2012-03-26,2012-03-27,CSCO,buy,35.56884664662641,13.616536961476303,484.324515040871,0.48432451504087104,rebalance,rebalance,0.0
2012-03-26,2012-03-27,FFIV,buy,3.058712403514953,134.94000244140625,412.74265919786734,0.41274265919786735,rebalance,rebalance,0.0
2012-03-26,2012-03-27,FTNT,buy,132.42248091107808,5.418000221252441,717.4650308750182,0.7174650308750182,rebalance,rebalance,0.0
2012-03-26,2012-03-27,MSFT,buy,264.3369455818517,25.576547473201128,6760.826437595213,6.760826437595213,rebalance,rebalance,0.0
2012-03-26,2012-03-27,NXPI,buy,7.919202292283728,23.718550641020087,187.83200060601396,0.18783200060601396,rebalance,rebalance,0.0
2012-03-26,2012-03-27,SNPS,buy,221.37610461425461,30.540000915527344,6760.826437595213,6.760826437595213,rebalance,rebalance,0.0
2012-03-26,2012-03-27,STX,buy,30.009977910652196,15.126579394484114,453.9483134921949,0.45394831349219494,rebalance,rebalance,0.0
2012-03-26,2012-03-27,TER,buy,31.428324008386937,15.792126910516735,496.32008132528654,0.49632008132528654,rebalance,rebalance,0.0
2012-03-26,2012-03-27,VRSN,buy,178.42242960306987,37.892245120951365,6760.826437595213,6.760826437595213,rebalance,rebalance,0.0
2012-03-26,2012-03-27,WDC,buy,5.120677591701337,25.822520568309177,132.22880243538768,0.13222880243538768,rebalance,rebalance,0.0
2012-04-24,2012-04-25,AAPL,sell,26.821396301208836,18.41356402324981,493.8774979852645,0.4938774979852645,rebalance,rebalance,6.608636454687632
2012-04-24,2012-04-25,ADBE,sell,196.9363844157857,32.63999938964844,6428.003467130816,6.428003467130816,rebalance,rebalance,314.29900933159854
2012-04-24,2012-04-25,AKAM,sell,11.057665884046912,38.029998779296875,420.5230200721768,0.4205230200721768,rebalance,rebalance,65.89219730327736
2012-04-24,2012-04-25,CIEN,sell,22.747459714183947,15.960000038146973,363.04945790612254,0.36304945790612253,rebalance,rebalance,9.50455685345191
2012-04-24,2012-04-25,CSCO,sell,496.515851036342,12.793055034125302,6351.954607623484,6.351954607623484,rebalance,rebalance,266.0737422129975
2012-04-24,2012-04-25,FFIV,sell,0.9701920188999296,129.6999969482422,125.83390189052979,0.1258339018905298,rebalance,rebalance,16.28239263739554
2012-04-24,2012-04-25,FTNT,sell,83.71394209712798,5.473999977111816,458.2501171236185,0.4582501171236185,rebalance,rebalance,3.626348958029554
2012-04-24,2012-04-25,MSFT,sell,264.3369455818517,25.004697184064085,6609.665278834628,6.609665278834628,rebalance,rebalance,-164.53165047701327
2012-04-24,2012-04-25,SNPS,sell,221.37610461425461,29.219999313354492,6468.609624821612,6.468609624821612,rebalance,rebalance,-305.44624883601733
2012-04-24,2012-04-25,STX,sell,52.444787650552996,16.15302728248705,847.1420857436224,0.8471420857436224,rebalance,rebalance,344.9617871785784
2012-04-24,2012-04-25,TER,sell,5.389114418478755,15.07472014521558,81.23939168911343,0.08123939168911344,rebalance,rebalance,-1.2740740644761563
2012-04-24,2012-04-25,VRSN,sell,178.42242960306987,40.70125843143449,7262.017417238974,7.262017417238974,rebalance,rebalance,487.16813578892743
2012-04-24,2012-04-25,WDC,sell,8.947489585380964,25.200369226307572,225.48004120014195,0.22548004120014195,rebalance,rebalance,13.92052999608715
2012-04-24,2012-04-25,ADSK,buy,1.9596490663325028,39.2400016784668,76.8966326520933,0.0768966326520933,rebalance,rebalance,0.0
2012-04-24,2012-04-25,AMD,buy,858.8214677182721,7.420000076293945,6372.455355992457,6.372455355992457,rebalance,rebalance,0.0
2012-04-24,2012-04-25,MU,buy,984.1765518121704,6.474910771099775,6372.455355992457,6.372455355992457,rebalance,rebalance,0.0
2012-04-24,2012-04-25,NXPI,buy,10.284356497263786,21.577538885117985,221.91110222812515,0.22191110222812516,rebalance,rebalance,0.0
2012-04-24,2012-04-25,ON,buy,801.5667306766261,7.949999809265137,6372.455355992457,6.372455355992457,rebalance,rebalance,0.0
2012-04-24,2012-04-25,QCOM,buy,147.990945780372,43.0597650578542,6372.455355992457,6.372455355992457,rebalance,rebalance,0.0
2012-04-24,2012-04-25,SWKS,buy,319.1995053812984,19.96386350404982,6372.455355992457,6.372455355992457,rebalance,rebalance,0.0
2012-05-22,2012-05-23,AAPL,sell,100.65881480588598,16.674619304705086,1678.4474165509605,1.6784474165509606,rebalance,rebalance,-150.06332623219683
2012-05-22,2012-05-23,ADSK,sell,34.55547407494575,32.0099983215332,1106.1206671387974,1.1061206671387975,rebalance,rebalance,-211.85938142347902
2012-05-22,2012-05-23,AKAM,sell,25.275859155753665,28.760000228881836,726.9337151046605,0.7269337151046604,rebalance,rebalance,-83.45501720803529
2012-05-22,2012-05-23,AMD,sell,174.50634905288518,5.980000019073486,1043.547970664698,1.043547970664698,rebalance,rebalance,-253.62753771543885
2012-05-22,2012-05-23,CIEN,sell,58.827044198527574,12.020000457763672,707.1010981951852,0.7071010981951852,rebalance,rebalance,-206.96708387364478
2012-05-22,2012-05-23,FFIV,sell,13.609661893540313,115.19999694824219,1567.833008602452,1.5678330086024521,rebalance,rebalance,31.26342852593901
2012-05-22,2012-05-23,FTNT,sell,1164.1314180923112,4.599999904632568,5355.004412204408,5.3550044122044085,rebalance,rebalance,-966.0052529447414
2012-05-22,2012-05-23,MU,sell,984.1765518121704,5.490022620797311,5403.151532307113,5.403151532307112,rebalance,rebalance,-981.0794305736442
2012-05-22,2012-05-23,NXPI,sell,72.13946646981094,18.335176093885423,1322.6898210429265,1.3226898210429265,rebalance,rebalance,-257.04680882851204
2012-05-22,2012-05-23,ON,sell,801.5667306766261,6.670000076293945,5346.450154767785,5.346450154767785,rebalance,rebalance,-1037.7241067354323
2012-05-22,2012-05-23,QCOM,sell,147.990945780372,39.2818769990418,5813.362129116436,5.813362129116436,rebalance,rebalance,-571.2790443611287
2012-05-22,2012-05-23,STX,sell,103.16164113240757,14.045969009399416,1449.0052143045807,1.4490052143045806,rebalance,rebalance,461.40766138137184
2012-05-22,2012-05-23,SWKS,sell,109.61810610347086,19.525608841109683,2140.36026167963,2.1403602616796302,rebalance,rebalance,-52.36940731201434
2012-05-22,2012-05-23,TER,sell,125.9098897173991,13.787066459655762,1735.928017461709,1.735928017461709,rebalance,rebalance,-191.73334550251556
2012-05-22,2012-05-23,WDC,sell,53.32002224999573,20.507010596280036,1093.4342612745497,1.0934342612745498,rebalance,rebalance,-167.044292830362
2012-05-22,2012-05-23,ADBE,buy,129.09161905937538,31.700000762939453,4092.2044226712887,4.092204422671289,rebalance,rebalance,0.0
2012-05-22,2012-05-23,CRM,buy,113.2558261427434,36.13239655780381,4092.2044226712883,4.092204422671289,rebalance,rebalance,0.0
2012-05-22,2012-05-23,MSFT,buy,176.82763695242585,23.14233506254605,4092.2044226712883,4.092204422671289,rebalance,rebalance,0.0
2012-05-22,2012-05-23,VRSN,buy,106.23354210799656,38.520831946949215,4092.2044226712883,4.092204422671289,rebalance,rebalance,0.0
2012-06-20,2012-06-21,AAPL,sell,11.14465588937776,17.510292917154743,195.14618908389826,0.19514618908389827,rebalance,rebalance,-7.310600446851833
2012-06-20,2012-06-21,ADBE,sell,0.17442078322602583,31.81999969482422,5.550069269023143,0.0055500692690231435,rebalance,rebalance,0.009851099455267404
2012-06-20,2012-06-21,ADSK,sell,127.8414444626338,34.689998626708984,4434.819532845259,4.4348195328452595,rebalance,rebalance,-441.52254954752925
2012-06-20,2012-06-21,AKAM,sell,142.28805250709797,31.68000030517578,4507.6855468477315,4.507685546847732,rebalance,rebalance,-54.73646326998705
2012-06-20,2012-06-21,AMD,sell,5.15200016990957,6.039999961853027,31.118080829720594,0.031118080829720594,rebalance,rebalance,-7.179106746558349
2012-06-20,2012-06-21,CIEN,sell,77.9962997779403,15.630000114440918,1219.082174455175,1.219082174455175,rebalance,rebalance,6.876110910808994
2012-06-20,2012-06-21,MSFT,sell,8.788314693298588,24.411817154790107,214.53873139156042,0.21453873139156043,rebalance,rebalance,10.738687269488924
2012-06-20,2012-06-21,NXPI,sell,5.727739199344853,18.863822176966657,108.04705373248268,0.10804705373248269,rebalance,rebalance,-17.384118645477084
2012-06-20,2012-06-21,SWKS,sell,23.10833342578141,21.998593689983316,508.3508378864255,0.5083508378864255,rebalance,rebalance,46.04954111584868
2012-06-20,2012-06-21,VRSN,sell,106.23354210799656,42.89150160033813,4556.516141334722,4.556516141334723,rebalance,rebalance,455.6629980994283
2012-06-20,2012-06-21,AMZN,buy,366.52475582471453,11.192000389099121,4102.145209804666,4.102145209804665,rebalance,rebalance,0.0
2012-06-20,2012-06-21,CRM,buy,10.081393192785058,33.25958888893974,335.30299301978664,0.33530299301978667,rebalance,rebalance,0.0
2012-06-20,2012-06-21,FFIV,buy,5.157134963648275,100.83999633789062,520.0454708482997,0.5200454708482998,rebalance,rebalance,0.0
2012-06-20,2012-06-21,INTC,buy,212.5107387845226,19.303237254113906,4102.145209804666,4.102145209804665,rebalance,rebalance,0.0
2012-06-20,2012-06-21,IT,buy,95.5542786080553,42.93000030517578,4102.145209804666,4.102145209804665,rebalance,rebalance,0.0
2012-06-20,2012-06-21,STX,buy,23.023203945581997,13.048909747407945,300.427710382066,0.300427710382066,rebalance,rebalance,0.0
2012-06-20,2012-06-21,TER,buy,3.3240281781645535,13.667495730538525,45.431140933253786,0.04543114093325379,rebalance,rebalance,0.0
2012-06-20,2012-06-21,WDC,buy,23.111776551475202,18.423089541061497,425.79032886083314,0.4257903288608332,rebalance,rebalance,0.0
2012-07-19,2012-07-20,AAPL,sell,16.165732614446114,18.335502607087566,296.4068324976572,0.2964068324976572,rebalance,rebalance,2.7224846757676473
2012-07-19,2012-07-20,ADBE,sell,3.672580925174003,31.93000030517578,117.26551006158867,0.11726551006158867,rebalance,rebalance,0.6110056034243448
2012-07-19,2012-07-20,AMD,sell,679.1631184954773,4.619999885559082,3137.7335297250543,3.1377335297250544,rebalance,rebalance,-1909.8339852481981
2012-07-19,2012-07-20,AMZN,sell,11.620531934701546,11.267999649047852,130.94014976196638,0.13094014976196638,rebalance,rebalance,0.6221546795512354
2012-07-19,2012-07-20,CRM,sell,5.43413832513761,33.91820329008898,184.31620841848112,0.18431620841848112,rebalance,rebalance,-11.135583008853068
2012-07-19,2012-07-20,FFIV,sell,40.67974374036431,101.51000213623047,4129.400873985689,4.12940087398569,rebalance,rebalance,-401.8055171294978
2012-07-19,2012-07-20,IT,sell,7.410995284593753,45.369998931884766,336.2368481462216,0.33623684814622157,rebalance,rebalance,17.428427438980076
2012-07-19,2012-07-20,MSFT,sell,4.434090827394698,24.443354501820753,108.3840539872803,0.1083840539872803,rebalance,rebalance,5.557839092337552
2012-07-19,2012-07-20,NXPI,sell,19.431253293419957,20.194244507780283,392.3994800999335,0.39239948009993353,rebalance,rebalance,-33.14939158417555
2012-07-19,2012-07-20,STX,sell,43.322489290258716,14.754263953140406,639.1914420955754,0.6391914420955754,rebalance,rebalance,213.3081143851508
2012-07-19,2012-07-20,SWKS,sell,7.424924449518045,22.335114114632194,165.83653487250817,0.16583653487250818,rebalance,rebalance,17.292289921337108
2012-07-19,2012-07-20,TER,sell,300.1387591904544,12.591386498392852,3779.163120115071,3.779163120115071,rebalance,rebalance,-810.189038056696
2012-07-19,2012-07-20,WDC,sell,222.6632618086005,19.655314690456915,4376.51648085164,4.37651648085164,rebalance,rebalance,-767.3557179297532
2012-07-19,2012-07-20,CDNS,buy,343.26702156087924,11.649999618530273,3999.0606702382665,3.9990606702382667,rebalance,rebalance,0.0
2012-07-19,2012-07-20,CIEN,buy,4.150738235381027,15.0,62.26107353071541,0.06226107353071541,rebalance,rebalance,0.0
2012-07-19,2012-07-20,IBM,buy,36.570431830036235,109.35229556009058,3999.0606702382665,3.9990606702382667,rebalance,rebalance,0.0
2012-07-19,2012-07-20,INTC,buy,7.793041044874997,18.152483236261872,141.46304692659407,0.1414630469265941,rebalance,rebalance,0.0
2012-07-19,2012-07-20,INTU,buy,75.90086307545526,52.68794725381033,3999.060670238267,3.999060670238267,rebalance,rebalance,0.0
2012-07-19,2012-07-20,VRSN,buy,92.55842038990312,43.205800762288185,3999.0606702382665,3.9990606702382667,rebalance,rebalance,0.0
2012-08-16,2012-08-17,CDNS,sell,343.26702156087924,12.640000343322754,4338.895270380893,4.338895270380893,rebalance,rebalance,331.4966442020079
2012-08-16,2012-08-17,CIEN,sell,266.6040446825511,17.43000030517578,4646.908580177963,4.646908580177963,rebalance,rebalance,505.0330116142209
2012-08-16,2012-08-17,NXPI,sell,198.0297241967898,22.846289843802026,4524.244476688035,4.524244476688035,rebalance,rebalance,186.82324097348894
2012-08-16,2012-08-17,AAPL,buy,97.40530215157511,19.224350331775444,1872.5536527343204,1.8725536527343205,rebalance,rebalance,0.0
2012-08-16,2012-08-17,ADBE,buy,54.579762674904885,33.72999954223633,1840.9753700399092,1.8409753700399092,rebalance,rebalance,0.0
2012-08-16,2012-08-17,AMZN,buy,149.29165230206485,12.029999732971191,1795.9785373286682,1.7959785373286683,rebalance,rebalance,0.0
2012-08-16,2012-08-17,CRM,buy,48.40408597229708,36.47152654934751,1765.3709066355323,1.7653709066355323,rebalance,rebalance,0.0
2012-08-16,2012-08-17,GOOGL,buy,362.7330886904481,16.72159625098904,6065.476255955872,6.065476255955872,rebalance,rebalance,0.0
2012-08-16,2012-08-17,IBM,buy,16.74107388945817,113.77424392907197,1904.7030243338315,1.9047030243338317,rebalance,rebalance,0.0
2012-08-16,2012-08-17,INTC,buy,102.20828345213309,18.806974828290784,1922.2286141270765,1.9222286141270766,rebalance,rebalance,0.0
2012-08-16,2012-08-17,INTU,buy,38.243009741557316,53.138868572293994,2032.1902684655731,2.0321902684655733,rebalance,rebalance,0.0
2012-08-16,2012-08-17,IT,buy,37.22827769440943,48.380001068115234,1801.1041146196187,1.8011041146196187,rebalance,rebalance,0.0
2012-08-16,2012-08-17,MSFT,buy,83.54370216318173,24.54178607097451,2050.3116660660166,2.050311666066017,rebalance,rebalance,0.0
2012-08-16,2012-08-17,ORCL,buy,231.2854687419636,26.225064155339968,6065.476255955872,6.065476255955872,rebalance,rebalance,0.0
2012-08-16,2012-08-17,SNPS,buy,194.40628550114252,31.200000762939453,6065.476255955872,6.065476255955872,rebalance,rebalance,0.0
2012-08-16,2012-08-17,STX,buy,48.056268891623404,19.008033461982592,913.4551671500108,0.9134551671500107,rebalance,rebalance,0.0
2012-08-16,2012-08-17,SWKS,buy,81.82421744516043,23.25074332423707,1902.4738775239864,1.9024738775239864,rebalance,rebalance,0.0
2012-08-16,2012-08-17,VRSN,buy,36.34091143534434,47.05591697076454,1710.054911143471,1.7100549111434709,rebalance,rebalance,0.0
2012-09-14,2012-09-17,ADBE,sell,179.82438002588023,33.290000915527344,5986.35377569569,5.98635377569569,rebalance,rebalance,163.32635646448665
2012-09-14,2012-09-17,CRM,sell,166.30716698268793,39.076460536279704,6498.695447499484,6.498695447499483,rebalance,rebalance,488.39302662196815
2012-09-14,2012-09-17,IBM,sell,53.311505719494406,116.30346767692104,6200.312982255209,6.200312982255209,rebalance,rebalance,284.44521100628464
2012-09-14,2012-09-17,INTC,sell,322.5120632815307,16.485308506467657,5316.710860253453,5.316710860253453,rebalance,rebalance,-860.6085583359923
2012-09-14,2012-09-17,MSFT,sell,247.1489335949143,24.756091800133216,6118.441688380726,6.118441688380726,rebalance,rebalance,269.96797809794003
2012-09-14,2012-09-17,AAPL,buy,79.12741602144564,21.007100571651772,1662.2375863374384,1.6622375863374383,rebalance,rebalance,0.0
2012-09-14,2012-09-17,ADI,buy,269.62665173757495,30.746921547092764,8290.18950798052,8.29018950798052,rebalance,rebalance,0.0
2012-09-14,2012-09-17,AKAM,buy,212.7872100306219,38.959999084472656,8290.18950798052,8.29018950798052,rebalance,rebalance,0.0
2012-09-14,2012-09-17,AMZN,buy,130.45977992126342,13.0625,1704.1308752215034,1.7041308752215034,rebalance,rebalance,0.0
2012-09-14,2012-09-17,CDNS,buy,611.370888749195,13.5600004196167,8290.18950798052,8.29018950798052,rebalance,rebalance,0.0
2012-09-14,2012-09-17,CIEN,buy,562.046746303764,14.75,8290.18950798052,8.29018950798052,rebalance,rebalance,0.0
2012-09-14,2012-09-17,GOOGL,buy,109.24647353193279,17.564721381038236,1918.8838694493677,1.9188838694493677,rebalance,rebalance,0.0
2012-09-14,2012-09-17,INTU,buy,41.86597359020294,53.138886415806994,2224.7112152969694,2.2247112152969692,rebalance,rebalance,0.0
2012-09-14,2012-09-17,IT,buy,41.500207441374144,49.68000030517578,2061.730318352326,2.061730318352326,rebalance,rebalance,0.0
2012-09-14,2012-09-17,ORCL,buy,77.894684078973,26.813459506832668,2088.625957349066,2.088625957349066,rebalance,rebalance,0.0
2012-09-14,2012-09-17,SNPS,buy,53.13593881922523,33.4900016784668,1779.522680242762,1.779522680242762,rebalance,rebalance,0.0
2012-09-14,2012-09-17,STX,buy,179.037549541455,16.64234773651892,2979.605157363128,2.979605157363128,rebalance,rebalance,0.0
2012-09-14,2012-09-17,SWKS,buy,96.16431634584882,23.219433979679238,2232.8809945934254,2.2328809945934256,rebalance,rebalance,0.0
2012-09-14,2012-09-17,VRSN,buy,48.20219730326272,46.81037791585023,2256.363072140105,2.256363072140105,rebalance,rebalance,0.0
2012-09-14,2012-09-17,WDC,buy,333.123051066117,24.886267946480576,8290.18950798052,8.29018950798052,rebalance,rebalance,0.0
2012-10-12,2012-10-15,AKAM,sell,212.7872100306219,37.54999923706055,7990.159574306095,7.990159574306095,rebalance,rebalance,-316.31028275671116
2012-10-12,2012-10-15,CIEN,sell,562.046746303764,12.779999732971191,7182.957267679431,7.1829572676794315,rebalance,rebalance,-1122.705387076747
2012-10-12,2012-10-15,GOOGL,sell,52.43313498801564,18.40387783223411,964.9730106804797,0.9649730106804797,rebalance,rebalance,76.12281800619442
2012-10-12,2012-10-15,INTU,sell,156.00984640721552,53.1187599694365,8287.049584173537,8.287049584173538,rebalance,rebalance,14.54441843455529
2012-10-12,2012-10-15,IT,sell,1.781302002132918,46.77000045776367,83.31149545517192,0.08331149545517193,rebalance,rebalance,1.5191734663766154
2012-10-12,2012-10-15,ORCL,sell,5.588224431472497,25.433091165277226,142.12582141766953,0.14212582141766952,rebalance,rebalance,-5.543627041228293
2012-10-12,2012-10-15,SNPS,sell,7.974079689987718,32.22999954223633,257.00458475806016,0.25700458475806015,rebalance,rebalance,3.783854474689691
2012-10-12,2012-10-15,VRSN,sell,13.560334024306997,47.213065716266804,640.224941424135,0.640224941424135,rebalance,rebalance,29.072959252249106
2012-10-12,2012-10-15,AAPL,buy,11.861943442267147,18.994568003511365,225.312491367949,0.225312491367949,rebalance,rebalance,0.0
2012-10-12,2012-10-15,ADI,buy,2.003613393162084,28.425702813547908,56.95411886726972,0.05695411886726972,rebalance,rebalance,0.0
2012-10-12,2012-10-15,AMZN,buy,1.2332662902848597,12.142499923706055,14.974935835693158,0.014974935835693159,rebalance,rebalance,0.0
2012-10-12,2012-10-15,CDNS,buy,6.826175563505899,12.489999771118164,85.25893122580108,0.08525893122580108,rebalance,rebalance,0.0
2012-10-12,2012-10-15,GEN,buy,1220.753173105633,6.325014230459366,7721.281191771554,7.7212811917715545,rebalance,rebalance,0.0
2012-10-12,2012-10-15,LDOS,buy,553.2291385284925,13.956750745828424,7721.281191771554,7.7212811917715545,rebalance,rebalance,0.0
2012-10-12,2012-10-15,NXPI,buy,396.53730608619225,19.47176488381459,7721.281191771555,7.721281191771555,rebalance,rebalance,0.0
2012-10-12,2012-10-15,STX,buy,1.6696417966498416,15.448498821667654,25.793459328152142,0.025793459328152142,rebalance,rebalance,0.0
2012-10-12,2012-10-15,SWKS,buy,85.59775800544674,17.44392350131625,1493.1607425311934,1.4931607425311935,rebalance,rebalance,0.0
2012-10-12,2012-10-15,WDC,buy,19.716600417776874,21.883258186258608,431.46345749750566,0.43146345749750564,rebalance,rebalance,0.0
2012-11-13,2012-11-14,AAPL,sell,38.38795130214561,16.460590333291748,631.8883401189723,0.6318883401189723,rebalance,rebalance,-97.99232333029465
2012-11-13,2012-11-14,ADI,sell,271.63026513073703,30.034983167433047,8158.410440967063,8.158410440967064,rebalance,rebalance,-205.23873994854102
2012-11-13,2012-11-14,AMZN,sell,100.84852872436022,11.324999809265137,1142.109568568049,1.1421095685680491,rebalance,rebalance,-47.64486103784148
2012-11-13,2012-11-14,CDNS,sell,138.05978924818584,12.619999885559082,1742.3145245124163,1.7423145245124163,rebalance,rebalance,-131.75787024160635
2012-11-13,2012-11-14,GEN,sell,264.8979740448957,6.339173927516406,1679.2343305173204,1.6792343305173203,rebalance,rebalance,0.39615727752831065
2012-11-13,2012-11-14,GOOGL,sell,49.79798698356967,16.38771580011768,816.0752581046992,0.8160752581046992,rebalance,rebalance,-28.00331942068457
2012-11-13,2012-11-14,IT,sell,34.33232367733834,46.34000015258789,1590.9598844465554,1.5909598844465553,rebalance,rebalance,14.531983800020196
2012-11-13,2012-11-14,LDOS,sell,553.2291385284925,14.173827780786546,7841.374532815756,7.841374532815756,rebalance,rebalance,104.53068531961463
2012-11-13,2012-11-14,NXPI,sell,396.53730608619225,21.815426944412945,8650.630631657641,8.650630631657641,rebalance,rebalance,912.9775280626582
2012-11-13,2012-11-14,ORCL,sell,57.7474097249501,24.647010188726465,1423.300995863407,1.423300995863407,rebalance,rebalance,-102.63529677095278
2012-11-13,2012-11-14,SNPS,sell,50.2731532498056,32.0099983215332,1609.243551144459,1.609243551144459,rebalance,rebalance,12.806485060264574
2012-11-13,2012-11-14,STX,sell,499.8078635926678,15.611712479018244,7802.8566611611,7.8028566611611,rebalance,rebalance,1211.7682303673787
2012-11-13,2012-11-14,SWKS,sell,442.6344331989841,16.39525032357134,7257.10233412946,7.257102334129461,rebalance,rebalance,-1962.3660467374204
2012-11-13,2012-11-14,VRSN,sell,18.44921690975923,41.7620080156772,770.4763444683324,0.7704763444683325,rebalance,rebalance,-60.912597093380285
2012-11-13,2012-11-14,WDC,sell,352.8396514838939,21.15989600139972,7466.050330569316,7.466050330569317,rebalance,rebalance,-1271.7903382047552
2012-11-13,2012-11-14,AKAM,buy,166.00910565388574,36.5,6059.332356366829,6.059332356366829,rebalance,rebalance,0.0
2012-11-13,2012-11-14,CACI,buy,118.8337351815719,50.9900016784668,6059.33235636683,6.05933235636683,rebalance,rebalance,0.0
2012-11-13,2012-11-14,CRM,buy,172.77446814849424,35.07076260341328,6059.33235636683,6.05933235636683,rebalance,rebalance,0.0
2012-11-13,2012-11-14,CSCO,buy,507.89534767333527,11.930277337889756,6059.33235636683,6.05933235636683,rebalance,rebalance,0.0
2012-11-13,2012-11-14,CTSH,buy,213.1231781678027,28.43112799113764,6059.33235636683,6.05933235636683,rebalance,rebalance,0.0
2012-11-13,2012-11-14,INTU,buy,114.934744608351,52.719761783214224,6059.33235636683,6.05933235636683,rebalance,rebalance,0.0
2012-11-14,2012-11-15,AAPL,sell,368.1114852917368,16.220101744296887,5970.805744676218,5.970805744676218,market_trend_exit,risk_exit,-1028.1105204320088
2012-11-14,2012-11-15,AKAM,sell,166.00910565388574,35.40999984741211,5878.382405873115,5.878382405873115,market_trend_exit,risk_exit,-192.8876652559541
2012-11-14,2012-11-15,AMZN,sell,535.0403936792659,11.114999771118164,5946.973853284013,5.946973853284013,market_trend_exit,risk_exit,-365.02053334801565
2012-11-14,2012-11-15,CACI,sell,118.8337351815719,50.369998931884766,5985.655114167654,5.9856551141676535,market_trend_exit,risk_exit,-85.7222296697105
2012-11-14,2012-11-15,CDNS,sell,480.1372750645151,12.399999618530273,5953.702027642153,5.953702027642152,market_trend_exit,risk_exit,-563.7454818015033
2012-11-14,2012-11-15,CRM,sell,172.77446814849424,34.451476409157685,5952.335513522615,5.952335513522615,market_trend_exit,risk_exit,-119.00851071410429
2012-11-14,2012-11-15,CSCO,sell,507.89534767333527,11.731988447038702,5958.622351208274,5.958622351208274,market_trend_exit,risk_exit,-112.72795986613045
2012-11-14,2012-11-15,CTSH,sell,213.1231781678027,28.2830939316115,6027.7828671235375,6.027782867123538,market_trend_exit,risk_exit,-43.63660446678206
2012-11-14,2012-11-15,GEN,sell,955.8551990607374,6.204672600230532,5930.768563400058,5.930768563400059,market_trend_exit,risk_exit,-127.00573921739257
2012-11-14,2012-11-15,GOOGL,sell,369.74844025079557,16.12329488615431,5961.5631358591845,5.961563135859184,market_trend_exit,risk_exit,-305.5951908764351
2012-11-14,2012-11-15,INTU,sell,114.934744608351,51.83311084594217,5957.425357334711,5.957425357334712,market_trend_exit,risk_exit,-113.92375674581918
2012-11-14,2012-11-15,IT,sell,130.75814277977386,45.7599983215332,5983.492394129251,5.983492394129251,market_trend_exit,risk_exit,-20.417585569739916
2012-11-14,2012-11-15,ORCL,sell,245.844518664514,24.22122213593188,5954.654697474444,5.954654697474444,market_trend_exit,risk_exit,-541.5159584652959
2012-11-14,2012-11-15,SNPS,sell,189.29499138057443,31.65999984741211,5993.079398224863,5.993079398224864,market_trend_exit,risk_exit,-17.966068076531
2012-11-14,2012-11-15,VRSN,sell,145.09197819444395,41.07448439251994,5959.578193827532,5.959578193827532,market_trend_exit,risk_exit,-578.6952940939525
2012-12-12,2012-12-13,ADI,buy,233.54965781622323,31.15481185687885,7276.1956485028695,7.27619564850287,rebalance,rebalance,0.0
2012-12-12,2012-12-13,AKAM,buy,182.72716484848758,39.81999969482422,7276.1956485028695,7.27619564850287,rebalance,rebalance,0.0
2012-12-12,2012-12-13,CDNS,buy,556.7097030143219,13.069999694824219,7276.195648502869,7.276195648502869,rebalance,rebalance,0.0
2012-12-12,2012-12-13,CRM,buy,178.18085283712622,40.83601314420683,7276.1956485028695,7.27619564850287,rebalance,rebalance,0.0
2012-12-12,2012-12-13,CTSH,buy,232.85231178021172,31.248114278422275,7276.1956485028695,7.27619564850287,rebalance,rebalance,0.0
2012-12-12,2012-12-13,GEN,buy,1092.3147984472964,6.661262539742056,7276.19564850287,7.2761956485028705,rebalance,rebalance,0.0
2012-12-12,2012-12-13,GOOGL,buy,409.73153761955024,17.758446642345277,7276.1956485028695,7.27619564850287,rebalance,rebalance,0.0
2012-12-12,2012-12-13,IT,buy,154.25473671722978,47.16999816894531,7276.1956485028695,7.27619564850287,rebalance,rebalance,0.0
2012-12-12,2012-12-13,NXPI,buy,330.86184711662077,21.991643073727346,7276.1956485028695,7.27619564850287,rebalance,rebalance,0.0
2012-12-12,2012-12-13,ORCL,buy,276.7474627937811,26.291824232277573,7276.1956485028695,7.27619564850287,rebalance,rebalance,0.0
2012-12-12,2012-12-13,SNPS,buy,224.1588371449912,32.459999084472656,7276.1956485028695,7.27619564850287,rebalance,rebalance,0.0
2012-12-12,2012-12-13,STX,buy,465.4439233861288,15.632808342556428,7276.1956485028695,7.27619564850287,rebalance,rebalance,0.0
2012-12-12,2012-12-13,TER,buy,477.43210134947145,15.240273177979772,7276.1956485028695,7.27619564850287,rebalance,rebalance,0.0
2012-12-12,2012-12-13,VRSN,buy,201.42094280820373,36.12432524174698,7276.195648502869,7.276195648502869,rebalance,rebalance,0.0
2012-12-12,2012-12-13,WDC,buy,315.1763041123141,23.086112609246076,7276.19564850287,7.2761956485028705,rebalance,rebalance,0.0
2013-01-11,2013-01-14,ADI,sell,31.412443225040192,31.9841381842404,1004.6999248142916,1.0046999248142916,rebalance,rebalance,24.067817489820552
2013-01-11,2013-01-14,AKAM,sell,19.010164877145343,39.4900016784668,750.7114429064002,0.7507114429064002,rebalance,rebalance,-7.781012902598316
2013-01-11,2013-01-14,CDNS,sell,91.58849574155118,13.899999618530273,1273.0800558693231,1.2730800558693232,rebalance,rebalance,73.54830281057913
2013-01-11,2013-01-14,CRM,sell,26.057913604959623,42.49973499259592,1107.4544226707437,1.1074544226707437,rebalance,rebalance,41.18156446285325
2013-01-11,2013-01-14,CTSH,sell,42.64994774667443,33.991084372231484,1449.7179723284746,1.4497179723284745,rebalance,rebalance,114.20508275816825
2013-01-11,2013-01-14,GEN,sell,173.96340645115788,7.0399899864136515,1224.7006394185596,1.2247006394185596,rebalance,rebalance,63.50120017744251
2013-01-11,2013-01-14,GOOGL,sell,56.08208723897553,18.281336494951255,1025.2555081549235,1.0252555081549235,rebalance,rebalance,27.303568068244005
2013-01-11,2013-01-14,IT,sell,154.25473671722978,49.650001525878906,7658.747913384507,7.6587479133845076,rebalance,rebalance,367.617321319751
2013-01-11,2013-01-14,NXPI,sell,69.63607127052586,24.749412965552505,1723.451885172891,1.723451885172891,rebalance,rebalance,188.78539722523635
2013-01-11,2013-01-14,ORCL,sell,276.7474627937811,28.679746503502372,7937.047078413096,7.937047078413096,rebalance,rebalance,645.6381871833112
2013-01-11,2013-01-14,SNPS,sell,224.1588371449912,31.84000015258789,7137.217408900444,7.137217408900444,rebalance,rebalance,-153.3916526598275
2013-01-11,2013-01-14,STX,sell,123.49767253370845,18.90701999962019,2334.972964501371,2.334972964501371,rebalance,rebalance,400.09193062013895
2013-01-11,2013-01-14,TER,sell,65.15780536202772,15.681755245441636,1021.7887560174432,1.0217887560174432,rebalance,rebalance,26.75119111309345
2013-01-11,2013-01-14,VRSN,sell,201.42094280820373,37.34222923859991,7521.507019798866,7.521507019798866,rebalance,rebalance,230.51366862769615
2013-01-11,2013-01-14,WDC,sell,74.92726055072555,26.91034481477336,2016.3184174463897,2.01631841744639,rebalance,rebalance,282.7931452779962
2013-01-11,2013-01-14,ADBE,buy,170.1812139515224,37.9900016784668,6465.1846036618535,6.465184603661854,rebalance,rebalance,0.0
2013-01-11,2013-01-14,CSCO,buy,469.52134229385126,13.76973530548394,6465.1846036618535,6.465184603661854,rebalance,rebalance,0.0
2013-01-11,2013-01-14,NTAP,buy,269.4856000693509,23.99083513923589,6465.1846036618535,6.465184603661854,rebalance,rebalance,0.0
2013-01-11,2013-01-14,QCOM,buy,145.39406419366827,44.46663376195384,6465.184603661853,6.465184603661853,rebalance,rebalance,0.0
2013-02-11,2013-02-12,ADI,sell,202.13721459118304,34.47951468243468,6969.593058363146,6.969593058363146,rebalance,rebalance,658.7790285530674
2013-02-11,2013-02-12,NTAP,sell,269.4856000693509,26.347478308420378,7100.266002258872,7.100266002258872,rebalance,rebalance,621.5159479910981
2013-02-11,2013-02-12,QCOM,sell,145.39406419366827,45.898371501827434,6673.350772521532,6.673350772521532,rebalance,rebalance,195.02763348349654
2013-02-11,2013-02-12,STX,sell,341.94625085242035,19.791787177703558,6767.727423084737,6.767727423084737,rebalance,rebalance,1410.0339124270117
2013-02-11,2013-02-12,WDC,sell,240.24904356158854,29.657668057667475,7125.226385121686,7.125226385121686,rebalance,rebalance,1566.13826833614
2013-02-11,2013-02-12,ADBE,buy,41.575529686731926,38.54999923706055,1602.7366377039039,1.6027366377039038,rebalance,rebalance,0.0
2013-02-11,2013-02-12,AKAM,buy,67.14335536777406,35.36000061035156,2374.1890867855427,2.3741890867855426,rebalance,rebalance,0.0
2013-02-11,2013-02-12,AMZN,buy,629.9025509209732,12.959500312805176,8163.222305697131,8.163222305697131,rebalance,rebalance,0.0
2013-02-11,2013-02-12,CDNS,buy,110.56441543610237,14.180000305175781,1567.8034446255133,1.5678034446255134,rebalance,rebalance,0.0
2013-02-11,2013-02-12,CRM,buy,42.44042640756237,41.95662569290093,1780.6570850292023,1.7806570850292023,rebalance,rebalance,0.0
2013-02-11,2013-02-12,CSCO,buy,107.41465633463247,14.149268419899403,1519.8388047099627,1.5198388047099627,rebalance,rebalance,0.0
2013-02-11,2013-02-12,CTSH,buy,52.91373585087027,33.57746488027092,1776.7091072165285,1.7767091072165286,rebalance,rebalance,0.0
2013-02-11,2013-02-12,GEN,buy,101.25309597704631,8.00626360710156,810.6589774273873,0.8106589774273874,rebalance,rebalance,0.0
2013-02-11,2013-02-12,GLW,buy,922.2485194483481,8.851434438279218,8163.222305697131,8.163222305697131,rebalance,rebalance,0.0
2013-02-11,2013-02-12,GOOGL,buy,67.32254129427679,19.39136680618459,1305.4760925618302,1.3054760925618303,rebalance,rebalance,0.0
2013-02-11,2013-02-12,NXPI,buy,28.30762233494778,28.194406438019076,798.1166094054643,0.7981166094054643,rebalance,rebalance,0.0
2013-02-11,2013-02-12,ON,buy,954.7628214725818,8.550000190734863,8163.222305697131,8.163222305697131,rebalance,rebalance,0.0
2013-02-11,2013-02-12,ORCL,buy,284.14427548543165,28.72914575439218,8163.222305697131,8.163222305697131,rebalance,rebalance,0.0
2013-02-11,2013-02-12,TER,buy,104.64302164483087,15.792123860520949,1652.5355589543437,1.6525355589543438,rebalance,rebalance,0.0
2013-02-11,2013-02-12,TXN,buy,350.9355634088165,23.26131391872508,8163.222305697131,8.163222305697131,rebalance,rebalance,0.0
2013-03-12,2013-03-13,ADBE,sell,45.11890442448882,41.5,1872.434533616286,1.872434533616286,rebalance,rebalance,149.8150905087609
2013-03-12,2013-03-13,AKAM,sell,230.8603553391163,34.88999938964844,8054.717656875789,8.05471765687579,rebalance,rebalance,-855.6304364386956
2013-03-12,2013-03-13,AMZN,sell,629.9025509209732,13.76200008392334,8668.718958637959,8.668718958637958,rebalance,rebalance,488.6647116764949
2013-03-12,2013-03-13,CDNS,sell,575.6856227088731,14.039999961853027,8082.626120871914,8.082626120871915,rebalance,rebalance,419.9590755324078
2013-03-12,2013-03-13,CRM,sell,39.51958104019775,44.60333798761113,1762.7052302647287,1.7627052302647288,rebalance,rebalance,135.83670379315805
2013-03-12,2013-03-13,CSCO,sell,576.9359986284837,14.415607680233645,8316.883012832037,8.316883012832037,rebalance,rebalance,315.5576980390188
2013-03-12,2013-03-13,CTSH,sell,42.69586967858356,34.504851732129744,1473.2146528338599,1.4732146528338599,rebalance,rebalance,114.57432278298909
2013-03-12,2013-03-13,GEN,sell,223.42661216491467,8.685835838317871,1940.6468751759635,1.9406468751759636,rebalance,rebalance,419.04233616617654
2013-03-12,2013-03-13,GLW,sell,922.2485194483481,9.102467589421597,8394.737257670642,8.394737257670641,rebalance,rebalance,214.9569924101441
2013-03-12,2013-03-13,GOOGL,sell,84.22530821526414,20.53612007793148,1729.661043109453,1.729661043109453,rebalance,rebalance,208.70849619293966
2013-03-12,2013-03-13,NXPI,sell,39.568558110075145,27.66577221583602,1094.69471558241,1.09469471558241,rebalance,rebalance,198.53216791469598
2013-03-12,2013-03-13,ON,sell,110.38300685876743,8.1899995803833,904.0367798547522,0.9040367798547523,rebalance,rebalance,-41.58576135114801
2013-03-12,2013-03-13,ORCL,sell,284.14427548543165,29.49492524311087,8380.814163700707,8.380814163700707,rebalance,rebalance,201.04782153417887
2013-03-12,2013-03-13,TER,sell,516.9173176322746,15.53458784001151,8030.0974767817,8.0300974767817,rebalance,rebalance,78.4232167885809
2013-03-12,2013-03-13,TXN,sell,67.23853095596377,24.376251903588532,1639.0233682098083,1.6390233682098083,rebalance,rebalance,71.76371226501081
2013-03-12,2013-03-13,ADI,buy,197.9370308829335,34.93772891572424,6915.4703273712685,6.915470327371269,rebalance,rebalance,0.0
2013-03-12,2013-03-13,ADSK,buy,171.68496864318882,40.279998779296875,6915.4703273712685,6.915470327371269,rebalance,rebalance,0.0
2013-03-12,2013-03-13,AMAT,buy,614.9105937512547,11.246302141557726,6915.4703273712685,6.915470327371269,rebalance,rebalance,0.0
2013-03-12,2013-03-13,CIEN,buy,404.4134604151916,17.100000381469727,6915.4703273712685,6.915470327371269,rebalance,rebalance,0.0
2013-03-12,2013-03-13,MU,buy,758.480505311933,9.117532064357025,6915.4703273712685,6.915470327371269,rebalance,rebalance,0.0
2013-03-12,2013-03-13,STX,buy,350.208794308216,19.74670664976225,6915.4703273712685,6.915470327371269,rebalance,rebalance,0.0
2013-03-12,2013-03-13,WDC,buy,226.04115469681796,30.59385507319132,6915.4703273712685,6.915470327371269,rebalance,rebalance,0.0
2013-04-10,2013-04-11,ADBE,sell,25.282743864089042,45.040000915527344,1138.7348067856137,1.1387348067856138,rebalance,rebalance,173.36153597669508
2013-04-10,2013-04-11,ADI,sell,10.582118662748087,33.98167439816905,359.59811084029354,0.35959811084029353,rebalance,rebalance,-10.846395656858835
2013-04-10,2013-04-11,ADSK,sell,10.46356187288987,39.4900016784668,413.20607592316213,0.41320607592316216,rebalance,rebalance,-9.100861879329333
2013-04-10,2013-04-11,AMAT,sell,60.346275727704324,11.480424212387778,692.8008449917655,0.6928008449917655,rebalance,rebalance,12.756921745308272
2013-04-10,2013-04-11,CIEN,sell,13.582689012636308,16.290000915527344,221.26201645116865,0.22126201645116866,rebalance,rebalance,-11.455496850045495
2013-04-10,2013-04-11,CRM,sell,0.39289643317965783,41.16777924427799,16.17467362700437,0.016174673627004373,rebalance,rebalance,0.0019946610936854396
2013-04-10,2013-04-11,CTSH,sell,200.420230205824,33.30317216205168,6674.629431302587,6.674629431302588,rebalance,rebalance,297.22742839218324
2013-04-10,2013-04-11,GEN,sell,52.2744485389718,8.558414157781689,447.38638046616654,0.4473863804661666,rebalance,rebalance,91.38783052382036
2013-04-10,2013-04-11,GOOGL,sell,336.74668345958736,19.667449681101623,6622.948452219291,6.6229484522192905,rebalance,rebalance,542.221661413236
2013-04-10,2013-04-11,MU,sell,99.65487035153421,9.66360943794571,963.025745666342,0.963025745666342,rebalance,rebalance,52.54763764542083
2013-04-10,2013-04-11,NXPI,sell,7.400887183302103,26.24723726741193,194.25284188947828,0.19425284188947828,rebalance,rebalance,26.645458079532332
2013-04-10,2013-04-11,ON,sell,95.36409414747504,8.5,810.5948002535379,0.8105948002535379,rebalance,rebalance,-6.394180720034851
2013-04-10,2013-04-11,STX,sell,350.208794308216,20.84562302613286,7300.320506585574,7.300320506585574,rebalance,rebalance,370.6343883803495
2013-04-10,2013-04-11,TXN,sell,24.35707502382155,24.54937406128835,597.9509457986591,0.597950945798659,rebalance,rebalance,30.208849013538202
2013-04-10,2013-04-11,WDC,sell,28.4020577335113,32.213432067775045,914.9277573834911,0.9149277573834911,rebalance,rebalance,44.21546310857077
2013-04-10,2013-04-11,CSCO,buy,444.67961400844723,14.317349892821806,6366.633623963884,6.366633623963884,rebalance,rebalance,0.0
2013-04-10,2013-04-11,HPQ,buy,1017.621248532586,6.256388251664944,6366.633623963884,6.366633623963884,rebalance,rebalance,0.0
2013-04-10,2013-04-11,TER,buy,435.08036187530377,14.633236022242238,6366.633623963884,6.366633623963884,rebalance,rebalance,0.0
2013-05-08,2013-05-09,ADBE,sell,7.478944230840455,45.220001220703125,338.19786724817595,0.33819786724817597,rebalance,rebalance,52.62732438797617
2013-05-08,2013-05-09,ADI,sell,187.3549122201854,34.59143903841906,6480.876024612898,6.480876024612898,rebalance,rebalance,-77.90574072404172
2013-05-08,2013-05-09,ADSK,sell,9.684996222021255,39.95000076293945,386.91560645881486,0.3869156064588149,rebalance,rebalance,-3.9730567841554016
2013-05-08,2013-05-09,AMAT,sell,67.3416232401438,12.425282692769546,836.7387057487663,0.8367387057487663,rebalance,rebalance,77.80038113975321
2013-05-08,2013-05-09,CIEN,sell,390.8307714025553,15.029999732971191,5874.186389817331,5.87418638981733,rebalance,rebalance,-821.5773429863627
2013-05-08,2013-05-09,CRM,sell,154.65088816635156,41.629781697085654,6438.082713625623,6.438082713625623,rebalance,rebalance,72.16277396520256
2013-05-08,2013-05-09,CSCO,sell,9.396013684371098,13.90789754658706,130.67879566856325,0.13067879566856325,rebalance,rebalance,-4.112424659504959
2013-05-08,2013-05-09,GEN,sell,45.782702462854104,8.671680272341513,397.01295776161317,0.39701295776161316,rebalance,rebalance,85.21919961314069
2013-05-08,2013-05-09,HPQ,sell,52.28901834086287,6.271291403804521,327.91967123443027,0.3279196712344303,rebalance,rebalance,0.12421112428974418
2013-05-08,2013-05-09,MU,sell,51.36634432139772,9.965901930067739,511.91195001314156,0.5119119500131416,rebalance,rebalance,42.59741239260218
2013-05-08,2013-05-09,NXPI,sell,242.56395288766544,25.401400181184865,6161.464036829662,6.1614640368296625,rebalance,rebalance,668.340022609262
2013-05-08,2013-05-09,TER,sell,435.08036187530377,15.194286891507328,6610.7358391941925,6.610735839194192,rebalance,rebalance,231.124845767152
2013-05-08,2013-05-09,TXN,sell,24.90230403882495,25.822983763365485,643.0517928649674,0.6430517928649674,rebalance,rebalance,62.56916921391329
2013-05-08,2013-05-09,WDC,sell,27.95097053219905,35.67650751023314,997.1930101103045,0.9971930101103045,rebalance,rebalance,140.21274754143812
2013-05-08,2013-05-09,IT,buy,105.1020812046849,57.599998474121094,6053.879717016801,6.053879717016801,rebalance,rebalance,0.0
2013-05-08,2013-05-09,LDOS,buy,309.0107525376445,19.591162013947397,6053.879717016801,6.053879717016801,rebalance,rebalance,0.0
2013-05-08,2013-05-09,MRVL,buy,645.0392654726667,9.385288680962217,6053.879717016801,6.053879717016801,rebalance,rebalance,0.0
2013-05-08,2013-05-09,NTAP,buy,230.92534056273018,26.21574445777328,6053.879717016801,6.053879717016801,rebalance,rebalance,0.0
2013-05-08,2013-05-09,ON,buy,8.666368449363858,7.989999771118164,69.2442819268429,0.0692442819268429,rebalance,rebalance,0.0
2013-05-08,2013-05-09,STX,buy,262.5872598576176,23.054735101388353,6053.879717016801,6.053879717016801,rebalance,rebalance,0.0
2013-06-06,2013-06-07,ADSK,sell,151.5364105482777,36.31999969482422,5503.802384868203,5.503802384868203,rebalance,rebalance,-611.6917358522231
2013-06-06,2013-06-07,CSCO,sell,435.28360032407613,16.525701034190586,7193.3666440417865,7.193366644041786,rebalance,rebalance,947.8335613422971
2013-06-06,2013-06-07,IT,sell,105.1020812046849,57.5,6043.369669269381,6.0433696692693815,rebalance,rebalance,-22.607297133705565
2013-06-06,2013-06-07,NTAP,sell,230.92534056273018,27.57703373722797,6368.235907479269,6.36823590747927,rebalance,rebalance,301.9340748379732
2013-06-06,2013-06-07,ON,sell,757.6820889157032,8.15999984741211,6182.685729939026,6.182685729939026,rebalance,rebalance,-303.29911940314537
2013-06-06,2013-06-07,ADBE,buy,63.95945563669244,43.86000061035156,2805.261763263084,2.805261763263084,rebalance,rebalance,0.0
2013-06-06,2013-06-07,AKAM,buy,192.95240376938287,44.970001220703125,8677.06983304675,8.67706983304675,rebalance,rebalance,0.0
2013-06-06,2013-06-07,AMAT,buy,198.58777063690957,12.65228553741709,2512.589178337273,2.512589178337273,rebalance,rebalance,0.0
2013-06-06,2013-06-07,GEN,buy,413.17698628462267,7.808051565702985,3226.1072146720885,3.2261072146720884,rebalance,rebalance,0.0
2013-06-06,2013-06-07,GOOGL,buy,401.8867577566115,21.59083290398364,8677.06983304675,8.67706983304675,rebalance,rebalance,0.0
2013-06-06,2013-06-07,HPQ,buy,231.18729105731825,7.251925003270148,1676.5528964568591,1.6765528964568592,rebalance,rebalance,0.0
2013-06-06,2013-06-07,LDOS,buy,138.65254839464393,19.383026964632073,2687.5060842483367,2.6875060842483367,rebalance,rebalance,0.0
2013-06-06,2013-06-07,MCHP,buy,636.6266571089012,13.629762021671757,8677.06983304675,8.67706983304675,rebalance,rebalance,0.0
2013-06-06,2013-06-07,MRVL,buy,276.9315897285503,9.41143614691921,2606.323973795079,2.606323973795079,rebalance,rebalance,0.0
2013-06-06,2013-06-07,MSFT,buy,302.95458231041175,28.64148733738609,8677.06983304675,8.67706983304675,rebalance,rebalance,0.0
2013-06-06,2013-06-07,MU,buy,101.00468624522489,12.247721995983316,1237.0773174230344,1.2370773174230345,rebalance,rebalance,0.0
2013-06-06,2013-06-07,STX,buy,81.02073329858769,25.252817180833524,2046.001765846306,2.046001765846306,rebalance,rebalance,0.0
2013-06-06,2013-06-07,TXN,buy,111.10923366466298,25.111121408160514,2790.0774561210274,2.7900774561210273,rebalance,rebalance,0.0
2013-06-06,2013-06-07,VRSN,buy,192.76808223825492,45.013000763903335,8677.06983304675,8.67706983304675,rebalance,rebalance,0.0
2013-06-06,2013-06-07,WDC,buy,50.4848329176487,39.41024301400327,1989.6195338058872,1.9896195338058873,rebalance,rebalance,0.0
2013-07-05,2013-07-08,ADBE,sell,49.59171230668062,47.029998779296875,2332.2981692464314,2.3322981692464313,rebalance,rebalance,346.1925912194804
2013-07-05,2013-07-08,AKAM,sell,192.95240376938287,43.27000045776367,8349.050599427797,8.349050599427798,rebalance,rebalance,-345.04535405142576
2013-07-05,2013-07-08,AMAT,sell,146.6094661707781,12.930076510746565,1895.6716147878708,1.895671614787871,rebalance,rebalance,183.56459636855107
2013-07-05,2013-07-08,GEN,sell,1111.297711091067,8.220684447773992,9135.627810413169,9.135627810413169,rebalance,rebalance,1148.8039196487098
2013-07-05,2013-07-08,GOOGL,sell,89.31473433014804,22.30497182230309,1992.1626325504387,1.9921626325504387,rebalance,rebalance,59.86258562718499
2013-07-05,2013-07-08,HPQ,sell,292.0524195543612,7.7083070925458905,2251.2297370460706,2.2512297370460708,rebalance,rebalance,363.72432739003875
2013-07-05,2013-07-08,LDOS,sell,90.5927620896245,19.52530219257199,1768.8510562596978,1.7688510562596977,rebalance,rebalance,-3.664221544109571
2013-07-05,2013-07-08,MCHP,sell,636.6266571089012,14.38218637972078,9156.083236838811,9.15608323683881,rebalance,rebalance,461.18025072217563
2013-07-05,2013-07-08,MRVL,sell,260.49986208608675,10.540008930904177,2745.6708728866606,2.745670872886661,rebalance,rebalance,293.5659449164815
2013-07-05,2013-07-08,MSFT,sell,53.1566965067062,27.910204894392688,1483.614291011218,1.483614291011218,rebalance,rebalance,-41.87866002378793
2013-07-05,2013-07-08,MU,sell,210.57596281661557,14.002968494880822,2948.688573100263,2.948688573100263,rebalance,rebalance,929.8198540636798
2013-07-05,2013-07-08,STX,sell,77.18644762284731,26.168717552517137,2019.870346724449,2.019870346724449,rebalance,rebalance,196.51252332955548
2013-07-05,2013-07-08,TXN,sell,69.0571416125058,25.215800187500555,1741.331084420876,1.741331084420876,rebalance,rebalance,90.50740028716561
2013-07-05,2013-07-08,VRSN,sell,192.76808223825492,44.76745722514622,8629.736875974546,8.629736875974546,rebalance,rebalance,-64.63976378122537
2013-07-05,2013-07-08,WDC,sell,45.47568916373538,39.90852385720519,1814.867625913781,1.814867625913781,rebalance,rebalance,328.36086019302036
2013-07-05,2013-07-08,CSCO,buy,418.2568983696688,16.668966374836767,6971.910174967528,6.971910174967529,rebalance,rebalance,0.0
2013-07-05,2013-07-08,GLW,buy,662.1675358070654,10.528921757648538,6971.910174967528,6.971910174967529,rebalance,rebalance,0.0
2013-07-05,2013-07-08,INTC,buy,400.48561386105695,17.408640744299838,6971.910174967528,6.971910174967529,rebalance,rebalance,0.0
2013-07-05,2013-07-08,IT,buy,117.09623896141619,59.540000915527344,6971.910174967528,6.971910174967529,rebalance,rebalance,0.0
2013-08-02,2013-08-05,IT,sell,117.09623896141619,56.529998779296875,6619.450245549113,6.619450245549113,rebalance,rebalance,-366.0512898389318
2013-08-02,2013-08-05,TXN,sell,276.4897454423634,27.921227213384245,7719.933004667,7.719933004667,rebalance,rebalance,1109.646713405747
2013-08-02,2013-08-05,ADBE,buy,43.36725256493591,47.45000076293945,2057.776167292797,2.057776167292797,rebalance,rebalance,0.0
2013-08-02,2013-08-05,AMAT,buy,128.32530343414965,13.620360778952001,1747.8369298416064,1.7478369298416065,rebalance,rebalance,0.0
2013-08-02,2013-08-05,CIEN,buy,397.2018049115109,22.889999389648438,9091.949071991743,9.091949071991744,rebalance,rebalance,0.0
2013-08-02,2013-08-05,CSCO,buy,96.89388651981568,17.649102629130695,1710.0901473235701,1.7100901473235701,rebalance,rebalance,0.0
2013-08-02,2013-08-05,GLW,buy,159.21728298675623,11.069049322512425,1762.383958376823,1.762383958376823,rebalance,rebalance,0.0
2013-08-02,2013-08-05,GOOGL,buy,92.26555871577125,22.45826344451736,2072.1242244943755,2.0721242244943756,rebalance,rebalance,0.0
2013-08-02,2013-08-05,HPQ,buy,229.1753634686354,8.020120409552524,1838.0140099214207,1.8380140099214206,rebalance,rebalance,0.0
2013-08-02,2013-08-05,INTC,buy,136.0591476787866,16.945369191376553,2305.572489281063,2.305572489281063,rebalance,rebalance,0.0
2013-08-02,2013-08-05,LDOS,buy,57.546980709673676,21.92852121108707,1261.9201871260975,1.2619201871260974,rebalance,rebalance,0.0
2013-08-02,2013-08-05,MRVL,buy,134.94016979326204,11.416149716923984,1540.4971811870228,1.5404971811870227,rebalance,rebalance,0.0
2013-08-02,2013-08-05,MSFT,buy,100.97808022138977,25.919532558115122,2617.304637954273,2.617304637954273,rebalance,rebalance,0.0
2013-08-02,2013-08-05,MU,buy,192.24996681403326,13.174103329854239,2532.7209279691224,2.5327209279691223,rebalance,rebalance,0.0
2013-08-02,2013-08-05,NOW,buy,1002.1990215074818,9.071999549865723,9091.949071991743,9.091949071991744,rebalance,rebalance,0.0
2013-08-02,2013-08-05,STX,buy,123.4892829677915,23.318021474145695,2879.5257520698165,2.8795257520698163,rebalance,rebalance,0.0
2013-08-02,2013-08-05,WDC,buy,51.23416992377619,40.24207107967586,2061.7691077807926,2.0617691077807927,rebalance,rebalance,0.0
2013-08-30,2013-09-03,ADBE,sell,191.61114701378375,46.209999084472656,8854.350928081703,8.854350928081704,rebalance,rebalance,855.5936154867593
2013-08-30,2013-09-03,AMAT,sell,667.5263026836877,12.878209818806836,8596.543785532891,8.59654378553289,rebalance,rebalance,548.5389648709224
2013-08-30,2013-09-03,CIEN,sell,60.336243837830295,20.309999465942383,1225.4290801233026,1.2254290801233025,rebalance,rebalance,-158.27403016305692
2013-08-30,2013-09-03,CSCO,sell,85.90378053228682,15.938933285618191,1369.2146268865063,1.3692146268865062,rebalance,rebalance,-81.36613670029405
2013-08-30,2013-09-03,GLW,sell,150.45082403718436,10.19733598084039,1534.1976013014662,1.5341976013014662,rebalance,rebalance,-68.7733423869686
2013-08-30,2013-09-03,GOOGL,sell,404.8375821422347,21.192463320505944,8579.50561031162,8.579505610311621,rebalance,rebalance,-258.7092626066517
2013-08-30,2013-09-03,HPQ,sell,118.98340137596722,6.742894839930905,802.2925631754371,0.8022925631754371,rebalance,rebalance,-4.405255636061106
2013-08-30,2013-09-03,INTC,sell,536.5447615398435,16.36333626696074,8779.662355352724,8.779662355352725,rebalance,rebalance,-515.8774539154674
2013-08-30,2013-09-03,LDOS,sell,95.24068319443876,21.42215272567191,2040.2604610886012,2.0402604610886015,rebalance,rebalance,144.84309578644067
2013-08-30,2013-09-03,MRVL,sell,154.22991609992596,10.653907132142425,1643.1512031267291,1.6431512031267292,rebalance,rebalance,138.43768335133043
2013-08-30,2013-09-03,MSFT,sell,350.77596602509533,25.979439792307197,9112.963089937359,9.11296308993736,rebalance,rebalance,-677.8093818806063
2013-08-30,2013-09-03,MU,sell,180.98117229023768,13.437391487366463,2431.914863906443,2.4319148639064427,rebalance,rebalance,514.6873912758807
2013-08-30,2013-09-03,NOW,sell,275.89973168915947,9.420000076293945,2598.9754935613614,2.5989754935613614,rebalance,rebalance,90.91131413397943
2013-08-30,2013-09-03,STX,sell,82.57592164624708,22.261510856399163,1838.264776205096,1.838264776205096,rebalance,rebalance,-105.40887958574886
2013-08-30,2013-09-03,WDC,sell,49.217187475475924,38.716398160013256,1905.5122266165436,1.9055122266165436,rebalance,rebalance,211.5567150344578
2013-08-30,2013-09-03,AKAM,buy,147.45127457991475,46.400001525878906,6841.7393655008345,6.8417393655008345,rebalance,rebalance,0.0
2013-08-30,2013-09-03,CACI,buy,100.17187496047632,68.30000305175781,6841.7393655008345,6.8417393655008345,rebalance,rebalance,0.0
2013-08-30,2013-09-03,EPAM,buy,211.88414900944883,32.290000915527344,6841.7393655008345,6.8417393655008345,rebalance,rebalance,0.0
2013-08-30,2013-09-03,META,buy,164.95745222999182,41.47578222753916,6841.739365500835,6.841739365500835,rebalance,rebalance,0.0
2013-08-30,2013-09-03,UI,buy,211.8505573201211,32.29512091942475,6841.7393655008345,6.8417393655008345,rebalance,rebalance,0.0
2013-09-30,2013-10-01,CSCO,sell,429.2470043571977,15.885207297942955,6818.677646235108,6.818677646235108,rebalance,rebalance,-429.6118050646021
2013-09-30,2013-10-01,GLW,sell,670.9339947566373,10.588988210813167,7104.512160711815,7.104512160711815,rebalance,rebalance,-44.184032839458254
2013-09-30,2013-10-01,HPQ,sell,1014.6590637873484,6.322061267965304,6414.736767359932,6.4147367673599325,rebalance,rebalance,-464.1424536737189
2013-09-30,2013-10-01,STX,sell,307.3349068549024,25.086541788818835,7709.9699839782525,7.709969983978253,rebalance,rebalance,475.04671588922804
2013-09-30,2013-10-01,AKAM,buy,30.190226301328778,51.7400016784668,1562.0423595040434,1.5620423595040434,rebalance,rebalance,0.0
2013-09-30,2013-10-01,CACI,buy,32.87924417873947,69.08000183105469,2271.2982480710166,2.2712982480710164,rebalance,rebalance,0.0
2013-09-30,2013-10-01,CHKP,buy,162.18760985945448,56.66999816894531,9191.171553760902,9.191171553760901,rebalance,rebalance,0.0
2013-09-30,2013-10-01,CIEN,buy,30.04748617954658,25.049999237060547,752.6895058732292,0.7526895058732292,rebalance,rebalance,0.0
2013-09-30,2013-10-01,EPAM,buy,54.449435481799526,34.5099983215332,1879.049927085332,1.879049927085332,rebalance,rebalance,0.0
2013-09-30,2013-10-01,LDOS,buy,38.76722941327574,25.663336160463775,994.8964404427143,0.9948964404427143,rebalance,rebalance,0.0
2013-09-30,2013-10-01,META,buy,20.59155846770929,49.53500705393293,1020.002993949452,1.0200029939494522,rebalance,rebalance,0.0
2013-09-30,2013-10-01,MRVL,buy,271.240492429032,10.062352535460194,2729.3174567127417,2.729317456712742,rebalance,rebalance,0.0
2013-09-30,2013-10-01,MU,buy,28.215928380259868,17.10390371784999,482.6025223257158,0.4826025223257158,rebalance,rebalance,0.0
2013-09-30,2013-10-01,NOW,buy,164.3181351386321,10.319999694824219,1695.763104484768,1.695763104484768,rebalance,rebalance,0.0
2013-09-30,2013-10-01,NTAP,buy,293.1687212991361,31.35113293475345,9191.171553760902,9.191171553760901,rebalance,rebalance,0.0
2013-09-30,2013-10-01,NXPI,buy,278.25458782120114,33.03151845843742,9191.171553760902,9.191171553760901,rebalance,rebalance,0.0
2013-09-30,2013-10-01,SWKS,buy,471.1014641166325,19.509961767992735,9191.171553760902,9.191171553760901,rebalance,rebalance,0.0
2013-09-30,2013-10-01,UI,buy,83.28958573690218,31.141719518598652,2593.7809178388825,2.5937809178388824,rebalance,rebalance,0.0
2013-09-30,2013-10-01,WDC,buy,56.50180966977152,39.41054258010691,2226.766975843627,2.226766975843627,rebalance,rebalance,0.0
2013-10-28,2013-10-29,AKAM,sell,177.64150088124353,46.08000183105469,8185.720685879005,8.185720685879005,rebalance,rebalance,-234.65054153675612
2013-10-28,2013-10-29,CACI,sell,133.05111913921579,71.12000274658203,9462.59595861684,9.46259595861684,rebalance,rebalance,330.9827114728013
2013-10-28,2013-10-29,CHKP,sell,63.35379904884796,58.650001525878906,3715.7004108851584,3.7157004108851583,rebalance,rebalance,118.13477470423635
2013-10-28,2013-10-29,CIEN,sell,128.66384162118973,24.329999923706055,3130.391256827274,3.130391256827274,rebalance,rebalance,156.4186277166741
2013-10-28,2013-10-29,EPAM,sell,115.77246358604057,38.5,4457.2398480625625,4.457239848062563,rebalance,rebalance,658.1545668099385
2013-10-28,2013-10-29,LDOS,sell,358.1440657711746,27.102300408087093,9706.528059904076,9.706528059904077,rebalance,rebalance,2351.744432170007
2013-10-28,2013-10-29,META,sell,70.28178815575971,50.2883909841875,3534.3580418446827,3.534358041844683,rebalance,rebalance,549.9948112943725
2013-10-28,2013-10-29,MRVL,sell,913.4217392374983,10.520131447885053,9609.316764134266,9.609316764134267,rebalance,rebalance,609.1887259993393
2013-10-28,2013-10-29,MU,sell,188.11320471080217,16.596835932658205,3122.08399535173,3.1220839953517303,rebalance,rebalance,1064.1022166151743
2013-10-28,2013-10-29,NOW,sell,361.8267652843184,10.961999893188477,3966.3449623994306,3.9663449623994307,rebalance,rebalance,593.2081630102929
2013-10-28,2013-10-29,NTAP,sell,96.41983350096558,29.461936073543587,2840.7149708271645,2.8407149708271646,rebalance,rebalance,-188.01963279686413
2013-10-28,2013-10-29,NXPI,sell,117.79097104623801,36.12409636123155,4255.0923885573375,4.255092388557338,rebalance,rebalance,356.13184718335094
2013-10-28,2013-10-29,SWKS,sell,471.1014641166325,19.110844253275854,9003.146708223187,9.003146708223186,rebalance,rebalance,-206.21916379969747
2013-10-28,2013-10-29,UI,sell,128.5503957206534,34.79567769045403,4472.998136476176,4.472998136476177,rebalance,rebalance,354.70722951920334
2013-10-28,2013-10-29,WDC,sell,233.2160623030927,44.786401400653375,10444.908179386097,10.444908179386097,rebalance,rebalance,2130.166033986944
2013-10-28,2013-10-29,AMAT,buy,383.28641244769517,15.123424589546408,5796.6031548505,5.7966031548505,rebalance,rebalance,0.0
2013-10-28,2013-10-29,AMZN,buy,322.9665238263168,17.947999954223633,5796.6031548505,5.7966031548505,rebalance,rebalance,0.0
2013-10-28,2013-10-29,CRM,buy,109.70952534609951,52.83591499064475,5796.6031548505,5.7966031548505,rebalance,rebalance,0.0
2013-10-28,2013-10-29,CTSH,buy,149.67407833347994,38.72817003045398,5796.6031548505,5.7966031548505,rebalance,rebalance,0.0
2013-10-28,2013-10-29,MPWR,buy,203.55260706447066,28.477174713928168,5796.6031548505,5.7966031548505,rebalance,rebalance,0.0
2013-10-28,2013-10-29,STX,buy,206.86886447030778,28.020665022224723,5796.6031548505,5.7966031548505,rebalance,rebalance,0.0
2013-11-25,2013-11-26,CHKP,sell,98.83381081060652,60.540000915527344,5983.398996959175,5.983398996959175,rebalance,rebalance,370.9028084175902
2013-11-25,2013-11-26,NTAP,sell,196.74888779817053,30.162537182529707,5934.445643833684,5.934445643833684,rebalance,rebalance,-245.95763847160956
2013-11-25,2013-11-26,STX,sell,206.86886447030778,28.242521942522046,5842.4984440272865,5.842498444027287,rebalance,rebalance,34.25618757790969
2013-11-25,2013-11-26,ADBE,buy,131.94696886579015,56.869998931884766,7503.823978462919,7.503823978462918,rebalance,rebalance,0.0
2013-11-25,2013-11-26,AMAT,buy,126.8173127658145,14.710388510340927,1865.5319406225494,1.8655319406225495,rebalance,rebalance,0.0
2013-11-25,2013-11-26,AMZN,buy,74.47123805038831,18.88050079345703,1406.054269100084,1.406054269100084,rebalance,rebalance,0.0
2013-11-25,2013-11-26,CIEN,buy,109.15004649484305,21.600000381469727,2357.6410459260483,2.3576410459260484,rebalance,rebalance,0.0
2013-11-25,2013-11-26,CRM,buy,35.52722273164498,51.66615252529724,1835.554908453377,1.835554908453377,rebalance,rebalance,0.0
2013-11-25,2013-11-26,CTSH,buy,36.44493895256619,40.317341494073645,1469.3630494812778,1.469363049481278,rebalance,rebalance,0.0
2013-11-25,2013-11-26,EPAM,buy,64.26349727124932,34.93000030517578,2244.723979296402,2.2447239792964018,rebalance,rebalance,0.0
2013-11-25,2013-11-26,INTU,buy,115.34898906664121,65.05322707360436,7503.823978462918,7.5038239784629175,rebalance,rebalance,0.0
2013-11-25,2013-11-26,LDOS,buy,270.6260089071282,27.727652670065552,7503.823978462918,7.5038239784629175,rebalance,rebalance,0.0
2013-11-25,2013-11-26,META,buy,54.22940708256836,44.271228254428024,2400.8024590546793,2.4008024590546793,rebalance,rebalance,0.0
2013-11-25,2013-11-26,MPWR,buy,56.5241713420248,28.85234131412752,1630.8546840583251,1.6308546840583251,rebalance,rebalance,0.0
2013-11-25,2013-11-26,MU,buy,36.849101401222356,19.434488960508723,716.1434543867224,0.7161434543867224,rebalance,rebalance,0.0
2013-11-25,2013-11-26,NOW,buy,176.19092063672508,10.644000053405762,1875.376168666912,1.8753761686669121,rebalance,rebalance,0.0
2013-11-25,2013-11-26,NXPI,buy,43.772996563865036,36.740836306436826,1608.256501395187,1.6082565013951868,rebalance,rebalance,0.0
2013-11-25,2013-11-26,UI,buy,47.418326024714816,35.06327523355675,1662.6418165191026,1.6626418165191026,rebalance,rebalance,0.0
2013-12-24,2013-12-26,ADBE,sell,131.94696886579015,59.529998779296875,7854.802895512411,7.854802895512411,rebalance,rebalance,335.6202901755174
2013-12-24,2013-12-26,AMAT,sell,510.1037252135097,14.838231953042468,7569.037394829094,7.5690373948290945,rebalance,rebalance,-108.32887313425647
2013-12-24,2013-12-26,CIEN,sell,347.3992521268805,23.950000762939453,8320.212353483385,8.320212353483385,rebalance,rebalance,450.73015677509966
2013-12-24,2013-12-26,INTU,sell,115.34898906664121,68.31619785813328,7880.204359812313,7.880204359812313,rebalance,rebalance,360.99635301112215
2013-12-24,2013-12-26,AAPL,buy,567.7851498382626,17.573204494428257,9977.804547007378,9.977804547007377,rebalance,rebalance,0.0
2013-12-24,2013-12-26,ADSK,buy,201.0438108456462,49.630001068115234,9977.804547007378,9.977804547007377,rebalance,rebalance,0.0
2013-12-24,2013-12-26,AMZN,buy,99.22986722347525,20.089500427246094,1993.4784599815794,1.9934784599815794,rebalance,rebalance,0.0
2013-12-24,2013-12-26,CRM,buy,39.71997559440581,53.94669817299417,2142.7615348301047,2.142761534830105,rebalance,rebalance,0.0
2013-12-24,2013-12-26,CTSH,buy,46.27932778513485,42.934060240193574,1986.959447002644,1.9869594470026442,rebalance,rebalance,0.0
2013-12-24,2013-12-26,EPAM,buy,70.74507098146123,34.939998626708984,2471.8326829386847,2.4718326829386847,rebalance,rebalance,0.0
2013-12-24,2013-12-26,LDOS,buy,110.35025011025118,26.190095342797225,2890.0835714889986,2.8900835714889985,rebalance,rebalance,0.0
2013-12-24,2013-12-26,META,buy,3.092972978197963,57.8123154381192,178.81192945715964,0.17881192945715965,rebalance,rebalance,0.0
2013-12-24,2013-12-26,MPWR,buy,69.1328128583956,30.308365283862468,2095.302545213158,2.095302545213158,rebalance,rebalance,0.0
2013-12-24,2013-12-26,MRVL,buy,842.0364045589841,11.849611837427913,9977.804547007378,9.977804547007377,rebalance,rebalance,0.0
2013-12-24,2013-12-26,MU,buy,82.61350512604173,21.28724828915656,1758.6141956555587,1.7586141956555588,rebalance,rebalance,0.0
2013-12-24,2013-12-26,NOW,buy,203.0821822693722,10.98799991607666,2231.4670017325266,2.2314670017325264,rebalance,rebalance,0.0
2013-12-24,2013-12-26,NXPI,buy,47.029726434295895,39.71007241167535,1867.5538422071722,1.8675538422071722,rebalance,rebalance,0.0
2013-12-24,2013-12-26,UI,buy,27.095485299454396,41.38389579332419,1121.3167401021683,1.1213167401021684,rebalance,rebalance,0.0
2013-12-24,2013-12-26,VRSN,buy,171.2559807352148,58.262517339084525,9977.804547007378,9.977804547007377,rebalance,rebalance,0.0
2014-01-24,2014-01-27,AAPL,sell,114.30620094127573,17.01547007035964,1944.9737409727923,1.9449737409727923,rebalance,rebalance,-67.7062031345487
2014-01-24,2014-01-27,ADSK,sell,48.64094061631573,50.630001068115234,2462.690875358195,2.462690875358195,rebalance,rebalance,43.76419980621593
2014-01-24,2014-01-27,AMZN,sell,101.47389628331615,19.524999618530273,1981.2777862225284,1.9812777862225286,rebalance,rebalance,98.5600724325522
2014-01-24,2014-01-27,CRM,sell,50.797578464014094,57.514957109512615,2921.6205466248725,2.921620546624873,rebalance,rebalance,231.37414197391692
2014-01-24,2014-01-27,CTSH,sell,50.126393670861205,42.333213767750834,2122.011338675,2.122011338675,rebalance,rebalance,122.11430248577639
2014-01-24,2014-01-27,EPAM,sell,285.56968915791833,39.83000183105469,11374.241242053606,11.374241242053605,rebalance,rebalance,1706.7117414400373
2014-01-24,2014-01-27,LDOS,sell,86.58751300237196,26.210776012821743,2269.5259088124617,2.2695259088124615,rebalance,rebalance,-97.41219265434583
2014-01-24,2014-01-27,META,sell,30.36562786043072,54.253563764317654,1647.4435273694187,1.6474435273694188,rebalance,rebalance,331.34452916767094
2014-01-24,2014-01-27,MPWR,sell,329.20959126489106,30.004659085640892,9877.821553626238,9.877821553626237,rebalance,rebalance,335.66058756650784
2014-01-24,2014-01-27,MRVL,sell,842.0364045589841,13.131845021277513,11057.491566942314,11.057491566942314,rebalance,rebalance,1058.6517238209874
2014-01-24,2014-01-27,MU,sell,126.17260152130478,22.52566897057129,2842.1222550247107,2.842122255024711,rebalance,rebalance,1145.471190040648
2014-01-24,2014-01-27,NOW,sell,908.0637625787333,11.812000274658203,10726.049412987159,10.726049412987159,rebalance,rebalance,1680.5091197119052
2014-01-24,2014-01-27,NXPI,sell,60.59228674886927,40.46778971815998,2452.035918695693,2.4520359186956933,rebalance,rebalance,331.11544056360987
2014-01-24,2014-01-27,UI,sell,36.192384434842694,37.65610885620117,1362.8643680439175,1.3628643680439174,rebalance,rebalance,142.9153897821618
2014-01-24,2014-01-27,VRSN,sell,41.18631425308476,59.323266455480095,2443.306694754885,2.443306694754885,rebalance,rebalance,38.84542140849185
2014-01-24,2014-01-27,ADBE,buy,132.78536226895673,58.11000061035156,7716.157482494829,7.71615748249483,rebalance,rebalance,0.0
2014-01-24,2014-01-27,GOOGL,buy,276.23812048568146,27.932992987818956,7716.157482494828,7.716157482494829,rebalance,rebalance,0.0
2014-01-24,2014-01-27,STX,buy,227.4035331550226,33.931563751187056,7716.157482494828,7.716157482494829,rebalance,rebalance,0.0
2014-01-24,2014-01-27,WDC,buy,145.87267520511705,52.89652412040055,7716.157482494829,7.71615748249483,rebalance,rebalance,0.0
2014-02-24,2014-02-25,AAPL,sell,453.4789488969868,16.47348428399188,7470.378337775669,7.470378337775669,rebalance,rebalance,-514.1394217501211
2014-02-24,2014-02-25,ADBE,sell,29.975329781265785,68.70999908447266,2059.604881827538,2.0596048818275383,rebalance,rebalance,313.93697862898165
2014-02-24,2014-02-25,ADSK,sell,22.667752890050224,54.45000076293945,1234.2591621573577,1.2342591621573578,rebalance,rebalance,106.89930225009068
2014-02-24,2014-02-25,CRM,sell,21.73284093753915,62.83295785567615,1365.5386787125108,1.3655386787125108,rebalance,rebalance,214.44900265547778
2014-02-24,2014-02-25,CTSH,sell,26.16094321689232,45.25034666231668,1183.7917495775596,1.1837917495775596,rebalance,rebalance,139.97003481254566
2014-02-24,2014-02-25,GOOGL,sell,42.02953364976295,30.161478422022114,1267.6728722649777,1.2676728722649777,rebalance,rebalance,91.22052000386331
2014-02-24,2014-02-25,LDOS,sell,294.3887460150074,25.991298008081152,7651.545627901371,7.6515456279013705,rebalance,rebalance,-395.7387996704009
2014-02-24,2014-02-25,META,sell,41.78547647705798,70.33236617547156,2938.8714324009957,2.9388714324009957,rebalance,rebalance,1127.1445204074123
2014-02-24,2014-02-25,MU,sell,50.44518603486182,24.183402980170733,1219.9362622907445,1.2199362622907446,rebalance,rebalance,541.5129855785757
2014-02-24,2014-02-25,NXPI,sell,47.29846695992728,49.26973574799861,2330.38296840106,2.3303829684010604,rebalance,rebalance,674.3716468840182
2014-02-24,2014-02-25,UI,sell,56.80262858489132,47.695271110390536,2709.216770139211,2.709216770139211,rebalance,rebalance,793.9810507059035
2014-02-24,2014-02-25,VRSN,sell,130.06966648213003,53.891847409445695,7009.694618652445,7.0096946186524445,rebalance,rebalance,-583.0794608689533
2014-02-24,2014-02-25,WDC,sell,17.60893478110404,55.07462369919583,969.8054568129863,0.9698054568129864,rebalance,rebalance,36.452756529560254
2014-02-24,2014-02-25,AMZN,buy,5.037280825054438,17.649999618530273,88.9080046406407,0.0889080046406407,rebalance,rebalance,0.0
2014-02-24,2014-02-25,GLW,buy,501.3811542302551,14.089235661338261,7064.077238103849,7.064077238103849,rebalance,rebalance,0.0
2014-02-24,2014-02-25,HPQ,buy,780.8967632682889,9.046108999784494,7064.077238103849,7.064077238103849,rebalance,rebalance,0.0
2014-02-24,2014-02-25,NOW,buy,511.88964786004686,13.800000190734863,7064.077238103849,7.064077238103849,rebalance,rebalance,0.0
2014-02-24,2014-02-25,STX,buy,7.243835755109728,30.105077550685525,218.076237172007,0.21807623717200703,rebalance,rebalance,0.0
2014-03-24,2014-03-25,AMZN,sell,400.23101364191865,17.701499938964844,7084.689263554261,7.084689263554261,rebalance,rebalance,-335.9879221669152
2014-03-24,2014-03-25,CRM,sell,112.42630427059706,55.84387093698882,6278.320025609857,6.278320025609857,rebalance,rebalance,324.3961093347839
2014-03-24,2014-03-25,CTSH,sell,156.11100818342746,42.921001233181805,6700.4407747541445,6.700440774754145,rebalance,rebalance,471.9747048596218
2014-03-24,2014-03-25,STX,sell,234.64736891013231,31.11617860319171,7301.32943977669,7.301329439776691,rebalance,rebalance,-648.1398430495855
2014-03-24,2014-03-25,ADBE,buy,31.17120070729139,65.75,2049.506446504409,2.049506446504409,rebalance,rebalance,0.0
2014-03-24,2014-03-25,ADSK,buy,46.909484049267576,49.869998931884766,2339.3759194322392,2.339375919432239,rebalance,rebalance,0.0
2014-03-24,2014-03-25,GLW,buy,108.61964132231708,14.441400973239999,1568.6197939050894,1.5686197939050894,rebalance,rebalance,0.0
2014-03-24,2014-03-25,GOOGL,buy,70.37093182784773,28.922713257994484,2035.3182829547175,2.0353182829547176,rebalance,rebalance,0.0
2014-03-24,2014-03-25,HPQ,buy,127.35220979357985,9.699175384556161,1235.2114183987217,1.2352114183987217,rebalance,rebalance,0.0
2014-03-24,2014-03-25,META,buy,36.51058503191476,64.32511901855469,2348.547727614978,2.348547727614978,rebalance,rebalance,0.0
2014-03-24,2014-03-25,MRVL,buy,624.1207236524525,14.11468286298343,8809.26608257009,8.80926608257009,rebalance,rebalance,0.0
2014-03-24,2014-03-25,MU,buy,90.03921103951768,23.052242539969555,2075.605730990466,2.075605730990466,rebalance,rebalance,0.0
2014-03-24,2014-03-25,NOW,buy,200.83416502542178,12.359999656677246,2482.3102107632744,2.4823102107632744,rebalance,rebalance,0.0
2014-03-24,2014-03-25,NXPI,buy,31.450615214960948,50.38870614420721,1584.7558081211996,1.5847558081211996,rebalance,rebalance,0.0
2014-03-24,2014-03-25,ON,buy,934.1745278348513,9.430000305175781,8809.26608257009,8.80926608257009,rebalance,rebalance,0.0
2014-03-24,2014-03-25,PANW,buy,704.7412866056071,12.5,8809.26608257009,8.80926608257009,rebalance,rebalance,0.0
2014-03-24,2014-03-25,SWKS,buy,297.7139058300835,29.5897031010633,8809.26608257009,8.80926608257009,rebalance,rebalance,0.0
2014-03-24,2014-03-25,UI,buy,42.68052809681694,46.17280177524639,1970.679563477163,1.970679563477163,rebalance,rebalance,0.0
2014-03-24,2014-03-25,WDC,buy,32.633133057597405,54.75100846864459,1786.6969443949213,1.7866969443949212,rebalance,rebalance,0.0
2014-04-22,2014-04-23,ADBE,sell,54.63660387549878,64.2300033569336,3509.3092503347375,3.5093092503347374,rebalance,rebalance,230.47974878661194
2014-04-22,2014-04-23,ADSK,sell,71.89011736588752,48.650001525878906,3497.4543195460415,3.4974543195460415,rebalance,rebalance,-82.1040325186932
2014-04-22,2014-04-23,GLW,sell,282.0861174799619,15.541560498297072,4384.058460544563,4.384058460544563,rebalance,rebalance,383.6154282244503
2014-04-22,2014-04-23,GOOGL,sell,304.57951866376624,26.944575674108055,8206.765889419255,8.206765889419255,rebalance,rebalance,-387.48343829630846
2014-04-22,2014-04-23,HPQ,sell,383.14220547482637,9.70527542610715,3718.500631499329,3.718500631499329,rebalance,rebalance,210.25015572679308
2014-04-22,2014-04-23,META,sell,55.923721350365355,62.897661733288196,3517.471308361947,3.517471308361947,rebalance,rebalance,778.5423985008858
2014-04-22,2014-04-23,MRVL,sell,261.2307238283748,14.043665601189547,3668.636930202393,3.668636930202393,rebalance,rebalance,-25.907716453832442
2014-04-22,2014-04-23,MU,sell,182.59241756337545,25.538845266960422,4663.199499071272,4.663199499071272,rebalance,rebalance,1792.1251320066074
2014-04-22,2014-04-23,NOW,sell,712.7238128854686,11.017999649047852,7852.79072024014,7.85279072024014,rebalance,rebalance,-1710.99590679609
2014-04-22,2014-04-23,NXPI,sell,80.00344911695422,53.745601043305825,4299.8334583282385,4.299833458328239,rebalance,rebalance,1275.6571624221526
2014-04-22,2014-04-23,ON,sell,410.9398330397796,9.739999771118164,4002.55387975079,4.00255387975079,rebalance,rebalance,119.51341214605932
2014-04-22,2014-04-23,PANW,sell,273.5209149225629,11.81833267211914,3232.561165337245,3.232561165337245,rebalance,rebalance,-193.1018437966604
2014-04-22,2014-04-23,SWKS,sell,140.79569934124504,32.47746658325195,4572.687620420875,4.572687620420875,rebalance,rebalance,397.84588844502605
2014-04-22,2014-04-23,UI,sell,61.74357329470081,39.49231697388205,2438.396767654443,2.438396767654443,rebalance,rebalance,183.73643173201117
2014-04-22,2014-04-23,WDC,sell,160.8968734816104,57.27592177146427,9215.516738805902,9.215516738805903,rebalance,rebalance,626.3268355770688
2014-04-22,2014-04-23,BAH,buy,300.8794410854542,16.93803268564852,5096.305807545081,5.096305807545081,rebalance,rebalance,0.0
2014-04-22,2014-04-23,FFIV,buy,46.755099151789736,109.0,5096.305807545081,5.096305807545081,rebalance,rebalance,0.0
2014-04-22,2014-04-23,LSCC,buy,622.2595932424417,8.1899995803833,5096.305807545081,5.096305807545081,rebalance,rebalance,0.0
2014-05-20,2014-05-21,ADBE,sell,79.34462931948356,61.72999954223633,4897.943931570631,4.897943931570631,rebalance,rebalance,136.5448853253439
2014-05-20,2014-05-21,ADSK,sell,104.7544840226603,51.2400016784668,5367.619937148037,5.367619937148037,rebalance,rebalance,151.4051534717526
2014-05-20,2014-05-21,MRVL,sell,362.88999982407773,13.653069730380073,4954.562472055746,4.954562472055747,rebalance,rebalance,-177.59142934294437
2014-05-20,2014-05-21,UI,sell,129.04550044292122,30.385090604552268,3921.0592230679513,3.9210592230679513,rebalance,rebalance,-790.0579334645522
2014-05-20,2014-05-21,AKAM,buy,162.44053390004908,52.380001068115234,8508.63533918978,8.50863533918978,rebalance,rebalance,0.0
2014-05-20,2014-05-21,AVGO,buy,1693.5672065989065,5.024090751188541,8508.63533918978,8.50863533918978,rebalance,rebalance,0.0
2014-05-20,2014-05-21,BAH,buy,182.86262710384221,17.58919866332611,3216.407076227202,3.216407076227202,rebalance,rebalance,0.0
2014-05-20,2014-05-21,CDNS,buy,522.0021924813402,16.299999237060547,8508.635339189777,8.508635339189777,rebalance,rebalance,0.0
2014-05-20,2014-05-21,FFIV,buy,33.51504555754781,106.0,3552.5948291000677,3.5525948291000677,rebalance,rebalance,0.0
2014-05-20,2014-05-21,GLW,buy,221.636330994402,15.482885480703821,3431.569931149693,3.431569931149693,rebalance,rebalance,0.0
2014-05-20,2014-05-21,HPQ,buy,321.29102157684565,10.05276177244628,3229.862099537927,3.229862099537927,rebalance,rebalance,0.0
2014-05-20,2014-05-21,LSCC,buy,450.708316388949,7.929999828338623,3574.1168715951553,3.5741168715951552,rebalance,rebalance,0.0
2014-05-20,2014-05-21,META,buy,65.54830246646262,58.05023278398514,3805.094216773222,3.805094216773222,rebalance,rebalance,0.0
2014-05-20,2014-05-21,MU,buy,124.45844479041577,26.260442946638978,3268.3338886461306,3.2683338886461306,rebalance,rebalance,0.0
2014-05-20,2014-05-21,NXPI,buy,63.932840415230345,53.595814805910805,3426.532674910535,3.4265326749105354,rebalance,rebalance,0.0
2014-05-20,2014-05-21,ON,buy,466.14146355059415,8.600000381469727,4008.8167643539664,4.008816764353966,rebalance,rebalance,0.0
2014-05-20,2014-05-21,PANW,buy,379.254525387917,10.498332977294922,3981.540290668303,3.981540290668303,rebalance,rebalance,0.0
2014-05-20,2014-05-21,SWKS,buy,109.05059244791624,31.991103367027144,3488.648775236838,3.4886487752368383,rebalance,rebalance,0.0
2014-05-20,2014-05-21,WDC,buy,162.18722220501482,52.46181063779692,8508.63533918978,8.50863533918978,rebalance,rebalance,0.0
2014-06-18,2014-06-19,META,sell,146.57366441323103,64.89016406595415,9511.189131522668,9.511189131522668,rebalance,rebalance,1729.5641576451935
2014-06-18,2014-06-19,ON,sell,989.3761583456659,9.0600004196167,8963.748409770491,8.963748409770492,rebalance,rebalance,2.921645314720484
2014-06-18,2014-06-19,PANW,sell,810.4748970709612,13.484999656677246,10929.25370874744,10.92925370874744,rebalance,rebalance,1537.157723395629
2014-06-18,2014-06-19,WDC,sell,162.18722220501482,57.81913917684289,9377.525573377296,9.377525573377296,rebalance,rebalance,851.0040732749488
2014-06-18,2014-06-19,AKAM,buy,17.671664374945408,61.189998626708984,1081.3291188345715,1.0813291188345715,rebalance,rebalance,0.0
2014-06-18,2014-06-19,AMAT,buy,569.5943558651448,19.348971863249567,11021.065165100448,11.021065165100449,rebalance,rebalance,0.0
2014-06-18,2014-06-19,AVGO,buy,380.22482694957034,5.314450526768706,2020.6860318726842,2.0206860318726845,rebalance,rebalance,0.0
2014-06-18,2014-06-19,BAH,buy,189.27955143256037,16.375499454672397,3099.5471912645285,3.0995471912645285,rebalance,rebalance,0.0
2014-06-18,2014-06-19,CDNS,buy,130.90454407325626,16.8799991607666,2209.6685940971,2.2096685940971,rebalance,rebalance,0.0
2014-06-18,2014-06-19,CSCO,buy,646.929601813436,17.03595744298426,11021.065165100448,11.021065165100449,rebalance,rebalance,0.0
2014-06-18,2014-06-19,FFIV,buy,17.287304578188042,112.97000122070312,1952.9468193005698,1.95294681930057,rebalance,rebalance,0.0
2014-06-18,2014-06-19,GLW,buy,147.39645817513917,15.813336991826997,2330.829864525209,2.330829864525209,rebalance,rebalance,0.0
2014-06-18,2014-06-19,HPQ,buy,190.95486142784478,10.624222301657731,2028.7468973916702,2.0287468973916702,rebalance,rebalance,0.0
2014-06-18,2014-06-19,LSCC,buy,262.9187770474514,8.25,2169.079910641474,2.1690799106414738,rebalance,rebalance,0.0
2014-06-18,2014-06-19,MPWR,buy,290.9220895865197,37.883218770923904,11021.065165100448,11.021065165100449,rebalance,rebalance,0.0
2014-06-18,2014-06-19,MU,buy,28.189398532243956,31.292154547979006,882.1070154855504,0.8821070154855504,rebalance,rebalance,0.0
2014-06-18,2014-06-19,NXPI,buy,37.39699349394877,56.18618334750063,2101.194333096294,2.101194333096294,rebalance,rebalance,0.0
2014-06-18,2014-06-19,ORCL,buy,307.5681108108814,35.83292538372783,11021.065165100448,11.021065165100449,rebalance,rebalance,0.0
2014-06-18,2014-06-19,SWKS,buy,29.289397039272274,37.32687293800063,1093.281601715568,1.093281601715568,rebalance,rebalance,0.0
2014-07-17,2014-07-18,AMAT,sell,11.671889797060658,19.69340679370662,229.85927382482936,0.22985927382482937,rebalance,rebalance,3.564508209453906
2014-07-17,2014-07-18,AVGO,sell,52.09632895949312,5.434741765878425,283.130094845099,0.283130094845099,rebalance,rebalance,18.07232969805359
2014-07-17,2014-07-18,CDNS,sell,652.9067365545965,17.34000015258789,11321.402911482364,11.321402911482364,rebalance,rebalance,581.0592713507162
2014-07-17,2014-07-18,CSCO,sell,646.929601813436,17.919014184620853,11592.34071134608,11.59234071134608,rebalance,rebalance,548.6621403691869
2014-07-17,2014-07-18,FFIV,sell,97.55744928752559,109.80999755859375,10712.783268085817,10.712783268085818,rebalance,rebalance,89.62118141606776
2014-07-17,2014-07-18,GLW,sell,6.313031356253305,15.909131535749287,100.43484623594354,0.10043484623594354,rebalance,rebalance,6.008322504064275
2014-07-17,2014-07-18,MU,sell,12.61077048768908,32.35505095883693,408.022121759377,0.408022121759377,rebalance,rebalance,146.68900315969552
2014-07-17,2014-07-18,NXPI,sell,5.5896693901171375,57.65756672373293,322.2867358242864,0.3222867358242864,rebalance,rebalance,62.289390165683464
2014-07-17,2014-07-18,ORCL,sell,307.5681108108814,33.46774681299794,10293.611660370672,10.293611660370672,rebalance,rebalance,-748.7681815552442
2014-07-17,2014-07-18,SWKS,sell,15.822434639530456,39.319928240665455,622.1369946189569,0.6221369946189569,rebalance,rebalance,126.66186229910596
2014-07-17,2014-07-18,AAPL,buy,535.7856298517104,20.50707124539295,10987.394083626761,10.98739408362676,rebalance,rebalance,0.0
2014-07-17,2014-07-18,AKAM,buy,7.290051144407926,58.630001068115234,427.41570638325135,0.4274157063832514,rebalance,rebalance,0.0
2014-07-17,2014-07-18,BAH,buy,19.17283163882621,15.873276741261927,304.3356625167109,0.3043356625167109,rebalance,rebalance,0.0
2014-07-17,2014-07-18,CDW,buy,405.6336037527715,27.0869917629493,10987.394083626761,10.98739408362676,rebalance,rebalance,0.0
2014-07-17,2014-07-18,HPQ,buy,1.9234963127612446,10.57216036022086,20.335511470805415,0.020335511470805416,rebalance,rebalance,0.0
2014-07-17,2014-07-18,LRCX,buy,1822.0860793683098,6.03011801036092,10987.394083626761,10.98739408362676,rebalance,rebalance,0.0
2014-07-17,2014-07-18,LSCC,buy,94.76361660425187,7.679999828338623,727.7845592534014,0.7277845592534015,rebalance,rebalance,0.0
2014-07-17,2014-07-18,MPWR,buy,9.99309616209024,36.513258898159535,364.88050736060535,0.36488050736060534,rebalance,rebalance,0.0
2014-07-17,2014-07-18,PANW,buy,852.7275039544373,12.885000228881836,10987.394083626761,10.98739408362676,rebalance,rebalance,0.0
2014-08-14,2014-08-15,AAPL,sell,16.422512012773836,21.551251683483123,353.92568966231397,0.35392568966231397,rebalance,rebalance,16.457362474502766
2014-08-14,2014-08-15,AKAM,sell,187.4022494194024,59.470001220703125,11144.812001734374,11.144812001734374,rebalance,rebalance,1106.269645160628
2014-08-14,2014-08-15,AVGO,sell,11.915346083818122,5.569228110075918,66.35928035128289,0.0663592803512829,rebalance,rebalance,5.734308326516396
2014-08-14,2014-08-15,BAH,sell,692.194451260683,17.115334043284417,11847.139256234543,11.847139256234543,rebalance,rebalance,106.97978368723406
2014-08-14,2014-08-15,CDW,sell,2.5881398347402182,27.77087517338185,71.87490828182773,0.07187490828182773,rebalance,rebalance,1.6280060661916878
2014-08-14,2014-08-15,GLW,sell,690.6344358858981,14.98067274020188,10346.168467120578,10.34616846712058,rebalance,rebalance,16.715436887145124
2014-08-14,2014-08-15,HPQ,sell,16.413119295405522,10.94274107631845,179.60451470434896,0.17960451470434896,rebalance,rebalance,20.11814554607744
2014-08-14,2014-08-15,LSCC,sell,1430.650303283094,7.199999809265137,10300.681910763387,10.300681910763387,rebalance,rebalance,-1288.4732073315229
2014-08-14,2014-08-15,MPWR,sell,18.564564241855066,39.64193600118443,735.9352675654956,0.7359352675654955,rebalance,rebalance,32.05603800327512
2014-08-14,2014-08-15,PANW,sell,852.7275039544373,14.536666870117188,12395.815655972192,12.395815655972193,rebalance,rebalance,1385.0383626058324
2014-08-14,2014-08-15,SWKS,sell,15.69022773989883,42.438350007417206,665.8673765219132,0.6658673765219132,rebalance,rebalance,174.48333768107895
2014-08-14,2014-08-15,AMAT,buy,18.50180749104379,19.417858999161815,359.2654890907242,0.3592654890907242,rebalance,rebalance,0.0
2014-08-14,2014-08-15,CDNS,buy,656.0917712811391,17.059999465942383,11192.925267665425,11.192925267665425,rebalance,rebalance,0.0
2014-08-14,2014-08-15,CSCO,buy,650.9825045475849,17.193895672271875,11192.925267665425,11.192925267665425,rebalance,rebalance,0.0
2014-08-14,2014-08-15,INTC,buy,430.6281289052908,25.992090428740003,11192.925267665425,11.192925267665425,rebalance,rebalance,0.0
2014-08-14,2014-08-15,LRCX,buy,82.17399946176238,5.877834331611923,483.0051552022066,0.4830051552022066,rebalance,rebalance,0.0
2014-08-14,2014-08-15,MSFT,buy,300.1502066277444,37.291079667811914,11192.925267665425,11.192925267665425,rebalance,rebalance,0.0
2014-08-14,2014-08-15,MU,buy,25.9629659905587,30.61931070628202,794.96812252155,0.79496812252155,rebalance,rebalance,0.0
2014-08-14,2014-08-15,NXPI,buy,6.88357714650104,56.688397198998395,390.21895543079887,0.3902189554307989,rebalance,rebalance,0.0
2014-08-14,2014-08-15,STX,buy,320.1819553925393,34.9580139641006,11192.925267665425,11.192925267665425,rebalance,rebalance,0.0
2014-09-12,2014-09-15,AAPL,sell,5.478855396333074,22.63211428172297,123.99808146284472,0.12399808146284473,rebalance,rebalance,11.406450147618111
2014-09-12,2014-09-15,AMAT,sell,576.424273559128,19.324473574863603,11139.095642303317,11.139095642303317,rebalance,rebalance,-37.68953184279907
2014-09-12,2014-09-15,AVGO,sell,243.69476511180437,6.585347504496347,1604.8147132878444,1.6048147132878443,rebalance,rebalance,364.6544420705159
2014-09-12,2014-09-15,CDNS,sell,656.0917712811391,17.81999969482422,11691.55516400658,11.69155516400658,rebalance,rebalance,475.7454159094851
2014-09-12,2014-09-15,LRCX,sell,14.510521856215064,6.154406710804598,89.30365308916679,0.08930365308916678,rebalance,rebalance,1.722140684973381
2014-09-12,2014-09-15,MPWR,sell,0.25852748427990946,41.22868950114323,10.658749376888075,0.010658749376888075,rebalance,rebalance,0.8562170023578615
2014-09-12,2014-09-15,MSFT,sell,3.2604808585992373,39.173761655273225,127.72530003634712,0.12772530003634713,rebalance,rebalance,5.889136431457433
2014-09-12,2014-09-15,NXPI,sell,197.44649382789726,61.7193512752771,12186.269510635822,12.186269510635823,rebalance,rebalance,2930.6362396521727
2014-09-12,2014-09-15,STX,sell,0.0022818752867124203,36.32425265295061,0.08288741443706607,8.288741443706607e-05,rebalance,rebalance,0.002954929057262941
2014-09-12,2014-09-15,CDW,buy,24.804185692960516,27.183117634324063,674.2550975153637,0.6742550975153637,rebalance,rebalance,0.0
2014-09-12,2014-09-15,CSCO,buy,17.574949511043542,17.396092564035666,305.7354485023668,0.30573544850236684,rebalance,rebalance,0.0
2014-09-12,2014-09-15,EPAM,buy,303.90089407016285,38.27000045776367,11630.287355179922,11.630287355179922,rebalance,rebalance,0.0
2014-09-12,2014-09-15,GEN,buy,1313.8988894061654,8.851736955525086,11630.287355179922,11.630287355179922,rebalance,rebalance,0.0
2014-09-12,2014-09-15,HPQ,buy,11.983467226299354,11.238659466136513,134.6781073799859,0.1346781073799859,rebalance,rebalance,0.0
2014-09-12,2014-09-15,INTC,buy,8.963066533670315,26.457052543025355,237.13632222794766,0.23713632222794767,rebalance,rebalance,0.0
2014-09-12,2014-09-15,MU,buy,14.283858659244345,30.61931118317977,437.3619131839596,0.4373619131839596,rebalance,rebalance,0.0
2014-09-12,2014-09-15,SWKS,buy,5.075851348988294,43.26399611970636,219.60161306683588,0.2196016130668359,rebalance,rebalance,0.0
2014-09-12,2014-09-15,WDC,buy,186.0188239235011,62.52209916111928,11630.287355179922,11.630287355179922,rebalance,rebalance,0.0
2014-10-10,2014-10-13,AAPL,sell,315.0700072835314,22.306311090630352,7028.0495977936225,7.028049597793623,rebalance,rebalance,553.3972984593255
2014-10-10,2014-10-13,AVGO,sell,930.7654708001194,5.309117432802164,4941.543186875228,4.9415431868752275,rebalance,rebalance,206.07469922917775
2014-10-10,2014-10-13,CDW,sell,427.8496496109918,25.250134483787473,10803.261191518892,10.803261191518892,rebalance,rebalance,-810.6778726885407
2014-10-10,2014-10-13,CSCO,sell,668.5574540586284,16.327310735524332,10915.745296966259,10.915745296966259,rebalance,rebalance,-605.3298252146654
2014-10-10,2014-10-13,EPAM,sell,303.90089407016285,41.83000183105469,12712.174955414068,12.712174955414069,rebalance,rebalance,1057.5451379235553
2014-10-10,2014-10-13,GEN,sell,758.350469639779,7.982765258688171,6053.733782950287,6.053733782950287,rebalance,rebalance,-671.7515470602497
2014-10-10,2014-10-13,HPQ,sell,1034.8464948353878,10.217522290789137,10573.567128525581,10.573567128525582,rebalance,rebalance,500.2081176264179
2014-10-10,2014-10-13,INTC,sell,256.1675665799928,24.177978881009288,6193.614014770606,6.193614014770606,rebalance,rebalance,-479.99947665784293
2014-10-10,2014-10-13,LRCX,sell,1121.9133831167342,5.775727656268824,6479.866154805442,6.479866154805443,rebalance,rebalance,-291.26910341330347
2014-10-10,2014-10-13,MPWR,sell,143.8358060975611,32.0767517441141,4613.785444106,4.613785444106,rebalance,rebalance,-838.6902582338282
2014-10-10,2014-10-13,MSFT,sell,296.8897257691452,36.884275502120346,10950.56243901811,10.950562439018109,rebalance,rebalance,-142.7978780491451
2014-10-10,2014-10-13,MU,sell,220.76242911841902,27.879171273526463,6154.67357215215,6.15467357215215,rebalance,rebalance,1347.8353563620853
2014-10-10,2014-10-13,STX,sell,320.1796735172526,31.946343242491185,10228.569749450915,10.228569749450916,rebalance,rebalance,-985.6971636336573
2014-10-10,2014-10-13,SWKS,sell,149.91196995050996,37.295723177293105,5591.075332236902,5.591075332236902,rebalance,rebalance,862.8696082735252
2014-10-10,2014-10-13,WDC,sell,186.0188239235011,56.7533721426473,10557.19553966804,10.55719553966804,rebalance,rebalance,-1095.2792984067294
2014-10-10,2014-10-13,CDNS,buy,274.2617565804397,16.170000076293945,4434.8126248302215,4.434812624830221,rebalance,rebalance,0.0
2014-10-10,2014-10-13,FFIV,buy,41.36180352863028,107.22000122070312,4434.8126248302215,4.434812624830221,rebalance,rebalance,0.0
2014-10-10,2014-10-13,META,buy,61.091865276741196,72.59252283001804,4434.8126248302215,4.434812624830221,rebalance,rebalance,0.0
2014-10-10,2014-10-13,NOW,buy,390.18234703172226,11.366000175476074,4434.8126248302215,4.434812624830221,rebalance,rebalance,0.0
2014-10-10,2014-10-13,NXPI,buy,88.75698504878089,49.96578717036012,4434.8126248302215,4.434812624830221,rebalance,rebalance,0.0
2014-10-10,2014-10-13,PANW,buy,281.1291747748013,15.774999618530273,4434.8126248302215,4.434812624830221,rebalance,rebalance,0.0
2014-10-10,2014-10-13,UI,buy,146.4427733104494,30.283588084122798,4434.8126248302215,4.434812624830221,rebalance,rebalance,0.0
2014-10-13,2014-10-14,AAPL,sell,198.81425515907205,22.099385063339888,4393.672780841442,4.393672780841442,market_trend_exit,risk_exit,308.1039148186309
2014-10-13,2014-10-14,AVGO,sell,835.3201225932419,5.403603533084631,4513.738765701529,4.513738765701529,market_trend_exit,risk_exit,263.7899832621328
2014-10-13,2014-10-14,CDNS,sell,274.2617565804397,16.149999618530273,4429.327264151543,4.429327264151543,market_trend_exit,risk_exit,-14.349500567659163
2014-10-13,2014-10-14,FFIV,sell,41.36180352863028,112.76000213623047,4663.957054246695,4.663957054246696,market_trend_exit,risk_exit,220.04565973739724
2014-10-13,2014-10-14,GEN,sell,555.5484197663864,8.251554988141946,4584.138334277701,4.584138334277701,market_trend_exit,risk_exit,-342.9318503640911
2014-10-13,2014-10-14,INTC,sell,183.4236288589683,24.383783024325396,4472.561967631473,4.4725619676314725,market_trend_exit,risk_exit,-305.98236840574265
2014-10-13,2014-10-14,LRCX,sell,767.836173857123,5.666559533749773,4350.989391328028,4.350989391328029,market_trend_exit,risk_exit,-283.0836353160503
2014-10-13,2014-10-14,META,sell,61.091865276741196,73.35581345585152,4481.44347291064,4.48144347291064,market_trend_exit,risk_exit,37.714591982678066
2014-10-13,2014-10-14,MPWR,sell,138.25628792491386,31.411121706540328,4342.7850867039515,4.342785086703952,market_trend_exit,risk_exit,-898.0922317007369
2014-10-13,2014-10-14,MU,sell,159.07261307445808,27.09906556560335,4310.719171396592,4.310719171396593,market_trend_exit,risk_exit,847.2271112076264
2014-10-13,2014-10-14,NOW,sell,390.18234703172226,10.986000061035156,4286.543288305341,4.286543288305341,market_trend_exit,risk_exit,-156.9906924380154
2014-10-13,2014-10-14,NXPI,sell,88.75698504878089,48.45914518691477,4301.087624831696,4.3010876248316965,market_trend_exit,risk_exit,-142.4609002481867
2014-10-13,2014-10-14,PANW,sell,281.1291747748013,15.119999885559082,4250.673090422315,4.250673090422315,market_trend_exit,risk_exit,-192.82502012315837
2014-10-13,2014-10-14,SWKS,sell,118.90941499507602,37.964113107291965,4514.290480394985,4.514290480394985,market_trend_exit,risk_exit,763.8221790287836
2014-10-13,2014-10-14,UI,sell,146.4427733104494,29.29628931619356,4290.2298551686745,4.290229855168675,market_trend_exit,risk_exit,-153.30781214154618
2014-11-07,2014-11-10,AAPL,buy,343.15032311113833,24.103220381402817,8271.027861897352,8.271027861897352,rebalance,rebalance,0.0
2014-11-07,2014-11-10,AVGO,buy,1298.8540432359027,6.367942498982648,8271.027861897352,8.271027861897352,rebalance,rebalance,0.0
2014-11-07,2014-11-10,EPAM,buy,176.01676029919267,46.9900016784668,8271.027861897352,8.271027861897352,rebalance,rebalance,0.0
2014-11-07,2014-11-10,FTNT,buy,1528.2756075187804,5.4120001792907715,8271.027861897352,8.271027861897352,rebalance,rebalance,0.0
2014-11-07,2014-11-10,INTC,buy,322.47641157737064,25.64847401222372,8271.027861897352,8.271027861897352,rebalance,rebalance,0.0
2014-11-07,2014-11-10,KLAC,buy,1602.5528649954335,5.161157577114262,8271.027861897352,8.271027861897352,rebalance,rebalance,0.0
2014-11-07,2014-11-10,LRCX,buy,1227.5599230717612,6.737779318504063,8271.027861897352,8.271027861897352,rebalance,rebalance,0.0
2014-11-07,2014-11-10,META,buy,110.7173635993655,74.70398131792899,8271.027861897352,8.271027861897352,rebalance,rebalance,0.0
2014-11-07,2014-11-10,MSFT,buy,201.97971690930532,40.949794308362556,8271.027861897352,8.271027861897352,rebalance,rebalance,0.0
2014-11-07,2014-11-10,NOW,buy,613.577755398439,13.479999542236328,8271.027861897352,8.271027861897352,rebalance,rebalance,0.0
2014-11-07,2014-11-10,NTAP,buy,260.93034688104194,31.698221233224785,8271.027861897352,8.271027861897352,rebalance,rebalance,0.0
2014-11-07,2014-11-10,PANW,buy,463.92603884084826,17.828332901000977,8271.027861897352,8.271027861897352,rebalance,rebalance,0.0
2014-11-07,2014-11-10,SAIC,buy,202.91023451379374,40.76200434993382,8271.027861897352,8.271027861897352,rebalance,rebalance,0.0
2014-11-07,2014-11-10,SWKS,buy,174.6097419890543,47.36865061295283,8271.027861897352,8.271027861897352,rebalance,rebalance,0.0
2014-11-07,2014-11-10,VEEV,buy,290.9260560363618,28.43000030517578,8271.027861897352,8.271027861897352,rebalance,rebalance,0.0
2014-12-08,2014-12-09,AAPL,sell,343.15032311113833,24.361890760326617,8359.790686004335,8.359790686004335,rebalance,rebalance,72.13200555908209
2014-12-08,2014-12-09,EPAM,sell,176.01676029919267,49.52000045776367,8716.3500505901,8.7163500505901,rebalance,rebalance,428.334810780262
2014-12-08,2014-12-09,FTNT,sell,1528.2756075187804,5.453999996185303,8335.215157577519,8.335215157577519,rebalance,rebalance,47.581052660693416
2014-12-08,2014-12-09,META,sell,110.7173635993655,74.54538123061208,8253.468078362994,8.253468078362994,rebalance,rebalance,-34.08427947461755
2014-12-08,2014-12-09,AVGO,buy,155.45251927170898,7.490510268175364,1164.4186918184648,1.164418691818465,rebalance,rebalance,0.0
2014-12-08,2014-12-09,BAH,buy,504.21929595879584,21.604683372586134,10893.498239538083,10.893498239538083,rebalance,rebalance,0.0
2014-12-08,2014-12-09,CRM,buy,201.34376228843456,54.10397677943768,10893.498239538083,10.893498239538083,rebalance,rebalance,0.0
2014-12-08,2014-12-09,GEN,buy,1132.8889687759597,9.61568038861572,10893.498239538083,10.893498239538083,rebalance,rebalance,0.0
2014-12-08,2014-12-09,INTC,buy,64.71988996504757,28.134303442835638,1820.8490230635814,1.8208490230635814,rebalance,rebalance,0.0
2014-12-08,2014-12-09,IT,buy,132.33112584939673,82.31999969482422,10893.498239538083,10.893498239538083,rebalance,rebalance,0.0
2014-12-08,2014-12-09,KLAC,buy,347.899133682163,5.585114756437922,1943.0565852802179,1.943056585280218,rebalance,rebalance,0.0
2014-12-08,2014-12-09,LRCX,buy,335.510564565182,6.969294299713202,2338.271865117681,2.3382718651176813,rebalance,rebalance,0.0
2014-12-08,2014-12-09,MSFT,buy,71.0153814901764,39.903640407482,2833.7722463841524,2.8337722463841524,rebalance,rebalance,0.0
2014-12-08,2014-12-09,NOW,buy,280.944977142433,12.178000450134277,3421.3480581035133,3.421348058103513,rebalance,rebalance,0.0
2014-12-08,2014-12-09,NTAP,buy,80.31110818700694,31.9231385218591,2563.782631497835,2.563782631497835,rebalance,rebalance,0.0
2014-12-08,2014-12-09,PANW,buy,104.62815355437965,19.15999984741211,2004.675406136925,2.004675406136925,rebalance,rebalance,0.0
2014-12-08,2014-12-09,SAIC,buy,63.96056914182134,40.81937061049083,2610.8301762579285,2.6108301762579287,rebalance,rebalance,0.0
2014-12-08,2014-12-09,SWKS,buy,32.118070175546904,52.6948847640512,1692.4580067441539,1.692458006744154,rebalance,rebalance,0.0
2014-12-08,2014-12-09,VEEV,buy,70.50388623760682,30.139999389648438,2124.9870881693123,2.1249870881693123,rebalance,rebalance,0.0
2015-01-07,2015-01-08,AVGO,sell,367.4508964315078,7.5657059424151445,2780.02543067763,2.78002543067763,rebalance,rebalance,390.8638491431743
2015-01-07,2015-01-08,BAH,sell,124.88682334919787,21.677106404339753,2707.1849582405443,2.7071849582405445,rebalance,rebalance,3.639357138919845
2015-01-07,2015-01-08,CRM,sell,201.34376228843456,56.35502707790002,11346.733175730995,11.346733175730995,rebalance,rebalance,430.99470477764316
2015-01-07,2015-01-08,GEN,sell,1132.8889687759597,9.33788246772521,10578.784039412327,10.578784039412326,rebalance,rebalance,-336.18648240470515
2015-01-07,2015-01-08,INTC,sell,92.51481775820781,27.904129793920042,2581.5454825858897,2.5815454825858897,rebalance,rebalance,165.24821905971234
2015-01-07,2015-01-08,IT,sell,33.28474300343575,83.0199966430664,2763.299252410564,2.763299252410564,rebalance,rebalance,17.79591923913505
2015-01-07,2015-01-08,KLAC,sell,459.01402478846285,5.513357253427957,2530.7083029926316,2.5307083029926316,rebalance,rebalance,122.01921559507142
2015-01-07,2015-01-08,LRCX,sell,1563.0704876369432,6.690658948639106,10457.971545461805,10.457971545461806,rebalance,rebalance,-172.39545282570242
2015-01-07,2015-01-08,MSFT,sell,272.9950983994817,39.59870865804818,10810.253366596273,10.810253366596273,rebalance,rebalance,-316.4617951601096
2015-01-07,2015-01-08,NOW,sell,894.522732540872,13.574000358581543,12142.251892269138,12.142251892269138,rebalance,rebalance,426.0413444560045
2015-01-07,2015-01-08,NTAP,sell,67.63791216503824,30.053815400681604,2032.777326295576,2.0327773262955757,rebalance,rebalance,-118.98489785683509
2015-01-07,2015-01-08,PANW,sell,178.7234033062656,21.093332290649414,3769.8721340548104,3.7698721340548107,rebalance,rebalance,532.7338466019348
2015-01-07,2015-01-08,SAIC,sell,266.8708036556151,40.573473436194725,10827.875463017037,10.827875463017037,rebalance,rebalance,-75.69230863941524
2015-01-07,2015-01-08,SWKS,sell,61.79998840670493,56.737416999484445,3506.3717127945215,3.5063717127945218,rebalance,rebalance,521.3649419345284
2015-01-07,2015-01-08,VEEV,sell,73.11191143953556,28.520000457763672,2085.151747723531,2.0851517477235313,rebalance,rebalance,-21.995845975927338
2015-01-07,2015-01-08,AAPL,buy,340.4947933825454,24.14965083516332,8222.83037137955,8.222830371379551,rebalance,rebalance,0.0
2015-01-07,2015-01-08,CACI,buy,95.01768297190043,86.54000091552734,8222.83037137955,8.222830371379551,rebalance,rebalance,0.0
2015-01-07,2015-01-08,EPAM,buy,171.5949642232745,47.91999816894531,8222.83037137955,8.222830371379551,rebalance,rebalance,0.0
2015-01-07,2015-01-08,FFIV,buy,63.35000137173104,129.8000030517578,8222.83037137955,8.222830371379551,rebalance,rebalance,0.0
2015-01-07,2015-01-08,MPWR,buy,192.68929918612022,42.67403745880589,8222.83037137955,8.222830371379551,rebalance,rebalance,0.0
2015-01-07,2015-01-08,VRSN,buy,149.79562104340064,54.89366320659754,8222.83037137955,8.222830371379551,rebalance,rebalance,0.0
2015-02-05,2015-02-06,AAPL,sell,340.4947933825454,26.63993133480039,9070.757915568056,9.070757915568056,rebalance,rebalance,830.6339559015597
2015-02-05,2015-02-06,EPAM,sell,171.5949642232745,51.29999923706055,8802.821533737413,8.802821533737413,rebalance,rebalance,562.9655104527466
2015-02-05,2015-02-06,FFIV,sell,63.35000137173104,111.23999786376953,7047.054017261158,7.047054017261158,rebalance,rebalance,-1191.0462385070325
2015-02-05,2015-02-06,INTC,sell,294.6814837842104,26.21108800880732,7723.922306033865,7.723922306033866,rebalance,rebalance,27.94533992553144
2015-02-05,2015-02-06,IT,sell,99.04638284596098,78.61000061035156,7786.036215974107,7.786036215974107,rebalance,rebalance,-383.4015241004698
2015-02-05,2015-02-06,MPWR,sell,192.68929918612022,42.75523751383281,8238.476753076562,8.238476753076561,rebalance,rebalance,-0.8149254274439794
2015-02-05,2015-02-06,NTAP,sell,273.60354290301063,29.293435655561893,8014.78777916311,8.01478777916311,rebalance,rebalance,-689.1428656785203
2015-02-05,2015-02-06,VRSN,sell,149.79562104340064,57.398204658323756,8597.99971356982,8.59799971356982,rebalance,rebalance,358.34851210532065
2015-02-05,2015-02-06,AVGO,buy,163.22486567770602,7.997687062375672,1305.4213964885962,1.3054213964885961,rebalance,rebalance,0.0
2015-02-05,2015-02-06,BAH,buy,46.035193677772895,23.50379139767723,1082.0015891540438,1.0820015891540438,rebalance,rebalance,0.0
2015-02-05,2015-02-06,CACI,buy,21.915099434358595,85.5,1873.7410016376598,1.8737410016376599,rebalance,rebalance,0.0
2015-02-05,2015-02-06,CHKP,buy,128.32437974325802,77.91000366210938,9997.752895735146,9.997752895735147,rebalance,rebalance,0.0
2015-02-05,2015-02-06,CTSH,buy,199.18995960511756,50.19205242852153,9997.752895735146,9.997752895735147,rebalance,rebalance,0.0
2015-02-05,2015-02-06,FTNT,buy,1562.6372718531431,6.3979997634887695,9997.752895735146,9.997752895735147,rebalance,rebalance,0.0
2015-02-05,2015-02-06,KLAC,buy,459.4465870597935,5.124728082768851,2354.538827237627,2.354538827237627,rebalance,rebalance,0.0
2015-02-05,2015-02-06,LDOS,buy,396.8424780421066,25.193252862094926,9997.752895735146,9.997752895735147,rebalance,rebalance,0.0
2015-02-05,2015-02-06,NOW,buy,676.254912570721,14.784000396728516,9997.752895735146,9.997752895735147,rebalance,rebalance,0.0
2015-02-05,2015-02-06,NXPI,buy,143.76300564693648,69.54329349713477,9997.752895735146,9.997752895735147,rebalance,rebalance,0.0
2015-02-05,2015-02-06,ON,buy,940.522369529718,10.630000114440918,9997.752895735146,9.997752895735147,rebalance,rebalance,0.0
2015-02-05,2015-02-06,PANW,buy,80.24614130441347,21.268333435058594,1706.7016901390934,1.7067016901390935,rebalance,rebalance,0.0
2015-02-05,2015-02-06,SAIC,buy,231.97850344045406,43.09775581555746,9997.752895735146,9.997752895735147,rebalance,rebalance,0.0
2015-02-05,2015-02-06,SWKS,buy,10.725647700188802,64.23083791245463,688.9173389369187,0.6889173389369186,rebalance,rebalance,0.0
2015-02-05,2015-02-06,VEEV,buy,44.94039902340518,30.0,1348.2119707021552,1.3482119707021551,rebalance,rebalance,0.0
2015-03-06,2015-03-09,AVGO,sell,136.2432991644764,9.617241502701617,1310.284711189595,1.3102847111895952,rebalance,rebalance,397.2682351633016
2015-03-06,2015-03-09,CHKP,sell,128.32437974325802,82.2300033569336,10552.114177064528,10.552114177064528,rebalance,rebalance,533.8114142565837
2015-03-06,2015-03-09,KLAC,sell,1950.8845609489272,4.9578836971520115,9672.258759754246,9.672258759754246,rebalance,rebalance,-512.4470176005514
2015-03-06,2015-03-09,LDOS,sell,396.8424780421066,26.566445017580254,10542.693873545924,10.542693873545925,rebalance,rebalance,524.4005310414992
2015-03-06,2015-03-09,NXPI,sell,19.6266534722712,86.29254422943042,1693.6338628316666,1.6936338628316667,rebalance,rebalance,325.67320405733096
2015-03-06,2015-03-09,ON,sell,940.522369529718,12.930000305175781,12160.954525043904,12.160954525043904,rebalance,rebalance,2141.04292188798
2015-03-06,2015-03-09,PANW,sell,12.850992407966373,23.428333282470703,301.07733314433693,0.30107733314433693,rebalance,rebalance,61.266974021563605
2015-03-06,2015-03-09,SAIC,sell,231.97850344045406,43.287371079255855,10041.739560837366,10.041739560837366,rebalance,rebalance,23.947172645648998
2015-03-06,2015-03-09,SWKS,sell,6.427753681203342,71.78415235722846,461.41084956623683,0.46141084956623685,rebalance,rebalance,143.73746569444384
2015-03-06,2015-03-09,VEEV,sell,333.2584298578382,24.559999465942383,8184.826859329304,8.184826859329304,rebalance,rebalance,-1474.266673267878
2015-03-06,2015-03-09,AAPL,buy,377.15386594902276,28.402311702567367,10712.041660512454,10.712041660512455,rebalance,rebalance,0.0
2015-03-06,2015-03-09,BAH,buy,31.01823057331427,23.471456357868956,728.0430451998625,0.7280430451998625,rebalance,rebalance,0.0
2015-03-06,2015-03-09,CACI,buy,6.506279718595806,86.77999877929688,564.614946037508,0.5646149460375081,rebalance,rebalance,0.0
2015-03-06,2015-03-09,CTSH,buy,0.026114121657229816,53.77097068584957,1.4041816701176137,0.0014041816701176137,rebalance,rebalance,0.0
2015-03-06,2015-03-09,EPAM,buy,179.31103715341197,59.7400016784668,10712.041660512454,10.712041660512455,rebalance,rebalance,0.0
2015-03-06,2015-03-09,FTNT,buy,26.68647062160312,6.739999771118164,179.86680588155664,0.17986680588155665,rebalance,rebalance,0.0
2015-03-06,2015-03-09,GLW,buy,595.9977448107574,17.97329227128832,10712.041660512452,10.712041660512453,rebalance,rebalance,0.0
2015-03-06,2015-03-09,IT,buy,132.44364520622887,80.87999725341797,10712.041660512454,10.712041660512455,rebalance,rebalance,0.0
2015-03-06,2015-03-09,MRVL,buy,722.400248214434,14.828402519226074,10712.041660512454,10.712041660512455,rebalance,rebalance,0.0
2015-03-06,2015-03-09,NOW,buy,47.53167678475995,14.800000190734863,703.4688254803951,0.7034688254803951,rebalance,rebalance,0.0
2015-03-06,2015-03-09,TXN,buy,253.36443703083302,42.279184032480686,10712.041660512454,10.712041660512455,rebalance,rebalance,0.0
2015-04-06,2015-04-07,AAPL,sell,84.83668038601246,28.33128631931343,2403.532282396201,2.403532282396201,rebalance,rebalance,-10.838647860938721
2015-04-06,2015-04-07,AVGO,sell,246.55218004034361,9.549019501605803,2354.331575368666,2.354331575368666,rebalance,rebalance,702.1115226641177
2015-04-06,2015-04-07,BAH,sell,456.38589686068514,23.26132021416498,10616.138488105269,10.61613848810527,rebalance,rebalance,590.114348994669
2015-04-06,2015-04-07,CACI,sell,123.43906212485483,88.08999633789062,10873.746530531114,10.873746530531115,rebalance,rebalance,191.0252786268124
2015-04-06,2015-04-07,CTSH,sell,47.0458555694467,54.42406523777921,2560.426712678706,2.560426712678706,rebalance,rebalance,194.15481544822063
2015-04-06,2015-04-07,EPAM,sell,54.45468781491182,66.33000183105469,3611.9795424726126,3.611979542472613,rebalance,rebalance,351.9912983254592
2015-04-06,2015-04-07,FTNT,sell,386.2845078224916,6.883999824523926,2659.182484066343,2.659182484066343,rebalance,rebalance,180.38318683578328
2015-04-06,2015-04-07,GLW,sell,100.81961390395054,16.724732703916906,1686.1810938556773,1.6861810938556774,rebalance,rebalance,-129.37753499969887
2015-04-06,2015-04-07,IT,sell,132.44364520622887,83.7699966430664,11094.80371432127,11.09480371432127,rebalance,rebalance,360.95520843398367
2015-04-06,2015-04-07,MRVL,sell,113.12316425139,13.592702069759529,1537.6494688576158,1.5376494688576159,rebalance,rebalance,-143.00143019314604
2015-04-06,2015-04-07,NOW,sell,197.5620421192349,15.73799991607666,3109.2314022924525,3.1092314022924525,rebalance,rebalance,182.23631454268286
2015-04-06,2015-04-07,NXPI,sell,29.93351031953563,87.91371594688842,2631.5661235249086,2.631566123524909,rebalance,rebalance,545.1779889568539
2015-04-06,2015-04-07,PANW,sell,107.14612192712036,23.656667709350586,2534.7202027754493,2.5347202027754494,rebalance,rebalance,535.2587165588403
2015-04-06,2015-04-07,SWKS,sell,39.38714700532559,75.39903170686702,2969.7527458975765,2.9697527458975763,rebalance,rebalance,1023.0130179872293
2015-04-06,2015-04-07,TXN,sell,53.785463084922185,41.495963810726884,2231.879629715118,2.231879629715118,rebalance,rebalance,-46.63174744625799
2015-04-06,2015-04-07,LDOS,buy,325.69125107543476,25.4281373936058,8281.72188024152,8.28172188024152,rebalance,rebalance,0.0
2015-04-06,2015-04-07,NICE,buy,141.91586035868514,58.356563243247706,8281.72188024152,8.28172188024152,rebalance,rebalance,0.0
2015-04-06,2015-04-07,ON,buy,715.1746057689993,11.579999923706055,8281.72188024152,8.28172188024152,rebalance,rebalance,0.0
2015-05-04,2015-05-05,AAPL,sell,292.3171855630103,28.444488016495587,8314.812681762764,8.314812681762763,rebalance,rebalance,-4.28843511722041
2015-05-04,2015-05-05,GLW,sell,495.1781309068068,15.962134349349823,7904.0998523943845,7.904099852394385,rebalance,rebalance,-1012.6855018694537
2015-05-04,2015-05-05,LDOS,sell,325.69125107543476,25.50525060693862,8306.836979166332,8.306836979166333,rebalance,rebalance,8.526540065405419
2015-05-04,2015-05-05,MRVL,sell,609.277083963044,12.726809405406525,7754.15332267953,7.75415332267953,rebalance,rebalance,-1297.241283234211
2015-05-04,2015-05-05,NOW,sell,526.224547236246,14.600000381469727,7682.878590387926,7.682878590387927,rebalance,rebalance,-112.84137479174099
2015-05-04,2015-05-05,ADI,buy,191.72375037156195,50.234856622994265,9631.215111138157,9.631215111138157,rebalance,rebalance,0.0
2015-05-04,2015-05-05,AMZN,buy,455.5381409905621,21.142499923706055,9631.215111138157,9.631215111138157,rebalance,rebalance,0.0
2015-05-04,2015-05-05,AVGO,buy,195.15438361428107,9.065189772999046,1769.1115224961134,1.7691115224961134,rebalance,rebalance,0.0
2015-05-04,2015-05-05,CDW,buy,285.48342373065344,33.736512562722275,9631.215111138157,9.631215111138157,rebalance,rebalance,0.0
2015-05-04,2015-05-05,CTSH,buy,23.754427802584587,54.74625262757549,1300.4659055037987,1.3004659055037988,rebalance,rebalance,0.0
2015-05-04,2015-05-05,EPAM,buy,18.91459286579935,66.98999786376953,1267.0885356739689,1.267088535673969,rebalance,rebalance,0.0
2015-05-04,2015-05-05,FTNT,buy,46.145598484650236,7.710000038146973,355.7825660769682,0.3557825660769682,rebalance,rebalance,0.0
2015-05-04,2015-05-05,MCHP,buy,500.8944720657287,19.228032346650302,9631.215111138157,9.631215111138157,rebalance,rebalance,0.0
2015-05-04,2015-05-05,MPWR,buy,202.39237175697352,47.58684839517085,9631.215111138157,9.631215111138157,rebalance,rebalance,0.0
2015-05-04,2015-05-05,NICE,buy,19.120001589416717,59.80788996082175,1143.5269511105719,1.143526951110572,rebalance,rebalance,0.0
2015-05-04,2015-05-05,NXPI,buy,15.879784071837989,87.4907827646464,1389.3347385786694,1.3893347385786694,rebalance,rebalance,0.0
2015-05-04,2015-05-05,ON,buy,67.214897304474,12.3100004196167,827.4154140225683,0.8274154140225682,rebalance,rebalance,0.0
2015-05-04,2015-05-05,PANW,buy,30.977167383841902,25.274999618530273,782.9478938097525,0.7829478938097525,rebalance,rebalance,0.0
2015-05-04,2015-05-05,SWKS,buy,14.0590547792889,77.7352678739247,1092.884389322204,1.092884389322204,rebalance,rebalance,0.0
2015-05-04,2015-05-05,TXN,buy,38.318714955241404,40.484693885109486,1551.321445033715,1.551321445033715,rebalance,rebalance,0.0
2015-06-02,2015-06-03,CDW,sell,285.48342373065344,32.238620564696056,9203.591775162882,9.203591775162883,rebalance,rebalance,-446.45814286157423
2015-06-02,2015-06-03,CTSH,sell,175.92464595991268,57.23670805228107,10069.34760000843,10.069347600008431,rebalance,rebalance,1112.0671170342575
2015-06-02,2015-06-03,MCHP,sell,500.8944720657287,19.34568794787136,9690.148151397356,9.690148151397356,rebalance,rebalance,39.611676996663306
2015-06-02,2015-06-03,TXN,sell,237.89768890115224,40.84557872188476,9717.068779766465,9.717068779766466,rebalance,rebalance,-291.9952601333528
2015-06-02,2015-06-03,ADI,buy,26.972390548794095,54.577655512449,1472.0898397193193,1.4720898397193194,rebalance,rebalance,0.0
2015-06-02,2015-06-03,AKAM,buy,157.9243497206281,75.58000183105469,11935.922641053192,11.935922641053192,rebalance,rebalance,0.0
2015-06-02,2015-06-03,AMZN,buy,93.99790957986392,21.719999313354492,2041.634531531402,2.041634531531402,rebalance,rebalance,0.0
2015-06-02,2015-06-03,AVGO,buy,20.661936567656994,11.020134348974187,227.69731688556266,0.22769731688556266,rebalance,rebalance,0.0
2015-06-02,2015-06-03,CIEN,buy,485.7925433172695,24.56999969482422,11935.922641053194,11.935922641053194,rebalance,rebalance,0.0
2015-06-02,2015-06-03,CRM,buy,165.85737990241992,71.96497766982417,11935.922641053194,11.935922641053194,rebalance,rebalance,0.0
2015-06-02,2015-06-03,EPAM,buy,23.025075798356085,71.55999755859375,1647.6743679167973,1.6476743679167973,rebalance,rebalance,0.0
2015-06-02,2015-06-03,FTNT,buy,244.6728618530933,7.989999771118164,1954.9361102050418,1.9549361102050418,rebalance,rebalance,0.0
2015-06-02,2015-06-03,MPWR,buy,38.92413440949727,49.461691745276916,1925.2535376142803,1.9252535376142803,rebalance,rebalance,0.0
2015-06-02,2015-06-03,NICE,buy,26.8983660448354,63.51116967102851,1708.3466897469732,1.7083466897469732,rebalance,rebalance,0.0
2015-06-02,2015-06-03,NOW,buy,791.6117911326121,15.07800006866455,11935.922641053194,11.935922641053194,rebalance,rebalance,0.0
2015-06-02,2015-06-03,NXPI,buy,11.154115045707655,98.4513650341636,1098.1378519980208,1.0981378519980207,rebalance,rebalance,0.0
2015-06-02,2015-06-03,ON,buy,101.75291478231884,13.5,1373.6643495613043,1.3736643495613043,rebalance,rebalance,0.0
2015-06-02,2015-06-03,PANW,buy,41.12973933603655,28.27166748046875,1162.806314066781,1.162806314066781,rebalance,rebalance,0.0
2015-06-02,2015-06-03,SWKS,buy,15.347207993247054,85.71896232885125,1315.546743826189,1.315546743826189,rebalance,rebalance,0.0
2015-06-30,2015-07-01,ADI,sell,21.902019670155,52.172647060013986,1142.6863421524806,1.1426863421524807,rebalance,rebalance,28.455938686421828
2015-06-30,2015-07-01,AKAM,sell,11.874992881864642,70.30000305175781,834.8120358346866,0.8348120358346867,rebalance,rebalance,-64.43227193999402
2015-06-30,2015-07-01,AMZN,sell,82.15150929149843,21.967500686645508,1804.6633367699565,1.8046633367699565,rebalance,rebalance,56.11038076427096
2015-06-30,2015-07-01,AVGO,sell,73.9311034447129,10.173972166990577,752.1729887214102,0.7521729887214103,rebalance,rebalance,218.83488640339897
2015-06-30,2015-07-01,CIEN,sell,58.52371526524638,24.030000686645508,1406.3249180089167,1.4063249180089168,rebalance,rebalance,-34.44700078238223
2015-06-30,2015-07-01,CRM,sell,17.87073063429156,69.37970609003837,1239.8660390213936,1.2398660390213936,rebalance,rebalance,-48.72662478890297
2015-06-30,2015-07-01,EPAM,sell,24.530942597813265,72.16999816894531,1770.398082366686,1.770398082366686,rebalance,rebalance,241.42899728547906
2015-06-30,2015-07-01,FTNT,sell,266.88945956597354,8.368000030517578,2233.3310057928866,2.233331005792887,rebalance,rebalance,440.1083467048479
2015-06-30,2015-07-01,MPWR,sell,241.3165061664708,46.58252483764943,11241.132142234408,11.241132142234408,rebalance,rebalance,-338.13410730901484
2015-06-30,2015-07-01,NICE,sell,25.7462320363789,63.3047481160221,1629.858733999625,1.629858733999625,rebalance,rebalance,101.4458890930688
2015-06-30,2015-07-01,NOW,sell,791.6117911326121,15.083999633789062,11940.671967547425,11.940671967547425,rebalance,rebalance,-19.12726811436739
2015-06-30,2015-07-01,NXPI,sell,5.250753984613141,88.52164384762355,464.8053741574147,0.4648053741574147,rebalance,rebalance,72.48593125716084
2015-06-30,2015-07-01,ON,sell,11.075238294302494,11.760000228881836,130.2448048759182,0.1302448048759182,rebalance,rebalance,-1.3299033733354093
2015-06-30,2015-07-01,PANW,sell,73.33559867803649,29.43166732788086,2158.388943582949,2.158388943582949,rebalance,rebalance,684.5596035190673
2015-06-30,2015-07-01,SWKS,sell,16.68680779981834,83.77476847494054,1397.9334600156135,1.3979334600156135,rebalance,rebalance,458.0354951268329
2015-06-30,2015-07-01,AAPL,buy,362.99748753654075,28.284686765053145,10267.270231472337,10.267270231472338,rebalance,rebalance,0.0
2015-06-30,2015-07-01,CTSH,buy,190.82087730051356,53.8058014234101,10267.270231472337,10.267270231472338,rebalance,rebalance,0.0
2015-07-29,2015-07-30,AAPL,sell,362.99748753654075,27.26385445887506,9896.71066913356,9.89671066913356,rebalance,rebalance,-390.7235432393831
2015-07-29,2015-07-30,ADI,sell,5.227852866824492,47.02592689645854,245.84462674072975,0.24584462674072977,rebalance,rebalance,-20.08716377723579
2015-07-29,2015-07-30,AKAM,sell,22.100797468951612,72.68000030517578,1606.2859667880314,1.6062859667880314,rebalance,rebalance,-67.36901066305924
2015-07-29,2015-07-30,AMZN,sell,125.92404901968393,26.38249969482422,3322.1911848328414,3.3221911848328416,rebalance,rebalance,641.4061018755211
2015-07-29,2015-07-30,AVGO,sell,62.66351963466195,9.517714835251246,596.4135104558798,0.5964135104558798,rebalance,rebalance,144.40074733516633
2015-07-29,2015-07-30,CIEN,sell,59.871553800681454,24.520000457763672,1468.0505265997315,1.4680505265997315,rebalance,rebalance,-5.932626596874584
2015-07-29,2015-07-30,CRM,sell,23.621958504734366,72.43680885246607,1711.0992929283286,1.7110992929283286,rebalance,rebalance,7.734523608367868
2015-07-29,2015-07-30,CTSH,sell,190.82087730051356,53.8406334538617,10273.916910081269,10.273916910081269,rebalance,rebalance,-13.894508532620026
2015-07-29,2015-07-30,EPAM,sell,20.03194506766546,73.69999694824219,1476.3542903542996,1.4763542903542997,rebalance,rebalance,227.76889883931452
2015-07-29,2015-07-30,FTNT,sell,274.88818527425246,9.461999893188477,2600.991979703751,2.600991979703751,rebalance,rebalance,753.7253833097142
2015-07-29,2015-07-30,NICE,sell,17.934229821064093,62.44953996114368,1119.9844018828767,1.1199844018828766,rebalance,rebalance,55.34269817778088
2015-07-29,2015-07-30,NXPI,sell,9.480470408185994,84.58323683231788,801.8888738173773,0.8018888738173773,rebalance,rebalance,93.57596723772596
2015-07-29,2015-07-30,ON,sell,30.356076994635146,10.6899995803833,324.5064503347329,0.3245064503347329,rebalance,rebalance,-36.093667963042336
2015-07-29,2015-07-30,PANW,sell,54.53319571542846,30.608333587646484,1669.1702460582483,1.6691702460582483,rebalance,rebalance,573.149608682355
2015-07-29,2015-07-30,SWKS,sell,2.812938157222405,75.23132275697769,211.6210584014168,0.21162105840141682,rebalance,rebalance,53.20407052689261
2015-07-29,2015-07-30,ANET,buy,1789.6362017224174,5.033750057220459,9008.581332824024,9.008581332824024,rebalance,rebalance,0.0
2015-07-29,2015-07-30,UI,buy,307.10689061629245,29.333699790147616,9008.581332824024,9.008581332824024,rebalance,rebalance,0.0
2015-08-20,2015-08-21,ADI,sell,191.56626838337655,42.769070444116785,8193.111227205214,8.193111227205215,market_trend_exit,risk_exit,-1550.7164768151938
2015-08-20,2015-08-21,AKAM,sell,123.94855936981185,69.19000244140625,8576.00112540607,8.576001125406071,market_trend_exit,risk_exit,-809.9752521904323
2015-08-20,2015-08-21,AMZN,sell,341.46049225924367,25.368000030517578,8662.169778053041,8.662169778053041,market_trend_exit,risk_exit,1393.1963004041604
2015-08-20,2015-08-21,ANET,sell,1789.6362017224174,4.552499771118164,8147.318398726085,8.147318398726085,market_trend_exit,risk_exit,-878.4188338294869
2015-08-20,2015-08-21,AVGO,sell,946.5067496515532,8.534452405328206,8077.91680622308,8.07791680622308,market_trend_exit,risk_exit,1251.3801705287951
2015-08-20,2015-08-21,CIEN,sell,367.3972742513417,21.229999542236328,7799.843964174858,7.799843964174858,market_trend_exit,risk_exit,-1243.9337469402653
2015-08-20,2015-08-21,CRM,sell,124.364690763394,67.82656373070876,8435.22962391323,8.43522962391323,market_trend_exit,risk_exit,-532.0577016066222
2015-08-20,2015-08-21,EPAM,sell,122.23313033717686,68.0,8311.852862928026,8.311852862928026,market_trend_exit,risk_exit,693.7936302259275
2015-08-20,2015-08-21,FTNT,sell,952.0800501497722,8.767999649047852,8347.837545578665,8.347837545578665,market_trend_exit,risk_exit,1950.4580389995454
2015-08-20,2015-08-21,NICE,sell,144.25376613549426,63.06378149703557,9097.18798769328,9.09718798769328,market_trend_exit,risk_exit,533.666388561191
2015-08-20,2015-08-21,NXPI,sell,106.50551657987616,69.13799351432975,7363.577714539818,7.363577714539818,market_trend_exit,risk_exit,-592.1073263849065
2015-08-20,2015-08-21,ON,sell,842.7111025668545,9.199999809265137,7752.941982880674,7.7529419828806745,market_trend_exit,risk_exit,-2256.3753292796046
2015-08-20,2015-08-21,PANW,sell,294.31792838470255,25.65833282470703,7551.707362772987,7.551707362772987,market_trend_exit,risk_exit,1637.8952115666773
2015-08-20,2015-08-21,SWKS,sell,119.74508758705136,63.538661495713896,7608.442585968268,7.608442585968268,market_trend_exit,risk_exit,866.1267138935194
2015-08-20,2015-08-21,UI,sell,307.10689061629245,30.140787789865403,9256.443618871077,9.256443618871078,market_trend_exit,risk_exit,229.59726109535882
2015-10-22,2015-10-23,ADBE,buy,84.1180446094889,89.0,7486.505970244512,7.4865059702445125,rebalance,rebalance,0.0
2015-10-22,2015-10-23,AMZN,buy,242.40725882669375,30.884000778198242,7486.505970244512,7.4865059702445125,rebalance,rebalance,0.0
2015-10-22,2015-10-23,AVGO,buy,773.4861608585079,9.678913921271828,7486.505970244513,7.486505970244513,rebalance,rebalance,0.0
2015-10-22,2015-10-23,CDNS,buy,352.14044636152215,21.260000228881836,7486.505970244513,7.486505970244513,rebalance,rebalance,0.0
2015-10-22,2015-10-23,CDW,buy,188.11618512869958,39.7972453307121,7486.505970244512,7.4865059702445125,rebalance,rebalance,0.0
2015-10-22,2015-10-23,CRM,buy,97.39166361047522,76.8700902388044,7486.505970244512,7.4865059702445125,rebalance,rebalance,0.0
2015-10-22,2015-10-23,CTSH,buy,124.87179296977187,59.95353948394731,7486.505970244512,7.4865059702445125,rebalance,rebalance,0.0
2015-10-22,2015-10-23,EPAM,buy,95.51551712918749,78.37999725341797,7486.505970244512,7.4865059702445125,rebalance,rebalance,0.0
2015-10-22,2015-10-23,FTNT,buy,1025.548736251591,7.300000190734863,7486.505970244512,7.4865059702445125,rebalance,rebalance,0.0
2015-10-22,2015-10-23,GOOGL,buy,201.39431192197765,37.17337346222999,7486.505970244512,7.4865059702445125,rebalance,rebalance,0.0
2015-10-22,2015-10-23,IT,buy,84.29800896351985,88.80999755859375,7486.505970244511,7.486505970244512,rebalance,rebalance,0.0
2015-10-22,2015-10-23,META,buy,74.10704179672683,101.02286893032043,7486.505970244512,7.4865059702445125,rebalance,rebalance,0.0
2015-10-22,2015-10-23,PANW,buy,278.82703403651544,26.850000381469727,7486.505970244512,7.4865059702445125,rebalance,rebalance,0.0
2015-10-22,2015-10-23,UI,buy,264.0711442245377,28.350337149593265,7486.505970244512,7.4865059702445125,rebalance,rebalance,0.0
2015-10-22,2015-10-23,VRSN,buy,100.53269192901797,74.46837269144676,7486.505970244512,7.4865059702445125,rebalance,rebalance,0.0
2015-11-12,2015-11-13,ADBE,sell,84.1180446094889,90.94999694824219,7650.535900525116,7.6505359005251155,market_trend_exit,risk_exit,148.89288840983525
2015-11-12,2015-11-13,AMZN,sell,242.40725882669375,33.17850112915039,8042.7095106957095,8.04270951069571,market_trend_exit,risk_exit,540.674324970258
2015-11-12,2015-11-13,AVGO,sell,773.4861608585079,9.03577722430566,6989.04863560093,6.98904863560093,market_trend_exit,risk_exit,-511.9328892494275
2015-11-12,2015-11-13,CDNS,sell,352.14044636152215,22.360000610351562,7873.860595573107,7.873860595573108,market_trend_exit,risk_exit,371.99425876277786
2015-11-12,2015-11-13,CDW,sell,188.11618512869958,37.08122233150117,6975.578084911144,6.975578084911144,market_trend_exit,risk_exit,-525.3899693885242
2015-11-12,2015-11-13,CRM,sell,97.39166361047522,76.75214326100269,7475.018917858576,7.475018917858576,market_trend_exit,risk_exit,-26.4485772740387
2015-11-12,2015-11-13,CTSH,sell,124.87179296977187,58.081355287941044,7252.722972919539,7.252722972919539,market_trend_exit,risk_exit,-248.52222626813668
2015-11-12,2015-11-13,EPAM,sell,95.51551712918749,73.29000091552734,7000.332337845219,7.000332337845219,market_trend_exit,risk_exit,-500.6604707073823
2015-11-12,2015-11-13,FTNT,sell,1025.548736251591,6.618000030517578,6787.081567810293,6.787081567810293,market_trend_exit,risk_exit,-713.6979899722737
2015-11-12,2015-11-13,GOOGL,sell,201.39431192197765,37.37062692516379,7526.231695686292,7.526231695686293,market_trend_exit,risk_exit,24.71298777585067
2015-11-12,2015-11-13,IT,sell,84.29800896351985,86.22000122070312,7268.174435737525,7.268174435737524,market_trend_exit,risk_exit,-233.08621491296876
2015-11-12,2015-11-13,META,sell,74.10704179672683,106.77236813070715,7912.584347797819,7.912584347797819,market_trend_exit,risk_exit,410.67928723526444
2015-11-12,2015-11-13,PANW,sell,278.82703403651544,26.045000076293945,7262.050122753859,7.262050122753859,market_trend_exit,risk_exit,-239.20440358364996
2015-11-12,2015-11-13,UI,sell,264.0711442245377,31.068482597716926,8204.289748899246,8.204289748899246,market_trend_exit,risk_exit,702.0929829355911
2015-11-12,2015-11-13,VRSN,sell,100.53269192901797,80.6560707043755,8108.571908328073,8.108571908328074,market_trend_exit,risk_exit,606.4708602049891
2015-11-19,2015-11-20,ADBE,buy,122.13035064736643,92.33000183105469,11276.295498898693,11.276295498898694,rebalance,rebalance,0.0
2015-11-19,2015-11-20,AMZN,buy,337.64397147301537,33.39699935913086,11276.295498898693,11.276295498898694,rebalance,rebalance,0.0
2015-11-19,2015-11-20,BAH,buy,462.6894651483905,24.371195690142283,11276.295498898693,11.276295498898694,rebalance,rebalance,0.0
2015-11-19,2015-11-20,CDNS,buy,509.0878416749568,22.149999618530273,11276.295498898693,11.276295498898694,rebalance,rebalance,0.0
2015-11-19,2015-11-20,CDW,buy,284.2167549828334,39.67498502887269,11276.295498898691,11.276295498898692,rebalance,rebalance,0.0
2015-11-19,2015-11-20,EPAM,buy,150.21041087970258,75.06999969482422,11276.295498898693,11.276295498898694,rebalance,rebalance,0.0
2015-11-19,2015-11-20,FTNT,buy,1633.7721790668204,6.9019999504089355,11276.295498898693,11.276295498898694,rebalance,rebalance,0.0
2015-11-19,2015-11-20,GOOGL,buy,295.75679824344684,38.126919028981426,11276.295498898693,11.276295498898694,rebalance,rebalance,0.0
2015-11-19,2015-11-20,KLAC,buy,2017.642883017284,5.588846070735549,11276.295498898693,11.276295498898694,rebalance,rebalance,0.0
2015-11-19,2015-11-20,LDOS,buy,326.6367952160735,34.5224287773192,11276.295498898693,11.276295498898694,rebalance,rebalance,0.0
2015-11-19,2015-11-20,META,buy,106.47061347726131,105.90993261541549,11276.295498898693,11.276295498898694,rebalance,rebalance,0.0
2015-11-19,2015-11-20,MPWR,buy,186.65375541604553,60.4129044913357,11276.295498898693,11.276295498898694,rebalance,rebalance,0.0
2015-11-19,2015-11-20,MSFT,buy,238.89238562724873,47.2024065115807,11276.295498898693,11.276295498898694,rebalance,rebalance,0.0
2015-11-19,2015-11-20,NTAP,buy,473.6186002501379,23.808810492120045,11276.295498898693,11.276295498898694,rebalance,rebalance,0.0
2015-11-19,2015-11-20,VRSN,buy,132.17781247968475,85.31156089931372,11276.295498898695,11.276295498898696,rebalance,rebalance,0.0
2015-12-11,2015-12-14,ADBE,sell,122.13035064736643,91.70999908447266,11200.574346056299,11.2005743460563,market_trend_exit,risk_exit,-98.19802268734746
2015-12-11,2015-12-14,AMZN,sell,337.64397147301537,32.087501525878906,10834.151449844194,10.834151449844194,market_trend_exit,risk_exit,-464.25449600323935
2015-12-11,2015-12-14,BAH,sell,462.6894651483905,23.928382843544014,11071.410659745305,11.071410659745306,market_trend_exit,risk_exit,-227.23254531203224
2015-12-11,2015-12-14,CDNS,sell,509.0878416749568,21.510000228881836,10950.47959094928,10.95047959094928,market_trend_exit,risk_exit,-348.04268303925915
2015-12-11,2015-12-14,CDW,sell,284.2167549828334,37.36282730102539,10619.141532481452,10.619141532481452,market_trend_exit,risk_exit,-679.0494034486193
2015-12-11,2015-12-14,EPAM,sell,150.21041087970258,78.37000274658203,11771.990313207507,11.771990313207507,market_trend_exit,risk_exit,472.64652849670813
2015-12-11,2015-12-14,FTNT,sell,1633.7721790668204,6.073999881744385,9923.532022449133,9.923532022449134,market_trend_exit,risk_exit,-1373.963303970906
2015-12-11,2015-12-14,GOOGL,sell,295.75679824344684,37.23285093204639,11011.868781137575,11.011868781137576,market_trend_exit,risk_exit,-286.71488204115275
2015-12-11,2015-12-14,KLAC,sell,2017.642883017284,5.680602273816801,11461.426749018268,11.461426749018269,market_trend_exit,risk_exit,162.39352787166044
2015-12-11,2015-12-14,LDOS,sell,326.6367952160735,34.4010433422203,11236.64654939208,11.23664654939208,market_trend_exit,risk_exit,-62.16189155490308
2015-12-11,2015-12-14,META,sell,106.47061347726131,101.39954524479158,10796.071788528274,10.796071788528273,market_trend_exit,risk_exit,-502.29607765784425
2015-12-11,2015-12-14,MPWR,sell,186.65375541604553,57.775131256390885,10783.945218660312,10.783945218660312,market_trend_exit,risk_exit,-514.4105209559388
2015-12-11,2015-12-14,MSFT,sell,238.89238562724873,47.27202017547745,11292.925673139242,11.292925673139242,market_trend_exit,risk_exit,-5.939046931487345
2015-12-11,2015-12-14,NTAP,sell,473.6186002501379,22.46994827746441,10642.18545086569,10.642185450865691,market_trend_exit,risk_exit,-656.028528982764
2015-12-11,2015-12-14,VRSN,sell,132.17781247968475,87.3643014132527,11547.622249619573,11.547622249619574,market_trend_exit,risk_exit,248.50283297236257
2016-03-17,2016-03-18,AMAT,buy,605.4293452580898,18.148444645573353,10987.600959222162,10.987600959222162,rebalance,rebalance,0.0
2016-03-17,2016-03-18,CACI,buy,109.01479173941998,100.79000091552734,10987.600959222162,10.987600959222162,rebalance,rebalance,0.0
2016-03-17,2016-03-18,CSCO,buy,533.375109654661,20.600138177306764,10987.600959222164,10.987600959222164,rebalance,rebalance,0.0
2016-03-17,2016-03-18,GLW,buy,710.1833224351398,15.471499558095646,10987.600959222162,10.987600959222162,rebalance,rebalance,0.0
2016-03-17,2016-03-18,GOOGL,buy,291.08703164463,37.74678967023251,10987.600959222162,10.987600959222162,rebalance,rebalance,0.0
2016-03-17,2016-03-18,INTU,buy,118.00612143510207,93.1104321165647,10987.600959222162,10.987600959222162,rebalance,rebalance,0.0
2016-03-17,2016-03-18,KLAC,buy,1838.1131532816578,5.977652104608224,10987.600959222162,10.987600959222162,rebalance,rebalance,0.0
2016-03-17,2016-03-18,LDOS,buy,364.9085099492818,30.110563770489527,10987.600959222162,10.987600959222162,rebalance,rebalance,0.0
2016-03-17,2016-03-18,LSCC,buy,1786.6017542826896,6.150000095367432,10987.600959222162,10.987600959222162,rebalance,rebalance,0.0
2016-03-17,2016-03-18,META,buy,99.35541562397405,110.58884802823871,10987.600959222162,10.987600959222162,rebalance,rebalance,0.0
2016-03-17,2016-03-18,MPWR,buy,197.0906434304203,55.748973000340115,10987.600959222162,10.987600959222162,rebalance,rebalance,0.0
2016-03-17,2016-03-18,MRVL,buy,1170.4099759662454,9.387822374079835,10987.600959222162,10.987600959222162,rebalance,rebalance,0.0
2016-03-17,2016-03-18,MSFT,buy,228.2973301076685,48.12846893145987,10987.600959222162,10.987600959222162,rebalance,rebalance,0.0
2016-03-17,2016-03-18,TXN,buy,257.27874854753844,42.70699006914649,10987.600959222162,10.987600959222162,rebalance,rebalance,0.0
2016-03-17,2016-03-18,VRSN,buy,124.13481769717156,88.5134498366651,10987.600959222162,10.987600959222162,rebalance,rebalance,0.0
2016-04-15,2016-04-18,AMAT,sell,57.30972845738529,19.084848738181112,1093.7474988354318,1.0937474988354319,rebalance,rebalance,51.5312343403379
2016-04-15,2016-04-18,CACI,sell,10.160321816539323,105.81999969482422,1075.165251525507,1.075165251525507,rebalance,rebalance,49.007182237739826
2016-04-15,2016-04-18,CSCO,sell,533.375109654661,20.545515139279125,10958.4663903245,10.9584663903245,rebalance,rebalance,-51.080636247208034
2016-04-15,2016-04-18,GLW,sell,52.96813342182281,15.91682625712912,843.0845768395878,0.8430845768395878,rebalance,rebalance,21.925542981036607
2016-04-15,2016-04-18,GOOGL,sell,20.549383665096855,38.666633110755164,794.5754788304454,0.7945754788304454,rebalance,rebalance,17.33196702923302
2016-04-15,2016-04-18,INTU,sell,118.00612143510207,94.5010245350564,11151.699377025427,11.151699377025427,rebalance,rebalance,141.95911746701753
2016-04-15,2016-04-18,KLAC,sell,123.11695372155555,6.099593678256802,750.9633926062355,0.7509633926062356,rebalance,rebalance,13.526161369492906
2016-04-15,2016-04-18,LDOS,sell,364.9085099492818,32.11918786102748,11720.564983148595,11.720564983148595,rebalance,rebalance,710.2558579840654
2016-04-15,2016-04-18,META,sell,3.1950176562663444,108.78469929569289,347.56903498136376,0.34756903498136377,rebalance,rebalance,-6.4651894120321725
2016-04-15,2016-04-18,MPWR,sell,197.0906434304203,58.95473300589684,11619.426261400846,11.619426261400847,rebalance,rebalance,609.2182749580612
2016-04-15,2016-04-18,MRVL,sell,1170.4099759662454,9.322765082798579,10911.457256497237,10.911457256497236,rebalance,rebalance,-98.04276094064204
2016-04-15,2016-04-18,MSFT,sell,13.178784180856468,48.62797827124689,640.8576307881406,0.6408576307881406,rebalance,rebalance,5.307793449584406
2016-04-15,2016-04-18,TXN,sell,257.27874854753844,44.098229991297245,11345.537425322482,11.345537425322481,rebalance,rebalance,335.6033277157769
2016-04-15,2016-04-18,VRSN,sell,3.9650317246574076,87.05000090009217,345.15601520032135,0.34515601520032135,rebalance,rebalance,-6.498736112789343
2016-04-15,2016-04-18,AVGO,buy,881.1760801989087,11.871384405611554,10460.77997707124,10.46077997707124,rebalance,rebalance,0.0
2016-04-15,2016-04-18,GEN,buy,1221.0676279566271,8.566912869991189,10460.77997707124,10.46077997707124,rebalance,rebalance,0.0
2016-04-15,2016-04-18,LRCX,buy,1471.9273848507214,7.106858724645675,10460.77997707124,10.46077997707124,rebalance,rebalance,0.0
2016-04-15,2016-04-18,LSCC,buy,64.8636971335468,5.650000095367432,366.4798949904236,0.3664798949904236,rebalance,rebalance,0.0
2016-04-15,2016-04-18,NICE,buy,162.97094047745702,64.1880076682642,10460.77997707124,10.46077997707124,rebalance,rebalance,0.0
2016-04-15,2016-04-18,SAIC,buy,234.0716391216199,44.69050593368121,10460.77997707124,10.46077997707124,rebalance,rebalance,0.0
2016-04-15,2016-04-18,TER,buy,536.2688445577264,19.50659652006913,10460.77997707124,10.46077997707124,rebalance,rebalance,0.0
2016-05-13,2016-05-16,GOOGL,sell,270.5376479795331,35.89768568229312,9711.675452396143,9.711675452396143,rebalance,rebalance,-520.175846915255
2016-05-13,2016-05-16,META,sell,96.16039796770771,118.3407813556222,11379.696630966115,11.379696630966116,rebalance,rebalance,723.4150295121814
2016-05-13,2016-05-16,MSFT,sell,215.11854592681203,44.51795176861839,9576.637052105138,9.576637052105138,rebalance,rebalance,-796.6191654205813
2016-05-13,2016-05-16,NICE,sell,162.97094047745702,63.66299749856703,10375.218575955463,10.375218575955463,rebalance,rebalance,-106.39739966880464
2016-05-13,2016-05-16,TER,sell,536.2688445577264,17.42300158944926,9343.412931101386,9.343412931101385,rebalance,rebalance,-1137.1712388780256
2016-05-13,2016-05-16,AMAT,buy,54.76750187137452,17.42607146025323,954.3824013101249,0.954382401310125,rebalance,rebalance,0.0
2016-05-13,2016-05-16,AVGO,buy,94.77236241846424,10.764865799949584,1020.211762978953,1.0202117629789529,rebalance,rebalance,0.0
2016-05-13,2016-05-16,CACI,buy,12.366725443114092,94.45999908447266,1168.1608740344818,1.1681608740344818,rebalance,rebalance,0.0
2016-05-13,2016-05-16,CHKP,buy,126.77632031186502,82.87000274658203,10505.954012445818,10.505954012445818,rebalance,rebalance,0.0
2016-05-13,2016-05-16,GEN,buy,85.91460041717778,8.038329660777187,690.6098808272202,0.6906098808272202,rebalance,rebalance,0.0
2016-05-13,2016-05-16,GLW,buy,74.49089190607299,14.358161407166481,1069.5522493511871,1.069552249351187,rebalance,rebalance,0.0
2016-05-13,2016-05-16,IBM,buy,113.84790214911106,92.28061136063586,10505.954012445818,10.505954012445818,rebalance,rebalance,0.0
2016-05-13,2016-05-16,KLAC,buy,105.23021518620317,5.771784173294776,607.366090564131,0.607366090564131,rebalance,rebalance,0.0
2016-05-13,2016-05-16,LRCX,buy,200.4849547153035,6.281916106390374,1259.4296661150097,1.2594296661150097,rebalance,rebalance,0.0
2016-05-13,2016-05-16,LSCC,buy,149.66864619249077,5.25,785.7603925105766,0.7857603925105766,rebalance,rebalance,0.0
2016-05-13,2016-05-16,MCHP,buy,545.5481137912253,19.25761220112351,10505.954012445818,10.505954012445818,rebalance,rebalance,0.0
2016-05-13,2016-05-16,MRVL,buy,1190.634674792185,8.823826682420064,10505.954012445818,10.505954012445818,rebalance,rebalance,0.0
2016-05-13,2016-05-16,ORCL,buy,307.83237958223265,34.128813956165764,10505.954012445818,10.505954012445818,rebalance,rebalance,0.0
2016-05-13,2016-05-16,SAIC,buy,0.3414958144934417,44.818111473613016,15.305197481739341,0.015305197481739342,rebalance,rebalance,0.0
2016-05-13,2016-05-16,VRSN,buy,6.074064279037316,83.21953102279298,505.48078070378455,0.5054807807037845,rebalance,rebalance,0.0
2016-06-13,2016-06-14,AMAT,sell,602.887118672079,21.246643842068544,12809.327887396576,12.809327887396575,rebalance,rebalance,1883.7157326126173
2016-06-13,2016-06-14,AVGO,sell,975.948442617373,12.170938526677148,11878.208500302346,11.878208500302346,rebalance,rebalance,373.85756001179845
2016-06-13,2016-06-14,CACI,sell,111.22119536599475,98.62999725341797,10969.746193469926,10.969746193469927,rebalance,rebalance,-184.05824377720168
2016-06-13,2016-06-14,CHKP,sell,126.77632031186502,83.63999938964844,10603.571353506266,10.603571353506267,rebalance,rebalance,76.50781569449641
2016-06-13,2016-06-14,GEN,sell,12.378302206299168,8.676042307292715,107.39467363430633,0.10739467363430633,rebalance,rebalance,1.5679310190184708
2016-06-13,2016-06-14,GLW,sell,11.695853114771921,15.599831781368055,182.45334113003156,0.18245334113003156,rebalance,rebalance,2.4645144608722185
2016-06-13,2016-06-14,KLAC,sell,1820.2264147463054,6.13781672412646,11172.216130126619,11.17221613012662,rebalance,rebalance,291.16816500455286
2016-06-13,2016-06-14,LRCX,sell,1672.412339566025,7.133480863610289,11930.12142035995,11.930121420359951,rebalance,rebalance,186.2614461101535
2016-06-13,2016-06-14,LSCC,sell,2001.1340976087272,5.659999847412109,11326.418687116566,11.326418687116567,rebalance,rebalance,-836.8888195404367
2016-06-13,2016-06-14,MCHP,sell,545.5481137912253,21.253872412195893,11595.010005232829,11.59501000523283,rebalance,rebalance,1066.9550287693348
2016-06-13,2016-06-14,ORCL,sell,307.83237958223265,33.150519575909655,10204.803325439654,10.204803325439654,rebalance,rebalance,-321.86144434404906
2016-06-13,2016-06-14,SAIC,sell,8.306995745223446,49.67595517224721,412.6579482557682,0.4126579482557682,rebalance,rebalance,40.62865802996125
2016-06-13,2016-06-14,VRSN,sell,126.24385025155146,81.93288764699862,10343.523198784886,10.343523198784887,rebalance,rebalance,-820.0855507818626
2016-06-13,2016-06-14,ADBE,buy,116.35800866730673,96.52999877929688,11232.038434616534,11.232038434616534,rebalance,rebalance,0.0
2016-06-13,2016-06-14,AMZN,buy,315.3605257435017,35.61650085449219,11232.038434616534,11.232038434616534,rebalance,rebalance,0.0
2016-06-13,2016-06-14,CDNS,buy,462.4140803319802,24.290000915527344,11232.038434616534,11.232038434616534,rebalance,rebalance,0.0
2016-06-13,2016-06-14,FFIV,buy,94.99356087233316,118.23999786376953,11232.038434616534,11.232038434616534,rebalance,rebalance,0.0
2016-06-13,2016-06-14,IBM,buy,4.94758046052651,94.54937332528928,467.79063201922764,0.46779063201922766,rebalance,rebalance,0.0
2016-06-13,2016-06-14,INTU,buy,115.76345896923435,97.02576732439893,11232.038434616534,11.232038434616534,rebalance,rebalance,0.0
2016-06-13,2016-06-14,IT,buy,111.89518571374617,100.37999725341797,11232.038434616534,11.232038434616534,rebalance,rebalance,0.0
2016-06-13,2016-06-14,META,buy,99.33087037978879,113.07701615490885,11232.038434616534,11.232038434616534,rebalance,rebalance,0.0
2016-06-13,2016-06-14,MRVL,buy,57.848131190819004,8.996550357594144,520.4336253509157,0.5204336253509158,rebalance,rebalance,0.0
2016-06-13,2016-06-14,QCOM,buy,281.751543062614,39.86504674482092,11232.038434616534,11.232038434616534,rebalance,rebalance,0.0
2016-06-13,2016-06-14,SNPS,buy,215.46207950274706,52.130001068115234,11232.038434616534,11.232038434616534,rebalance,rebalance,0.0
2016-06-13,2016-06-14,UI,buy,304.82075052016006,36.84801121790321,11232.038434616534,11.232038434616534,rebalance,rebalance,0.0
2016-06-27,2016-06-28,ADBE,sell,116.35800866730673,91.37000274658203,10631.631571518632,10.631631571518632,market_trend_exit,risk_exit,-622.2705331040363
2016-06-27,2016-06-28,AMZN,sell,315.3605257435017,35.0,11037.618401022559,11.03761840102256,market_trend_exit,risk_exit,-216.689690429612
2016-06-27,2016-06-28,CDNS,sell,462.4140803319802,23.229999542236328,10741.878874435532,10.741878874435532,market_trend_exit,risk_exit,-512.1334774900516
2016-06-27,2016-06-28,FFIV,sell,94.99356087233316,109.94000244140625,10443.592314222182,10.443592314222181,market_trend_exit,risk_exit,-810.1217511431902
2016-06-27,2016-06-28,GEN,sell,1294.6039261675057,9.599128093346577,12427.068917431283,12.427068917431283,market_trend_exit,risk_exit,1357.8199486991466
2016-06-27,2016-06-28,GLW,sell,720.010227804618,14.911832572976417,10736.671967853074,10.736671967853074,market_trend_exit,risk_exit,-343.152743286962
2016-06-27,2016-06-28,IBM,sell,118.79548260963757,90.48689714825258,10749.434616575303,10.749434616575304,market_trend_exit,risk_exit,-246.03320715077967
2016-06-27,2016-06-28,INTU,sell,115.76345896923435,96.933590070039,11221.367676813543,11.221367676813543,market_trend_exit,risk_exit,-33.12416391441995
2016-06-27,2016-06-28,IT,sell,111.89518571374617,93.37000274658203,10447.653797421786,10.447653797421786,market_trend_exit,risk_exit,-806.0643294267854
2016-06-27,2016-06-28,META,sell,99.33087037978879,109.6669529484452,10893.313888268407,10.893313888268407,market_trend_exit,risk_exit,-360.84989867101046
2016-06-27,2016-06-28,MRVL,sell,1248.482805983004,8.578323364257812,10709.889224438157,10.709889224438157,market_trend_exit,risk_exit,-338.23469022081
2016-06-27,2016-06-28,QCOM,sell,281.751543062614,39.138293935277474,11027.274709102576,11.027274709102576,market_trend_exit,risk_exit,-227.0230386576741
2016-06-27,2016-06-28,SAIC,sell,226.1061391908899,47.17472326993753,10666.494545964208,10.666494545964207,market_trend_exit,risk_exit,540.8834239682645
2016-06-27,2016-06-28,SNPS,sell,215.46207950274706,51.619998931884766,11122.152313793473,11.122152313793473,market_trend_exit,risk_exit,-132.2403115714684
2016-06-27,2016-06-28,UI,sell,304.82075052016006,33.92578290929276,10341.282608394637,10.341282608394637,market_trend_exit,risk_exit,-912.3291472649071
2016-07-12,2016-07-13,AMAT,buy,236.1524146328297,22.832086508751424,5391.852360147303,5.391852360147303,rebalance,rebalance,0.0
2016-07-12,2016-07-13,AMD,buy,1048.9985408956652,5.139999866485596,5391.852360147303,5.391852360147303,rebalance,rebalance,0.0
2016-07-12,2016-07-13,AVGO,buy,442.6176821042882,12.181737373241434,5391.852360147303,5.391852360147303,rebalance,rebalance,0.0
2016-07-12,2016-07-13,CDNS,buy,210.61922967978296,25.600000381469727,5391.852360147303,5.391852360147303,rebalance,rebalance,0.0
2016-07-12,2016-07-13,FFIV,buy,45.84128748716585,117.62000274658203,5391.852360147303,5.391852360147303,rebalance,rebalance,0.0
2016-07-12,2016-07-13,GLW,buy,325.1711324284662,16.58158373370812,5391.852360147303,5.391852360147303,rebalance,rebalance,0.0
2016-07-12,2016-07-13,HPQ,buy,550.992719537578,9.785705271518705,5391.852360147303,5.391852360147303,rebalance,rebalance,0.0
2016-07-12,2016-07-13,KEYS,buy,185.79780410392206,29.020000457763672,5391.852360147303,5.391852360147303,rebalance,rebalance,0.0
2016-07-12,2016-07-13,MCHP,buy,245.65028177313428,21.94930256634856,5391.852360147303,5.391852360147303,rebalance,rebalance,0.0
2016-07-12,2016-07-13,QRVO,buy,92.26304734516286,58.439998626708984,5391.852360147303,5.391852360147303,rebalance,rebalance,0.0
2016-07-12,2016-07-13,SAIC,buy,106.49639332930356,50.6294362802959,5391.852360147303,5.391852360147303,rebalance,rebalance,0.0
2016-07-12,2016-07-13,SNPS,buy,98.283855270864,54.86000061035156,5391.852360147303,5.391852360147303,rebalance,rebalance,0.0
2016-07-12,2016-07-13,TXN,buy,110.38724246523925,48.844886779785156,5391.852360147303,5.391852360147303,rebalance,rebalance,0.0
2016-07-12,2016-07-13,UI,buy,145.0124873399846,37.181986593375235,5391.852360147303,5.391852360147303,rebalance,rebalance,0.0
2016-07-12,2016-07-13,VEEV,buy,144.98124655145864,37.189998626708984,5391.852360147303,5.391852360147303,rebalance,rebalance,0.0
2016-08-09,2016-08-10,AVGO,sell,442.6176821042882,13.12540021618219,5809.534220377684,5.809534220377683,rebalance,rebalance,406.48047364985575
2016-08-09,2016-08-10,CDNS,sell,210.61922967978296,24.6200008392334,5185.445611474948,5.1854456114749485,rebalance,rebalance,-216.98404664397688
2016-08-09,2016-08-10,GLW,sell,325.1711324284662,17.694750469633178,5753.8220482497545,5.753822048249755,rebalance,rebalance,350.8240136940542
2016-08-09,2016-08-10,MCHP,sell,245.65028177313428,24.94089462797217,6126.737793035415,6.126737793035415,rebalance,rebalance,723.3668427349297
2016-08-09,2016-08-10,TXN,sell,110.38724246523925,53.43607161533831,5898.660593792239,5.898660593792239,rebalance,rebalance,495.517720690996
2016-08-09,2016-08-10,UI,sell,145.0124873399846,46.264116633954906,6708.874627676957,6.708874627676957,rebalance,rebalance,1304.921540541829
2016-08-09,2016-08-10,AKAM,buy,222.62677223181834,50.349998474121094,11209.257642170558,11.209257642170558,rebalance,rebalance,0.0
2016-08-09,2016-08-10,AMAT,buy,230.79333129329987,24.00548187871028,5540.305132088489,5.540305132088489,rebalance,rebalance,0.0
2016-08-09,2016-08-10,AMD,buy,716.2389095794088,6.349999904632568,4548.11700752338,4.5481170075233806,rebalance,rebalance,0.0
2016-08-09,2016-08-10,AMZN,buy,291.2251793546055,38.4900016784668,11209.257642170558,11.209257642170558,rebalance,rebalance,0.0
2016-08-09,2016-08-10,CRM,buy,140.2605428092439,79.91739813395196,11209.257642170558,11.209257642170558,rebalance,rebalance,0.0
2016-08-09,2016-08-10,FFIV,buy,42.69245856870531,126.61000061035156,5405.292205441188,5.405292205441189,rebalance,rebalance,0.0
2016-08-09,2016-08-10,FTNT,buy,1691.197647842601,6.627999782562256,11209.257642170558,11.209257642170558,rebalance,rebalance,0.0
2016-08-09,2016-08-10,GEN,buy,1083.016577054876,10.350033304801935,11209.257642170558,11.209257642170558,rebalance,rebalance,0.0
2016-08-09,2016-08-10,HPQ,buy,550.361634927813,10.177703113192528,5601.417325186532,5.6014173251865325,rebalance,rebalance,0.0
2016-08-09,2016-08-10,KEYS,buy,202.60335338427282,28.860000610351562,5847.1329023293865,5.8471329023293865,rebalance,rebalance,0.0
2016-08-09,2016-08-10,NOW,buy,747.2838428113705,15.0,11209.257642170558,11.209257642170558,rebalance,rebalance,0.0
2016-08-09,2016-08-10,QRVO,buy,112.06173423450555,54.86000061035156,6147.706808502029,6.147706808502029,rebalance,rebalance,0.0
2016-08-09,2016-08-10,SAIC,buy,108.7213968870585,52.08332280942808,5662.571610360617,5.662571610360618,rebalance,rebalance,0.0
2016-08-09,2016-08-10,SNPS,buy,103.93980665330693,55.43000030517578,5761.383514512715,5.7613835145127155,rebalance,rebalance,0.0
2016-08-09,2016-08-10,VEEV,buy,146.6227608009795,38.439998626708984,5636.178723833932,5.6361787238339325,rebalance,rebalance,0.0
2016-09-07,2016-09-08,AKAM,sell,222.62677223181834,53.900001525878906,11999.583362996504,11.999583362996503,rebalance,rebalance,767.11687982078
2016-09-07,2016-09-08,AMAT,sell,29.046616579598208,26.83848065108394,779.5670570510005,0.7795670570510005,rebalance,rebalance,98.06658820827434
2016-09-07,2016-09-08,CRM,sell,140.2605428092439,73.72452932961278,10340.64250212751,10.34064250212751,rebalance,rebalance,-890.1650401873442
2016-09-07,2016-09-08,FTNT,sell,1691.197647842601,7.395999908447266,12508.097648610108,12.508097648610109,rebalance,rebalance,1275.1226511487705
2016-09-07,2016-09-08,GEN,sell,96.62988267987396,11.914746394202,1151.3205462321905,1.1513205462321905,rebalance,rebalance,149.0465992061835
2016-09-07,2016-09-08,KEYS,sell,388.4011574881949,30.260000228881836,11753.019114490748,11.753019114490748,rebalance,rebalance,491.04184763709156
2016-09-07,2016-09-08,QRVO,sell,204.3247815796684,55.709999084472656,11382.933394738402,11.382933394738401,rebalance,rebalance,-179.5482664743173
2016-09-07,2016-09-08,SAIC,sell,9.7142867967668,57.18903626716834,555.5506999299711,0.5555506999299711,rebalance,rebalance,55.53257896888689
2016-09-07,2016-09-08,SNPS,sell,202.22366192417093,59.880001068115234,12109.153092017528,12.109153092017529,rebalance,rebalance,932.6548283908347
2016-09-07,2016-09-08,VEEV,sell,4.4662789755530525,40.93000030517578,182.8047998323866,0.18280479983238662,rebalance,rebalance,13.545040010074361
2016-09-07,2016-09-08,AMD,buy,4.724529405770454,6.639999866485596,31.370874623523086,0.03137087462352309,rebalance,rebalance,0.0
2016-09-07,2016-09-08,AMZN,buy,8.626772303003179,39.19449996948242,338.1220267667899,0.3381220267667899,rebalance,rebalance,0.0
2016-09-07,2016-09-08,FFIV,buy,9.200535109146614,120.25,1106.3643468748803,1.1063643468748803,rebalance,rebalance,0.0
2016-09-07,2016-09-08,HPQ,buy,28.07102104734031,10.405775861692517,292.1007532274764,0.2921007532274764,rebalance,rebalance,0.0
2016-09-07,2016-09-08,LITE,buy,314.82846862108875,37.33000183105469,11752.547310093387,11.752547310093387,rebalance,rebalance,0.0
2016-09-07,2016-09-08,LRCX,buy,1439.2440702047295,8.165777822813341,11752.547310093389,11.752547310093389,rebalance,rebalance,0.0
2016-09-07,2016-09-08,MPWR,buy,167.08723988677917,70.33779071374384,11752.547310093385,11.752547310093385,rebalance,rebalance,0.0
2016-09-07,2016-09-08,MU,buy,701.5249080266151,16.752858203072538,11752.547310093387,11.752547310093387,rebalance,rebalance,0.0
2016-09-07,2016-09-08,NOW,buy,21.861936997364296,15.279999732971191,334.0503914819595,0.3340503914819595,rebalance,rebalance,0.0
2016-09-07,2016-09-08,TXN,buy,223.08123769537895,52.68281381037379,11752.547310093387,11.752547310093387,rebalance,rebalance,0.0
2016-09-07,2016-09-08,UI,buy,241.0762885955367,48.75032454896924,11752.547310093387,11.752547310093387,rebalance,rebalance,0.0
2016-10-05,2016-10-06,AMAT,sell,75.71038917340894,27.009255637802436,2044.881255622112,2.044881255622112,rebalance,rebalance,268.5283667045436
2016-10-05,2016-10-06,AMD,sell,314.24046531358294,6.71999979019165,2111.695860977004,2.111695860977004,rebalance,rebalance,337.4941248840445
2016-10-05,2016-10-06,AMZN,sell,67.95796199276248,42.185001373291016,2866.8067199907437,2.866806719990744,rebalance,rebalance,244.24335734084048
2016-10-05,2016-10-06,FFIV,sell,19.568494882972686,125.1500015258789,2448.997164463185,2.448997164463185,rebalance,rebalance,60.82757656233654
2016-10-05,2016-10-06,GEN,sell,180.6017063853784,12.140271186828613,2192.553692322491,2.192553692322491,rebalance,rebalance,319.2582289614488
2016-10-05,2016-10-06,HPQ,sell,1129.4253755127313,11.23893215109204,12693.535165109237,12.693535165109237,rebalance,rebalance,1384.1858209442528
2016-10-05,2016-10-06,LITE,sell,89.27051350484811,43.369998931884766,3871.662075354067,3.871662075354067,rebalance,rebalance,531.989512250946
2016-10-05,2016-10-06,LRCX,sell,1439.2440702047295,8.66151341249709,12466.031817935169,12.46603181793517,rebalance,rebalance,689.2659287137532
2016-10-05,2016-10-06,MPWR,sell,167.08723988677917,74.16685800879051,12392.33559576347,12.39233559576347,rebalance,rebalance,615.643402764228
2016-10-05,2016-10-06,MU,sell,132.82474618109484,17.201416368027584,2284.773763038594,2.284773763038594,rebalance,rebalance,55.06965650594236
2016-10-05,2016-10-06,NOW,sell,769.1457798087348,15.89799976348877,12227.87942548765,12.22787942548765,rebalance,rebalance,660.8002043759934
2016-10-05,2016-10-06,SAIC,sell,38.76265373870285,58.66857636380681,2274.14971093289,2.27414971093289,rebalance,rebalance,278.8836852852275
2016-10-05,2016-10-06,TXN,sell,223.08123769537895,53.59588008360187,11956.235264423016,11.956235264423016,rebalance,rebalance,179.9791717551119
2016-10-05,2016-10-06,UI,sell,45.32902568177562,49.97489173975959,2265.313151115519,2.2653131511155187,rebalance,rebalance,51.03331977580541
2016-10-05,2016-10-06,VEEV,sell,44.336833609483506,40.290000915527344,1786.331066717674,1.7863310667176742,rebalance,rebalance,106.11469062638267
2016-10-05,2016-10-06,ANET,buy,1839.0221035960694,5.319375038146973,9782.448272469468,9.782448272469468,rebalance,rebalance,0.0
2016-10-05,2016-10-06,CIEN,buy,444.05120143276014,22.030000686645508,9782.448272469468,9.782448272469468,rebalance,rebalance,0.0
2016-10-05,2016-10-06,MCHP,buy,380.4307088455756,25.714139382055926,9782.448272469468,9.782448272469468,rebalance,rebalance,0.0
2016-10-05,2016-10-06,NTAP,buy,356.4676519467627,27.442737704375052,9782.448272469468,9.782448272469468,rebalance,rebalance,0.0
2016-10-05,2016-10-06,QCOM,buy,191.81780666746138,50.998645237501265,9782.448272469468,9.782448272469468,rebalance,rebalance,0.0
2016-11-02,2016-11-03,AMZN,sell,231.89398966484617,38.252498626708984,8870.524521196596,8.870524521196597,rebalance,rebalance,-77.57649600097254
2016-11-02,2016-11-03,CIEN,sell,444.05120143276014,19.3700008392334,8601.272144415163,8.601272144415162,rebalance,rebalance,-1199.55984847119
2016-11-02,2016-11-03,FFIV,sell,78.16578628204509,134.60000610351562,10521.115310649368,10.521115310649368,rebalance,rebalance,980.9023646992684
2016-11-02,2016-11-03,MCHP,sell,380.4307088455756,24.828293836087155,9445.445423488873,9.445445423488874,rebalance,rebalance,-356.2307426765526
2016-11-02,2016-11-03,SAIC,sell,166.7408496808924,58.375808160867166,9733.631853551764,9.733631853551763,rebalance,rebalance,1150.8742734176678
2016-11-02,2016-11-03,AMAT,buy,76.25383487513034,25.634076870820873,1954.6966648839727,1.9546966648839728,rebalance,rebalance,0.0
2016-11-02,2016-11-03,AMD,buy,201.9584742870834,6.78000020980835,1369.2784980389995,1.3692784980389996,rebalance,rebalance,0.0
2016-11-02,2016-11-03,ANET,buy,317.1544847201967,5.212500095367432,1653.167781850234,1.653167781850234,rebalance,rebalance,0.0
2016-11-02,2016-11-03,GEN,buy,121.81558043378016,12.116282648823777,1475.9520035662076,1.4759520035662077,rebalance,rebalance,0.0
2016-11-02,2016-11-03,HPE,buy,1155.0741237407992,9.73017267136843,11239.07067222756,11.23907067222756,rebalance,rebalance,0.0
2016-11-02,2016-11-03,HPQ,buy,1065.4527635508366,10.548633460549754,11239.070672227559,11.239070672227559,rebalance,rebalance,0.0
2016-11-02,2016-11-03,LITE,buy,90.14629078134391,35.599998474121094,3209.2078142635196,3.20920781426352,rebalance,rebalance,0.0
2016-11-02,2016-11-03,MRVL,buy,936.739681237857,11.998072567370759,11239.07067222756,11.23907067222756,rebalance,rebalance,0.0
2016-11-02,2016-11-03,MU,buy,123.11452663221917,16.245782085023194,2000.0917711678171,2.000091771167817,rebalance,rebalance,0.0
2016-11-02,2016-11-03,NTAP,buy,83.57397967470922,25.540925822890134,2134.556815595476,2.134556815595476,rebalance,rebalance,0.0
2016-11-02,2016-11-03,QCOM,buy,25.664405483555527,51.678114550459384,1326.2880864486206,1.3262880864486206,rebalance,rebalance,0.0
2016-11-02,2016-11-03,STX,buy,512.9892800263863,21.90897765280683,11239.07067222756,11.23907067222756,rebalance,rebalance,0.0
2016-11-02,2016-11-03,UI,buy,35.367954131796324,48.629730296002606,1719.9340705506463,1.7199340705506463,rebalance,rebalance,0.0
2016-11-02,2016-11-03,VEEV,buy,52.49785107328279,38.060001373291016,1998.06828394397,1.99806828394397,rebalance,rebalance,0.0
2016-11-02,2016-11-03,WDC,buy,302.9311006021241,37.101078924838376,11239.07067222756,11.23907067222756,rebalance,rebalance,0.0
2016-12-01,2016-12-02,AMAT,sell,438.44257504825276,27.230932774128096,11939.200286454583,11.939200286454584,rebalance,rebalance,1482.5489843388648
2016-12-01,2016-12-02,AMD,sell,695.3541163084277,8.380000114440918,5827.067574241588,5.827067574241588,rebalance,rebalance,1802.73174180187
2016-12-01,2016-12-02,ANET,sell,2156.176588316266,5.800624847412109,12507.171493595604,12.507171493595605,rebalance,rebalance,1047.6126517279895
2016-12-01,2016-12-02,GEN,sell,220.7217824521656,11.408308018444856,2518.062080594482,2.5180620805944818,rebalance,rebalance,177.53418998070313
2016-12-01,2016-12-02,HPE,sell,372.0500682161444,10.298905717093035,3831.708574596103,3.831708574596103,rebalance,rebalance,204.14534847788119
2016-12-01,2016-12-02,HPQ,sell,1065.4527635508366,10.807493905710833,11514.874248898432,11.514874248898431,rebalance,rebalance,253.0496317497482
2016-12-01,2016-12-02,LITE,sell,101.22841479842526,37.599998474121094,3806.188241958487,3.806188241958487,rebalance,rebalance,69.8016826473957
2016-12-01,2016-12-02,MRVL,sell,316.26125696169277,12.996891763757713,4110.413325801086,4.110413325801086,rebalance,rebalance,307.9828756897311
2016-12-01,2016-12-02,MU,sell,243.82428532380004,18.001034989343676,4389.08949136544,4.38908949136544,rebalance,rebalance,317.8863509007375
2016-12-01,2016-12-02,NTAP,sell,149.83941164528733,27.78852250932483,4163.815863289056,4.163815863289057,rebalance,rebalance,97.7121318450655
2016-12-01,2016-12-02,QCOM,sell,53.58946669278231,49.20468504885285,2636.8528305543437,2.6368528305543437,rebalance,rebalance,-105.80842458666685
2016-12-01,2016-12-02,STX,sell,199.3030731460168,25.708146374251392,5123.712577275932,5.123712577275932,rebalance,rebalance,747.6957624311578
2016-12-01,2016-12-02,UI,sell,66.16584511628477,48.889491531511055,3234.8145244878765,3.2348145244878768,rebalance,rebalance,3.9699748259334178
2016-12-01,2016-12-02,VEEV,sell,295.2987458406844,43.52000045776367,12851.401554163622,12.851401554163623,rebalance,rebalance,1646.93168536338
2016-12-01,2016-12-02,WDC,sell,107.05617322632855,41.17061346290895,4407.568326719395,4.407568326719395,rebalance,rebalance,427.2893265992305
2016-12-01,2016-12-02,AKAM,buy,127.31750714614986,63.34000015258789,8064.290922064242,8.064290922064242,rebalance,rebalance,0.0
2016-12-01,2016-12-02,COHR,buy,274.29561315305153,29.399999618530273,8064.290922064242,8.064290922064242,rebalance,rebalance,0.0
2016-12-01,2016-12-02,FFIV,buy,58.10426768620634,138.7899932861328,8064.290922064242,8.064290922064242,rebalance,rebalance,0.0
2016-12-01,2016-12-02,SAIC,buy,116.33298936111149,69.32075730497839,8064.290922064242,8.064290922064242,rebalance,rebalance,0.0
2016-12-30,2017-01-03,AKAM,sell,127.31750714614986,67.2699966430664,8564.648278325085,8.564648278325086,rebalance,rebalance,483.72841706045415
2016-12-30,2017-01-03,FFIV,sell,58.10426768620634,145.64999389648438,8462.886233855648,8.462886233855649,rebalance,rebalance,382.06813463548747
2016-12-30,2017-01-03,GEN,sell,706.8787859712382,11.523834175549018,8145.953911745955,8.145953911745956,rebalance,rebalance,650.1484671333853
2016-12-30,2017-01-03,HPE,sell,783.0240555246548,10.251142569660495,8026.891228656992,8.026891228656993,rebalance,rebalance,392.286112072172
2016-12-30,2017-01-03,QCOM,sell,163.8927454582346,50.6743004884363,8305.150231225383,8.305150231225383,rebalance,rebalance,-82.9756119723927
2016-12-30,2017-01-03,AMAT,buy,410.380662656669,29.17858183053748,11974.325746997813,11.974325746997813,rebalance,rebalance,0.0
2016-12-30,2017-01-03,AMD,buy,86.21402824222343,11.420000076293945,984.5642091038,0.9845642091037999,rebalance,rebalance,0.0
2016-12-30,2017-01-03,ANET,buy,1964.211709592736,6.096250057220459,11974.325746997813,11.974325746997813,rebalance,rebalance,0.0
2016-12-30,2017-01-03,CACI,buy,95.37495385055,125.55000305175781,11974.325746997813,11.974325746997813,rebalance,rebalance,0.0
2016-12-30,2017-01-03,COHR,buy,125.51491913297798,29.950000762939453,3759.171923792974,3.7591719237929744,rebalance,rebalance,0.0
2016-12-30,2017-01-03,LDOS,buy,269.92727602980744,44.36130324849244,11974.325746997813,11.974325746997813,rebalance,rebalance,0.0
2016-12-30,2017-01-03,LITE,buy,89.44105426270488,39.400001525878906,3523.9776744267906,3.5239776744267908,rebalance,rebalance,0.0
2016-12-30,2017-01-03,MRVL,buy,296.2138424906451,13.062536012473938,3869.3039849273346,3.8693039849273347,rebalance,rebalance,0.0
2016-12-30,2017-01-03,MU,buy,108.4043250440601,21.521278222349746,2332.999639779254,2.332999639779254,rebalance,rebalance,0.0
2016-12-30,2017-01-03,NTAP,buy,139.73413461785094,27.851391535159866,3891.790094068503,3.891790094068503,rebalance,rebalance,0.0
2016-12-30,2017-01-03,SAIC,buy,47.72336959465795,72.98909852208875,3483.2857251505443,3.4832857251505445,rebalance,rebalance,0.0
2016-12-30,2017-01-03,STX,buy,142.6818704562241,26.238307063195762,3743.7307293815275,3.7437307293815274,rebalance,rebalance,0.0
2016-12-30,2017-01-03,UI,buy,55.354846894885554,54.353592549925004,3008.734793788091,3.008734793788091,rebalance,rebalance,0.0
2016-12-30,2017-01-03,VEEV,buy,291.9855215090421,41.0099983215332,11974.325746997813,11.974325746997813,rebalance,rebalance,0.0
2016-12-30,2017-01-03,WDC,buy,61.7390856273762,46.48165527723208,2869.734895263214,2.8697348952632145,rebalance,rebalance,0.0
2017-01-31,2017-02-01,AMAT,sell,410.380662656669,31.18934156814046,12799.502660558674,12.799502660558673,rebalance,rebalance,800.4030851533057
2017-01-31,2017-02-01,AMD,sell,78.07928988366916,10.899999618530273,851.0642299471085,0.8510642299471085,rebalance,rebalance,362.69902264710333
2017-01-31,2017-02-01,ANET,sell,166.94795351960715,5.885624885559082,982.5930298281608,0.9825930298281608,rebalance,rebalance,-37.16379086960762
2017-01-31,2017-02-01,CACI,sell,9.722967707575137,123.5,1200.7865118855293,1.2007865118855294,rebalance,rebalance,-22.353618609915273
2017-01-31,2017-02-01,COHR,sell,111.9732455198419,36.75,4115.01677285419,4.11501677285419,rebalance,rebalance,796.2431550069088
2017-01-31,2017-02-01,LDOS,sell,16.86865833878656,41.80067205446024,705.1212552183531,0.7051212552183531,rebalance,rebalance,-44.64784966694858
2017-01-31,2017-02-01,LITE,sell,29.163111630503238,38.5,1122.7797977743746,1.1227797977743748,rebalance,rebalance,24.30239686184096
2017-01-31,2017-02-01,MRVL,sell,916.6922667668093,14.525383233989666,13315.306482422595,13.315306482422596,rebalance,rebalance,1976.8281809136784
2017-01-31,2017-02-01,MU,sell,112.36177363666451,23.82260185870109,2676.749797483755,2.676749797483755,rebalance,rebalance,693.4879969255622
2017-01-31,2017-02-01,NTAP,sell,82.63952529225145,30.45815393686076,2517.047382620493,2.517047382620493,rebalance,rebalance,253.5887706384833
2017-01-31,2017-02-01,SAIC,sell,14.464475575733388,70.7125283113395,1022.8196386577259,1.022819638657726,rebalance,rebalance,2.655158938721795
2017-01-31,2017-02-01,STX,sell,456.36807733659356,31.116209668221344,14200.444780288499,14.2004447802885,rebalance,rebalance,3559.3532347650125
2017-01-31,2017-02-01,UI,sell,37.864465599050845,57.98089561985687,2195.415627600228,2.1954156276002283,rebalance,rebalance,292.63005472035604
2017-01-31,2017-02-01,VEEV,sell,291.9855215090421,42.40999984741211,12383.10592264502,12.38310592264502,rebalance,rebalance,384.4227439775659
2017-01-31,2017-02-01,WDC,sell,62.619192975275155,54.24769892422819,3396.9471274008715,3.3969471274008716,rebalance,rebalance,927.0708429881876
2017-01-31,2017-02-01,AKAM,buy,154.04136552665733,68.66999816894531,10578.020288657395,10.578020288657395,rebalance,rebalance,0.0
2017-01-31,2017-02-01,CIEN,buy,430.5258616216305,24.56999969482422,10578.020288657395,10.578020288657395,rebalance,rebalance,0.0
2017-01-31,2017-02-01,ON,buy,778.367930087408,13.59000015258789,10578.020288657395,10.578020288657395,rebalance,rebalance,0.0
2017-01-31,2017-02-01,TER,buy,389.0562554133877,27.188922274023916,10578.020288657395,10.578020288657395,rebalance,rebalance,0.0
2017-03-01,2017-03-02,ANET,sell,1797.263756073129,7.531875133514404,13536.766192733898,13.536766192733898,rebalance,rebalance,2555.7035814642945
2017-03-01,2017-03-02,CACI,sell,85.65198614297486,128.4499969482422,11001.997358676002,11.001997358676002,rebalance,rebalance,226.63463255607707
2017-03-01,2017-03-02,CIEN,sell,430.5258616216305,26.290000915527344,11318.525296190865,11.318525296190865,rebalance,rebalance,718.6084619486217
2017-03-01,2017-03-02,LITE,sell,274.7537737313609,45.599998474121094,12528.77166290907,12.52877166290907,rebalance,rebalance,2177.7602528753405
2017-03-01,2017-03-02,NTAP,sell,347.2968293017841,34.07678114360865,11834.758043986109,11.834758043986108,rebalance,rebalance,2321.2007888066346
2017-03-01,2017-03-02,UI,sell,182.43975322510735,45.744623140927935,8345.637757206428,8.345637757206429,rebalance,rebalance,-820.1908605790069
2017-03-01,2017-03-02,AKAM,buy,78.14476572203128,63.2400016784668,4941.875115424653,4.941875115424653,rebalance,rebalance,0.0
2017-03-01,2017-03-02,AMD,buy,35.9445416876149,14.59000015258789,524.4308687070032,0.5244308687070033,rebalance,rebalance,0.0
2017-03-01,2017-03-02,CHKP,buy,147.4834440533425,99.55999755859375,14683.451329883777,14.683451329883777,rebalance,rebalance,0.0
2017-03-01,2017-03-02,COHR,buy,115.55421637549352,36.400001525878906,4206.173652389705,4.2061736523897055,rebalance,rebalance,0.0
2017-03-01,2017-03-02,KLAC,buy,1857.7541192149038,7.9038723036658265,14683.45132988378,14.683451329883779,rebalance,rebalance,0.0
2017-03-01,2017-03-02,LDOS,buy,60.33717108843703,46.85273974825737,2826.961774152619,2.826961774152619,rebalance,rebalance,0.0
2017-03-01,2017-03-02,LRCX,buy,1402.8189891205382,10.467103342455605,14683.451329883777,14.683451329883777,rebalance,rebalance,0.0
2017-03-01,2017-03-02,MU,buy,161.18530689682342,24.261414872887002,3910.5836020374477,3.910583602037448,rebalance,rebalance,0.0
2017-03-01,2017-03-02,NOW,buy,824.0796203845555,17.81800079345703,14683.45132988378,14.683451329883779,rebalance,rebalance,0.0
2017-03-01,2017-03-02,ON,buy,180.7078979622031,15.3100004196167,2766.637993629381,2.7666379936293812,rebalance,rebalance,0.0
2017-03-01,2017-03-02,SAIC,buy,42.07233338263188,76.61029052734375,3223.1736836066916,3.2231736836066918,rebalance,rebalance,0.0
2017-03-01,2017-03-02,STX,buy,434.80696866278635,33.770045993148514,14683.45132988378,14.683451329883779,rebalance,rebalance,0.0
2017-03-01,2017-03-02,SWKS,buy,186.7119351830198,78.64227487916446,14683.451329883781,14.68345132988378,rebalance,rebalance,0.0
2017-03-01,2017-03-02,TER,buy,141.91579351439395,27.653906377058465,3924.5260672730114,3.9245260672730113,rebalance,rebalance,0.0
2017-03-01,2017-03-02,WDC,buy,82.7197202717382,52.87246146363583,4373.595222350214,4.373595222350214,rebalance,rebalance,0.0
2017-03-29,2017-03-30,AKAM,sell,232.1861312486886,63.16999816894531,14667.197485834156,14.667197485834157,rebalance,rebalance,-882.8850111378061
2017-03-29,2017-03-30,CHKP,sell,4.832082044877978,103.4000015258789,499.637290813555,0.499637290813555,rebalance,rebalance,17.57449485517431
2017-03-29,2017-03-30,COHR,sell,20.767603238625156,38.54999923706055,800.5910890045759,0.8005910890045759,rebalance,rebalance,144.36639694148482
2017-03-29,2017-03-30,KLAC,sell,77.13301639886117,8.28371124323791,638.9476351681004,0.6389476351681004,rebalance,rebalance,28.04952600775839
2017-03-29,2017-03-30,LDOS,sell,313.3957887794579,45.336730144854606,14208.340304428137,14.208340304428138,rebalance,rebalance,127.10713908220941
2017-03-29,2017-03-30,LRCX,sell,97.3197870559195,11.298475729450384,1099.5652520465862,1.0995652520465862,rebalance,rebalance,78.79076214607683
2017-03-29,2017-03-30,MU,sell,72.60442155160695,27.693893669627307,2010.699130395,2.0106991303950004,rebalance,rebalance,600.1427584955927
2017-03-29,2017-03-30,NOW,sell,824.0796203845555,17.488000869750977,14411.505118029161,14.411505118029162,rebalance,rebalance,-301.0411683025285
2017-03-29,2017-03-30,SAIC,sell,191.66421676266793,69.8416727149572,13386.149498306868,13.386149498306867,rebalance,rebalance,-393.6160722633936
2017-03-29,2017-03-30,TER,sell,25.953928879513796,29.207171908869668,758.0408624945366,0.7580408624945366,rebalance,rebalance,47.68905768306801
2017-03-29,2017-03-30,WDC,sell,9.49830834025687,54.993506327304935,522.3452798086093,0.5223452798086093,rebalance,rebalance,109.40067191586697
2017-03-29,2017-03-30,ADI,buy,214.2925979711559,68.83182708592356,14750.151049343938,14.75015104934394,rebalance,rebalance,0.0
2017-03-29,2017-03-30,AMD,buy,67.89576081795508,13.729999542236328,932.2087649503104,0.9322087649503105,rebalance,rebalance,0.0
2017-03-29,2017-03-30,ANET,buy,1765.0318221472871,8.3568754196167,14750.151049343938,14.75015104934394,rebalance,rebalance,0.0
2017-03-29,2017-03-30,CDW,buy,291.07874091064105,50.67409252629728,14750.151049343938,14.75015104934394,rebalance,rebalance,0.0
2017-03-29,2017-03-30,ON,buy,11.967717494169392,15.1899995803833,181.78962371457897,0.18178962371457896,rebalance,rebalance,0.0
2017-03-29,2017-03-30,SHOP,buy,2029.1857120613192,7.269000053405762,14750.151049343938,14.75015104934394,rebalance,rebalance,0.0
2017-03-29,2017-03-30,STX,buy,33.368919494343686,31.505576050498068,1051.3070308519925,1.0513070308519925,rebalance,rebalance,0.0
2017-03-29,2017-03-30,SWKS,buy,0.25049168527033316,78.89366487382523,19.76220707139737,0.01976220707139737,rebalance,rebalance,0.0
2017-04-27,2017-04-28,ADI,sell,14.6456149309912,65.46042908489345,958.7082375948062,0.9587082375948062,rebalance,rebalance,-51.34298957429225
2017-04-27,2017-04-28,AMD,sell,122.44529716542752,13.729999542236328,1681.173874030311,1.681173874030311,rebalance,rebalance,822.6736618743772
2017-04-27,2017-04-28,ANET,sell,262.95851764116446,8.7006254196167,2287.9035628934416,2.2879035628934417,rebalance,rebalance,85.90657530380298
2017-04-27,2017-04-28,CDW,sell,291.07874091064105,53.03433053429941,15437.166156962636,15.437166156962636,rebalance,rebalance,656.8277904123934
2017-04-27,2017-04-28,CHKP,sell,18.409733792956033,105.19000244140625,1936.5199426266843,1.9365199426266844,rebalance,rebalance,99.87749815151314
2017-04-27,2017-04-28,KLAC,sell,1780.6211028160426,8.676526781308157,15449.606685945859,15.44960668594586,rebalance,rebalance,1346.2814595714253
2017-04-27,2017-04-28,LRCX,sell,295.65462101641947,12.941572812866195,3826.2358053443527,3.8262358053443526,rebalance,rebalance,724.6674502137455
2017-04-27,2017-04-28,MU,sell,54.305767339516365,27.323346447350634,1483.8152951068246,1.4838152951068246,rebalance,rebalance,428.7847128547466
2017-04-27,2017-04-28,ON,sell,971.0435455437805,14.670000076293945,14245.208887212004,14.245208887212005,rebalance,rebalance,690.9893244174334
2017-04-27,2017-04-28,SHOP,sell,246.7283239425692,7.331999778747559,1809.0120165576734,1.8090120165576735,rebalance,rebalance,11.941336425950949
2017-04-27,2017-04-28,STX,sell,25.68092936245,29.534748171849117,758.4797815390065,0.7584797815390065,rebalance,rebalance,-106.24310018438855
2017-04-27,2017-04-28,SWKS,sell,186.96242686829012,83.35368692339405,15584.007595617411,15.584007595617411,rebalance,rebalance,850.5068375296631
2017-04-27,2017-04-28,TER,sell,125.5332673784223,34.43873209528004,4323.206564290643,4.3232065642906425,rebalance,rebalance,886.7392644989393
2017-04-27,2017-04-28,WDC,sell,55.63819569341666,61.478492345101586,3420.55238803298,3.4205523880329802,rebalance,rebalance,1001.2879049603878
2017-04-27,2017-04-28,AMAT,buy,351.6477642839864,37.16496591958788,13068.977175313627,13.068977175313627,rebalance,rebalance,0.0
2017-04-27,2017-04-28,COHR,buy,8.077949939448388,33.45000076293945,270.2074316375353,0.2702074316375353,rebalance,rebalance,0.0
2017-04-27,2017-04-28,ENTG,buy,544.6473037409315,23.99530317243625,13068.977175313625,13.068977175313625,rebalance,rebalance,0.0
2017-04-27,2017-04-28,LITE,buy,297.6987863567501,43.900001525878906,13068.977175313627,13.068977175313627,rebalance,rebalance,0.0
2017-04-27,2017-04-28,VEEV,buy,244.00628902580252,53.560001373291016,13068.977175313627,13.068977175313627,rebalance,rebalance,0.0
2017-05-25,2017-05-26,ADI,sell,199.6469830401647,69.36150990153742,13847.816190952457,13.847816190952457,rebalance,rebalance,78.15969329972782
2017-05-25,2017-05-26,AMAT,sell,106.44704864978664,40.66492999770204,4328.6617818055565,4.328661781805557,rebalance,rebalance,364.27608377840824
2017-05-25,2017-05-26,AMD,sell,32.863027665505456,10.850000381469727,356.56386270698437,0.35656386270698437,rebalance,rebalance,126.24609648508786
2017-05-25,2017-05-26,ANET,sell,424.5566111583255,9.25374984741211,3928.740675724157,3.928740675724157,rebalance,rebalance,373.29726031563337
2017-05-25,2017-05-26,CHKP,sell,124.2416282155085,111.16000366210938,13810.699847422356,13.810699847422356,rebalance,rebalance,1415.0234495613847
2017-05-25,2017-05-26,COHR,sell,390.7018498425044,31.149999618530273,12170.362473553083,12.170362473553084,rebalance,rebalance,-187.86896068629665
2017-05-25,2017-05-26,ENTG,sell,111.86242635253518,23.03932151423764,2577.234406098787,2.5772344060987873,rebalance,rebalance,-112.19983507464879
2017-05-25,2017-05-26,LITE,sell,297.6987863567501,56.70000076293945,16879.521413553877,16.879521413553878,rebalance,rebalance,3780.595739651385
2017-05-25,2017-05-26,LRCX,sell,274.46370025914166,13.559055174173556,3721.4684551215346,3.7214684551215345,rebalance,rebalance,842.0342323868532
2017-05-25,2017-05-26,MU,sell,128.9640465024325,28.542265482471063,3680.926052966172,3.680926052966172,rebalance,rebalance,1175.3072867409567
2017-05-25,2017-05-26,SHOP,sell,677.7521021264522,9.026000022888184,6117.3904893058725,6.117390489305873,rebalance,rebalance,1179.7664521969652
2017-05-25,2017-05-26,STX,sell,442.49495879468003,29.507080911414977,13056.73455204786,13.05673455204786,rebalance,rebalance,-1842.850899658836
2017-05-25,2017-05-26,TER,sell,84.56826621751594,33.809797056846456,2859.2359182635782,2.8592359182635785,rebalance,rebalance,544.2367895950892
2017-05-25,2017-05-26,VEEV,sell,93.81695285590533,66.38999938964844,6228.507442842231,6.228507442842232,rebalance,rebalance,1192.417975475321
2017-05-25,2017-05-26,WDC,sell,47.45676782946015,60.386345327074835,2865.740770256596,2.865740770256596,rebalance,rebalance,802.2736188573247
2017-05-25,2017-05-26,AAPL,buy,279.3124996027842,35.69861696426487,9971.069936651178,9.971069936651178,rebalance,rebalance,0.0
2017-05-25,2017-05-26,AVGO,buy,532.8417952426709,18.713002669225823,9971.069936651178,9.971069936651178,rebalance,rebalance,0.0
2017-05-25,2017-05-26,FTNT,buy,1258.3379865549184,7.923999786376953,9971.069936651178,9.971069936651178,rebalance,rebalance,0.0
2017-05-25,2017-05-26,QRVO,buy,126.4401453142054,78.86000061035156,9971.069936651178,9.971069936651178,rebalance,rebalance,0.0
2017-05-25,2017-05-26,SWKS,buy,115.68453566639917,86.19190006004663,9971.069936651178,9.971069936651178,rebalance,rebalance,0.0
2017-06-23,2017-06-26,AAPL,sell,279.3124996027842,34.11535418907318,9528.844853384346,9.528844853384346,rebalance,rebalance,-461.72499805686687
2017-06-23,2017-06-26,AMD,sell,918.9925885791084,14.390000343322754,13224.303665164436,13.224303665164436,rebalance,rebalance,6780.368144630468
2017-06-23,2017-06-26,ANET,sell,55.634285530093166,10.108750343322754,562.3931029528454,0.5623931029528454,rebalance,rebalance,96.4369878222857
2017-06-23,2017-06-26,AVGO,sell,532.8417952426709,19.189766270490384,10225.109509855349,10.225109509855349,rebalance,rebalance,233.84339375766493
2017-06-23,2017-06-26,ENTG,sell,432.78487738839635,22.56132235707875,9764.199130028413,9.764199130028414,rebalance,rebalance,-640.7542148232162
2017-06-23,2017-06-26,MU,sell,22.892985652780965,31.643195646830673,724.4072239510357,0.7244072239510357,rebalance,rebalance,279.5526220519916
2017-06-23,2017-06-26,SHOP,sell,18.599252043331717,9.51099967956543,176.89748022428464,0.17689748022428464,rebalance,rebalance,41.38742068367859
2017-06-23,2017-06-26,WDC,sell,165.1212684365011,63.764519460182406,10528.878334509278,10.528878334509278,rebalance,rebalance,3348.684638549177
2017-06-23,2017-06-26,ADBE,buy,70.72404705962501,146.05999755859375,10329.954140862697,10.329954140862698,rebalance,rebalance,0.0
2017-06-23,2017-06-26,ADSK,buy,95.86074550929892,107.76000213623047,10329.954140862697,10.329954140862698,rebalance,rebalance,0.0
2017-06-23,2017-06-26,AMAT,buy,11.110315544971769,40.30241731438258,447.77257358792417,0.44777257358792416,rebalance,rebalance,0.0
2017-06-23,2017-06-26,EPAM,buy,121.54317449708118,84.98999786376953,10329.954140862697,10.329954140862698,rebalance,rebalance,0.0
2017-06-23,2017-06-26,FTNT,buy,90.57219249366676,7.6579999923706055,693.601849425489,0.6936018494254891,rebalance,rebalance,0.0
2017-06-23,2017-06-26,LITE,buy,159.28996736962065,64.8499984741211,10329.954140862697,10.329954140862698,rebalance,rebalance,0.0
2017-06-23,2017-06-26,LRCX,buy,29.441012791480034,13.506352560728478,397.64069850664623,0.39764069850664624,rebalance,rebalance,0.0
2017-06-23,2017-06-26,QRVO,buy,21.236117609810137,69.94999694824219,1485.4663619987311,1.4854663619987312,rebalance,rebalance,0.0
2017-06-23,2017-06-26,SWKS,buy,5.918992269329905,84.9478162041678,502.8054674089268,0.5028054674089268,rebalance,rebalance,0.0
2017-06-23,2017-06-26,TEAM,buy,286.8634996488075,36.0099983215332,10329.954140862697,10.329954140862698,rebalance,rebalance,0.0
2017-06-23,2017-06-26,TER,buy,38.28114900011701,31.002474031931015,1186.8103277886096,1.1868103277886095,rebalance,rebalance,0.0
2017-06-23,2017-06-26,VEEV,buy,11.09018996088568,64.05000305175781,710.3267008393017,0.7103267008393017,rebalance,rebalance,0.0
2017-07-24,2017-07-25,ADBE,sell,4.348518965642597,149.82000732421875,651.4951432820781,0.651495143282078,rebalance,rebalance,15.063833964034412
2017-07-24,2017-07-25,ADSK,sell,6.1990217978365365,110.91000366210938,687.5335302995461,0.6875335302995461,rebalance,rebalance,18.171387989664822
2017-07-24,2017-07-25,AMAT,sell,20.996631837500416,42.25998125490959,887.3172678690055,0.8873172678690056,rebalance,rebalance,102.45212582536098
2017-07-24,2017-07-25,EPAM,sell,7.697928029955918,87.3499984741211,672.4140016705434,0.6724140016705434,rebalance,rebalance,16.840453960646506
2017-07-24,2017-07-25,FTNT,sell,1348.9101790485852,8.12399959564209,10958.545749148205,10.958545749148206,rebalance,rebalance,272.25074553631265
2017-07-24,2017-07-25,LITE,sell,11.965788033482397,67.5,807.6906922600618,0.8076906922600618,rebalance,rebalance,30.12568451909891
2017-07-24,2017-07-25,LRCX,sell,80.68993346220498,14.535766028924122,1172.889993696067,1.172889993696067,rebalance,rebalance,316.8330686155137
2017-07-24,2017-07-25,QRVO,sell,147.67626292401553,69.19999694824219,10219.196943669685,10.219196943669685,rebalance,rebalance,-1259.015088222542
2017-07-24,2017-07-25,SHOP,sell,23.21781655331779,9.355999946594238,217.22589043287604,0.21722589043287605,rebalance,rebalance,48.06958446664497
2017-07-24,2017-07-25,SWKS,sell,121.60352793572908,86.50902557373047,10519.802708047833,10.519802708047834,rebalance,rebalance,24.933625875622546
2017-07-24,2017-07-25,TEAM,sell,286.8634996488075,36.939998626708984,10596.737283079881,10.596737283079882,rebalance,rebalance,245.85645079324135
2017-07-24,2017-07-25,TER,sell,333.19773545244664,34.03874799383506,11341.633749182352,11.341633749182353,rebalance,rebalance,2079.123824957049
2017-07-24,2017-07-25,VEEV,sell,10.652706820974288,66.0199966430664,703.2916685602931,0.7032916685602931,rebalance,rebalance,123.76700162227557
2017-07-24,2017-07-25,ACLS,buy,429.5629489872394,23.149999618530273,9944.382105189332,9.944382105189332,rebalance,rebalance,0.0
2017-07-24,2017-07-25,AMD,buy,695.8979798275531,14.289999961853027,9944.382105189332,9.944382105189332,rebalance,rebalance,0.0
2017-07-24,2017-07-25,ANET,buy,4.237263201284122,9.69124984741211,41.064376352889695,0.041064376352889696,rebalance,rebalance,0.0
2017-07-24,2017-07-25,AVGO,buy,504.2529692522312,19.72101844028027,9944.382105189332,9.944382105189332,rebalance,rebalance,0.0
2017-07-24,2017-07-25,CDNS,buy,280.1234395827981,35.5,9944.382105189332,9.944382105189332,rebalance,rebalance,0.0
2017-07-24,2017-07-25,MU,buy,4.650620288990808,30.034225996151676,139.67778078183815,0.13967778078183815,rebalance,rebalance,0.0
2017-07-24,2017-07-25,NOW,buy,459.9196292892523,21.621999740600586,9944.382105189332,9.944382105189332,rebalance,rebalance,0.0
2017-08-21,2017-08-22,AMD,sell,695.8979798275531,12.199999809265137,8489.955221164142,8.489955221164143,rebalance,rebalance,-1472.8612213515432
2017-08-21,2017-08-22,ANET,sell,87.65680683041228,10.754375457763672,942.6942120829168,0.9426942120829168,rebalance,rebalance,207.9984794254555
2017-08-21,2017-08-22,AVGO,sell,504.2529692522312,19.64534752452452,9906.22482123346,9.90622482123346,rebalance,rebalance,-58.00789088229508
2017-08-21,2017-08-22,CDNS,sell,280.1234395827981,37.06999969482422,10384.175819847436,10.384175819847437,rebalance,rebalance,419.465156733067
2017-08-21,2017-08-22,NOW,sell,459.9196292892523,21.799999237060547,10026.24756761487,10.02624756761487,rebalance,rebalance,61.8948327527352
2017-08-21,2017-08-22,SHOP,sell,21.449561886070796,9.690999984741211,207.86770391061773,0.20786770391061773,rebalance,rebalance,51.587052844832954
2017-08-21,2017-08-22,ACLS,buy,67.60859652822904,20.299999237060547,1372.4544579417839,1.372454457941784,rebalance,rebalance,0.0
2017-08-21,2017-08-22,ADBE,buy,0.8456124127496452,150.13999938964844,126.96024713411087,0.1269602471341109,rebalance,rebalance,0.0
2017-08-21,2017-08-22,ADSK,buy,1.8311800871376533,110.30999755859375,201.99747094150004,0.20199747094150006,rebalance,rebalance,0.0
2017-08-21,2017-08-22,AMAT,buy,19.397264870847437,39.62355640781131,768.5886187672801,0.7685886187672801,rebalance,rebalance,0.0
2017-08-21,2017-08-22,EPAM,buy,10.524215084069866,81.1500015258789,854.0400701309474,0.8540400701309474,rebalance,rebalance,0.0
2017-08-21,2017-08-22,IT,buy,84.78311422237032,119.04000091552734,10092.581994652222,10.092581994652223,rebalance,rebalance,0.0
2017-08-21,2017-08-22,LITE,buy,49.604249827807536,51.25,2542.217803675136,2.542217803675136,rebalance,rebalance,0.0
2017-08-21,2017-08-22,LRCX,buy,31.43409820374643,14.104333034350706,443.356989700125,0.443356989700125,rebalance,rebalance,0.0
2017-08-21,2017-08-22,META,buy,60.50161754806388,166.81507707846725,10092.581994652222,10.092581994652223,rebalance,rebalance,0.0
2017-08-21,2017-08-22,MU,buy,15.628981081441736,29.10784562556872,454.9259686035401,0.4549259686035401,rebalance,rebalance,0.0
2017-08-21,2017-08-22,ORCL,buy,234.80358764804112,42.98308256592953,10092.581994652222,10.092581994652223,rebalance,rebalance,0.0
2017-08-21,2017-08-22,VEEV,buy,8.361556043551928,63.47999954223633,530.7915738170598,0.5307915738170598,rebalance,rebalance,0.0
2017-08-21,2017-08-22,WDC,buy,175.15664931929354,57.62031891952002,10092.581994652222,10.092581994652223,rebalance,rebalance,0.0
2017-09-19,2017-09-20,ACLS,sell,497.17154551546844,24.850000381469727,12354.713095715284,12.354713095715285,rebalance,rebalance,1014.2049829253243
2017-09-19,2017-09-20,AMAT,sell,254.71166421251857,43.938373474080166,11191.61623037414,11.19161623037414,rebalance,rebalance,1624.8357691283838
2017-09-19,2017-09-20,EPAM,sell,124.36946155119513,83.25,10353.757674136994,10.353757674136995,rebalance,rebalance,-196.87315503355396
2017-09-19,2017-09-20,IT,sell,84.78311422237032,123.66000366210938,10484.28021522335,10.48428021522335,rebalance,rebalance,371.1213583612541
2017-09-19,2017-09-20,LITE,sell,196.9284291639458,59.349998474121094,11687.701970391247,11.687701970391247,rebalance,rebalance,-432.2725310128131
2017-09-19,2017-09-20,ORCL,sell,234.80358764804112,42.00300022711643,9862.455145308424,9.862455145308424,rebalance,rebalance,-250.08188648375798
2017-09-19,2017-09-20,WDC,sell,175.15664931929354,58.80029089358528,10299.261931920166,10.299261931920165,rebalance,rebalance,186.2880933413725
2017-09-19,2017-09-20,ADBE,buy,42.804053521685475,151.99000549316406,6505.788329890664,6.505788329890664,rebalance,rebalance,0.0
2017-09-19,2017-09-20,ADSK,buy,56.40423859018786,113.06999969482422,6377.627240179334,6.377627240179334,rebalance,rebalance,0.0
2017-09-19,2017-09-20,ANET,buy,498.19773302167755,11.640000343322754,5799.021783414944,5.799021783414944,rebalance,rebalance,0.0
2017-09-19,2017-09-20,AVGO,buy,854.8602515801496,19.561945726046826,16722.72984476562,16.72272984476562,rebalance,rebalance,0.0
2017-09-19,2017-09-20,CDNS,buy,432.0002645381988,38.709999084472656,16722.72984476562,16.72272984476562,rebalance,rebalance,0.0
2017-09-19,2017-09-20,CTSH,buy,263.2343974701283,63.52790518823935,16722.72984476562,16.72272984476562,rebalance,rebalance,0.0
2017-09-19,2017-09-20,LRCX,buy,345.6294095031046,15.758387923609607,5446.562312758044,5.446562312758044,rebalance,rebalance,0.0
2017-09-19,2017-09-20,META,buy,37.29306028962861,170.99836324958235,6377.052270094488,6.377052270094489,rebalance,rebalance,0.0
2017-09-19,2017-09-20,MU,buy,129.23678797875016,35.13418944057273,4540.629791536541,4.540629791536541,rebalance,rebalance,0.0
2017-09-19,2017-09-20,NOW,buy,718.2069043047785,23.284000396728516,16722.72984476562,16.72272984476562,rebalance,rebalance,0.0
2017-09-19,2017-09-20,PANW,buy,702.6357302871488,23.799999237060547,16722.72984476562,16.72272984476562,rebalance,rebalance,0.0
2017-09-19,2017-09-20,SHOP,buy,320.1254550353458,12.281999588012695,3931.7807068564935,3.9317807068564936,rebalance,rebalance,0.0
2017-09-19,2017-09-20,TEAM,buy,458.53384384513095,36.470001220703125,16722.72984476562,16.72272984476562,rebalance,rebalance,0.0
2017-09-19,2017-09-20,UI,buy,356.9528632149557,46.84856620605185,16722.72984476562,16.72272984476562,rebalance,rebalance,0.0
2017-09-19,2017-09-20,VEEV,buy,137.77702478139875,56.349998474121094,7763.735136200764,7.763735136200764,rebalance,rebalance,0.0
2017-10-17,2017-10-18,ADBE,sell,110.02519402841753,150.3300018310547,16540.087619754155,16.540087619754154,rebalance,rebalance,179.66192570380198
2017-10-17,2017-10-18,ADSK,sell,27.34091519026093,118.5,3239.89845004592,3.2398984500459203,rebalance,rebalance,231.1676968815576
2017-10-17,2017-10-18,ANET,sell,239.55886972625058,11.93375015258789,2858.8356981494253,2.8588356981494254,rebalance,rebalance,578.1364123463497
2017-10-17,2017-10-18,AVGO,sell,854.8602515801496,19.059858858136373,16293.515738548602,16.293515738548603,rebalance,rebalance,-462.23035180033304
2017-10-17,2017-10-18,CDNS,sell,432.0002645381988,41.79999923706055,18057.610728106665,18.057610728106667,rebalance,rebalance,1300.1005427681732
2017-10-17,2017-10-18,CTSH,sell,42.52154049704595,64.7262380585637,2752.259352828653,2.752259352828653,rebalance,rebalance,45.50139592845536
2017-10-17,2017-10-18,LRCX,sell,245.11717162503624,17.505566548631446,4290.914960094387,4.290914960094388,rebalance,rebalance,1250.6024237660606
2017-10-17,2017-10-18,META,sell,97.79467783769249,175.11226349231615,17125.047393660177,17.12504739366018,rebalance,rebalance,621.8184472550585
2017-10-17,2017-10-18,MU,sell,118.99482051499245,40.01963330800022,4762.1290825613005,4.762129082561301,rebalance,rebalance,1888.8934232910947
2017-10-17,2017-10-18,NOW,sell,138.4685385866519,24.642000198364258,3412.141755319485,3.4121417553194853,rebalance,rebalance,181.4040046707594
2017-10-17,2017-10-18,PANW,sell,129.3647479722074,24.920000076293945,3223.7695293371553,3.2237695293371553,rebalance,rebalance,138.58597586371127
2017-10-17,2017-10-18,TEAM,sell,458.53384384513095,39.75,18226.720292843955,18.226720292843954,rebalance,rebalance,1469.0409979407254
2017-10-17,2017-10-18,UI,sell,356.9528632149557,55.57816866531873,19838.786437329254,19.838786437329254,rebalance,rebalance,3079.495076281539
2017-10-17,2017-10-18,VEEV,sell,296.76540013475926,59.79999923706055,17746.57070164457,17.746570701644572,rebalance,rebalance,1241.602049379532
2017-10-17,2017-10-18,ACLS,buy,458.61679287235535,31.149999618530273,14285.912923025446,14.285912923025446,rebalance,rebalance,0.0
2017-10-17,2017-10-18,AMAT,buy,284.44190578375407,50.224360871376874,14285.912923025446,14.285912923025446,rebalance,rebalance,0.0
2017-10-17,2017-10-18,COHR,buy,351.0052249442189,40.70000076293945,14285.912923025444,14.285912923025444,rebalance,rebalance,0.0
2017-10-17,2017-10-18,INTU,buy,104.69106047923232,136.45781079712492,14285.912923025446,14.285912923025446,rebalance,rebalance,0.0
2017-10-17,2017-10-18,LITE,buy,254.6508611691947,56.099998474121094,14285.912923025446,14.285912923025446,rebalance,rebalance,0.0
2017-10-17,2017-10-18,MCHP,buy,369.5562915266327,38.656933329454375,14285.912923025446,14.285912923025446,rebalance,rebalance,0.0
2017-10-17,2017-10-18,MRVL,buy,817.828124372451,17.468111571716296,14285.912923025446,14.285912923025446,rebalance,rebalance,0.0
2017-10-17,2017-10-18,SHOP,buy,125.46747071337973,9.607000350952148,1205.3660351765175,1.2053660351765174,rebalance,rebalance,0.0
2017-11-14,2017-11-15,ACLS,sell,28.35441000016118,34.45000076293945,976.8094461382508,0.9768094461382508,rebalance,rebalance,91.70953614275214
2017-11-14,2017-11-15,ADSK,sell,0.8941694803581015,123.87000274658203,110.76077598786786,0.11076077598786786,rebalance,rebalance,12.357102298042768
2017-11-14,2017-11-15,ANET,sell,147.71840584072947,14.125,2086.522482500304,2.0865224825003037,rebalance,rebalance,679.8586198695067
2017-11-14,2017-11-15,COHR,sell,32.58332030087047,46.54999923706055,1516.7535351464198,1.5167535351464199,rebalance,rebalance,187.76947934564038
2017-11-14,2017-11-15,CTSH,sell,220.71285697308232,65.54840604214051,14467.375967592485,14.467375967592485,rebalance,rebalance,417.4617145618758
2017-11-14,2017-11-15,INTU,sell,104.69106047923232,145.4637582394475,15228.755111382425,15.228755111382425,rebalance,rebalance,913.3275203225729
2017-11-14,2017-11-15,LITE,sell,254.6508611691947,55.349998474121094,14094.92477714855,14.09492477714855,rebalance,rebalance,-219.36898357706906
2017-11-14,2017-11-15,LRCX,sell,21.439563248383706,18.653180122684752,399.9160350237935,0.39991603502379347,rebalance,rebalance,133.96565941363855
2017-11-14,2017-11-15,MCHP,sell,369.5562915266327,38.180002917757136,14109.660288762345,14.109660288762345,rebalance,rebalance,-204.64820747488767
2017-11-14,2017-11-15,MRVL,sell,817.828124372451,18.908776451419627,15464.129179442483,15.464129179442484,rebalance,rebalance,1148.4662143145724
2017-11-14,2017-11-15,MU,sell,20.604692033689105,44.06644825420412,907.9755952963727,0.9079755952963727,rebalance,rebalance,410.373617050274
2017-11-14,2017-11-15,NOW,sell,579.7383657181266,24.691999435424805,14314.89939900608,14.31489939900608,rebalance,rebalance,788.4575338900964
2017-11-14,2017-11-15,SHOP,sell,1487.031581258303,9.723999977111816,14459.895062120288,14.459895062120287,rebalance,rebalance,1725.3634181226628
2017-11-14,2017-11-15,AMAT,buy,5.750913826515728,51.0782432112482,293.7465751177004,0.2937465751177004,rebalance,rebalance,0.0
2017-11-14,2017-11-15,AMD,buy,1346.2796648567007,11.010000228881836,14822.539418211236,14.822539418211235,rebalance,rebalance,0.0
2017-11-14,2017-11-15,CDNS,buy,332.9411335535238,44.52000045776367,14822.539418211236,14.822539418211235,rebalance,rebalance,0.0
2017-11-14,2017-11-15,DELL,buy,718.5036895300922,20.629733199985804,14822.539418211234,14.822539418211234,rebalance,rebalance,0.0
2017-11-14,2017-11-15,ENTG,buy,503.94546831103077,29.412982852864733,14822.539418211236,14.822539418211235,rebalance,rebalance,0.0
2017-11-14,2017-11-15,NVDA,buy,2834.1234864443954,5.23002596362064,14822.539418211236,14.822539418211235,rebalance,rebalance,0.0
2017-11-14,2017-11-15,ON,buy,699.1763624897172,21.200000762939453,14822.539418211238,14.822539418211239,rebalance,rebalance,0.0
2017-11-14,2017-11-15,PANW,buy,72.12259199334983,22.96666717529297,1656.415566130715,1.656415566130715,rebalance,rebalance,0.0
2017-11-14,2017-11-15,TWLO,buy,586.1027632114722,25.290000915527344,14822.539418211238,14.822539418211239,rebalance,rebalance,0.0
2017-12-13,2017-12-14,ACLS,sell,144.20118717179724,29.049999237060547,4189.044377323935,4.189044377323935,rebalance,rebalance,-311.50345937187825
2017-12-13,2017-12-14,ADSK,sell,119.66205771816887,105.94999694824219,12678.194650060372,12.678194650060371,rebalance,rebalance,-488.51359901746645
2017-12-13,2017-12-14,AMAT,sell,111.12079073617898,46.40634033745238,5156.709233469946,5.156709233469947,rebalance,rebalance,-436.88139210917166
2017-12-13,2017-12-14,AMD,sell,1346.2796648567007,10.100000381469727,13597.425128617613,13.597425128617614,rebalance,rebalance,-1253.5342541404507
2017-12-13,2017-12-14,ANET,sell,463.08276169404746,14.173749923706055,6563.619258230594,6.563619258230594,rebalance,rebalance,2153.84298590559
2017-12-13,2017-12-14,CDNS,sell,140.31068305696712,43.13999938964844,6053.002781438717,6.053002781438717,rebalance,rebalance,-205.92852694195608
2017-12-13,2017-12-14,COHR,sell,132.514133390266,44.70000076293945,5923.3818636451515,5.923381863645152,rebalance,rebalance,518.7398263673357
2017-12-13,2017-12-14,DELL,sell,315.13492900563335,20.60168840552853,6492.311613072414,6.492311613072414,rebalance,rebalance,-21.83135543072417
2017-12-13,2017-12-14,ENTG,sell,211.4092204884201,28.40700111081023,6005.501961250075,6.005501961250075,rebalance,rebalance,-224.8974936517378
2017-12-13,2017-12-14,LRCX,sell,280.037555685107,16.14857851858942,4522.208456134807,4.522208456134807,rebalance,rebalance,1049.140701813473
2017-12-13,2017-12-14,MU,sell,134.85558880310145,41.23855638238402,5561.249802336294,5.561249802336294,rebalance,rebalance,2304.8774230627546
2017-12-13,2017-12-14,NVDA,sell,2834.1234864443954,4.590902913340465,13011.185770684211,13.011185770684211,rebalance,rebalance,-1839.1873727159175
2017-12-13,2017-12-14,ON,sell,274.9763904569771,19.59000015258789,5386.787531010248,5.386787531010248,rebalance,rebalance,-453.9284436864909
2017-12-13,2017-12-14,PANW,sell,645.3935743082912,24.204999923706055,15621.751416892568,15.621751416892568,rebalance,rebalance,290.56489311255
2017-12-13,2017-12-14,TWLO,sell,586.1027632114722,25.31999969482422,14840.121785650106,14.840121785650107,rebalance,rebalance,-12.080293764990703
2017-12-13,2017-12-14,ADBE,buy,46.61773686148342,178.25999450683594,8310.077516849158,8.310077516849159,rebalance,rebalance,0.0
2017-12-13,2017-12-14,INTC,buy,227.92743029399662,36.45931297575831,8310.077516849158,8.310077516849159,rebalance,rebalance,0.0
2017-12-13,2017-12-14,TEAM,buy,180.4969016420354,46.040000915527344,8310.077516849158,8.310077516849159,rebalance,rebalance,0.0
2017-12-13,2017-12-14,TER,buy,212.34353428553567,39.135062646525896,8310.077516849158,8.310077516849159,rebalance,rebalance,0.0
2017-12-13,2017-12-14,UI,buy,138.08808692448108,60.17953975561883,8310.077516849158,8.310077516849159,rebalance,rebalance,0.0
2018-01-12,2018-01-16,ADBE,sell,46.61773686148342,195.9199981689453,9133.346920542206,9.133346920542206,rebalance,rebalance,805.825979255658
2018-01-12,2018-01-16,AMAT,sell,179.07202887409082,49.88225257892531,8932.516174118004,8.932516174118003,rebalance,rebalance,-82.22158335175175
2018-01-12,2018-01-16,COHR,sell,185.90777125308244,51.70000076293945,9611.431915620735,9.611431915620734,rebalance,rebalance,2027.8076054364508
2018-01-12,2018-01-16,ENTG,sell,292.5362478226107,31.424942547565824,9192.934780906018,9.192934780906018,rebalance,rebalance,570.7738414362295
2018-01-12,2018-01-16,LRCX,sell,514.6011772666567,17.117678484365577,8808.777500126645,8.808777500126645,rebalance,rebalance,2426.117840595784
2018-01-12,2018-01-16,TER,sell,212.34353428553567,43.17889750711485,9168.759703213673,9.168759703213674,rebalance,rebalance,841.2033491444522
2018-01-12,2018-01-16,ACLS,buy,314.3639808847626,29.350000381469727,9226.582958888124,9.226582958888125,rebalance,rebalance,0.0
2018-01-12,2018-01-16,ANET,buy,491.32096944643706,16.353124618530273,8034.63304105469,8.03463304105469,rebalance,rebalance,0.0
2018-01-12,2018-01-16,CDNS,buy,197.07496051856603,45.220001220703125,8911.729955219576,8.911729955219576,rebalance,rebalance,0.0
2018-01-12,2018-01-16,CSCO,buy,551.1061357770515,31.976561351419225,17622.47916181846,17.62247916181846,rebalance,rebalance,0.0
2018-01-12,2018-01-16,DELL,buy,389.0656461384524,22.23840738570401,8652.200338609064,8.652200338609063,rebalance,rebalance,0.0
2018-01-12,2018-01-16,EPAM,buy,157.3435639448077,112.0,17622.47916181846,17.62247916181846,rebalance,rebalance,0.0
2018-01-12,2018-01-16,INTC,buy,254.08723313639626,36.56004785498253,9289.44140280675,9.28944140280675,rebalance,rebalance,0.0
2018-01-12,2018-01-16,LDOS,buy,294.3592415969798,59.86725290570687,17622.47916181846,17.62247916181846,rebalance,rebalance,0.0
2018-01-12,2018-01-16,MRVL,buy,770.3441196735868,22.876113040605187,17622.47916181846,17.62247916181846,rebalance,rebalance,0.0
2018-01-12,2018-01-16,MU,buy,217.39812023599103,42.06741373678044,9145.376669565774,9.145376669565774,rebalance,rebalance,0.0
2018-01-12,2018-01-16,NTAP,buy,348.15272233080344,50.61709425633659,17622.47916181846,17.62247916181846,rebalance,rebalance,0.0
2018-01-12,2018-01-16,ON,buy,315.6186420559746,23.81999969482422,7518.035957454149,7.518035957454149,rebalance,rebalance,0.0
2018-01-12,2018-01-16,TEAM,buy,149.63570999525925,53.380001068115234,7987.55435937512,7.98755435937512,rebalance,rebalance,0.0
2018-01-12,2018-01-16,TXN,buy,197.49610024574432,89.22950448080148,17622.47916181846,17.62247916181846,rebalance,rebalance,0.0
2018-01-12,2018-01-16,UI,buy,118.68395634130863,68.6308327716857,8145.3787603424,8.1453787603424,rebalance,rebalance,0.0
2018-02-12,2018-02-13,ACLS,sell,271.2284088376733,23.350000381469727,6333.183449825099,6.333183449825099,rebalance,rebalance,-1874.495633414348
2018-02-12,2018-02-13,ANET,sell,646.0849875019139,17.8125,11508.388839877842,11.508388839877842,rebalance,rebalance,3332.5497442034225
2018-02-12,2018-02-13,CDNS,sell,389.7054110151227,39.130001068115234,15249.173149272037,15.249173149272037,rebalance,rebalance,-2271.201361082243
2018-02-12,2018-02-13,CSCO,sell,551.1061357770515,31.66383898257961,17450.135945556212,17.450135945556212,rebalance,rebalance,-207.41583136961992
2018-02-12,2018-02-13,DELL,sell,345.7499030875343,17.20844262775121,5949.817370832375,5.949817370832375,rebalance,rebalance,-1469.3464003758681
2018-02-12,2018-02-13,EPAM,sell,87.20263038019255,109.58999633789062,9556.53594401973,9.55653594401973,rebalance,rebalance,-229.48188910843513
2018-02-12,2018-02-13,INTC,sell,482.0146634303929,37.687077607476745,18165.724028643,18.165724028642998,rebalance,rebalance,530.4398660387941
2018-02-12,2018-02-13,LDOS,sell,294.3592415969798,56.69958476621478,16690.04677064665,16.690046770646653,rebalance,rebalance,-966.7449171042708
2018-02-12,2018-02-13,MRVL,sell,400.1880223830012,20.76622459753254,8310.394354047781,8.310394354047782,rebalance,rebalance,-861.8172242735692
2018-02-12,2018-02-13,MU,sell,231.4495440836158,41.004521291833775,9490.477758361843,9.490477758361843,rebalance,rebalance,1739.2225311084997
2018-02-12,2018-02-13,NTAP,sell,187.75485519810215,47.9229854479484,8997.773193440307,8.997773193440308,rebalance,rebalance,-524.3333876029433
2018-02-12,2018-02-13,ON,sell,378.76909215674226,21.290000915527344,8063.994318790504,8.063994318790504,rebalance,rebalance,-405.79112302915536
2018-02-12,2018-02-13,TEAM,sell,179.79534404674354,51.130001068115234,9192.936133152143,9.192936133152143,rebalance,rebalance,298.92399022756143
2018-02-12,2018-02-13,TXN,sell,101.28387286986103,79.89363578967694,8091.936850432618,8.091936850432617,rebalance,rebalance,-962.7023842800808
2018-02-12,2018-02-13,UI,sell,256.7720432657897,65.4859318767534,16814.95653315828,16.81495653315828,rebalance,rebalance,326.2298431563752
2018-02-12,2018-02-13,AKAM,buy,119.08201842095933,64.55000305175781,7686.7446524824045,7.686744652482405,rebalance,rebalance,0.0
2018-02-12,2018-02-13,COHR,buy,205.80307808602356,37.349998474121094,7686.7446524824045,7.686744652482405,rebalance,rebalance,0.0
2018-02-12,2018-02-13,ENTG,buy,259.9536684414336,29.569671774853965,7686.7446524824045,7.686744652482405,rebalance,rebalance,0.0
2018-02-12,2018-02-13,NVDA,buy,1374.0011105636574,5.594423900668512,7686.7446524824045,7.686744652482405,rebalance,rebalance,0.0
2018-02-12,2018-02-13,STX,buy,214.63717579613362,35.81273665184366,7686.7446524824045,7.686744652482405,rebalance,rebalance,0.0
2018-03-13,2018-03-14,ACLS,sell,329.1967677474862,26.350000381469727,8674.334955724862,8.674334955724863,rebalance,rebalance,-1288.5199643688723
2018-03-13,2018-03-14,COHR,sell,205.80307808602356,42.150001525878906,8674.600055356468,8.674600055356468,rebalance,rebalance,971.4940581662258
2018-03-13,2018-03-14,DELL,sell,446.68450357537694,19.757839880537464,8825.520898759662,8.825520898759661,rebalance,rebalance,-760.6545079887395
2018-03-13,2018-03-14,ENTG,sell,259.9536684414336,34.89796722205592,9071.854600522342,9.071854600522341,rebalance,rebalance,1368.3513487869325
2018-03-13,2018-03-14,MU,sell,187.46090456159655,57.845135163092934,10843.701362161217,10.843701362161218,rebalance,rebalance,4562.470615581512
2018-03-13,2018-03-14,AKAM,buy,72.81862149359718,73.12000274658203,5324.497803614143,5.324497803614143,rebalance,rebalance,0.0
2018-03-13,2018-03-14,AMZN,buy,175.72668235141967,79.8499984741211,14031.775317623222,14.031775317623222,rebalance,rebalance,0.0
2018-03-13,2018-03-14,ANET,buy,342.630372182015,18.125,6210.1754957990215,6.210175495799022,rebalance,rebalance,0.0
2018-03-13,2018-03-14,CSCO,buy,395.8426002010297,35.44786566806389,14031.775317623222,14.031775317623222,rebalance,rebalance,0.0
2018-03-13,2018-03-14,EPAM,buy,44.450946119581545,122.44999694824219,5443.018216689238,5.4430182166892385,rebalance,rebalance,0.0
2018-03-13,2018-03-14,INTC,buy,318.89921434235885,44.00065815953754,14031.775317623222,14.031775317623222,rebalance,rebalance,0.0
2018-03-13,2018-03-14,MRVL,buy,271.76054218721436,21.859186153887663,5940.46428095176,5.94046428095176,rebalance,rebalance,0.0
2018-03-13,2018-03-14,NOW,buy,400.0620058345073,35.07400131225586,14031.775317623222,14.031775317623222,rebalance,rebalance,0.0
2018-03-13,2018-03-14,NTAP,buy,107.00222214175804,52.474834079883244,5614.923853067562,5.6149238530675625,rebalance,rebalance,0.0
2018-03-13,2018-03-14,NVDA,buy,902.6016775601458,6.163471023940503,5563.1592858020485,5.563159285802048,rebalance,rebalance,0.0
2018-03-13,2018-03-14,ON,buy,171.46566267845634,26.350000381469727,4518.120276986284,4.518120276986284,rebalance,rebalance,0.0
2018-03-13,2018-03-14,QCOM,buy,290.45477489402197,48.30967341729185,14031.77531762322,14.03177531762322,rebalance,rebalance,0.0
2018-03-13,2018-03-14,STX,buy,107.59141015013367,43.54602890496831,4685.178656324021,4.685178656324021,rebalance,rebalance,0.0
2018-03-13,2018-03-14,TEAM,buy,82.47798396161178,60.27000045776367,4970.948131121767,4.970948131121767,rebalance,rebalance,0.0
2018-03-13,2018-03-14,TXN,buy,63.46783158513429,87.87431197685602,5577.1920332066475,5.577192033206647,rebalance,rebalance,0.0
2018-04-11,2018-04-12,AKAM,sell,90.04212653389524,72.12999725341797,6494.738339581777,6.494738339581777,rebalance,rebalance,377.10452397394175
2018-04-11,2018-04-12,AMZN,sell,73.64881578465624,71.9749984741211,5300.873403721458,5.300873403721458,rebalance,rebalance,-591.1661555359146
2018-04-11,2018-04-12,ANET,sell,335.536807187147,16.75,5620.241520384712,5.620241520384712,rebalance,rebalance,556.8447417555645
2018-04-11,2018-04-12,CSCO,sell,177.9278647949351,33.71527068462233,5998.886123898121,5.998886123898121,rebalance,rebalance,-320.5829751319263
2018-04-11,2018-04-12,EPAM,sell,49.91710513252232,113.5999984741211,5670.5830668870785,5.670583066887079,rebalance,rebalance,-133.94146525704193
2018-04-11,2018-04-12,INTC,sell,318.89921434235885,43.518905738755755,13878.144849128383,13.878144849128383,rebalance,rebalance,-181.54038866158953
2018-04-11,2018-04-12,MRVL,sell,641.9166394777999,21.263050828543136,13649.106132904059,13.649106132904059,rebalance,rebalance,-787.148175474529
2018-04-11,2018-04-12,NOW,sell,179.73410616260938,33.34600067138672,5993.413624769464,5.993413624769464,rebalance,rebalance,-322.8780585352047
2018-04-11,2018-04-12,NTAP,sell,131.58648775995573,54.096601580805135,7118.381801767817,7.118381801767817,rebalance,rebalance,346.15947088379266
2018-04-11,2018-04-12,NVDA,sell,983.7662478931027,5.682894984599744,5590.640276170222,5.590640276170222,rebalance,rebalance,-146.22819555649113
2018-04-11,2018-04-12,ON,sell,235.1839598998177,24.709999084472656,5811.395433807149,5.811395433807149,rebalance,rebalance,245.90379234848535
2018-04-11,2018-04-12,QCOM,sell,290.45477489402197,44.73684552363653,12994.030396036484,12.994030396036484,rebalance,rebalance,-1064.7707273003953
2018-04-11,2018-04-12,STX,sell,152.38023388261348,43.256553278956105,6591.443705603062,6.591443705603062,rebalance,rebalance,728.3830153864186
2018-04-11,2018-04-12,TEAM,sell,108.09866167922831,58.90999984741211,6368.0921430287935,6.368092143028794,rebalance,rebalance,601.9335509502073
2018-04-11,2018-04-12,TXN,sell,159.68005896101758,81.42658156764519,13002.20134571569,13.00220134571569,rebalance,rebalance,-1187.1244239878915
2018-04-11,2018-04-12,ADBE,buy,32.549416315130074,225.72000122070312,7347.054290384334,7.347054290384334,rebalance,rebalance,0.0
2018-04-11,2018-04-12,FTNT,buy,662.9718856766362,11.081999778747559,7347.054290384334,7.347054290384334,rebalance,rebalance,0.0
2018-04-11,2018-04-12,MU,buy,147.38618367852325,49.84900285097028,7347.054290384335,7.347054290384335,rebalance,rebalance,0.0
2018-04-11,2018-04-12,SHOP,buy,609.4106203687976,12.055999755859375,7347.054290384334,7.347054290384334,rebalance,rebalance,0.0
2018-05-09,2018-05-10,EPAM,sell,64.67477455167437,125.11000061035156,8091.461083634331,8.09146108363433,rebalance,rebalance,570.1219929258684
2018-05-09,2018-05-10,MU,sell,147.38618367852325,50.51210095212092,7444.785788917403,7.444785788917403,rebalance,rebalance,82.93965845376736
2018-05-09,2018-05-10,NVDA,sell,1292.8365402307006,6.372750852816729,8238.925164307828,8.238925164307828,rebalance,rebalance,698.8102283713246
2018-05-09,2018-05-10,ON,sell,297.33122471061114,23.399999618530273,6957.55054480544,6.95755054480544,rebalance,rebalance,-78.23047335223447
2018-05-09,2018-05-10,TEAM,sell,124.71658987293458,64.29000091552734,8018.029677112412,8.018029677112413,rebalance,rebalance,1364.7727668088942
2018-05-09,2018-05-10,ADBE,buy,26.01940004947071,240.4600067138672,6256.625110586523,6.256625110586524,rebalance,rebalance,0.0
2018-05-09,2018-05-10,AKAM,buy,80.26301310040279,77.33000183105469,6206.738950020114,6.206738950020115,rebalance,rebalance,0.0
2018-05-09,2018-05-10,AMZN,buy,73.03724018809409,80.42400360107422,5873.947267899802,5.873947267899802,rebalance,rebalance,0.0
2018-05-09,2018-05-10,ANET,buy,428.71145665159895,16.237499237060547,6961.2019502994535,6.961201950299453,rebalance,rebalance,0.0
2018-05-09,2018-05-10,CIEN,buy,531.8526518020386,26.479999542236328,14083.45797625516,14.083457976255161,rebalance,rebalance,0.0
2018-05-09,2018-05-10,CSCO,buy,170.56253035690105,36.252978532976165,6183.399751558829,6.183399751558829,rebalance,rebalance,0.0
2018-05-09,2018-05-10,FFIV,buy,81.41197484852202,172.99000549316406,14083.457976255158,14.08345797625516,rebalance,rebalance,0.0
2018-05-09,2018-05-10,FTNT,buy,532.3649390321361,11.781999588012695,6272.323492349032,6.272323492349032,rebalance,rebalance,0.0
2018-05-09,2018-05-10,HPE,buy,1026.4378104787781,13.720712382648863,14083.457976255158,14.08345797625516,rebalance,rebalance,0.0
2018-05-09,2018-05-10,NOW,buy,168.43865749684753,36.22600173950195,6101.8590994801725,6.101859099480173,rebalance,rebalance,0.0
2018-05-09,2018-05-10,NTAP,buy,108.69874822646537,57.59814582443327,6260.84635128131,6.26084635128131,rebalance,rebalance,0.0
2018-05-09,2018-05-10,PANW,buy,408.2161732247872,34.5,14083.457976255158,14.08345797625516,rebalance,rebalance,0.0
2018-05-09,2018-05-10,SHOP,buy,352.5741915153475,14.640000343322754,5161.6862848314295,5.16168628483143,rebalance,rebalance,0.0
2018-05-09,2018-05-10,STX,buy,162.1517889231983,42.42003613128855,6878.484744875146,6.878484744875147,rebalance,rebalance,0.0
2018-05-09,2018-05-10,TWLO,buy,268.56327889150833,52.439998626708984,14083.457976255158,14.08345797625516,rebalance,rebalance,0.0
2018-06-07,2018-06-08,ANET,sell,867.3415635402159,16.917499542236328,14673.250504154144,14.673250504154145,rebalance,rebalance,1078.6415161846235
2018-06-07,2018-06-08,CIEN,sell,531.8526518020386,24.260000228881836,12902.745454448868,12.902745454448869,rebalance,rebalance,-1207.6987252369934
2018-06-07,2018-06-08,CSCO,sell,388.47726576299567,34.298466117234994,13324.174337088201,13.324174337088202,rebalance,rebalance,-611.0698685939676
2018-06-07,2018-06-08,HPE,sell,1026.4378104787781,12.284187731105114,12608.954758225802,12.608954758225803,rebalance,rebalance,-1501.1956307638357
2018-06-07,2018-06-08,NTAP,sell,244.51234974096897,59.48611738144272,14545.090337903655,14.545090337903655,rebalance,rebalance,1281.0103889643253
2018-06-07,2018-06-08,ADBE,buy,12.251549983290012,246.86000061035156,3024.417636352725,3.024417636352725,rebalance,rebalance,0.0
2018-06-07,2018-06-08,AKAM,buy,42.01585403003395,78.0,3277.236614342648,3.277236614342648,rebalance,rebalance,0.0
2018-06-07,2018-06-08,AMZN,buy,32.87380219446419,84.05599975585938,2763.2403092320515,2.7632403092320517,rebalance,rebalance,0.0
2018-06-07,2018-06-08,CRM,buy,135.0431223671323,129.46024479748482,17482.715679865643,17.482715679865645,rebalance,rebalance,0.0
2018-06-07,2018-06-08,FFIV,buy,17.69077055673023,176.41000366210938,3120.828898698316,3.120828898698316,rebalance,rebalance,0.0
2018-06-07,2018-06-08,FTNT,buy,226.02215161341724,12.300000190734863,2780.0725079553363,2.780072507955336,rebalance,rebalance,0.0
2018-06-07,2018-06-08,LITE,buy,293.0882687786829,59.650001525878906,17482.715679865643,17.482715679865645,rebalance,rebalance,0.0
2018-06-07,2018-06-08,NOW,buy,103.15002216447243,35.540000915527344,3665.951882162016,3.665951882162016,rebalance,rebalance,0.0
2018-06-07,2018-06-08,NVDA,buy,2720.144750308635,6.427126967372603,17482.715679865643,17.482715679865645,rebalance,rebalance,0.0
2018-06-07,2018-06-08,PANW,buy,122.5281014786732,32.939998626708984,4036.075494440754,4.036075494440754,rebalance,rebalance,0.0
2018-06-07,2018-06-08,SHOP,buy,133.76672452856883,15.954999923706055,2134.2480796477244,2.1342480796477243,rebalance,rebalance,0.0
2018-06-07,2018-06-08,STX,buy,101.18943930616769,40.358116804286745,4083.8152108786,4.0838152108786,rebalance,rebalance,0.0
2018-06-07,2018-06-08,TEAM,buy,273.1674324979007,64.0,17482.715679865643,17.482715679865645,rebalance,rebalance,0.0
2018-06-07,2018-06-08,TWLO,buy,42.794071148955254,56.150001525878906,2402.887160312408,2.402887160312408,rebalance,rebalance,0.0
2018-06-07,2018-06-08,VEEV,buy,220.65776775378228,79.2300033569336,17482.715679865643,17.482715679865645,rebalance,rebalance,0.0
2018-07-06,2018-07-09,ADBE,sell,18.82289011564638,249.89999389648438,4703.840125014227,4.703840125014227,rebalance,rebalance,275.24174203722305
2018-07-06,2018-07-09,AKAM,sell,224.137380511098,75.80000305175781,16989.61412675423,16.98961412675423,rebalance,rebalance,566.0503514159568
2018-07-06,2018-07-09,AMZN,sell,57.24885981994734,86.20249938964844,4934.99480368708,4.93499480368708,rebalance,rebalance,304.52002245293266
2018-07-06,2018-07-09,CRM,sell,135.0431223671323,140.22404592580597,18936.292992772993,18.936292992772994,rebalance,rebalance,1417.1583042347147
2018-07-06,2018-07-09,FFIV,sell,26.003232609245913,177.75999450683594,4622.334485779531,4.622334485779531,rebalance,rebalance,99.0236050997123
2018-07-06,2018-07-09,FTNT,sell,426.24721492935896,13.057999610900879,5565.935966695152,5.565935966695152,rebalance,rebalance,637.4685333904649
2018-07-06,2018-07-09,LITE,sell,293.0882687786829,57.54999923706055,16867.2296446046,16.8672296446046,rebalance,rebalance,-649.8359805855133
2018-07-06,2018-07-09,NOW,sell,137.33029363945008,36.645999908447266,5032.605928138323,5.032605928138323,rebalance,rebalance,138.37550724143145
2018-07-06,2018-07-09,NVDA,sell,2720.144750308635,6.189041043467061,16835.0875038316,16.835087503831602,rebalance,rebalance,-681.9459792177377
2018-07-06,2018-07-09,PANW,sell,163.55633099553734,35.38833236694336,5787.985801987876,5.787985801987876,rebalance,rebalance,192.82432762749235
2018-07-06,2018-07-09,SHOP,sell,277.427383108567,15.878999710083008,4405.269335950024,4.405269335950024,rebalance,rebalance,689.7778811971237
2018-07-06,2018-07-09,STX,sell,136.2021036542938,43.75325565958926,5959.285462560193,5.959285462560193,rebalance,rebalance,450.6891259156353
2018-07-06,2018-07-09,TEAM,sell,75.50741705345561,65.73999786376953,4963.857435792927,4.963857435792928,rebalance,rebalance,121.58641224455428
2018-07-06,2018-07-09,TWLO,sell,92.85779183721192,59.470001220703125,5522.25299391079,5.52225299391079,rebalance,rebalance,595.0017685527479
2018-07-06,2018-07-09,VEEV,sell,58.93817547207743,80.3499984741211,4735.682309248903,4.7356823092489035,rebalance,rebalance,56.6051145949141
2018-07-06,2018-07-09,INTC,buy,296.0110916999649,43.89757464305184,12994.16899307047,12.99416899307047,rebalance,rebalance,0.0
2018-07-06,2018-07-09,INTU,buy,65.8384522965639,197.36443582451335,12994.168993070469,12.994168993070469,rebalance,rebalance,0.0
2018-07-06,2018-07-09,KEYS,buy,216.56948321784117,60.0,12994.16899307047,12.99416899307047,rebalance,rebalance,0.0
2018-07-06,2018-07-09,NTAP,buy,202.0461721597551,64.31286895549876,12994.16899307047,12.99416899307047,rebalance,rebalance,0.0
2018-08-03,2018-08-06,ADBE,sell,5.228330626180593,252.74000549316406,1321.4083111809612,1.3214083111809611,rebalance,rebalance,91.28605542924996
2018-08-03,2018-08-06,AMZN,sell,150.74004912937437,91.29049682617188,13761.133976622143,13.761133976622142,rebalance,rebalance,1568.0194572797984
2018-08-03,2018-08-06,FFIV,sell,4.251973921859047,171.69000244140625,730.0214130247756,0.7300214130247756,rebalance,rebalance,-9.59158298382226
2018-08-03,2018-08-06,FTNT,sell,190.89117667372216,14.697999954223633,2805.7185060120637,2.805718506012064,rebalance,rebalance,598.2333748055629
2018-08-03,2018-08-06,INTC,sell,296.0110916999649,41.71000487782899,12346.624078697021,12.34662407869702,rebalance,rebalance,-672.8857074452168
2018-08-03,2018-08-06,INTU,sell,4.576672828262815,192.94957182077044,883.0670625770647,0.8830670625770647,rebalance,rebalance,-21.991727639686136
2018-08-03,2018-08-06,KEYS,sell,17.67272978205642,59.43000030517578,1050.2903363409023,1.0502903363409024,rebalance,rebalance,-12.184104705747245
2018-08-03,2018-08-06,NOW,sell,354.5862856937678,36.2239990234375,12844.533266695376,12.844533266695377,rebalance,rebalance,207.798932512661
2018-08-03,2018-08-06,NTAP,sell,22.859982734420015,65.96732792463676,1508.0119773930198,1.5080119773930198,rebalance,rebalance,34.842700417984446
2018-08-03,2018-08-06,PANW,sell,23.737086158282068,34.41666793823242,816.9514121308071,0.816951412130807,rebalance,rebalance,4.943360617828991
2018-08-03,2018-08-06,SHOP,sell,818.3241533041469,14.190999984741211,11612.838047052514,11.612838047052513,rebalance,rebalance,654.6797509040599
2018-08-03,2018-08-06,STX,sell,296.987476638726,39.90379860673534,11850.928456514239,11.85092845651424,rebalance,rebalance,-159.37366207396673
2018-08-03,2018-08-06,TEAM,sell,197.66001544444507,74.3499984741211,14696.021846689242,14.696021846689243,rebalance,rebalance,2018.434595409626
2018-08-03,2018-08-06,TWLO,sell,28.001020528376415,62.04999923706055,1737.4633024226732,1.7374633024226733,rebalance,rebalance,251.59153801741627
2018-08-03,2018-08-06,VEEV,sell,12.131707954398422,79.0199966430664,958.6475218312253,0.9586475218312253,rebalance,rebalance,-4.467582904883092
2018-08-03,2018-08-06,AMD,buy,625.75089991081,18.889999389648438,11820.43411738716,11.82043411738716,rebalance,rebalance,0.0
2018-08-03,2018-08-06,CRM,buy,85.34980476265524,138.4939795733333,11820.43411738716,11.82043411738716,rebalance,rebalance,0.0
2018-08-03,2018-08-06,DELL,buy,499.3062016207947,23.67371780886543,11820.43411738716,11.82043411738716,rebalance,rebalance,0.0
2018-08-03,2018-08-06,LITE,buy,215.30844788438145,54.900001525878906,11820.43411738716,11.82043411738716,rebalance,rebalance,0.0
2018-08-03,2018-08-06,MU,buy,232.1297653183728,50.92166487643274,11820.43411738716,11.82043411738716,rebalance,rebalance,0.0
2018-08-03,2018-08-06,VRSN,buy,79.64382842212693,148.41619685503673,11820.43411738716,11.82043411738716,rebalance,rebalance,0.0
2018-08-31,2018-09-04,CRM,sell,85.34980476265524,149.52317781913152,12761.774034354657,12.761774034354659,rebalance,rebalance,916.7577088157572
2018-08-31,2018-09-04,FFIV,sell,68.84753887414729,188.75999450683594,12995.661059693217,12.995661059693218,rebalance,rebalance,1018.7457575947074
2018-08-31,2018-09-04,LITE,sell,215.30844788438145,67.94999694824219,14630.208376674482,14.630208376674481,rebalance,rebalance,2783.3236167932605
2018-08-31,2018-09-04,MU,sell,232.1297653183728,50.843648138862676,11802.324110404115,11.802324110404115,rebalance,rebalance,-41.7327652108346
2018-08-31,2018-09-04,PANW,sell,343.450857549641,38.401668548583984,13189.085994348246,13.189085994348247,rebalance,rebalance,1438.8084928465346
2018-08-31,2018-09-04,VEEV,sell,149.58788432730643,104.20999908447266,15588.553288796804,15.588553288796804,rebalance,rebalance,3709.264309521517
2018-08-31,2018-09-04,AAPL,buy,366.579939484448,53.95918125564201,19780.35339932361,19.78035339932361,rebalance,rebalance,0.0
2018-08-31,2018-09-04,ADBE,buy,28.25020582558819,263.6700134277344,7448.732149369098,7.448732149369098,rebalance,rebalance,0.0
2018-08-31,2018-09-04,AMD,buy,146.31595221172404,25.6200008392334,3748.6148184576036,3.748614818457604,rebalance,rebalance,0.0
2018-08-31,2018-09-04,AMZN,buy,195.21691581621866,101.32499694824219,19780.35339932361,19.78035339932361,rebalance,rebalance,0.0
2018-08-31,2018-09-04,BAH,buy,447.58499357331647,44.19351337364151,19780.35339932361,19.78035339932361,rebalance,rebalance,0.0
2018-08-31,2018-09-04,CDW,buy,249.3233425168609,79.3361471880072,19780.35339932361,19.78035339932361,rebalance,rebalance,0.0
2018-08-31,2018-09-04,DELL,buy,308.3162669430401,24.49207912020858,7551.306404016287,7.551306404016287,rebalance,rebalance,0.0
2018-08-31,2018-09-04,FTNT,buy,357.9623099529538,17.020000457763672,6092.518679261415,6.092518679261415,rebalance,rebalance,0.0
2018-08-31,2018-09-04,INTU,buy,34.07583263255384,207.47691245296284,7069.948543866188,7.069948543866188,rebalance,rebalance,0.0
2018-08-31,2018-09-04,KEYS,buy,105.88526404130553,64.9000015258789,6871.95379784882,6.871953797848819,rebalance,rebalance,0.0
2018-08-31,2018-09-04,NTAP,buy,101.51196518073547,70.46841268722693,7153.387055047478,7.153387055047478,rebalance,rebalance,0.0
2018-08-31,2018-09-04,TEAM,buy,219.29439100395766,90.19999694824219,19780.35339932361,19.78035339932361,rebalance,rebalance,0.0
2018-08-31,2018-09-04,TWLO,buy,49.933627226527705,82.2699966430664,4108.039344302563,4.108039344302563,rebalance,rebalance,0.0
2018-08-31,2018-09-04,UI,buy,238.24411335246896,83.02557037394529,19780.35339932361,19.78035339932361,rebalance,rebalance,0.0
2018-08-31,2018-09-04,VRSN,buy,47.21838669682933,155.91997491747998,7362.289669413499,7.362289669413499,rebalance,rebalance,0.0
2018-10-01,2018-10-02,AAPL,sell,36.584598692880434,53.685147592248526,1964.0495804304685,1.9640495804304685,rebalance,rebalance,-13.963536176054687
2018-10-01,2018-10-02,ADBE,sell,75.01935143165201,274.7099914550781,20608.565390754626,20.608565390754627,rebalance,rebalance,2139.74619977702
2018-10-01,2018-10-02,AMD,sell,195.56672719410994,30.729999542236328,6009.7654371516555,6.009765437151656,rebalance,rebalance,2056.1276580586477
2018-10-01,2018-10-02,AMZN,sell,18.057537996321827,99.99949645996094,1805.7447069387947,1.8057447069387949,rebalance,rebalance,-27.570700120590566
2018-10-01,2018-10-02,BAH,sell,35.261710772144966,42.96591852585852,1515.0517921183682,1.5150517921183682,rebalance,rebalance,-46.36048514660348
2018-10-01,2018-10-02,CDW,sell,249.3233425168609,79.18277680551245,19742.11458291693,19.74211458291693,rebalance,rebalance,-77.76128438892135
2018-10-01,2018-10-02,DELL,sell,89.22795731036626,24.660333977550444,2200.391227408246,2.2003912274082458,rebalance,rebalance,55.81688739217484
2018-10-01,2018-10-02,FTNT,sell,203.01401358063515,18.469999313354492,3749.668691435671,3.749668691435671,rebalance,rebalance,1058.08711137506
2018-10-01,2018-10-02,INTU,sell,95.33761210085493,214.95754373773255,20493.538923020504,20.493538923020505,rebalance,rebalance,1293.0394527780632
2018-10-01,2018-10-02,KEYS,sell,304.7820174770903,65.94999694824219,20100.3731224932,20.100373122493203,rebalance,rebalance,1255.7079863708082
2018-10-01,2018-10-02,NTAP,sell,26.783709956499735,69.77093642545397,1868.7245246127413,1.8687245246127413,rebalance,rebalance,82.91327275134084
2018-10-01,2018-10-02,TEAM,sell,32.1815000233141,94.68000030517578,3046.9444320283933,3.0469444320283934,rebalance,rebalance,138.22351249968494
2018-10-01,2018-10-02,TWLO,sell,26.988206164660113,83.0,2240.0211116667892,2.240021111666789,rebalance,rebalance,642.8258516480877
2018-10-01,2018-10-02,UI,sell,238.24411335246896,90.47777745109953,21555.797866939214,21.555797866939216,rebalance,rebalance,1734.1083163493465
2018-10-01,2018-10-02,VRSN,sell,14.086192422265526,157.08878670775738,2212.7828769456974,2.212782876945697,rebalance,rebalance,78.47938661214141
2018-10-01,2018-10-02,CDNS,buy,393.16129683144203,45.060001373291016,17715.848575149656,17.715848575149657,rebalance,rebalance,0.0
2018-10-01,2018-10-02,CRM,buy,113.15591706587257,156.5613980649068,17715.848575149656,17.715848575149657,rebalance,rebalance,0.0
2018-10-01,2018-10-02,FFIV,buy,93.33464413369917,189.80999755859375,17715.848575149656,17.715848575149657,rebalance,rebalance,0.0
2018-10-01,2018-10-02,MPWR,buy,151.96975865812323,116.57482864734872,17715.848575149656,17.715848575149657,rebalance,rebalance,0.0
2018-10-01,2018-10-02,VEEV,buy,168.16183039149735,105.3499984741211,17715.848575149656,17.715848575149657,rebalance,rebalance,0.0
2018-10-11,2018-10-12,AAPL,sell,329.99534079156757,52.07165051880588,17183.402058532753,17.183402058532753,market_trend_exit,risk_exit,-657.8660292226162
2018-10-11,2018-10-12,AMD,sell,576.500124928424,26.770000457763672,15432.908608234726,15.432908608234726,market_trend_exit,risk_exit,3780.48572850174
2018-10-11,2018-10-12,AMZN,sell,177.15937781989683,90.4000015258789,16015.208025242431,16.01520802524243,market_trend_exit,risk_exit,-1969.4312731532948
2018-10-11,2018-10-12,BAH,sell,412.3232828011715,41.340643858593225,17045.709988889248,17.04570998888925,market_trend_exit,risk_exit,-1211.5722483497182
2018-10-11,2018-10-12,CDNS,sell,393.16129683144203,39.849998474121094,15667.477078816435,15.667477078816436,market_trend_exit,risk_exit,-2081.7548219871833
2018-10-11,2018-10-12,CRM,sell,113.15591706587257,143.29100170800498,16214.224705556817,16.214224705556816,market_trend_exit,risk_exit,-1535.553942873544
2018-10-11,2018-10-12,DELL,sell,718.3945112534685,23.785893259256234,17087.655162710555,17.087655162710554,market_trend_exit,risk_exit,-178.17080558834354
2018-10-11,2018-10-12,FFIV,sell,93.33464413369917,167.5399932861328,15637.285651523554,15.637285651523555,market_trend_exit,risk_exit,-2111.9160578527726
2018-10-11,2018-10-12,FTNT,sell,959.1688810914271,15.928000450134277,15277.642369779041,15.277642369779041,market_trend_exit,risk_exit,2563.316609896854
2018-10-11,2018-10-12,MPWR,sell,151.96975865812323,107.3334563659587,16311.439459876943,16.311439459876944,market_trend_exit,risk_exit,-1438.436403307736
2018-10-11,2018-10-12,NTAP,sell,253.9144446495708,61.83571076569913,15700.980158583983,15.700980158583983,market_trend_exit,risk_exit,-1226.8206334062377
2018-10-11,2018-10-12,TEAM,sell,187.11289098064356,81.22000122070312,15197.30923385716,15.19730923385716,market_trend_exit,risk_exit,-1712.347853002947
2018-10-11,2018-10-12,TWLO,sell,213.44395873674284,76.0199966430664,16226.009026649996,16.226009026649997,market_trend_exit,risk_exit,3595.6226646463483
2018-10-11,2018-10-12,VEEV,sell,168.16183039149735,93.0,15639.050226409254,15.639050226409255,market_trend_exit,risk_exit,-2110.15324754196
2018-10-11,2018-10-12,VRSN,sell,112.77602269669073,139.07573742941642,15684.408520898867,15.684408520898868,market_trend_exit,risk_exit,-1401.0916907528808
2019-02-26,2019-02-27,ADSK,buy,96.00424697273985,162.58999633789062,15609.33016371972,15.60933016371972,rebalance,rebalance,0.0
2019-02-26,2019-02-27,AVGO,buy,692.1090333130991,22.553281943162137,15609.33016371972,15.60933016371972,rebalance,rebalance,0.0
2019-02-26,2019-02-27,CIEN,buy,361.99746174338406,43.119998931884766,15609.330163719716,15.609330163719717,rebalance,rebalance,0.0
2019-02-26,2019-02-27,GEN,buy,1393.4736741433817,11.201740264892578,15609.330163719718,15.609330163719719,rebalance,rebalance,0.0
2019-02-26,2019-02-27,KEYS,buy,184.7258007540795,84.5,15609.330163719718,15.609330163719719,rebalance,rebalance,0.0
2019-02-26,2019-02-27,LSCC,buy,1299.6944101784575,12.010000228881836,15609.330163719716,15.609330163719717,rebalance,rebalance,0.0
2019-02-26,2019-02-27,MDB,buy,160.60633575073985,97.19000244140625,15609.330163719718,15.609330163719719,rebalance,rebalance,0.0
2019-02-26,2019-02-27,NOW,buy,330.98664576387347,47.15999984741211,15609.330163719718,15.609330163719719,rebalance,rebalance,0.0
2019-02-26,2019-02-27,ORCL,buy,331.6402688928537,47.067053153194664,15609.330163719716,15.609330163719717,rebalance,rebalance,0.0
2019-02-26,2019-02-27,SHOP,buy,842.9729435925915,18.517000198364258,15609.330163719718,15.609330163719719,rebalance,rebalance,0.0
2019-02-26,2019-02-27,TEAM,buy,148.23674939541368,105.30000305175781,15609.330163719718,15.609330163719719,rebalance,rebalance,0.0
2019-02-26,2019-02-27,TWLO,buy,134.0892506886884,116.41000366210938,15609.330163719718,15.609330163719719,rebalance,rebalance,0.0
2019-02-26,2019-02-27,UI,buy,114.10820217744072,136.79411178038606,15609.330163719718,15.609330163719719,rebalance,rebalance,0.0
2019-02-26,2019-02-27,VEEV,buy,131.35849468311983,118.83000183105469,15609.330163719716,15.609330163719717,rebalance,rebalance,0.0
2019-02-26,2019-02-27,VRSN,buy,89.55116346514431,174.30627989322866,15609.330163719718,15.609330163719719,rebalance,rebalance,0.0
2019-03-26,2019-03-27,ADSK,sell,96.00424697273985,155.64999389648438,14943.060455343537,14.943060455343538,rebalance,rebalance,-696.8220989952459
2019-03-26,2019-03-27,AVGO,sell,692.1090333130991,24.782702034187846,17152.331947768325,17.152331947768324,rebalance,rebalance,1510.2401219371177
2019-03-26,2019-03-27,CIEN,sell,36.72961692567742,37.29999923706055,1370.0146833052938,1.370014683305294,rebalance,rebalance,-216.72015502436184
2019-03-26,2019-03-27,GEN,sell,1393.4736741433817,11.468802267556741,15981.47403379624,15.981474033796239,rebalance,rebalance,340.5530658790074
2019-03-26,2019-03-27,KEYS,sell,43.040751674429885,85.62999725341797,3685.579447666476,3.685579447666476,rebalance,rebalance,41.31340821299518
2019-03-26,2019-03-27,LSCC,sell,306.85561325339813,12.220000267028809,3749.775675895814,3.749775675895814,rebalance,rebalance,57.00457882752403
2019-03-26,2019-03-27,MDB,sell,80.06670210298176,150.63999938964844,12061.247955924337,12.061247955924337,rebalance,rebalance,4259.722052131405
2019-03-26,2019-03-27,NOW,sell,83.20275985544663,48.9640007019043,4073.9399919624634,4.0739399919624635,rebalance,rebalance,142.10006774128465
2019-03-26,2019-03-27,ORCL,sell,331.6402688928537,47.74814952770466,15835.20914850416,15.83520914850416,rebalance,rebalance,194.43444547222055
2019-03-26,2019-03-27,SHOP,sell,253.04343019463386,20.56599998474121,5204.091181521703,5.2040911815217035,rebalance,rebalance,508.5962379842664
2019-03-26,2019-03-27,TEAM,sell,39.327501663291045,111.4000015258789,4381.0837452996275,4.381083745299628,rebalance,rebalance,231.37543034660817
2019-03-26,2019-03-27,TWLO,sell,42.4541228726973,132.39999389648438,5620.92560922572,5.62092560922572,rebalance,rebalance,668.2779999350786
2019-03-26,2019-03-27,UI,sell,24.51723530109301,135.42091113143016,3320.146342897679,3.320146342897679,rebalance,rebalance,-40.34104319528661
2019-03-26,2019-03-27,VEEV,sell,34.71606776690187,125.54000091552734,4358.25517924037,4.35825517924037,rebalance,rebalance,224.46121735685435
2019-03-26,2019-03-27,VRSN,sell,89.55116346514431,179.7377076043954,16095.720834531525,16.095720834531527,rebalance,rebalance,454.685619813558
2019-03-26,2019-03-27,CDNS,buy,194.58685902897787,62.349998474121094,12132.490363540786,12.132490363540787,rebalance,rebalance,0.0
2019-03-26,2019-03-27,ENTG,buy,355.87892678501197,34.091623443806995,12132.490363540786,12.132490363540787,rebalance,rebalance,0.0
2019-03-26,2019-03-27,EPAM,buy,71.37178640792902,169.99000549316406,12132.490363540786,12.132490363540787,rebalance,rebalance,0.0
2019-03-26,2019-03-27,LRCX,buy,735.279729043306,16.500509784659403,12132.490363540786,12.132490363540787,rebalance,rebalance,0.0
2019-03-26,2019-03-27,ON,buy,561.169745263108,21.6200008392334,12132.490363540786,12.132490363540787,rebalance,rebalance,0.0
2019-04-24,2019-04-25,CIEN,sell,325.26784481770665,39.84000015258789,12958.670987169367,12.958670987169368,rebalance,rebalance,-1093.8623540548865
2019-04-24,2019-04-25,ENTG,sell,355.87892678501197,38.02490924925132,13532.263894721036,13.532263894721037,rebalance,rebalance,1374.1087769219896
2019-04-24,2019-04-25,LRCX,sell,735.279729043306,18.59134469266045,13669.838888170081,13.669838888170082,rebalance,rebalance,1511.5461953775864
2019-04-24,2019-04-25,ANET,buy,733.504459851619,20.223125457763672,14833.752715408467,14.833752715408467,rebalance,rebalance,0.0
2019-04-24,2019-04-25,CDNS,buy,23.20425215116194,68.11000061035156,1580.4416281783913,1.5804416281783913,rebalance,rebalance,0.0
2019-04-24,2019-04-25,EPAM,buy,12.624545430890592,176.60000610351562,2229.494800149389,2.229494800149389,rebalance,rebalance,0.0
2019-04-24,2019-04-25,KEYS,buy,19.516355577499667,92.0199966430664,1795.8949747264096,1.7958949747264097,rebalance,rebalance,0.0
2019-04-24,2019-04-25,KLAC,buy,1280.3821669903564,11.585410276586735,14833.752715408467,14.833752715408467,rebalance,rebalance,0.0
2019-04-24,2019-04-25,LSCC,buy,127.53529460377354,13.239999771118164,1688.5672713634492,1.6885672713634492,rebalance,rebalance,0.0
2019-04-24,2019-04-25,MDB,buy,27.83085280939929,136.8800048828125,3809.487268443411,3.809487268443411,rebalance,rebalance,0.0
2019-04-24,2019-04-25,NOW,buy,36.365855930740224,52.20399856567383,1898.4430908478637,1.8984430908478638,rebalance,rebalance,0.0
2019-04-24,2019-04-25,ON,buy,81.54051316164805,23.079999923706055,1881.9550375497895,1.8819550375497895,rebalance,rebalance,0.0
2019-04-24,2019-04-25,SHOP,buy,82.22384884358144,22.069000244140625,1814.5981402031805,1.8145981402031806,rebalance,rebalance,0.0
2019-04-24,2019-04-25,TEAM,buy,33.7229899160357,104.0,3507.190951267713,3.507190951267713,rebalance,rebalance,0.0
2019-04-24,2019-04-25,TWLO,buy,21.401168749974218,131.22999572753906,2808.4752836234593,2.8084752836234594,rebalance,rebalance,0.0
2019-04-24,2019-04-25,UI,buy,4.756320411354849,157.2250049985479,747.8125004499616,0.7478125004499616,rebalance,rebalance,0.0
2019-04-24,2019-04-25,VEEV,buy,11.317932431279914,137.39999389648438,1555.0838469786827,1.5550838469786827,rebalance,rebalance,0.0
2019-04-24,2019-04-25,ZS,buy,225.26580196107523,65.8499984741211,14833.752715408467,14.833752715408467,rebalance,rebalance,0.0
2019-05-22,2019-05-23,ANET,sell,733.504459851619,15.566875457763672,11418.372574224366,11.418372574224366,rebalance,rebalance,-3441.632266473732
2019-05-22,2019-05-23,CDNS,sell,69.89008842096166,64.20999908447266,4487.642513523661,4.487642513523661,rebalance,rebalance,78.21647732246188
2019-05-22,2019-05-23,EPAM,sell,83.99633183881961,168.52999877929688,14155.901702261684,14.155901702261685,rebalance,rebalance,-234.60134829444013
2019-05-22,2019-05-23,KEYS,sell,34.01880429773192,74.66999816894531,2540.184054621351,2.540184054621351,rebalance,rebalance,-370.82246375951604
2019-05-22,2019-05-23,KLAC,sell,1280.3821669903564,9.568859806085667,12251.797454142888,12.251797454142888,rebalance,rebalance,-2609.0408114351308
2019-05-22,2019-05-23,LSCC,sell,304.50431009818533,11.640000343322754,3544.4302740861353,3.5444302740861353,rebalance,rebalance,-162.5456688479518
2019-05-22,2019-05-23,MDB,sell,41.01783017375739,141.0,5783.514054499792,5.7835140544997925,rebalance,rebalance,1368.7133754761164
2019-05-22,2019-05-23,NOW,sell,108.323548520598,54.012001037597656,5850.771615090799,5.8507716150908,rebalance,rebalance,661.2769272412141
2019-05-22,2019-05-23,ON,sell,642.710258424756,17.799999237060547,11440.242109611645,11.440242109611646,rebalance,rebalance,-2599.657978989633
2019-05-22,2019-05-23,SHOP,sell,326.81792457028826,27.5,8987.492925682927,8.987492925682927,rebalance,rebalance,2778.6176536639805
2019-05-22,2019-05-23,TEAM,sell,142.63223764815834,124.88999938964844,17813.340072822684,17.813340072822683,rebalance,rebalance,2805.216327855163
2019-05-22,2019-05-23,TWLO,sell,43.45302551342131,136.47999572753906,5930.468736420386,5.930468736420386,rebalance,rebalance,739.0675783554996
2019-05-22,2019-05-23,UI,sell,13.788997267649279,117.88637188792599,1625.5348598556982,1.6255348598556982,rebalance,rebalance,-278.4471641210062
2019-05-22,2019-05-23,VEEV,sell,41.3820883393967,142.63999938964844,5902.741055473924,5.902741055473924,rebalance,rebalance,893.8453062499652
2019-05-22,2019-05-23,ZS,sell,99.0634825463324,75.25,7454.527061611513,7.454527061611513,rebalance,rebalance,917.2190298582757
2019-05-22,2019-05-23,ENTG,buy,276.74569668046286,34.315708066545085,9496.724535959398,9.496724535959398,rebalance,rebalance,0.0
2019-05-22,2019-05-23,LITE,buy,213.89018490065038,44.400001525878906,9496.724535959398,9.496724535959398,rebalance,rebalance,0.0
2019-05-22,2019-05-23,MRVL,buy,441.48435345747373,21.51089718488557,9496.724535959398,9.496724535959398,rebalance,rebalance,0.0
2019-05-22,2019-05-23,PANW,buy,255.28828874166373,37.20000076293945,9496.724535959398,9.496724535959398,rebalance,rebalance,0.0
2019-05-22,2019-05-23,QCOM,buy,168.5004932039288,56.36021803488685,9496.724535959398,9.496724535959398,rebalance,rebalance,0.0
2019-05-31,2019-06-03,CDNS,sell,147.90102275917815,63.310001373291016,9363.613953994714,9.363613953994715,market_trend_exit,risk_exit,32.54381001749953
2019-05-31,2019-06-03,ENTG,sell,276.74569668046286,33.44228359873989,9255.008073118888,9.255008073118889,market_trend_exit,risk_exit,-260.4681954495887
2019-05-31,2019-06-03,KEYS,sell,127.18260035941736,75.1500015258789,9557.772611075463,9.557772611075464,market_trend_exit,risk_exit,-1325.368730788125
2019-05-31,2019-06-03,LITE,sell,213.89018490065038,40.34000015258789,8628.33009152929,8.628330091529289,market_trend_exit,risk_exit,-886.519499057597
2019-05-31,2019-06-03,LSCC,sell,815.8697814306475,12.930000305175781,10549.19652288197,10.54919652288197,market_trend_exit,risk_exit,615.9048278932382
2019-05-31,2019-06-03,MDB,sell,67.35265628339998,140.3000030517578,9449.577882105012,9.449577882105013,market_trend_exit,risk_exit,2200.3738754338005
2019-05-31,2019-06-03,MRVL,sell,441.48435345747373,21.520549576484925,9500.985915823958,9.500985915823959,market_trend_exit,risk_exit,-14.736330587223133
2019-05-31,2019-06-03,NOW,sell,175.82619331856907,52.400001525878906,9213.2927981825,9.2132927981825,market_trend_exit,risk_exit,790.2083780258757
2019-05-31,2019-06-03,PANW,sell,255.28828874166373,33.310001373291016,8503.653248569932,8.503653248569933,market_trend_exit,risk_exit,-1011.0716651739946
2019-05-31,2019-06-03,QCOM,sell,168.5004932039288,56.419069067123466,9506.640963916829,9.506640963916828,market_trend_exit,risk_exit,-9.086937542445089
2019-05-31,2019-06-03,SHOP,sell,345.3354376712508,27.42799949645996,9471.860210556848,9.471860210556848,market_trend_exit,risk_exit,2911.214749568648
2019-05-31,2019-06-03,TWLO,sell,69.583271052544,132.77000427246094,9238.571194938075,9.238571194938075,market_trend_exit,risk_exit,925.6067439624989
2019-05-31,2019-06-03,UI,sell,80.55829002005328,112.53256609628755,9065.431096285547,9.065431096285547,market_trend_exit,risk_exit,-2057.6104127776666
2019-05-31,2019-06-03,VEEV,sell,66.57827100810117,154.86000061035156,10310.311088950699,10.3103110889507,market_trend_exit,risk_exit,2250.8510680254108
2019-05-31,2019-06-03,ZS,sell,126.20231941474283,68.66000366210938,8665.05171318294,8.66505171318294,market_trend_exit,risk_exit,337.653698037509
2019-06-20,2019-06-21,AMD,buy,358.65046060763575,29.649999618530273,10633.986020202106,10.633986020202107,rebalance,rebalance,0.0
2019-06-20,2019-06-21,CDNS,buy,146.67566924416698,72.5,10633.986020202106,10.633986020202107,rebalance,rebalance,0.0
2019-06-20,2019-06-21,ENTG,buy,286.92316702020184,37.06213803032985,10633.986020202106,10.633986020202107,rebalance,rebalance,0.0
2019-06-20,2019-06-21,EPAM,buy,60.86301480028865,174.72000122070312,10633.986020202106,10.633986020202107,rebalance,rebalance,0.0
2019-06-20,2019-06-21,LDOS,buy,147.54531411352247,72.07267871631788,10633.986020202106,10.633986020202107,rebalance,rebalance,0.0
2019-06-20,2019-06-21,LSCC,buy,716.5758700041312,14.84000015258789,10633.986020202106,10.633986020202107,rebalance,rebalance,0.0
2019-06-20,2019-06-21,MDB,buy,61.89026636540715,171.82000732421875,10633.986020202106,10.633986020202107,rebalance,rebalance,0.0
2019-06-20,2019-06-21,MRVL,buy,458.92483024260474,23.171520300134087,10633.986020202106,10.633986020202107,rebalance,rebalance,0.0
2019-06-20,2019-06-21,NOW,buy,184.92601768741156,57.50400161743164,10633.986020202106,10.633986020202107,rebalance,rebalance,0.0
2019-06-20,2019-06-21,SHOP,buy,324.206898400986,32.79999923706055,10633.986020202106,10.633986020202107,rebalance,rebalance,0.0
2019-06-20,2019-06-21,TEAM,buy,79.3285026341718,134.0500030517578,10633.986020202106,10.633986020202107,rebalance,rebalance,0.0
2019-06-20,2019-06-21,TER,buy,238.54858774713955,44.577861980361355,10633.986020202106,10.633986020202107,rebalance,rebalance,0.0
2019-06-20,2019-06-21,TWLO,buy,73.26204937897464,145.14999389648438,10633.986020202106,10.633986020202107,rebalance,rebalance,0.0
2019-06-20,2019-06-21,VEEV,buy,62.18705274971992,171.0,10633.986020202106,10.633986020202107,rebalance,rebalance,0.0
2019-06-20,2019-06-21,ZS,buy,134.79510841012183,78.88999938964844,10633.986020202106,10.633986020202107,rebalance,rebalance,0.0
2019-07-19,2019-07-22,ENTG,sell,286.92316702020184,36.916551811148906,10592.213961120213,10.592213961120214,rebalance,rebalance,-62.99825906321513
2019-07-19,2019-07-22,EPAM,sell,60.86301480028865,193.6699981689453,11787.339964928395,11.787339964928394,rebalance,rebalance,1130.9326187411593
2019-07-19,2019-07-22,AMD,buy,131.98497632121462,32.79999923706055,4329.107122639294,4.329107122639294,rebalance,rebalance,0.0
2019-07-19,2019-07-22,BAH,buy,275.1120565149741,58.495589618280654,16092.841956941158,16.092841956941157,rebalance,rebalance,0.0
2019-07-19,2019-07-22,CDNS,buy,72.57285422169764,73.4000015258789,5326.847610609994,5.3268476106099945,rebalance,rebalance,0.0
2019-07-19,2019-07-22,LDOS,buy,73.72755568830092,72.72849116728248,5362.093882661921,5.362093882661921,rebalance,rebalance,0.0
2019-07-19,2019-07-22,LSCC,buy,261.71234948319284,16.450000762939453,4305.168348669199,4.305168348669199,rebalance,rebalance,0.0
2019-07-19,2019-07-22,MDB,buy,36.00402170984737,164.38999938964844,5918.701106906698,5.918701106906698,rebalance,rebalance,0.0
2019-07-19,2019-07-22,MRVL,buy,190.62137554141935,24.775515296123636,4722.742805494563,4.722742805494563,rebalance,rebalance,0.0
2019-07-19,2019-07-22,NOW,buy,89.32145799846904,58.68000030517578,5241.383182608909,5.241383182608909,rebalance,rebalance,0.0
2019-07-19,2019-07-22,SHOP,buy,160.63406646734342,33.19200134277344,5331.76614987922,5.33176614987922,rebalance,rebalance,0.0
2019-07-19,2019-07-22,SNPS,buy,118.69628071693302,135.5800018310547,16092.84195694116,16.09284195694116,rebalance,rebalance,0.0
2019-07-19,2019-07-22,TEAM,buy,40.49905947496045,134.3000030517578,5439.023811080509,5.439023811080509,rebalance,rebalance,0.0
2019-07-19,2019-07-22,TER,buy,118.72215706770118,45.04382793861681,5347.700415458971,5.347700415458972,rebalance,rebalance,0.0
2019-07-19,2019-07-22,TWLO,buy,36.81963670206403,146.19000244140625,5382.662779366432,5.382662779366433,rebalance,rebalance,0.0
2019-07-19,2019-07-22,VEEV,buy,32.34882436266921,170.22999572753906,5506.740233048092,5.506740233048092,rebalance,rebalance,0.0
2019-07-19,2019-07-22,ZS,buy,58.51230248406628,83.25,4871.149181798518,4.871149181798518,rebalance,rebalance,0.0
2019-08-16,2019-08-19,AMD,sell,201.82924382655818,32.0,6458.535802449862,6.458535802449862,rebalance,rebalance,290.659772992655
2019-08-16,2019-08-19,BAH,sell,275.1120565149741,64.47060316807486,17736.64022232988,17.73664022232988,rebalance,rebalance,1609.9687832094498
2019-08-16,2019-08-19,CDNS,sell,88.32631552246195,70.58999633789062,6234.954289269961,6.234954289269961,rebalance,rebalance,-207.6815428734171
2019-08-16,2019-08-19,LDOS,sell,101.89936720771779,77.4191757671496,7888.965020415623,7.888965020415624,rebalance,rebalance,507.2827304966097
2019-08-16,2019-08-19,LSCC,sell,503.37564939129146,19.459999084472656,9795.68967630036,9.795689676300361,rebalance,rebalance,2091.30420380529
2019-08-16,2019-08-19,MDB,sell,34.88345903966699,146.6699981689453,5116.356873474436,5.116356873474436,rebalance,rebalance,-793.0099738259808
2019-08-16,2019-08-19,MRVL,sell,276.2330550731025,24.75615488410645,6838.468295499632,6.8384682954996325,rebalance,rebalance,294.3302205573372
2019-08-16,2019-08-19,NOW,sell,274.2474756858806,52.0,14260.868735665792,14.260868735665792,rebalance,rebalance,-1644.6367050836975
2019-08-16,2019-08-19,SHOP,sell,230.76393073118018,36.374000549316406,8393.807343178361,8.393807343178361,rebalance,rebalance,778.7872092473427
2019-08-16,2019-08-19,SNPS,sell,47.92129182368386,130.5800018310547,6257.562374083144,6.257562374083144,rebalance,rebalance,-252.36119032570352
2019-08-16,2019-08-19,TEAM,sell,55.19960281351442,143.0,7893.543202332562,7.8935432023325625,rebalance,rebalance,474.07450203594124
2019-08-16,2019-08-19,TER,sell,357.2707448148407,52.324610350925745,18694.052512221566,18.694052512221567,rebalance,rebalance,2677.690337612604
2019-08-16,2019-08-19,TWLO,sell,36.9951032236571,126.44999694824219,4678.030689731345,4.678030689731345,rebalance,rebalance,-714.7380791043756
2019-08-16,2019-08-19,VEEV,sell,37.48774020329438,162.0,6073.013912933689,6.07301391293369,rebalance,rebalance,-339.9857655167914
2019-08-16,2019-08-19,ZS,sell,78.18785035856084,80.27999877929688,6276.92053134111,6.27692053134111,rebalance,rebalance,-7.054168808711596
2019-08-16,2019-08-19,MSFT,buy,71.29927880561638,129.6197988828094,9241.79817927335,9.24179817927335,rebalance,rebalance,0.0
2019-08-16,2019-08-19,NICE,buy,60.95368999405612,151.6199951171875,9241.79817927335,9.24179817927335,rebalance,rebalance,0.0
2019-08-16,2019-08-19,QCOM,buy,146.02067663506207,63.29102420454224,9241.79817927335,9.24179817927335,rebalance,rebalance,0.0
2019-09-16,2019-09-17,CDNS,sell,130.92220794340267,66.04000091552734,8646.102732445173,8.646102732445174,rebalance,rebalance,-902.9369568760746
2019-09-16,2019-09-17,MDB,sell,63.010829035587534,131.55999755859375,8289.704514086865,8.289704514086866,rebalance,rebalance,-2383.574514236192
2019-09-16,2019-09-17,MSFT,sell,71.29927880561638,128.78295071178985,9182.131508209857,9.182131508209858,rebalance,rebalance,-78.09060075097483
2019-09-16,2019-09-17,SNPS,sell,70.77498889324916,133.0500030517578,9416.612488234925,9.416612488234925,rebalance,rebalance,-198.07292111664407
2019-09-16,2019-09-17,TWLO,sell,73.08658285738157,112.94999694824219,8255.129310698698,8.255129310698697,rebalance,rebalance,-2397.700528834117
2019-09-16,2019-09-17,AKAM,buy,146.45558416797238,89.95999908447266,13175.144217666702,13.175144217666702,rebalance,rebalance,0.0
2019-09-16,2019-09-17,AMAT,buy,277.77515020564107,47.43096784544243,13175.144217666702,13.175144217666702,rebalance,rebalance,0.0
2019-09-16,2019-09-17,AMD,buy,135.24093747626,31.06999969482422,4201.9358861151395,4.201935886115139,rebalance,rebalance,0.0
2019-09-16,2019-09-17,BAH,buy,212.9052780777088,61.88265662844617,13175.144217666702,13.175144217666702,rebalance,rebalance,0.0
2019-09-16,2019-09-17,ENTG,buy,286.2066017865572,46.03368383337384,13175.144217666704,13.175144217666704,rebalance,rebalance,0.0
2019-09-16,2019-09-17,LDOS,buy,47.25406885774548,79.069412720054,3736.3514732149283,3.7363514732149286,rebalance,rebalance,0.0
2019-09-16,2019-09-17,LSCC,buy,162.49159870109492,20.670000076293945,3358.701357548757,3.358701357548757,rebalance,rebalance,0.0
2019-09-16,2019-09-17,MRVL,buy,165.83891206114663,24.436787183797943,4052.570200830822,4.052570200830822,rebalance,rebalance,0.0
2019-09-16,2019-09-17,NICE,buy,27.648492171775118,148.6999969482422,4111.330701566458,4.111330701566458,rebalance,rebalance,0.0
2019-09-16,2019-09-17,QCOM,buy,52.44409756974278,66.38530323809842,3481.517320215795,3.481517320215795,rebalance,rebalance,0.0
2019-09-16,2019-09-17,SHOP,buy,151.8240831588898,32.45899963378906,4928.057859654765,4.928057859654765,rebalance,rebalance,0.0
2019-09-16,2019-09-17,TEAM,buy,36.331000226732385,130.5,4741.195529588576,4.741195529588577,rebalance,rebalance,0.0
2019-09-16,2019-09-17,TER,buy,234.44811048645047,56.1964188592944,13175.144217666702,13.175144217666702,rebalance,rebalance,0.0
2019-09-16,2019-09-17,VEEV,buy,33.09996276854491,146.14999389648438,4837.559356596699,4.8375593565966994,rebalance,rebalance,0.0
2019-09-16,2019-09-17,ZS,buy,159.0769936134273,48.04999923706055,7643.649421759067,7.643649421759068,rebalance,rebalance,0.0
2019-10-14,2019-10-15,AKAM,sell,9.526153440558403,89.63999938964844,853.9243885973526,0.8539243885973526,rebalance,rebalance,-4.759263337215748
2019-10-14,2019-10-15,AMAT,sell,26.54591470480156,48.85718838558214,1296.958755600085,1.296958755600085,rebalance,rebalance,35.30427162639352
2019-10-14,2019-10-15,AMD,sell,424.0471305785522,30.700000762939453,13018.247232283838,13.018247232283839,rebalance,rebalance,-17.54757927918511
2019-10-14,2019-10-15,BAH,sell,15.340670356767077,62.128304398365295,953.0898376002041,0.953089837600204,rebalance,rebalance,1.865990188466117
2019-10-14,2019-10-15,ENTG,sell,20.46596390081328,46.189224894190616,945.3070092910511,0.9453070092910512,rebalance,rebalance,1.2958670149239975
2019-10-14,2019-10-15,LDOS,sell,4.1192691601473825,75.53062775093012,311.1309855409785,0.3111309855409785,rebalance,rebalance,4.809034512924407
2019-10-14,2019-10-15,MRVL,sell,539.1520627720682,23.501401860354235,12670.829291045307,12.670829291045308,rebalance,rebalance,-233.2502571529581
2019-10-14,2019-10-15,NICE,sell,8.518971200359147,153.27000427246094,1305.7027522760181,1.305702752276018,rebalance,rebalance,19.229207068035507
2019-10-14,2019-10-15,QCOM,sell,11.813478591828328,65.76088339767703,776.8647881981766,0.7768647881981766,rebalance,rebalance,17.984010570012902
2019-10-14,2019-10-15,SHOP,sell,52.27523396027232,34.709999084472656,1814.473322901646,1.814473322901646,rebalance,rebalance,98.7368229600532
2019-10-14,2019-10-15,TEAM,sell,100.95895952235021,128.0,12922.746818860827,12.922746818860828,rebalance,rebalance,-513.6203370958101
2019-10-14,2019-10-15,TER,sell,26.84246353635183,59.123411463757705,1587.018016360642,1.587018016360642,rebalance,rebalance,75.47222391601322
2019-10-14,2019-10-15,VEEV,sell,90.14809967763966,154.64999389648438,13941.403064926639,13.94140306492664,rebalance,rebalance,-664.8755690574794
2019-10-14,2019-10-15,ZS,sell,274.1965541490546,47.59000015258789,13049.014053792582,13.049014053792583,rebalance,rebalance,-3858.2705890261827
2019-10-14,2019-10-15,CACI,buy,53.80892575506525,228.11000061035156,12274.354086830297,12.274354086830296,rebalance,rebalance,0.0
2019-10-14,2019-10-15,KLAC,buy,830.8933737471779,14.772478003375083,12274.354086830297,12.274354086830296,rebalance,rebalance,0.0
2019-10-14,2019-10-15,LRCX,buy,557.651315584896,22.010804500579837,12274.354086830295,12.274354086830295,rebalance,rebalance,0.0
2019-10-14,2019-10-15,LSCC,buy,0.887790590140753,19.229999542236328,17.0722126420084,0.017072212642008398,rebalance,rebalance,0.0
2019-10-14,2019-10-15,MU,buy,278.418685494846,44.08595660529946,12274.354086830297,12.274354086830296,rebalance,rebalance,0.0
2019-10-14,2019-10-15,WDC,buy,280.8673057357198,43.70161224240093,12274.354086830297,12.274354086830296,rebalance,rebalance,0.0
2019-11-11,2019-11-12,AKAM,sell,136.92943072741397,85.19000244140625,11665.018537968765,11.665018537968765,rebalance,rebalance,-677.1361149076007
2019-11-11,2019-11-12,CACI,sell,53.80892575506525,228.97999572753906,12321.16758949831,12.321167589498309,rebalance,rebalance,22.21798099168487
2019-11-11,2019-11-12,LDOS,sell,162.5083022917037,80.00209249749123,13001.004231551145,13.001004231551146,rebalance,rebalance,915.6435648056723
2019-11-11,2019-11-12,LRCX,sell,29.677369157007547,25.51387056512053,757.1845553851907,0.7571845553851907,rebalance,rebalance,102.55137745276821
2019-11-11,2019-11-12,MU,sell,278.418685494846,45.63642035760002,12706.032166653225,12.706032166653225,rebalance,rebalance,406.6976935694461
2019-11-11,2019-11-12,NICE,sell,80.08321096547209,157.6999969482422,12629.122124860383,12.629122124860384,rebalance,rebalance,535.1788354705863
2019-11-11,2019-11-12,QCOM,sell,186.65129561297653,78.84806221873245,14717.092969698997,14.717092969698998,rebalance,rebalance,2724.440974580633
2019-11-11,2019-11-12,AAPL,buy,214.03981910256883,62.93529394388914,13470.658930917027,13.470658930917027,rebalance,rebalance,0.0
2019-11-11,2019-11-12,AMAT,buy,0.6389224274140872,53.482977132640315,34.17147357491867,0.03417147357491867,rebalance,rebalance,0.0
2019-11-11,2019-11-12,BAH,buy,12.780480515948767,64.04075818374413,818.4716621939284,0.8184716621939284,rebalance,rebalance,0.0
2019-11-11,2019-11-12,CDW,buy,110.30742658054318,122.11923846379604,13470.658930917027,13.470658930917027,rebalance,rebalance,0.0
2019-11-11,2019-11-12,DOCU,buy,199.6244555541047,67.4800033569336,13470.658930917027,13.470658930917027,rebalance,rebalance,0.0
2019-11-11,2019-11-12,ENTG,buy,22.39755000569727,46.75068941570572,1047.100903989091,1.047100903989091,rebalance,rebalance,0.0
2019-11-11,2019-11-12,GEN,buy,1109.2492536486036,12.143942298458706,13470.658930917027,13.470658930917027,rebalance,rebalance,0.0
2019-11-11,2019-11-12,KLAC,buy,2.6188449992287133,16.161321487496313,42.32399595845727,0.04232399595845727,rebalance,rebalance,0.0
2019-11-11,2019-11-12,LSCC,buy,28.90262083049697,20.190000534057617,583.5439300033987,0.5835439300033988,rebalance,rebalance,0.0
2019-11-11,2019-11-12,SHOP,buy,92.6884525282673,30.18199920654297,2797.5228006638595,2.7975228006638595,rebalance,rebalance,0.0
2019-11-11,2019-11-12,STX,buy,290.40166690607776,46.38630030754518,13470.658930917027,13.470658930917027,rebalance,rebalance,0.0
2019-11-11,2019-11-12,TER,buy,7.6313934400487256,62.585226532104166,477.6124872010632,0.4776124872010632,rebalance,rebalance,0.0
2019-11-11,2019-11-12,TXN,buy,137.5267155598861,97.94939751215988,13470.658930917027,13.470658930917027,rebalance,rebalance,0.0
2019-11-11,2019-11-12,WDC,buy,69.76205734413827,38.41851353404478,2680.154544238584,2.6801545442385843,rebalance,rebalance,0.0
2019-12-10,2019-12-11,BAH,sell,210.3450882368905,61.75352188641507,12989.550010136727,12.989550010136726,rebalance,rebalance,-80.77827803976258
2019-12-10,2019-12-11,CDW,sell,110.30742658054318,124.26088127519114,13706.898038096739,13.706898038096739,rebalance,rebalance,209.06155021070106
2019-12-10,2019-12-11,ENTG,sell,288.1381878914412,46.22485941863472,13319.147228422027,13.319147228422027,rebalance,rebalance,12.426549682993025
2019-12-10,2019-12-11,GEN,sell,1109.2492536486036,13.16229526419561,14600.266198111529,14.600266198111528,rebalance,rebalance,1101.536342065475
2019-12-10,2019-12-11,SHOP,sell,446.31433586403404,36.840999603271484,16442.666270501253,16.442666270501253,rebalance,rebalance,2031.7477942069343
2019-12-10,2019-12-11,TXN,sell,137.5267155598861,100.51873446731464,13824.0114035261,13.8240114035261,rebalance,rebalance,326.0578022746314
2019-12-10,2019-12-11,AAPL,buy,28.26464643245808,64.68222511329466,1828.2202232919344,1.8282202232919345,rebalance,rebalance,0.0
2019-12-10,2019-12-11,AMAT,buy,41.089728745843274,53.49844704173631,2198.2366772688065,2.1982366772688064,rebalance,rebalance,0.0
2019-12-10,2019-12-11,DOCU,buy,15.513393642428781,72.8499984741211,1130.1507031793765,1.1301507031793765,rebalance,rebalance,0.0
2019-12-10,2019-12-11,KLAC,buy,204.81362562353127,15.094290555007325,3091.5163747860743,3.0915163747860746,rebalance,rebalance,0.0
2019-12-10,2019-12-11,LITE,buy,228.03420951836839,68.7300033569336,15672.791985693157,15.672791985693157,rebalance,rebalance,0.0
2019-12-10,2019-12-11,LRCX,buy,99.26548749526933,24.986936627478066,2480.3404453400112,2.480340445340011,rebalance,rebalance,0.0
2019-12-10,2019-12-11,LSCC,buy,153.37042882267713,19.100000381469727,2929.3752490193087,2.929375249019309,rebalance,rebalance,0.0
2019-12-10,2019-12-11,MU,buy,336.59465317026223,46.562807335401345,15672.791985693158,15.67279198569316,rebalance,rebalance,0.0
2019-12-10,2019-12-11,NVDA,buy,2940.6719718608224,5.329663470004647,15672.791985693158,15.67279198569316,rebalance,rebalance,0.0
2019-12-10,2019-12-11,QCOM,buy,214.30733017009405,73.13231877441517,15672.791985693158,15.67279198569316,rebalance,rebalance,0.0
2019-12-10,2019-12-11,QRVO,buy,140.95504669093108,111.19000244140625,15672.791985693158,15.67279198569316,rebalance,rebalance,0.0
2019-12-10,2019-12-11,STX,buy,50.33607969593339,45.99664152853399,2315.2906137255663,2.3152906137255664,rebalance,rebalance,0.0
2019-12-10,2019-12-11,SWKS,buy,176.34720591846198,88.87462607680793,15672.791985693158,15.67279198569316,rebalance,rebalance,0.0
2019-12-10,2019-12-11,TER,buy,36.27770749732579,62.3136103044944,2260.594927728794,2.260594927728794,rebalance,rebalance,0.0
2019-12-10,2019-12-11,WDC,buy,77.34763742233673,36.62064075242937,2832.520043092555,2.8325200430925555,rebalance,rebalance,0.0
2020-01-09,2020-01-10,LSCC,sell,820.5650090404423,21.309999465942383,17486.239904422833,17.486239904422835,rebalance,rebalance,3313.668482134317
2020-01-09,2020-01-10,MU,sell,336.59465317026223,56.04112948992814,18863.144543932118,18.86314454393212,rebalance,rebalance,3155.8166217093344
2020-01-09,2020-01-10,QCOM,sell,214.30733017009405,78.01989069622401,16720.23447527033,16.720234475270328,rebalance,rebalance,1015.0494631162056
2020-01-09,2020-01-10,WDC,sell,427.9770005021948,51.16353346239516,21896.815586329554,21.896815586329556,rebalance,rebalance,4070.1030679076275
2020-01-09,2020-01-10,AAPL,buy,53.97970739909755,74.73794692643483,4034.3325066982343,4.0343325066982345,rebalance,rebalance,0.0
2020-01-09,2020-01-10,AMAT,buy,83.15755338008614,58.87466568429955,4895.873154376865,4.895873154376866,rebalance,rebalance,0.0
2020-01-09,2020-01-10,DOCU,buy,77.96168617639088,75.55000305175781,5890.005628546516,5.8900056285465165,rebalance,rebalance,0.0
2020-01-09,2020-01-10,ENTG,buy,432.98062398459393,51.142405838190896,22143.670791893233,22.143670791893236,rebalance,rebalance,0.0
2020-01-09,2020-01-10,FTNT,buy,964.0257489698382,22.969999313354492,22143.670791893233,22.143670791893236,rebalance,rebalance,0.0
2020-01-09,2020-01-10,KLAC,buy,315.35002898782227,16.358177927014683,5158.551883472035,5.158551883472035,rebalance,rebalance,0.0
2020-01-09,2020-01-10,LITE,buy,46.93997559966314,80.52999877929688,3780.076177741098,3.780076177741098,rebalance,rebalance,0.0
2020-01-09,2020-01-10,LRCX,buy,169.01909310177643,27.809649806362227,4700.361789749336,4.700361789749336,rebalance,rebalance,0.0
2020-01-09,2020-01-10,NVDA,buy,660.9477954516883,6.148253347803174,4063.6744961089703,4.063674496108971,rebalance,rebalance,0.0
2020-01-09,2020-01-10,NXPI,buy,189.79011774923524,116.67451948763261,22143.670791893233,22.143670791893236,rebalance,rebalance,0.0
2020-01-09,2020-01-10,QRVO,buy,54.14337438301811,113.5,6145.272992472555,6.145272992472556,rebalance,rebalance,0.0
2020-01-09,2020-01-10,STX,buy,114.78533522206271,48.61152304998953,5579.889968948077,5.579889968948077,rebalance,rebalance,0.0
2020-01-09,2020-01-10,SWKS,buy,38.8938924216495,102.87845101451346,4001.343406264424,4.001343406264424,rebalance,rebalance,0.0
2020-01-09,2020-01-10,TER,buy,80.30176535144375,66.73468591344394,5358.913089023674,5.358913089023674,rebalance,rebalance,0.0
2020-01-09,2020-01-10,UI,buy,126.04356527800311,175.68267561341113,22143.670791893233,22.143670791893236,rebalance,rebalance,0.0
2020-02-07,2020-02-10,AAPL,sell,144.5769244904952,75.77878713871854,10955.863986135819,10.95586398613582,rebalance,rebalance,1501.5031942655062
2020-02-07,2020-02-10,AMAT,sell,376.115440054183,57.50942447760669,21630.182494657845,21.630182494657845,rebalance,rebalance,2545.1808889711015
2020-02-07,2020-02-10,DOCU,sell,154.50771246564108,82.94999694824219,12816.41427750481,12.81641427750481,rebalance,rebalance,1991.042402340876
2020-02-07,2020-02-10,ENTG,sell,432.98062398459393,53.88108645907025,23329.46643601609,23.32946643601609,rebalance,rebalance,1140.3225068949496
2020-02-07,2020-02-10,FTNT,sell,470.54225306327703,23.29599952697754,10961.752104785048,10.961752104785049,rebalance,rebalance,131.6267676827457
2020-02-07,2020-02-10,KLAC,sell,1353.67587335776,15.216690919183353,20598.467369640624,20.598467369640623,rebalance,rebalance,-9.444185116927194
2020-02-07,2020-02-10,LITE,sell,141.65410116043205,86.2300033569336,12214.833618587467,12.214833618587468,rebalance,rebalance,2171.3711896560903
2020-02-07,2020-02-10,LRCX,sell,402.44789677542786,29.192181226613503,11748.331936937735,11.748331936937735,rebalance,rebalance,2224.1892386686436
2020-02-07,2020-02-10,NVDA,sell,1770.0747452329267,6.2767724236215585,11110.35634862699,11.11035634862699,rebalance,rebalance,1389.7380042799882
2020-02-07,2020-02-10,NXPI,sell,189.79011774923524,117.24845829695924,22252.598706096192,22.252598706096194,rebalance,rebalance,64.5316447049713
2020-02-07,2020-02-10,QRVO,sell,84.29175806469165,103.75,8745.269899211758,8.745269899211758,rebalance,rebalance,-699.3392157160645
2020-02-07,2020-02-10,STX,sell,190.54961454263724,43.38619789052316,8267.223284509768,8.267223284509768,rebalance,rebalance,-687.514268794508
2020-02-07,2020-02-10,SWKS,sell,95.18723728472604,95.75861356018228,9114.997871009455,9.114997871009455,rebalance,rebalance,396.5827674593441
2020-02-07,2020-02-10,TER,sell,160.72283130882494,67.19237763500675,10799.349175870051,10.799349175870052,rebalance,rebalance,1205.9263683225342
2020-02-07,2020-02-10,UI,sell,39.792284452179516,133.2871950090336,5303.801977632587,5.303801977632587,rebalance,rebalance,-1699.3076406752105
2020-02-07,2020-02-10,AMD,buy,232.38712358065055,49.470001220703125,11496.191287210471,11.496191287210472,rebalance,rebalance,0.0
2020-02-07,2020-02-10,MU,buy,209.401524744441,54.90022721296189,11496.191287210471,11.496191287210472,rebalance,rebalance,0.0
2020-02-07,2020-02-10,NTAP,buy,239.01657051124485,48.09788401959193,11496.191287210471,11.496191287210472,rebalance,rebalance,0.0
2020-02-07,2020-02-10,ON,buy,566.8733184403084,20.280000686645508,11496.191287210471,11.496191287210472,rebalance,rebalance,0.0
2020-02-27,2020-02-28,AAPL,sell,151.70724844362925,62.049941078008516,9413.425827033994,9.413425827033995,market_trend_exit,risk_exit,-505.12754347696523
2020-02-27,2020-02-28,AMD,sell,232.38712358065055,41.36000061035156,9611.53157313355,9.61153157313355,market_trend_exit,risk_exit,-1905.7674369372628
2020-02-27,2020-02-28,DOCU,sell,138.5918229072833,80.11000061035156,11102.5910176922,11.102591017692202,market_trend_exit,risk_exit,1392.7378096553782
2020-02-27,2020-02-28,FTNT,sell,493.4834959065612,19.775999069213867,9759.129155720559,9.759129155720558,market_trend_exit,risk_exit,-1597.280851122771
2020-02-27,2020-02-28,LITE,sell,133.32008395759948,71.26000213623047,9500.389467620964,9.500389467620964,market_trend_exit,risk_exit,49.815641868444544
2020-02-27,2020-02-28,LRCX,sell,393.81063024950635,25.644266313922227,10098.984679371897,10.098984679371897,market_trend_exit,risk_exit,780.6446761601552
2020-02-27,2020-02-28,MU,sell,209.401524744441,47.44042218531512,9934.09674012499,9.93409674012499,market_trend_exit,risk_exit,-1583.5248351128134
2020-02-27,2020-02-28,NTAP,sell,239.01657051124485,38.05211617712475,9095.086309351818,9.095086309351819,market_trend_exit,risk_exit,-2421.6962554552124
2020-02-27,2020-02-28,NVDA,sell,1831.545022079584,6.030797544626237,11045.677222029963,11.045677222029964,market_trend_exit,risk_exit,987.9365845223784
2020-02-27,2020-02-28,ON,sell,566.8733184403084,16.93000030517578,9597.165454190428,9.597165454190428,market_trend_exit,risk_exit,-1920.1191897614424
2020-02-27,2020-02-28,QRVO,sell,110.80666300925755,91.80999755859375,10173.159460355855,10.173159460355855,market_trend_exit,risk_exit,-2241.032897219766
2020-02-27,2020-02-28,STX,sell,264.9734672814366,37.90363400774313,10043.457325598272,10.043457325598272,market_trend_exit,risk_exit,-2407.3211548118124
2020-02-27,2020-02-28,SWKS,sell,120.05386105538544,78.3030551166044,9400.584099181013,9.400584099181012,market_trend_exit,risk_exit,-1593.3259065886052
2020-02-27,2020-02-28,TER,sell,171.09368193009198,54.38898197091915,9305.611181833947,9.305611181833948,market_trend_exit,risk_exit,-904.6491828898231
2020-02-27,2020-02-28,UI,sell,86.2512808258236,122.72928447275109,10585.557980611646,10.585557980611647,market_trend_exit,risk_exit,-4593.036223723923
2020-06-03,2020-06-04,AMD,buy,190.0779699348167,52.59000015258789,9996.200467875608,9.996200467875608,rebalance,rebalance,0.0
2020-06-03,2020-06-04,AMZN,buy,80.69814784323879,123.87149810791016,9996.200467875608,9.996200467875608,rebalance,rebalance,0.0
2020-06-03,2020-06-04,CIEN,buy,179.3362067970172,55.7400016784668,9996.200467875608,9.996200467875608,rebalance,rebalance,0.0
2020-06-03,2020-06-04,DOCU,buy,67.65617913959802,147.75,9996.200467875608,9.996200467875608,rebalance,rebalance,0.0
2020-06-03,2020-06-04,GEN,buy,551.7957664242737,18.115761439513413,9996.200467875608,9.996200467875608,rebalance,rebalance,0.0
2020-06-03,2020-06-04,MDB,buy,43.73747685145229,228.5500030517578,9996.200467875608,9.996200467875608,rebalance,rebalance,0.0
2020-06-03,2020-06-04,MPWR,buy,46.50676052113998,214.94080335549845,9996.200467875608,9.996200467875608,rebalance,rebalance,0.0
2020-06-03,2020-06-04,MSFT,buy,57.17119370268967,174.8468034419461,9996.200467875608,9.996200467875608,rebalance,rebalance,0.0
2020-06-03,2020-06-04,NOW,buy,129.58853489330752,77.13800048828125,9996.200467875608,9.996200467875608,rebalance,rebalance,0.0
2020-06-03,2020-06-04,NVDA,buy,1150.6081627542728,8.687753825722185,9996.200467875608,9.996200467875608,rebalance,rebalance,0.0
2020-06-03,2020-06-04,SHOP,buy,130.8557371892607,76.39099884033203,9996.200467875608,9.996200467875608,rebalance,rebalance,0.0
2020-06-03,2020-06-04,TEAM,buy,55.08155556099516,181.47999572753906,9996.200467875608,9.996200467875608,rebalance,rebalance,0.0
2020-06-03,2020-06-04,VEEV,buy,46.81403327411439,213.52999877929688,9996.200467875608,9.996200467875608,rebalance,rebalance,0.0
2020-06-03,2020-06-04,ZM,buy,45.231676325228996,221.0,9996.200467875608,9.996200467875608,rebalance,rebalance,0.0
2020-06-03,2020-06-04,ZS,buy,93.85222295921162,106.51000213623047,9996.200467875608,9.996200467875608,rebalance,rebalance,0.0
2020-07-01,2020-07-02,AMD,sell,190.0779699348167,53.029998779296875,10079.834513614558,10.079834513614559,rebalance,rebalance,63.55801075746153
2020-07-01,2020-07-02,AMZN,sell,80.69814784323879,145.60049438476562,11749.690221910476,11.749690221910477,rebalance,rebalance,1731.7438633450822
2020-07-01,2020-07-02,CIEN,sell,179.3362067970172,54.18000030517578,9716.43573899146,9.71643573899146,rebalance,rebalance,-299.47736509101395
2020-07-01,2020-07-02,DOCU,sell,16.562990127366007,181.0,2997.9012130532474,2.9979012130532476,rebalance,rebalance,545.2743387305485
2020-07-01,2020-07-02,GEN,sell,19.089983917545624,17.36017800988897,331.4055190145096,0.3314055190145096,rebalance,rebalance,-15.101310633443461
2020-07-01,2020-07-02,MDB,sell,2.2430298023940978,222.8699951171875,499.9040411072786,0.4999040411072786,rebalance,rebalance,-13.75297558436574
2020-07-01,2020-07-02,MPWR,sell,46.50676052113998,227.5728386548077,10583.67550843517,10.58367550843517,rebalance,rebalance,566.8951645832532
2020-07-01,2020-07-02,MSFT,sell,57.17119370268967,195.13013735746952,11155.822880096332,11.155822880096332,rebalance,rebalance,1138.4703888727533
2020-07-01,2020-07-02,NOW,sell,19.83719861673842,84.26200103759766,1671.5220504266435,1.6715220504266435,rebalance,rebalance,138.11848995553254
2020-07-01,2020-07-02,NVDA,sell,186.74173467803666,9.59455267019897,1791.7034090927443,1.7917034090927444,rebalance,rebalance,165.9231195926703
2020-07-01,2020-07-02,SHOP,sell,41.50350033546168,103.4990005493164,4295.570804018502,4.295570804018502,rebalance,rebalance,1117.6108933725145
2020-07-01,2020-07-02,TEAM,sell,5.497793384244659,186.50999450683594,1025.3934138951902,1.0253934138951901,rebalance,rebalance,25.630761077798322
2020-07-01,2020-07-02,VEEV,sell,8.531684758877809,241.57000732421875,2060.999149690038,2.060999149690038,rebalance,rebalance,235.34574375567507
2020-07-01,2020-07-02,ZM,sell,9.799234902953152,261.0,2557.6003096707727,2.557600309670773,rebalance,rebalance,387.24616489490296
2020-07-01,2020-07-02,ZS,sell,11.473218547725281,112.26000213623047,1287.9835386770792,1.2879835386770793,rebalance,rebalance,63.46101057871576
2020-07-01,2020-07-02,COHR,buy,207.63060218056808,44.540000915527344,9247.867211213996,9.247867211213995,rebalance,rebalance,0.0
2020-07-01,2020-07-02,CRWD,buy,356.88826145960167,25.912500381469727,9247.867211213996,9.247867211213995,rebalance,rebalance,0.0
2020-07-01,2020-07-02,ESTC,buy,96.24172716892213,96.08999633789062,9247.867211213996,9.247867211213995,rebalance,rebalance,0.0
2020-07-01,2020-07-02,FTNT,buy,329.5277751830286,28.06399917602539,9247.867211213996,9.247867211213995,rebalance,rebalance,0.0
2020-07-01,2020-07-02,TWLO,buy,40.101761357867495,230.61000061035156,9247.867211213996,9.247867211213995,rebalance,rebalance,0.0
2020-07-30,2020-07-31,COHR,sell,35.230676107881095,49.810001373291016,1754.8400253155282,1.7548400253155283,rebalance,rebalance,182.3416648444419
2020-07-30,2020-07-31,CRWD,sell,52.67285889407907,28.227500915527344,1486.8231726560596,1.4868231726560597,rebalance,rebalance,119.08598782129278
2020-07-30,2020-07-31,DOCU,sell,11.498757247645045,216.8800048828125,2493.850528015533,2.493850528015533,rebalance,rebalance,790.7163527646228
2020-07-30,2020-07-31,ESTC,sell,6.548383257897868,95.73999786376953,626.9421991222861,0.6269421991222861,rebalance,rebalance,-3.5481004706171024
2020-07-30,2020-07-31,FTNT,sell,329.5277751830286,27.68000030517578,9121.328917630128,9.121328917630128,rebalance,rebalance,-144.90748971271032
2020-07-30,2020-07-31,GEN,sell,532.705782506728,18.578899722720543,9897.087314905879,9.897087314905878,rebalance,rebalance,227.16898337643107
2020-07-30,2020-07-31,MDB,sell,4.547365807822786,232.4199981689453,1056.8987527276963,1.0568987527276963,rebalance,rebalance,15.502084250356615
2020-07-30,2020-07-31,NOW,sell,109.7513362765691,87.39800262451172,9592.047575943256,9.592047575943257,rebalance,rebalance,1107.9908984445133
2020-07-30,2020-07-31,NVDA,sell,147.1650582817258,10.514541633004042,1547.3731322266722,1.5473731322266722,rebalance,rebalance,266.0134271966542
2020-07-30,2020-07-31,SHOP,sell,8.720870145481584,106.5,928.7726704937887,0.9287726704937888,rebalance,rebalance,260.98172067195486
2020-07-30,2020-07-31,TEAM,sell,49.583762176750504,176.9499969482422,8773.846565858368,8.773846565858369,rebalance,rebalance,-242.38668964747617
2020-07-30,2020-07-31,TWLO,sell,8.646667751875526,273.0,2360.5402962620187,2.3605402962620188,rebalance,rebalance,362.1776923726972
2020-07-30,2020-07-31,VEEV,sell,5.877667177742964,265.0,1557.5818021018854,1.5575818021018855,rebalance,rebalance,299.71089674592673
2020-07-30,2020-07-31,ZM,sell,1.55772523120757,253.5,394.883346111119,0.394883346111119,rebalance,rebalance,49.88692939203807
2020-07-30,2020-07-31,ZS,sell,16.83255059503543,131.00999450683594,2205.2323609916293,2.2052323609916296,rebalance,rebalance,408.3992937953717
2020-07-30,2020-07-31,AMZN,buy,52.94229787917928,162.1999969482422,8587.240554435808,8.587240554435809,rebalance,rebalance,0.0
2020-07-30,2020-07-31,LSCC,buy,276.9184292503776,31.010000228881836,8587.240554435808,8.587240554435809,rebalance,rebalance,0.0
2020-07-30,2020-07-31,MPWR,buy,33.00373001579281,260.19000126127185,8587.240554435806,8.587240554435807,rebalance,rebalance,0.0
2020-07-30,2020-07-31,MRVL,buy,241.0593134284395,35.6229362487793,8587.240554435808,8.587240554435809,rebalance,rebalance,0.0
2020-08-27,2020-08-28,ESTC,sell,89.69334391102426,111.38999938964844,9990.94152350452,9.990941523504521,rebalance,rebalance,1353.698860949587
2020-08-27,2020-08-28,MDB,sell,36.94708124123541,229.1999969482422,8468.270907737611,8.468270907737612,rebalance,rebalance,7.102850861540627
2020-08-27,2020-08-28,AMD,buy,142.13460677051202,84.30000305175781,11981.94778451456,11.98194778451456,rebalance,rebalance,0.0
2020-08-27,2020-08-28,AMZN,buy,17.066163773244327,171.14999389648438,2920.8738256271695,2.9208738256271696,rebalance,rebalance,0.0
2020-08-27,2020-08-28,CDNS,buy,108.43391660194173,110.5,11981.947784514561,11.981947784514562,rebalance,rebalance,0.0
2020-08-27,2020-08-28,COHR,buy,110.72738656715615,42.31999969482422,4685.982965730731,4.685982965730731,rebalance,rebalance,0.0
2020-08-27,2020-08-28,CRWD,buy,101.0593333747616,29.565000534057617,2987.819245196333,2.9878192451963335,rebalance,rebalance,0.0
2020-08-27,2020-08-28,DOCU,buy,15.356027381567891,218.0500030517578,3348.381817413755,3.348381817413755,rebalance,rebalance,0.0
2020-08-27,2020-08-28,LSCC,buy,138.54439048332443,28.84000015258789,3995.620242679273,3.995620242679273,rebalance,rebalance,0.0
2020-08-27,2020-08-28,MPWR,buy,14.3546887894179,253.00565531542244,3631.8174440156236,3.6318174440156237,rebalance,rebalance,0.0
2020-08-27,2020-08-28,MRVL,buy,92.73286272828108,35.89643089444029,3328.7787985693594,3.3287787985693593,rebalance,rebalance,0.0
2020-08-27,2020-08-28,NVDA,buy,132.99906681020764,12.616554992173452,1677.9900403187355,1.6779900403187356,rebalance,rebalance,0.0
2020-08-27,2020-08-28,SHOP,buy,31.65903747990889,106.70500183105469,3378.177652263107,3.378177652263107,rebalance,rebalance,0.0
2020-08-27,2020-08-28,TWLO,buy,13.931072244441971,264.0,3677.8030725326803,3.6778030725326802,rebalance,rebalance,0.0
2020-08-27,2020-08-28,VEEV,buy,9.212308805636503,287.9100036621094,2652.315861967288,2.652315861967288,rebalance,rebalance,0.0
2020-08-27,2020-08-28,ZM,buy,6.169223838451138,299.2200012207031,1845.9551644721405,1.8459551644721406,rebalance,rebalance,0.0
2020-08-27,2020-08-28,ZS,buy,20.33332985324907,139.52000427246094,2836.9062679986678,2.8369062679986676,rebalance,rebalance,0.0
2020-09-25,2020-09-28,AMD,sell,61.25107975851364,79.12000274658203,4846.1855987247145,4.846185598724714,rebalance,rebalance,-327.2902636507373
2020-09-25,2020-09-28,AMZN,sell,70.0084616524236,157.4425048828125,11022.307565549896,11.022307565549896,rebalance,rebalance,-508.33723645869446
2020-09-25,2020-09-28,CDNS,sell,108.43391660194173,105.05000305175781,11390.98326994803,11.39098326994803,rebalance,rebalance,-614.3374456209916
2020-09-25,2020-09-28,COHR,sell,283.1273126398431,40.86000061035156,11568.582167271188,11.568582167271188,rebalance,rebalance,-820.0269215719845
2020-09-25,2020-09-28,CRWD,sell,219.53958750750695,34.45500183105469,7564.236889560143,7.564236889560143,rebalance,rebalance,1662.0102856836927
2020-09-25,2020-09-28,DOCU,sell,24.922751629440246,213.1199951171875,5311.536705573182,5.311536705573182,rebalance,rebalance,1130.096956922072
2020-09-25,2020-09-28,LSCC,sell,415.462819733702,28.459999084472656,11824.071469253588,11.824071469253587,rebalance,rebalance,-783.1962601278611
2020-09-25,2020-09-28,MPWR,sell,47.35841880521071,260.64023292661653,12343.509308426377,12.343509308426377,rebalance,rebalance,99.88874266806926
2020-09-25,2020-09-28,MRVL,sell,333.7921761567206,37.615544907475936,12555.774591987241,12.555774591987241,rebalance,rebalance,615.2834450370821
2020-09-25,2020-09-28,NVDA,sell,456.8243754943096,12.984004264530533,5931.409639559613,5.931409639559614,rebalance,rebalance,1701.1347974598157
2020-09-25,2020-09-28,SHOP,sell,46.31680684816867,97.0009994506836,4492.776555636627,4.492776555636627,rebalance,rebalance,550.3068441252415
2020-09-25,2020-09-28,TWLO,sell,19.436265751070607,246.61000061035156,4793.177508734478,4.793177508734478,rebalance,rebalance,102.30523916362554
2020-09-25,2020-09-28,VEEV,sell,18.62200214441258,278.29998779296875,5182.502969470659,5.182502969470659,rebalance,rebalance,890.0755891661535
2020-09-25,2020-09-28,ZM,sell,27.306325665362614,502.4100036621094,13718.971177533582,13.718971177533582,rebalance,rebalance,7335.130691527016
2020-09-25,2020-09-28,ZS,sell,39.86666319881981,139.0800018310547,5544.655590689899,5.544655590689899,rebalance,rebalance,976.7723103903704
2020-09-25,2020-09-28,AAPL,buy,57.41497463833102,111.46055396966348,6399.504879342554,6.399504879342554,rebalance,rebalance,0.0
2020-09-25,2020-09-28,CRM,buy,26.2975413784236,243.34993097845907,6399.504879342554,6.399504879342554,rebalance,rebalance,0.0
2020-09-25,2020-09-28,EPAM,buy,19.658121003149983,325.5400085449219,6399.504879342554,6.399504879342554,rebalance,rebalance,0.0
2020-09-25,2020-09-28,ESTC,buy,59.25467480872735,108.0,6399.504879342554,6.399504879342554,rebalance,rebalance,0.0
2020-09-25,2020-09-28,META,buy,24.88705669362231,257.1418933996532,6399.504879342554,6.399504879342554,rebalance,rebalance,0.0
2020-09-25,2020-09-28,NET,buy,159.3105593987777,40.16999816894531,6399.504879342554,6.399504879342554,rebalance,rebalance,0.0
2020-10-23,2020-10-26,AMD,sell,80.88352701199838,82.55000305175781,6676.935401677402,6.676935401677403,rebalance,rebalance,-155.04158924662246
2020-10-23,2020-10-26,META,sell,24.88705669362231,280.695013495499,6985.672714479562,6.985672714479563,rebalance,rebalance,572.7826575431866
2020-10-23,2020-10-26,SHOP,sell,65.97359734005767,101.9000015258789,6722.709669619597,6.722709669619597,rebalance,rebalance,1106.7379136401828
2020-10-23,2020-10-26,VEEV,sell,22.994987998717537,295.82000732421875,6802.377518200944,6.802377518200944,rebalance,rebalance,1501.5609021835685
2020-10-23,2020-10-26,AAPL,buy,68.39930963152715,110.49142421725676,7557.537136664562,7.557537136664562,rebalance,rebalance,0.0
2020-10-23,2020-10-26,CRM,buy,31.353909653493606,241.12835335497957,7560.316605987711,7.560316605987712,rebalance,rebalance,0.0
2020-10-23,2020-10-26,CRWD,buy,229.20105112485544,33.502498626708984,7678.807900550725,7.6788079005507255,rebalance,rebalance,0.0
2020-10-23,2020-10-26,DDOG,buy,138.11623691110563,100.6500015258789,13901.399455851435,13.901399455851436,rebalance,rebalance,0.0
2020-10-23,2020-10-26,DELL,buy,448.29656131149284,31.009382305282134,13901.399455851433,13.901399455851433,rebalance,rebalance,0.0
2020-10-23,2020-10-26,DOCU,buy,33.74017989544792,218.0,7355.359217207647,7.355359217207647,rebalance,rebalance,0.0
2020-10-23,2020-10-26,EPAM,buy,21.66958259005649,336.3699951171875,7288.9973900087925,7.2889973900087925,rebalance,rebalance,0.0
2020-10-23,2020-10-26,ESTC,buy,69.31912377352339,108.12000274658203,7494.783852784009,7.494783852784009,rebalance,rebalance,0.0
2020-10-23,2020-10-26,NET,buy,93.1208829997586,55.06999969482422,5128.166998378469,5.128166998378469,rebalance,rebalance,0.0
2020-10-23,2020-10-26,NOW,buy,134.18080546717755,103.60199737548828,13901.399455851431,13.90139945585143,rebalance,rebalance,0.0
2020-10-23,2020-10-26,NVDA,buy,546.9406894916741,13.369085896916106,7312.097058332712,7.312097058332712,rebalance,rebalance,0.0
2020-10-23,2020-10-26,QCOM,buy,123.83060487072333,112.26141930231395,13901.399455851433,13.901399455851433,rebalance,rebalance,0.0
2020-10-23,2020-10-26,TWLO,buy,19.184513718336127,308.0,5908.830225247527,5.908830225247527,rebalance,rebalance,0.0
2020-10-23,2020-10-26,ZM,buy,13.970729310153892,520.489013671875,7271.611118918754,7.271611118918754,rebalance,rebalance,0.0
2020-10-23,2020-10-26,ZS,buy,47.74420774977749,148.27000427246094,7079.03388704477,7.079033887044771,rebalance,rebalance,0.0
2020-11-20,2020-11-23,AAPL,sell,125.81428426985816,113.75947798730789,14312.567301885827,14.312567301885828,rebalance,rebalance,327.25567656081745
2020-11-20,2020-11-23,CRM,sell,57.651451031917205,256.7874737025849,14804.170465774301,14.804170465774302,rebalance,rebalance,815.5849884929307
2020-11-20,2020-11-23,CRWD,sell,202.53326621028964,36.625,7417.780874951858,7.417780874951858,rebalance,rebalance,1224.34084110382
2020-11-20,2020-11-23,DDOG,sell,138.11623691110563,89.77999877929688,12400.075581280142,12.400075581280142,rebalance,rebalance,-1527.6253496084223
2020-11-20,2020-11-23,DELL,sell,201.99996204116226,31.584916141323045,6380.1518616205485,6.380151861620549,rebalance,rebalance,103.61376712346195
2020-11-20,2020-11-23,DOCU,sell,28.449365538663614,220.25999450683594,6266.2570972690155,6.2662570972690155,rebalance,rebalance,730.4305776378462
2020-11-20,2020-11-23,EPAM,sell,18.58000728367731,341.9800109863281,6353.991094998023,6.353991094998023,rebalance,rebalance,187.4398946659253
2020-11-20,2020-11-23,ESTC,sell,128.57379858225073,113.26000213623047,14562.268702088984,14.562268702088984,rebalance,rebalance,639.523412528206
2020-11-20,2020-11-23,NET,sell,136.3231224903805,67.0,9133.649206855494,9.133649206855495,rebalance,rebalance,2892.884114694866
2020-11-20,2020-11-23,NOW,sell,134.18080546717755,104.0199966430664,13957.486934259756,13.957486934259757,rebalance,rebalance,28.228592018213334
2020-11-20,2020-11-23,NVDA,sell,446.6340187204197,13.114436775948434,5857.353600496714,5.8573536004967135,rebalance,rebalance,749.8953369242872
2020-11-20,2020-11-23,QCOM,sell,61.74906355313065,125.30709239401486,7737.595611896038,7.737595611896038,rebalance,rebalance,790.8884637058471
2020-11-20,2020-11-23,TWLO,sell,19.39233201885088,302.20001220703125,5860.362972819539,5.860362972819539,rebalance,rebalance,625.0340989035169
2020-11-20,2020-11-23,ZM,sell,8.701220556800386,432.010009765625,3759.014377716192,3.759014377716192,rebalance,rebalance,415.8250981789503
2020-11-20,2020-11-23,ZS,sell,39.12387455683258,142.38999938964844,5570.848474268073,5.5708484742680735,rebalance,rebalance,410.98933759175964
2020-11-20,2020-11-23,AMD,buy,90.96419246032731,85.5199966430664,7779.257433846438,7.779257433846438,rebalance,rebalance,0.0
2020-11-20,2020-11-23,GLW,buy,245.56249892208245,31.679338123671783,7779.257433846438,7.779257433846438,rebalance,rebalance,0.0
2020-11-20,2020-11-23,MPWR,buy,25.542670980450534,304.5592780723836,7779.257433846437,7.779257433846437,rebalance,rebalance,0.0
2020-11-20,2020-11-23,ON,buy,280.13169987800944,27.770000457763672,7779.257433846437,7.779257433846437,rebalance,rebalance,0.0
2020-11-20,2020-11-23,VEEV,buy,28.22969563844385,275.57000732421875,7779.257433846438,7.779257433846438,rebalance,rebalance,0.0
2020-12-21,2020-12-22,DOCU,sell,35.31852187349892,250.0,8829.630468374731,8.82963046837473,rebalance,rebalance,1956.117166218827
2020-12-21,2020-12-22,EPAM,sell,22.74769630952916,341.489990234375,7768.110590595641,7.768110590595641,rebalance,rebalance,218.34891762144898
2020-12-21,2020-12-22,GLW,sell,245.56249892208245,31.39324403251596,7709.003453895371,7.709003453895372,rebalance,rebalance,-85.74224083880769
2020-12-21,2020-12-22,TWLO,sell,25.74208179884858,369.4599914550781,9510.66932143852,9.51066932143852,rebalance,rebalance,2559.3733092122643
2020-12-21,2020-12-22,VEEV,sell,28.22969563844385,269.29998779296875,7602.256690832152,7.602256690832153,rebalance,rebalance,-192.3822571389633
2020-12-21,2020-12-22,ZS,sell,54.63345366382507,202.22999572753906,11048.523101016048,11.048523101016048,rebalance,rebalance,3839.9111066789046
2020-12-21,2020-12-22,AMD,buy,87.93441994888498,93.36000061035156,8209.557500098812,8.209557500098812,rebalance,rebalance,0.0
2020-12-21,2020-12-22,CRM,buy,74.84990175546925,223.13956561064828,16701.974563715106,16.70197456371511,rebalance,rebalance,0.0
2020-12-21,2020-12-22,CRWD,buy,101.2270854132372,53.25374984741211,5390.721884379153,5.390721884379153,rebalance,rebalance,0.0
2020-12-21,2020-12-22,CTSH,buy,229.1426251501775,72.88899022069255,16701.974563715106,16.70197456371511,rebalance,rebalance,0.0
2020-12-21,2020-12-22,DELL,buy,245.90706514185152,33.93305611339071,8344.378240137672,8.344378240137672,rebalance,rebalance,0.0
2020-12-21,2020-12-22,ENTG,buy,173.70124598952572,96.15345283546351,16701.974563715106,16.70197456371511,rebalance,rebalance,0.0
2020-12-21,2020-12-22,LRCX,buy,368.6123645020546,45.31040239596198,16701.974563715106,16.70197456371511,rebalance,rebalance,0.0
2020-12-21,2020-12-22,LSCC,buy,381.84668319154383,43.7400016784668,16701.974563715106,16.70197456371511,rebalance,rebalance,0.0
2020-12-21,2020-12-22,MPWR,buy,24.54502283792583,333.45465303869554,8184.652074247416,8.184652074247415,rebalance,rebalance,0.0
2020-12-21,2020-12-22,NET,buy,75.86839921500635,87.0,6600.550731705553,6.600550731705553,rebalance,rebalance,0.0
2020-12-21,2020-12-22,NVDA,buy,665.8500420298477,13.265718661021117,8832.979327997045,8.832979327997046,rebalance,rebalance,0.0
2020-12-21,2020-12-22,ON,buy,242.94923980515597,31.93000030517578,7757.369301120854,7.757369301120854,rebalance,rebalance,0.0
2020-12-21,2020-12-22,QCOM,buy,66.77776008572238,129.61403935785597,8655.335223980284,8.655335223980284,rebalance,rebalance,0.0
2020-12-21,2020-12-22,UI,buy,64.54467314371131,258.76611887905125,16701.974563715106,16.70197456371511,rebalance,rebalance,0.0
2020-12-21,2020-12-22,ZM,buy,22.878983525611133,408.5,9346.064770212148,9.346064770212148,rebalance,rebalance,0.0
2021-01-21,2021-01-22,AMD,sell,18.72022279471662,94.41999816894531,1767.5634019993915,1.7675634019993915,rebalance,rebalance,91.02884107927248
2021-01-21,2021-01-22,CRM,sell,74.84990175546925,221.07526628048336,16547.461961658384,16.547461961658385,rebalance,rebalance,-187.7620385820975
2021-01-21,2021-01-22,CRWD,sell,39.85451673667404,55.24250030517578,2201.663152988349,2.201663152988349,rebalance,rebalance,689.3554165407988
2021-01-21,2021-01-22,CTSH,sell,229.1426251501775,72.78898755967548,16679.059691447652,16.67905969144765,rebalance,rebalance,-56.29590652261744
2021-01-21,2021-01-22,DELL,sell,492.2036644121821,34.90454833016869,17180.14659276114,17.18014659276114,rebalance,rebalance,1165.1009151187532
2021-01-21,2021-01-22,ENTG,sell,36.019346007046295,109.84772331025273,3956.6431539982777,3.956643153998278,rebalance,rebalance,485.8386389040604
2021-01-21,2021-01-22,LRCX,sell,368.6123645020546,53.18678124125193,19605.305193591397,19.6053051935914,rebalance,rebalance,2867.0233501189864
2021-01-21,2021-01-22,LSCC,sell,31.103556365491727,43.119998931884766,1341.1853172578208,1.3411853172578208,rebalance,rebalance,-21.985945299964552
2021-01-21,2021-01-22,MPWR,sell,50.087693818376366,383.25834612606013,19196.52669409941,19.19652669409941,rebalance,rebalance,3197.456749803365
2021-01-21,2021-01-22,NET,sell,8.654982709764681,82.5,714.0360735555862,0.7140360735555862,rebalance,rebalance,176.1647677088805
2021-01-21,2021-01-22,NVDA,sell,1259.0327739115105,13.684778315815404,17229.584403325156,17.229584403325156,rebalance,rebalance,1595.0139179241478
2021-01-21,2021-01-22,ON,sell,119.23466609184271,37.45000076293945,4465.338336108341,4.46533833610834,rebalance,rebalance,915.8059445518287
2021-01-21,2021-01-22,QCOM,sell,24.54699475335974,144.98810101915973,3559.022155016906,3.5590221550169057,rebalance,rebalance,576.0670434472969
2021-01-21,2021-01-22,UI,sell,3.130610702414259,246.26352097390864,770.9552143751367,0.7709552143751367,rebalance,rebalance,-40.72181800538151
2021-01-21,2021-01-22,ZM,sell,1.1894121320625572,380.989990234375,453.1541165791608,0.4531541165791608,rebalance,rebalance,-20.500951515344116
2021-01-21,2021-01-22,BILL,buy,115.82204810865971,130.5800018310547,15124.04325410529,15.12404325410529,rebalance,rebalance,0.0
2021-01-21,2021-01-22,COHR,buy,163.66240292993908,92.41000366210938,15124.04325410529,15.12404325410529,rebalance,rebalance,0.0
2021-01-21,2021-01-22,ESTC,buy,88.60532566514556,170.69000244140625,15124.04325410529,15.12404325410529,rebalance,rebalance,0.0
2021-01-21,2021-01-22,MDB,buy,39.81059093732523,379.8999938964844,15124.04325410529,15.12404325410529,rebalance,rebalance,0.0
2021-01-21,2021-01-22,NTAP,buy,268.4460878926379,56.33922018693746,15124.043254105292,15.124043254105292,rebalance,rebalance,0.0
2021-01-21,2021-01-22,ZS,buy,71.37349546830833,211.89999389648438,15124.04325410529,15.12404325410529,rebalance,rebalance,0.0
2021-02-19,2021-02-22,AMD,sell,160.17838961449567,88.1500015258789,14119.72528893062,14.11972528893062,rebalance,rebalance,-224.4311877193852
2021-02-19,2021-02-22,BILL,sell,115.82204810865971,180.0,20847.96865955875,20.84796865955875,rebalance,rebalance,5687.953393539796
2021-02-19,2021-02-22,COHR,sell,29.071347761519178,89.01000213623047,2587.640726355921,2.5876407263559207,rebalance,rebalance,-104.11675082798149
2021-02-19,2021-02-22,CRWD,sell,70.42563910404911,58.91299819946289,4148.985549732869,4.148985549732869,rebalance,rebalance,1476.3765241492708
2021-02-19,2021-02-22,ENTG,sell,19.486736128718718,101.35736283492103,1975.1241842669076,1.9751241842669076,rebalance,rebalance,97.55837984949295
2021-02-19,2021-02-22,ESTC,sell,13.80076391285472,160.14999389648438,2210.1922564105053,2.2101922564105054,rebalance,rebalance,-150.0260142503267
2021-02-19,2021-02-22,LSCC,sell,350.7431268260521,47.290000915527344,16586.642788718927,16.586642788718926,rebalance,rebalance,1213.209684891915
2021-02-19,2021-02-22,MDB,sell,10.437169510875727,407.8500061035156,4256.799648714093,4.256799648714093,rebalance,rebalance,283.49713495363886
2021-02-19,2021-02-22,NET,sell,36.310441504714504,81.48999786376953,2958.9378006517136,2.9589378006517135,rebalance,rebalance,702.4310191419183
2021-02-19,2021-02-22,NTAP,sell,75.7866472542411,62.18200399815226,4712.565602569775,4.712565602569775,rebalance,rebalance,433.8226694738711
2021-02-19,2021-02-22,ON,sell,116.14333690403873,41.63999938964844,4836.208477795905,4.836208477795905,rebalance,rebalance,1378.2161478220517
2021-02-19,2021-02-22,QCOM,sell,104.31230664995533,125.7594904198202,13118.262528814405,13.118262528814405,rebalance,rebalance,444.21849376692967
2021-02-19,2021-02-22,UI,sell,61.41406244129705,326.7604707759451,20067.687955581514,20.067687955581516,rebalance,rebalance,4139.849806513256
2021-02-19,2021-02-22,ZM,sell,39.69669451105888,408.5,16216.099707767553,16.216099707767555,rebalance,rebalance,406.7440268653098
2021-02-19,2021-02-22,ZS,sell,18.16001948453389,225.1300048828125,4088.365275225085,4.088365275225085,rebalance,rebalance,232.32078399915892
2021-02-19,2021-02-22,AMAT,buy,106.42013969163703,112.57220806861997,11979.950108058567,11.979950108058567,rebalance,rebalance,0.0
2021-02-19,2021-02-22,LRCX,buy,215.06981371448248,55.70261070650593,11979.950108058567,11.979950108058567,rebalance,rebalance,0.0
2021-02-19,2021-02-22,MRVL,buy,239.09295704173832,50.10582601965659,11979.950108058567,11.979950108058567,rebalance,rebalance,0.0
2021-02-19,2021-02-22,MU,buy,137.22106832625155,87.30401427553016,11979.950108058565,11.979950108058565,rebalance,rebalance,0.0
2021-02-19,2021-02-22,TER,buy,87.37032051342801,137.11692984137972,11979.950108058567,11.979950108058567,rebalance,rebalance,0.0
2021-02-19,2021-02-22,TWLO,buy,28.375058649178918,422.20001220703125,11979.950108058567,11.979950108058567,rebalance,rebalance,0.0
2021-03-19,2021-03-22,AMAT,sell,54.405702450264016,112.43210355458196,6116.947571847857,6.116947571847857,rebalance,rebalance,-19.864002130889105
2021-03-19,2021-03-22,COHR,sell,50.48214251305721,69.52999877929688,3510.023307309159,3.510023307309159,rebalance,rebalance,-1163.2067454753967
2021-03-19,2021-03-22,CRWD,sell,81.45746580330177,47.977500915527344,3908.1256401544483,3.908125640154448,rebalance,rebalance,817.7564582306254
2021-03-19,2021-03-22,ENTG,sell,118.1951638537607,103.33608737475394,12213.825779265575,12.213825779265575,rebalance,rebalance,825.373967380857
2021-03-19,2021-03-22,ESTC,sell,74.80456175229084,113.93000030517578,8522.483743267036,8.522483743267037,rebalance,rebalance,-4267.197959431203
2021-03-19,2021-03-22,LRCX,sell,103.64584644982736,52.485050907987485,5439.857527320643,5.439857527320643,rebalance,rebalance,-344.69991058384085
2021-03-19,2021-03-22,MDB,sell,10.126778422391027,303.8500061035156,3077.0216854524638,3.077021685452464,rebalance,rebalance,-777.0655601512465
2021-03-19,2021-03-22,MRVL,sell,239.09295704173832,46.82485488686066,11195.493017949808,11.195493017949808,rebalance,rebalance,-807.6325332347675
2021-03-19,2021-03-22,MU,sell,71.91344293614141,89.54685703732477,6439.622793664467,6.439622793664467,rebalance,rebalance,148.57258992269124
2021-03-19,2021-03-22,NET,sell,65.78778665513637,72.0,4736.720639169819,4.736720639169819,rebalance,rebalance,648.9731201125037
2021-03-19,2021-03-22,NTAP,sell,192.65944063839677,61.864753380338215,11918.828781488326,11.918828781488326,rebalance,rebalance,1041.7730228407781
2021-03-19,2021-03-22,ON,sell,143.97984030908313,40.689998626708984,5858.539504450371,5.858539504450372,rebalance,rebalance,1571.8941355979314
2021-03-19,2021-03-22,TER,sell,36.54709637839233,115.06732785620133,4205.376721164659,4.205376721164659,rebalance,rebalance,-815.0655312286917
2021-03-19,2021-03-22,TWLO,sell,11.957977704215207,356.2200012207031,4259.670832392681,4.259670832392682,rebalance,rebalance,-798.2958294634693
2021-03-19,2021-03-22,ZS,sell,21.343761573663517,183.5,3916.5802487672554,3.9165802487672554,rebalance,rebalance,-614.6020216160155
2021-03-19,2021-03-22,BILL,buy,39.45016444649979,148.24000549316406,5848.092594255355,5.848092594255355,rebalance,rebalance,0.0
2021-03-19,2021-03-22,KLAC,buy,205.9296582890856,28.398496082802016,5848.092594255355,5.848092594255355,rebalance,rebalance,0.0
2021-03-19,2021-03-22,UI,buy,17.802642351990215,328.4957636416022,5848.092594255355,5.848092594255355,rebalance,rebalance,0.0
2021-03-19,2021-03-22,WDC,buy,109.4711091101583,53.421333188198105,5848.092594255355,5.848092594255355,rebalance,rebalance,0.0
2021-04-19,2021-04-20,BILL,sell,39.45016444649979,153.8300018310547,6068.6188690404715,6.068618869040471,rebalance,rebalance,208.60956332182204
2021-04-19,2021-04-20,CRWD,sell,121.89239711655532,54.022499084472656,6584.931911633287,6.584931911633287,rebalance,rebalance,1959.7876733742885
2021-04-19,2021-04-20,KLAC,sell,205.9296582890856,30.586131876654346,6298.591685744338,6.298591685744338,rebalance,rebalance,438.3524072089841
2021-04-19,2021-04-20,MDB,sell,19.246643004058477,303.0799865722656,5833.272303231233,5.833272303231233,rebalance,rebalance,-1491.6723284013963
2021-04-19,2021-04-20,NET,sell,81.2235082535466,74.11000061035156,6019.474246245233,6.019474246245234,rebalance,rebalance,972.4512948171999
2021-04-19,2021-04-20,TER,sell,50.82322413503568,122.99187998164301,6250.843883096451,6.250843883096451,rebalance,rebalance,-731.1001432810851
2021-04-19,2021-04-20,TWLO,sell,16.41708094496371,369.0,6057.902868691609,6.057902868691609,rebalance,rebalance,-886.3781013199479
2021-04-19,2021-04-20,ZS,sell,31.869714410110927,191.99000549316406,6118.666644662767,6.118666644662767,rebalance,rebalance,-647.3975032560858
2021-04-19,2021-04-20,ACLS,buy,269.1981776722088,41.630001068115234,11206.720424028726,11.206720424028727,rebalance,rebalance,0.0
2021-04-19,2021-04-20,AMAT,buy,38.58557966312745,123.69446283703776,4772.822549686278,4.772822549686278,rebalance,rebalance,0.0
2021-04-19,2021-04-20,COHR,buy,61.84993863665544,76.77999877929688,4748.838213021991,4.74883821302199,rebalance,rebalance,0.0
2021-04-19,2021-04-20,FFIV,buy,53.636069173357384,208.94000244140625,11206.720424028726,11.206720424028727,rebalance,rebalance,0.0
2021-04-19,2021-04-20,HPE,buy,812.4328819067617,13.794026157246128,11206.720424028726,11.206720424028727,rebalance,rebalance,0.0
2021-04-19,2021-04-20,HPQ,buy,400.9177770897332,27.952665270615935,11206.720424028726,11.206720424028727,rebalance,rebalance,0.0
2021-04-19,2021-04-20,IT,buy,58.59110249229116,191.27000427246094,11206.720424028726,11.206720424028727,rebalance,rebalance,0.0
2021-04-19,2021-04-20,LRCX,buy,80.37688702562372,58.42893904459905,4696.336232614793,4.696336232614793,rebalance,rebalance,0.0
2021-04-19,2021-04-20,MU,buy,64.7269652853774,86.1826100717774,5578.338810319153,5.578338810319153,rebalance,rebalance,0.0
2021-04-19,2021-04-20,NTAP,buy,164.03253361419695,68.32010807311453,11206.720424028726,11.206720424028727,rebalance,rebalance,0.0
2021-04-19,2021-04-20,NXPI,buy,63.43278547001745,176.67079162597656,11206.720424028726,11.206720424028727,rebalance,rebalance,0.0
2021-04-19,2021-04-20,ON,buy,130.27983775220085,40.900001525878906,5328.445562856271,5.328445562856271,rebalance,rebalance,0.0
2021-04-19,2021-04-20,STX,buy,158.82675860776885,70.55939768754156,11206.720424028728,11.20672042402873,rebalance,rebalance,0.0
2021-04-19,2021-04-20,UI,buy,24.19945722546185,266.8133387799694,6456.737978988531,6.456737978988531,rebalance,rebalance,0.0
2021-04-19,2021-04-20,WDC,buy,108.4740326730797,51.419913893628376,5577.72541974439,5.57772541974439,rebalance,rebalance,0.0
2021-05-17,2021-05-18,ACLS,sell,5.3829685532800795,38.540000915527344,207.45961297166917,0.20745961297166918,rebalance,rebalance,-17.064926250605605
2021-05-17,2021-05-18,AMAT,sell,5.752553274938634,119.8319662843887,689.3397700915963,0.6893397700915963,rebalance,rebalance,13.149000254957222
2021-05-17,2021-05-18,COHR,sell,145.95885129201812,62.27000045776367,9088.857736768628,9.08885773676863,rebalance,rebalance,-3454.095603627754
2021-05-17,2021-05-18,FFIV,sell,53.636069173357384,181.1300048828125,9715.101471265092,9.715101471265092,rebalance,rebalance,-1512.540774658927
2021-05-17,2021-05-18,HPE,sell,97.23216225721171,14.216202698950887,1382.2721275058038,1.3822721275058039,rebalance,rebalance,38.32564288721849
2021-05-17,2021-05-18,HPQ,sell,28.490854210278485,27.300492462690446,777.8143506233201,0.7778143506233202,rebalance,rebalance,-20.155170052150158
2021-05-17,2021-05-18,IT,sell,58.59110249229116,229.52000427246094,13447.830094358864,13.447830094358864,rebalance,rebalance,2216.4551198117506
2021-05-17,2021-05-18,LRCX,sell,12.309899367988919,56.645965282069575,697.3061322248706,0.6973061322248706,rebalance,rebalance,-3.8486079425345174
2021-05-17,2021-05-18,MU,sell,0.5910787858342701,78.54730030533308,46.42764289503607,0.04642764289503607,rebalance,rebalance,-4.943669926486317
2021-05-17,2021-05-18,NTAP,sell,18.573615910515514,69.89903789663781,1298.2778824067188,1.298277882406719,rebalance,rebalance,26.759206763057918
2021-05-17,2021-05-18,NXPI,sell,63.43278547001745,175.9508517563976,11161.052632730412,11.161052632730412,rebalance,rebalance,-68.03556435507153
2021-05-17,2021-05-18,ON,sell,0.39048949306328495,37.15999984741211,14.5105895026477,0.0145105895026477,rebalance,rebalance,0.8049693307855151
2021-05-17,2021-05-18,STX,sell,46.15466842375071,90.23919219362932,4164.959994524074,4.164959994524074,rebalance,rebalance,900.8927844770596
2021-05-17,2021-05-18,UI,sell,42.002099577452064,267.31458157038105,11227.773673624077,11.227773673624077,rebalance,rebalance,-1100.589503866675
2021-05-17,2021-05-18,WDC,sell,42.9502399502247,58.101340636058644,2495.46652174846,2.49546652174846,rebalance,rebalance,239.0443884750232
2021-05-17,2021-05-18,BILL,buy,72.62456000695393,140.0,10167.43840097355,10.16743840097355,rebalance,rebalance,0.0
2021-05-17,2021-05-18,CRWD,buy,212.56338898593535,47.83250045776367,10167.43840097355,10.16743840097355,rebalance,rebalance,0.0
2021-05-17,2021-05-18,DELL,buy,223.60164827443634,45.47121400686007,10167.43840097355,10.16743840097355,rebalance,rebalance,0.0
2021-05-17,2021-05-18,FTNT,buy,248.90908997549417,40.847999572753906,10167.43840097355,10.16743840097355,rebalance,rebalance,0.0
2021-05-17,2021-05-18,LSCC,buy,213.78128905360862,47.560001373291016,10167.43840097355,10.16743840097355,rebalance,rebalance,0.0
2021-06-15,2021-06-16,BILL,sell,72.62456000695393,159.39999389648438,11576.35442184332,11.57635442184332,rebalance,rebalance,1387.1722280469537
2021-06-15,2021-06-16,CRWD,sell,212.56338898593535,57.25,12169.2540194448,12.1692540194448,rebalance,rebalance,1979.4789260508314
2021-06-15,2021-06-16,LRCX,sell,179.49095492228992,61.29321249226194,11001.577240490924,11.001577240490924,rebalance,rebalance,777.1880506487446
2021-06-15,2021-06-16,LSCC,sell,213.78128905360862,52.52000045776367,11227.793398956832,11.227793398956832,rebalance,rebalance,1038.959766183354
2021-06-15,2021-06-16,MU,sell,129.44351188965328,80.67309729777486,10442.609029239677,10.442609029239676,rebalance,rebalance,-807.7453209589185
2021-06-15,2021-06-16,ON,sell,273.6124446373384,37.560001373291016,10276.883796327942,10.276883796327942,rebalance,rebalance,673.3706560570391
2021-06-15,2021-06-16,ACLS,buy,333.12534005811017,41.72999954223633,13901.320288132258,13.901320288132258,rebalance,rebalance,0.0
2021-06-15,2021-06-16,AMAT,buy,101.58960452849091,133.61253258274962,13573.64434513164,13.57364434513164,rebalance,rebalance,0.0
2021-06-15,2021-06-16,CDW,buy,156.40759621016943,159.26546694335357,24910.328843900134,24.910328843900135,rebalance,rebalance,0.0
2021-06-15,2021-06-16,DELL,buy,303.1564241338075,47.289885335813764,14336.232536103082,14.336232536103083,rebalance,rebalance,0.0
2021-06-15,2021-06-16,EPAM,buy,49.32933641322796,504.9800109863281,24910.328843900134,24.910328843900135,rebalance,rebalance,0.0
2021-06-15,2021-06-16,FTNT,buy,291.9613498357916,46.055999755859375,13446.571856757593,13.446571856757593,rebalance,rebalance,0.0
2021-06-15,2021-06-16,GEN,buy,996.9236825911197,24.98719739424317,24910.328843900134,24.910328843900135,rebalance,rebalance,0.0
2021-06-15,2021-06-16,GOOGL,buy,206.85165097021255,120.4260576459567,24910.328843900134,24.910328843900135,rebalance,rebalance,0.0
2021-06-15,2021-06-16,HPE,buy,1121.6370504027764,13.561529085494854,15211.11348240591,15.21111348240591,rebalance,rebalance,0.0
2021-06-15,2021-06-16,HPQ,buy,650.5380182449476,24.351107102966495,15841.32095683429,15.84132095683429,rebalance,rebalance,0.0
2021-06-15,2021-06-16,IT,buy,106.42255762993139,234.07000732421875,24910.328843900134,24.910328843900135,rebalance,rebalance,0.0
2021-06-15,2021-06-16,NTAP,buy,191.26062383020962,73.97945699980377,14149.357096402638,14.149357096402639,rebalance,rebalance,0.0
2021-06-15,2021-06-16,ORCL,buy,342.93564850266785,72.63849341024792,24910.328843900134,24.910328843900135,rebalance,rebalance,0.0
2021-06-15,2021-06-16,STX,buy,195.76537132937807,80.76298100001777,15810.594965135986,15.810594965135987,rebalance,rebalance,0.0
2021-06-15,2021-06-16,WDC,buy,269.51708398494395,56.0397236489856,15103.662905196701,15.103662905196702,rebalance,rebalance,0.0
2021-07-14,2021-07-15,ACLS,sell,596.9405491770389,36.189998626708984,21603.277654943944,21.603277654943945,rebalance,rebalance,-3327.1572959748405
2021-07-14,2021-07-15,CDW,sell,156.40759621016943,163.5518187093639,25580.746820133027,25.580746820133026,rebalance,rebalance,619.9269005688612
2021-07-14,2021-07-15,EPAM,sell,3.833503505241815,543.3599853515625,2082.972408453356,2.082972408453356,rebalance,rebalance,143.11095120957066
2021-07-14,2021-07-15,FTNT,sell,61.361290323299045,51.55400085449219,3163.420013760102,3.163420013760102,rebalance,rebalance,478.5882707978862
2021-07-14,2021-07-15,GOOGL,sell,12.867652407206378,127.43636220289176,1639.8068128656641,1.6398068128656642,rebalance,rebalance,87.01675484387134
2021-07-14,2021-07-15,HPQ,sell,1022.9649411244022,23.595064388005188,24136.923652502206,24.136923652502208,rebalance,rebalance,-2165.110987069328
2021-07-14,2021-07-15,IT,sell,8.89764237384854,253.47999572753906,2255.3743509082988,2.2553743509082986,rebalance,rebalance,168.3650897267685
2021-07-14,2021-07-15,NTAP,sell,336.71954153389106,70.86955819613772,23863.165144512903,23.8631651445129,rebalance,rebalance,-271.91122082215156
2021-07-14,2021-07-15,ORCL,sell,42.773221463075856,82.35746008003791,3522.6938791398907,3.522693879139891,rebalance,rebalance,409.08183751466004
2021-07-14,2021-07-15,AMAT,buy,4.789474154009525,129.2739742273798,619.154358348129,0.619154358348129,rebalance,rebalance,0.0
2021-07-14,2021-07-15,DELL,buy,50.94023114760853,42.79156603071188,2179.8122647726163,2.1798122647726164,rebalance,rebalance,0.0
2021-07-14,2021-07-15,GEN,buy,56.296325546161256,23.471463617711965,1321.3571568675925,1.3213571568675926,rebalance,rebalance,0.0
2021-07-14,2021-07-15,HPE,buy,213.04685341481036,12.05951535976132,2569.241801104724,2.5692418011047238,rebalance,rebalance,0.0
2021-07-14,2021-07-15,INTU,buy,50.67468900484645,487.8296362129869,24720.61510244049,24.72061510244049,rebalance,rebalance,0.0
2021-07-14,2021-07-15,META,buy,71.40767469223763,346.18989077833317,24720.615102440494,24.720615102440494,rebalance,rebalance,0.0
2021-07-14,2021-07-15,NVDA,buy,1252.0913493005714,19.743459705435733,24720.61510244049,24.72061510244049,rebalance,rebalance,0.0
2021-07-14,2021-07-15,STX,buy,8.397876636424257,78.0235413347452,655.2320748661391,0.6552320748661391,rebalance,rebalance,0.0
2021-07-14,2021-07-15,UI,buy,86.97178749284933,284.23717408904554,24720.61510244049,24.72061510244049,rebalance,rebalance,0.0
2021-07-14,2021-07-15,WDC,buy,26.79927732257164,52.450720014025315,1405.641391424423,1.405641391424423,rebalance,rebalance,0.0
2021-08-11,2021-08-12,DELL,sell,577.6983035558524,46.240125633713355,26712.842134805687,26.712842134805687,rebalance,rebalance,-24.03739238021138
2021-08-11,2021-08-12,EPAM,sell,2.1444944246434545,598.0,1282.4076659367859,1.2824076659367858,rebalance,rebalance,197.11551333616148
2021-08-11,2021-08-12,FTNT,sell,46.4881633213505,59.86800003051758,2783.1533631413176,2.783153363141318,rebalance,rebalance,748.7011507658376
2021-08-11,2021-08-12,GOOGL,sell,1.5170349660795353,134.69376732793685,204.3351547494615,0.2043351547494615,rebalance,rebalance,21.257588778409946
2021-08-11,2021-08-12,HPE,sell,2049.884623467137,13.205561637878418,27069.87774573447,27.06987774573447,rebalance,rebalance,-630.6907027670871
2021-08-11,2021-08-12,INTU,sell,0.1606741345083904,513.2060969531373,82.45894545237442,0.08245894545237442,rebalance,rebalance,3.916500316271377
2021-08-11,2021-08-12,IT,sell,9.575059257461533,294.760009765625,2822.3445602357992,2.8223445602357993,rebalance,rebalance,576.0467909611905
2021-08-11,2021-08-12,UI,sell,86.97178749284933,295.3099545095034,25683.634608123535,25.683634608123537,rebalance,rebalance,912.6152559724851
2021-08-11,2021-08-12,WDC,sell,471.31126314052887,49.147629320415334,23163.831255367444,23.163831255367445,rebalance,rebalance,-2568.4633420677214
2021-08-11,2021-08-12,ADBE,buy,41.412300979295416,626.0,25924.10041303893,25.924100413038932,rebalance,rebalance,0.0
2021-08-11,2021-08-12,AMAT,buy,13.836774651227245,126.41997992103029,1749.2447735799692,1.7492447735799692,rebalance,rebalance,0.0
2021-08-11,2021-08-12,ENTG,buy,228.895466238665,113.25737830913766,25924.10041303893,25.924100413038932,rebalance,rebalance,0.0
2021-08-11,2021-08-12,GEN,buy,60.20908114056806,23.28311758933194,1401.8551161414741,1.401855116141474,rebalance,rebalance,0.0
2021-08-11,2021-08-12,LSCC,buy,431.92436213461593,60.02000045776367,25924.10041303893,25.924100413038932,rebalance,rebalance,0.0
2021-08-11,2021-08-12,META,buy,1.5502179227783017,355.3296221127873,550.838348693284,0.5508383486932841,rebalance,rebalance,0.0
2021-08-11,2021-08-12,NTAP,buy,350.1048239837366,74.04668155684476,25924.10041303893,25.924100413038932,rebalance,rebalance,0.0
2021-08-11,2021-08-12,NVDA,buy,57.10678623730337,19.80151033623967,1130.8006179473919,1.130800617947392,rebalance,rebalance,0.0
2021-08-11,2021-08-12,ORCL,buy,11.045196254483074,83.30162397256574,920.0827850941405,0.9200827850941405,rebalance,rebalance,0.0
2021-08-11,2021-08-12,STX,buy,1.6742669378562027,81.39189524881914,136.27175922455325,0.13627175922455326,rebalance,rebalance,0.0
2021-09-09,2021-09-10,ADBE,sell,0.4242333471168678,666.1799926757812,282.6157680751371,0.2826157680751371,rebalance,rebalance,16.49750693660763
2021-09-09,2021-09-10,AMAT,sell,205.0633169632895,132.6767879441278,27207.142219857826,27.207142219857825,rebalance,rebalance,1258.620183172028
2021-09-09,2021-09-10,ENTG,sell,228.895466238665,118.89769554398656,27215.143456243644,27.215143456243645,rebalance,rebalance,1237.9037993354348
2021-09-09,2021-09-10,EPAM,sell,0.34456311365841685,634.9099731445312,218.76655723946152,0.21876655723946153,rebalance,rebalance,44.376308276590585
2021-09-09,2021-09-10,GEN,sell,1113.429089277849,24.676111188355605,27475.10000736972,27.475100007369722,rebalance,rebalance,-213.54975066375295
2021-09-09,2021-09-10,GOOGL,sell,192.46696359692663,142.85316370039908,27494.514657630512,27.494514657630514,rebalance,rebalance,4265.80445225408
2021-09-09,2021-09-10,INTU,sell,0.9509879682137523,550.9233858723185,523.9215113721572,0.5239215113721571,rebalance,rebalance,59.01355516956611
2021-09-09,2021-09-10,IT,sell,1.6795019734239958,316.510009765625,531.5791860098153,0.5315791860098154,rebalance,rebalance,137.53344656419065
2021-09-09,2021-09-10,META,sell,72.95789261501594,378.0401728089301,27581.01433195599,27.58101433195599,rebalance,rebalance,2256.708413039129
2021-09-09,2021-09-10,NTAP,sell,350.1048239837366,82.41787047018379,28854.894034078097,28.854894034078097,rebalance,rebalance,2876.014626592053
2021-09-09,2021-09-10,NVDA,sell,83.35931379897283,22.2748946360381,1856.8199318045567,1.8568199318045568,rebalance,rebalance,207.30476826194166
2021-09-09,2021-09-10,STX,sell,318.5096050876767,75.1462159574795,23934.791568450062,23.934791568450063,rebalance,rebalance,-665.869015544562
2021-09-09,2021-09-10,ANET,buy,1209.8778236928217,22.568750381469727,27305.430594999132,27.305430594999134,rebalance,rebalance,0.0
2021-09-09,2021-09-10,DDOG,buy,192.64448664294738,141.74000549316406,27305.430594999132,27.305430594999134,rebalance,rebalance,0.0
2021-09-09,2021-09-10,DOCU,buy,96.21635333867549,283.7919921875,27305.430594999136,27.305430594999137,rebalance,rebalance,0.0
2021-09-09,2021-09-10,FTNT,buy,2.8477147065895565,62.645999908447266,178.3979352482933,0.1783979352482933,rebalance,rebalance,0.0
2021-09-09,2021-09-10,LSCC,buy,3.986092224543711,62.63999938964844,249.68881451250044,0.24968881451250044,rebalance,rebalance,0.0
2021-09-09,2021-09-10,MPWR,buy,57.323426726731526,476.33981696816187,27305.430594999132,27.305430594999134,rebalance,rebalance,0.0
2021-09-09,2021-09-10,NET,buy,211.16256368828965,129.30999755859375,27305.430594999132,27.305430594999134,rebalance,rebalance,0.0
2021-09-09,2021-09-10,ORCL,buy,14.607899526813469,83.80641400566364,1224.2356754972675,1.2242356754972674,rebalance,rebalance,0.0
2021-09-09,2021-09-10,SHOP,buy,180.23386531352563,151.5,27305.430594999132,27.305430594999134,rebalance,rebalance,0.0
2021-09-09,2021-09-10,TEAM,buy,71.97003435495351,379.3999938964844,27305.430594999132,27.305430594999134,rebalance,rebalance,0.0
2021-10-07,2021-10-08,ADBE,sell,17.96568978260861,581.2999877929688,10443.455251322648,10.443455251322648,rebalance,rebalance,-824.7565296455767
2021-10-07,2021-10-08,ANET,sell,1209.8778236928217,23.049375534057617,27886.9283086242,27.8869283086242,rebalance,rebalance,526.3053547214475
2021-10-07,2021-10-08,DDOG,sell,99.1753663223132,143.17999267578125,14199.928223646726,14.199928223646726,rebalance,rebalance,114.55421114453894
2021-10-07,2021-10-08,DOCU,sell,46.43245482557395,268.82000732421875,12481.972846292245,12.481972846292246,rebalance,rebalance,-720.845142516879
2021-10-07,2021-10-08,EPAM,sell,20.56089307373094,596.22998046875,12259.020875770657,12.259020875770657,rebalance,rebalance,1853.5390046232567
2021-10-07,2021-10-08,FTNT,sell,220.14060566495004,62.0359992980957,13656.642458513204,13.656642458513204,rebalance,rebalance,3994.860427406797
2021-10-07,2021-10-08,INTU,sell,23.846206385777084,520.395122500198,12409.44949329147,12.40944949329147,rebalance,rebalance,752.5209713785057
2021-10-07,2021-10-08,IT,sell,42.46951751068075,305.5400085449219,12976.136743112107,12.976136743112107,rebalance,rebalance,3012.379491313134
2021-10-07,2021-10-08,LSCC,sell,435.91045435915964,66.08000183105469,28804.96362222915,28.80496362222915,rebalance,rebalance,2576.1956418279406
2021-10-07,2021-10-08,MPWR,sell,57.323426726731526,456.8325801262931,26187.208933253274,26.187208933253274,rebalance,rebalance,-1171.71430127411
2021-10-07,2021-10-08,NET,sell,113.5839376693849,137.14999389648438,15578.0363580948,15.5780363580948,rebalance,rebalance,860.2320803103579
2021-10-07,2021-10-08,NVDA,sell,589.5263418241102,21.03197467494621,12398.903091458367,12.398903091458367,rebalance,rebalance,734.0810622923902
2021-10-07,2021-10-08,ORCL,sell,325.81552282088853,86.65888834281306,28234.811012490638,28.23481101249064,rebalance,rebalance,4234.963597428202
2021-10-07,2021-10-08,SHOP,sell,180.23386531352563,141.7779998779297,25553.196934419833,25.553196934419834,rebalance,rebalance,-1805.092288108714
2021-10-07,2021-10-08,TEAM,sell,38.52697886889595,400.1700134277344,15417.341651296132,15.417341651296132,rebalance,rebalance,770.1716263880202
2021-10-07,2021-10-08,BILL,buy,47.87132665543524,279.55999755859375,13382.907962920119,13.382907962920118,rebalance,rebalance,0.0
2021-10-07,2021-10-08,MDB,buy,28.267378958068527,473.44000244140625,13382.907962920119,13.382907962920118,rebalance,rebalance,0.0
2021-10-07,2021-10-08,PANW,buy,162.54543582444168,82.33333587646484,13382.907962920119,13.382907962920118,rebalance,rebalance,0.0
2021-10-07,2021-10-08,SNOW,buy,41.37550613030769,323.45001220703125,13382.907962920119,13.382907962920118,rebalance,rebalance,0.0
2021-10-07,2021-10-08,ZS,buy,49.1476627354652,272.29998779296875,13382.907962920119,13.382907962920118,rebalance,rebalance,0.0
2021-11-04,2021-11-05,ADBE,sell,23.02237784956994,676.739990234375,15580.16376109005,15.58016376109005,rebalance,rebalance,1138.1630549643496
2021-11-04,2021-11-05,EPAM,sell,22.445882295953336,725.4000244140625,16282.243565479723,16.282243565479725,rebalance,rebalance,4919.9047116174925
2021-11-04,2021-11-05,IT,sell,43.80083651451657,332.3699951171875,14558.0838184586,14.558083818458599,rebalance,rebalance,4280.811148756581
2021-11-04,2021-11-05,BILL,buy,23.31928868103286,338.5,7893.579218529622,7.893579218529623,rebalance,rebalance,0.0
2021-11-04,2021-11-05,DDOG,buy,30.817967034326188,193.88999938964844,5975.29560947571,5.97529560947571,rebalance,rebalance,0.0
2021-11-04,2021-11-05,DOCU,buy,36.11480597608621,280.5400085449219,10131.647977129422,10.131647977129422,rebalance,rebalance,0.0
2021-11-04,2021-11-05,ESTC,buy,138.43868718009549,174.07000732421875,24098.02329139445,24.09802329139445,rebalance,rebalance,0.0
2021-11-04,2021-11-05,FTNT,buy,129.28841339286026,69.84600067138672,9030.278608640241,9.030278608640241,rebalance,rebalance,0.0
2021-11-04,2021-11-05,INTU,buy,14.020103521563936,606.4390708350662,8502.338552628673,8.502338552628673,rebalance,rebalance,0.0
2021-11-04,2021-11-05,MDB,buy,16.31401052460805,540.5399780273438,8818.37489050949,8.81837489050949,rebalance,rebalance,0.0
2021-11-04,2021-11-05,MPWR,buy,46.22287537581263,521.3440984678421,24098.02329139445,24.09802329139445,rebalance,rebalance,0.0
2021-11-04,2021-11-05,MRVL,buy,340.6469909475194,70.7419232571675,24098.02329139445,24.09802329139445,rebalance,rebalance,0.0
2021-11-04,2021-11-05,NET,buy,13.944990637836298,216.0800018310547,3013.233602557708,3.013233602557708,rebalance,rebalance,0.0
2021-11-04,2021-11-05,NVDA,buy,164.59892197277554,30.088251003295557,4952.493679188731,4.9524936791887315,rebalance,rebalance,0.0
2021-11-04,2021-11-05,PANW,buy,130.61191658152566,82.20166778564453,10736.517375680889,10.73651737568089,rebalance,rebalance,0.0
2021-11-04,2021-11-05,SNOW,buy,25.950573786171468,357.92999267578125,9288.488685216675,9.288488685216675,rebalance,rebalance,0.0
2021-11-04,2021-11-05,TEAM,buy,20.421719489092986,447.3800048828125,9136.268964745846,9.136268964745847,rebalance,rebalance,0.0
2021-11-04,2021-11-05,ZS,buy,23.01290744129215,333.95001220703125,7685.160720938794,7.685160720938794,rebalance,rebalance,0.0
2021-12-03,2021-12-06,BILL,sell,29.50045385648651,234.32000732421875,6912.546563719696,6.912546563719696,rebalance,rebalance,-1919.8788876462318
2021-12-03,2021-12-06,DDOG,sell,63.39548734672908,160.42999267578125,10170.537570713328,10.170537570713329,rebalance,rebalance,345.1175797122823
2021-12-03,2021-12-06,DOCU,sell,85.89870448918775,135.63999938964844,11651.300224485018,11.651300224485018,rebalance,rebalance,-12644.530710477313
2021-12-03,2021-12-06,ESTC,sell,138.43868718009549,109.76000213623047,15195.030600624223,15.195030600624223,rebalance,rebalance,-8942.285744662242
2021-12-03,2021-12-06,FTNT,sell,180.99422505263013,59.55799865722656,10779.653812650307,10.779653812650308,rebalance,rebalance,1066.9741907773753
2021-12-03,2021-12-06,INTU,sell,39.73692403791116,627.4843828781453,24934.299257404422,24.934299257404422,rebalance,rebalance,3840.551442724328
2021-12-03,2021-12-06,MDB,sell,21.89902877526569,430.67999267578125,9431.473552538151,9.43147355253815,rebalance,rebalance,-1494.4574791143875
2021-12-03,2021-12-06,MPWR,sell,27.65596077412979,526.1422887382558,14550.970498956074,14.550970498956074,rebalance,rebalance,103.729319469369
2021-12-03,2021-12-06,MRVL,sell,221.5885545062375,82.05079148805231,18181.516281930206,18.181516281930207,rebalance,rebalance,2472.0586475838013
2021-12-03,2021-12-06,NET,sell,47.87053223870737,153.47000122070312,7346.690641110128,7.346690641110128,rebalance,rebalance,623.1111947646483
2021-12-03,2021-12-06,NVDA,sell,472.9428407647125,29.78590054452752,14087.028418264043,14.087028418264042,rebalance,rebalance,3718.639310623093
2021-12-03,2021-12-06,PANW,sell,293.15735240596734,86.27833557128906,25293.128426072697,25.2931284260727,rebalance,rebalance,1124.2905337070192
2021-12-03,2021-12-06,SNOW,sell,67.32607991647916,340.260009765625,22908.372609862447,22.908372609862447,rebalance,rebalance,191.39619246765736
2021-12-03,2021-12-06,TEAM,sell,25.425651413761468,343.5,8733.711260627064,8.733711260627064,rebalance,rebalance,-1587.1171514918665
2021-12-03,2021-12-06,ZS,sell,39.806993756445614,301.94000244140625,12019.323792006233,12.019323792006233,rebalance,rebalance,373.5946322060823
2021-12-03,2021-12-06,AMD,buy,69.21382305216036,141.13999938964844,9768.838943337149,9.76883894333715,rebalance,rebalance,0.0
2021-12-03,2021-12-06,ANET,buy,318.9824961089681,30.625,9768.838943337149,9.76883894333715,rebalance,rebalance,0.0
2021-12-03,2021-12-06,LSCC,buy,131.33690917000192,74.37999725341797,9768.838943337149,9.76883894333715,rebalance,rebalance,0.0
2021-12-03,2021-12-06,NOW,buy,81.19318120376637,120.31600189208984,9768.838943337149,9.76883894333715,rebalance,rebalance,0.0
2021-12-03,2021-12-06,ON,buy,152.51894579057398,64.05000305175781,9768.838943337149,9.76883894333715,rebalance,rebalance,0.0
2022-01-03,2022-01-04,AMD,sell,15.170317174566748,151.00999450683594,2290.8695131982836,2.2908695131982837,rebalance,rebalance,145.29894836920246
2022-01-03,2022-01-04,ANET,sell,318.9824961089681,35.5625,11343.815017875178,11.343815017875178,rebalance,rebalance,1553.8634205768187
2022-01-03,2022-01-04,BILL,sell,6.974593525284966,235.0850067138672,1639.6223657181108,1.6396223657181108,rebalance,rebalance,-448.57380464518747
2022-01-03,2022-01-04,DDOG,sell,10.958233612012904,163.44000244140625,1791.0137283008892,1.7910137283008891,rebalance,rebalance,92.60674122096032
2022-01-03,2022-01-04,FTNT,sell,164.0222835485059,66.0999984741211,10841.872692278097,10.841872692278097,rebalance,rebalance,2038.8840698334886
2022-01-03,2022-01-04,LSCC,sell,27.558811649062292,78.63999938964844,2167.224931261695,2.167224931261695,rebalance,rebalance,113.18354723095213
2022-01-03,2022-01-04,MDB,sell,22.682360707410886,488.77099609375,11086.480036718955,11.086480036718955,rebalance,rebalance,-231.5910215008019
2022-01-03,2022-01-04,MPWR,sell,1.6556068686690075,482.5829944406757,798.9677202988402,0.7989677202988402,rebalance,rebalance,-65.83525865523275
2022-01-03,2022-01-04,MRVL,sell,119.05843644128188,88.70251173852353,10560.782356003063,10.560782356003063,rebalance,rebalance,2119.3763770256965
2022-01-03,2022-01-04,NOW,sell,81.19318120376637,125.6780014038086,10204.196741306636,10.204196741306635,rebalance,rebalance,415.38476228484444
2022-01-03,2022-01-04,NVDA,sell,57.56883706365869,30.18164886854297,1737.522426025709,1.737522426025709,rebalance,rebalance,475.4103341425178
2022-01-03,2022-01-04,ON,sell,36.840573392513164,70.55000305175781,2599.1025652703115,2.5991025652703117,rebalance,rebalance,234.5049856478467
2022-01-03,2022-01-04,TEAM,sell,4.939038458900612,347.2799987792969,1715.2292699779048,1.7152292699779048,rebalance,rebalance,-289.6532131228969
2022-01-03,2022-01-04,ZS,sell,4.964085621026989,297.9649963378906,1479.1237538902822,1.4791237538902822,rebalance,rebalance,26.876152881633676
2022-01-03,2022-01-04,ACLS,buy,106.12625960688878,76.9000015258789,8161.109525705569,8.16110952570557,rebalance,rebalance,0.0
2022-01-03,2022-01-04,CDNS,buy,44.794497043438184,182.19000244140625,8161.109525705568,8.161109525705568,rebalance,rebalance,0.0
2022-01-03,2022-01-04,INTU,buy,13.387523846457455,609.6056014021684,8161.109525705568,8.161109525705568,rebalance,rebalance,0.0
2022-01-03,2022-01-04,NET,buy,1.887469273910213,124.5199966430664,235.0276676511907,0.2350276676511907,rebalance,rebalance,0.0
2022-01-03,2022-01-04,PANW,buy,91.10923587774369,89.57499694824219,8161.109525705569,8.16110952570557,rebalance,rebalance,0.0
2022-01-03,2022-01-04,SNOW,buy,24.7119137795778,330.25,8161.109525705568,8.161109525705568,rebalance,rebalance,0.0
2022-01-21,2022-01-24,ACLS,sell,106.12625960688878,58.869998931884766,6247.652789702468,6.247652789702468,market_trend_exit,risk_exit,-1927.8654983185074
2022-01-21,2022-01-24,AMD,sell,54.04350587759362,115.4000015258789,6236.620660738149,6.236620660738149,market_trend_exit,risk_exit,-1404.9440468871908
2022-01-21,2022-01-24,BILL,sell,34.715567954696624,152.0,5276.766329113887,5.276766329113887,market_trend_exit,risk_exit,-5114.204653046628
2022-01-21,2022-01-24,CDNS,sell,44.794497043438184,146.19000244140625,6548.507632141793,6.548507632141793,market_trend_exit,risk_exit,-1627.311510721621
2022-01-21,2022-01-24,DDOG,sell,49.933366396218396,121.74500274658203,6079.137829053696,6.079137829053696,market_trend_exit,risk_exit,-1657.9087283941708
2022-01-21,2022-01-24,INTU,sell,13.387523846457455,508.3768744013405,6805.907529035452,6.805907529035452,market_trend_exit,risk_exit,-1370.1690137248556
2022-01-21,2022-01-24,LSCC,sell,103.77809752093962,52.209999084472656,5418.2543765565715,5.418254376556572,market_trend_exit,risk_exit,-2313.897501000988
2022-01-21,2022-01-24,MPWR,sell,16.911307733013828,378.2174326030439,6396.151392740493,6.396151392740493,market_trend_exit,risk_exit,-2435.671853116568
2022-01-21,2022-01-24,NET,sell,65.5405536919439,84.6500015258789,5548.007970029999,5.54800797003,market_trend_exit,risk_exit,-3623.326597882551
2022-01-21,2022-01-24,NVDA,sell,270.3997240591961,22.259682338807043,6019.011962058786,6.019011962058785,market_trend_exit,risk_exit,93.03775948571945
2022-01-21,2022-01-24,ON,sell,115.67837239806082,53.150001525878906,6148.305669468121,6.148305669468121,market_trend_exit,risk_exit,-1274.4519414246363
2022-01-21,2022-01-24,PANW,sell,91.10923587774369,79.086669921875,7205.526064697367,7.2055260646973665,market_trend_exit,risk_exit,-970.9500965986039
2022-01-21,2022-01-24,SNOW,sell,24.7119137795778,260.2099914550781,6430.286873422567,6.430286873422567,market_trend_exit,risk_exit,-1745.4140486821293
2022-01-21,2022-01-24,TEAM,sell,23.500085102488466,277.4849853515625,6520.9207704244845,6.5209207704244845,market_trend_exit,risk_exit,-3016.7267717047225
2022-01-21,2022-01-24,ZS,sell,27.389490799284744,234.99000549316406,6436.256593378888,6.4362565933788884,market_trend_exit,risk_exit,-1574.83810249436
2022-02-01,2022-02-02,ACLS,buy,125.13585557217272,64.13999938964844,8026.213700022293,8.026213700022293,rebalance,rebalance,0.0
2022-02-01,2022-02-02,ANET,buy,254.80043492134263,31.5,8026.213700022293,8.026213700022293,rebalance,rebalance,0.0
2022-02-01,2022-02-02,AVGO,buy,145.18418656435483,55.28297461283476,8026.213700022293,8.026213700022293,rebalance,rebalance,0.0
2022-02-01,2022-02-02,CIEN,buy,121.18697407829788,66.2300033569336,8026.213700022293,8.026213700022293,rebalance,rebalance,0.0
2022-02-01,2022-02-02,DDOG,buy,54.872588128675076,146.27000427246094,8026.213700022293,8.026213700022293,rebalance,rebalance,0.0
2022-02-01,2022-02-02,HPQ,buy,254.0086222001399,31.598193913662637,8026.213700022293,8.026213700022293,rebalance,rebalance,0.0
2022-02-01,2022-02-02,LITE,buy,79.95829766521534,100.37999725341797,8026.213700022292,8.026213700022293,rebalance,rebalance,0.0
2022-02-01,2022-02-02,LSCC,buy,138.98205541164143,57.75,8026.213700022292,8.026213700022293,rebalance,rebalance,0.0
2022-02-01,2022-02-02,MDB,buy,19.38698961358042,414.0,8026.213700022293,8.026213700022293,rebalance,rebalance,0.0
2022-02-01,2022-02-02,MRVL,buy,110.14877311744144,72.8670276832288,8026.213700022293,8.026213700022293,rebalance,rebalance,0.0
2022-02-01,2022-02-02,NVDA,buy,312.1489360114167,25.712769688020778,8026.213700022293,8.026213700022293,rebalance,rebalance,0.0
2022-02-01,2022-02-02,ON,buy,132.44577396235158,60.599998474121094,8026.213700022293,8.026213700022293,rebalance,rebalance,0.0
2022-02-01,2022-02-02,PANW,buy,93.17457716883051,86.14167022705078,8026.213700022293,8.026213700022293,rebalance,rebalance,0.0
2022-02-01,2022-02-02,TER,buy,69.62414226961165,115.27917527431339,8026.213700022293,8.026213700022293,rebalance,rebalance,0.0
2022-02-01,2022-02-02,ZS,buy,30.667177375006776,261.7200012207031,8026.213700022293,8.026213700022293,rebalance,rebalance,0.0
2022-02-11,2022-02-14,ACLS,sell,125.13585557217272,64.9800033569336,8131.32831515254,8.13132831515254,market_trend_exit,risk_exit,88.95707311507381
2022-02-11,2022-02-14,ANET,sell,254.80043492134263,30.0,7644.013047640279,7.6440130476402794,market_trend_exit,risk_exit,-397.8708791296759
2022-02-11,2022-02-14,AVGO,sell,145.18418656435483,53.06796530628607,7704.629375618546,7.704629375618546,market_trend_exit,risk_exit,-337.3151674793869
2022-02-11,2022-02-14,CIEN,sell,121.18697407829788,63.9900016784668,7754.754674678594,7.754754674678594,market_trend_exit,risk_exit,-287.23999371839886
2022-02-11,2022-02-14,DDOG,sell,54.872588128675076,164.38999938964844,9020.504728981326,9.020504728981326,market_trend_exit,risk_exit,977.24431053003
2022-02-11,2022-02-14,HPQ,sell,254.0086222001399,31.37087498717797,7968.472732705908,7.968472732705909,market_trend_exit,risk_exit,-73.7356537491125
2022-02-11,2022-02-14,LITE,sell,79.95829766521534,94.47000122070312,7553.660478038237,7.553660478038237,market_trend_exit,risk_exit,-488.1330961621153
2022-02-11,2022-02-14,LSCC,sell,138.98205541164143,56.720001220703125,7883.062352604131,7.8830623526041315,market_trend_exit,risk_exit,-159.06062347078654
2022-02-11,2022-02-14,MDB,sell,19.38698961358042,427.9200134277344,8296.080855766679,8.296080855766679,market_trend_exit,risk_exit,253.54486118859867
2022-02-11,2022-02-14,MRVL,sell,110.14877311744144,66.93816025932131,7373.156227302918,7.373156227302918,market_trend_exit,risk_exit,-668.4568426466996
2022-02-11,2022-02-14,NVDA,sell,312.1489360114167,23.85862696314563,7447.445021239206,7.447445021239206,market_trend_exit,risk_exit,-594.2423375043472
2022-02-11,2022-02-14,ON,sell,132.44577396235158,59.29999923706055,7854.034294919343,7.854034294919343,market_trend_exit,risk_exit,-188.05965309789184
2022-02-11,2022-02-14,PANW,sell,93.17457716883051,84.3133316040039,7855.859021898458,7.855859021898459,market_trend_exit,risk_exit,-186.23675084575376
2022-02-11,2022-02-14,TER,sell,69.62414226961165,110.93976657081976,7724.086091084262,7.724086091084263,market_trend_exit,risk_exit,-317.877908729137
2022-02-11,2022-02-14,ZS,sell,30.667177375006776,273.5199890136719,8388.08601869218,8.38808601869218,market_trend_exit,risk_exit,345.4580189511736
2022-03-30,2022-03-31,AAPL,buy,44.59594182609626,173.93443687971876,7756.770028642749,7.756770028642749,rebalance,rebalance,0.0
2022-03-30,2022-03-31,ACLS,buy,99.58621247175952,77.88999938964844,7756.770028642749,7.756770028642749,rebalance,rebalance,0.0
2022-03-30,2022-03-31,ANET,buy,224.5247815790925,34.54750061035156,7756.770028642749,7.756770028642749,rebalance,rebalance,0.0
2022-03-30,2022-03-31,AVGO,buy,132.40919560364247,58.58180765527863,7756.770028642748,7.756770028642748,rebalance,rebalance,0.0
2022-03-30,2022-03-31,CHKP,buy,56.40056785785718,137.52999877929688,7756.770028642749,7.756770028642749,rebalance,rebalance,0.0
2022-03-30,2022-03-31,CIEN,buy,126.86899094009544,61.13999938964844,7756.770028642749,7.756770028642749,rebalance,rebalance,0.0
2022-03-30,2022-03-31,DDOG,buy,51.46135638896958,150.72999572753906,7756.770028642749,7.756770028642749,rebalance,rebalance,0.0
2022-03-30,2022-03-31,FTNT,buy,113.64897956838257,68.25199890136719,7756.770028642749,7.756770028642749,rebalance,rebalance,0.0
2022-03-30,2022-03-31,HPQ,buy,247.4527533323928,31.34646886803239,7756.770028642749,7.756770028642749,rebalance,rebalance,0.0
2022-03-30,2022-03-31,LITE,buy,79.19920191224548,97.94000244140625,7756.770028642749,7.756770028642749,rebalance,rebalance,0.0
2022-03-30,2022-03-31,MU,buy,102.16273060215352,75.92563337847238,7756.770028642749,7.756770028642749,rebalance,rebalance,0.0
2022-03-30,2022-03-31,ON,buy,120.46544653158911,64.38999938964844,7756.770028642749,7.756770028642749,rebalance,rebalance,0.0
2022-03-30,2022-03-31,PANW,buy,75.62415961510588,102.56999969482422,7756.770028642748,7.756770028642748,rebalance,rebalance,0.0
2022-03-30,2022-03-31,QCOM,buy,56.11432211290288,138.23155544917762,7756.770028642749,7.756770028642749,rebalance,rebalance,0.0
2022-03-30,2022-03-31,STX,buy,96.04152060324787,80.764756533649,7756.77002864275,7.75677002864275,rebalance,rebalance,0.0
2022-04-11,2022-04-12,AAPL,sell,44.59594182609626,164.33016786613953,7328.4586064309915,7.328458606430992,market_trend_exit,risk_exit,-443.3966508468312
2022-04-11,2022-04-12,ACLS,sell,99.58621247175952,58.560001373291016,5831.768739107089,5.831768739107089,market_trend_exit,risk_exit,-1938.5898283034094
2022-04-11,2022-04-12,ANET,sell,224.5247815790925,32.157501220703125,7220.155937707769,7.220155937707769,market_trend_exit,risk_exit,-551.5910169013302
2022-04-11,2022-04-12,AVGO,sell,132.40919560364247,54.73786866331867,7247.797158767854,7.247797158767854,market_trend_exit,risk_exit,-523.9774370623044
2022-04-11,2022-04-12,CHKP,sell,56.40056785785718,142.83999633789062,8056.256906271272,8.056256906271273,market_trend_exit,risk_exit,283.6738506936093
2022-04-11,2022-04-12,CIEN,sell,126.86899094009544,57.15999984741211,7251.831502777184,7.2518315027771845,market_trend_exit,risk_exit,-519.9471273969834
2022-04-11,2022-04-12,DDOG,sell,51.46135638896958,140.0,7204.589894455741,7.204589894455741,market_trend_exit,risk_exit,-567.1414941101059
2022-04-11,2022-04-12,FTNT,sell,113.64897956838257,67.06199645996094,7621.527465493045,7.621527465493045,market_trend_exit,risk_exit,-150.62086064383925
2022-04-11,2022-04-12,HPQ,sell,247.4527533323928,32.66916676897393,8084.07526605771,8.08407526605771,market_trend_exit,risk_exit,311.4643921202612
2022-04-11,2022-04-12,LITE,sell,79.19920191224548,87.88999938964844,6960.817807727899,6.960817807727899,market_trend_exit,risk_exit,-810.6698087512198
2022-04-11,2022-04-12,MU,sell,102.16273060215352,71.25248002747273,7279.34792178202,7.279347921782021,market_trend_exit,risk_exit,-492.45822481115226
2022-04-11,2022-04-12,ON,sell,120.46544653158911,54.0,6505.134112705812,6.505134112705813,market_trend_exit,risk_exit,-1265.8978200782856
2022-04-11,2022-04-12,PANW,sell,75.62415961510588,102.57333374023438,7757.02216302501,7.75702216302501,market_trend_exit,risk_exit,-15.261657809404845
2022-04-11,2022-04-12,QCOM,sell,56.11432211290288,124.69687001571306,6997.280330532504,6.997280330532504,market_trend_exit,risk_exit,-774.2437484694187
2022-04-11,2022-04-12,STX,sell,96.04152060324787,75.25947022527187,7228.033960229968,7.228033960229968,market_trend_exit,risk_exit,-543.720872401653
2023-01-17,2023-01-18,ACLS,buy,147.01192769816112,102.91000366210938,15128.998017791519,15.128998017791519,rebalance,rebalance,0.0
2023-01-17,2023-01-18,AMAT,buy,140.82604227242544,107.43039975890784,15128.998017791519,15.128998017791519,rebalance,rebalance,0.0
2023-01-17,2023-01-18,ANET,buy,514.504256572334,29.405000686645508,15128.998017791519,15.128998017791519,rebalance,rebalance,0.0
2023-01-17,2023-01-18,AVGO,buy,272.3158748716775,55.556797872767085,15128.998017791522,15.128998017791522,rebalance,rebalance,0.0
2023-01-17,2023-01-18,BAH,buy,171.84083142118652,88.04076361054106,15128.99801779152,15.12899801779152,rebalance,rebalance,0.0
2023-01-17,2023-01-18,CDW,buy,80.25361725067448,188.51484252149857,15128.99801779152,15.12899801779152,rebalance,rebalance,0.0
2023-01-17,2023-01-18,HPE,buy,1022.1765384839508,14.800768211947236,15128.99801779152,15.12899801779152,rebalance,rebalance,0.0
2023-01-17,2023-01-18,IT,buy,45.11808925007982,335.32000732421875,15128.99801779152,15.12899801779152,rebalance,rebalance,0.0
2023-01-17,2023-01-18,KEYS,buy,81.32995199608901,186.02000427246094,15128.99801779152,15.12899801779152,rebalance,rebalance,0.0
2023-01-17,2023-01-18,KLAC,buy,370.39768359254083,40.84528248409433,15128.99801779152,15.12899801779152,rebalance,rebalance,0.0
2023-01-17,2023-01-18,LSCC,buy,205.11113855242485,73.76000213623047,15128.99801779152,15.12899801779152,rebalance,rebalance,0.0
2023-01-17,2023-01-18,MCHP,buy,219.58838941794508,68.897076288475,15128.99801779152,15.12899801779152,rebalance,rebalance,0.0
2023-01-17,2023-01-18,ON,buy,224.66585744791303,67.33999633789062,15128.99801779152,15.12899801779152,rebalance,rebalance,0.0
2023-01-17,2023-01-18,SAIC,buy,150.55474890594283,100.48834811078042,15128.99801779152,15.12899801779152,rebalance,rebalance,0.0
2023-01-17,2023-01-18,SMCI,buy,1759.390400983925,8.598999977111816,15128.99801779152,15.12899801779152,rebalance,rebalance,0.0
2023-01-18,2023-01-19,ACLS,sell,147.01192769816112,100.5,14774.698733665193,14.774698733665193,market_trend_exit,risk_exit,-384.20298087778275
2023-01-18,2023-01-19,AMAT,sell,140.82604227242544,106.19859473031089,14955.527790762939,14.95552779076294,market_trend_exit,risk_exit,-203.55475283713352
2023-01-18,2023-01-19,ANET,sell,514.504256572334,28.637500762939453,14734.116040125813,14.734116040125814,market_trend_exit,risk_exit,-424.74509172362156
2023-01-18,2023-01-19,AVGO,sell,272.3158748716775,54.21456300156519,14763.486154556904,14.763486154556904,market_trend_exit,risk_exit,-395.4043474069644
2023-01-18,2023-01-19,BAH,sell,171.84083142118652,87.2149908238616,14987.09653556353,14.98709653556353,market_trend_exit,risk_exit,-172.0175767813436
2023-01-18,2023-01-19,CDW,sell,80.25361725067448,186.9234216433501,15001.280735751861,15.001280735751862,market_trend_exit,risk_exit,-157.8475607931995
2023-01-18,2023-01-19,HPE,sell,1022.1765384839508,14.518412612098007,14840.380748116077,14.840380748116077,market_trend_exit,risk_exit,-318.5866484413495
2023-01-18,2023-01-19,IT,sell,45.11808925007982,329.20001220703125,14852.875531884201,14.852875531884202,market_trend_exit,risk_exit,-306.10435945699254
2023-01-18,2023-01-19,KEYS,sell,81.32995199608901,180.42999267578125,14674.36264297598,14.67436264297598,market_trend_exit,risk_exit,-484.4387354763065
2023-01-18,2023-01-19,KLAC,sell,370.39768359254083,39.753068089155185,14724.444335919634,14.724444335919634,market_trend_exit,risk_exit,-434.4071242255968
2023-01-18,2023-01-19,LSCC,sell,205.11113855242485,72.0999984741211,14788.512776655072,14.788512776655072,market_trend_exit,risk_exit,-370.4027519308942
2023-01-18,2023-01-19,MCHP,sell,219.58838941794508,67.19704847011425,14755.69164719198,14.75569164719198,market_trend_exit,risk_exit,-403.19106026452175
2023-01-18,2023-01-19,ON,sell,224.66585744791303,65.72000122070312,14765.040425727158,14.76504042572716,market_trend_exit,risk_exit,-393.851630507878
2023-01-18,2023-01-19,SAIC,sell,150.55474890594283,97.21072453415452,14635.53622320441,14.63553622320441,market_trend_exit,risk_exit,-523.2263288281052
2023-01-18,2023-01-19,SMCI,sell,1759.390400983925,7.64900016784668,13457.577472433879,13.45757747243388,market_trend_exit,risk_exit,-1700.0071208478637
2023-02-14,2023-02-15,ACLS,buy,141.16926860330196,125.33999633789062,17694.155609760564,17.694155609760564,rebalance,rebalance,0.0
2023-02-14,2023-02-15,AVGO,buy,310.16468582731517,57.047615084109935,17694.155609760564,17.694155609760564,rebalance,rebalance,0.0
2023-02-14,2023-02-15,CDW,buy,90.44742463852212,195.62918104607385,17694.155609760564,17.694155609760564,rebalance,rebalance,0.0
2023-02-14,2023-02-15,CHKP,buy,141.49664276647005,125.05000305175781,17694.155609760564,17.694155609760564,rebalance,rebalance,0.0
2023-02-14,2023-02-15,CSCO,buy,409.30556576948965,43.2296970516288,17694.155609760564,17.694155609760564,rebalance,rebalance,0.0
2023-02-14,2023-02-15,HPE,buy,1181.6725845063067,14.973822564524538,17694.155609760564,17.694155609760564,rebalance,rebalance,0.0
2023-02-14,2023-02-15,IBM,buy,147.18420215359842,120.2177635293719,17694.155609760564,17.694155609760564,rebalance,rebalance,0.0
2023-02-14,2023-02-15,IT,buy,52.135168526066785,339.3900146484375,17694.155609760564,17.694155609760564,rebalance,rebalance,0.0
2023-02-14,2023-02-15,KEYS,buy,95.81499856610748,184.6699981689453,17694.155609760564,17.694155609760564,rebalance,rebalance,0.0
2023-02-14,2023-02-15,KLAC,buy,457.17494988922533,38.703248316750305,17694.155609760564,17.694155609760564,rebalance,rebalance,0.0
2023-02-14,2023-02-15,LSCC,buy,199.12396453100317,88.86000061035156,17694.155609760564,17.694155609760564,rebalance,rebalance,0.0
2023-02-14,2023-02-15,ORCL,buy,207.8935329736699,85.11162111041503,17694.155609760564,17.694155609760564,rebalance,rebalance,0.0
2023-02-14,2023-02-15,SAIC,buy,174.91733477027705,101.15724455211203,17694.155609760564,17.694155609760564,rebalance,rebalance,0.0
2023-02-14,2023-02-15,SMCI,buy,1902.188295279004,9.302000045776367,17694.155609760564,17.694155609760564,rebalance,rebalance,0.0
2023-02-14,2023-02-15,VRSN,buy,84.76596798440157,208.7412676395862,17694.155609760564,17.694155609760564,rebalance,rebalance,0.0
2023-03-10,2023-03-13,ACLS,sell,141.16926860330196,119.7699966430664,16907.842826721615,16.907842826721616,market_trend_exit,risk_exit,-820.9147814754295
2023-03-10,2023-03-13,AVGO,sell,310.16468582731517,57.831609184232335,17937.322893515495,17.937322893515496,market_trend_exit,risk_exit,207.53580525165907
2023-03-10,2023-03-13,CDW,sell,90.44742463852212,179.39959837373542,16226.23165408957,16.22623165408957,market_trend_exit,risk_exit,-1501.844342934844
2023-03-10,2023-03-13,CHKP,sell,141.49664276647005,124.81999969482422,17661.610906929443,17.661610906929443,market_trend_exit,risk_exit,-67.90046934780912
2023-03-10,2023-03-13,CSCO,sell,409.30556576948965,44.16709892795863,18077.839415105125,18.077839415105124,market_trend_exit,risk_exit,347.91181031969916
2023-03-10,2023-03-13,HPE,sell,1181.6725845063067,12.860727593502995,15197.169214046258,15.197169214046259,market_trend_exit,risk_exit,-2529.87772053811
2023-03-10,2023-03-13,IBM,sell,147.18420215359842,111.28146865980882,16378.874179174629,16.37887417917463,market_trend_exit,risk_exit,-1349.3544603748678
2023-03-10,2023-03-13,IT,sell,52.135168526066785,311.8999938964844,16260.958745072414,16.260958745072415,market_trend_exit,risk_exit,-1467.151979042981
2023-03-10,2023-03-13,KEYS,sell,95.81499856610748,153.3800048828125,14696.104947916238,14.696104947916238,market_trend_exit,risk_exit,-3030.440922402002
2023-03-10,2023-03-13,KLAC,sell,457.17494988922533,35.2219160679882,16102.577713385004,16.102577713385006,market_trend_exit,risk_exit,-1625.374629698703
2023-03-10,2023-03-13,LSCC,sell,199.12396453100317,85.33999633789062,16993.238403862073,16.993238403862073,market_trend_exit,risk_exit,-735.6045999121114
2023-03-10,2023-03-13,ORCL,sell,207.8935329736699,79.81430012327024,16592.876834447467,16.592876834447466,market_trend_exit,risk_exit,-1135.565807757303
2023-03-10,2023-03-13,SAIC,sell,174.91733477027705,98.39563849620689,17211.10283877618,17.21110283877618,market_trend_exit,risk_exit,-517.9580294329195
2023-03-10,2023-03-13,SMCI,sell,1902.188295279004,9.100000381469727,17309.914212666186,17.309914212666186,market_trend_exit,risk_exit,-419.24546691680365
2023-03-10,2023-03-13,VRSN,sell,84.76596798440157,187.40847364746804,15885.860677206842,15.885860677206843,market_trend_exit,risk_exit,-1841.8749488406875
2023-04-13,2023-04-14,ACLS,buy,89.39378190931804,127.31999969482422,11381.616285413555,11.381616285413555,rebalance,rebalance,0.0
2023-04-13,2023-04-14,AMAT,buy,103.27230222080394,110.20976622636731,11381.616285413555,11.381616285413555,rebalance,rebalance,0.0
2023-04-13,2023-04-14,AMD,buy,123.95574301069315,91.81999969482422,11381.616285413555,11.381616285413555,rebalance,rebalance,0.0
2023-04-13,2023-04-14,ANET,buy,277.397431733694,41.029998779296875,11381.616285413555,11.381616285413555,rebalance,rebalance,0.0
2023-04-13,2023-04-14,AVGO,buy,191.18302853957337,59.53256610880422,11381.616285413555,11.381616285413555,rebalance,rebalance,0.0
2023-04-13,2023-04-14,LRCX,buy,235.85121568016854,48.25761127662728,11381.616285413555,11.381616285413555,rebalance,rebalance,0.0
2023-04-13,2023-04-14,LSCC,buy,123.32447906064169,92.29000091552734,11381.616285413555,11.381616285413555,rebalance,rebalance,0.0
2023-04-13,2023-04-14,MCHP,buy,154.36210013598838,73.7332303420768,11381.616285413555,11.381616285413555,rebalance,rebalance,0.0
2023-04-13,2023-04-14,META,buy,52.696734945742264,215.98332984258553,11381.616285413555,11.381616285413555,rebalance,rebalance,0.0
2023-04-13,2023-04-14,MPWR,buy,24.483944456061067,464.8604029403442,11381.616285413555,11.381616285413555,rebalance,rebalance,0.0
2023-04-13,2023-04-14,NVDA,buy,430.3112269581826,26.44973120006375,11381.616285413555,11.381616285413555,rebalance,rebalance,0.0
2023-04-13,2023-04-14,SHOP,buy,250.09045715627516,45.5099983215332,11381.616285413555,11.381616285413555,rebalance,rebalance,0.0
2023-04-13,2023-04-14,SMCI,buy,1051.5166212452978,10.824000358581543,11381.616285413555,11.381616285413555,rebalance,rebalance,0.0
2023-04-13,2023-04-14,SWKS,buy,116.74568057193459,97.49068427761318,11381.616285413555,11.381616285413555,rebalance,rebalance,0.0
2023-04-13,2023-04-14,TER,buy,113.3072461547813,100.4491475317113,11381.616285413555,11.381616285413555,rebalance,rebalance,0.0
2023-05-11,2023-05-12,AMAT,sell,103.27230222080394,113.46667233562214,11717.964477433303,11.717964477433304,rebalance,rebalance,313.248611256901
2023-05-11,2023-05-12,ANET,sell,277.397431733694,34.78499984741211,9649.269620529058,9.649269620529058,rebalance,rebalance,-1753.3775507904381
2023-05-11,2023-05-12,AVGO,sell,191.18302853957337,60.290541761609234,11526.528366276078,11.526528366276079,rebalance,rebalance,122.00393621083423
2023-05-11,2023-05-12,LRCX,sell,235.85121568016854,51.452523555086586,12135.140230279678,12.135140230279678,rebalance,rebalance,730.0071883504316
2023-05-11,2023-05-12,MCHP,sell,154.36210013598838,67.91386810422803,10483.327308927155,10.483327308927155,rebalance,rebalance,-920.1539200807404
2023-05-11,2023-05-12,SHOP,sell,36.2610127725695,62.400001525878906,2262.6872523382513,2.2626872523382513,rebalance,rebalance,608.5356960387646
2023-05-11,2023-05-12,SMCI,sell,90.27765619664592,13.880999565124512,1253.1441064061023,1.2531441064061024,rebalance,rebalance,273.7484138722551
2023-05-11,2023-05-12,SWKS,sell,116.74568057193459,87.37609922860393,10200.782170164255,10.200782170164254,rebalance,rebalance,-1202.4165137048758
2023-05-11,2023-05-12,TER,sell,113.3072461547813,90.26209175987394,10227.349049481492,10.227349049481493,rebalance,rebalance,-1175.8762012669563
2023-05-11,2023-05-12,ACLS,buy,16.95850370513675,125.45999908447266,2127.613859320483,2.127613859320483,rebalance,rebalance,0.0
2023-05-11,2023-05-12,AMD,buy,13.842020115464365,96.83000183105469,1340.3228331259102,1.3403228331259103,rebalance,rebalance,0.0
2023-05-11,2023-05-12,CDNS,buy,66.04117055638844,202.0399932861328,13342.957655821072,13.342957655821072,rebalance,rebalance,0.0
2023-05-11,2023-05-12,DOCU,buy,269.6636576245614,49.47999954223633,13342.95765582107,13.34295765582107,rebalance,rebalance,0.0
2023-05-11,2023-05-12,FTNT,buy,197.1477186119439,67.68000030517578,13342.957655821072,13.342957655821072,rebalance,rebalance,0.0
2023-05-11,2023-05-12,LSCC,buy,40.61406075851565,81.38999938964844,3305.5783803467334,3.3055783803467333,rebalance,rebalance,0.0
2023-05-11,2023-05-12,MDB,buy,50.54150627204952,264.0,13342.957655821072,13.342957655821072,rebalance,rebalance,0.0
2023-05-11,2023-05-12,META,buy,4.159440121086661,234.6791292262928,976.1337856855233,0.9761337856855233,rebalance,rebalance,0.0
2023-05-11,2023-05-12,MPWR,buy,9.633363501183439,391.09057703328597,3767.5176904492273,3.7675176904492274,rebalance,rebalance,0.0
2023-05-11,2023-05-12,NET,buy,267.93088072763277,49.79999923706055,13342.957655821072,13.342957655821072,rebalance,rebalance,0.0
2023-05-11,2023-05-12,NVDA,buy,38.34649184265896,28.47058123775665,1091.7469111893947,1.0917469111893947,rebalance,rebalance,0.0
2023-05-11,2023-05-12,PATH,buy,910.782116263268,14.649999618530273,13342.957655821072,13.342957655821072,rebalance,rebalance,0.0
2023-05-11,2023-05-12,TWLO,buy,285.045017397379,46.810001373291016,13342.957655821074,13.342957655821074,rebalance,rebalance,0.0
2023-06-09,2023-06-12,ACLS,sell,37.44467199848049,174.60000610351562,6537.839959478833,6.537839959478833,rebalance,rebalance,1770.1957879742633
2023-06-09,2023-06-12,AMD,sell,44.18377808129513,128.52000427246094,5678.499347781516,5.678499347781516,rebalance,rebalance,1589.5510961015636
2023-06-09,2023-06-12,CDNS,sell,13.937452366971378,230.91000366210938,3218.297177097836,3.218297177097836,rebalance,rebalance,396.3401744893964
2023-06-09,2023-06-12,DOCU,sell,269.6636576245614,57.099998474121094,15397.794438888368,15.397794438888369,rebalance,rebalance,2026.0960309725895
2023-06-09,2023-06-12,FTNT,sell,20.7361306897555,68.19999694824219,1414.204049759676,1.4142040497596762,rebalance,rebalance,7.9650929676886895
2023-06-09,2023-06-12,LSCC,sell,163.93853981915734,82.2699966430664,13487.223120591283,13.487223120591283,rebalance,rebalance,-1228.145962955353
2023-06-09,2023-06-12,MDB,sell,18.55875867202706,376.17999267578125,6981.4337013147315,6.981433701314732,rebalance,rebalance,2070.040465908858
2023-06-09,2023-06-12,META,sell,11.428454436252999,264.84423147196054,3026.7602320817437,3.0267602320817435,rebalance,rebalance,537.2627685423773
2023-06-09,2023-06-12,MPWR,sell,34.117307957244506,494.547979531149,16872.645717297262,16.872645717297264,rebalance,rebalance,1691.489961741322
2023-06-09,2023-06-12,NET,sell,267.93088072763277,64.47000122070312,17273.504207574548,17.273504207574547,rebalance,rebalance,3899.9300898900824
2023-06-09,2023-06-12,NVDA,sell,161.13968378666652,39.12378588583667,6304.394486180968,6.304394486180968,rebalance,rebalance,2005.0555926447578
2023-06-09,2023-06-12,PATH,sell,910.782116263268,17.309999465942383,15765.637946107043,15.765637946107043,rebalance,rebalance,2393.5716946840444
2023-06-09,2023-06-12,SHOP,sell,20.0891858724016,62.099998474121094,1247.5384120224744,1.2475384120224744,rebalance,rebalance,331.1177994611527
2023-06-09,2023-06-12,SMCI,sell,506.714217408864,26.469999313354492,13412.724986879588,13.412724986879589,rebalance,rebalance,7909.152716089868
2023-06-09,2023-06-12,TWLO,sell,285.045017397379,63.900001525878906,18214.3770466367,18.2143770466367,rebalance,rebalance,4839.862056113168
2023-06-09,2023-06-12,APP,buy,526.9938588757884,22.829999923706055,12031.269757927808,12.03126975792781,rebalance,rebalance,0.0
2023-06-09,2023-06-12,CRM,buy,56.62465114955657,212.47406409888364,12031.269757927808,12.03126975792781,rebalance,rebalance,0.0
2023-06-09,2023-06-12,DDOG,buy,126.53838374241805,95.08000183105469,12031.269757927808,12.03126975792781,rebalance,rebalance,0.0
2023-06-09,2023-06-12,MSFT,buy,37.55290680298629,320.38185009345415,12031.269757927808,12.03126975792781,rebalance,rebalance,0.0
2023-06-09,2023-06-12,PLTR,buy,779.227337105221,15.4399995803833,12031.269757927808,12.03126975792781,rebalance,rebalance,0.0
2023-06-09,2023-06-12,SNOW,buy,70.65994864647875,170.27000427246094,12031.269757927808,12.03126975792781,rebalance,rebalance,0.0
2023-07-11,2023-07-12,CDNS,sell,52.10371818941706,236.0399932861328,12298.56129161256,12.29856129161256,rebalance,rebalance,1748.7008222753957
2023-07-11,2023-07-12,CRM,sell,56.62465114955657,218.12628430049193,12351.324755064354,12.351324755064354,rebalance,rebalance,295.67240262355415
2023-07-11,2023-07-12,DDOG,sell,126.53838374241805,108.21499633789062,13693.350733288367,13.693350733288367,rebalance,rebalance,1636.3563548693435
2023-07-11,2023-07-12,FTNT,sell,176.4115879221884,78.87000274658203,13913.582423951897,13.913582423951897,rebalance,rebalance,1948.1929807932797
2023-07-11,2023-07-12,MSFT,sell,37.55290680298629,328.20182929500714,12324.93270808502,12.32493270808502,rebalance,rebalance,269.3067476911985
2023-07-11,2023-07-12,SNOW,sell,70.65994864647875,175.08999633789062,12371.850149747504,12.371850149747505,rebalance,rebalance,316.17727191202204
2023-07-11,2023-07-12,ACLS,buy,16.132928671366287,177.39999389648438,2861.981447832797,2.861981447832797,rebalance,rebalance,0.0
2023-07-11,2023-07-12,AMD,buy,40.02222510920804,112.88999938964844,4518.108968150867,4.518108968150868,rebalance,rebalance,0.0
2023-07-11,2023-07-12,APP,buy,2.3462001672972974,28.5,66.86670476797298,0.06686670476797298,rebalance,rebalance,0.0
2023-07-11,2023-07-12,CRWD,buy,393.9210507813203,38.29750061035156,15086.191682727942,15.086191682727943,rebalance,rebalance,0.0
2023-07-11,2023-07-12,ENTG,buy,140.51349267410768,107.36471918548975,15086.191682727942,15.086191682727943,rebalance,rebalance,0.0
2023-07-11,2023-07-12,MDB,buy,5.5815367379821055,401.6099853515625,2241.6008875802013,2.2416008875802014,rebalance,rebalance,0.0
2023-07-11,2023-07-12,META,buy,5.006988577489302,299.12320145419704,1497.7064529431962,1.4977064529431963,rebalance,rebalance,0.0
2023-07-11,2023-07-12,MRVL,buy,241.23473988835855,62.53739278890639,15086.191682727942,15.086191682727943,rebalance,rebalance,0.0
2023-07-11,2023-07-12,NET,buy,217.16124107727848,69.47000122070312,15086.191682727942,15.086191682727943,rebalance,rebalance,0.0
2023-07-11,2023-07-12,NVDA,buy,43.7375490178224,42.949329116868,1878.498387531601,1.8784983875316013,rebalance,rebalance,0.0
2023-07-11,2023-07-12,PANW,buy,120.14168765941129,125.56999969482422,15086.191682727942,15.086191682727943,rebalance,rebalance,0.0
2023-07-11,2023-07-12,PATH,buy,827.0938526334814,18.239999771118164,15086.191682727942,15.086191682727943,rebalance,rebalance,0.0
2023-07-11,2023-07-12,PLTR,buy,119.83053329965946,16.780000686645508,2010.7564310493833,2.0107564310493835,rebalance,rebalance,0.0
2023-07-11,2023-07-12,SHOP,buy,40.62654339983925,64.37000274658203,2615.1307102317865,2.6151307102317864,rebalance,rebalance,0.0
2023-07-11,2023-07-12,SMCI,buy,97.98180845310071,27.30500030517578,2675.39330971359,2.67539330971359,rebalance,rebalance,0.0
2023-08-08,2023-08-09,ACLS,sell,11.924036458169894,177.3300018310547,2114.4894069608304,2.11448940696083,rebalance,rebalance,482.1580161719373
2023-08-08,2023-08-09,AMD,sell,18.783254332759043,112.88999938964844,2120.4415701607795,2.1204415701607795,rebalance,rebalance,266.6453172471512
2023-08-08,2023-08-09,APP,sell,97.58015840701631,30.030000686645508,2930.3322239656773,2.9303322239656775,rebalance,rebalance,694.9643681802689
2023-08-08,2023-08-09,CRWD,sell,36.516321733521295,36.27750015258789,1324.7208672597674,1.3247208672597675,rebalance,rebalance,-76.48619133869549
2023-08-08,2023-08-09,ENTG,sell,140.51349267410768,100.75862721762545,14157.94662739696,14.15794662739696,rebalance,rebalance,-957.4891936411062
2023-08-08,2023-08-09,MDB,sell,2.539702293492482,370.19000244140625,940.1723982284269,0.9401723982284269,rebalance,rebalance,216.09923414647852
2023-08-08,2023-08-09,META,sell,8.630788042019518,310.156314310015,2676.893408703724,2.6768934087037244,rebalance,rebalance,726.294302148544
2023-08-08,2023-08-09,MRVL,sell,29.546956173753614,61.24940176069602,1809.7333894919127,1.8097333894919128,rebalance,rebalance,-41.71373745616595
2023-08-08,2023-08-09,NET,sell,217.16124107727848,66.86000061035156,14519.400710971542,14.519400710971542,rebalance,rebalance,-596.3965641500971
2023-08-08,2023-08-09,NVDA,sell,57.83263519028833,44.18792110075107,2555.5039208369803,2.5555039208369803,rebalance,rebalance,894.4452935149411
2023-08-08,2023-08-09,PATH,sell,827.0938526334814,15.850000381469727,13109.437879751948,13.109437879751948,rebalance,rebalance,-2004.9494325384728
2023-08-08,2023-08-09,PLTR,sell,125.44510575683444,16.760000228881836,2102.4600011966513,2.1024600011966514,rebalance,rebalance,139.1212050041783
2023-08-08,2023-08-09,SHOP,sell,234.3668019111433,56.099998474121094,13147.977229599781,13.147977229599782,rebalance,rebalance,1691.1474529256452
2023-08-08,2023-08-09,SMCI,sell,116.15501115480765,29.714000701904297,3451.430082983656,3.451430082983656,rebalance,rebalance,1849.6280328310995
2023-08-08,2023-08-09,ADBE,buy,24.90779063801237,520.5499877929688,12965.75011256716,12.96575011256716,rebalance,rebalance,0.0
2023-08-08,2023-08-09,AVGO,buy,152.27910440812835,85.14464386274047,12965.75011256716,12.96575011256716,rebalance,rebalance,0.0
2023-08-08,2023-08-09,DELL,buy,236.72846658750584,54.77055759060737,12965.75011256716,12.96575011256716,rebalance,rebalance,0.0
2023-08-08,2023-08-09,FTNT,buy,220.3560516475781,58.84000015258789,12965.75011256716,12.96575011256716,rebalance,rebalance,0.0
2023-08-08,2023-08-09,PANW,buy,2.541289225540666,105.68499755859375,268.5761455969459,0.26857614559694587,rebalance,rebalance,0.0
2023-09-06,2023-09-07,ACLS,sell,9.834982124589267,186.0,1829.3066751736037,1.8293066751736038,rebalance,rebalance,482.86942969015
2023-09-06,2023-09-07,ADBE,sell,3.6616473003731187,554.0,2028.5526044067078,2.0285526044067077,rebalance,rebalance,118.54752383340582
2023-09-06,2023-09-07,AMD,sell,3.958255644781346,106.13999938964844,420.12925172116456,0.42012925172116455,rebalance,rebalance,29.499518600508555
2023-09-06,2023-09-07,APP,sell,149.6323103997771,41.720001220703125,6242.66017253533,6.242660172535331,rebalance,rebalance,2813.131570559726
2023-09-06,2023-09-07,AVGO,sell,10.304838155299734,82.90490748577923,854.3216539210524,0.8543216539210524,rebalance,rebalance,-24.811844303840054
2023-09-06,2023-09-07,CRWD,sell,357.404729047799,41.099998474121094,14689.333818508201,14.689333818508201,rebalance,rebalance,973.2489480102273
2023-09-06,2023-09-07,DELL,sell,58.946934189892175,66.20689590371725,3902.6935357534626,3.9026935357534627,rebalance,rebalance,667.0058319266407
2023-09-06,2023-09-07,FTNT,sell,220.3560516475781,61.880001068115234,13635.632711317789,13.635632711317788,rebalance,rebalance,643.2812159267452
2023-09-06,2023-09-07,MDB,sell,3.5412356842863915,373.8599853515625,1323.9263210537408,1.3239263210537409,rebalance,rebalance,314.301397723431
2023-09-06,2023-09-07,META,sell,1.959202010570074,295.4058570001141,578.7597489687994,0.5787597489687994,rebalance,rebalance,135.99968458687698
2023-09-06,2023-09-07,NVDA,sell,34.39339329495937,45.44023319735737,1562.843811771381,1.5628438117713812,rebalance,rebalance,574.9598360179183
2023-09-06,2023-09-07,PANW,sell,122.68297688495196,122.09500122070312,14978.978212527702,14.978978212527702,rebalance,rebalance,-406.12336183803575
2023-09-06,2023-09-07,AMZN,buy,87.90413700953262,133.89999389648438,11770.363409052145,11.770363409052145,rebalance,rebalance,0.0
2023-09-06,2023-09-07,DDOG,buy,123.03087315070975,95.66999816894531,11770.363409052145,11.770363409052145,rebalance,rebalance,0.0
2023-09-06,2023-09-07,LRCX,buy,177.54824951327737,66.29388597926975,11770.363409052145,11.770363409052145,rebalance,rebalance,0.0
2023-09-06,2023-09-07,MRVL,buy,3.3740429848070903,54.73013779197257,184.66183747453044,0.18466183747453044,rebalance,rebalance,0.0
2023-09-06,2023-09-07,PLTR,buy,17.40627557555615,14.880000114440918,259.00538255626566,0.25900538255626565,rebalance,rebalance,0.0
2023-09-06,2023-09-07,SMCI,buy,7.612086443555597,26.511999130249023,201.81162917092638,0.20181162917092638,rebalance,rebalance,0.0
2023-10-04,2023-10-05,AMD,sell,110.89470017653004,103.41000366210938,11467.621351363492,11.467621351363492,rebalance,rebalance,524.0207627796808
2023-10-04,2023-10-05,AMZN,sell,87.90413700953262,126.70999908447266,11138.333119999237,11.138333119999237,rebalance,rebalance,-654.9389855819577
2023-10-04,2023-10-05,AVGO,sell,141.9742662528286,79.53630956742306,11292.109191292722,11.292109191292722,rebalance,rebalance,-819.619604007326
2023-10-04,2023-10-05,ACLS,buy,18.58029102502342,160.36000061035156,2979.5354801132653,2.9795354801132654,rebalance,rebalance,0.0
2023-10-04,2023-10-05,ADBE,buy,4.006549763759274,519.8400268554688,2082.764936790393,2.0827649367903933,rebalance,rebalance,0.0
2023-10-04,2023-10-05,APP,buy,43.69421074919171,40.290000915527344,1760.4397910881787,1.7604397910881788,rebalance,rebalance,0.0
2023-10-04,2023-10-05,BILL,buy,126.05493313752395,104.13999938964844,13127.360660003918,13.12736066000392,rebalance,rebalance,0.0
2023-10-04,2023-10-05,DDOG,buy,24.883049778911854,88.75,2208.370667878427,2.208370667878427,rebalance,rebalance,0.0
2023-10-04,2023-10-05,DELL,buy,30.007870388638707,63.176275998577744,1895.7855018021874,1.8957855018021874,rebalance,rebalance,0.0
2023-10-04,2023-10-05,LRCX,buy,34.84977263957293,61.80547505549243,2153.9067535647073,2.153906753564707,rebalance,rebalance,0.0
2023-10-04,2023-10-05,MDB,buy,7.689943705219719,335.1099853515625,2576.9769224105203,2.57697692241052,rebalance,rebalance,0.0
2023-10-04,2023-10-05,META,buy,3.6265049555598026,301.97816897158543,1095.12532624633,1.0951253262463299,rebalance,rebalance,0.0
2023-10-04,2023-10-05,MRVL,buy,34.50902579812785,52.59973481932679,1815.165605854832,1.815165605854832,rebalance,rebalance,0.0
2023-10-04,2023-10-05,NVDA,buy,39.53686970020567,43.967973455641534,1738.356037497801,1.738356037497801,rebalance,rebalance,0.0
2023-10-04,2023-10-05,PLTR,buy,52.641647822015216,15.5600004196167,819.1040621998712,0.8191040621998713,rebalance,rebalance,0.0
2023-10-04,2023-10-05,SHOP,buy,252.40071301000066,52.0099983215332,13127.360660003918,13.12736066000392,rebalance,rebalance,0.0
2023-10-04,2023-10-05,SMCI,buy,25.457451699927788,27.96500015258789,711.9176406729795,0.7119176406729795,rebalance,rebalance,0.0
2023-10-04,2023-10-05,ZS,buy,84.73091899949463,154.92999267578125,13127.360660003918,13.12736066000392,rebalance,rebalance,0.0
2023-10-25,2023-10-26,ACLS,sell,81.86181472960484,142.94000244140625,11701.327997307662,11.701327997307663,market_trend_exit,risk_exit,55.46002129287928
2023-10-25,2023-10-26,ADBE,sell,25.252693101398524,530.0,13383.927343741218,13.383927343741219,market_trend_exit,risk_exit,214.9563799594603
2023-10-25,2023-10-26,APP,sell,325.821800985484,36.400001525878906,11859.914053036231,11.859914053036231,market_trend_exit,risk_exit,3631.3427743099583
2023-10-25,2023-10-26,BILL,sell,126.05493313752395,92.4000015258789,11647.476014251775,11.647476014251776,market_trend_exit,risk_exit,-1504.6594824263957
2023-10-25,2023-10-26,DDOG,sell,147.9139229296216,82.02999877929688,12133.378917357872,12.133378917357872,market_trend_exit,risk_exit,-1871.4672725669861
2023-10-25,2023-10-26,DELL,sell,207.78940278625237,63.38915760344579,13171.595201543629,13.17159520154363,market_trend_exit,risk_exit,1513.8114666494394
2023-10-25,2023-10-26,LRCX,sell,212.3980221528503,57.52094682663371,12217.335338336272,12.217335338336271,market_trend_exit,risk_exit,-1733.0764297815342
2023-10-25,2023-10-26,MDB,sell,39.17329006544541,329.3500061035156,12901.723322149233,12.901723322149234,market_trend_exit,risk_exit,1344.9703879470144
2023-10-25,2023-10-26,META,sell,43.47122411103544,292.43197892863674,12712.37609324036,12.71237609324036,market_trend_exit,risk_exit,2610.7055060949438
2023-10-25,2023-10-26,MRVL,sell,249.57085249753987,47.16419686632545,11770.80881929064,11.77080881929064,market_trend_exit,risk_exit,-3494.429741153423
2023-10-25,2023-10-26,NVDA,sell,298.5664252469554,41.77506880872993,12472.632958668082,12.472632958668083,market_trend_exit,risk_exit,3291.7112408483526
2023-10-25,2023-10-26,PLTR,sell,843.6606880456173,15.600000381469727,13161.107055342643,13.161107055342644,market_trend_exit,risk_exit,-26.07348488848668
2023-10-25,2023-10-26,SHOP,sell,252.40071301000066,48.84000015258789,12327.250861921724,12.327250861921724,market_trend_exit,risk_exit,-825.5644096041183
2023-10-25,2023-10-26,SMCI,sell,469.4210830815643,25.238000869750977,11847.249703091966,11.847249703091967,market_trend_exit,risk_exit,4916.3455638527075
2023-10-25,2023-10-26,ZS,sell,84.73091899949463,159.02999877929688,13474.757945058334,13.474757945058334,market_trend_exit,risk_exit,320.79516644935546
2023-11-01,2023-11-02,ADBE,buy,22.897309256283528,550.4400024414062,12603.59496293034,12.60359496293034,rebalance,rebalance,0.0
2023-11-01,2023-11-02,AKAM,buy,121.0603677748627,104.11000061035156,12603.59496293034,12.60359496293034,rebalance,rebalance,0.0
2023-11-01,2023-11-02,ANET,buy,237.51239591263504,53.064998626708984,12603.59496293034,12.60359496293034,rebalance,rebalance,0.0
2023-11-01,2023-11-02,APP,buy,334.9347490082761,37.630001068115234,12603.59496293034,12.60359496293034,rebalance,rebalance,0.0
2023-11-01,2023-11-02,AVGO,buy,150.76269938742848,83.59889424997456,12603.59496293034,12.60359496293034,rebalance,rebalance,0.0
2023-11-01,2023-11-02,CRWD,buy,278.7018631313366,45.22249984741211,12603.59496293034,12.60359496293034,rebalance,rebalance,0.0
2023-11-01,2023-11-02,DELL,buy,189.5436729788875,66.49441136626176,12603.59496293034,12.60359496293034,rebalance,rebalance,0.0
2023-11-01,2023-11-02,ESTC,buy,164.6667730882337,76.54000091552734,12603.594962930341,12.603594962930341,rebalance,rebalance,0.0
2023-11-01,2023-11-02,MDB,buy,36.27246933160394,347.4700012207031,12603.59496293034,12.60359496293034,rebalance,rebalance,0.0
2023-11-01,2023-11-02,NET,buy,219.30737245904203,57.470001220703125,12603.59496293034,12.60359496293034,rebalance,rebalance,0.0
2023-11-01,2023-11-02,NVDA,buy,291.43064780392626,43.24732164549146,12603.59496293034,12.60359496293034,rebalance,rebalance,0.0
2023-11-01,2023-11-02,PLTR,buy,721.0294790040871,17.479999542236328,12603.59496293034,12.60359496293034,rebalance,rebalance,0.0
2023-11-01,2023-11-02,SMCI,buy,483.3408060928671,26.076000213623047,12603.59496293034,12.60359496293034,rebalance,rebalance,0.0
2023-11-01,2023-11-02,WDC,buy,399.97366478376847,31.51106203390672,12603.59496293034,12.60359496293034,rebalance,rebalance,0.0
2023-11-01,2023-11-02,ZS,buy,78.77246851831462,160.0,12603.59496293034,12.60359496293034,rebalance,rebalance,0.0
2023-11-30,2023-12-01,AVGO,sell,150.76269938742848,89.46246452707176,13487.602645953404,13.487602645953405,rebalance,rebalance,857.9164854141837
2023-11-30,2023-12-01,ESTC,sell,164.6667730882337,98.23999786376953,16176.8634364219,16.1768634364219,rebalance,rebalance,3544.4880150922095
2023-11-30,2023-12-01,NET,sell,219.30737245904203,77.44000244140625,16983.163458646606,16.983163458646608,rebalance,rebalance,4349.981737294688
2023-11-30,2023-12-01,NVDA,sell,291.43064780392626,46.43836652084653,13533.563238126466,13.533563238126467,rebalance,rebalance,903.8311169950708
2023-11-30,2023-12-01,PLTR,sell,721.0294790040871,19.93000030517578,14370.11773659219,14.37011773659219,rebalance,rebalance,1739.5490609623278
2023-11-30,2023-12-01,SMCI,sell,483.3408060928671,26.22599983215332,12676.095899464384,12.676095899464384,rebalance,rebalance,47.22124567165125
2023-11-30,2023-12-01,WDC,sell,399.97366478376847,36.00296647048555,14400.238442287244,14.400238442287245,rebalance,rebalance,1769.639645951689
2023-11-30,2023-12-01,ADBE,buy,19.339481214227632,609.239990234375,11782.38534609392,11.782385346093921,rebalance,rebalance,0.0
2023-11-30,2023-12-01,AKAM,buy,101.47999739862973,115.62999725341797,11734.13182048042,11.73413182048042,rebalance,rebalance,0.0
2023-11-30,2023-12-01,ANET,buy,232.46326655389925,54.752498626708984,12727.944682752654,12.727944682752653,rebalance,rebalance,0.0
2023-11-30,2023-12-01,APP,buy,348.527157257473,37.650001525878906,13122.048002554096,13.122048002554097,rebalance,rebalance,0.0
2023-11-30,2023-12-01,BAH,buy,217.38576958270374,118.37178607956568,25732.341813785562,25.732341813785563,rebalance,rebalance,0.0
2023-11-30,2023-12-01,CDW,buy,127.3618264793319,202.0412436371692,25732.341813785562,25.732341813785563,rebalance,rebalance,0.0
2023-11-30,2023-12-01,CRWD,buy,157.95759182416435,58.93000030517578,9308.440934402837,9.308440934402837,rebalance,rebalance,0.0
2023-11-30,2023-12-01,DELL,buy,184.08598339629856,68.8712509157625,12678.231952561368,12.678231952561367,rebalance,rebalance,0.0
2023-11-30,2023-12-01,IBM,buy,176.1797147594238,146.05734745866448,25732.341813785562,25.732341813785563,rebalance,rebalance,0.0
2023-11-30,2023-12-01,INTC,buy,587.8487917830674,43.77374279486742,25732.341813785566,25.732341813785567,rebalance,rebalance,0.0
2023-11-30,2023-12-01,INTU,buy,46.03058065409955,559.0270956422055,25732.341813785562,25.732341813785563,rebalance,rebalance,0.0
2023-11-30,2023-12-01,LDOS,buy,247.5867306533644,103.93263704351068,25732.341813785562,25.732341813785563,rebalance,rebalance,0.0
2023-11-30,2023-12-01,MDB,buy,24.990635419412953,420.0299987792969,10496.816564709876,10.496816564709876,rebalance,rebalance,0.0
2023-11-30,2023-12-01,STX,buy,345.88326746962656,74.39602962593507,25732.341813785562,25.732341813785563,rebalance,rebalance,0.0
2023-11-30,2023-12-01,ZS,buy,51.26109504301617,197.88999938964844,10144.05806677518,10.14405806677518,rebalance,rebalance,0.0
2023-12-29,2024-01-02,ADBE,sell,2.3128327614632838,589.510009765625,1363.4380637964778,1.3634380637964778,rebalance,rebalance,25.394109898835076
2023-12-29,2024-01-02,AKAM,sell,21.62203820086117,117.13999938964844,2532.8055416518328,2.532805541651833,rebalance,rebalance,163.2527616412683
2023-12-29,2024-01-02,ANET,sell,67.658180433317,58.5,3958.0035553490443,3.9580035553490442,rebalance,rebalance,303.64425893205214
2023-12-29,2024-01-02,APP,sell,86.2639161599792,39.40999984741211,3399.660922701951,3.399660922701951,rebalance,rebalance,146.02319835703415
2023-12-29,2024-01-02,BAH,sell,217.38576958270374,120.0231843465865,26091.33229694943,26.091332296949428,rebalance,rebalance,307.16680905313353
2023-12-29,2024-01-02,CDW,sell,127.3618264793319,216.8747858279953,27621.568840367407,27.621568840367406,rebalance,rebalance,1835.8731159276924
2023-12-29,2024-01-02,CRWD,sell,62.29157672437674,62.86750030517578,3916.1157187296353,3.9161157187296354,rebalance,rebalance,783.2161697069145
2023-12-29,2024-01-02,DELL,sell,48.156898855060206,72.31195900470371,3482.3196958007766,3.4823196958007765,rebalance,rebalance,217.01954331944168
2023-12-29,2024-01-02,IBM,sell,176.1797147594238,150.13266152857398,26450.329484177284,26.450329484177285,rebalance,rebalance,665.804999093761
2023-12-29,2024-01-02,INTC,sell,103.0767870270958,48.54977694264902,5004.355018130439,5.004355018130439,rebalance,rebalance,482.78184290344586
2023-12-29,2024-01-02,INTU,sell,7.370113106144174,608.7762045233706,4486.7494836664,4.4867494836664,rebalance,rebalance,358.0497169761199
2023-12-29,2024-01-02,LDOS,sell,247.5867306533644,105.08088151610852,26016.63190874686,26.01663190874686,rebalance,rebalance,232.5411212387659
2023-12-29,2024-01-02,MDB,sell,61.2631047510169,404.45001220703125,24777.86346438942,24.77786346438942,rebalance,rebalance,1629.5736617571736
2023-12-29,2024-01-02,STX,sell,53.61274771168155,80.52667343403328,4317.256226879796,4.317256226879795,rebalance,rebalance,320.37482799978653
2023-12-29,2024-01-02,ZS,sell,22.121724770401784,218.10000610351562,4824.748307444922,4.8247483074449224,rebalance,rebalance,946.150334598753
2023-12-29,2024-01-02,ESTC,buy,210.45848442799084,111.83000183105469,23535.57269894321,23.535572698943213,rebalance,rebalance,0.0
2023-12-29,2024-01-02,IT,buy,52.67349785853585,446.82000732421875,23535.57269894321,23.535572698943213,rebalance,rebalance,0.0
2023-12-29,2024-01-02,PLTR,buy,1388.5293002701726,16.950000762939453,23535.57269894321,23.535572698943213,rebalance,rebalance,0.0
2023-12-29,2024-01-02,SNPS,buy,46.33442687929406,507.95001220703125,23535.57269894321,23.535572698943213,rebalance,rebalance,0.0
2023-12-29,2024-01-02,WDC,buy,604.3300086229011,38.94490156557705,23535.57269894321,23.535572698943213,rebalance,rebalance,0.0
2024-01-30,2024-01-31,ADBE,sell,39.923957709047876,620.0,24752.853779609683,24.752853779609683,rebalance,rebalance,1654.41515233064
2024-01-30,2024-01-31,AKAM,sell,58.37360464394206,124.5,7267.513778170786,7.267513778170787,rebalance,rebalance,869.9380570720409
2024-01-30,2024-01-31,ANET,sell,133.9650378973314,66.13249969482422,8859.442827862384,8.859442827862384,rebalance,rebalance,1622.6895160787158
2024-01-30,2024-01-31,APP,sell,172.63296010961636,41.79999923706055,7216.057600873468,7.2160576008734685,rebalance,rebalance,704.4044283501815
2024-01-30,2024-01-31,CRWD,sell,136.1555570241201,74.5,10143.588998296947,10.143588998296948,rebalance,rebalance,3294.18230690828
2024-01-30,2024-01-31,DELL,sell,104.11584714015154,80.17286607162241,8347.26586870088,8.34726586870088,rebalance,rebalance,1286.8256535031967
2024-01-30,2024-01-31,ESTC,sell,62.605296804841174,120.02999877929688,7514.513699062604,7.514513699062604,rebalance,rebalance,498.8475785881133
2024-01-30,2024-01-31,INTC,sell,62.30319426320784,42.00740383466907,2617.195441604409,2.617195441604409,rebalance,rebalance,-115.39299881449053
2024-01-30,2024-01-31,INTU,sell,38.66046754795538,628.8780169046847,24312.718164166097,24.312718164166096,rebalance,rebalance,2654.544307609198
2024-01-30,2024-01-31,IT,sell,14.306146440800987,462.54998779296875,6617.30786155692,6.61730786155692,rebalance,rebalance,212.02582377786067
2024-01-30,2024-01-31,PLTR,sell,1388.5293002701726,16.40999984741211,22785.765605560777,22.785765605560776,rebalance,rebalance,-796.1284316869343
2024-01-30,2024-01-31,SNPS,sell,46.33442687929406,538.0,24927.9216610602,24.927921661060203,rebalance,rebalance,1343.88546775699
2024-01-30,2024-01-31,STX,sell,78.57215819564234,83.04611135143314,6525.112198637734,6.525112198637734,rebalance,rebalance,667.2850209335351
2024-01-30,2024-01-31,WDC,sell,604.3300086229011,43.40671029501926,26231.97760688076,26.231977606880758,rebalance,rebalance,2646.6373576317264
2024-01-30,2024-01-31,ZS,sell,33.34537690050125,238.0,7936.199702319298,7.936199702319298,rebalance,rebalance,2089.0972739446684
2024-01-30,2024-01-31,AMD,buy,107.07624798922656,165.74000549316406,17746.817929921806,17.746817929921807,rebalance,rebalance,0.0
2024-01-30,2024-01-31,AVGO,buy,153.139977089999,115.88625169698281,17746.817929921806,17.746817929921807,rebalance,rebalance,0.0
2024-01-30,2024-01-31,EPAM,buy,62.9297447444187,282.010009765625,17746.817929921806,17.746817929921807,rebalance,rebalance,0.0
2024-01-30,2024-01-31,PATH,buy,755.1837416988003,23.5,17746.817929921806,17.746817929921807,rebalance,rebalance,0.0
2024-01-30,2024-01-31,TEAM,buy,70.1510721386652,252.97999572753906,17746.817929921806,17.746817929921807,rebalance,rebalance,0.0
2024-02-28,2024-02-29,AKAM,sell,142.5447223286892,108.91999816894531,15525.970895033646,15.525970895033646,rebalance,rebalance,-94.29140426607091
2024-02-28,2024-02-29,AMD,sell,48.544728773897035,179.82000732421875,8729.313483674377,8.729313483674378,rebalance,rebalance,666.7347529272
2024-02-28,2024-02-29,ANET,sell,115.25952465954836,68.75,7924.09232034395,7.9240923203439495,rebalance,rebalance,1697.5038309443346
2024-02-28,2024-02-29,APP,sell,424.56502999615356,58.5,24837.054254774983,24.837054254774984,rebalance,rebalance,8815.523770414919
2024-02-28,2024-02-29,AVGO,sell,70.25145591815375,126.97944257175719,8920.490712341536,8.920490712341536,rebalance,rebalance,762.2511411159269
2024-02-28,2024-02-29,CRWD,sell,108.63627743651023,81.22750091552734,8824.253324933617,8.824253324933618,rebalance,rebalance,3358.4936362011804
2024-02-28,2024-02-29,DELL,sell,101.2135653081672,87.6048374357111,8866.797935110717,8.866797935110718,rebalance,rebalance,2002.4188410948389
2024-02-28,2024-02-29,EPAM,sell,62.9297447444187,307.1400146484375,19328.242722623192,19.32824272262319,rebalance,rebalance,1544.3497320488427
2024-02-28,2024-02-29,ESTC,sell,66.26296890998529,129.0,8547.922989388102,8.547922989388102,rebalance,rebalance,1121.776943929406
2024-02-28,2024-02-29,INTC,sell,422.4688104927638,41.93259519224425,17715.213611742016,17.715213611742016,rebalance,rebalance,-814.0356922829166
2024-02-28,2024-02-29,IT,sell,38.36735141773487,468.010009765625,17956.30451169526,17.95630451169526,rebalance,rebalance,777.9046654589171
2024-02-28,2024-02-29,PATH,sell,313.69304762866307,23.84000015258789,7478.442303333088,7.478442303333088,rebalance,rebalance,91.80545513689968
2024-02-28,2024-02-29,STX,sell,213.69836156230267,87.91384684263141,18787.04502890955,18.78704502890955,rebalance,rebalance,2854.0500364399836
2024-02-28,2024-02-29,TEAM,sell,70.1510721386652,205.66000366210938,14427.269752938784,14.427269752938784,rebalance,rebalance,-3351.7222646658815
2024-02-28,2024-02-29,ZS,sell,30.802893433054763,240.5,7408.09587064967,7.408095870649671,rebalance,rebalance,2006.7401934883223
2024-02-28,2024-02-29,DDOG,buy,80.67094439735519,130.47000122070312,10525.138213998205,10.525138213998206,rebalance,rebalance,0.0
2024-02-28,2024-02-29,NOW,buy,68.60790015480458,153.41000366210938,10525.138213998205,10.525138213998206,rebalance,rebalance,0.0
2024-02-28,2024-02-29,PANW,buy,66.66120878260168,157.88999938964844,10525.138213998205,10.525138213998206,rebalance,rebalance,0.0
2024-02-28,2024-02-29,SHOP,buy,137.99840929919628,76.2699966430664,10525.138213998205,10.525138213998206,rebalance,rebalance,0.0
2024-02-28,2024-02-29,SMCI,buy,125.44860575183341,83.9000015258789,10525.138213998205,10.525138213998206,rebalance,rebalance,0.0
2024-02-28,2024-02-29,SNOW,buy,58.0953707588122,181.1699981689453,10525.138213998205,10.525138213998206,rebalance,rebalance,0.0
2024-02-28,2024-02-29,WDC,buy,240.72466034251494,43.72272537023219,10525.138213998205,10.525138213998206,rebalance,rebalance,0.0
2024-03-27,2024-03-28,ANET,sell,153.09291947633753,71.94750213623047,11014.653151065553,11.014653151065554,rebalance,rebalance,2743.726871482535
2024-03-27,2024-03-28,DDOG,sell,80.67094439735519,123.16000366210938,9935.433807404086,9.935433807404086,rebalance,rebalance,-610.1649786155195
2024-03-27,2024-03-28,DELL,sell,120.14334507180712,108.06201040929953,12982.931405757687,12.982931405757688,rebalance,rebalance,4832.262810140017
2024-03-27,2024-03-28,NOW,sell,68.60790015480458,151.92999267578125,10423.597768020192,10.423597768020192,rebalance,rebalance,-122.4891819600308
2024-03-27,2024-03-28,PANW,sell,66.66120878260168,140.67999267578125,9377.898363295128,9.377898363295127,rebalance,rebalance,-1167.142887280369
2024-03-27,2024-03-28,PATH,sell,441.49069407013724,22.8799991607666,10101.306709811004,10.101306709811004,rebalance,rebalance,-294.20093885767926
2024-03-27,2024-03-28,SHOP,sell,137.99840929919628,78.80000305175781,10874.27507391439,10.87427507391439,rebalance,rebalance,327.73744662827426
2024-03-27,2024-03-28,WDC,sell,240.72466034251494,51.45753304633794,12387.09716464344,12.38709716464344,rebalance,rebalance,1839.0467152665935
2024-03-27,2024-03-28,AMD,buy,40.651098687827286,179.47000122070312,7295.652731127287,7.295652731127287,rebalance,rebalance,0.0
2024-03-27,2024-03-28,APP,buy,258.5374720500938,68.8499984741211,17800.304556152085,17.800304556152085,rebalance,rebalance,0.0
2024-03-27,2024-03-28,AVGO,buy,55.15423692924419,128.94776083158834,7112.015352400937,7.112015352400937,rebalance,rebalance,0.0
2024-03-27,2024-03-28,COHR,buy,291.1877023577632,61.130001068115234,17800.304556152085,17.800304556152085,rebalance,rebalance,0.0
2024-03-27,2024-03-28,CRWD,buy,91.25769873714057,80.6050033569336,7355.82711305325,7.355827113053251,rebalance,rebalance,0.0
2024-03-27,2024-03-28,ESTC,buy,96.4306327364371,99.98999786376953,9642.09876131829,9.64209876131829,rebalance,rebalance,0.0
2024-03-27,2024-03-28,LRCX,buy,187.80843787429484,94.77904591308246,17800.304556152085,17.800304556152085,rebalance,rebalance,0.0
2024-03-27,2024-03-28,META,buy,36.396370295342784,489.06812442310434,17800.304556152085,17.800304556152085,rebalance,rebalance,0.0
2024-03-27,2024-03-28,MPWR,buy,26.817626747590214,663.7539079684443,17800.304556152085,17.800304556152085,rebalance,rebalance,0.0
2024-03-27,2024-03-28,NET,buy,185.22689738590947,96.0999984741211,17800.304556152085,17.800304556152085,rebalance,rebalance,0.0
2024-03-27,2024-03-28,NVDA,buy,198.1234027191157,89.8445328106342,17800.304556152085,17.800304556152085,rebalance,rebalance,0.0
2024-03-27,2024-03-28,PLTR,buy,736.46274306845,24.170000076293945,17800.304556152085,17.800304556152085,rebalance,rebalance,0.0
2024-03-27,2024-03-28,SMCI,buy,51.03316778353994,100.86199951171875,5147.307344064866,5.147307344064866,rebalance,rebalance,0.0
2024-03-27,2024-03-28,SNOW,buy,50.42983404842098,164.02000427246094,8271.501596081505,8.271501596081505,rebalance,rebalance,0.0
2024-03-27,2024-03-28,ZS,buy,49.290460404065,191.2899932861328,9428.77183976399,9.42877183976399,rebalance,rebalance,0.0
2024-04-25,2024-04-26,AMD,sell,17.255262666634522,154.24000549316406,2661.4518084876972,2.6614518084876972,rebalance,rebalance,-301.1560787054281
2024-04-25,2024-04-26,APP,sell,78.24818139578218,70.08999633789062,5484.414747476974,5.484414747476975,rebalance,rebalance,86.15577585744245
2024-04-25,2024-04-26,AVGO,sell,138.04275810108945,128.1748249445961,17693.606354476367,17.69360635447637,rebalance,rebalance,941.5397130300922
2024-04-25,2024-04-26,COHR,sell,53.34701973626227,53.130001068115234,2834.327215568379,2.834327215568379,rebalance,rebalance,-432.8715884791246
2024-04-25,2024-04-26,CRWD,sell,52.53813252160751,75.08499908447266,3944.825632284803,3.944825632284803,rebalance,rebalance,640.6320245328918
2024-04-25,2024-04-26,ESTC,sell,178.02085144960148,105.0,18692.189402208154,18.692189402208154,rebalance,rebalance,-111.60218967107535
2024-04-25,2024-04-26,LRCX,sell,44.45667744517888,88.15012584355418,3918.861711378815,3.918861711378815,rebalance,rebalance,-302.83218452498943
2024-04-25,2024-04-26,META,sell,7.551327037834508,438.0813579966591,3308.09560341143,3.3080956034114304,rebalance,rebalance,-392.0189568424788
2024-04-25,2024-04-26,MPWR,sell,7.418467971416771,651.3929736603864,4832.337911905504,4.832337911905505,rebalance,rebalance,-101.4555702801863
2024-04-25,2024-04-26,NET,sell,41.67951698206605,88.02999877929688,3669.0478290529577,3.669047829052958,rebalance,rebalance,-344.0281386731252
2024-04-25,2024-04-26,NVDA,sell,47.101638071432745,83.67320929669376,3941.1452205681107,3.941145220568111,rebalance,rebalance,-298.852416463057
2024-04-25,2024-04-26,PLTR,sell,736.46274306845,22.049999237060547,16239.00292278284,16.23900292278284,rebalance,rebalance,-1595.3409408481787
2024-04-25,2024-04-26,SMCI,sell,18.37166386676128,79.9219970703125,1468.3000657360612,1.4683000657360612,rebalance,rebalance,-166.2934284554264
2024-04-25,2024-04-26,SNOW,sell,108.52520480723318,159.75999450683594,17337.98612385682,17.33798612385682,rebalance,rebalance,-1494.7883121568268
2024-04-25,2024-04-26,ZS,sell,93.054028861438,176.50999450683594,16424.966123171373,16.424966123171373,rebalance,rebalance,-693.1731027890432
2024-04-25,2024-04-26,ANET,buy,189.48081060311839,66.69000244140625,12636.475721721601,12.6364757217216,rebalance,rebalance,0.0
2024-04-25,2024-04-26,DELL,buy,104.08658037121059,121.40350539575164,12636.475721721601,12.6364757217216,rebalance,rebalance,0.0
2024-04-25,2024-04-26,MU,buy,113.63454696123077,111.2027641209574,12636.475721721601,12.6364757217216,rebalance,rebalance,0.0
2024-04-25,2024-04-26,NICE,buy,55.591376786954974,227.30999755859375,12636.475721721601,12.6364757217216,rebalance,rebalance,0.0
2024-04-25,2024-04-26,WDC,buy,236.54362143369713,53.42133364295172,12636.475721721601,12.6364757217216,rebalance,rebalance,0.0
2024-05-23,2024-05-24,AMD,sell,81.92735523652229,161.41000366210938,13223.894708753998,13.223894708753999,rebalance,rebalance,-843.0464650167596
2024-05-23,2024-05-24,ANET,sell,189.48081060311839,76.10749816894531,14420.910446027106,14.420910446027106,rebalance,rebalance,1757.3773381377573
2024-05-23,2024-05-24,LRCX,sell,143.35176042911596,94.59457459237213,13560.298794859867,13.560298794859868,rebalance,rebalance,-53.59133045080048
2024-05-23,2024-05-24,MPWR,sell,19.399158776173444,742.4542207975807,14402.987313292402,14.402987313292403,rebalance,rebalance,1499.440609544659
2024-05-23,2024-05-24,NET,sell,143.54738040384342,73.52999877929688,10555.03870586587,10.55503870586587,rebalance,rebalance,-3264.214273651201
2024-05-23,2024-05-24,NICE,sell,55.591376786954974,190.0,10562.361589521444,10.562361589521444,rebalance,rebalance,-2097.3129695113967
2024-05-23,2024-05-24,AMAT,buy,79.0330556647406,216.31913709406894,17096.362403304203,17.096362403304205,rebalance,rebalance,0.0
2024-05-23,2024-05-24,APP,buy,34.948810033322104,79.43000030517578,2775.983991612305,2.7759839916123052,rebalance,rebalance,0.0
2024-05-23,2024-05-24,AVGO,buy,124.82728439772693,136.96014045159765,17096.362403304203,17.096362403304205,rebalance,rebalance,0.0
2024-05-23,2024-05-24,COHR,buy,49.541430690700565,59.4900016784668,2947.219794943423,2.947219794943423,rebalance,rebalance,0.0
2024-05-23,2024-05-24,CRWD,buy,31.27087360895095,85.6675033569336,2678.8976698690517,2.678897669869052,rebalance,rebalance,0.0
2024-05-23,2024-05-24,DELL,buy,9.29723311290661,150.78309573437537,1401.8655905282021,1.4018655905282023,rebalance,rebalance,0.0
2024-05-23,2024-05-24,DOCU,buy,300.88635155099314,56.81999969482422,17096.362403304203,17.096362403304205,rebalance,rebalance,0.0
2024-05-23,2024-05-24,ESTC,buy,161.22559652676122,106.04000091552734,17096.362403304203,17.096362403304205,rebalance,rebalance,0.0
2024-05-23,2024-05-24,META,buy,7.997295842440177,464.04117710669794,3711.0745763964414,3.7110745763964417,rebalance,rebalance,0.0
2024-05-23,2024-05-24,MU,buy,21.07777072017504,126.91016454588099,2674.9833503577665,2.6749833503577665,rebalance,rebalance,0.0
2024-05-23,2024-05-24,NTAP,buy,155.3284887427309,110.06585167786409,17096.362403304203,17.096362403304205,rebalance,rebalance,0.0
2024-05-23,2024-05-24,NVDA,buy,12.942931726008709,104.2685576920773,1349.5408233779567,1.3495408233779567,rebalance,rebalance,0.0
2024-05-23,2024-05-24,QCOM,buy,88.33660073040159,193.5365665188018,17096.362403304203,17.096362403304205,rebalance,rebalance,0.0
2024-05-23,2024-05-24,SMCI,buy,41.14818631292803,85.80000305175781,3530.514511223524,3.530514511223524,rebalance,rebalance,0.0
2024-05-23,2024-05-24,WDC,buy,67.43019374454735,56.242878661371606,3792.4682048873556,3.7924682048873555,rebalance,rebalance,0.0
2024-06-24,2024-06-25,AMAT,sell,7.683622404674253,226.96808980754227,1743.9370999913497,1.7439370999913497,rebalance,rebalance,78.41647998723342
2024-06-24,2024-06-25,APP,sell,8.786748420214565,78.44000244140625,689.232567533653,0.689232567533653,rebalance,rebalance,67.86086370816044
2024-06-24,2024-06-25,AVGO,sell,124.82728439772693,157.05922394772028,19605.276415008364,19.605276415008365,rebalance,rebalance,2472.212372885849
2024-06-24,2024-06-25,COHR,sell,287.3821133122015,72.0,20691.51215847851,20.69151215847851,rebalance,rebalance,3166.9132477053627
2024-06-24,2024-06-25,CRWD,sell,28.990635527691722,94.9375,2752.298460410233,2.752298460410233,rebalance,rebalance,824.268394461786
2024-06-24,2024-06-25,DOCU,sell,300.88635155099314,51.77000045776367,15576.886557529757,15.576886557529757,rebalance,rebalance,-1552.1490947352786
2024-06-24,2024-06-25,ESTC,sell,161.22559652676122,108.86000061035156,17551.01853630752,17.55101853630752,rebalance,rebalance,420.00875206370984
2024-06-24,2024-06-25,META,sell,4.043316679338233,493.7355866348011,1996.3293326233384,1.9963293326233384,rebalance,rebalance,36.88573248107771
2024-06-24,2024-06-25,MU,sell,18.269498360973174,139.07293442736452,2540.7927475764654,2.5407927475764653,rebalance,rebalance,459.65651591652704
2024-06-24,2024-06-25,NTAP,sell,155.3284887427309,121.57043304034288,18883.35163995582,18.883351639955823,rebalance,rebalance,1751.009522608361
2024-06-24,2024-06-25,NVDA,sell,30.130230810838327,121.00055473590018,3645.774642432149,3.645774642432149,rebalance,rebalance,898.0449237256951
2024-06-24,2024-06-25,QCOM,sell,4.696114525575084,193.61490243170655,909.2377556773397,0.9092377556773397,rebalance,rebalance,-1.4502332184699722
2024-06-24,2024-06-25,SMCI,sell,7.95465646082539,84.6510009765625,673.3696318335493,0.6733696318335494,rebalance,rebalance,-29.481545585407545
2024-06-24,2024-06-25,WDC,sell,19.806806369964363,56.98777153548345,1128.7457562590876,1.1287457562590877,rebalance,rebalance,56.043408225405756
2024-06-24,2024-06-25,ANET,buy,195.49761278289844,82.83499908447266,16194.044575887983,16.194044575887983,rebalance,rebalance,0.0
2024-06-24,2024-06-25,CACI,buy,37.221698354904085,435.07000732421875,16194.044575887981,16.194044575887983,rebalance,rebalance,0.0
2024-06-24,2024-06-25,DELL,buy,6.889529132528423,134.64367268401463,927.6315054671403,0.9276315054671403,rebalance,rebalance,0.0
2024-06-24,2024-06-25,KLAC,buy,205.63419344671945,78.75171100901522,16194.044575887983,16.194044575887983,rebalance,rebalance,0.0
2024-06-24,2024-06-25,LDOS,buy,111.31617760694677,145.47790738079908,16194.044575887983,16.194044575887983,rebalance,rebalance,0.0
2024-06-24,2024-06-25,TER,buy,111.90793379154505,144.70863706636933,16194.044575887981,16.194044575887983,rebalance,rebalance,0.0
2024-07-23,2024-07-24,AMAT,sell,0.8873033253239555,213.53899379136436,189.47385927740908,0.1894738592774091,rebalance,rebalance,-2.8482449463190576
2024-07-23,2024-07-24,ANET,sell,195.49761278289844,85.2125015258789,16658.840627568417,16.658840627568416,rebalance,rebalance,431.9431664769792
2024-07-23,2024-07-24,APP,sell,21.810135908387906,81.48999786376953,1777.3079285830536,1.7773079285830535,rebalance,rebalance,234.89597326353189
2024-07-23,2024-07-24,CACI,sell,37.221698354904085,458.9800109863281,17084.015519863668,17.08401551986367,rebalance,rebalance,856.6928838799378
2024-07-23,2024-07-24,CRWD,sell,170.5758480672862,67.5,11513.869744541818,11.513869744541818,rebalance,rebalance,174.3569545710705
2024-07-23,2024-07-24,KLAC,sell,205.63419344671945,78.40066679387273,16121.85788184302,16.12185788184302,rebalance,rebalance,-104.50259650269231
2024-07-23,2024-07-24,LDOS,sell,111.31617760694677,151.27351390531933,16839.189341111458,16.839189341111457,rebalance,rebalance,612.1115313064786
2024-07-23,2024-07-24,META,sell,32.79902242061022,469.1606069922724,15388.009267606643,15.388009267606643,rebalance,rebalance,-506.01551788190125
2024-07-23,2024-07-24,NVDA,sell,7.366303241106706,118.97391446537992,876.3979317334802,0.8763979317334801,rebalance,rebalance,204.64202484835135
2024-07-23,2024-07-24,QCOM,sell,0.26328060422817146,180.46194062605153,47.51212876821525,0.04751212876821525,rebalance,rebalance,-3.5407619580421157
2024-07-23,2024-07-24,TER,sell,10.578370914004495,148.48985724773382,1570.780786934107,1.570780786934107,rebalance,rebalance,36.89758716171095
2024-07-23,2024-07-24,WDC,sell,9.889924151531545,54.85843757414697,542.5457866798417,0.5425457866798418,rebalance,rebalance,6.945672734272019
2024-07-23,2024-07-24,AVGO,buy,95.59954557777695,157.38999841186433,15046.412326661266,15.046412326661267,rebalance,rebalance,0.0
2024-07-23,2024-07-24,COHR,buy,209.70609514510474,71.75,15046.412326661266,15.046412326661267,rebalance,rebalance,0.0
2024-07-23,2024-07-24,DELL,buy,5.325122228577456,119.79774072241402,637.9376120542856,0.6379376120542857,rebalance,rebalance,0.0
2024-07-23,2024-07-24,GLW,buy,356.3151329264483,42.22782289116863,15046.412326661266,15.046412326661267,rebalance,rebalance,0.0
2024-07-23,2024-07-24,HPE,buy,774.4772388169847,19.4278302479808,15046.412326661266,15.046412326661267,rebalance,rebalance,0.0
2024-07-23,2024-07-24,MU,buy,19.38780889714336,110.77333974013318,2147.652341780038,2.147652341780038,rebalance,rebalance,0.0
2024-07-23,2024-07-24,NTAP,buy,121.41389415975831,123.92661013625805,15046.412326661266,15.046412326661267,rebalance,rebalance,0.0
2024-07-23,2024-07-24,PLTR,buy,529.058088752242,28.440000534057617,15046.412326661266,15.046412326661267,rebalance,rebalance,0.0
2024-07-23,2024-07-24,SMCI,buy,5.381488932373742,76.5,411.68390332659123,0.4116839033265912,rebalance,rebalance,0.0
2024-08-20,2024-08-21,AMAT,sell,70.46212993474239,204.38326825705403,14401.280404415851,14.401280404415852,rebalance,rebalance,-870.670328427495
2024-08-20,2024-08-21,APP,sell,87.53245969251184,86.58999633789062,7579.435364221159,7.579435364221159,rebalance,rebalance,1388.6968353012312
2024-08-20,2024-08-21,AVGO,sell,43.717361292081875,162.071952056372,7085.358083361387,7.085358083361387,rebalance,rebalance,190.7166255220292
2024-08-20,2024-08-21,COHR,sell,103.06504191932969,78.8499984741211,8126.678398074372,8.126678398074372,rebalance,rebalance,716.2400452066817
2024-08-20,2024-08-21,DELL,sell,47.37911609336946,107.50085520153047,5093.295498729813,5.0932954987298125,rebalance,rebalance,-803.8983424116792
2024-08-20,2024-08-21,GLW,sell,144.62623971116184,39.72171971998304,5744.802957961852,5.744802957961853,rebalance,rebalance,-374.3003321706892
2024-08-20,2024-08-21,HPE,sell,304.8469794018594,17.904823455377656,5458.231347095441,5.458231347095442,rebalance,rebalance,-475.66476704810617
2024-08-20,2024-08-21,MU,sell,57.599026818038595,107.48401839797634,6190.9748582155935,6.1909748582155935,rebalance,rebalance,-344.73299793191245
2024-08-20,2024-08-21,NTAP,sell,55.244088387678914,127.0767956172404,7020.241729101837,7.020241729101837,rebalance,rebalance,160.16267081591866
2024-08-20,2024-08-21,NVDA,sell,60.31591003240716,127.11051541152283,7666.786411734314,7.666786411734314,rebalance,rebalance,2165.9018225568193
2024-08-20,2024-08-21,PLTR,sell,529.058088752242,32.31999969482422,17099.157267016748,17.09915726701675,rebalance,rebalance,2020.599370761805
2024-08-20,2024-08-21,QCOM,sell,32.378180709145425,164.87858154206126,5338.4685082364285,5.338468508236429,rebalance,rebalance,-939.4982467696897
2024-08-20,2024-08-21,SMCI,sell,196.68512845308845,61.28900146484375,12054.63512587432,12.05463512587432,rebalance,rebalance,-5256.375123924478
2024-08-20,2024-08-21,TER,sell,37.74498131835139,132.2434885618245,4991.528005239682,4.991528005239682,rebalance,rebalance,-480.9503502424333
2024-08-20,2024-08-21,WDC,sell,102.05373995291413,48.82408304513561,4982.680274527753,4.982680274527753,rebalance,rebalance,-543.5404945414135
2024-08-20,2024-08-21,ANET,buy,95.65334888794115,87.90750122070312,8408.646884131029,8.408646884131029,rebalance,rebalance,0.0
2024-08-20,2024-08-21,HPQ,buy,262.3846217652534,32.0470263369854,8408.646884131029,8.408646884131029,rebalance,rebalance,0.0
2024-08-20,2024-08-21,ORCL,buy,61.912633796439906,135.81471774852102,8408.646884131029,8.408646884131029,rebalance,rebalance,0.0
2024-09-18,2024-09-19,DELL,sell,78.21934875185362,116.44228910939556,9108.040021311977,9.108040021311977,rebalance,rebalance,-628.4818132675695
2024-09-18,2024-09-19,HPE,sell,469.6302594151253,17.898705848583518,8405.773870865298,8.405773870865298,rebalance,rebalance,-735.6527591970395
2024-09-18,2024-09-19,HPQ,sell,262.3846217652534,32.40581516105283,8502.787554027562,8.502787554027561,rebalance,rebalance,77.22923545837523
2024-09-18,2024-09-19,MU,sell,78.2316013995374,88.79156556642347,6946.306365033331,6.9463063650333305,rebalance,rebalance,-1929.0981464033155
2024-09-18,2024-09-19,ORCL,sell,61.912633796439906,163.65278993020053,10132.175252714213,10.132175252714212,rebalance,rebalance,1704.9875464463403
2024-09-18,2024-09-19,QCOM,sell,50.999024891452905,167.1006611345428,8521.970776578786,8.521970776578787,rebalance,rebalance,-1366.5975436697956
2024-09-18,2024-09-19,WDC,sell,172.22334470383444,49.952704346223534,8603.021819508385,8.603021819508385,rebalance,rebalance,-723.084813615736
2024-09-18,2024-09-19,AAPL,buy,63.32719567041632,223.12354184254357,14129.78819293908,14.129788192939081,rebalance,rebalance,0.0
2024-09-18,2024-09-19,ANET,buy,55.96195492887733,93.19499969482422,5215.3743725184895,5.21537437251849,rebalance,rebalance,0.0
2024-09-18,2024-09-19,APP,buy,14.589173712445643,126.5,1845.5304746243737,1.8455304746243737,rebalance,rebalance,0.0
2024-09-18,2024-09-19,AVGO,buy,33.68754408884328,165.12601432007654,5562.689887622545,5.562689887622545,rebalance,rebalance,0.0
2024-09-18,2024-09-19,CACI,buy,29.051521135744824,486.3699951171875,14129.78819293908,14.129788192939081,rebalance,rebalance,0.0
2024-09-18,2024-09-19,COHR,buy,60.219930973766154,84.68000030517578,5099.423773236183,5.0994237732361825,rebalance,rebalance,0.0
2024-09-18,2024-09-19,GLW,buy,112.75782272035573,43.5504121291272,4910.649650254555,4.910649650254555,rebalance,rebalance,0.0
2024-09-18,2024-09-19,MPWR,buy,16.020902034096007,881.9595902195631,14129.788192939079,14.12978819293908,rebalance,rebalance,0.0
2024-09-18,2024-09-19,NTAP,buy,54.05310869395264,117.52990896699092,6352.856944183119,6.352856944183118,rebalance,rebalance,0.0
2024-09-18,2024-09-19,NVDA,buy,54.44311254798038,117.16692604230532,6378.932141422121,6.378932141422122,rebalance,rebalance,0.0
2024-09-18,2024-09-19,PANW,buy,83.63295914866302,168.9499969482422,14129.78819293908,14.129788192939081,rebalance,rebalance,0.0
2024-09-18,2024-09-19,PLTR,buy,381.8861673767319,37.0,14129.78819293908,14.129788192939081,rebalance,rebalance,0.0
2024-09-18,2024-09-19,TER,buy,42.579390814899696,133.09400427435116,5667.061623117529,5.6670616231175295,rebalance,rebalance,0.0
2024-09-18,2024-09-19,TXN,buy,71.92138279572829,196.46157573291688,14129.788192939079,14.12978819293908,rebalance,rebalance,0.0
2024-09-18,2024-09-19,UI,buy,67.05852891134425,210.7082935210163,14129.788192939082,14.129788192939083,rebalance,rebalance,0.0
2024-10-16,2024-10-17,NTAP,sell,120.22291446603204,123.05119656603117,14793.57347970086,14.79357347970086,rebalance,rebalance,211.17018266274917
2024-10-16,2024-10-17,PANW,sell,83.63295914866302,186.0,15555.73040165132,15.55573040165132,rebalance,rebalance,1396.2566901176529
2024-10-16,2024-10-17,TXN,sell,71.92138279572829,193.89709866322022,13945.347455938558,13.945347455938558,rebalance,rebalance,-212.51587264939658
2024-10-16,2024-10-17,AAPL,buy,33.620640213800534,231.49347055743362,7782.958685455503,7.782958685455503,rebalance,rebalance,0.0
2024-10-16,2024-10-17,ANET,buy,66.27587086152968,103.0,6826.414698737557,6.826414698737557,rebalance,rebalance,0.0
2024-10-16,2024-10-17,APP,buy,41.69412324937325,146.30999755859375,6100.267070823507,6.100267070823508,rebalance,rebalance,0.0
2024-10-16,2024-10-17,AVGO,buy,40.08452336486809,178.60749382690068,7159.396259444933,7.159396259444933,rebalance,rebalance,0.0
2024-10-16,2024-10-17,CACI,buy,13.435258906452294,528.22998046875,7096.906549747895,7.096906549747895,rebalance,rebalance,0.0
2024-10-16,2024-10-17,COHR,buy,49.55937888948864,103.69999694824219,5139.307439596751,5.139307439596751,rebalance,rebalance,0.0
2024-10-16,2024-10-17,GEN,buy,828.9031181754663,27.075288414006256,22442.79099186986,22.44279099186986,rebalance,rebalance,0.0
2024-10-16,2024-10-17,GLW,buy,173.03591405468933,45.112712764073855,7806.11948861817,7.806119488618171,rebalance,rebalance,0.0
2024-10-16,2024-10-17,LITE,buy,321.2078160819557,69.87000274658203,22442.79099186986,22.44279099186986,rebalance,rebalance,0.0
2024-10-16,2024-10-17,MPWR,buy,8.229706170560299,925.4527062773077,7616.203847412086,7.616203847412087,rebalance,rebalance,0.0
2024-10-16,2024-10-17,NVDA,buy,40.721245937550975,139.12262899690117,5665.2467908614735,5.665246790861474,rebalance,rebalance,0.0
2024-10-16,2024-10-17,ORCL,buy,128.92755845392495,174.07287674566703,22442.790991869857,22.442790991869856,rebalance,rebalance,0.0
2024-10-16,2024-10-17,PLTR,buy,150.5643706876765,42.150001525878906,6346.288454228562,6.346288454228562,rebalance,rebalance,0.0
2024-10-16,2024-10-17,TER,buy,67.36849105875181,129.32906355331903,8712.703861628519,8.712703861628519,rebalance,rebalance,0.0
2024-10-16,2024-10-17,UI,buy,24.192782725789556,245.9448591940786,5950.090541007249,5.950090541007249,rebalance,rebalance,0.0
2024-11-13,2024-11-14,AAPL,sell,96.94783588421686,223.398802697962,21658.03046069256,21.65803046069256,rebalance,rebalance,-298.2871950411073
2024-11-13,2024-11-14,ANET,sell,217.89117467834816,98.25,21407.807912147706,21.407807912147707,rebalance,rebalance,915.5137128930976
2024-11-13,2024-11-14,APP,sell,96.14693444126237,284.57000732421875,27360.533838151212,27.360533838151213,rebalance,rebalance,18048.08408302152
2024-11-13,2024-11-14,AVGO,sell,125.65425173940645,172.10803086665146,21626.10583689176,21.62610583689176,rebalance,rebalance,695.7688586083901
2024-11-13,2024-11-14,CACI,sell,42.48678004219712,542.219970703125,23037.180629750237,23.03718062975024,rebalance,rebalance,1766.2220116908259
2024-11-13,2024-11-14,COHR,sell,58.538564890151434,103.18000030517578,6040.009143230377,6.040009143230377,rebalance,rebalance,1190.0835837473105
2024-11-13,2024-11-14,GEN,sell,828.9031181754663,29.388590603718896,24360.294390204803,24.360294390204803,rebalance,rebalance,1870.700312952869
2024-11-13,2024-11-14,GLW,sell,141.81350712582156,45.801681785426304,6495.297126252165,6.495297126252165,rebalance,rebalance,309.3408107448452
2024-11-13,2024-11-14,LITE,sell,136.34350061898508,88.12000274658203,12014.589649023574,12.014589649023574,rebalance,rebalance,2466.727975884729
2024-11-13,2024-11-14,MPWR,sell,24.250608204656306,594.7485578955703,14423.014257809824,14.423014257809823,rebalance,rebalance,-7359.146788839499
2024-11-13,2024-11-14,NVDA,sell,50.80658886067873,147.40965302668107,7489.381635421891,7.489381635421891,rebalance,rebalance,1787.2961266618956
2024-11-13,2024-11-14,ORCL,sell,40.88046273472801,185.01739158206226,7563.596581847077,7.563596581847077,rebalance,rebalance,432.7370545861589
2024-11-13,2024-11-14,PLTR,sell,265.6160713990437,61.04999923706055,16215.860956262637,16.215860956262638,rebalance,rebalance,5974.819646703873
2024-11-13,2024-11-14,TER,sell,173.53246343284067,107.27586241072953,18615.84467101637,18.61584467101637,rebalance,rebalance,-5007.355797886973
2024-11-13,2024-11-14,UI,sell,42.27336523846905,332.6036549949363,14060.275787250692,14.060275787250692,rebalance,rebalance,4734.6464340698085
2024-11-13,2024-11-14,ADSK,buy,52.5102130981773,310.2300109863281,16290.243986341975,16.290243986341974,rebalance,rebalance,0.0
2024-11-13,2024-11-14,CHKP,buy,92.03527675899421,177.0,16290.243986341977,16.290243986341977,rebalance,rebalance,0.0
2024-11-13,2024-11-14,CIEN,buy,229.69887770633366,70.91999816894531,16290.243986341977,16.290243986341977,rebalance,rebalance,0.0
2024-11-13,2024-11-14,FTNT,buy,168.74087250730364,96.54000091552734,16290.243986341975,16.290243986341974,rebalance,rebalance,0.0
2024-11-13,2024-11-14,IBM,buy,81.19793053486076,200.62388140973712,16290.243986341979,16.290243986341977,rebalance,rebalance,0.0
2024-11-13,2024-11-14,NET,buy,172.4565333922364,94.45999908447266,16290.243986341979,16.290243986341977,rebalance,rebalance,0.0
2024-11-13,2024-11-14,SHOP,buy,141.29797776892892,115.29000091552734,16290.243986341977,16.290243986341977,rebalance,rebalance,0.0
2024-12-12,2024-12-13,ADSK,sell,52.5102130981773,308.1300048828125,16179.972218338897,16.179972218338897,rebalance,rebalance,-142.7419842077572
2024-12-12,2024-12-13,APP,sell,7.755440742939143,326.0,2528.2736821981607,2.5282736821981606,rebalance,rebalance,1776.7879959151321
2024-12-12,2024-12-13,CHKP,sell,92.03527675899421,190.22000122070312,17506.95045744363,17.50695045744363,rebalance,rebalance,1182.9092766578685
2024-12-12,2024-12-13,CIEN,sell,44.595223565457474,87.16000366210938,3886.9198492778596,3.88691984927786,rebalance,rebalance,717.1770626490255
2024-12-12,2024-12-13,COHR,sell,7.9409487418135996,107.5999984741211,854.4460725022171,0.8544460725022172,rebalance,rebalance,196.50262982311068
2024-12-12,2024-12-13,FTNT,sell,4.597673580546001,98.29000091552734,451.9053404411623,0.4519053404411623,rebalance,rebalance,7.15016401383921
2024-12-12,2024-12-13,GLW,sell,355.66912286451,47.58897048256275,16925.92738955815,16.92592738955815,rebalance,rebalance,1410.8763207247125
2024-12-12,2024-12-13,IBM,sell,81.19793053486076,221.88044348787798,18016.232837372816,18.016232837372815,rebalance,rebalance,1691.6823742071242
2024-12-12,2024-12-13,LITE,sell,12.49641550783025,93.5999984741211,1169.6644724648945,1.1696644724648946,rebalance,rebalance,294.49709755204543
2024-12-12,2024-12-13,NET,sell,172.4565333922364,114.80000305175781,19798.010559724313,19.798010559724315,rebalance,rebalance,3471.6783188362683
2024-12-12,2024-12-13,NVDA,sell,110.51002191419208,138.7327975455873,15331.364496980024,15.331364496980024,rebalance,rebalance,2929.648671075947
2024-12-12,2024-12-13,ORCL,sell,88.04709571919693,171.62115152068236,15110.74395538032,15.11074395538032,rebalance,rebalance,-246.3046407577146
2024-12-12,2024-12-13,PLTR,sell,47.29935111540968,73.48999786376953,3476.0292124291423,3.4760292124291423,rebalance,rebalance,1651.7762760066955
2024-12-12,2024-12-13,SHOP,sell,1.6370044169447624,115.5199966430664,189.10674475014383,0.18910674475014383,rebalance,rebalance,-0.001332963618525973
2024-12-12,2024-12-13,UI,sell,1.73662275542614,341.51530754362574,593.0832544066169,0.5930832544066169,rebalance,rebalance,209.96366404061797
2024-12-12,2024-12-13,BILL,buy,176.11216095730012,91.61000061035156,16133.635172788596,16.133635172788598,rebalance,rebalance,0.0
2024-12-12,2024-12-13,CRM,buy,44.890701130899096,359.39815521579186,16133.635172788596,16.133635172788598,rebalance,rebalance,0.0
2024-12-12,2024-12-13,DOCU,buy,170.54582910170063,94.5999984741211,16133.635172788598,16.133635172788598,rebalance,rebalance,0.0
2024-12-12,2024-12-13,NOW,buy,71.38776625127697,226.0,16133.635172788596,16.133635172788598,rebalance,rebalance,0.0
2024-12-12,2024-12-13,TEAM,buy,58.33894733297396,276.54998779296875,16133.635172788596,16.133635172788598,rebalance,rebalance,0.0
2024-12-12,2024-12-13,TWLO,buy,139.564319945907,115.5999984741211,16133.635172788596,16.133635172788598,rebalance,rebalance,0.0
2024-12-12,2024-12-13,ZM,buy,185.8499668992497,86.80999755859375,16133.635172788596,16.133635172788598,rebalance,rebalance,0.0
2025-01-14,2025-01-15,APP,sell,0.19449320071174014,335.0,65.15522223843294,0.06515522223843294,rebalance,rebalance,46.307494986856284
2025-01-14,2025-01-15,COHR,sell,149.94084945706481,96.47000122070312,14464.793930156306,14.464793930156306,rebalance,rebalance,2043.186674608518
2025-01-14,2025-01-15,CRM,sell,44.890701130899096,326.0811615032152,14638.011965457272,14.638011965457272,rebalance,rebalance,-1526.3948544695668
2025-01-14,2025-01-15,UI,sell,5.849929829093632,398.9690980375728,2333.941227496579,2.333941227496579,rebalance,rebalance,1043.0411786448667
2025-01-14,2025-01-15,BILL,buy,19.041307732635886,84.62000274658203,1611.2755126341624,1.6112755126341625,rebalance,rebalance,0.0
2025-01-14,2025-01-15,CIEN,buy,7.119443898995598,85.91000366210938,611.6314514348941,0.6116314514348941,rebalance,rebalance,0.0
2025-01-14,2025-01-15,DOCU,buy,9.18738324265513,91.87999725341797,844.1367471012517,0.8441367471012516,rebalance,rebalance,0.0
2025-01-14,2025-01-15,FFIV,buy,62.99403944700553,262.1499938964844,16513.887056547395,16.513887056547397,rebalance,rebalance,0.0
2025-01-14,2025-01-15,FTNT,buy,11.761014320821687,93.87999725341797,1104.1239921361494,1.1041239921361494,rebalance,rebalance,0.0
2025-01-14,2025-01-15,LITE,buy,14.970577307384474,88.1500015258789,1319.6564124892295,1.3196564124892296,rebalance,rebalance,0.0
2025-01-14,2025-01-15,MRVL,buy,140.12874693933156,117.84796065932886,16513.887056547395,16.513887056547397,rebalance,rebalance,0.0
2025-01-14,2025-01-15,NOW,buy,7.002673674268877,210.66200256347656,1475.19725952002,1.47519725952002,rebalance,rebalance,0.0
2025-01-14,2025-01-15,PLTR,buy,21.36767542554341,68.55000305175781,1464.7542156299712,1.4647542156299713,rebalance,rebalance,0.0
2025-01-14,2025-01-15,SHOP,buy,18.381780922713347,104.48999786376953,1920.7122493465972,1.9207122493465973,rebalance,rebalance,0.0
2025-01-14,2025-01-15,TEAM,buy,6.416314136256176,255.02000427246094,1636.2884584415015,1.6362884584415014,rebalance,rebalance,0.0
2025-01-14,2025-01-15,TWLO,buy,8.941862695750359,111.19999694824219,994.3351044790406,0.9943351044790406,rebalance,rebalance,0.0
2025-01-14,2025-01-15,ZM,buy,20.26444261694178,80.12000274658203,1623.5871981273292,1.6235871981273293,rebalance,rebalance,0.0
2025-02-12,2025-02-13,APP,sell,22.39141300018538,499.3399963378906,11180.928085512765,11.180928085512766,rebalance,rebalance,9007.36653961856
2025-02-12,2025-02-13,CIEN,sell,42.95499211304127,90.0,3865.9492901737144,3.8659492901737145,rebalance,rebalance,788.796944571491
2025-02-12,2025-02-13,DOCU,sell,29.295036820124324,89.30000305175781,2616.0468774384594,2.6160468774384595,rebalance,rebalance,-156.57373051306544
2025-02-12,2025-02-13,FFIV,sell,62.99403944700553,311.7799987792969,19640.281541890363,19.640281541890364,rebalance,rebalance,3090.2403167445314
2025-02-12,2025-02-13,FTNT,sell,175.90421324757932,108.98999786376953,19171.79982608173,19.17179982608173,rebalance,rebalance,2185.16895088593
2025-02-12,2025-02-13,LITE,sell,17.929536324067243,79.30000305175781,1421.8122852151348,1.421812285215135,rebalance,rebalance,140.1835090806365
2025-02-12,2025-02-13,MRVL,sell,12.08811500096158,104.92083122395879,1268.2950738316943,1.2682950738316943,rebalance,rebalance,-158.95748202197936
2025-02-12,2025-02-13,NOW,sell,78.39043992554585,196.47999572753906,15402.153301651157,15.402153301651158,rebalance,rebalance,-2239.6901163914144
2025-02-12,2025-02-13,PLTR,sell,126.38459292758961,117.30999755859375,14826.176287779403,14.826176287779402,rebalance,rebalance,9608.515371875192
2025-02-12,2025-02-13,SHOP,sell,47.01689036217894,121.0,5689.043733823652,5.6890437338236515,rebalance,rebalance,316.47547690629756
2025-02-12,2025-02-13,TEAM,sell,22.569269889864373,318.45001220703125,7187.184271931093,7.187184271931093,rebalance,rebalance,980.4196718745551
2025-02-12,2025-02-13,TWLO,sell,56.03557659613213,145.27999877929688,8140.8484994832725,8.140848499483273,rebalance,rebalance,1663.3778964324254
2025-02-12,2025-02-13,UI,sell,1.8078873369008974,339.387051047077,613.573551896149,0.6135735518961489,rebalance,rebalance,214.7359967252399
2025-02-12,2025-02-13,ZM,sell,44.8209843061278,83.29000091552734,3733.139823892221,3.733139823892221,rebalance,rebalance,-135.8838759779669
2025-02-12,2025-02-13,AVGO,buy,57.63560542884452,233.08733262115527,13434.129533414745,13.434129533414746,rebalance,rebalance,0.0
2025-02-12,2025-02-13,BILL,buy,26.057294271977327,60.72999954223633,1582.4594692091002,1.5824594692091003,rebalance,rebalance,0.0
2025-02-12,2025-02-13,CRWD,buy,123.53222559461835,108.75,13434.129533414745,13.434129533414746,rebalance,rebalance,0.0
2025-02-12,2025-02-13,NET,buy,77.24315590415816,173.9199981689453,13434.129533414743,13.434129533414744,rebalance,rebalance,0.0
2025-03-10,2025-03-11,APP,sell,26.90377224323968,239.8000030517578,6451.524666032672,6.451524666032673,market_trend_exit,risk_exit,3846.925554868222
2025-03-10,2025-03-11,AVGO,sell,57.63560542884452,185.68193909594572,10701.890976996667,10.701890976996667,market_trend_exit,risk_exit,-2756.374576928488
2025-03-10,2025-03-11,BILL,sell,221.21076296191333,43.38999938964844,9598.334869901084,9.598334869901084,market_trend_exit,risk_exit,-9757.960989755305
2025-03-10,2025-03-11,CIEN,sell,149.26810592683051,61.779998779296875,9221.783401947547,9.221783401947548,market_trend_exit,risk_exit,-1467.0734315774405
2025-03-10,2025-03-11,CRWD,sell,123.53222559461835,77.60250091552734,9586.409649803501,9.586409649803501,market_trend_exit,risk_exit,-3870.740422794461
2025-03-10,2025-03-11,DOCU,sell,150.43817552423144,77.47000122070312,11654.44564150256,11.65444564150256,market_trend_exit,risk_exit,-2581.953934874594
2025-03-10,2025-03-11,LITE,sell,169.4089409384576,59.5099983215332,10081.525790900329,10.08152579090033,market_trend_exit,risk_exit,-2024.7138288745284
2025-03-10,2025-03-11,MRVL,sell,128.04063193836998,66.15938403610132,8471.089340635719,8.47108934063572,market_trend_exit,risk_exit,-6641.798431529016
2025-03-10,2025-03-11,NET,sell,77.24315590415816,116.58499908447266,9005.393260368057,9.005393260368058,market_trend_exit,risk_exit,-4451.175795840467
2025-03-10,2025-03-11,PLTR,sell,114.51819804790887,75.78500366210938,8678.76205843894,8.678762058438942,market_trend_exit,risk_exit,3955.7486981490397
2025-03-10,2025-03-11,SHOP,sell,111.02586391251856,92.75,10297.648877886097,10.297648877886097,market_trend_exit,risk_exit,-2386.017778763507
2025-03-10,2025-03-11,TEAM,sell,42.18599157936576,216.0800018310547,9115.549137714212,9.115549137714211,market_trend_exit,risk_exit,-2481.6825505002203
2025-03-10,2025-03-11,TWLO,sell,92.47060604552522,98.94999694824219,9149.966186006826,9.149966186006827,market_trend_exit,risk_exit,-1534.9522731727195
2025-03-10,2025-03-11,UI,sell,39.58350647724409,297.5722532910081,11778.953215592739,11.77895321559274,market_trend_exit,risk_exit,3048.1013234453244
2025-03-10,2025-03-11,ZM,sell,161.29342521006367,73.5,11855.06675293968,11.85506675293968,market_trend_exit,risk_exit,-2066.477347053803
2025-06-09,2025-06-10,AVGO,buy,91.06094009765135,241.87431459404814,22025.302472409097,22.0253024724091,rebalance,rebalance,0.0
2025-06-09,2025-06-10,CACI,buy,49.63784010595878,443.7200012207031,22025.302472409097,22.0253024724091,rebalance,rebalance,0.0
2025-06-09,2025-06-10,CHKP,buy,97.00212591046726,227.05999755859375,22025.302472409097,22.0253024724091,rebalance,rebalance,0.0
2025-06-09,2025-06-10,CIEN,buy,302.83653864714626,72.7300033569336,22025.302472409097,22.0253024724091,rebalance,rebalance,0.0
2025-06-09,2025-06-10,CRWD,buy,189.2655303828924,116.37249755859375,22025.302472409097,22.0253024724091,rebalance,rebalance,0.0
2025-06-09,2025-06-10,FFIV,buy,74.7304368452346,294.7300109863281,22025.302472409097,22.0253024724091,rebalance,rebalance,0.0
2025-06-09,2025-06-10,IBM,buy,83.27786864917817,264.4796610392893,22025.302472409097,22.0253024724091,rebalance,rebalance,0.0
2025-06-09,2025-06-10,KLAC,buy,267.6061622790831,82.30491512164502,22025.302472409097,22.0253024724091,rebalance,rebalance,0.0
2025-06-09,2025-06-10,MPWR,buy,31.18549796803538,706.2674610802966,22025.302472409097,22.0253024724091,rebalance,rebalance,0.0
2025-06-09,2025-06-10,NET,buy,122.71731110270791,179.47999572753906,22025.302472409097,22.0253024724091,rebalance,rebalance,0.0
2025-06-09,2025-06-10,PLTR,buy,168.10640935873172,131.02000427246094,22025.302472409097,22.0253024724091,rebalance,rebalance,0.0
2025-06-09,2025-06-10,QRVO,buy,269.19216028550505,81.81999969482422,22025.302472409097,22.0253024724091,rebalance,rebalance,0.0
2025-06-09,2025-06-10,UI,buy,53.16862504913592,414.25375307438094,22025.302472409097,22.0253024724091,rebalance,rebalance,0.0
2025-06-09,2025-06-10,VRSN,buy,79.72367150013976,276.2705487337031,22025.302472409097,22.0253024724091,rebalance,rebalance,0.0
2025-06-09,2025-06-10,ZS,buy,73.41767490803032,300.0,22025.302472409097,22.0253024724091,rebalance,rebalance,0.0
2025-07-09,2025-07-10,AVGO,sell,91.06094009765135,277.75487211273963,25292.619771288995,25.292619771288997,rebalance,rebalance,3219.9993766362045
2025-07-09,2025-07-10,CACI,sell,49.63784010595878,484.54998779296875,24052.014817411662,24.052014817411663,rebalance,rebalance,1980.6350277127474
2025-07-09,2025-07-10,CIEN,sell,302.83653864714626,79.73999786376953,24148.1849447948,24.148184944794803,rebalance,rebalance,2076.7089849685035
2025-07-09,2025-07-10,FFIV,sell,74.7304368452346,301.9700012207031,22566.350105379173,22.566350105379176,rebalance,rebalance,496.45598039228906
2025-07-09,2025-07-10,MPWR,sell,31.18549796803538,751.153931066738,23425.109390963546,23.425109390963545,rebalance,rebalance,1354.35650669108
2025-07-09,2025-07-10,QRVO,sell,269.19216028550505,89.22000122070312,24017.324869276472,24.01732486927647,rebalance,rebalance,1945.9797695256932
2025-07-09,2025-07-10,UI,sell,53.16862504913592,403.2114902646024,21438.20054138196,21.43820054138196,rebalance,rebalance,-630.5654340409216
2025-07-09,2025-07-10,APP,buy,86.13911582967461,359.3550109863281,30954.52291532531,30.95452291532531,rebalance,rebalance,0.0
2025-07-09,2025-07-10,CHKP,buy,36.38229231846647,232.07000732421875,8443.238844818381,8.443238844818381,rebalance,rebalance,0.0
2025-07-09,2025-07-10,CRWD,buy,52.099981651233634,128.24749755859375,6681.692269619364,6.681692269619364,rebalance,rebalance,0.0
2025-07-09,2025-07-10,IBM,buy,27.397023155321776,279.68875695857446,7662.639350677229,7.662639350677229,rebalance,rebalance,0.0
2025-07-09,2025-07-10,INTU,buy,40.73535300886792,759.8933267765383,30954.52291532531,30.95452291532531,rebalance,rebalance,0.0
2025-07-09,2025-07-10,KLAC,buy,70.3456898747753,91.59447630792309,6443.276624599612,6.443276624599612,rebalance,rebalance,0.0
2025-07-09,2025-07-10,MU,buy,249.47058905536025,124.08085070283039,30954.52291532531,30.95452291532531,rebalance,rebalance,0.0
2025-07-09,2025-07-10,NET,buy,36.776313295909986,194.0800018310547,7137.546951809651,7.137546951809651,rebalance,rebalance,0.0
2025-07-09,2025-07-10,PLTR,buy,47.89054439649556,143.30999755859375,6863.193800541504,6.863193800541504,rebalance,rebalance,0.0
2025-07-09,2025-07-10,SMCI,buy,609.341011421567,50.79999923706055,30954.522915325306,30.954522915325306,rebalance,rebalance,0.0
2025-07-09,2025-07-10,SNOW,buy,139.5416429690165,221.8300018310547,30954.52291532531,30.95452291532531,rebalance,rebalance,0.0
2025-07-09,2025-07-10,STX,buy,215.98688107459193,143.31668090820312,30954.52291532531,30.95452291532531,rebalance,rebalance,0.0
2025-07-09,2025-07-10,VEEV,buy,108.37659633256743,285.6199951171875,30954.52291532531,30.95452291532531,rebalance,rebalance,0.0
2025-07-09,2025-07-10,VRSN,buy,29.127065079427126,284.37587000340056,8283.034472607756,8.283034472607756,rebalance,rebalance,0.0
2025-07-09,2025-07-10,ZS,buy,24.558278361977287,315.94000244140625,7758.942525639838,7.7589425256398385,rebalance,rebalance,0.0
2025-08-06,2025-08-07,APP,sell,86.13911582967461,397.25,34218.76376333824,34.21876376333824,rebalance,rebalance,3199.067561334268
2025-08-06,2025-08-07,CHKP,sell,133.38441822893373,189.35000610351562,25256.340405762483,25.256340405762483,rebalance,rebalance,-5267.925793187986
2025-08-06,2025-08-07,IBM,sell,110.67489180449995,244.74947748533037,27087.621939896835,27.087621939896835,rebalance,rebalance,-2657.0954469524727
2025-08-06,2025-08-07,KLAC,sell,337.9518521538584,90.55336354061131,30602.676927311266,30.602676927311265,rebalance,rebalance,2075.0265742782367
2025-08-06,2025-08-07,NET,sell,10.38186058516419,218.16000366210938,2264.906743278929,2.264906743278929,rebalance,rebalance,362.4567804363826
2025-08-06,2025-08-07,PLTR,sell,36.281888693567765,181.00999450683594,6567.384473120334,6.567384473120335,rebalance,rebalance,1703.4461060221884
2025-08-06,2025-08-07,SNOW,sell,139.5416429690165,215.0,30001.453238338545,30.001453238338545,rebalance,rebalance,-1014.0256531404215
2025-08-06,2025-08-07,VEEV,sell,108.37659633256743,284.5199890136719,30835.30799788124,30.835307997881237,rebalance,rebalance,-181.0047483572752
2025-08-06,2025-08-07,CACI,buy,66.12102567823767,491.9800109863281,32530.222939606654,32.53022293960665,rebalance,rebalance,0.0
2025-08-06,2025-08-07,CRWD,buy,46.71013953025863,112.92250061035156,5274.625759615236,5.274625759615237,rebalance,rebalance,0.0
2025-08-06,2025-08-07,INTU,buy,1.2512591867917422,774.7760831003517,969.4456916858373,0.9694456916858374,rebalance,rebalance,0.0
2025-08-06,2025-08-07,LRCX,buy,331.7470706578265,98.05730273699767,32530.22293960665,32.53022293960665,rebalance,rebalance,0.0
2025-08-06,2025-08-07,MCHP,buy,495.70337205433646,65.62437290832239,32530.22293960665,32.53022293960665,rebalance,rebalance,0.0
2025-08-06,2025-08-07,MU,buy,35.98968219573098,113.95709391375526,4101.27959390512,4.1012795939051205,rebalance,rebalance,0.0
2025-08-06,2025-08-07,NVDA,buy,179.39938315407593,181.32851054269395,32530.22293960665,32.53022293960665,rebalance,rebalance,0.0
2025-08-06,2025-08-07,ORCL,buy,127.66673307807397,254.80579126053888,32530.22293960665,32.53022293960665,rebalance,rebalance,0.0
2025-08-06,2025-08-07,SMCI,buy,80.5894633792027,47.150001525878906,3799.7933212991693,3.7997933212991692,rebalance,rebalance,0.0
2025-08-06,2025-08-07,STX,buy,10.243072035121656,143.79273165402034,1472.8793084590484,1.4728793084590484,rebalance,rebalance,0.0
2025-08-06,2025-08-07,VRSN,buy,11.505578845426868,270.282642208996,3109.7582504859033,3.1097582504859034,rebalance,rebalance,0.0
2025-08-06,2025-08-07,WDC,buy,442.523134235661,73.51078491250816,32530.22293960665,32.53022293960665,rebalance,rebalance,0.0
2025-08-06,2025-08-07,ZS,buy,13.78486756706235,291.07000732421875,4012.3615037082236,4.012361503708224,rebalance,rebalance,0.0
2025-09-04,2025-09-05,CACI,sell,66.12102567823767,464.260009765625,30697.348027091764,30.697348027091763,rebalance,rebalance,-1896.1024834815844
2025-09-04,2025-09-05,CRWD,sell,288.07565156438466,103.51750183105469,29820.87178829846,29.82087178829846,rebalance,rebalance,-4224.551205635176
2025-09-04,2025-09-05,INTU,sell,41.98661219565966,664.7521493210586,27910.690699774532,27.910690699774534,rebalance,rebalance,-4073.112566543395
2025-09-04,2025-09-05,LRCX,sell,331.7470706578265,101.14023425959583,33552.97644126726,33.55297644126726,rebalance,rebalance,956.6703022797407
2025-09-04,2025-09-05,MCHP,sell,495.70337205433646,63.087590263252046,31272.731228276363,31.272731228276363,rebalance,rebalance,-1321.2946654981665
2025-09-04,2025-09-05,MU,sell,285.4602712510912,127.56524026756098,36414.80808898858,36.414808088988586,rebalance,rebalance,1287.5349691599456
2025-09-04,2025-09-05,NET,sell,56.828588560914156,212.11000061035156,12053.91195434092,12.05391195434092,rebalance,rebalance,1640.5591753054184
2025-09-04,2025-09-05,NVDA,sell,62.752030121785054,167.8065026792569,10530.198710760134,10.530198710760134,rebalance,rebalance,-870.4423756196877
2025-09-04,2025-09-05,ORCL,sell,42.53543782573345,229.92936147771334,9780.146059445868,9.780146059445867,rebalance,rebalance,-1078.7482543048436
2025-09-04,2025-09-05,PLTR,sell,55.68652970030341,157.82000732421875,8788.44852516221,8.78844852516221,rebalance,rebalance,1324.42157530472
2025-09-04,2025-09-05,SMCI,sell,212.3948915459826,40.9900016784668,8706.0669609676,8.7060669609676,rebalance,rebalance,-2012.4441326436076
2025-09-04,2025-09-05,STX,sell,120.12348521524667,184.4768254712781,22159.999217054716,22.159999217054715,rebalance,rebalance,4902.332554941235
2025-09-04,2025-09-05,VRSN,sell,120.35631542499375,273.86749904955036,32961.68310026186,32.96168310026186,rebalance,rebalance,-522.791873536661
2025-09-04,2025-09-05,WDC,sell,230.56066099273912,92.34740498950556,21291.678735344576,21.291678735344576,rebalance,rebalance,4304.743201926757
2025-09-04,2025-09-05,ZS,sell,39.16166382486976,269.6199951171875,10558.767609242324,10.558767609242325,rebalance,rebalance,-1306.1678859403391
2025-09-04,2025-09-05,AMD,buy,124.5811161370136,157.1199951171875,19574.184359141345,19.574184359141345,rebalance,rebalance,0.0
2025-09-04,2025-09-05,AVGO,buy,55.42077675554819,353.192169165723,19574.184359141345,19.574184359141345,rebalance,rebalance,0.0
2025-09-04,2025-09-05,CDNS,buy,55.446235240134655,353.0299987792969,19574.184359141345,19.574184359141345,rebalance,rebalance,0.0
2025-09-04,2025-09-05,COHR,buy,199.28918871786203,98.22000122070312,19574.184359141345,19.574184359141345,rebalance,rebalance,0.0
2025-09-04,2025-09-05,DELL,buy,155.78481954613162,125.64885600644138,19574.184359141345,19.574184359141345,rebalance,rebalance,0.0
2025-09-04,2025-09-05,LITE,buy,130.93099905780164,149.5,19574.184359141345,19.574184359141345,rebalance,rebalance,0.0
2025-09-04,2025-09-05,SNPS,buy,32.100929419568146,609.77001953125,19574.184359141345,19.574184359141345,rebalance,rebalance,0.0
2025-10-02,2025-10-03,AMD,sell,2.898206041273525,170.67999267578125,494.66578589747024,0.49466578589747023,rebalance,rebalance,38.34963493901974
2025-10-02,2025-10-03,CDNS,sell,55.446235240134655,347.239990234375,19253.150183317215,19.253150183317217,rebalance,rebalance,-359.86151036658555
2025-10-02,2025-10-03,COHR,sell,199.28918871786203,114.33000183105469,22784.73331102257,22.78473331102257,rebalance,rebalance,3168.1900342110625
2025-10-02,2025-10-03,DELL,sell,155.78481954613162,146.39448345803982,22806.038188059883,22.806038188059883,rebalance,rebalance,3189.4736063713385
2025-10-02,2025-10-03,LITE,sell,9.390516786914006,170.8800048828125,1604.651554399998,1.6046515543999982,rebalance,rebalance,197.76076094231067
2025-10-02,2025-10-03,NVDA,sell,6.729662254154505,188.94900408551683,1271.562980754388,1.271562980754388,rebalance,rebalance,48.79150513940785
2025-10-02,2025-10-03,ORCL,sell,12.598303960210544,286.3364357918345,3607.3534529888407,3.607353452988841,rebalance,rebalance,390.41516960450184
2025-10-02,2025-10-03,PLTR,sell,12.607725898012134,186.39999389648438,2350.08003043801,2.35008003043801,rebalance,rebalance,659.8243826703776
2025-10-02,2025-10-03,SMCI,sell,477.5355832547871,52.7400016784668,25185.227462385094,25.185227462385093,rebalance,rebalance,1080.776708711848
2025-10-02,2025-10-03,SNPS,sell,32.100929419568146,473.5,15199.790080165518,15.199790080165519,rebalance,rebalance,-4409.168253415134
2025-10-02,2025-10-03,STX,sell,24.235955116218975,253.6791025135329,6148.155342440696,6.148155342440695,rebalance,rebalance,2664.594213783759
2025-10-02,2025-10-03,WDC,sell,54.06885145084303,131.53690420286873,7112.049333648679,7.112049333648679,rebalance,rebalance,3126.318931136285
2025-10-02,2025-10-03,ZS,sell,72.5991570122002,308.07000732421875,22365.62283248062,22.36562283248062,rebalance,rebalance,367.23082896264634
2025-10-02,2025-10-03,ACLS,buy,221.96043894031862,93.56999969482422,20768.838203908665,20.768838203908665,rebalance,rebalance,0.0
2025-10-02,2025-10-03,ANET,buy,142.24257917451195,146.00999450683594,20768.838203908665,20.768838203908665,rebalance,rebalance,0.0
2025-10-02,2025-10-03,APP,buy,30.05533503645394,691.02001953125,20768.838203908665,20.768838203908665,rebalance,rebalance,0.0
2025-10-02,2025-10-03,AVGO,buy,5.736558795077983,339.5968450377662,1948.1172681821322,1.9481172681821322,rebalance,rebalance,0.0
2025-10-02,2025-10-03,GLW,buy,252.3179099381435,82.31218389927298,20768.838203908665,20.768838203908665,rebalance,rebalance,0.0
2025-10-02,2025-10-03,MDB,buy,63.17517324382864,328.75,20768.838203908665,20.768838203908665,rebalance,rebalance,0.0
2025-10-02,2025-10-03,NET,buy,0.022772320387844047,225.0,5.123772087264911,0.005123772087264911,rebalance,rebalance,0.0
2025-10-02,2025-10-03,UI,buy,30.43822818364376,682.3274363607333,20768.838203908665,20.768838203908665,rebalance,rebalance,0.0
2025-10-30,2025-10-31,ACLS,sell,43.341246554598996,81.19999694824219,3519.3090879664505,3.519309087966451,rebalance,rebalance,-543.7060884355315
2025-10-30,2025-10-31,AMD,sell,121.68291009574007,259.6000061035156,31588.884203547666,31.588884203547668,rebalance,rebalance,12419.358261016187
2025-10-30,2025-10-31,ANET,sell,142.24257917451195,161.08999633789062,22913.856558314248,22.913856558314247,rebalance,rebalance,2101.335659643362
2025-10-30,2025-10-31,APP,sell,6.7206964921665815,621.5599975585938,4177.31609526311,4.17731609526311,rebalance,rebalance,-475.64117793398754
2025-10-30,2025-10-31,AVGO,sell,61.15733555062617,376.1619333582533,23005.061579762976,23.005061579762977,rebalance,rebalance,1438.232589232416
2025-10-30,2025-10-31,GLW,sell,91.98518690770894,90.46112111415195,8321.083133566162,8.321083133566162,rebalance,rebalance,733.6889280555057
2025-10-30,2025-10-31,LITE,sell,49.45719917034428,201.2100067138672,9951.28337711404,9.95128337711404,rebalance,rebalance,2540.0869664944894
2025-10-30,2025-10-31,MDB,sell,22.261554409927598,354.5,7891.721038319333,7.891721038319333,rebalance,rebalance,558.0248190050536
2025-10-30,2025-10-31,NET,sell,30.97876839061061,236.5,7326.47872437941,7.32647872437941,rebalance,rebalance,1648.806331840277
2025-10-30,2025-10-31,NVDA,sell,109.91769077813638,206.18701808603035,22663.600896446296,22.663600896446297,rebalance,rebalance,2689.7949333068855
2025-10-30,2025-10-31,ORCL,sell,16.104432668812436,257.0308055081987,4139.33530111741,4.13933530111741,rebalance,rebalance,27.589754128489858
2025-10-30,2025-10-31,PLTR,sell,111.42080946334397,199.1999969482422,22195.024905068793,22.19502490506879,rebalance,rebalance,7255.960162634723
2025-10-30,2025-10-31,STX,sell,29.211178697313265,275.4284331496902,8045.589179056601,8.045589179056602,rebalance,rebalance,3846.277709051286
2025-10-30,2025-10-31,UI,sell,11.72466157270253,775.0461565214383,9087.153888437699,9.0871538884377,rebalance,rebalance,1070.0084031768417
2025-10-30,2025-10-31,WDC,sell,64.47707255095705,155.26026163930848,10010.727153998267,10.010727153998268,rebalance,rebalance,5256.2164545506
2025-10-30,2025-10-31,CIEN,buy,76.50128254008114,189.58999633789062,14503.877876617918,14.503877876617919,rebalance,rebalance,0.0
2025-10-30,2025-10-31,INTC,buy,356.5358350002905,40.68000030517578,14503.877876617918,14.503877876617919,rebalance,rebalance,0.0
2025-10-30,2025-10-31,LRCX,buy,89.54418658439546,161.97453380123122,14503.877876617918,14.503877876617919,rebalance,rebalance,0.0
2025-10-30,2025-10-31,MU,buy,63.745621502112535,227.52743694148873,14503.877876617918,14.503877876617919,rebalance,rebalance,0.0
2025-10-30,2025-10-31,TER,buy,80.73317990775762,179.6520079252353,14503.877876617918,14.503877876617919,rebalance,rebalance,0.0
2025-11-28,2025-12-01,ACLS,sell,178.61919238571963,81.4000015258789,14539.602532748835,14.539602532748836,rebalance,rebalance,-2205.0482445824655
2025-11-28,2025-12-01,APP,sell,23.33463854428736,588.1300048828125,13723.801080990388,13.723801080990388,rebalance,rebalance,-2430.749805101337
2025-11-28,2025-12-01,CIEN,sell,21.39440996231776,194.49000549316406,4160.998911094185,4.160998911094185,rebalance,rebalance,96.61563966952932
2025-11-28,2025-12-01,GLW,sell,31.065201162823712,82.91128193311269,2575.655651919737,2.575655651919737,rebalance,rebalance,13.478400734581092
2025-11-28,2025-12-01,INTC,sell,87.65134462783135,39.86000061035156,3493.782650363493,3.493782650363493,rebalance,rebalance,-78.93351522232662
2025-11-28,2025-12-01,LITE,sell,38.057643294067184,314.989990234375,11987.77668954155,11.98777668954155,rebalance,rebalance,6280.481622716501
2025-11-28,2025-12-01,LRCX,sell,20.084616570121327,154.30178948930674,3099.0922779763027,3.0990922779763026,rebalance,rebalance,-160.4564162290803
2025-11-28,2025-12-01,MDB,sell,8.08043502469934,326.42999267578125,2637.696345929732,2.637696345929732,rebalance,rebalance,-24.04080780047548
2025-11-28,2025-12-01,MU,sell,17.56102662084603,232.06300667817794,4075.2646379890525,4.0752646379890525,rebalance,rebalance,71.57838087161176
2025-11-28,2025-12-01,NET,sell,61.32717918231678,197.3300018310547,12101.69238033999,12.10169238033999,rebalance,rebalance,864.2793554525131
2025-11-28,2025-12-01,ORCL,sell,2.4579127021272953,198.58454104867837,488.10346588966587,0.48810346588966586,rebalance,rebalance,-139.3013188820133
2025-11-28,2025-12-01,STX,sell,13.068481126307972,270.71242851583435,3537.8002627161773,3.5378002627161775,rebalance,rebalance,1659.1762282935783
2025-11-28,2025-12-01,TER,sell,20.843763346919786,178.95876376542805,3730.174120783906,3.730174120783906,rebalance,rebalance,-21.92461526743287
2025-11-28,2025-12-01,WDC,sell,26.41102091778035,159.9530101253862,4224.522296283506,4.224522296283506,rebalance,rebalance,2276.8614011025115
2025-11-28,2025-12-01,AMD,buy,50.11097674246207,213.8800048828125,10717.735950360291,10.717735950360291,rebalance,rebalance,0.0
2025-11-28,2025-12-01,ANET,buy,83.09611029140314,128.97999572753906,10717.735950360291,10.717735950360291,rebalance,rebalance,0.0
2025-11-28,2025-12-01,COHR,buy,66.81463565661609,160.41000366210938,10717.735950360291,10.717735950360291,rebalance,rebalance,0.0
2025-11-28,2025-12-01,UI,buy,0.19594349212462703,566.7907783937032,111.05896442249781,0.11105896442249781,rebalance,rebalance,0.0
2025-12-29,2025-12-30,ANET,sell,83.09611029140314,134.25,11155.65280662087,11.155652806620871,rebalance,rebalance,416.04346750360025
2025-12-29,2025-12-30,ORCL,sell,53.97064592119025,194.18695089448133,10480.39516924161,10.48039516924161,rebalance,rebalance,-3295.870397857678
2025-12-29,2025-12-30,UI,sell,18.909510103065855,565.6952630561941,10697.0202920176,10.6970202920176,rebalance,rebalance,-2206.39546240149
2025-12-29,2025-12-30,AMD,buy,20.96086446123482,215.8699951171875,4524.821708898789,4.52482170889879,rebalance,rebalance,0.0
2025-12-29,2025-12-30,APP,buy,21.983805028848643,697.8900146484375,15342.278013611573,15.342278013611573,rebalance,rebalance,0.0
2025-12-29,2025-12-30,AVGO,buy,44.000328462911874,348.68553371240546,15342.278013611573,15.342278013611573,rebalance,rebalance,0.0
2025-12-29,2025-12-30,CIEN,buy,8.774037321811974,240.1699981689453,2107.26052751384,2.10726052751384,rebalance,rebalance,0.0
2025-12-29,2025-12-30,COHR,buy,13.93419599397113,190.0,2647.4972388545148,2.647497238854515,rebalance,rebalance,0.0
2025-12-29,2025-12-30,GLW,buy,43.46692597881281,88.82002521727587,3860.7334615556174,3.8607334615556175,rebalance,rebalance,0.0
2025-12-29,2025-12-30,GOOGL,buy,49.19079430665659,311.8932765746258,15342.278013611573,15.342278013611573,rebalance,rebalance,0.0
2025-12-29,2025-12-30,INTC,buy,146.78275636385519,36.90999984741211,5417.751514992624,5.417751514992624,rebalance,rebalance,0.0
2025-12-29,2025-12-30,LITE,buy,6.999784595298593,373.9700012207031,2617.7094536484738,2.617709453648474,rebalance,rebalance,0.0
2025-12-29,2025-12-30,LRCX,buy,17.611238987234117,176.20461081676422,3103.181511746612,3.1031815117466124,rebalance,rebalance,0.0
2025-12-29,2025-12-30,MDB,buy,3.224722054013789,425.489990234375,1372.0869552709007,1.3720869552709007,rebalance,rebalance,0.0
2025-12-29,2025-12-30,MU,buy,5.9059516127878595,294.53094747936166,1739.4855242816723,1.7394855242816722,rebalance,rebalance,0.0
2025-12-29,2025-12-30,STX,buy,14.938483844197592,281.35823603015774,4203.065463368444,4.2030654633684446,rebalance,rebalance,0.0
2025-12-29,2025-12-30,TER,buy,17.684383903868692,197.77654210188908,3497.556297709456,3.497556297709456,rebalance,rebalance,0.0
2025-12-29,2025-12-30,WDC,buy,18.164614283312204,180.13681255023516,3272.115718200335,3.272115718200335,rebalance,rebalance,0.0
2026-01-28,2026-01-29,AMD,sell,71.07184120369689,254.66000366210938,18099.155341206308,18.09915534120631,rebalance,rebalance,2823.2559689467626
2026-01-28,2026-01-29,AVGO,sell,44.000328462911874,331.3394445196304,14579.044391582502,14.579044391582501,rebalance,rebalance,-793.1549444342609
2026-01-28,2026-01-29,CIEN,sell,8.52769960056333,257.0,2191.618797344776,2.191618797344776,rebalance,rebalance,511.74134957099403
2026-01-28,2026-01-29,COHR,sell,16.37880881417958,221.0,3619.7167479336867,3.619716747933687,rebalance,rebalance,902.4292135456145
2026-01-28,2026-01-29,GLW,sell,36.508045762374735,104.42744452774342,3812.441923666706,3.812441923666706,rebalance,rebalance,740.7208333199709
2026-01-28,2026-01-29,GOOGL,sell,7.305844459577294,339.6393000059441,2481.3518982031374,2.4813518982031373,rebalance,rebalance,197.94813589615336
2026-01-28,2026-01-29,INTC,sell,116.55508029228491,47.560001373291016,5543.359778765115,5.543359778765115,rebalance,rebalance,946.937310842213
2026-01-28,2026-01-29,LITE,sell,4.3610557243363886,388.0,1692.0896210425187,1.6920896210425187,rebalance,rebalance,870.5756755903423
2026-01-28,2026-01-29,LRCX,sell,29.040386132372603,245.14339795397703,7119.058934385373,7.1190589343853725,rebalance,rebalance,2319.764747857938
2026-01-28,2026-01-29,MDB,sell,0.07971854293344904,395.3999938964844,31.52071138932238,0.03152071138932238,rebalance,rebalance,4.56512736187817
2026-01-28,2026-01-29,MU,sell,19.69429776586368,439.11797215172794,8648.120097898365,8.648120097898365,rebalance,rebalance,4004.23538326728
2026-01-28,2026-01-29,STX,sell,22.857782129787786,449.1656691786534,10266.931006265995,10.266931006265995,rebalance,rebalance,6111.853319437272
2026-01-28,2026-01-29,TER,sell,20.918536238782494,251.09361400412868,5252.5108638722295,5.25251086387223,rebalance,rebalance,1398.9251349444285
2026-01-28,2026-01-29,WDC,sell,35.2182326454442,284.78941161395466,10029.779753179424,10.029779753179424,rebalance,rebalance,6626.5562883766215
2026-01-28,2026-01-29,APP,buy,3.8765397779176958,550.0999755859375,2132.48443719044,2.13248443719044,rebalance,rebalance,0.0
2026-01-28,2026-01-29,KLAC,buy,86.90912770728424,163.6856268395588,14225.775046846089,14.22577504684609,rebalance,rebalance,0.0
2026-01-28,2026-01-29,LSCC,buy,167.04760961835922,85.16000366210938,14225.775046846089,14.22577504684609,rebalance,rebalance,0.0
2026-02-26,2026-02-27,APP,sell,25.86034480676634,431.7900085449219,11166.238505088264,11.166238505088264,rebalance,rebalance,-6337.16494666964
2026-02-26,2026-02-27,CIEN,sell,14.47506697641358,340.6600036621094,4931.076369194328,4.9310763691943285,rebalance,rebalance,2078.41192071976
2026-02-26,2026-02-27,COHR,sell,7.995849841831635,247.02000427246094,1975.1348620912067,1.9751348620912068,rebalance,rebalance,648.3942551712888
2026-02-26,2026-02-27,GLW,sell,42.440557224060086,148.48241197555785,6301.676302215128,6.301676302215128,rebalance,rebalance,2728.934685548416
2026-02-26,2026-02-27,LITE,sell,16.184115417678797,679.9500122070312,11004.3894758107,11.0043894758107,rebalance,rebalance,7950.981508993379
2026-02-26,2026-02-27,LSCC,sell,167.04760961835922,95.3499984741211,15927.989322216128,15.927989322216128,rebalance,rebalance,1672.0605110009794
2026-02-26,2026-02-27,TER,sell,13.642424813526993,323.75329423063005,4416.779974673053,4.416779974673053,rebalance,rebalance,1902.5988409430438
2026-02-26,2026-02-27,AMAT,buy,38.14223418631895,365.09524811662715,13925.548453976617,13.925548453976617,rebalance,rebalance,0.0
2026-02-26,2026-02-27,AMD,buy,69.58946785019528,200.11000061035156,13925.548453976617,13.925548453976617,rebalance,rebalance,0.0
2026-02-26,2026-02-27,GOOGL,buy,3.990755382279424,303.5495233120643,1211.3918939459743,1.2113918939459742,rebalance,rebalance,0.0
2026-02-26,2026-02-27,INTC,buy,14.10305489501053,44.459999084472656,627.0218077204357,0.6270218077204357,rebalance,rebalance,0.0
2026-02-26,2026-02-27,KLAC,buy,6.337289298228683,149.34137848056199,946.4195196275848,0.9464195196275849,rebalance,rebalance,0.0
2026-02-26,2026-02-27,LRCX,buy,1.7316505950501124,233.01648766122423,403.50313951504614,0.4035031395150461,rebalance,rebalance,0.0
2026-02-26,2026-02-27,MDB,buy,6.376385725536771,328.7850036621094,2096.460004121629,2.0964600041216293,rebalance,rebalance,0.0
2026-02-26,2026-02-27,MU,buy,2.280690698979292,401.57951318695996,915.8786606261316,0.9158786606261317,rebalance,rebalance,0.0
2026-02-26,2026-02-27,STX,buy,3.227911434130995,399.0189538375982,1287.9978435273708,1.287997843527371,rebalance,rebalance,0.0
2026-02-26,2026-02-27,WDC,buy,0.5769007816212621,275.5962044080453,158.99166573485448,0.1589916657348545,rebalance,rebalance,0.0
2026-03-20,2026-03-23,AMAT,sell,38.14223418631895,366.9709128060676,13997.090495816263,13.997090495816263,market_trend_exit,risk_exit,43.619402889855635
2026-03-20,2026-03-23,AMD,sell,69.58946785019528,206.39999389648438,14363.2657395399,14.3632657395399,market_trend_exit,risk_exit,409.428471369769
2026-03-20,2026-03-23,CIEN,sell,40.87814332259844,399.3999938964844,16326.73019354543,16.32673019354543,market_trend_exit,risk_exit,8268.29539441137
2026-03-20,2026-03-23,COHR,sell,56.37417299457601,254.19000244140625,14329.751171123533,14.329751171123533,market_trend_exit,risk_exit,4975.256287246355
2026-03-20,2026-03-23,GLW,sell,93.78584485998883,127.63368971094,11970.233422138172,11.970233422138172,market_trend_exit,risk_exit,4077.0852582841803
2026-03-20,2026-03-23,GOOGL,sell,45.87570522935872,301.7357168812967,13842.338804815605,13.842338804815606,market_trend_exit,risk_exit,-460.8047010455341
2026-03-20,2026-03-23,INTC,sell,313.21522133903994,44.5,13938.077349587278,13.938077349587278,market_trend_exit,risk_exit,1515.0409127869736
2026-03-20,2026-03-23,KLAC,sell,93.24641700551292,152.98361555560055,14265.174011108602,14.265174011108602,market_trend_exit,risk_exit,-936.4579239426513
2026-03-20,2026-03-23,LITE,sell,20.48025325975958,742.7449951171875,15211.605607418891,15.21160560741889,market_trend_exit,risk_exit,11346.372287662738
2026-03-20,2026-03-23,LRCX,sell,59.76207346418576,230.22782447272576,13758.8921596387,13.758892159638702,market_trend_exit,risk_exit,3765.1849065920655
2026-03-20,2026-03-23,MDB,sell,42.35457304581881,270.1700134277344,11442.935568514824,11.442935568514825,market_trend_exit,risk_exit,-2818.301896541891
2026-03-20,2026-03-23,MU,sell,34.67693942716998,425.90552375147496,14769.100048827,14.769100048827001,market_trend_exit,risk_exit,6212.777232203568
2026-03-20,2026-03-23,STX,sell,34.899466103167505,418.9699014127051,14621.825872600133,14.621825872600134,market_trend_exit,risk_exit,7574.902557536203
2026-03-20,2026-03-23,TER,sell,43.012839412397035,300.7808409695417,12937.438010948628,12.937438010948629,market_trend_exit,risk_exit,5011.531098185801
2026-03-20,2026-03-23,WDC,sell,50.52881074283074,298.53214633195165,15084.474322658238,15.084474322658238,market_trend_exit,risk_exit,10097.490432559423
2026-04-24,2026-04-27,AKAM,buy,141.21074612879698,95.25,13450.323568767913,13.450323568767914,rebalance,rebalance,0.0
2026-04-24,2026-04-27,AMAT,buy,32.40731939906947,415.0396829536639,13450.323568767915,13.450323568767915,rebalance,rebalance,0.0
2026-04-24,2026-04-27,CIEN,buy,26.075614318530516,515.8200073242188,13450.323568767913,13.450323568767914,rebalance,rebalance,0.0
2026-04-24,2026-04-27,COHR,buy,40.69689430792107,330.5,13450.323568767913,13.450323568767914,rebalance,rebalance,0.0
2026-04-24,2026-04-27,ENTG,buy,86.25320270756121,155.93999001255426,13450.323568767913,13.450323568767914,rebalance,rebalance,0.0
2026-04-24,2026-04-27,GLW,buy,76.55305414588419,175.69937240042904,13450.323568767915,13.450323568767915,rebalance,rebalance,0.0
2026-04-24,2026-04-27,KEYS,buy,38.82887934688391,346.3999938964844,13450.323568767913,13.450323568767914,rebalance,rebalance,0.0
2026-04-24,2026-04-27,KLAC,buy,70.60009235131628,190.51424893096677,13450.323568767912,13.450323568767912,rebalance,rebalance,0.0
2026-04-24,2026-04-27,LITE,buy,15.717677164943277,855.7449951171875,13450.323568767913,13.450323568767914,rebalance,rebalance,0.0
2026-04-24,2026-04-27,LRCX,buy,50.26814229579964,267.5715265071932,13450.323568767913,13.450323568767914,rebalance,rebalance,0.0
2026-04-24,2026-04-27,LSCC,buy,108.88305433240345,123.52999877929688,13450.323568767913,13.450323568767914,rebalance,rebalance,0.0
2026-04-24,2026-04-27,MU,buy,26.348309497469685,510.4814625795857,13450.323568767913,13.450323568767914,rebalance,rebalance,0.0
2026-04-24,2026-04-27,STX,buy,22.45901794588784,598.8829788183422,13450.323568767913,13.450323568767914,rebalance,rebalance,0.0
2026-04-24,2026-04-27,TER,buy,31.93947331326522,421.11914109684693,13450.323568767913,13.450323568767914,rebalance,rebalance,0.0
2026-04-24,2026-04-27,WDC,buy,32.67634210096581,411.6226818536816,13450.323568767913,13.450323568767914,rebalance,rebalance,0.0
2026-05-22,2026-05-26,AKAM,sell,141.21074612879698,148.4499969482422,20962.734831878915,20.962734831878915,rebalance,rebalance,7477.998204710356
2026-05-22,2026-05-26,AMAT,sell,32.40731939906947,444.26493132962713,14397.435527404892,14.397435527404893,rebalance,rebalance,919.2641995408069
2026-05-22,2026-05-26,CIEN,sell,4.295495606936473,591.0,2538.637903699456,2.5386379036994557,rebalance,rebalance,318.18098778920444
2026-05-22,2026-05-26,COHR,sell,7.117339852362107,383.3299865722656,2728.2897900362177,2.728289790036218,rebalance,rebalance,370.9283982192994
2026-05-22,2026-05-26,GLW,sell,11.615625875180257,198.22235806586775,2302.4767513891393,2.3024767513891393,rebalance,rebalance,257.2752401540877
2026-05-22,2026-05-26,KEYS,sell,2.0725980508616217,350.20001220703125,725.8238627120091,0.7258238627120092,rebalance,rebalance,6.432138728797646
2026-05-22,2026-05-26,KLAC,sell,70.60009235131628,193.4523551525107,13657.754139346891,13.657754139346892,rebalance,rebalance,180.32249287086478
2026-05-22,2026-05-26,LITE,sell,2.3512011906334696,963.010009765625,2264.2302815528865,2.2642302815528867,rebalance,rebalance,247.92537122177194
2026-05-22,2026-05-26,LRCX,sell,50.26814229579964,314.54841472460635,15811.764470294711,15.811764470294712,rebalance,rebalance,2332.178813487738
2026-05-22,2026-05-26,LSCC,sell,108.88305433240345,148.39999389648438,16158.244598359248,16.15824459835925,rebalance,rebalance,2678.312461424209
2026-05-22,2026-05-26,MU,sell,10.657840572104613,820.373834573117,8743.413538406405,8.743413538406404,rebalance,rebalance,3288.5994516367996
2026-05-22,2026-05-26,STX,sell,6.96131201473438,830.577778139196,5781.911066131772,5.781911066131772,rebalance,rebalance,1602.948867921731
2026-05-22,2026-05-26,WDC,sell,7.171900593794177,504.69837400409523,3619.6465682069265,3.6196465682069268,rebalance,rebalance,660.957848276743
2026-05-22,2026-05-26,ENTG,buy,6.27681383239333,139.11215668046398,873.1811093060045,0.8731811093060045,rebalance,rebalance,0.0
2026-05-22,2026-05-26,INTC,buy,105.42219753819482,122.0999984741211,12872.05015855208,12.87205015855208,rebalance,rebalance,0.0
2026-05-22,2026-05-26,MCHP,buy,135.1157769743636,95.26681818211635,12872.05015855208,12.87205015855208,rebalance,rebalance,0.0
2026-05-22,2026-05-26,MRVL,buy,60.95069642158451,211.187909478811,12872.05015855208,12.87205015855208,rebalance,rebalance,0.0
2026-05-22,2026-05-26,ON,buy,104.82125275784205,122.80000305175781,12872.05015855208,12.87205015855208,rebalance,rebalance,0.0
2026-05-22,2026-05-26,TER,buy,2.710566337955836,371.487313957474,1006.9410081907602,1.0069410081907602,rebalance,rebalance,0.0
2026-05-22,2026-05-26,UI,buy,20.75957171334941,620.0537437039093,12872.05015855208,12.87205015855208,rebalance,rebalance,0.0
2026-06-23,2026-06-24,CIEN,sell,2.373182043816943,449.3599853515625,1066.4130484461725,1.0664130484461725,rebalance,rebalance,-160.0122786048566
2026-06-23,2026-06-24,COHR,sell,10.93426585899925,385.1000061035156,4210.785849038074,4.210785849038074,rebalance,rebalance,589.1864219233846
2026-06-23,2026-06-24,ENTG,sell,92.53001653995454,168.177553703767,15561.471825858653,15.561471825858654,rebalance,rebalance,1208.0821712808033
2026-06-23,2026-06-24,GLW,sell,19.998010662723892,194.0546015265328,3880.705990478239,3.8807059904782393,rebalance,rebalance,359.6737238673876
2026-06-23,2026-06-24,INTC,sell,39.87766107276853,133.0500030517578,5305.722927428817,5.305722927428817,rebalance,rebalance,426.485786008696
2026-06-23,2026-06-24,KEYS,sell,36.75628129602229,350.0,12864.6984536078,12.8646984536078,rebalance,rebalance,106.72576293801114
2026-06-23,2026-06-24,LITE,sell,2.795929578247966,825.0,2306.641902054572,2.306641902054572,rebalance,rebalance,-90.66008587657397
2026-06-23,2026-06-24,MCHP,sell,135.1157769743636,92.30465033475981,12471.814548328022,12.471814548328023,rebalance,rebalance,-425.5794749309363
2026-06-23,2026-06-24,MRVL,sell,30.01311333405376,281.8804801938732,8460.110798716212,8.460110798716212,rebalance,rebalance,2106.9056192860867
2026-06-23,2026-06-24,MU,sell,7.631070269451957,1082.05353141983,8257.226533573365,8.257226533573364,rebalance,rebalance,4349.553874930166
2026-06-23,2026-06-24,ON,sell,30.3744299629833,117.13999938964844,3558.060707324783,3.558060707324783,rebalance,rebalance,-179.2074256244445
2026-06-23,2026-06-24,STX,sell,7.01222250634012,1027.719970703125,7206.601108779661,7.206601108779662,rebalance,rebalance,2995.694304234156
2026-06-23,2026-06-24,TER,sell,14.02921945767985,422.90756113971116,5933.062985541167,5.933062985541167,rebalance,rebalance,67.77265517519506
2026-06-23,2026-06-24,UI,sell,20.75957171334941,560.0639831542969,11626.688422355743,11.626688422355743,rebalance,rebalance,-1269.8604747772426
2026-06-23,2026-06-24,WDC,sell,12.260356087034827,658.4600219726562,8072.954338461542,8.072954338461543,rebalance,rebalance,3013.194090443669
2026-06-23,2026-06-24,ACLS,buy,50.63698011228834,172.22000122070312,8720.700776751019,8.720700776751018,rebalance,rebalance,0.0
2026-06-23,2026-06-24,AMD,buy,16.744173906749023,520.8200073242188,8720.700776751019,8.720700776751018,rebalance,rebalance,0.0
2026-06-23,2026-06-24,DELL,buy,20.710604938776434,421.0741696116883,8720.700776751019,8.720700776751018,rebalance,rebalance,0.0
2026-06-23,2026-06-24,LSCC,buy,60.1552093765563,144.97000122070312,8720.700776751019,8.720700776751018,rebalance,rebalance,0.0
2026-07-22,2026-07-23,AMD,sell,1.0978573933083666,544.739990234375,598.046825709536,0.598046825709536,rebalance,rebalance,25.09089716439158
2026-07-22,2026-07-23,CIEN,sell,19.4069366677771,394.1000061035156,7648.273859221496,7.648273859221496,rebalance,rebalance,-2379.87111496527
2026-07-22,2026-07-23,DELL,sell,1.251302873170033,438.0,548.0706584484744,0.5480706584484745,rebalance,rebalance,20.104378218981854
2026-07-22,2026-07-23,LITE,sell,0.4359752846045257,841.0,366.6552143524061,0.3666552143524061,rebalance,rebalance,-7.168192324855648
2026-07-22,2026-07-23,LSCC,sell,60.1552093765563,133.86000061035156,8052.376363861652,8.052376363861653,rebalance,rebalance,-685.0974900299781
2026-07-22,2026-07-23,ACLS,buy,10.46104357757261,139.5,1459.315579071379,1.459315579071379,rebalance,rebalance,0.0
2026-07-22,2026-07-23,AMAT,buy,15.542359606421355,548.3835479661813,8523.174304735603,8.523174304735603,rebalance,rebalance,0.0
2026-07-22,2026-07-23,COHR,buy,4.9610292577142765,308.739990234375,1531.6681245791544,1.5316681245791546,rebalance,rebalance,0.0
2026-07-22,2026-07-23,GLW,buy,11.143752745594234,151.9738319178742,1693.5588066932874,1.6935588066932874,rebalance,rebalance,0.0
2026-07-22,2026-07-23,HPE,buy,179.51083375967022,47.47999954223633,8523.174304735603,8.523174304735603,rebalance,rebalance,0.0
2026-07-22,2026-07-23,INTC,buy,18.726517085795507,101.13999938964844,1893.9999266275986,1.8939999266275986,rebalance,rebalance,0.0
2026-07-22,2026-07-23,MRVL,buy,10.06681544854403,207.86000061035156,2092.4882652786587,2.0924882652786585,rebalance,rebalance,0.0
2026-07-22,2026-07-23,MU,buy,0.6811531290356889,975.1300048828125,664.2128540425143,0.6642128540425143,rebalance,rebalance,0.0
2026-07-22,2026-07-23,ON,buy,21.470060461866254,88.86000061035156,1907.8295857457204,1.9078295857457204,rebalance,rebalance,0.0
2026-07-22,2026-07-23,STX,buy,0.9323887351155022,905.0,843.8118052795295,0.8438118052795295,rebalance,rebalance,0.0
2026-07-22,2026-07-23,TER,buy,2.8699601118154625,362.83061669058475,1041.309397247384,1.041309397247384,rebalance,rebalance,0.0
2026-07-22,2026-07-23,WDC,buy,2.0930893334565397,555.719970703125,1163.1715430674917,1.1631715430674918,rebalance,rebalance,0.0
2026-08-19,2026-08-20,AMAT,sell,15.542359606421355,489.5799865722656,7609.228207413091,7.609228207413091,rebalance,rebalance,-930.0784998346595
2026-08-19,2026-08-20,COHR,sell,27.60631785427399,291.54998779296875,8048.621633422396,8.048621633422396,rebalance,rebalance,-984.3789299589058
2026-08-19,2026-08-20,GLW,sell,56.083170353574275,151.97383473380748,8523.174462662068,8.523174462662068,rebalance,rebalance,-1084.3243745332195
2026-08-19,2026-08-20,LITE,sell,10.134571111457316,830.0,8411.694022509571,8.411694022509572,rebalance,rebalance,-277.9987863080556
2026-08-19,2026-08-20,ON,sell,95.916883256725,76.0,7289.6831275111,7.2896831275111,rebalance,rebalance,-3778.5561074166044
2026-08-19,2026-08-20,TER,sell,23.49078030535667,377.19510206679684,8860.60727490771,8.86060727490771,rebalance,rebalance,-802.9686131670317
2026-08-19,2026-08-20,ACLS,buy,44.37977956130079,124.5999984741211,5529.720465619909,5.529720465619909,rebalance,rebalance,0.0
2026-08-19,2026-08-20,AMD,buy,12.576531737852083,465.6700134277344,5856.513703239907,5.856513703239907,rebalance,rebalance,0.0
2026-08-19,2026-08-20,CRWD,buy,66.61699510956066,197.28500366210938,13142.534124148398,13.1425341241484,rebalance,rebalance,0.0
2026-08-19,2026-08-20,DDOG,buy,56.3404376192227,233.27000427246094,13142.534124148398,13.1425341241484,rebalance,rebalance,0.0
2026-08-19,2026-08-20,DELL,buy,10.461776197635626,439.239990234375,4595.230474883689,4.595230474883689,rebalance,rebalance,0.0
2026-08-19,2026-08-20,FTNT,buy,86.46404029044999,152.0,13142.534124148398,13.1425341241484,rebalance,rebalance,0.0
2026-08-19,2026-08-20,HPE,buy,66.83470513521002,53.349998474121094,3565.6314169817874,3.5656314169817875,rebalance,rebalance,0.0
2026-08-19,2026-08-20,INTC,buy,58.784717987191044,91.87000274658203,5400.552202940291,5.4005522029402915,rebalance,rebalance,0.0
2026-08-19,2026-08-20,MRVL,buy,14.316280501546316,237.57000732421875,3401.1188636079282,3.401118863607928,rebalance,rebalance,0.0
2026-08-19,2026-08-20,MU,buy,5.315483965345228,935.010009765625,4970.030714346465,4.970030714346465,rebalance,rebalance,0.0
2026-08-19,2026-08-20,NTAP,buy,67.71360900676511,194.08999633789062,13142.534124148398,13.1425341241484,rebalance,rebalance,0.0
2026-08-19,2026-08-20,PANW,buy,37.11322236915538,354.1199951171875,13142.534124148397,13.142534124148398,rebalance,rebalance,0.0
2026-08-19,2026-08-20,STX,buy,6.34661090265023,833.6799926757812,5291.042530837477,5.291042530837477,rebalance,rebalance,0.0
2026-08-19,2026-08-20,TWLO,buy,59.779548598057715,219.85000610351562,13142.534124148398,13.1425341241484,rebalance,rebalance,0.0
2026-08-19,2026-08-20,WDC,buy,13.024537214065932,463.3900146484375,6035.4404904151315,6.035440490415132,rebalance,rebalance,0.0
