signal_date,execution_date,ticker,side,quantity,price,notional,cost,reason,event_type,realized_pnl
2005-01-03,2005-01-04,ADBE,buy,214.1557069752629,31.09889880624707,6660.006660004001,6.660006660004001,rebalance,rebalance,0.0
2005-01-03,2005-01-04,ADSK,buy,177.83402493703937,37.45068842906704,6660.006660004,6.660006660004,rebalance,rebalance,0.0
2005-01-03,2005-01-04,AET,buy,239.94165664013443,27.75677534807017,6660.006660004001,6.660006660004001,rebalance,rebalance,0.0
2005-01-03,2005-01-04,AMD,buy,310.0561825854962,21.479999542236328,6660.006660004001,6.660006660004001,rebalance,rebalance,0.0
2005-01-03,2005-01-04,BEN,buy,586.6698497684582,11.35222248532546,6660.006660004001,6.660006660004001,rebalance,rebalance,0.0
2005-01-03,2005-01-04,DRI,buy,500.8616922356945,13.29709730899114,6660.006660004001,6.660006660004001,rebalance,rebalance,0.0
2005-01-03,2005-01-04,GT,buy,499.1632369059885,13.34234207888658,6660.006660004001,6.660006660004001,rebalance,rebalance,0.0
2005-01-03,2005-01-04,HUM,buy,260.4252578342022,25.573581899817274,6660.006660004001,6.660006660004001,rebalance,rebalance,0.0
2005-01-03,2005-01-04,NSC,buy,303.0499049769118,21.976600390326475,6660.006660004001,6.660006660004001,rebalance,rebalance,0.0
2005-01-03,2005-01-04,NTAP,buy,278.7114610443993,23.895704306695333,6660.006660004001,6.660006660004001,rebalance,rebalance,0.0
2005-01-03,2005-01-04,NUE,buy,484.01180687510515,13.760008672107777,6660.006660004001,6.660006660004001,rebalance,rebalance,0.0
2005-01-03,2005-01-04,PCAR,buy,575.0330366936206,11.581954835670551,6660.006660004001,6.660006660004001,rebalance,rebalance,0.0
2005-01-03,2005-01-04,PH,buy,190.2839619216371,35.00035732253006,6660.006660004001,6.660006660004001,rebalance,rebalance,0.0
2005-01-03,2005-01-04,R,buy,245.6872585114819,27.107659959064396,6660.006660004001,6.660006660004001,rebalance,rebalance,0.0
2005-01-03,2005-01-04,UNH,buy,200.57722275924192,33.20420219397584,6660.006660004001,6.660006660004001,rebalance,rebalance,0.0
2005-02-01,2005-02-02,ADBE,sell,58.931584231045605,29.844145164127408,1758.7627545433268,1.7587627545433269,rebalance,rebalance,-77.53609007882233
2005-02-01,2005-02-02,ADSK,sell,17.788423775745116,28.945070770699143,514.8871850881296,0.5148871850881296,rebalance,rebalance,-152.4826072830667
2005-02-01,2005-02-02,AET,sell,83.22458055973942,29.55983717930194,2460.1050506615948,2.460105050661595,rebalance,rebalance,145.28891359084432
2005-02-01,2005-02-02,AMD,sell,27.239852335089495,16.3799991607666,446.18875838817206,0.44618875838817207,rebalance,rebalance,-139.95455807421183
2005-02-01,2005-02-02,BEN,sell,169.04703385098185,11.092620124155655,1875.1745296242234,1.8751745296242235,rebalance,rebalance,-47.67924320485155
2005-02-01,2005-02-02,DRI,sell,500.8616922356945,14.287099472799394,7155.860819086003,7.155860819086003,rebalance,rebalance,482.0382916029127
2005-02-01,2005-02-02,GT,sell,499.1632369059885,14.241929054260254,7109.0474065099925,7.109047406509992,rebalance,rebalance,435.27169243947753
2005-02-01,2005-02-02,HUM,sell,108.38345613774791,30.468800030411533,3302.3138516659205,3.3023138516659207,rebalance,rebalance,524.4865924981818
2005-02-01,2005-02-02,NSC,sell,303.0499049769118,21.7104849311171,6579.360395377714,6.579360395377714,rebalance,rebalance,-93.88563168166911
2005-02-01,2005-02-02,NTAP,sell,82.4422789426709,23.602947760548883,1945.8808031444603,1.9458808031444603,rebalance,rebalance,-28.051413962826896
2005-02-01,2005-02-02,NUE,sell,484.01180687510515,15.344341125100323,7426.842273267791,7.426842273267791,rebalance,rebalance,752.7487643305191
2005-02-01,2005-02-02,PCAR,sell,575.0330366936206,10.137654344764135,5829.486162819997,5.829486162819997,rebalance,rebalance,-843.0099900068269
2005-02-01,2005-02-02,PH,sell,190.2839619216371,30.702064831315756,5842.11053527772,5.842110535277721,rebalance,rebalance,-830.3982419215612
2005-02-01,2005-02-02,R,sell,245.6872585114819,26.44011216429162,6495.9986723808925,6.4959986723808925,rebalance,rebalance,-177.16399295549277
2005-02-01,2005-02-02,UNH,sell,66.77735854482134,34.622839711772066,2312.021781272882,2.312021781272882,rebalance,rebalance,90.20355547463961
2005-02-01,2005-02-02,ADM,buy,325.99614484107457,14.210386611814513,4632.531252152751,4.632531252152751,rebalance,rebalance,0.0
2005-02-01,2005-02-02,AES,buy,519.635514410357,8.914962745395485,4632.531252152751,4.632531252152751,rebalance,rebalance,0.0
2005-02-01,2005-02-02,EBAY,buy,317.91637974446684,14.571540025324467,4632.531252152751,4.632531252152751,rebalance,rebalance,0.0
2005-02-01,2005-02-02,KBH,buy,114.32896726024047,40.51931337408118,4632.531252152751,4.632531252152751,rebalance,rebalance,0.0
2005-02-01,2005-02-02,PTC,buy,326.8099604810369,14.175000190734863,4632.531252152751,4.632531252152751,rebalance,rebalance,0.0
2005-02-01,2005-02-02,RIG,buy,113.02570316262724,40.98652892685149,4632.531252152751,4.632531252152751,rebalance,rebalance,0.0
2005-02-01,2005-02-02,TPR,buy,253.93248106132828,18.243161460837023,4632.531252152751,4.632531252152751,rebalance,rebalance,0.0
2005-03-02,2005-03-03,ADBE,sell,155.22412274421728,31.22887388139693,4847.4745525296385,4.847474552529639,rebalance,rebalance,10.500493180710667
2005-03-02,2005-03-03,ADSK,sell,160.04560116129426,29.584742966843645,4734.907973330864,4.734907973330864,rebalance,rebalance,-1269.6386961203625
2005-03-02,2005-03-03,AET,sell,156.717076080395,34.21304596996222,5361.76852821662,5.36176852821662,rebalance,rebalance,1002.0961250444888
2005-03-02,2005-03-03,AMD,sell,282.8163302504067,17.75,5019.9898619447185,5.019989861944719,rebalance,rebalance,-1065.9996668772346
2005-03-02,2005-03-03,BEN,sell,417.6228159174764,11.747339549785858,4905.957022320309,4.905957022320309,rebalance,rebalance,155.36299693343537
2005-03-02,2005-03-03,EBAY,sell,317.91637974446684,15.733255208374889,5001.859537442322,5.001859537442322,rebalance,rebalance,359.69389449997635
2005-03-02,2005-03-03,PTC,sell,326.8099604810369,14.149999618530273,4624.360816138566,4.624360816138567,rebalance,rebalance,-17.427328082475892
2005-03-02,2005-03-03,TPR,sell,253.93248106132828,18.983189020148373,4820.448286342442,4.820448286342442,rebalance,rebalance,178.46405465119608
2005-03-02,2005-03-03,UNH,sell,133.79986421442058,35.10212840499647,4696.660014225684,4.696660014225684,rebalance,rebalance,244.8028915644231
2005-03-02,2005-03-03,ADM,buy,123.99634010226549,14.460993056564897,1793.1102132583208,1.7931102132583208,rebalance,rebalance,0.0
2005-03-02,2005-03-03,AES,buy,91.56180732242547,10.646869626037162,974.8466252861987,0.9748466252861987,rebalance,rebalance,0.0
2005-03-02,2005-03-03,CIEN,buy,457.94075881794305,14.210000038146973,6507.338200272025,6.507338200272025,rebalance,rebalance,0.0
2005-03-02,2005-03-03,DDS,buy,419.57933329149836,15.50919619711374,6507.338200272025,6.507338200272025,rebalance,rebalance,0.0
2005-03-02,2005-03-03,DRI,buy,479.75034749084585,13.5640093525856,6507.338200272025,6.507338200272025,rebalance,rebalance,0.0
2005-03-02,2005-03-03,GT,buy,504.9107044477021,12.888097128758824,6507.338200272025,6.507338200272025,rebalance,rebalance,0.0
2005-03-02,2005-03-03,HAL,buy,412.27360854889486,15.784028046753487,6507.338200272025,6.507338200272025,rebalance,rebalance,0.0
2005-03-02,2005-03-03,HUM,buy,66.85105164298446,29.728417812622904,1987.3759944558728,1.9873759944558729,rebalance,rebalance,0.0
2005-03-02,2005-03-03,KBH,buy,30.579581774800104,44.90651685911556,1373.2225045147638,1.373222504514764,rebalance,rebalance,0.0
2005-03-02,2005-03-03,NTAP,buy,100.5042646162313,21.926955636486944,2203.752551517848,2.203752551517848,rebalance,rebalance,0.0
2005-03-02,2005-03-03,NUE,buy,388.0223674639886,16.770523418024233,6507.338200272025,6.507338200272025,rebalance,rebalance,0.0
2005-03-02,2005-03-03,RIG,buy,30.09348128258391,45.46796591594023,1368.2893812485106,1.3682893812485106,rebalance,rebalance,0.0
2005-03-02,2005-03-03,ROK,buy,168.40210737069043,38.6416672681413,6507.338200272025,6.507338200272025,rebalance,rebalance,0.0
2005-03-02,2005-03-03,VLO,buy,359.4342766482385,18.104389656305518,6507.338200272025,6.507338200272025,rebalance,rebalance,0.0
2005-03-02,2005-03-03,WMB,buy,1033.9256668157955,6.293816285954892,6507.3382002720255,6.5073382002720255,rebalance,rebalance,0.0
2005-03-31,2005-04-01,ADM,sell,67.44631082654342,14.638653700320505,987.3231875539468,0.9873231875539469,rebalance,rebalance,22.277103691310476
2005-03-31,2005-04-01,AES,sell,66.41728261595267,10.279306445141922,682.7236012629749,0.6827236012629748,rebalance,rebalance,72.09182395084993
2005-03-31,2005-04-01,CIEN,sell,457.94075881794305,12.319999694824219,5641.83000888463,5.6418300088846305,rebalance,rebalance,-877.6573595965509
2005-03-31,2005-04-01,DDS,sell,419.57933329149836,17.71681999728954,7433.611522508231,7.433611522508231,rebalance,rebalance,912.3323725134272
2005-03-31,2005-04-01,DRI,sell,479.75034749084585,14.947100625102626,7170.876718873625,7.170876718873624,rebalance,rebalance,649.860303682455
2005-03-31,2005-04-01,GT,sell,32.89074684990817,11.863822444664509,390.20998069971904,0.3902099806997191,rebalance,rebalance,-34.50326846005448
2005-03-31,2005-04-01,HAL,sell,412.27360854889486,15.773269951549501,6502.902921541165,6.502902921541165,rebalance,rebalance,-17.44551985267268
2005-03-31,2005-04-01,HUM,sell,18.921179818034915,28.003771077501675,529.8643881404945,0.5298643881404945,rebalance,rebalance,20.935031741382225
2005-03-31,2005-04-01,KBH,sell,17.943326607136044,44.10625886516411,791.4130082365291,0.7914130082365292,rebalance,rebalance,46.21441499344712
2005-03-31,2005-04-01,NTAP,sell,296.7734467179597,20.32415182456329,6031.668588594757,6.031668588594758,rebalance,rebalance,-874.999714423064
2005-03-31,2005-04-01,NUE,sell,388.0223674639886,15.799783070014218,6130.669232244362,6.1306692322443626,rebalance,rebalance,-389.3069754601773
2005-03-31,2005-04-01,RIG,sell,143.11918444521115,48.362232644838855,6921.563294078904,6.921563294078904,rebalance,rebalance,907.8202767501621
2005-03-31,2005-04-01,ROK,sell,14.897205238969178,36.4806653697158,543.4599592668117,0.5434599592668117,rebalance,rebalance,-33.312001609982865
2005-03-31,2005-04-01,VLO,sell,67.00948777978027,19.15008980239816,1283.2377085954943,1.2832377085954942,rebalance,rebalance,67.57542757487933
2005-03-31,2005-04-01,WMB,sell,149.33835629265877,6.330591565875541,945.4001388080222,0.9454001388080222,rebalance,rebalance,3.60665153779179
2005-03-31,2005-04-01,AET,buy,164.99591392884864,33.93999786984528,5599.960967278298,5.599960967278299,rebalance,rebalance,0.0
2005-03-31,2005-04-01,AMD,buy,343.345257550242,16.309999465942383,5599.960967278297,5.599960967278298,rebalance,rebalance,0.0
2005-03-31,2005-04-01,ATI,buy,281.19532982699207,19.914843431872512,5599.960967278298,5.599960967278299,rebalance,rebalance,0.0
2005-03-31,2005-04-01,EOG,buy,335.8915607346238,16.67193112869731,5599.960967278297,5.599960967278298,rebalance,rebalance,0.0
2005-03-31,2005-04-01,FLR,buy,245.88589237293536,22.774633035004836,5599.960967278297,5.599960967278298,rebalance,rebalance,0.0
2005-03-31,2005-04-01,HSY,buy,155.71951031404873,35.96184547449786,5599.960967278297,5.599960967278298,rebalance,rebalance,0.0
2005-03-31,2005-04-01,MCK,buy,173.7801676021118,32.22439616987828,5599.960967278297,5.599960967278298,rebalance,rebalance,0.0
2005-04-28,2005-04-29,ADM,sell,382.54617411679664,10.599999339408601,4054.989192931332,4.054989192931332,market_trend_exit,risk_exit,-1417.074142462999
2005-04-28,2005-04-29,AES,sell,544.7800391168298,10.005188649598153,5450.627063899344,5.4506270638993435,market_trend_exit,risk_exit,442.14023522991704
2005-04-28,2005-04-29,AET,sell,164.99591392884864,32.49575152860846,5361.666222267533,5.361666222267533,market_trend_exit,risk_exit,-249.25637220031047
2005-04-28,2005-04-29,AMD,sell,343.345257550242,14.25,4892.669920090949,4.892669920090949,market_trend_exit,risk_exit,-717.7836780747166
2005-04-28,2005-04-29,ATI,sell,281.19532982699207,18.510542220045966,5205.078024842287,5.205078024842287,market_trend_exit,risk_exit,-405.6879814281301
2005-04-28,2005-04-29,EOG,sell,335.8915607346238,16.296391220594835,5473.82028142762,5.47382028142762,market_trend_exit,risk_exit,-137.2144670993825
2005-04-28,2005-04-29,FLR,sell,245.88589237293536,21.078269604676983,5182.84913142332,5.182849131423319,market_trend_exit,risk_exit,-427.89464595367895
2005-04-28,2005-04-29,GT,sell,472.0199575977939,10.509989076891237,4960.924598427479,4.9609245984274795,market_trend_exit,risk_exit,-1133.55882546417
2005-04-28,2005-04-29,HSY,sell,155.71951031404873,37.47258281922478,5835.212246812319,5.835212246812319,market_trend_exit,risk_exit,223.81610631993183
2005-04-28,2005-04-29,HUM,sell,199.97167352140386,28.221531743734275,5643.506932131966,5.643506932131967,market_trend_exit,risk_exit,264.75782541254534
2005-04-28,2005-04-29,KBH,sell,126.96522242790454,41.28708600161369,5242.024057594906,5.2420240575949055,market_trend_exit,risk_exit,-30.57029665202682
2005-04-28,2005-04-29,MCK,sell,173.7801676021118,30.93577984217051,5376.025005874423,5.376025005874423,market_trend_exit,risk_exit,-234.91194737702614
2005-04-28,2005-04-29,ROK,sell,153.50490213172125,30.010474308142182,4606.754921597901,4.606754921597901,market_trend_exit,risk_exit,-1335.4688708784656
2005-04-28,2005-04-29,VLO,sell,292.4247888684582,17.47446250536593,5109.9660087214215,5.109966008721422,market_trend_exit,risk_exit,-194.61045244757662
2005-04-28,2005-04-29,WMB,sell,884.5873105231367,5.785485903942782,5117.767415838264,5.117767415838264,market_trend_exit,risk_exit,-460.3478029184478
2005-05-26,2005-05-27,AES,buy,641.9479777413434,9.164160740505798,5882.914455064309,5.882914455064308,rebalance,rebalance,0.0
2005-05-26,2005-05-27,AET,buy,165.96165535735267,35.447431772098646,5882.914455064309,5.882914455064308,rebalance,rebalance,0.0
2005-05-26,2005-05-27,CI,buy,200.39146249443914,29.35711123535295,5882.914455064309,5.882914455064308,rebalance,rebalance,0.0
2005-05-26,2005-05-27,CMS,buy,835.7538897852093,7.039051241001381,5882.914455064309,5.882914455064308,rebalance,rebalance,0.0
2005-05-26,2005-05-27,EFX,buy,207.91176840814254,28.295245142236563,5882.914455064309,5.882914455064308,rebalance,rebalance,0.0
2005-05-26,2005-05-27,EOG,buy,342.3474023220539,17.18404876205288,5882.914455064309,5.882914455064308,rebalance,rebalance,0.0
2005-05-26,2005-05-27,ESRX,buy,500.5138386843909,11.75374984741211,5882.914455064309,5.882914455064308,rebalance,rebalance,0.0
2005-05-26,2005-05-27,HSY,buy,153.19112778356097,38.40244888970396,5882.914455064309,5.882914455064308,rebalance,rebalance,0.0
2005-05-26,2005-05-27,HUM,buy,184.23181168276622,31.932131597306658,5882.914455064309,5.882914455064308,rebalance,rebalance,0.0
2005-05-26,2005-05-27,KBH,buy,121.90802247180163,48.25699191720608,5882.914455064309,5.882914455064308,rebalance,rebalance,0.0
2005-05-26,2005-05-27,MCK,buy,172.9860970275598,34.008018887940196,5882.914455064309,5.882914455064308,rebalance,rebalance,0.0
2005-05-26,2005-05-27,MRK,buy,406.04903871564517,14.488187125555775,5882.914455064309,5.882914455064308,rebalance,rebalance,0.0
2005-05-26,2005-05-27,PEG,buy,462.8026375021446,12.71149725251306,5882.914455064309,5.882914455064308,rebalance,rebalance,0.0
2005-05-26,2005-05-27,PHM,buy,186.42988469287909,31.555640689022074,5882.914455064309,5.882914455064308,rebalance,rebalance,0.0
2005-05-26,2005-05-27,VLO,buy,338.94818781317093,17.356382676124486,5882.914455064309,5.882914455064308,rebalance,rebalance,0.0
2005-06-24,2005-06-27,AES,sell,641.9479777413434,9.550406355851784,6130.864046747126,6.130864046747126,rebalance,rebalance,235.93581318100547
2005-06-24,2005-06-27,CI,sell,200.39146249443914,31.805230941448443,6373.496743330241,6.373496743330241,rebalance,rebalance,478.32587706753867
2005-06-24,2005-06-27,CMS,sell,14.261065374551208,8.084244728088379,115.28994257113932,0.11528994257113932,rebalance,rebalance,14.689898335908953
2005-06-24,2005-06-27,HSY,sell,153.19112778356097,36.68444411505504,5619.731366098297,5.619731366098297,rebalance,rebalance,-274.6857347871731
2005-06-24,2005-06-27,MRK,sell,406.04903871564517,13.754978100079255,5585.195635091933,5.5851956350919325,rebalance,rebalance,-309.18693006253187
2005-06-24,2005-06-27,PEG,sell,462.8026375021446,13.756004425273076,6366.315129507552,6.366315129507552,rebalance,rebalance,471.1514448586718
2005-06-24,2005-06-27,PHM,sell,186.42988469287909,33.580475578811814,6260.404190089928,6.260404190089928,rebalance,rebalance,365.34641638046656
2005-06-24,2005-06-27,VLO,sell,12.67686557942335,20.35468207698143,258.0335686017913,0.2580335686017913,rebalance,rebalance,37.530980372797
2005-06-24,2005-06-27,AET,buy,13.135615076205994,37.08124093029112,487.08490740835884,0.48708490740835886,rebalance,rebalance,0.0
2005-06-24,2005-06-27,COP,buy,298.1170706352299,22.276983403712133,6641.149034904294,6.641149034904294,rebalance,rebalance,0.0
2005-06-24,2005-06-27,CVS,buy,357.9504023740226,18.55326601355501,6641.149034904294,6.641149034904294,rebalance,rebalance,0.0
2005-06-24,2005-06-27,EFX,buy,25.92528077272931,28.40075624529198,736.2975798170401,0.73629757981704,rebalance,rebalance,0.0
2005-06-24,2005-06-27,EOG,buy,7.623117346150764,18.97630989376061,144.65863711705887,0.14465863711705887,rebalance,rebalance,0.0
2005-06-24,2005-06-27,ESRX,buy,23.23607259861427,12.680000305175781,294.6334076415156,0.2946334076415156,rebalance,rebalance,0.0
2005-06-24,2005-06-27,GLW,buy,608.707545977431,10.910245944528718,6641.149034904294,6.641149034904294,rebalance,rebalance,0.0
2005-06-24,2005-06-27,HUM,buy,18.007862969911088,32.83801284940594,591.3424355962818,0.5913424355962819,rebalance,rebalance,0.0
2005-06-24,2005-06-27,KBH,buy,4.036125331726808,52.73090612566149,212.82854597869067,0.21282854597869066,rebalance,rebalance,0.0
2005-06-24,2005-06-27,M,buy,355.84384971864955,18.663099109778532,6641.149034904294,6.641149034904294,rebalance,rebalance,0.0
2005-06-24,2005-06-27,MCK,buy,7.724517376521391,36.75018790016526,283.8774650252527,0.28387746502525274,rebalance,rebalance,0.0
2005-06-24,2005-06-27,NOV,buy,407.46505084937303,16.29869609936023,6641.149034904294,6.641149034904294,rebalance,rebalance,0.0
2005-06-24,2005-06-27,OXY,buy,300.94278206819666,22.067812988448225,6641.149034904294,6.641149034904294,rebalance,rebalance,0.0
2005-07-25,2005-07-26,COP,sell,3.1093648267645904,23.612096011728244,73.41862082505627,0.07341862082505626,rebalance,rebalance,4.008666293668264
2005-07-25,2005-07-26,CVS,sell,357.9504023740226,19.642876917964262,7031.175696568708,7.031175696568709,rebalance,rebalance,376.35433693294266
2005-07-25,2005-07-26,EFX,sell,233.83704918087184,29.561125368247424,6912.486326576791,6.912486326576791,rebalance,rebalance,279.7425933339862
2005-07-25,2005-07-26,EOG,sell,33.724149456048906,22.026340631439176,742.8196034244974,0.7428196034244974,rebalance,rebalance,160.66195268983367
2005-07-25,2005-07-26,GLW,sell,20.067084836509594,11.833624654764517,237.4663498705711,0.2374663498705711,rebalance,rebalance,18.073115733701986
2005-07-25,2005-07-26,HUM,sell,202.2396746526773,33.75260794188412,6826.116448846017,6.826116448846017,rebalance,rebalance,338.55918484592036
2005-07-25,2005-07-26,KBH,sell,6.611521951279883,58.37255506615426,385.93142917217267,0.38593142917217266,rebalance,rebalance,65.22540742525875
2005-07-25,2005-07-26,M,sell,2.3422980556953235,19.70500621844696,46.15499775293257,0.046154997752932574,rebalance,rebalance,2.3505874563381863
2005-07-25,2005-07-26,NOV,sell,407.46505084937303,17.942450013126397,7310.921306960881,7.310921306960881,rebalance,rebalance,655.820201714722
2005-07-25,2005-07-26,VLO,sell,1.0687825145952843,21.419729008773558,22.89303183194656,0.022893031831946558,rebalance,rebalance,4.30139028092739
2005-07-25,2005-07-26,AET,buy,23.952891683568907,34.305563714502405,821.7174517972479,0.821717451797248,rebalance,rebalance,0.0
2005-07-25,2005-07-26,CI,buy,224.6759746967287,31.003538687888838,6965.750273749162,6.965750273749163,rebalance,rebalance,0.0
2005-07-25,2005-07-26,CMS,buy,19.62377971359774,8.281551261256675,162.51533763776854,0.16251533763776854,rebalance,rebalance,0.0
2005-07-25,2005-07-26,ESRX,buy,45.463585360942034,12.237500190734863,556.3606345260189,0.5563606345260189,rebalance,rebalance,0.0
2005-07-25,2005-07-26,JBL,buy,280.8238847794728,24.80469308805151,6965.750273749163,6.965750273749164,rebalance,rebalance,0.0
2005-07-25,2005-07-26,MCK,buy,3.0215400417733917,37.9125270411062,114.55421853951887,0.11455421853951887,rebalance,rebalance,0.0
2005-07-25,2005-07-26,OXY,buy,0.5243372970383007,23.106169218109592,12.115426312733169,0.01211542631273317,rebalance,rebalance,0.0
2005-07-25,2005-07-26,RIG,buy,127.9962594765611,54.42151436483769,6965.750273749162,6.965750273749163,rebalance,rebalance,0.0
2005-07-25,2005-07-26,TXN,buy,355.50256867347935,19.59409266645001,6965.750273749162,6.965750273749163,rebalance,rebalance,0.0
2005-08-22,2005-08-23,AET,sell,203.05016211712757,35.203719789700486,7148.121010424616,7.148121010424616,rebalance,rebalance,-57.93564166999423
2005-08-22,2005-08-23,CI,sell,224.6759746967287,33.793055962360185,7592.487786324374,7.592487786324374,rebalance,rebalance,612.1792745151396
2005-08-22,2005-08-23,CMS,sell,17.45204880215431,8.532184770803669,148.90410500906341,0.14890410500906343,rebalance,rebalance,25.280077998412587
2005-08-22,2005-08-23,COP,sell,295.0077058084653,24.09998616094109,7109.681627354994,7.109681627354994,rebalance,rebalance,524.1182976990041
2005-08-22,2005-08-23,ESRX,sell,77.5109673276229,14.292499542236328,1107.8254650483452,1.1078254650483452,rebalance,rebalance,188.83056143400282
2005-08-22,2005-08-23,GLW,sell,23.241528552632758,12.42955684935366,288.88190041082515,0.2888819004108252,rebalance,rebalance,34.768655081768365
2005-08-22,2005-08-23,MCK,sell,183.73215444585458,39.527826879188964,7262.532793076149,7.262532793076149,rebalance,rebalance,967.6427755153629
2005-08-22,2005-08-23,OXY,sell,301.46711936523496,22.26320629855681,6711.624670659877,6.711624670659877,rebalance,rebalance,44.995320310974435
2005-08-22,2005-08-23,RIG,sell,127.9962594765611,53.09576037337762,6796.058721856152,6.796058721856152,rebalance,rebalance,-183.45336088861418
2005-08-22,2005-08-23,TXN,sell,355.50256867347935,19.584950075789152,6962.500059284897,6.962500059284897,rebalance,rebalance,-17.178464797298588
2005-08-22,2005-08-23,VLO,sell,325.2025397191523,22.409213983626817,7287.533300585383,7.287533300585383,rebalance,rebalance,1630.2617009450048
2005-08-22,2005-08-23,AMGN,buy,133.35368743600174,52.69939144759443,7027.6581751700105,7.027658175170011,rebalance,rebalance,0.0
2005-08-22,2005-08-23,BBY,buy,270.84279474475517,25.94736988219658,7027.6581751700105,7.027658175170011,rebalance,rebalance,0.0
2005-08-22,2005-08-23,DHI,buy,265.0341483506627,26.516047908935196,7027.65817517001,7.02765817517001,rebalance,rebalance,0.0
2005-08-22,2005-08-23,EOG,buy,18.851132540898504,20.971980147369084,395.34557740314676,0.3953455774031468,rebalance,rebalance,0.0
2005-08-22,2005-08-23,GILD,buy,972.8892056713573,7.223492802883413,7027.6581751700105,7.027658175170011,rebalance,rebalance,0.0
2005-08-22,2005-08-23,JBL,buy,25.985883032357776,22.905588128081185,595.2219338836805,0.5952219338836806,rebalance,rebalance,0.0
2005-08-22,2005-08-23,KBH,buy,12.772806701407887,53.19734426754653,679.4793953576208,0.6794793953576208,rebalance,rebalance,0.0
2005-08-22,2005-08-23,M,buy,21.794931880683862,18.725616901104964,408.1235447833651,0.4081235447833651,rebalance,rebalance,0.0
2005-08-22,2005-08-23,MSI,buy,112.28747817426468,62.58630338338732,7027.6581751700105,7.027658175170011,rebalance,rebalance,0.0
2005-08-22,2005-08-23,PHM,buy,202.29147353563545,34.74025895575883,7027.6581751700105,7.027658175170011,rebalance,rebalance,0.0
2005-08-22,2005-08-23,SCHW,buy,676.6847209470408,10.38542464108631,7027.6581751700105,7.027658175170011,rebalance,rebalance,0.0
2005-08-22,2005-08-23,TPR,buy,339.1623978826466,20.720628875850934,7027.6581751700105,7.027658175170011,rebalance,rebalance,0.0
2005-09-20,2005-09-21,AMGN,sell,8.245801039178374,56.95086778971152,469.6055248025135,0.4696055248025135,rebalance,rebalance,34.1526738183063
2005-09-20,2005-09-21,CMS,sell,823.6645553221015,8.569510507169229,7058.402061215619,7.058402061215619,rebalance,rebalance,1223.8283138579257
2005-09-20,2005-09-21,DHI,sell,265.0341483506627,26.448024633896985,7009.6296844022345,7.009629684402235,rebalance,rebalance,-32.06577862734629
2005-09-20,2005-09-21,EOG,sell,47.00612162659178,24.731745426664112,1162.5434335636783,1.1625434335636784,rebalance,rebalance,341.0573898046201
2005-09-20,2005-09-21,ESRX,sell,17.492687151104064,15.024999618530273,262.82761777240796,0.262827617772408,rebalance,rebalance,55.415891725334774
2005-09-20,2005-09-21,GILD,sell,972.8892056713573,7.849757703145345,7636.944536525693,7.636944536525694,rebalance,rebalance,594.6217586439875
2005-09-20,2005-09-21,GLW,sell,23.84041194547956,13.156477880134972,313.65585241400737,0.3136558524140074,rebalance,rebalance,52.977334059786955
2005-09-20,2005-09-21,JBL,sell,306.80976781183057,22.59551326776037,6932.524179270697,6.932524179270697,rebalance,rebalance,-642.9415247490498
2005-09-20,2005-09-21,KBH,sell,132.10543255365644,52.68514378258297,6959.993708549707,6.959993708549707,rebalance,rebalance,491.35618636188053
2005-09-20,2005-09-21,M,sell,375.2964835436381,16.86034688374614,6327.628896795863,6.327628896795863,rebalance,rebalance,-691.2623290694379
2005-09-20,2005-09-21,MSI,sell,5.319605418280631,66.60880986096964,354.33258584163843,0.35433258584163846,rebalance,rebalance,20.71088022878583
2005-09-20,2005-09-21,PHM,sell,202.29147353563545,34.653604255117074,7010.1286680883995,7.0101286680884,rebalance,rebalance,-31.567293924868956
2005-09-20,2005-09-21,TPR,sell,339.1623978826466,19.658853869078957,6667.5440178613635,6.667544017861363,rebalance,rebalance,-373.8093595016783
2005-09-20,2005-09-21,A,buy,353.9422242945988,20.13041171291657,7125.002697635736,7.125002697635736,rebalance,rebalance,0.0
2005-09-20,2005-09-21,ADSK,buy,170.00722318245715,41.90999984741211,7125.002697635736,7.125002697635736,rebalance,rebalance,0.0
2005-09-20,2005-09-21,AMD,buy,319.2205553339659,22.31999969482422,7125.002697635736,7.125002697635736,rebalance,rebalance,0.0
2005-09-20,2005-09-21,AON,buy,286.10916614046846,24.903091340099316,7125.002697635737,7.125002697635737,rebalance,rebalance,0.0
2005-09-20,2005-09-21,BBY,buy,43.04556240090392,22.699162091983542,977.0981982787102,0.9770981982787103,rebalance,rebalance,0.0
2005-09-20,2005-09-21,CI,buy,212.6533904801251,33.50523911962574,7125.002697635736,7.125002697635736,rebalance,rebalance,0.0
2005-09-20,2005-09-21,HAL,buy,294.9074644313886,24.1601300644372,7125.002697635736,7.125002697635736,rebalance,rebalance,0.0
2005-09-20,2005-09-21,HPQ,buy,935.2967896376898,7.617905649388341,7125.002697635736,7.125002697635736,rebalance,rebalance,0.0
2005-09-20,2005-09-21,HUM,buy,174.2263380267056,40.89509530151295,7125.002697635736,7.125002697635736,rebalance,rebalance,0.0
2005-09-20,2005-09-21,SCHW,buy,6.949140997050449,10.42224953189699,72.42568150359523,0.07242568150359523,rebalance,rebalance,0.0
2005-10-18,2005-10-19,A,sell,353.9422242945988,18.243561482871495,6457.166730302806,6.457166730302807,market_trend_exit,risk_exit,-681.418136760866
2005-10-18,2005-10-19,ADSK,sell,170.00722318245715,42.2599983215332,7184.50496633916,7.18450496633916,market_trend_exit,risk_exit,45.1927610394505
2005-10-18,2005-10-19,AMD,sell,319.2205553339659,20.6299991607666,6585.519788639164,6.585519788639164,market_trend_exit,risk_exit,-553.1934314828459
2005-10-18,2005-10-19,AMGN,sell,125.10788639682336,50.7171613933814,6345.116865972516,6.345116865972517,market_trend_exit,risk_exit,-260.9308387792316
2005-10-18,2005-10-19,AON,sell,286.10916614046846,24.516187771226214,7014.306040168682,7.014306040168682,market_trend_exit,risk_exit,-124.83596620485805
2005-10-18,2005-10-19,BBY,sell,313.8883571456591,23.037198469926327,7231.108380963666,7.231108380963666,market_trend_exit,risk_exit,-788.8838572394645
2005-10-18,2005-10-19,CI,sell,212.6533904801251,33.356203444963135,7093.309756116239,7.0933097561162395,market_trend_exit,risk_exit,-45.91125397324685
2005-10-18,2005-10-19,EOG,sell,288.09138112646247,21.859467595282435,6297.524210214068,6.2975242102140685,market_trend_exit,risk_exit,1263.6234292064908
2005-10-18,2005-10-19,ESRX,sell,474.20984216522027,15.84749984741211,7515.040401354649,7.515040401354649,market_trend_exit,risk_exit,1891.918931802814
2005-10-18,2005-10-19,GLW,sell,541.5585206428091,11.689552409940012,6330.576710103696,6.3305767101036965,market_trend_exit,risk_exit,409.80094317184523
2005-10-18,2005-10-19,HAL,sell,294.9074644313886,20.917639480007242,6168.768020938845,6.168768020938845,market_trend_exit,risk_exit,-969.528447415464
2005-10-18,2005-10-19,HPQ,sell,935.2967896376898,7.45466362514837,6972.322956430134,6.9723229564301334,market_trend_exit,risk_exit,-166.77706685966706
2005-10-18,2005-10-19,HUM,sell,174.2263380267056,39.89340542861365,6950.481939242054,6.950481939242054,market_trend_exit,risk_exit,-188.5962430305591
2005-10-18,2005-10-19,MSI,sell,106.96787275598405,62.72579220699591,6709.644559316234,6.709644559316234,market_trend_exit,risk_exit,1.5164544387486183
2005-10-18,2005-10-19,SCHW,sell,683.6338619440912,9.729892248877993,6651.683814400341,6.651683814400341,market_trend_exit,risk_exit,-462.151809944337
2005-11-15,2005-11-16,A,buy,187.7357125860617,20.3863582611084,3827.247495183931,3.827247495183931,rebalance,rebalance,0.0
2005-11-15,2005-11-16,AMD,buy,151.81466220445876,25.209999084472656,3827.247495183931,3.827247495183931,rebalance,rebalance,0.0
2005-11-15,2005-11-16,AON,buy,133.78643363062963,28.60714193002978,3827.2474951839313,3.8272474951839315,rebalance,rebalance,0.0
2005-11-15,2005-11-16,ATI,buy,149.67252014415243,25.570809467882523,3827.2474951839304,3.8272474951839306,rebalance,rebalance,0.0
2005-11-15,2005-11-16,DVN,buy,111.12642705545407,34.44048006037363,3827.247495183931,3.827247495183931,rebalance,rebalance,0.0
2005-11-15,2005-11-16,EOG,buy,169.66057207774602,22.55826117001489,3827.247495183931,3.827247495183931,rebalance,rebalance,0.0
2005-11-15,2005-11-16,ESRX,buy,196.04290816578686,19.522499084472656,3827.247495183931,3.827247495183931,rebalance,rebalance,0.0
2005-11-15,2005-11-16,FCX,buy,242.2350618580301,15.799725546861653,3827.247495183931,3.827247495183931,rebalance,rebalance,0.0
2005-11-15,2005-11-16,HAL,buy,185.45900082073507,20.63662307165859,3827.247495183931,3.827247495183931,rebalance,rebalance,0.0
2005-11-15,2005-11-16,NEM,buy,128.43332924352188,29.79948832383768,3827.247495183931,3.827247495183931,rebalance,rebalance,0.0
2005-11-15,2005-11-16,NOV,buy,194.85354825321804,19.64166179930328,3827.247495183931,3.827247495183931,rebalance,rebalance,0.0
2005-11-15,2005-11-16,RHI,buy,171.0436293269159,22.375855272977798,3827.247495183931,3.827247495183931,rebalance,rebalance,0.0
2005-11-15,2005-11-16,VIAV,buy,393.0082253756061,9.7383394241333,3827.2474951839304,3.8272474951839306,rebalance,rebalance,0.0
2005-11-15,2005-11-16,VLO,buy,153.1670781529151,24.987402915416194,3827.247495183931,3.827247495183931,rebalance,rebalance,0.0
2005-11-15,2005-11-16,WMB,buy,552.3888579215319,6.928538547255781,3827.2474951839304,3.8272474951839306,rebalance,rebalance,0.0
2005-12-14,2005-12-15,DVN,sell,111.12642705545407,41.34231186205617,4594.223403442618,4.594223403442618,rebalance,rebalance,758.554437360062
2005-12-14,2005-12-15,EOG,sell,169.66057207774602,27.42270227259252,4652.551355485753,4.652551355485754,rebalance,rebalance,816.8240614511529
2005-12-14,2005-12-15,HAL,sell,185.45900082073507,23.922931003205047,4436.722880557793,4.436722880557793,rebalance,rebalance,601.2114149981212
2005-12-14,2005-12-15,NEM,sell,128.43332924352188,33.764241051515995,4336.453887626992,4.336453887626992,rebalance,rebalance,501.0426910602501
2005-12-14,2005-12-15,NOV,sell,194.85354825321804,22.540760527002078,4392.147169012432,4.392147169012432,rebalance,rebalance,556.6802791643049
2005-12-14,2005-12-15,WMB,sell,552.3888579215319,8.362391064659452,4619.291649700458,4.619291649700458,rebalance,rebalance,783.5976153716432
2005-12-14,2005-12-15,A,buy,155.33607895607065,21.13038398383524,3282.3109948851215,3.2823109948851217,rebalance,rebalance,0.0
2005-12-14,2005-12-15,AMD,buy,111.41113475694723,27.540000915527344,3068.262753206267,3.068262753206267,rebalance,rebalance,0.0
2005-12-14,2005-12-15,AMGN,buy,136.69269280889608,53.03311055143505,7249.238689307537,7.249238689307537,rebalance,rebalance,0.0
2005-12-14,2005-12-15,AON,buy,116.49771226690095,28.96403471067426,3374.2437818126614,3.3742437818126616,rebalance,rebalance,0.0
2005-12-14,2005-12-15,ATI,buy,105.64400756896708,28.393143030101736,2999.565417178833,2.999565417178833,rebalance,rebalance,0.0
2005-12-14,2005-12-15,BEN,buy,438.35695268093235,16.537296020907537,7249.238689307536,7.2492386893075365,rebalance,rebalance,0.0
2005-12-14,2005-12-15,ESRX,buy,129.98535764557698,22.235000610351562,2890.2245065861703,2.8902245065861702,rebalance,rebalance,0.0
2005-12-14,2005-12-15,FCX,buy,185.05551670175194,16.96559449951293,3139.5768562597664,3.1395768562597666,rebalance,rebalance,0.0
2005-12-14,2005-12-15,NSC,buy,262.817525994602,27.582782624079748,7249.238689307536,7.2492386893075365,rebalance,rebalance,0.0
2005-12-14,2005-12-15,PAYX,buy,343.6654514664944,21.093882606975697,7249.238689307537,7.249238689307537,rebalance,rebalance,0.0
2005-12-14,2005-12-15,QCOM,buy,250.04604971417632,28.991614534978762,7249.238689307536,7.2492386893075365,rebalance,rebalance,0.0
2005-12-14,2005-12-15,RHI,buy,129.40758252199817,24.12783974042652,3122.3254122867916,3.122325412286792,rebalance,rebalance,0.0
2005-12-14,2005-12-15,SCHW,buy,635.5639301524568,11.405994496208454,7249.238689307536,7.2492386893075365,rebalance,rebalance,0.0
2005-12-14,2005-12-15,VIAV,buy,203.62852338328776,12.150171279907227,2474.12143658154,2.47412143658154,rebalance,rebalance,0.0
2005-12-14,2005-12-15,VLO,buy,109.80015643422291,27.567079604761158,3026.869653037451,3.026869653037451,rebalance,rebalance,0.0
2006-01-13,2006-01-17,A,sell,98.77826215182202,20.04112708639941,1979.627705158342,1.979627705158342,rebalance,rebalance,-71.4043934251664
2006-01-13,2006-01-17,AMD,sell,112.39653611776546,32.459999084472656,3648.3914594805647,3.648391459480565,rebalance,rebalance,697.4388633954156
2006-01-13,2006-01-17,AMGN,sell,136.69269280889608,51.63818525109666,7058.562593737024,7.058562593737024,rebalance,rebalance,-204.98389685355724
2006-01-13,2006-01-17,AON,sell,84.56241624203253,29.5430036789616,2498.227774140249,2.498227774140249,rebalance,rebalance,60.15986117617115
2006-01-13,2006-01-17,ATI,sell,108.33074898886352,33.30878477761414,3608.365602867796,3.608365602867796,rebalance,rebalance,705.2453396610279
2006-01-13,2006-01-17,BEN,sell,438.35695268093235,16.463637556720666,7216.9499894074215,7.216949989407421,rebalance,rebalance,-46.75488857882873
2006-01-13,2006-01-17,ESRX,sell,101.47063616827606,21.802499771118164,2212.313521834053,2.2123135218340533,rebalance,rebalance,117.3140018973235
2006-01-13,2006-01-17,FCX,sell,177.00212811285658,19.56110104223309,3462.356512705874,3.4623565127058744,rebalance,rebalance,570.0500274717593
2006-01-13,2006-01-17,NSC,sell,262.817525994602,26.3723395099806,6931.113024702796,6.931113024702796,rebalance,rebalance,-332.3060163187497
2006-01-13,2006-01-17,PAYX,sell,343.6654514664944,18.526593401898914,6366.950085599767,6.3669500855997665,rebalance,rebalance,-895.9047924826765
2006-01-13,2006-01-17,QCOM,sell,250.04604971417632,29.539809806704024,7386.312751474427,7.386312751474428,rebalance,rebalance,122.43851072610983
2006-01-13,2006-01-17,RHI,sell,93.1643562785381,23.619045478906624,2200.4531679558513,2.2004531679558514,rebalance,rebalance,41.163932108864934
2006-01-13,2006-01-17,SCHW,sell,635.5639301524568,11.073993593603223,7038.230890833594,7.038230890833594,rebalance,rebalance,-225.2952680540841
2006-01-13,2006-01-17,VIAV,sell,233.16449188191598,13.469852447509766,3140.6913016479966,3.1406913016479967,rebalance,rebalance,672.5252097486128
2006-01-13,2006-01-17,VLO,sell,102.20967814537411,30.455287933353574,3112.825177492765,3.112825177492765,rebalance,rebalance,443.00117098094734
2006-01-13,2006-01-17,EOG,buy,177.32536828267123,27.609798396649953,4895.917668896259,4.895917668896259,rebalance,rebalance,0.0
2006-01-13,2006-01-17,HAL,buy,192.42915811116836,25.4427017035944,4895.917668896259,4.895917668896259,rebalance,rebalance,0.0
2006-01-13,2006-01-17,NEM,buy,121.6658043939049,40.24070438925672,4895.917668896259,4.895917668896259,rebalance,rebalance,0.0
2006-01-13,2006-01-17,NOV,buy,199.38122661670056,24.555559979116747,4895.917668896259,4.895917668896259,rebalance,rebalance,0.0
2006-01-13,2006-01-17,NUE,buy,251.12644500785126,19.495826768635187,4895.917668896259,4.895917668896259,rebalance,rebalance,0.0
2006-01-13,2006-01-17,SLB,buy,139.4490994719184,35.1089945179759,4895.917668896259,4.895917668896259,rebalance,rebalance,0.0
2006-02-13,2006-02-14,A,sell,244.29352939031034,20.582777169883013,5028.239279485025,5.028239279485025,rebalance,rebalance,-44.40453747523192
2006-02-13,2006-02-14,AMD,sell,25.718969016346676,39.29999923706055,1010.7554627204082,1.0107554627204083,rebalance,rebalance,335.33223745440705
2006-02-13,2006-02-14,AON,sell,165.72172965549805,30.23249541441479,5010.181431878732,5.010181431878732,rebalance,rebalance,232.04816736320174
2006-02-13,2006-02-14,ATI,sell,19.21255562060678,38.48094502063669,739.3172965424939,0.7393172965424939,rebalance,rebalance,224.3469402724023
2006-02-13,2006-02-14,EOG,sell,177.32536828267123,22.40007571905742,3972.1016764415785,3.9721016764415786,rebalance,rebalance,-932.6840118000174
2006-02-13,2006-02-14,ESRX,sell,11.245936102741666,23.049999237060547,259.21881858822707,0.2592188185882271,rebalance,rebalance,27.01711779932001
2006-02-13,2006-02-14,HAL,sell,192.42915811116836,25.52211577383506,4911.199251574851,4.911199251574851,rebalance,rebalance,5.474465758121123
2006-02-13,2006-02-14,NOV,sell,199.38122661670056,21.58712029316001,4304.066523172512,4.304066523172511,rebalance,rebalance,-601.051129915816
2006-02-13,2006-02-14,NUE,sell,251.12644500785126,22.21096701980723,5577.7611878708185,5.577761187870818,rebalance,rebalance,671.3698401177934
2006-02-13,2006-02-14,RHI,sell,207.28685557037596,22.19687563537059,4601.12055394266,4.6011205539426605,rebalance,rebalance,-202.91426431044482
2006-02-13,2006-02-14,SLB,sell,139.4490994719184,37.10235379377832,5173.889824830902,5.173889824830902,rebalance,rebalance,267.9023484409165
2006-02-13,2006-02-14,VIAV,sell,4.5106654849232655,13.697382926940918,61.78431240232961,0.061784312402329615,rebalance,rebalance,14.035571537527266
2006-02-13,2006-02-14,VLO,sell,160.7575564417639,24.865110642209643,3997.2544274957213,3.9972544274957214,rebalance,rebalance,-201.00291096705314
2006-02-13,2006-02-14,ADBE,buy,128.54468949963584,38.25,4916.834373361071,4.916834373361071,rebalance,rebalance,0.0
2006-02-13,2006-02-14,ADM,buy,266.7828148199171,18.430101566624582,4916.83437336107,4.91683437336107,rebalance,rebalance,0.0
2006-02-13,2006-02-14,CIEN,buy,184.35824369312536,26.670000076293945,4916.834373361071,4.916834373361071,rebalance,rebalance,0.0
2006-02-13,2006-02-14,FCX,buy,49.821852829081735,16.38342409337119,816.2525440163713,0.8162525440163714,rebalance,rebalance,0.0
2006-02-13,2006-02-14,FLR,buy,147.67845840241554,33.29418810672422,4916.834373361071,4.916834373361071,rebalance,rebalance,0.0
2006-02-13,2006-02-14,GILD,buy,482.673461404216,10.186668144249714,4916.834373361071,4.916834373361071,rebalance,rebalance,0.0
2006-02-13,2006-02-14,HPQ,buy,566.7846542303616,8.674960298700489,4916.834373361071,4.916834373361071,rebalance,rebalance,0.0
2006-02-13,2006-02-14,MCO,buy,98.17829682367686,50.08066479490321,4916.834373361071,4.916834373361071,rebalance,rebalance,0.0
2006-02-13,2006-02-14,MU,buy,311.43897866467773,15.787472699924828,4916.834373361071,4.916834373361071,rebalance,rebalance,0.0
2006-02-13,2006-02-14,NEM,buy,11.627618682617523,36.887299162077674,428.9114488882761,0.4289114488882761,rebalance,rebalance,0.0
2006-02-13,2006-02-14,NTAP,buy,212.12941047157628,23.178466212821014,4916.834373361071,4.916834373361071,rebalance,rebalance,0.0
2006-03-14,2006-03-15,ADM,sell,266.7828148199171,20.744809014740415,5534.35854185404,5.53435854185404,rebalance,rebalance,607.0729755777546
2006-03-14,2006-03-15,CIEN,sell,5.229150207412289,34.29999923706055,179.3598481247165,0.1793598481247165,rebalance,rebalance,39.57959040952293
2006-03-14,2006-03-15,FCX,sell,300.1103032760072,16.793707243074998,5039.964573847717,5.039964573847716,rebalance,rebalance,132.90876563974976
2006-03-14,2006-03-15,FLR,sell,147.67845840241554,34.46234951509173,5089.3466493139795,5.089346649313979,rebalance,rebalance,162.50609493023367
2006-03-14,2006-03-15,GILD,sell,482.673461404216,10.787193617712937,5206.6920822989705,5.206692082298971,rebalance,rebalance,279.7341824822404
2006-03-14,2006-03-15,HPQ,sell,566.7846542303616,9.119912597475636,5169.026508171348,5.169026508171348,rebalance,rebalance,242.1062739287443
2006-03-14,2006-03-15,MCO,sell,98.17829682367686,54.49645563635964,5350.369197304854,5.350369197304855,rebalance,rebalance,423.26762037311823
2006-03-14,2006-03-15,MU,sell,311.43897866467773,14.763579218391927,4597.954033211043,4.5979540332110425,rebalance,rebalance,-328.3951285565996
2006-03-14,2006-03-15,NEM,sell,133.29342307652243,34.201050491465885,4558.775092820468,4.558775092820468,rebalance,rebalance,-775.9376291746722
2006-03-14,2006-03-15,ADBE,buy,34.689313410179096,37.63999938964844,1305.7057355864645,1.3057057355864645,rebalance,rebalance,0.0
2006-03-14,2006-03-15,AMD,buy,49.58769195936716,35.16999816894531,1743.9990354131673,1.7439990354131674,rebalance,rebalance,0.0
2006-03-14,2006-03-15,ATI,buy,4.358893636424526,46.49988149347403,202.6880375363985,0.2026880375363985,rebalance,rebalance,0.0
2006-03-14,2006-03-15,DRI,buy,307.084822370916,20.00791742964766,6144.127769895305,6.144127769895306,rebalance,rebalance,0.0
2006-03-14,2006-03-15,ESRX,buy,60.429801377657014,22.44499969482422,1356.3468734797998,1.3563468734797999,rebalance,rebalance,0.0
2006-03-14,2006-03-15,JBL,buy,207.76957189237646,29.571836308532855,6144.127769895305,6.144127769895306,rebalance,rebalance,0.0
2006-03-14,2006-03-15,NSC,buy,183.38392868052654,33.504177896630196,6144.127769895305,6.144127769895306,rebalance,rebalance,0.0
2006-03-14,2006-03-15,NTAP,buy,33.91572979629157,24.971546941371127,846.9282386589543,0.8469282386589544,rebalance,rebalance,0.0
2006-03-14,2006-03-15,NUE,buy,228.74385048592433,26.860297038994638,6144.127769895305,6.144127769895306,rebalance,rebalance,0.0
2006-03-14,2006-03-15,RIG,buy,83.40779550973942,73.66371131554321,6144.127769895305,6.144127769895306,rebalance,rebalance,0.0
2006-03-14,2006-03-15,SBUX,buy,462.1543450254284,13.294536416307514,6144.127769895305,6.144127769895306,rebalance,rebalance,0.0
2006-03-14,2006-03-15,SLB,buy,158.91505487988474,38.66296855599564,6144.127769895305,6.144127769895306,rebalance,rebalance,0.0
2006-03-14,2006-03-15,TLAB,buy,436.6828644747932,14.069999694824219,6144.127769895305,6.144127769895306,rebalance,rebalance,0.0
2006-03-14,2006-03-15,VIAV,buy,1.084303889913599,17.06484603881836,18.50347894066742,0.018503478940667423,rebalance,rebalance,0.0
2006-04-11,2006-04-12,ADBE,sell,163.23400290981493,37.0,6039.658107663153,6.039658107663153,rebalance,rebalance,-195.1441995009931
2006-04-11,2006-04-12,DRI,sell,307.084822370916,19.295998495005783,5925.5082703083135,5.925508270308313,rebalance,rebalance,-230.68913562719493
2006-04-11,2006-04-12,JBL,sell,207.76957189237646,32.16858906690106,6683.653978811816,6.683653978811816,rebalance,rebalance,526.6984271678036
2006-04-11,2006-04-12,NSC,sell,183.38392868052654,34.10189700135688,6253.739847567492,6.253739847567492,rebalance,rebalance,97.21421005472499
2006-04-11,2006-04-12,SBUX,sell,462.1543450254284,13.866662015138118,6408.538101295145,6.408538101295145,rebalance,rebalance,251.85766552864962
2006-04-11,2006-04-12,ADM,buy,317.8436768987482,22.20596422199609,7058.025317401288,7.058025317401288,rebalance,rebalance,0.0
2006-04-11,2006-04-12,AMD,buy,28.703317718192295,34.70000076293945,996.0051467201662,0.9960051467201662,rebalance,rebalance,0.0
2006-04-11,2006-04-12,ATI,buy,0.2154070725988788,53.329485237603386,11.487548298237268,0.011487548298237268,rebalance,rebalance,0.0
2006-04-11,2006-04-12,BF.B,buy,682.3535558764465,10.343648474632236,7058.025317401288,7.058025317401288,rebalance,rebalance,0.0
2006-04-11,2006-04-12,CIEN,buy,59.23717371840934,29.610000610351562,1754.012749957602,1.754012749957602,rebalance,rebalance,0.0
2006-04-11,2006-04-12,ESRX,buy,63.317967230617455,20.940000534057617,1325.8782676245721,1.3258782676245722,rebalance,rebalance,0.0
2006-04-11,2006-04-12,FLR,buy,201.05626322595046,35.104727423832394,7058.025317401288,7.058025317401288,rebalance,rebalance,0.0
2006-04-11,2006-04-12,GLW,buy,411.35997422419507,17.157783351947113,7058.025317401288,7.058025317401288,rebalance,rebalance,0.0
2006-04-11,2006-04-12,NTAP,buy,20.799459949182847,26.44994619212946,550.1445964812381,0.550144596481238,rebalance,rebalance,0.0
2006-04-11,2006-04-12,NUE,buy,6.9001348058370695,29.952070742066383,206.67332583422638,0.20667332583422637,rebalance,rebalance,0.0
2006-04-11,2006-04-12,RIG,buy,8.103357533612254,77.12748755397807,624.9916073191135,0.6249916073191135,rebalance,rebalance,0.0
2006-04-11,2006-04-12,ROK,buy,151.86683271690575,46.47509394337683,7058.025317401288,7.058025317401288,rebalance,rebalance,0.0
2006-04-11,2006-04-12,SLB,buy,15.082704920803138,40.56388614132827,611.8131251107101,0.6118131251107101,rebalance,rebalance,0.0
2006-04-11,2006-04-12,TLAB,buy,27.355616767785705,15.210000038146973,416.0789320815545,0.4160789320815545,rebalance,rebalance,0.0
2006-04-11,2006-04-12,VIAV,buy,69.5942792624594,16.427759170532227,1143.278059370448,1.1432780593704481,rebalance,rebalance,0.0
2006-05-10,2006-05-11,ADM,sell,40.82051415434995,27.359085862807806,1116.8119517128216,1.1168119517128217,rebalance,rebalance,208.329804049294
2006-05-10,2006-05-11,ATI,sell,23.482595025269376,69.61930329565925,1634.8419052333677,1.6348419052333678,rebalance,rebalance,988.3708260971056
2006-05-10,2006-05-11,BF.B,sell,682.3535558764465,10.706632866126732,7305.709007665206,7.305709007665206,rebalance,rebalance,233.31995593885205
2006-05-10,2006-05-11,ESRX,sell,337.0594621486206,18.235000610351562,6146.279498004866,6.146279498004866,rebalance,rebalance,-944.2339331252721
2006-05-10,2006-05-11,FLR,sell,201.05626322595046,40.766782190962104,8196.416891061066,8.196416891061066,rebalance,rebalance,1123.1371314513171
2006-05-10,2006-05-11,GLW,sell,411.35997422419507,17.786454372350594,7316.635412149962,7.316635412149962,rebalance,rebalance,244.23543401912403
2006-05-10,2006-05-11,NUE,sell,10.622426042319887,33.68166375164509,357.7809821841366,0.35778098218413656,rebalance,rebalance,70.85371469369292
2006-05-10,2006-05-11,RIG,sell,1.1622354651972415,83.88700937069258,97.49645735995225,0.09749645735995224,rebalance,rebalance,11.341932255711438
2006-05-10,2006-05-11,ROK,sell,151.86683271690575,49.62091001573474,7535.77044062022,7.535770440620221,rebalance,rebalance,463.1513274609115
2006-05-10,2006-05-11,SLB,sell,15.054459426223644,47.68430300399265,717.8614048413616,0.7178614048413616,rebalance,rebalance,132.02827962770183
2006-05-10,2006-05-11,AMD,buy,25.574554836536464,33.099998474121094,846.5177260656832,0.8465177260656832,rebalance,rebalance,0.0
2006-05-10,2006-05-11,BXP,buy,198.63821670008372,38.155298720557724,7579.100495510572,7.579100495510572,rebalance,rebalance,0.0
2006-05-10,2006-05-11,CAT,buy,154.53066153174447,49.04593315258432,7579.100495510573,7.5791004955105725,rebalance,rebalance,0.0
2006-05-10,2006-05-11,CIEN,buy,15.200164722115119,29.889999389648438,454.3329142665766,0.4543329142665766,rebalance,rebalance,0.0
2006-05-10,2006-05-11,HAL,buy,252.89204084777165,29.969707508797445,7579.100495510572,7.579100495510572,rebalance,rebalance,0.0
2006-05-10,2006-05-11,JBL,buy,255.15625614943494,29.703761177118825,7579.100495510572,7.579100495510572,rebalance,rebalance,0.0
2006-05-10,2006-05-11,NTAP,buy,21.21479847724663,26.310894662228613,558.1803280152441,0.5581803280152441,rebalance,rebalance,0.0
2006-05-10,2006-05-11,TLAB,buy,10.248171612350518,15.979999542236328,163.7657776741206,0.16376577767412062,rebalance,rebalance,0.0
2006-05-10,2006-05-11,VIAV,buy,92.46244923703614,14.516495704650879,1342.230747190935,1.3422307471909352,rebalance,rebalance,0.0
2006-05-10,2006-05-11,VMC,buy,110.61293814995074,68.51911378790138,7579.100495510572,7.579100495510572,rebalance,rebalance,0.0
2006-06-08,2006-06-09,ADM,sell,143.97494928345841,24.82977407146525,3574.86546265894,3.57486546265894,rebalance,rebalance,370.99092197145006
2006-06-08,2006-06-09,AMD,sell,228.97585634138977,27.399999618530273,6273.938376406722,6.273938376406723,rebalance,rebalance,-603.1330762865392
2006-06-08,2006-06-09,ATI,sell,47.37203541001509,53.722583202793054,2544.9481138001943,2.5449481138001944,rebalance,rebalance,1241.5586452704151
2006-06-08,2006-06-09,BXP,sell,198.63821670008372,36.74060363094301,7298.087985735141,7.298087985735141,rebalance,rebalance,-295.8896982566761
2006-06-08,2006-06-09,CAT,sell,74.19707267366074,41.122986384726794,3051.205209345535,3.051205209345535,rebalance,rebalance,-594.549727000085
2006-06-08,2006-06-09,CIEN,sell,147.7510202188418,31.219999313354492,4612.786749779667,4.612786749779667,rebalance,rebalance,533.5841623059162
2006-06-08,2006-06-09,HAL,sell,252.89204084777165,26.32233428955078,6656.7088383617765,6.6567088383617765,rebalance,rebalance,-936.627466482667
2006-06-08,2006-06-09,JBL,sell,255.15625614943494,27.04014273682853,6899.461586475502,6.8994615864755025,rebalance,rebalance,-694.1174711170539
2006-06-08,2006-06-09,NTAP,sell,288.05939869429733,22.710069609275294,6541.848995953477,6.541848995953478,rebalance,rebalance,-343.65247709549976
2006-06-08,2006-06-09,NUE,sell,105.78009411696284,27.70476760895991,2930.612925164363,2.930612925164363,rebalance,rebalance,73.97006862134481
2006-06-08,2006-06-09,RIG,sell,44.38391098310666,71.87113253244131,3189.9219485749363,3.1899219485749364,rebalance,rebalance,-99.64806872343034
2006-06-08,2006-06-09,SLB,sell,74.37846587044947,39.06537629054757,2905.6227571427585,2.9056227571427584,rebalance,rebalance,11.880974325628092
2006-06-08,2006-06-09,TLAB,sell,259.90916333133265,15.40999984741211,4005.200167276845,4.005200167276845,rebalance,rebalance,312.77221057561417
2006-06-08,2006-06-09,VIAV,sell,522.1026237814638,12.696246147155762,6628.743425605324,6.628743425605324,rebalance,rebalance,320.6404408450662
2006-06-08,2006-06-09,VMC,sell,110.61293814995074,59.00291752822633,6526.486067216343,6.526486067216343,rebalance,rebalance,-1066.7200148569555
2006-06-08,2006-06-09,DE,buy,120.86535492461455,27.33253944364531,3303.557080847217,3.303557080847217,rebalance,rebalance,0.0
2006-06-08,2006-06-09,FCX,buy,202.68369732205934,16.299076464931204,3303.557080847217,3.303557080847217,rebalance,rebalance,0.0
2006-06-08,2006-06-09,FLR,buy,90.24124340073486,36.60806252610118,3303.557080847217,3.303557080847217,rebalance,rebalance,0.0
2006-06-08,2006-06-09,GLW,buy,221.73825013277963,14.898453825034725,3303.557080847217,3.303557080847217,rebalance,rebalance,0.0
2006-06-08,2006-06-09,NSC,buy,104.79152089803624,31.525041840566747,3303.557080847217,3.303557080847217,rebalance,rebalance,0.0
2006-06-08,2006-06-09,R,buy,100.06749452548131,33.01328864595481,3303.557080847217,3.303557080847217,rebalance,rebalance,0.0
2006-06-08,2006-06-09,UNP,buy,226.6684468083672,14.574402072116154,3303.557080847217,3.303557080847217,rebalance,rebalance,0.0
2006-07-07,2006-07-10,CAT,sell,80.33358885808373,44.06683185134394,3540.046752224173,3.540046752224173,rebalance,rebalance,-407.46915939785845
2006-07-07,2006-07-10,FCX,sell,202.68369732205934,18.56375421451416,3762.570340375691,3.7625703403756914,rebalance,rebalance,451.94713210725166
2006-07-07,2006-07-10,FLR,sell,90.24124340073486,37.53668016247591,3387.3566909975243,3.3873566909975246,rebalance,rebalance,77.1086963784627
2006-07-07,2006-07-10,GLW,sell,221.73825013277963,14.387639958982927,3190.2901080453316,3.190290108045332,rebalance,rebalance,-119.76081999077799
2006-07-07,2006-07-10,NSC,sell,104.79152089803624,32.74919891357422,3431.8383623457585,3.4318383623457587,rebalance,rebalance,121.54588605534877
2006-07-07,2006-07-10,RIG,sell,45.96500659504777,73.05685466833923,3358.058806643659,3.358058806643659,rebalance,rebalance,-48.750624757944756
2006-07-07,2006-07-10,SLB,sell,84.56483450401475,40.931175940703994,3461.3381194803437,3.461338119480344,rebalance,rebalance,171.1313693286503
2006-07-07,2006-07-10,UNP,sell,226.6684468083672,14.96701560172592,3392.550179799814,3.392550179799814,rebalance,rebalance,82.29699169195015
2006-07-07,2006-07-10,ADM,buy,19.95164373215846,26.36658004696564,526.0566115324963,0.5260566115324963,rebalance,rebalance,0.0
2006-07-07,2006-07-10,ATI,buy,10.912294587226853,55.71538580671355,607.9827029638561,0.6079827029638561,rebalance,rebalance,0.0
2006-07-07,2006-07-10,CIEN,buy,26.362927786368857,30.520000457763672,804.5965681079681,0.8045965681079681,rebalance,rebalance,0.0
2006-07-07,2006-07-10,CMCSA,buy,606.7655884409451,6.648503241954638,4034.082981856137,4.0340829818561375,rebalance,rebalance,0.0
2006-07-07,2006-07-10,CNX,buy,117.27530835821999,34.39840012642681,4034.0829818561374,4.0340829818561375,rebalance,rebalance,0.0
2006-07-07,2006-07-10,CPB,buy,205.4593377820606,19.63445918498608,4034.0829818561374,4.0340829818561375,rebalance,rebalance,0.0
2006-07-07,2006-07-10,DE,buy,24.325647186988633,27.784662432147694,675.8798955340023,0.6758798955340024,rebalance,rebalance,0.0
2006-07-07,2006-07-10,DIS,buy,168.1799149238325,23.986710801246062,4034.082981856137,4.0340829818561375,rebalance,rebalance,0.0
2006-07-07,2006-07-10,GS,buy,37.509661897909446,107.5478364170745,4034.0829818561374,4.0340829818561375,rebalance,rebalance,0.0
2006-07-07,2006-07-10,KSS,buy,133.7764768909667,30.155398584342148,4034.0829818561374,4.0340829818561375,rebalance,rebalance,0.0
2006-07-07,2006-07-10,NUE,buy,10.584826235228363,31.0729278280807,328.90154168002607,0.32890154168002605,rebalance,rebalance,0.0
2006-07-07,2006-07-10,R,buy,20.115402649217543,33.566198491555426,675.1975980611959,0.675197598061196,rebalance,rebalance,0.0
2006-07-07,2006-07-10,TLAB,buy,102.26953200944007,12.739999771118164,1302.9138143926282,1.3029138143926282,rebalance,rebalance,0.0
2006-07-07,2006-07-10,TMO,buy,118.46392167195573,34.053262165565606,4034.0829818561374,4.0340829818561375,rebalance,rebalance,0.0
2006-07-07,2006-07-10,WM,buy,196.2311449844567,20.557811973097714,4034.0829818561374,4.0340829818561375,rebalance,rebalance,0.0
2006-08-04,2006-08-07,CIEN,sell,132.17833949376458,25.40999984741211,3358.651586367744,3.358651586367744,rebalance,rebalance,-368.22274892649426
2006-08-04,2006-08-07,DE,sell,145.19100211160318,24.929268804928018,3619.505519697027,3.619505519697027,rebalance,rebalance,-367.53039918026997
2006-08-04,2006-08-07,GS,sell,37.509661897909446,109.88088346798958,4121.5947879278765,4.121594787927877,rebalance,rebalance,79.35612830195518
2006-08-04,2006-08-07,TLAB,sell,316.6470215330368,9.199999809265137,2913.1525377083126,2.9131525377083127,rebalance,rebalance,-1436.2510386330941
2006-08-04,2006-08-07,TMO,sell,118.46392167195573,35.688346887872896,4227.78153032656,4.22778153032656,rebalance,rebalance,185.43668395823983
2006-08-04,2006-08-07,WM,sell,196.2311449844567,20.812189930446657,4083.999859685528,4.0839998596855285,rebalance,rebalance,41.798794987849234
2006-08-04,2006-08-07,ADM,buy,30.775940199917443,24.130686254403148,742.6445571484811,0.7426445571484811,rebalance,rebalance,0.0
2006-08-04,2006-08-07,ATI,buy,13.061079591888443,51.88756026009673,677.7075543860311,0.6777075543860311,rebalance,rebalance,0.0
2006-08-04,2006-08-07,CMCSA,buy,9.646418295541821,7.194272758446459,69.39896436019605,0.06939896436019605,rebalance,rebalance,0.0
2006-08-04,2006-08-07,CMI,buy,230.24980364461214,19.260108099325162,4434.636108043623,4.434636108043623,rebalance,rebalance,0.0
2006-08-04,2006-08-07,CNX,buy,28.241952192545384,30.47498345735109,860.6730258711209,0.8606730258711209,rebalance,rebalance,0.0
2006-08-04,2006-08-07,CPB,buy,23.48178669812239,19.370203226321106,454.8469804597544,0.4548469804597544,rebalance,rebalance,0.0
2006-08-04,2006-08-07,DDS,buy,225.33038517371986,19.680595249614083,4434.636108043623,4.434636108043623,rebalance,rebalance,0.0
2006-08-04,2006-08-07,DGX,buy,100.91311600047544,43.94509141926337,4434.636108043623,4.434636108043623,rebalance,rebalance,0.0
2006-08-04,2006-08-07,DIS,buy,18.244788094570225,23.787813719117803,434.0036205384148,0.4340036205384148,rebalance,rebalance,0.0
2006-08-04,2006-08-07,KSS,buy,13.808256329663067,30.04806805737911,414.9114259474517,0.4149114259474517,rebalance,rebalance,0.0
2006-08-04,2006-08-07,NUE,buy,21.188349576571085,29.365603760763364,622.2086780101247,0.6222086780101247,rebalance,rebalance,0.0
2006-08-04,2006-08-07,PCAR,buy,352.99871394694634,12.562754290119376,4434.636108043623,4.434636108043623,rebalance,rebalance,0.0
2006-08-04,2006-08-07,PFG,buy,155.82859402848115,28.458423408691566,4434.636108043623,4.434636108043623,rebalance,rebalance,0.0
2006-08-04,2006-08-07,R,buy,28.260516151844442,29.874253149167256,844.2618136463309,0.8442618136463309,rebalance,rebalance,0.0
2006-08-04,2006-08-07,VFC,buy,471.0931221774487,9.413502127872732,4434.636108043623,4.434636108043623,rebalance,rebalance,0.0
2006-09-01,2006-09-05,ATI,sell,85.46626755650345,49.95287815666776,4269.286049755184,4.269286049755184,rebalance,rebalance,1289.4350236270516
2006-09-01,2006-09-05,CMI,sell,230.24980364461214,18.73542004281391,4313.826786057233,4.313826786057233,rebalance,rebalance,-129.55778488048955
2006-09-01,2006-09-05,DGX,sell,100.91311600047544,45.21918064638254,4563.208422014855,4.563208422014855,rebalance,rebalance,119.57446944117468
2006-09-01,2006-09-05,DIS,sell,186.42470301840274,23.724162809195175,4422.770006064446,4.422770006064446,rebalance,rebalance,-54.207452938563996
2006-09-01,2006-09-05,KSS,sell,147.58473322062977,32.5320368826992,4801.23198445685,4.80123198445685,rebalance,rebalance,342.98735026100104
2006-09-01,2006-09-05,PFG,sell,155.82859402848115,28.463792426398587,4435.472754524222,4.4354727545242225,rebalance,rebalance,-8.033462381968405
2006-09-01,2006-09-05,R,sell,148.4434133265433,29.9382438659668,4444.135108466559,4.4441351084665595,rebalance,rebalance,-388.14853568920495
2006-09-01,2006-09-05,ADM,buy,103.09429654160479,25.295216117801754,2607.792511532635,2.6077925115326352,rebalance,rebalance,0.0
2006-09-01,2006-09-05,CMCSA,buy,382.7534475760215,7.2625019134625965,2779.7476454052617,2.7797476454052616,rebalance,rebalance,0.0
2006-09-01,2006-09-05,CNX,buy,112.94156731697612,28.075810308648393,3170.9260199528644,3.1709260199528644,rebalance,rebalance,0.0
2006-09-01,2006-09-05,CPB,buy,141.7331576621149,19.576327178330235,2774.6146664114244,2.7746146664114244,rebalance,rebalance,0.0
2006-09-01,2006-09-05,CVS,buy,324.1718567429654,22.384549654364104,7256.441023810316,7.256441023810317,rebalance,rebalance,0.0
2006-09-01,2006-09-05,CVX,buy,238.68599640442199,30.401620258924755,7256.441023810316,7.256441023810317,rebalance,rebalance,0.0
2006-09-01,2006-09-05,DDS,buy,120.25662981450645,20.997435404387325,2525.080816479418,2.525080816479418,rebalance,rebalance,0.0
2006-09-01,2006-09-05,ECL,buy,207.70558553703503,34.936186261184844,7256.441023810316,7.256441023810317,rebalance,rebalance,0.0
2006-09-01,2006-09-05,INTU,buy,268.1296995050821,27.06317516188757,7256.441023810316,7.256441023810317,rebalance,rebalance,0.0
2006-09-01,2006-09-05,MRK,buy,369.20988332806104,19.653972852516013,7256.441023810316,7.256441023810317,rebalance,rebalance,0.0
2006-09-01,2006-09-05,NUE,buy,107.88302058629026,28.028221579566257,3023.7692056654514,3.0237692056654515,rebalance,rebalance,0.0
2006-09-01,2006-09-05,PCAR,buy,218.29022109919805,12.70187566861276,2772.6952480760033,2.7726952480760034,rebalance,rebalance,0.0
2006-09-01,2006-09-05,VFC,buy,289.7720374048021,9.537091996424738,2763.5825787210283,2.7635825787210284,rebalance,rebalance,0.0
2006-09-01,2006-09-05,VLO,buy,251.19445573628275,28.88774357117385,7256.441023810316,7.256441023810317,rebalance,rebalance,0.0
2006-09-01,2006-09-05,WMB,buy,856.0941445843946,8.476218497362902,7256.441023810316,7.256441023810317,rebalance,rebalance,0.0
2006-10-02,2006-10-03,CMCSA,sell,60.038724907744495,7.5436533293483725,452.9113270401378,0.4529113270401378,rebalance,rebalance,38.43930959740604
2006-10-02,2006-10-03,CNX,sell,258.4588278677415,23.612318638981638,6102.812198670819,6.1028121986708195,rebalance,rebalance,-1977.038323235653
2006-10-02,2006-10-03,CPB,sell,370.6742821422979,19.238080640439875,7131.061731190689,7.131061731190689,rebalance,rebalance,-146.8775038965428
2006-10-02,2006-10-03,CVS,sell,324.1718567429654,20.705711736866753,6712.2090189247065,6.712209018924707,rebalance,rebalance,-558.2006549283439
2006-10-02,2006-10-03,CVX,sell,238.68599640442199,29.601459888433133,7065.453948496192,7.0654539484961925,rebalance,rebalance,-205.3089702864297
2006-10-02,2006-10-03,DDS,sell,16.605719180283415,21.534496244096953,357.59579731834197,0.35759579731834196,rebalance,rebalance,22.484084872110973
2006-10-02,2006-10-03,ECL,sell,207.70558553703503,33.84137334553632,7029.042266112031,7.0290422661120315,rebalance,rebalance,-241.6842409882077
2006-10-02,2006-10-03,INTU,sell,268.1296995050821,28.13869224174107,7544.819095244018,7.544819095244018,rebalance,rebalance,273.57681131464807
2006-10-02,2006-10-03,MRK,sell,369.20988332806104,20.104692518684907,7422.851179170196,7.422851179170196,rebalance,rebalance,151.7308631569004
2006-10-02,2006-10-03,NUE,sell,258.89766153056837,28.245595165911826,7312.718536993698,7.312718536993698,rebalance,rebalance,109.68134697660038
2006-10-02,2006-10-03,PCAR,sell,571.2889350461444,13.083527942983835,7474.474745193707,7.4744747451937075,rebalance,rebalance,252.4615829727687
2006-10-02,2006-10-03,VFC,sell,63.749079640596165,10.162506192006402,647.8504165822678,0.6478504165822678,rebalance,rebalance,43.49678418255749
2006-10-02,2006-10-03,VLO,sell,251.19445573628275,25.43543528259892,6389.240322227879,6.389240322227879,rebalance,rebalance,-880.8463829284749
2006-10-02,2006-10-03,WMB,sell,856.0941445843946,8.14495616596339,6972.849281577818,6.972849281577818,rebalance,rebalance,-297.82103253788586
2006-10-02,2006-10-03,ADM,buy,23.19209571417906,22.848469486004365,529.9038912419129,0.529903891241913,rebalance,rebalance,0.0
2006-10-02,2006-10-03,AES,buy,561.5662966145251,12.615512222980252,7084.446478954294,7.084446478954295,rebalance,rebalance,0.0
2006-10-02,2006-10-03,CNP,buy,1072.1761114727647,6.607539939705376,7084.446478954295,7.084446478954296,rebalance,rebalance,0.0
2006-10-02,2006-10-03,DGX,buy,183.31819361043415,38.6456267074577,7084.446478954295,7.084446478954296,rebalance,rebalance,0.0
2006-10-02,2006-10-03,FE,buy,299.5443978606374,23.650739354672638,7084.446478954295,7.084446478954296,rebalance,rebalance,0.0
2006-10-02,2006-10-03,KR,buy,882.0081400774408,8.032178113834956,7084.446478954295,7.084446478954296,rebalance,rebalance,0.0
2006-10-02,2006-10-03,KSS,buy,206.11076861619054,34.37203464194832,7084.446478954295,7.084446478954296,rebalance,rebalance,0.0
2006-10-02,2006-10-03,LH,buy,120.44795744031771,58.817489557385464,7084.446478954295,7.084446478954296,rebalance,rebalance,0.0
2006-10-02,2006-10-03,MO,buy,1328.033781391809,5.334537854548879,7084.446478954296,7.0844464789542965,rebalance,rebalance,0.0
2006-10-02,2006-10-03,PNW,buy,371.54708498816063,19.06742581274737,7084.446478954295,7.084446478954296,rebalance,rebalance,0.0
2006-10-02,2006-10-03,PPL,buy,543.078077490194,13.044987033346443,7084.446478954295,7.084446478954296,rebalance,rebalance,0.0
2006-10-02,2006-10-03,T,buy,1171.02771038685,6.049768435124342,7084.446478954295,7.084446478954296,rebalance,rebalance,0.0
2006-10-30,2006-10-31,ADM,sell,310.0621896487996,23.712395705185926,7352.317334168739,7.352317334168739,rebalance,rebalance,-23.257283974451248
2006-10-30,2006-10-31,AES,sell,22.708478831707907,13.549991660228606,307.69969878612,0.30769969878612,rebalance,rebalance,20.626427728367783
2006-10-30,2006-10-31,CMCSA,sell,68.13437676878243,8.382988570345947,571.1697017003476,0.5711697017003475,rebalance,rebalance,100.7528813971913
2006-10-30,2006-10-31,CNP,sell,52.80876186266062,7.162794589996338,378.2583137742704,0.3782583137742704,rebalance,rebalance,28.59511628340218
2006-10-30,2006-10-31,DGX,sell,183.31819361043415,35.70394310560274,6545.182354888809,6.545182354888809,rebalance,rebalance,-552.89375289933
2006-10-30,2006-10-31,FE,sell,299.5443978606374,24.54282522627531,7351.665804203499,7.351665804203499,rebalance,rebalance,252.7832129660464
2006-10-30,2006-10-31,KR,sell,882.0081400774408,7.899873118483424,6967.752396081337,6.9677523960813375,rebalance,rebalance,-130.74628174799417
2006-10-30,2006-10-31,KSS,sell,206.11076861619054,37.33646139960678,7695.446756481683,7.695446756481683,rebalance,rebalance,596.2203842919521
2006-10-30,2006-10-31,LH,sell,120.44795744031771,55.47743386547993,6682.143593127367,6.682143593127368,rebalance,rebalance,-416.06947589900926
2006-10-30,2006-10-31,MO,sell,1328.033781391809,5.707362712859749,7579.570485333746,7.579570485333746,rebalance,rebalance,480.45998941516325
2006-10-30,2006-10-31,PNW,sell,371.54708498816063,20.22553825378418,7514.7397805100445,7.514739780510045,rebalance,rebalance,415.69411529628564
2006-10-30,2006-10-31,PPL,sell,543.078077490194,13.585271274063109,7377.863005700951,7.377863005700951,rebalance,rebalance,278.95421726200186
2006-10-30,2006-10-31,T,sell,41.4851182400098,6.464137773794513,268.1655198655791,0.26816551986557907,rebalance,rebalance,16.671020131045342
2006-10-30,2006-10-31,BAX,buy,422.16759384042007,17.295308885707943,7301.518937006159,7.3015189370061595,rebalance,rebalance,0.0
2006-10-30,2006-10-31,BXP,buy,159.52874891619035,45.7692985534668,7301.518937006159,7.3015189370061595,rebalance,rebalance,0.0
2006-10-30,2006-10-31,DDS,buy,34.67071061583192,20.07831335460164,696.1293919713869,0.6961293919713869,rebalance,rebalance,0.0
2006-10-30,2006-10-31,GILD,buy,614.9531354266871,11.873293290780568,7301.518937006158,7.301518937006158,rebalance,rebalance,0.0
2006-10-30,2006-10-31,HOG,buy,168.38446953043194,43.362187483012285,7301.51893700616,7.30151893700616,rebalance,rebalance,0.0
2006-10-30,2006-10-31,HUM,buy,135.97044415513435,53.699309304862986,7301.518937006159,7.3015189370061595,rebalance,rebalance,0.0
2006-10-30,2006-10-31,MAT,buy,525.153324602587,13.903594616927597,7301.518937006159,7.3015189370061595,rebalance,rebalance,0.0
2006-10-30,2006-10-31,MRK,buy,334.6796624340528,21.816440484921586,7301.518937006159,7.3015189370061595,rebalance,rebalance,0.0
2006-10-30,2006-10-31,ORCL,buy,496.0051523566343,14.720651393065106,7301.518937006159,7.3015189370061595,rebalance,rebalance,0.0
2006-10-30,2006-10-31,PTC,buy,375.2065406227136,19.459999084472656,7301.518937006159,7.3015189370061595,rebalance,rebalance,0.0
2006-10-30,2006-10-31,VFC,buy,4.721908466496757,10.403425088982196,49.12402100822981,0.04912402100822981,rebalance,rebalance,0.0
2006-11-28,2006-11-29,AES,sell,538.8578177828172,14.31627435376911,7714.436357052134,7.714436357052134,rebalance,rebalance,901.9565666207993
2006-11-28,2006-11-29,BAX,sell,422.16759384042007,16.48342280079782,6958.766942067133,6.9587669420671325,rebalance,rebalance,-357.0122808180992
2006-11-28,2006-11-29,BXP,sell,159.52874891619035,49.20528442018666,7849.65746361769,7.849657463617691,rebalance,rebalance,532.9873502109086
2006-11-28,2006-11-29,CMCSA,sell,870.9923526359814,8.234139831390484,7171.872823676442,7.171872823676442,rebalance,rebalance,1158.4528863566957
2006-11-28,2006-11-29,CNP,sell,40.998995154714635,7.495946414575478,307.32627073118056,0.3073262707311806,rebalance,rebalance,35.84554398991273
2006-11-28,2006-11-29,DDS,sell,363.6520064237748,22.98412171566223,8358.221977788824,8.358221977788824,rebalance,rebalance,1021.1157096490267
2006-11-28,2006-11-29,GILD,sell,614.9531354266871,11.31737402076857,6959.654638868165,6.959654638868166,rebalance,rebalance,-356.125471713867
2006-11-28,2006-11-29,HOG,sell,11.591440239321798,46.773742377906835,542.1750395429406,0.5421750395429406,rebalance,rebalance,38.500029442937475
2006-11-28,2006-11-29,ORCL,sell,496.0051523566343,15.117657733840513,7498.436127549015,7.498436127549015,rebalance,rebalance,182.11723547830175
2006-11-28,2006-11-29,VFC,sell,701.8379884081514,10.4951422464843,7365.889522329948,7.365889522329948,rebalance,rebalance,707.639364310092
2006-11-28,2006-11-29,ADBE,buy,182.9789526863652,40.08000183105469,7333.7967587139865,7.333796758713986,rebalance,rebalance,0.0
2006-11-28,2006-11-29,CTSH,buy,423.4847261160684,17.317736169554188,7333.7967587139865,7.333796758713986,rebalance,rebalance,0.0
2006-11-28,2006-11-29,GOOGL,buy,598.2056075180151,12.259658997752085,7333.7967587139865,7.333796758713986,rebalance,rebalance,0.0
2006-11-28,2006-11-29,HAS,buy,508.60956202928446,14.419305703677912,7333.7967587139865,7.333796758713986,rebalance,rebalance,0.0
2006-11-28,2006-11-29,HUM,buy,24.58701535971261,45.677085205971515,1123.0631955461233,1.1230631955461234,rebalance,rebalance,0.0
2006-11-28,2006-11-29,KSS,buy,207.26291379620633,35.38402806555652,7333.7967587139865,7.333796758713986,rebalance,rebalance,0.0
2006-11-28,2006-11-29,MAT,buy,7.080192594310461,13.779283945398126,97.55998414510883,0.09755998414510883,rebalance,rebalance,0.0
2006-11-28,2006-11-29,MRK,buy,12.151367531816447,21.14515751210521,256.9425804477399,0.2569425804477399,rebalance,rebalance,0.0
2006-11-28,2006-11-29,MS,buy,174.45659354624556,42.03794542606335,7333.7967587139865,7.333796758713986,rebalance,rebalance,0.0
2006-11-28,2006-11-29,PTC,buy,10.98602636551442,18.989999771118164,208.62463816661693,0.20862463816661694,rebalance,rebalance,0.0
2006-11-28,2006-11-29,T,buy,39.622821408989694,6.272676794645691,248.54115239056014,0.24854115239056015,rebalance,rebalance,0.0
2006-11-28,2006-11-29,TPR,buy,267.8441156576055,27.380839562998034,7333.7967587139865,7.333796758713986,rebalance,rebalance,0.0
2006-11-28,2006-11-29,VNO,buy,171.87968632783787,42.66819957261113,7333.796758713987,7.333796758713987,rebalance,rebalance,0.0
2006-12-27,2006-12-28,ADBE,sell,5.77623300125282,41.779998779296875,241.33100774127712,0.24133100774127714,rebalance,rebalance,9.346736037457541
2006-12-27,2006-12-28,CNP,sell,978.3683544553894,7.846223545354491,7676.496818757604,7.676496818757604,rebalance,rebalance,1197.7477361532285
2006-12-27,2006-12-28,CTSH,sell,423.4847261160684,16.84969168805583,7135.587069656517,7.135587069656517,rebalance,rebalance,-212.67907288583845
2006-12-27,2006-12-28,GOOGL,sell,598.2056075180151,11.5869458223061,6931.375964910948,6.931375964910948,rebalance,rebalance,-416.6859665266626
2006-12-27,2006-12-28,HAS,sell,7.223009133797348,14.766110836792485,106.65575344481611,0.10665575344481612,rebalance,rebalance,2.2941701138888853
2006-12-27,2006-12-28,HUM,sell,160.55745951484695,48.081120324030806,7719.782529854061,7.719782529854061,rebalance,rebalance,-720.9439673606252
2006-12-27,2006-12-28,KSS,sell,207.26291379620633,35.34315112574624,7325.324485061836,7.325324485061836,rebalance,rebalance,-23.131394895925737
2006-12-27,2006-12-28,MAT,sell,23.963400660716843,14.566131612431851,349.0540479054379,0.3490540479054379,rebalance,rebalance,15.234075424448216
2006-12-27,2006-12-28,MRK,sell,346.8310299658692,20.849832775211045,7231.368976042584,7.231368976042584,rebalance,rebalance,-341.8823719048104
2006-12-27,2006-12-28,MS,sell,174.45659354624556,44.04413015379847,7683.788912339158,7.683788912339158,rebalance,rebalance,334.97456795411824
2006-12-27,2006-12-28,T,sell,1169.16541355583,6.69161396888694,7823.603613289667,7.823603613289667,rebalance,rebalance,726.6857249148475
2006-12-27,2006-12-28,TPR,sell,1.0275247179503708,27.747635130405023,28.511380961159222,0.028511380961159224,rebalance,rebalance,0.3202456415349431
2006-12-27,2006-12-28,VNO,sell,171.87968632783787,41.79294917703659,7183.358995264319,7.183358995264319,rebalance,rebalance,-164.954919203646
2006-12-27,2006-12-28,CBRE,buy,220.73730501016823,33.540000915527344,7403.529412132081,7.403529412132081,rebalance,rebalance,0.0
2006-12-27,2006-12-28,CI,buy,188.00516363141372,39.379393997107364,7403.529412132081,7.403529412132081,rebalance,rebalance,0.0
2006-12-27,2006-12-28,CSCO,buy,423.12144636675,17.497409965163776,7403.529412132081,7.403529412132081,rebalance,rebalance,0.0
2006-12-27,2006-12-28,GS,buy,50.560467256493766,146.42921266083047,7403.529412132081,7.403529412132081,rebalance,rebalance,0.0
2006-12-27,2006-12-28,GT,buy,414.57605219098207,17.858073019426385,7403.529412132082,7.403529412132082,rebalance,rebalance,0.0
2006-12-27,2006-12-28,HOG,buy,5.622453580361423,45.583889425067355,256.29330230476916,0.25629330230476915,rebalance,rebalance,0.0
2006-12-27,2006-12-28,IFF,buy,231.68249828732831,31.95549714312197,7403.529412132081,7.403529412132081,rebalance,rebalance,0.0
2006-12-27,2006-12-28,NEE,buy,963.2686948577475,7.685840359657293,7403.529412132081,7.403529412132081,rebalance,rebalance,0.0
2006-12-27,2006-12-28,PTC,buy,22.842198542031724,18.100000381469727,413.44380232438147,0.4134438023243815,rebalance,rebalance,0.0
2006-12-27,2006-12-28,SHW,buy,445.03208697032863,16.63594520236401,7403.529412132081,7.403529412132081,rebalance,rebalance,0.0
2006-12-27,2006-12-28,SPGI,buy,161.3572270414079,45.88284979781022,7403.52941213208,7.40352941213208,rebalance,rebalance,0.0
2007-01-29,2007-01-30,CBRE,sell,14.352517651419276,37.0099983215332,531.1866541888031,0.5311866541888032,rebalance,rebalance,48.79062891072075
2007-01-29,2007-01-30,GS,sell,0.6425299002531801,153.01715251626618,98.31809574330217,0.09831809574330216,rebalance,rebalance,4.040545095038644
2007-01-29,2007-01-30,GT,sell,66.81309729904069,21.964100909226218,1467.4896111340795,1.4674896111340796,rebalance,rebalance,271.6757981324167
2007-01-29,2007-01-30,HAS,sell,9.550464972400448,15.530175237836072,148.3203946241942,0.1483203946241942,rebalance,rebalance,10.32328910621083
2007-01-29,2007-01-30,HOG,sell,162.41548287147157,44.937895071033935,7298.609927189499,7.298609927189499,rebalance,rebalance,229.07410077253138
2007-01-29,2007-01-30,MAT,sell,508.2701165361806,15.107487648163492,7678.684507500967,7.678684507500967,rebalance,rebalance,597.9987413541323
2007-01-29,2007-01-30,NEE,sell,963.2686948577475,7.8508855991702315,7562.512324590194,7.562512324590195,rebalance,rebalance,144.01687072139154
2007-01-29,2007-01-30,PTC,sell,409.03476553025973,19.68000030517578,8049.804310463016,8.049804310463017,rebalance,rebalance,110.24354127789897
2007-01-29,2007-01-30,SHW,sell,445.03208697032863,16.788715798752115,7471.517229470382,7.471517229470382,rebalance,rebalance,53.11277069669809
2007-01-29,2007-01-30,SPGI,sell,161.3572270414079,44.71955846474069,7215.823948386678,7.215823948386678,rebalance,rebalance,-202.32481710592035
2007-01-29,2007-01-30,TPR,sell,0.9716706755791051,28.732166957148586,27.918204078104207,0.02791820407810421,rebalance,rebalance,1.2585218390486164
2007-01-29,2007-01-30,ADBE,buy,15.927514981991578,39.54999923706055,629.9332053860373,0.6299332053860374,rebalance,rebalance,0.0
2007-01-29,2007-01-30,ATI,buy,89.68338195359688,85.16963195800781,7638.300633737286,7.638300633737287,rebalance,rebalance,0.0
2007-01-29,2007-01-30,CI,buy,7.308695021159821,39.10782719891055,285.82718193705614,0.28582718193705614,rebalance,rebalance,0.0
2007-01-29,2007-01-30,CSCO,buy,30.02234438116284,16.85624031420642,506.06385168474566,0.5060638516847457,rebalance,rebalance,0.0
2007-01-29,2007-01-30,IFF,buy,6.343104633190563,32.09024802381387,203.55180092008808,0.2035518009200881,rebalance,rebalance,0.0
2007-01-29,2007-01-30,MAR,buy,211.77928323175743,36.0672702125374,7638.300633737286,7.638300633737287,rebalance,rebalance,0.0
2007-01-29,2007-01-30,NTAP,buy,281.1591721348067,27.1671757166612,7638.300633737286,7.638300633737287,rebalance,rebalance,0.0
2007-01-29,2007-01-30,TEX,buy,152.64356614451822,50.040108644379934,7638.300633737286,7.638300633737287,rebalance,rebalance,0.0
2007-01-29,2007-01-30,TWX,buy,232.01099127700004,32.92214990201843,7638.300633737286,7.638300633737287,rebalance,rebalance,0.0
2007-01-29,2007-01-30,UIS,buy,90.93215040163436,84.0,7638.300633737286,7.638300633737287,rebalance,rebalance,0.0
2007-02-27,2007-02-28,ADBE,sell,193.13023466710396,38.209999084472656,7379.506089814032,7.379506089814032,rebalance,rebalance,-367.8241696438262
2007-02-27,2007-02-28,ATI,sell,26.809393015821875,83.32064673184249,2233.7759645664196,2.2337759645664197,rebalance,rebalance,-54.087293709455736
2007-02-27,2007-02-28,CBRE,sell,48.1158549597958,33.099998474121094,1592.6347257502728,1.5926347257502729,rebalance,rebalance,-24.377534197812132
2007-02-27,2007-02-28,CI,sell,195.31385865257354,41.271368833048584,8060.87029865628,8.06087029865628,rebalance,rebalance,355.7634776944185
2007-02-27,2007-02-28,CSCO,sell,453.1437907479128,16.542062437009847,7495.932879495299,7.4959328794952995,rebalance,rebalance,-429.0659104648394
2007-02-27,2007-02-28,GS,sell,13.857343662540558,145.27496317459,2013.1250902732177,2.013125090273218,rebalance,rebalance,-20.037076815494558
2007-02-27,2007-02-28,GT,sell,115.1925312142784,22.52522628658422,2594.737832126037,2.5947378321260373,rebalance,rebalance,532.9693439430574
2007-02-27,2007-02-28,HAS,sell,155.21983894990734,15.562829889782087,2415.6599490967797,2.4156599490967796,rebalance,rebalance,172.8438177442231
2007-02-27,2007-02-28,IFF,sell,238.02560292051888,30.030481338500977,7148.023426590085,7.148023426590085,rebalance,rebalance,-473.81289110172463
2007-02-27,2007-02-28,MAR,sell,211.77928323175743,35.975572210820495,7618.880896659895,7.6188808966598955,rebalance,rebalance,-34.67691860778746
2007-02-27,2007-02-28,NTAP,sell,281.1591721348067,27.8405015880643,7827.612378317929,7.827612378317929,rebalance,rebalance,173.84583156858847
2007-02-27,2007-02-28,TEX,sell,59.90430532342377,56.48849661431127,3383.9041484448926,3.3839041484448926,rebalance,rebalance,379.9046796995649
2007-02-27,2007-02-28,TPR,sell,89.32757403730639,29.67811114821559,2651.073670879636,2.651073670879636,rebalance,rebalance,200.11275996817471
2007-02-27,2007-02-28,TWX,sell,232.01099127700004,30.78037452697754,7141.38520588138,7.14138520588138,rebalance,rebalance,-511.69511369552373
2007-02-27,2007-02-28,UIS,sell,30.786323619988302,87.0999984741211,2681.4887403247794,2.6814887403247796,rebalance,rebalance,90.17001632135846
2007-02-27,2007-02-28,AZO,buy,42.213549438508366,124.0999984741211,5238.7014209061235,5.238701420906124,rebalance,rebalance,0.0
2007-02-27,2007-02-28,DE,buy,140.12710285163294,37.38535454096185,5238.7014209061235,5.238701420906124,rebalance,rebalance,0.0
2007-02-27,2007-02-28,MAT,buy,321.323830678016,16.303494857048396,5238.7014209061235,5.238701420906124,rebalance,rebalance,0.0
2007-02-27,2007-02-28,RL,buy,81.69065175886423,64.12853010855888,5238.7014209061235,5.238701420906124,rebalance,rebalance,0.0
2007-02-27,2007-02-28,SHW,buy,305.6488270423805,17.13960911153681,5238.7014209061235,5.238701420906124,rebalance,rebalance,0.0
2007-02-27,2007-02-28,SVU,buy,24.4542666122206,214.22443387806086,5238.7014209061235,5.238701420906124,rebalance,rebalance,0.0
2007-02-27,2007-02-28,WAT,buy,97.01298927603932,54.0,5238.7014209061235,5.238701420906124,rebalance,rebalance,0.0
2007-03-27,2007-03-28,AZO,sell,42.213549438508366,128.44000244140625,5421.908392942438,5.421908392942438,rebalance,rebalance,172.54636222246637
2007-03-27,2007-03-28,GS,sell,36.06059369370003,150.93663284357848,5442.864590467462,5.442864590467463,rebalance,rebalance,151.8170588837413
2007-03-27,2007-03-28,GT,sell,23.596073500160145,28.03851358140505,661.598827302072,0.661598827302072,rebalance,rebalance,239.13544453362053
2007-03-27,2007-03-28,HAS,sell,336.6162489731793,16.139630032388336,5432.861721317435,5.432861721317435,rebalance,rebalance,568.8024882277193
2007-03-27,2007-03-28,SHW,sell,305.6488270423805,17.209849427748168,5260.170291167211,5.260170291167211,rebalance,rebalance,10.969998549014647
2007-03-27,2007-03-28,SVU,sell,24.4542666122206,226.1386046359486,5530.0537290830325,5.530053729083033,rebalance,rebalance,280.5835530269209
2007-03-27,2007-03-28,WAT,sell,97.01298927603932,58.0,5626.75337801028,5.626753378010281,rebalance,rebalance,377.1865023052414
2007-03-27,2007-03-28,ATI,buy,3.3472302410721753,88.48115797736375,296.1668077469165,0.2961668077469165,rebalance,rebalance,0.0
2007-03-27,2007-03-28,CBRE,buy,10.441987061079601,34.72999954223633,362.6502058513322,0.36265020585133223,rebalance,rebalance,0.0
2007-03-27,2007-03-28,DE,buy,16.399466091978894,37.43345423822591,613.8886634854294,0.6138886634854295,rebalance,rebalance,0.0
2007-03-27,2007-03-28,ETR,buy,245.78100280377402,23.839638087469126,5859.330155617207,5.859330155617207,rebalance,rebalance,0.0
2007-03-27,2007-03-28,MAT,buy,8.521268862467025,17.763884210437002,151.37083339886647,0.15137083339886648,rebalance,rebalance,0.0
2007-03-27,2007-03-28,NEE,buy,674.582060604565,8.685867143229448,5859.330155617207,5.859330155617207,rebalance,rebalance,0.0
2007-03-27,2007-03-28,NUE,buy,152.64320409977338,38.385791166879116,5859.330155617207,5.859330155617207,rebalance,rebalance,0.0
2007-03-27,2007-03-28,PCAR,buy,342.4941169388116,17.107827159156745,5859.330155617207,5.859330155617207,rebalance,rebalance,0.0
2007-03-27,2007-03-28,RL,buy,6.030801700641376,66.7947226652146,402.82572704324537,0.4028257270432454,rebalance,rebalance,0.0
2007-03-27,2007-03-28,TEX,buy,2.2346202403076205,61.694121479873615,137.86293256692272,0.13786293256692272,rebalance,rebalance,0.0
2007-03-27,2007-03-28,TPR,buy,4.685425741849741,32.335764469607135,151.50682322828752,0.1515068232282875,rebalance,rebalance,0.0
2007-03-27,2007-03-28,UIS,buy,9.277515039273304,84.4000015258789,783.0222834710313,0.7830222834710313,rebalance,rebalance,0.0
2007-03-27,2007-03-28,VMC,buy,62.7807799725393,93.32999937528834,5859.330155617207,5.859330155617207,rebalance,rebalance,0.0
2007-03-27,2007-03-28,WY,buy,405.9764817437607,14.432683712243774,5859.330155617207,5.859330155617207,rebalance,rebalance,0.0
2007-04-25,2007-04-26,ETR,sell,245.78100280377402,26.974725154077216,6629.874998725286,6.629874998725286,rebalance,rebalance,758.0556379537369
2007-04-25,2007-04-26,NUE,sell,152.64320409977338,39.20874962187572,5984.949171028888,5.984949171028887,rebalance,rebalance,113.77473608503516
2007-04-25,2007-04-26,PCAR,sell,342.4941169388116,20.16795811538406,6907.407005187402,6.907407005187403,rebalance,rebalance,1035.3101124093914
2007-04-25,2007-04-26,UIS,sell,69.42334182091936,87.9000015258789,6102.311851990425,6.102311851990425,rebalance,rebalance,255.10253527600574
2007-04-25,2007-04-26,WY,sell,405.9764817437607,14.747684079683745,5987.212896538478,5.9872128965384785,rebalance,rebalance,116.03619786911656
2007-04-25,2007-04-26,ATI,buy,21.1295636876019,94.29375975346422,1992.3860020542552,1.9923860020542552,rebalance,rebalance,0.0
2007-04-25,2007-04-26,CBRE,buy,62.59022046445352,35.61000061035156,2228.8377889412286,2.2288377889412287,rebalance,rebalance,0.0
2007-04-25,2007-04-26,DE,buy,51.489932396815675,39.59605935495656,2038.798419367014,2.038798419367014,rebalance,rebalance,0.0
2007-04-25,2007-04-26,GT,buy,75.74268082099374,28.929192275573644,2191.174576937932,2.1911745769379323,rebalance,rebalance,0.0
2007-04-25,2007-04-26,KR,buy,789.2797356631712,10.43563309903726,8236.633733885968,8.236633733885968,rebalance,rebalance,0.0
2007-04-25,2007-04-26,MAT,buy,140.49447725267663,17.512100066178732,2460.3533443943447,2.4603533443943446,rebalance,rebalance,0.0
2007-04-25,2007-04-26,NEE,buy,228.59027416682886,9.119670097037218,2084.6678877927684,2.0846678877927682,rebalance,rebalance,0.0
2007-04-25,2007-04-26,NOV,buy,288.95001928428456,28.505392573732017,8236.633733885968,8.236633733885968,rebalance,rebalance,0.0
2007-04-25,2007-04-26,PEG,buy,374.8536936200507,21.972929369703817,8236.633733885968,8.236633733885968,rebalance,rebalance,0.0
2007-04-25,2007-04-26,RL,buy,26.217293584964864,72.29001500842551,1895.2485467374079,1.8952485467374078,rebalance,rebalance,0.0
2007-04-25,2007-04-26,TAP,buy,289.3352256892766,28.46744192403129,8236.633733885968,8.236633733885968,rebalance,rebalance,0.0
2007-04-25,2007-04-26,TEX,buy,23.201980352807425,69.69810615567549,1617.1340896518689,1.617134089651869,rebalance,rebalance,0.0
2007-04-25,2007-04-26,TPR,buy,69.47837570589954,32.85701302349351,2282.851895419916,2.2828518954199164,rebalance,rebalance,0.0
2007-04-25,2007-04-26,TSN,buy,553.0394542224757,14.893392634104096,8236.633733885968,8.236633733885968,rebalance,rebalance,0.0
2007-04-25,2007-04-26,VMC,buy,23.618343359105843,95.33237625883596,2251.592795720658,2.2515927957206583,rebalance,rebalance,0.0
2007-05-23,2007-05-24,CBRE,sell,231.30113992448628,37.20000076293945,8604.402581659655,8.604402581659656,rebalance,rebalance,688.0702185926581
2007-05-23,2007-05-24,DE,sell,208.0165013404275,40.452088275297996,8414.701874941618,8.414701874941619,rebalance,rebalance,507.0072808043515
2007-05-23,2007-05-24,GT,sell,13.680031276832324,30.897598742011336,422.6801171697301,0.42268011716973014,rebalance,rebalance,137.3830540094405
2007-05-23,2007-05-24,MAT,sell,470.33957679315967,18.07232679821357,8500.130537939449,8.50013053793945,rebalance,rebalance,633.3543831034768
2007-05-23,2007-05-24,NEE,sell,903.1723347713938,9.235160031618955,8340.94104774475,8.340941047744751,rebalance,rebalance,380.6580652436221
2007-05-23,2007-05-24,NOV,sell,29.200319101399657,32.240239183115,941.4252720524066,0.9414252720524067,rebalance,rebalance,107.28492095744778
2007-05-23,2007-05-24,RL,sell,113.93874704447047,71.17269770195445,8109.327999935553,8.109327999935553,rebalance,rebalance,556.9062015541541
2007-05-23,2007-05-24,TPR,sell,250.68114767451894,31.76304546441585,7962.396690657689,7.962396690657689,rebalance,rebalance,679.6148863417014
2007-05-23,2007-05-24,TSN,sell,12.717030325234532,15.498880096879462,197.09972819919005,0.19709972819919006,rebalance,rebalance,7.313502971690962
2007-05-23,2007-05-24,ATI,buy,1.5159765384931063,94.23537572106956,142.85861868922433,0.14285861868922434,rebalance,rebalance,0.0
2007-05-23,2007-05-24,CMI,buy,292.3870357473567,28.64146298495496,8374.39246163862,8.37439246163862,rebalance,rebalance,0.0
2007-05-23,2007-05-24,ESRX,buy,337.8814812667033,24.78499984741211,8374.39246163862,8.37439246163862,rebalance,rebalance,0.0
2007-05-23,2007-05-24,KR,buy,17.611129037238015,10.378593720661282,182.77875323963403,0.18277875323963402,rebalance,rebalance,0.0
2007-05-23,2007-05-24,PCAR,buy,407.04122202697965,20.573819083816392,8374.39246163862,8.37439246163862,rebalance,rebalance,0.0
2007-05-23,2007-05-24,PEG,buy,9.740010154892445,21.774647841190745,212.08529109240473,0.21208529109240473,rebalance,rebalance,0.0
2007-05-23,2007-05-24,PPL,buy,474.07577567373164,17.66467069475839,8374.39246163862,8.37439246163862,rebalance,rebalance,0.0
2007-05-23,2007-05-24,SVU,buy,30.983653617557657,270.28421389571247,8374.39246163862,8.37439246163862,rebalance,rebalance,0.0
2007-05-23,2007-05-24,TAP,buy,8.263778612473345,28.139853764925302,232.54152170071725,0.23254152170071726,rebalance,rebalance,0.0
2007-05-23,2007-05-24,TEX,buy,1.9315233376868406,69.7242095391341,134.67393792660494,0.13467393792660493,rebalance,rebalance,0.0
2007-05-23,2007-05-24,VLO,buy,219.23188780975093,38.19878825705275,8374.39246163862,8.37439246163862,rebalance,rebalance,0.0
2007-05-23,2007-05-24,VMC,buy,2.5374475857593097,94.1614048670252,238.929629451538,0.238929629451538,rebalance,rebalance,0.0
2007-06-21,2007-06-22,ATI,sell,17.747398683421068,90.24635661855913,1601.6380706357645,1.6016380706357645,rebalance,rebalance,43.48222656860062
2007-06-21,2007-06-22,CMI,sell,101.28732426123392,33.58593867173065,3401.8298608614987,3.4018298608614987,rebalance,rebalance,494.5098651787026
2007-06-21,2007-06-22,ESRX,sell,81.81672749032151,25.065000534057617,2050.7363182397553,2.0507363182397556,rebalance,rebalance,18.830175979775557
2007-06-21,2007-06-22,GT,sell,62.468353067824324,30.772905195145142,1922.332706653012,1.9223327066530123,rebalance,rebalance,619.5629431328161
2007-06-21,2007-06-22,KR,sell,806.8908647004092,10.504951182964579,8476.349143657875,8.476349143657876,rebalance,rebalance,40.04089490149019
2007-06-21,2007-06-22,NOV,sell,87.32455201027159,37.22347498714674,3250.523277518139,3.250523277518139,rebalance,rebalance,755.562897226172
2007-06-21,2007-06-22,PCAR,sell,104.84821564103606,21.238953432169453,2226.8663694460256,2.2268663694460256,rebalance,rebalance,65.35415499707617
2007-06-21,2007-06-22,PEG,sell,84.83935535835462,21.41174339609064,1816.5585068228365,1.8165585068228365,rebalance,rebalance,-50.8649311418523
2007-06-21,2007-06-22,PPL,sell,474.07577567373164,18.417493494785525,8731.287514506354,8.731287514506354,rebalance,rebalance,339.7893728915911
2007-06-21,2007-06-22,SVU,sell,6.906387485802664,266.5694333831959,1841.0317988152115,1.8410317988152114,rebalance,rebalance,-29.363432955422375
2007-06-21,2007-06-22,TAP,sell,297.59900430174997,28.33037006654047,8431.089923302547,8.431089923302547,rebalance,rebalance,-54.98559746302908
2007-06-21,2007-06-22,TEX,sell,120.10738475189633,72.99180575721677,8766.854897817717,8.766854897817717,rebalance,rebalance,2221.2040420402172
2007-06-21,2007-06-22,TSN,sell,540.3224238972412,16.62113991214654,8980.774605266195,8.980774605266195,rebalance,rebalance,916.5125885403761
2007-06-21,2007-06-22,VLO,sell,54.941053757923925,39.066471524112195,2146.3531121386522,2.146353112138652,rebalance,rebalance,43.42639822910748
2007-06-21,2007-06-22,VMC,sell,88.93657091740445,95.58701367850816,8501.18122080155,8.50118122080155,rebalance,rebalance,134.47760621055517
2007-06-21,2007-06-22,CNX,buy,174.30056818060527,36.82296195103576,6418.263190158342,6.418263190158342,rebalance,rebalance,0.0
2007-06-21,2007-06-22,EIX,buy,237.96495205089076,26.97146422127635,6418.263190158342,6.418263190158342,rebalance,rebalance,0.0
2007-06-21,2007-06-22,GILD,buy,473.3862430593902,13.55819541497136,6418.263190158342,6.418263190158342,rebalance,rebalance,0.0
2007-06-21,2007-06-22,HON,buy,186.76805272384135,34.36488787324084,6418.263190158341,6.418263190158341,rebalance,rebalance,0.0
2007-06-21,2007-06-22,UNM,buy,405.442068818496,15.830284234839976,6418.263190158342,6.418263190158342,rebalance,rebalance,0.0
2007-06-21,2007-06-22,WHR,buy,104.12241530497629,61.64151274592644,6418.263190158342,6.418263190158342,rebalance,rebalance,0.0
2007-07-20,2007-07-23,ATI,sell,71.11936072152112,95.63991703609695,6801.849759066532,6.801849759066532,rebalance,rebalance,557.4498233253944
2007-07-20,2007-07-23,EIX,sell,237.96495205089076,29.095358834091087,6923.675669857947,6.923675669857947,rebalance,rebalance,492.0705408395888
2007-07-20,2007-07-23,GILD,sell,473.3862430593902,13.44839377509542,6366.284604375711,6.366284604375711,rebalance,rebalance,-64.76313357716435
2007-07-20,2007-07-23,HON,sell,186.76805272384135,37.55792382419176,7014.620296994664,7.014620296994664,rebalance,rebalance,582.9242233491702
2007-07-20,2007-07-23,PCAR,sell,302.1930063859436,22.5430726266131,6812.358890212882,6.812358890212883,rebalance,rebalance,582.0650253019161
2007-07-20,2007-07-23,PEG,sell,299.7543484165885,22.49859690800157,6744.052256445484,6.744052256445484,rebalance,rebalance,145.74733964355318
2007-07-20,2007-07-23,SVU,sell,24.077266131754993,276.67765503349665,6661.6415329514,6.661641532951401,rebalance,rebalance,140.76723729000963
2007-07-20,2007-07-23,UNM,sell,405.442068818496,15.647629517249447,6344.2072835789795,6.34420728357898,rebalance,rebalance,-86.81837705309846
2007-07-20,2007-07-23,WHR,sell,104.12241530497629,58.29544210937805,6069.862233699864,6.069862233699864,rebalance,rebalance,-360.8890818823356
2007-07-20,2007-07-23,CAT,buy,146.04113347652628,51.077128903530024,7459.361799798166,7.459361799798167,rebalance,rebalance,0.0
2007-07-20,2007-07-23,CMI,buy,4.780626675748351,38.081217695437694,182.05208515978958,0.1820520851597896,rebalance,rebalance,0.0
2007-07-20,2007-07-23,CNX,buy,39.29026169610913,34.92360511967553,1372.157584523628,1.372157584523628,rebalance,rebalance,0.0
2007-07-20,2007-07-23,ESRX,buy,23.10298542599253,26.719999313354492,617.3117547189592,0.6173117547189592,rebalance,rebalance,0.0
2007-07-20,2007-07-23,FCX,buy,218.24668605732242,34.17857991135301,7459.361799798167,7.459361799798168,rebalance,rebalance,0.0
2007-07-20,2007-07-23,FLR,buy,147.6032540308193,50.536567427169764,7459.361799798166,7.459361799798167,rebalance,rebalance,0.0
2007-07-20,2007-07-23,GT,buy,31.194619828750177,31.111362091572992,970.5071128012095,0.9705071128012095,rebalance,rebalance,0.0
2007-07-20,2007-07-23,NOV,buy,8.060712253974174,41.329341712240435,333.1439311885424,0.3331439311885424,rebalance,rebalance,0.0
2007-07-20,2007-07-23,PPL,buy,379.4437971217063,19.658673712369534,7459.361799798167,7.459361799798168,rebalance,rebalance,0.0
2007-07-20,2007-07-23,RIG,buy,67.06061592005726,111.23312390525086,7459.361799798167,7.459361799798168,rebalance,rebalance,0.0
2007-07-20,2007-07-23,SLB,buy,116.1598822460068,64.21633403519222,7459.361799798167,7.459361799798168,rebalance,rebalance,0.0
2007-07-20,2007-07-23,TEX,buy,92.4427918527736,80.6916542684919,7459.361799798167,7.459361799798168,rebalance,rebalance,0.0
2007-07-20,2007-07-23,TSN,buy,450.2988706434119,16.56535755717046,7459.361799798167,7.459361799798168,rebalance,rebalance,0.0
2007-07-20,2007-07-23,TT,buy,296.8444087383341,25.1288607102367,7459.361799798167,7.459361799798168,rebalance,rebalance,0.0
2007-07-20,2007-07-23,VLO,buy,35.27987039573145,37.37703797983174,1318.6570557047958,1.3186570557047959,rebalance,rebalance,0.0
2007-08-17,2007-08-20,CAT,sell,146.04113347652628,45.19339499418658,6600.0946306033775,6.600094630603378,rebalance,rebalance,-873.3266256251896
2007-08-17,2007-08-20,CMI,sell,99.72267624367883,34.85506729059671,3475.8405908718155,3.4758405908718157,rebalance,rebalance,590.3075969397751
2007-08-17,2007-08-20,CNX,sell,101.58337331664477,29.92284513547174,3039.6635480927735,3.0396635480927734,rebalance,rebalance,-672.1898296365647
2007-08-17,2007-08-20,ESRX,sell,144.7280386152383,24.93000030517578,3608.070046845383,3.608070046845383,rebalance,rebalance,-9.40858741805813
2007-08-17,2007-08-20,FCX,sell,95.95601543554575,27.406684088199082,2629.8362014043573,2.6298362014043573,rebalance,rebalance,-655.713616677409
2007-08-17,2007-08-20,FLR,sell,77.80397701601028,48.017428260094306,3735.9468847163,3.7359468847163,rebalance,rebalance,-203.6669386705578
2007-08-17,2007-08-20,GT,sell,104.45366890228627,24.769726882647312,2587.288850600102,2.587288850600102,rebalance,rebalance,269.32051203052663
2007-08-17,2007-08-20,NOV,sell,91.57292438840193,37.69509731661131,3451.8502963875,3.4518502963874997,rebalance,rebalance,782.9667050932605
2007-08-17,2007-08-20,PPL,sell,204.61104377907998,19.170216750501094,3922.4380587912315,3.9224380587912315,rebalance,rebalance,-107.8885086154509
2007-08-17,2007-08-20,RIG,sell,31.02182202026429,92.99927700089583,2885.0070191350483,2.8850070191350485,rebalance,rebalance,-571.9828146033301
2007-08-17,2007-08-20,SLB,sell,57.971356650718015,57.5986716002373,3339.0731339449394,3.3390731339449395,rebalance,rebalance,-390.6966503479305
2007-08-17,2007-08-20,TEX,sell,40.45321030371339,64.46641186181324,2607.8733165717344,2.6078733165717347,rebalance,rebalance,-662.2352530825497
2007-08-17,2007-08-20,TSN,sell,450.2988706434119,13.902079059214739,6260.090499959822,6.260090499959823,rebalance,rebalance,-1212.990752138102
2007-08-17,2007-08-20,TT,sell,296.8444087383341,22.267347290743718,6609.937540691964,6.6099375406919645,rebalance,rebalance,-863.493558446692
2007-08-17,2007-08-20,VLO,sell,96.52390661458321,32.52485130200258,3139.4257097277023,3.1394257097277025,rebalance,rebalance,-540.4612230714943
2007-08-17,2007-08-20,COP,buy,106.86448637401199,31.362914756684795,3351.5817766650416,3.3515817766650415,rebalance,rebalance,0.0
2007-08-17,2007-08-20,CVX,buy,83.81223616854479,39.989170196164146,3351.5817766650416,3.3515817766650415,rebalance,rebalance,0.0
2007-08-17,2007-08-20,PCAR,buy,181.77319657219164,18.438261745229052,3351.5817766650416,3.3515817766650415,rebalance,rebalance,0.0
2007-09-17,2007-09-18,CNX,sell,112.00745656006963,34.58773717732888,3874.08446940077,3.87408446940077,rebalance,rebalance,-219.1870963440361
2007-09-17,2007-09-18,ESRX,sell,134.43970058713603,26.360000610351562,3543.830589532387,3.543830589532387,rebalance,rebalance,183.31680852725515
2007-09-17,2007-09-18,GT,sell,135.30959758030383,22.43615950812157,3035.827714291437,3.0358277142914374,rebalance,rebalance,33.44029486222181
2007-09-17,2007-09-18,PCAR,sell,181.77319657219164,20.270648745344104,3684.6606190332836,3.684660619033284,rebalance,rebalance,326.0425999725437
2007-09-17,2007-09-18,TEX,sell,51.989581549060205,66.18711786424511,3441.0405617004308,3.4410405617004307,rebalance,rebalance,-761.7209441215211
2007-09-17,2007-09-18,VLO,sell,103.04679783297524,35.13810447056044,3620.8691476118056,3.620869147611806,rebalance,rebalance,-307.966420509687
2007-09-17,2007-09-18,BIIB,buy,83.2257774423455,64.87999725341797,5399.688211872952,5.399688211872952,rebalance,rebalance,0.0
2007-09-17,2007-09-18,CIEN,buy,144.1454443097183,37.459999084472656,5399.688211872952,5.399688211872952,rebalance,rebalance,0.0
2007-09-17,2007-09-18,CMI,buy,39.23263561532208,39.88238677543579,1564.6911478300126,1.5646911478300127,rebalance,rebalance,0.0
2007-09-17,2007-09-18,COP,buy,53.608656294499895,33.648547801092455,1803.8534338778156,1.8038534338778156,rebalance,rebalance,0.0
2007-09-17,2007-09-18,CVX,buy,40.55641475889023,43.41679492063873,1760.8295423031027,1.7608295423031028,rebalance,rebalance,0.0
2007-09-17,2007-09-18,FCX,buy,36.24108235909178,34.06061000615179,1234.3933724338526,1.2343933724338527,rebalance,rebalance,0.0
2007-09-17,2007-09-18,FLR,buy,25.48101099056379,56.67161933398507,1444.0501551023208,1.4440501551023208,rebalance,rebalance,0.0
2007-09-17,2007-09-18,FNMA,buy,92.8992840855175,58.12411005129301,5399.688211872952,5.399688211872952,rebalance,rebalance,0.0
2007-09-17,2007-09-18,INTC,buy,356.58181028517146,15.142915471640643,5399.688211872952,5.399688211872952,rebalance,rebalance,0.0
2007-09-17,2007-09-18,JEF,buy,190.20346621206033,28.389010565416136,5399.688211872952,5.399688211872952,rebalance,rebalance,0.0
2007-09-17,2007-09-18,NOV,buy,28.17021278219879,46.11840616070669,1299.165314722975,1.299165314722975,rebalance,rebalance,0.0
2007-09-17,2007-09-18,PPL,buy,100.08150907780754,19.64135350538875,1965.736299149991,1.9657362991499912,rebalance,rebalance,0.0
2007-09-17,2007-09-18,RIG,buy,18.729369987544054,98.59173338329526,1846.5610522490356,1.8465610522490357,rebalance,rebalance,0.0
2007-09-17,2007-09-18,SLB,buy,24.155584693587635,65.57467428975764,1583.9945985606641,1.5839945985606643,rebalance,rebalance,0.0
2007-09-17,2007-09-18,STZ,buy,275.03172668052594,19.63296481116586,5399.688211872952,5.399688211872952,rebalance,rebalance,0.0
2007-10-15,2007-10-16,BIIB,sell,0.5368654319585033,81.05000305175781,43.51294489861997,0.04351294489861997,rebalance,rebalance,8.602772375047683
2007-10-15,2007-10-16,CVX,sell,124.36865092743501,43.988075619065796,5470.737621637209,5.470737621637209,rebalance,rebalance,347.74315372845945
2007-10-15,2007-10-16,FNMA,sell,92.8992840855175,62.48991661509499,5805.268516106009,5.805268516106009,rebalance,rebalance,394.37534750507876
2007-10-15,2007-10-16,PPL,sell,274.9142624204339,19.59300156210336,5386.395573048054,5.386395573048054,rebalance,rebalance,-27.109890224207646
2007-10-15,2007-10-16,STZ,sell,275.03172668052594,21.32633214461608,5865.417953496165,5.8654179534961655,rebalance,rebalance,454.4646354578445
2007-10-15,2007-10-16,CIEN,buy,5.953913848287414,44.650001525878906,265.8422624109846,0.2658422624109846,rebalance,rebalance,0.0
2007-10-15,2007-10-16,CMI,buy,11.704129298303116,45.562137975840194,533.2651539763602,0.5332651539763602,rebalance,rebalance,0.0
2007-10-15,2007-10-16,COP,buy,35.1199908114929,34.264682259275375,1203.3753261044749,1.2033753261044748,rebalance,rebalance,0.0
2007-10-15,2007-10-16,DE,buy,124.95518190137823,53.63472301675293,6701.9365707884,6.7019365707884,rebalance,rebalance,0.0
2007-10-15,2007-10-16,EXPE,buy,150.16822808858822,44.629524208241634,6701.936570788399,6.7019365707883995,rebalance,rebalance,0.0
2007-10-15,2007-10-16,FCX,buy,12.289094217601189,39.23371579466351,482.1468299072078,0.4821468299072078,rebalance,rebalance,0.0
2007-10-15,2007-10-16,FLR,buy,2.8765785622190805,68.27781697955255,196.4065045984988,0.19640650459849882,rebalance,rebalance,0.0
2007-10-15,2007-10-16,INTC,buy,72.74743313919146,15.610249414489543,1135.6055755666805,1.1356055755666805,rebalance,rebalance,0.0
2007-10-15,2007-10-16,JEF,buy,24.143171066738432,31.266814613337043,754.8800539217933,0.7548800539217934,rebalance,rebalance,0.0
2007-10-15,2007-10-16,NOV,buy,4.663993389705055,55.047999066979315,256.7435037648816,0.25674350376488164,rebalance,rebalance,0.0
2007-10-15,2007-10-16,OXY,buy,167.34672676105222,40.04820829485258,6701.9365707884,6.7019365707884,rebalance,rebalance,0.0
2007-10-15,2007-10-16,PH,buy,123.14038557840094,54.42517123288862,6701.9365707884,6.7019365707884,rebalance,rebalance,0.0
2007-10-15,2007-10-16,RIG,buy,7.880962934530572,106.9757379036462,843.071825312693,0.8430718253126931,rebalance,rebalance,0.0
2007-10-15,2007-10-16,SLB,buy,9.766972873621256,72.75928520963308,710.6379649465586,0.7106379649465586,rebalance,rebalance,0.0
2007-11-12,2007-11-13,BIIB,sell,82.688912010387,69.8499984741211,5775.820377752265,5.775820377752265,market_trend_exit,risk_exit,399.8233168683628
2007-11-12,2007-11-13,CIEN,sell,150.0993581580057,44.11000061035156,6620.88277996301,6.62088277996301,market_trend_exit,risk_exit,943.0658924248273
2007-11-12,2007-11-13,CMI,sell,147.09442683181751,37.69984923564878,5545.43771496369,5.545437714963691,market_trend_exit,risk_exit,660.8123469584444
2007-11-12,2007-11-13,COP,sell,195.59313348000478,31.742944012976363,6208.701885378405,6.208701885378405,market_trend_exit,risk_exit,-162.67616369095282
2007-11-12,2007-11-13,DE,sell,124.95518190137823,50.44070878369445,6302.827941300986,6.302827941300986,market_trend_exit,risk_exit,-412.1133939995026
2007-11-12,2007-11-13,EXPE,sell,150.16822808858822,35.885511498377554,5388.863675764016,5.388863675764016,market_trend_exit,risk_exit,-1325.1636952709357
2007-11-12,2007-11-13,FCX,sell,170.82084719846964,35.233469325157756,6018.6110798647405,6.0186110798647405,market_trend_exit,risk_exit,110.4345465238711
2007-11-12,2007-11-13,FLR,sell,98.15686656759189,54.02338889098756,5302.766574901792,5.302766574901793,market_trend_exit,risk_exit,124.42340687054573
2007-11-12,2007-11-13,INTC,sell,429.3292434243629,15.597116789249743,6696.2983507300205,6.696298350730021,market_trend_exit,risk_exit,147.77297115221995
2007-11-12,2007-11-13,JEF,sell,214.34663727879877,26.919216769313127,5770.043592681318,5.770043592681318,market_trend_exit,risk_exit,-396.4492849719027
2007-11-12,2007-11-13,NOV,sell,121.74714221008941,44.28393161087064,5391.442119450541,5.3914421194505415,market_trend_exit,risk_exit,1240.5790311203687
2007-11-12,2007-11-13,OXY,sell,167.34672676105222,39.35871488261276,6586.552105126757,6.586552105126757,market_trend_exit,risk_exit,-128.67295433755714
2007-11-12,2007-11-13,PH,sell,123.14038557840094,58.86041058199504,7248.09365436986,7.24809365436986,market_trend_exit,risk_exit,532.2070533563024
2007-11-12,2007-11-13,RIG,sell,62.6491268218676,111.52257116427684,6986.791704371534,6.986791704371535,market_trend_exit,risk_exit,274.7660673491507
2007-11-12,2007-11-13,SLB,sell,92.11108316249768,59.492930129022724,5479.958234695076,5.479958234695076,market_trend_exit,risk_exit,-562.8393700493882
2007-12-11,2007-12-12,AAPL,buy,693.0802232918132,5.785715275793624,4009.9648352499,4.0099648352498996,rebalance,rebalance,0.0
2007-12-11,2007-12-12,BIIB,buy,51.741481745159994,77.5,4009.9648352498994,4.0099648352498996,rebalance,rebalance,0.0
2007-12-11,2007-12-12,CIEN,buy,93.95418946994744,42.68000030517578,4009.9648352499,4.0099648352498996,rebalance,rebalance,0.0
2007-12-11,2007-12-12,CMI,buy,99.50288800310852,40.299984409745235,4009.9648352499,4.0099648352498996,rebalance,rebalance,0.0
2007-12-11,2007-12-12,DE,buy,65.21820623243372,61.485359179592116,4009.9648352499003,4.0099648352499,rebalance,rebalance,0.0
2007-12-11,2007-12-12,ESRX,buy,111.74488011174505,35.8849983215332,4009.9648352499,4.0099648352498996,rebalance,rebalance,0.0
2007-12-11,2007-12-12,FCX,buy,108.75414765085793,36.87183359777144,4009.9648352498994,4.0099648352498996,rebalance,rebalance,0.0
2007-12-11,2007-12-12,FLR,buy,63.398554732992515,63.25009855726443,4009.9648352499,4.0099648352498996,rebalance,rebalance,0.0
2007-12-11,2007-12-12,GOOGL,buy,226.413275298367,17.710820312835345,4009.9648352498994,4.0099648352498996,rebalance,rebalance,0.0
2007-12-11,2007-12-12,JEF,buy,132.4350705648098,30.278723136916685,4009.9648352499003,4.0099648352499,rebalance,rebalance,0.0
2007-12-11,2007-12-12,MUR,buy,112.00599310766145,35.8013417317364,4009.9648352499,4.0099648352498996,rebalance,rebalance,0.0
2007-12-11,2007-12-12,NEM,buy,116.39067935361757,34.45262848811841,4009.9648352499,4.0099648352498996,rebalance,rebalance,0.0
2007-12-11,2007-12-12,NOV,buy,77.9204629991831,51.46228193346258,4009.9648352499,4.0099648352498996,rebalance,rebalance,0.0
2007-12-11,2007-12-12,PH,buy,68.06759782927288,58.91150801748126,4009.9648352498994,4.0099648352498996,rebalance,rebalance,0.0
2007-12-11,2007-12-12,TXT,buy,60.40096941889389,66.38908073544184,4009.9648352499,4.0099648352498996,rebalance,rebalance,0.0
2008-01-10,2008-01-11,AAPL,sell,693.0802232918132,5.264094641667048,3648.4398896758357,3.648439889675836,market_trend_exit,risk_exit,-369.1833502989894
2008-01-10,2008-01-11,BIIB,sell,51.741481745159994,59.33000183105469,3069.8222066818253,3.0698222066818253,market_trend_exit,risk_exit,-947.2224156100054
2008-01-10,2008-01-11,CIEN,sell,93.95418946994744,29.31999969482422,2754.7368065863157,2.754736806586316,market_trend_exit,risk_exit,-1261.9927303054196
2008-01-10,2008-01-11,CMI,sell,99.50288800310852,33.548990293359275,3338.221423777503,3.3382214237775027,market_trend_exit,risk_exit,-679.091597731424
2008-01-10,2008-01-11,DE,sell,65.21820623243372,62.715708992825284,4090.2060431073774,4.0902060431073775,market_trend_exit,risk_exit,72.14103697912027
2008-01-10,2008-01-11,ESRX,sell,111.74488011174505,36.654998779296875,4096.00844408869,4.096008444088691,market_trend_exit,risk_exit,77.93763555945232
2008-01-10,2008-01-11,FCX,sell,108.75414765085793,33.44735353821452,3637.5384252254275,3.6375384252254275,market_trend_exit,risk_exit,-380.0739132849467
2008-01-10,2008-01-11,FLR,sell,63.398554732992515,60.18906308707459,3815.8996104534376,3.8158996104534375,market_trend_exit,risk_exit,-201.89108924216498
2008-01-10,2008-01-11,GOOGL,sell,226.413275298367,15.942219407585744,3609.5301115966804,3.6095301115966807,market_trend_exit,risk_exit,-408.05421860006476
2008-01-10,2008-01-11,JEF,sell,132.4350705648098,28.230089757212376,3738.653929047335,3.7386539290473353,market_trend_exit,risk_exit,-279.0595249668618
2008-01-10,2008-01-11,MUR,sell,112.00599310766145,37.30966981997626,4178.906620705385,4.178906620705384,market_trend_exit,risk_exit,160.7529139995306
2008-01-10,2008-01-11,NEM,sell,116.39067935361757,36.96768126308771,4302.693536338778,4.302693536338778,market_trend_exit,risk_exit,284.4160427172907
2008-01-10,2008-01-11,NOV,sell,77.9204629991831,49.67981582483927,3871.0742507856194,3.8710742507856195,market_trend_exit,risk_exit,-146.77162355031538
2008-01-10,2008-01-11,PH,sell,68.06759782927288,47.59189164943806,3239.4657407282803,3.2394657407282805,market_trend_exit,risk_exit,-777.7485250975967
2008-01-10,2008-01-11,TXT,sell,60.40096941889389,56.95547493437925,3440.165899750018,3.440165899750018,market_trend_exit,risk_exit,-577.249066234881
2008-05-06,2008-05-07,ADM,buy,175.7043589714108,27.695271297524602,4866.179889870873,4.866179889870873,rebalance,rebalance,0.0
2008-05-06,2008-05-07,APA,buy,49.07357895413543,99.16089255317704,4866.179889870873,4.866179889870873,rebalance,rebalance,0.0
2008-05-06,2008-05-07,CHRW,buy,108.95992397355126,44.660272441563755,4866.179889870873,4.866179889870873,rebalance,rebalance,0.0
2008-05-06,2008-05-07,CNX,buy,69.0361232677128,70.48744424712962,4866.179889870873,4.866179889870873,rebalance,rebalance,0.0
2008-05-06,2008-05-07,CSX,buy,931.2908130417724,5.225199069640778,4866.179889870873,4.866179889870873,rebalance,rebalance,0.0
2008-05-06,2008-05-07,DHI,buy,360.7540319080523,13.488913385481295,4866.179889870873,4.866179889870873,rebalance,rebalance,0.0
2008-05-06,2008-05-07,DVN,buy,63.58446167303992,76.53095995203108,4866.179889870873,4.866179889870873,rebalance,rebalance,0.0
2008-05-06,2008-05-07,EOG,buy,102.15537409753259,47.63508462339828,4866.179889870873,4.866179889870873,rebalance,rebalance,0.0
2008-05-06,2008-05-07,NBR,buy,2.880719807478917,1689.2236021140652,4866.179889870873,4.866179889870873,rebalance,rebalance,0.0
2008-05-06,2008-05-07,NUE,buy,100.74835345029346,48.30034162564965,4866.179889870873,4.866179889870873,rebalance,rebalance,0.0
2008-05-06,2008-05-07,PSA,buy,101.85476665309214,47.77567167224121,4866.179889870873,4.866179889870873,rebalance,rebalance,0.0
2008-05-06,2008-05-07,R,buy,110.81531724089056,43.91252049834195,4866.179889870873,4.866179889870873,rebalance,rebalance,0.0
2008-05-06,2008-05-07,RRC,buy,74.55862654131077,65.26649048684747,4866.179889870873,4.866179889870873,rebalance,rebalance,0.0
2008-05-06,2008-05-07,THC,buy,202.75749541128638,24.0,4866.179889870873,4.866179889870873,rebalance,rebalance,0.0
2008-05-06,2008-05-07,WMT,buy,376.7736570143181,12.915393099486119,4866.179889870873,4.866179889870873,rebalance,rebalance,0.0
2008-06-04,2008-06-05,ADM,sell,175.7043589714108,23.56776547769556,4140.959125647044,4.140959125647044,market_trend_exit,risk_exit,-734.2279032393468
2008-06-04,2008-06-05,APA,sell,49.07357895413543,93.20637622423628,4573.97046266891,4.57397046266891,market_trend_exit,risk_exit,-301.64957755450234
2008-06-04,2008-06-05,CHRW,sell,108.95992397355126,42.162583454836216,4594.0318877674645,4.594031887767464,market_trend_exit,risk_exit,-281.608213881047
2008-06-04,2008-06-05,CNX,sell,69.0361232677128,77.93921495322806,5380.621250899817,5.380621250899817,market_trend_exit,risk_exit,504.1945598881733
2008-06-04,2008-06-05,CSX,sell,931.2908130417724,5.188567550865153,4832.065292967366,4.832065292967366,market_trend_exit,risk_exit,-43.81284208634438
2008-06-04,2008-06-05,DHI,sell,360.7540319080523,10.279824067596275,3708.4879796907903,3.7084879796907906,market_trend_exit,risk_exit,-1166.2665780496434
2008-06-04,2008-06-05,DVN,sell,63.58446167303992,70.34004094780076,4472.533637725496,4.472533637725497,market_trend_exit,risk_exit,-402.9849656729734
2008-06-04,2008-06-05,EOG,sell,102.15537409753259,42.75820510986698,4367.980438737491,4.367980438737491,market_trend_exit,risk_exit,-507.4336114619906
2008-06-04,2008-06-05,NBR,sell,2.880719807478917,1796.4554310541084,5175.084743490646,5.175084743490647,market_trend_exit,risk_exit,298.8635889864128
2008-06-04,2008-06-05,NUE,sell,100.74835345029346,47.170838981276034,4752.384358232479,4.752384358232479,market_trend_exit,risk_exit,-123.41409588649668
2008-06-04,2008-06-05,PSA,sell,101.85476665309214,45.05208523235175,4588.769628576406,4.588769628576406,market_trend_exit,risk_exit,-286.8652108129134
2008-06-04,2008-06-05,R,sell,110.81531724089056,44.348714246192344,4914.516838417408,4.914516838417407,market_trend_exit,risk_exit,38.556251818246785
2008-06-04,2008-06-05,RRC,sell,74.55862654131077,59.49345466689746,4435.750268161611,4.435750268161611,market_trend_exit,risk_exit,-439.7315518672941
2008-06-04,2008-06-05,THC,sell,202.75749541128638,24.239999771118164,4914.841642362074,4.914841642362074,market_trend_exit,risk_exit,38.88073095896853
2008-06-04,2008-06-05,WMT,sell,376.7736570143181,13.483884211047052,5080.372364953821,5.080372364953821,market_trend_exit,risk_exit,204.24592282812304
2009-06-16,2009-06-17,AN,buy,185.27988333195538,16.239999771118164,3008.9452629037555,3.0089452629037554,rebalance,rebalance,0.0
2009-06-16,2009-06-17,ANDV,buy,245.59708017776654,12.251551446482342,3008.9452629037555,3.0089452629037554,rebalance,rebalance,0.0
2009-06-16,2009-06-17,CBRE,buy,346.2537869042148,8.6899995803833,3008.9452629037555,3.0089452629037554,rebalance,rebalance,0.0
2009-06-16,2009-06-17,CF,buy,285.3275152940485,10.545583939925464,3008.945262903755,3.008945262903755,rebalance,rebalance,0.0
2009-06-16,2009-06-17,CIEN,buy,300.59392548484175,10.010000228881836,3008.9452629037555,3.0089452629037554,rebalance,rebalance,0.0
2009-06-16,2009-06-17,DRI,buy,175.76874848491715,17.118772755908626,3008.9452629037555,3.0089452629037554,rebalance,rebalance,0.0
2009-06-16,2009-06-17,EXPE,buy,145.4707977302186,20.684187547276426,3008.9452629037555,3.0089452629037554,rebalance,rebalance,0.0
2009-06-16,2009-06-17,FCX,buy,164.45717864293331,18.2962232949206,3008.945262903755,3.008945262903755,rebalance,rebalance,0.0
2009-06-16,2009-06-17,GLW,buy,289.46562779724366,10.394827481939835,3008.945262903756,3.008945262903756,rebalance,rebalance,0.0
2009-06-16,2009-06-17,GS,buy,28.191737682690412,106.73145787502247,3008.9452629037555,3.0089452629037554,rebalance,rebalance,0.0
2009-06-16,2009-06-17,GT,buy,288.49425194969814,10.429827431807533,3008.9452629037555,3.0089452629037554,rebalance,rebalance,0.0
2009-06-16,2009-06-17,MS,buy,155.16578462443712,19.39180902662658,3008.9452629037555,3.0089452629037554,rebalance,rebalance,0.0
2009-06-16,2009-06-17,MU,buy,601.4939741838635,5.002452879077367,3008.945262903756,3.008945262903756,rebalance,rebalance,0.0
2009-06-16,2009-06-17,THC,buy,251.58405127981484,11.960000038146973,3008.9452629037555,3.0089452629037554,rebalance,rebalance,0.0
2009-06-16,2009-06-17,TSN,buy,335.6555787123328,8.964383295659491,3008.9452629037555,3.0089452629037554,rebalance,rebalance,0.0
2009-07-15,2009-07-16,AN,sell,23.727904752118803,18.020000457763672,427.57685449495364,0.42757685449495364,rebalance,rebalance,41.42276872919225
2009-07-15,2009-07-16,ANDV,sell,245.59708017776654,10.21980094909668,2509.953273096112,2.509953273096112,rebalance,rebalance,-504.51088834364293
2009-07-15,2009-07-16,CBRE,sell,25.99342616786396,9.09000015258789,236.28024783216546,0.23628024783216547,rebalance,rebalance,9.935222230379761
2009-07-15,2009-07-16,CIEN,sell,300.59392548484175,9.960000038146973,2993.915509295772,2.993915509295772,rebalance,rebalance,-21.032614380182707
2009-07-15,2009-07-16,DRI,sell,175.76874848491715,17.404456413999373,3059.159521948959,3.0591595219489593,rebalance,rebalance,44.146154260351096
2009-07-15,2009-07-16,EXPE,sell,9.509766689588815,21.411772959351318,203.6209652538777,0.2036209652538777,rebalance,rebalance,6.518844752588392
2009-07-15,2009-07-16,FCX,sell,4.93968624608334,18.249827553199236,90.14842215793105,0.09014842215793105,rebalance,rebalance,-0.4097064319809718
2009-07-15,2009-07-16,GLW,sell,17.48339733840777,10.703518105025184,187.13385994899667,0.18713385994899667,rebalance,rebalance,5.028090058961894
2009-07-15,2009-07-16,GS,sell,2.8359827490305705,114.81285947028536,325.60728882460046,0.3256072888246005,rebalance,rebalance,22.290419650016663
2009-07-15,2009-07-16,GT,sell,19.48298868718655,10.821728029731055,210.83960477905973,0.21083960477905972,rebalance,rebalance,7.2213511012033615
2009-07-15,2009-07-16,MS,sell,155.16578462443712,19.780205623266404,3069.211125566835,3.0692111255668353,rebalance,rebalance,54.1877062746091
2009-07-15,2009-07-16,MU,sell,65.51699058653412,5.431514443814985,355.8564806860505,0.35585648068605047,rebalance,rebalance,27.42722035908399
2009-07-15,2009-07-16,THC,sell,22.718747282357867,12.720000267028809,288.9824714981521,0.2889824714981521,rebalance,rebalance,16.705554444638793
2009-07-15,2009-07-16,TSN,sell,335.6555787123328,9.386828211735201,3150.741255683231,3.150741255683231,rebalance,rebalance,135.63630626088846
2009-07-15,2009-07-16,AKAM,buy,149.21407964166528,19.510000228881836,2911.166727961282,2.911166727961282,rebalance,rebalance,0.0
2009-07-15,2009-07-16,CF,buy,8.249914952235201,9.916180291921924,81.8076440593867,0.0818076440593867,rebalance,rebalance,0.0
2009-07-15,2009-07-16,CME,buy,101.50961025062553,28.678730228336608,2911.166727961282,2.911166727961282,rebalance,rebalance,0.0
2009-07-15,2009-07-16,ICE,buy,188.55448979496137,15.439392247445044,2911.166727961282,2.911166727961282,rebalance,rebalance,0.0
2009-07-15,2009-07-16,TPR,buy,171.87507732138428,16.937689706563884,2911.166727961282,2.911166727961282,rebalance,rebalance,0.0
2009-07-15,2009-07-16,WDC,buy,175.00105724963427,16.635137945530133,2911.166727961282,2.911166727961282,rebalance,rebalance,0.0
2009-08-12,2009-08-13,AKAM,sell,149.21407964166528,18.579999923706055,2772.39758835801,2.77239758835801,rebalance,rebalance,-144.45270391959113
2009-08-12,2009-08-13,CF,sell,293.5774302462837,11.50861526024679,3378.6696937964184,3.3786696937964185,rebalance,rebalance,281.44736423251663
2009-08-12,2009-08-13,CME,sell,101.50961025062553,29.152651922377864,2959.274334412726,2.959274334412726,rebalance,rebalance,42.23716538907047
2009-08-12,2009-08-13,GLW,sell,271.9822304588359,10.90483896849935,2965.9224254468845,2.965922425446885,rebalance,rebalance,132.92093088486408
2009-08-12,2009-08-13,GS,sell,25.355754933659842,122.39792922053438,3103.4918977033126,3.1034918977033126,rebalance,rebalance,391.4254595247097
2009-08-12,2009-08-13,GT,sell,14.540601872252438,16.39736459330201,238.42755030537307,0.23842755030537308,rebalance,rebalance,86.38149850457503
2009-08-12,2009-08-13,ICE,sell,188.55448979496137,15.643437711774355,2949.6404163828715,2.9496404163828718,rebalance,rebalance,32.61288127724539
2009-08-12,2009-08-13,MU,sell,535.9769835973294,6.689441750499725,3585.3868113828817,3.585386811382882,rebalance,rebalance,897.9206202511201
2009-08-12,2009-08-13,WDC,sell,175.00105724963427,19.63719674916253,3436.530192522524,3.436530192522524,rebalance,rebalance,519.0157676407584
2009-08-12,2009-08-13,AN,buy,54.08875169687505,19.350000381469727,1046.6173659677536,1.0466173659677536,rebalance,rebalance,0.0
2009-08-12,2009-08-13,BAC,buy,326.83911347919013,12.766673390761271,4172.64821311478,4.172648213114781,rebalance,rebalance,0.0
2009-08-12,2009-08-13,CBRE,buy,28.915227524296768,11.949999809265137,345.5369634002044,0.3455369634002044,rebalance,rebalance,0.0
2009-08-12,2009-08-13,COF,buy,155.35877772754694,26.85814264342607,4172.64821311478,4.172648213114781,rebalance,rebalance,0.0
2009-08-12,2009-08-13,EXPE,buy,3.9762664492552062,29.817984825785203,118.56425264717055,0.11856425264717055,rebalance,rebalance,0.0
2009-08-12,2009-08-13,FCX,buy,21.81314205530606,23.011270134918824,501.94810432600616,0.5019481043260061,rebalance,rebalance,0.0
2009-08-12,2009-08-13,FITB,buy,660.2358731025776,6.319935621653955,4172.64821311478,4.172648213114781,rebalance,rebalance,0.0
2009-08-12,2009-08-13,HST,buy,717.0532067879965,5.819161219299119,4172.64821311478,4.172648213114781,rebalance,rebalance,0.0
2009-08-12,2009-08-13,IP,buy,417.8637759189518,9.985666271115353,4172.64821311478,4.172648213114781,rebalance,rebalance,0.0
2009-08-12,2009-08-13,PFG,buy,282.2855112469672,14.781659160197549,4172.64821311478,4.172648213114781,rebalance,rebalance,0.0
2009-08-12,2009-08-13,STT,buy,117.36878109028768,35.551602175240355,4172.64821311478,4.172648213114781,rebalance,rebalance,0.0
2009-08-12,2009-08-13,TDC,buy,154.31390798210717,27.040000915527344,4172.64821311478,4.172648213114781,rebalance,rebalance,0.0
2009-08-12,2009-08-13,THC,buy,27.439857988046242,16.280000686645508,446.72090688684807,0.44672090688684807,rebalance,rebalance,0.0
2009-08-12,2009-08-13,TPR,buy,42.11433410787683,19.499320948850503,821.2009173166119,0.8212009173166119,rebalance,rebalance,0.0
2009-09-10,2009-09-11,AN,sell,215.64073027671162,18.34000015258789,3954.851026179055,3.9548510261790555,rebalance,rebalance,277.0044925637628
2009-09-10,2009-09-11,BAC,sell,326.83911347919013,13.219156787609432,4320.537485404686,4.320537485404686,rebalance,rebalance,139.39608659138656
2009-09-10,2009-09-11,CBRE,sell,80.73288362205489,11.5600004196167,933.2721685478206,0.9332721685478206,rebalance,rebalance,208.25211114182213
2009-09-10,2009-09-11,COF,sell,155.35877772754694,29.614404384431094,4600.857668294521,4.6008576682945215,rebalance,rebalance,419.43594929833205
2009-09-10,2009-09-11,EXPE,sell,36.2274406164004,29.921917470687063,1083.9944882981492,1.0839944882981492,rebalance,rebalance,323.41434714900515
2009-09-10,2009-09-11,FCX,sell,181.33063445215603,24.98509004734301,4530.562230128958,4.530562230128957,rebalance,rebalance,1102.0953874695915
2009-09-10,2009-09-11,FITB,sell,173.91270723409076,6.3809376070404,1109.7261339322167,1.1097261339322166,rebalance,rebalance,8.400177177771875
2009-09-10,2009-09-11,GT,sell,53.88987913515794,15.471062299071535,833.7336773894638,0.8337336773894638,rebalance,rebalance,270.2757418717109
2009-09-10,2009-09-11,HST,sell,717.0532067879965,5.693724051199289,4082.703089478393,4.082703089478393,rebalance,rebalance,-98.20047493898045
2009-09-10,2009-09-11,IP,sell,155.12705023048738,11.81105446957856,1832.2140399773357,1.8322140399773357,rebalance,rebalance,279.7858257599393
2009-09-10,2009-09-11,PFG,sell,84.98650362710015,15.728400338657845,1336.7017524298283,1.3367017524298284,rebalance,rebalance,77.86727931487869
2009-09-10,2009-09-11,STT,sell,117.36878109028768,36.52636581127627,4287.055032927453,4.287055032927453,rebalance,rebalance,105.94711656663024
2009-09-10,2009-09-11,TDC,sell,154.31390798210717,26.399999618530273,4073.887111861545,4.073887111861545,rebalance,rebalance,-107.00763657821082
2009-09-10,2009-09-11,THC,sell,113.95663506493071,21.799999237060547,2484.254557473477,2.4842545574734767,rebalance,rebalance,1064.728788461498
2009-09-10,2009-09-11,TPR,sell,213.9894114292611,20.18528685317873,4319.4376532425185,4.3194376532425185,rebalance,rebalance,579.0182026661042
2009-09-10,2009-09-11,AFL,buy,231.0634761347913,13.43006618862999,3103.1977782651734,3.1031977782651734,rebalance,rebalance,0.0
2009-09-10,2009-09-11,AIG,buy,134.13605110390301,23.13470355453813,3103.1977782651734,3.1031977782651734,rebalance,rebalance,0.0
2009-09-10,2009-09-11,DD,buy,114.23796466839933,27.164330065516165,3103.1977782651734,3.1031977782651734,rebalance,rebalance,0.0
2009-09-10,2009-09-11,HIG,buy,175.83025542615718,17.648827107394,3103.1977782651734,3.1031977782651734,rebalance,rebalance,0.0
2009-09-10,2009-09-11,JBL,buy,315.20376210682264,9.845053109529507,3103.1977782651734,3.1031977782651734,rebalance,rebalance,0.0
2009-09-10,2009-09-11,MAS,buy,323.463600645686,9.593653728180499,3103.1977782651734,3.1031977782651734,rebalance,rebalance,0.0
2009-09-10,2009-09-11,OI,buy,87.65917075248679,35.400720217024634,3103.1977782651734,3.1031977782651734,rebalance,rebalance,0.0
2009-09-10,2009-09-11,TXT,buy,164.11831138846622,18.908297020677594,3103.1977782651734,3.1031977782651734,rebalance,rebalance,0.0
2009-10-08,2009-10-09,AFL,sell,231.0634761347913,14.38271720141014,3323.320632821484,3.3233206328214844,rebalance,rebalance,213.6963361452244
2009-10-08,2009-10-09,AIG,sell,134.13605110390301,27.231541280366287,3652.7314128212565,3.6527314128212565,rebalance,rebalance,542.7777053649971
2009-10-08,2009-10-09,DD,sell,1.1349836163369957,29.859137818922388,33.889632222425284,0.03388963222242528,rebalance,rebalance,2.993841947498417
2009-10-08,2009-10-09,HIG,sell,13.381864232805981,20.7891101546515,278.1970496103945,0.27819704961039454,rebalance,rebalance,41.50847013315232
2009-10-08,2009-10-09,JBL,sell,315.20376210682264,11.70560345237239,3689.6502459183885,3.6896502459183886,rebalance,rebalance,579.6596196290324
2009-10-08,2009-10-09,MAS,sell,323.463600645686,8.604392439973832,2783.2077600024554,2.7832077600024556,rebalance,rebalance,-325.87642380098544
2009-10-08,2009-10-09,PFG,sell,197.29900761986704,15.70586940067621,3098.752446560652,3.098752446560652,rebalance,rebalance,176.33060414871616
2009-10-08,2009-10-09,THC,sell,0.6892367633156198,23.84000015258789,16.43140454261356,0.016431404542613562,rebalance,rebalance,7.844369887545061
2009-10-08,2009-10-09,TXT,sell,164.11831138846622,18.647153708921522,3060.3393789093752,3.0603393789093754,rebalance,rebalance,-49.02193651297269
2009-10-08,2009-10-09,AES,buy,365.53611515362564,9.238916098742152,3377.157498964497,3.377157498964497,rebalance,rebalance,0.0
2009-10-08,2009-10-09,CBRE,buy,16.309200650303183,11.859999656677246,193.42711411327608,0.19342711411327607,rebalance,rebalance,0.0
2009-10-08,2009-10-09,COF,buy,116.41149458805569,29.010515764918352,3377.157498964497,3.377157498964497,rebalance,rebalance,0.0
2009-10-08,2009-10-09,EXPE,buy,4.413967797296706,31.23416609842806,137.86660333387795,0.13786660333387796,rebalance,rebalance,0.0
2009-10-08,2009-10-09,FITB,buy,59.60564138927913,6.186076744929742,368.7250720648413,0.3687250720648413,rebalance,rebalance,0.0
2009-10-08,2009-10-09,GT,buy,21.024944564414824,15.239486575701086,320.4093604442592,0.3204093604442592,rebalance,rebalance,0.0
2009-10-08,2009-10-09,IP,buy,33.78976889390043,11.389058180858234,384.8336438503858,0.38483364385038576,rebalance,rebalance,0.0
2009-10-08,2009-10-09,ISRG,buy,121.26722800548147,27.848888397216797,3377.157498964497,3.377157498964497,rebalance,rebalance,0.0
2009-10-08,2009-10-09,LNC,buy,197.8709376417781,17.067476099387775,3377.157498964497,3.377157498964497,rebalance,rebalance,0.0
2009-10-08,2009-10-09,NWL,buy,399.10804856265014,8.461762450361524,3377.157498964497,3.377157498964497,rebalance,rebalance,0.0
2009-10-08,2009-10-09,OI,buy,1.5172102433579226,37.870537705739146,57.45756772861988,0.05745756772861988,rebalance,rebalance,0.0
2009-10-08,2009-10-09,WYNN,buy,79.82227620565122,42.3084589853553,3377.157498964497,3.377157498964497,rebalance,rebalance,0.0
2009-11-05,2009-11-06,AES,sell,3.54579135126437,8.559861473349578,30.35148278022402,0.030351482780224023,rebalance,rebalance,-2.4708967693312545
2009-11-05,2009-11-06,CBRE,sell,284.7519052888959,10.510000228881836,2992.7425897608346,2.9927425897608346,rebalance,rebalance,388.4881280048249
2009-11-05,2009-11-06,COF,sell,116.41149458805569,29.373873472092544,3419.4565127267338,3.419456512726734,rebalance,rebalance,35.502399750545734
2009-11-05,2009-11-06,DD,sell,113.10298105206233,28.546267454443555,3228.667947007033,3.228667947007033,rebalance,rebalance,150.00020365929237
2009-11-05,2009-11-06,EXPE,sell,5.9872455091858825,30.3376816795356,181.63914839491034,0.18163914839491033,rebalance,rebalance,53.4192197779329
2009-11-05,2009-11-06,FITB,sell,545.9288072577659,5.477701232346238,2990.4349002891763,2.9904349002891766,rebalance,rebalance,-458.25396245540145
2009-11-05,2009-11-06,GT,sell,221.60572681951604,11.44520214865339,2536.322340748621,2.536322340748621,rebalance,rebalance,118.94128060044342
2009-11-05,2009-11-06,IP,sell,25.742751364668436,11.443031954654916,294.57512646663736,0.29457512646663736,rebalance,rebalance,32.84409108489775
2009-11-05,2009-11-06,ISRG,sell,13.273257996412212,28.692222595214844,380.8392729967746,0.3808392729967746,rebalance,rebalance,10.44330763361919
2009-11-05,2009-11-06,LNC,sell,197.8709376417781,14.060700941503072,2782.204079195845,2.782204079195845,rebalance,rebalance,-601.1127813468115
2009-11-05,2009-11-06,NWL,sell,399.10804856265014,8.179516652224837,3264.510929255156,3.264510929255156,rebalance,rebalance,-119.28823813756033
2009-11-05,2009-11-06,OI,sell,89.17638099584471,31.91161281226936,2845.762142338812,2.845762142338812,rebalance,rebalance,-320.89962114331377
2009-11-05,2009-11-06,WYNN,sell,79.82227620565122,34.72547770094523,2771.866672418032,2.771866672418032,rebalance,rebalance,-611.4398507178471
2009-11-05,2009-11-06,BEN,buy,162.3566619054923,19.085062417979845,3098.587026441171,3.0985870264411712,rebalance,rebalance,0.0
2009-11-05,2009-11-06,CTSH,buy,170.13546723584662,18.21246960897237,3098.587026441171,3.0985870264411712,rebalance,rebalance,0.0
2009-11-05,2009-11-06,GNW,buy,299.3803779938763,10.350000381469727,3098.587026441171,3.0985870264411712,rebalance,rebalance,0.0
2009-11-05,2009-11-06,HIG,buy,21.509514937852913,16.844000302064586,362.3062761104572,0.3623062761104572,rebalance,rebalance,0.0
2009-11-05,2009-11-06,JBL,buy,264.3329932624006,11.722286303341772,3098.587026441171,3.0985870264411712,rebalance,rebalance,0.0
2009-11-05,2009-11-06,MU,buy,440.7199533875384,7.0307391408632,3098.587026441171,3.0985870264411712,rebalance,rebalance,0.0
2009-11-05,2009-11-06,NTAP,buy,147.36404980289075,21.0267499473972,3098.5870264411715,3.0985870264411717,rebalance,rebalance,0.0
2009-11-05,2009-11-06,SBUX,buy,414.1600406588058,7.481617544542051,3098.587026441171,3.0985870264411712,rebalance,rebalance,0.0
2009-11-05,2009-11-06,THC,buy,7.886420707900527,20.719999313354492,163.40663165252357,0.1634066316525236,rebalance,rebalance,0.0
2009-11-05,2009-11-06,TXT,buy,170.2309808412276,18.20225091301792,3098.587026441171,3.0985870264411712,rebalance,rebalance,0.0
2009-11-05,2009-11-06,WDC,buy,142.77229171397346,21.70299985552382,3098.5870264411706,3.098587026441171,rebalance,rebalance,0.0
2009-12-04,2009-12-07,AES,sell,361.9903238023613,8.335581433384808,3017.3998221519173,3.0173998221519174,rebalance,rebalance,-333.3602060669207
2009-12-04,2009-12-07,BEN,sell,162.3566619054923,18.851939870381315,3060.7380277981697,3.0607380277981697,rebalance,rebalance,-44.008323697240726
2009-12-04,2009-12-07,EXPE,sell,102.13657916159542,33.48187530248426,3419.7242073108505,3.4197242073108507,rebalance,rebalance,1232.0959237653155
2009-12-04,2009-12-07,MU,sell,440.7199533875384,8.230154406933243,3627.1932665958625,3.6271932665958624,rebalance,rebalance,521.8804598616547
2009-12-04,2009-12-07,NTAP,sell,147.36404980289075,23.873745747838743,3518.1318573660596,3.51813185736606,rebalance,rebalance,412.9281120410814
2009-12-04,2009-12-07,SBUX,sell,414.1600406588058,7.8960393268030975,3270.2239686323005,3.2702239686323007,rebalance,rebalance,165.26813119605652
2009-12-04,2009-12-07,THC,sell,149.54571086515742,19.1200008392334,2859.314117245565,2.8593141172455647,rebalance,rebalance,931.3629811707956
2009-12-04,2009-12-07,CAT,buy,123.82796008348075,38.96522117602448,4824.983852428758,4.824983852428758,rebalance,rebalance,0.0
2009-12-04,2009-12-07,COF,buy,161.74253723095833,29.831261058672396,4824.983852428758,4.824983852428758,rebalance,rebalance,0.0
2009-12-04,2009-12-07,CRM,buy,296.8975688328574,16.251341738487085,4824.983852428758,4.824983852428758,rebalance,rebalance,0.0
2009-12-04,2009-12-07,CTSH,buy,82.01282809383355,19.13550058357588,1569.3565198502602,1.5693565198502601,rebalance,rebalance,0.0
2009-12-04,2009-12-07,GNW,buy,117.28489698175372,11.579999923706055,1358.1590981005806,1.3581590981005807,rebalance,rebalance,0.0
2009-12-04,2009-12-07,HIG,buy,88.77468529334536,17.691262445851006,1570.5362560724022,1.5705362560724023,rebalance,rebalance,0.0
2009-12-04,2009-12-07,HOG,buy,244.88788154792604,19.702828175613416,4824.983852428758,4.824983852428758,rebalance,rebalance,0.0
2009-12-04,2009-12-07,IP,buy,111.43773307411539,12.623528900676067,1406.7374440869207,1.4067374440869207,rebalance,rebalance,0.0
2009-12-04,2009-12-07,ISRG,buy,42.26504467969018,32.11111068725586,1357.1775279113456,1.3571775279113456,rebalance,rebalance,0.0
2009-12-04,2009-12-07,JBL,buy,180.45435972607635,10.847844076523819,1957.5407572374156,1.9575407572374157,rebalance,rebalance,0.0
2009-12-04,2009-12-07,LEN,buy,471.1030255882826,10.241886785599888,4824.983852428758,4.824983852428758,rebalance,rebalance,0.0
2009-12-04,2009-12-07,MCK,buy,90.08021582767167,53.56319151875939,4824.983852428758,4.824983852428758,rebalance,rebalance,0.0
2009-12-04,2009-12-07,TXT,buy,76.24797530973993,19.5756421877796,1492.6030822061223,1.4926030822061223,rebalance,rebalance,0.0
2009-12-04,2009-12-07,WDC,buy,58.739121844554774,23.943973034695425,1406.4479495277085,1.4064479495277085,rebalance,rebalance,0.0
2009-12-04,2009-12-07,WHR,buy,105.81504715723258,45.59827720209984,4824.983852428758,4.824983852428758,rebalance,rebalance,0.0
2010-01-05,2010-01-06,COF,sell,161.74253723095833,31.280975368326217,5059.464323132193,5.059464323132193,rebalance,rebalance,224.596022527876
2010-01-05,2010-01-06,CRM,sell,296.8975688328574,18.36969560517346,5453.917965375626,5.453917965375626,rebalance,rebalance,618.6552111290645
2010-01-05,2010-01-06,CTSH,sell,252.14829532968017,20.694205315954846,5218.00859362042,5.21800859362042,rebalance,rebalance,540.1790951890788
2010-01-05,2010-01-06,GNW,sell,416.66527497563004,12.729999542236328,5304.148759705544,5.304148759705544,rebalance,rebalance,837.6417402795465
2010-01-05,2010-01-06,IP,sell,382.22147629181177,13.58134932514409,5191.0833890913755,5.191083389091376,rebalance,rebalance,1027.741245781838
2010-01-05,2010-01-06,LEN,sell,471.1030255882826,11.104961722368282,5231.581066449764,5.231581066449764,rebalance,rebalance,396.54064910212804
2010-01-05,2010-01-06,MCK,sell,90.08021582767167,55.24474591114482,4976.458635020807,4.9764586350208075,rebalance,rebalance,141.6733401045996
2010-01-05,2010-01-06,WDC,sell,201.51141355852823,28.111814406509517,5664.851458750731,5.66485145875073,rebalance,rebalance,1149.6465963471333
2010-01-05,2010-01-06,AIG,buy,394.94955725501984,18.218496819272133,7195.387252623516,7.195387252623516,rebalance,rebalance,0.0
2010-01-05,2010-01-06,AMD,buy,743.3251059688736,9.680000305175781,7195.387252623516,7.195387252623516,rebalance,rebalance,0.0
2010-01-05,2010-01-06,AMZN,buy,1069.1511489199222,6.730000019073486,7195.387252623516,7.195387252623516,rebalance,rebalance,0.0
2010-01-05,2010-01-06,BKNG,buy,816.035142248855,8.817496796515705,7195.387252623516,7.195387252623516,rebalance,rebalance,0.0
2010-01-05,2010-01-06,CAT,buy,58.462335214750055,39.472135589290204,2307.6332224631497,2.3076332224631497,rebalance,rebalance,0.0
2010-01-05,2010-01-06,CLF,buy,175.27582135633574,41.05179594620352,7195.387252623515,7.195387252623515,rebalance,rebalance,0.0
2010-01-05,2010-01-06,DD,buy,198.8554235293363,36.184013113235565,7195.387252623516,7.195387252623516,rebalance,rebalance,0.0
2010-01-05,2010-01-06,EXPE,buy,215.2380945082899,33.429896641026,7195.387252623516,7.195387252623516,rebalance,rebalance,0.0
2010-01-05,2010-01-06,HIG,buy,119.00033674444177,18.368094013070735,2185.8093729089824,2.1858093729089823,rebalance,rebalance,0.0
2010-01-05,2010-01-06,HOG,buy,155.28254221146284,17.980807239642225,2792.10545918592,2.7921054591859202,rebalance,rebalance,0.0
2010-01-05,2010-01-06,ISRG,buy,61.751088177880405,33.93888854980469,2095.763299498245,2.095763299498245,rebalance,rebalance,0.0
2010-01-05,2010-01-06,JBL,buy,48.49521687962738,14.586745391282415,707.3873813181458,0.7073873813181458,rebalance,rebalance,0.0
2010-01-05,2010-01-06,TXT,buy,150.74140066083515,18.114346682470224,2730.581990971514,2.730581990971514,rebalance,rebalance,0.0
2010-01-05,2010-01-06,WHR,buy,46.057119423741966,47.377919302857315,2182.090487380109,2.1820904873801092,rebalance,rebalance,0.0
2010-01-05,2010-01-06,WYNN,buy,169.45194334627004,42.46270128587404,7195.387252623515,7.195387252623515,rebalance,rebalance,0.0
2010-02-03,2010-02-04,AIG,sell,130.24294126369676,14.605837332633781,1902.307213821331,1.902307213821331,rebalance,rebalance,-474.79853514894205
2010-02-03,2010-02-04,AMD,sell,237.2698910988629,7.639999866485596,1812.7419363163644,1.8127419363163644,rebalance,rebalance,-488.1401964842148
2010-02-03,2010-02-04,AMZN,sell,417.38754986101685,5.932000160217285,2475.943012648252,2.4759430126482522,rebalance,rebalance,-338.36016710860076
2010-02-03,2010-02-04,BKNG,sell,339.8666168352632,8.119524008192379,2759.5551549770394,2.7595551549770394,rebalance,rebalance,-242.9739781706889
2010-02-03,2010-02-04,CAT,sell,182.2902952982308,35.45705438412001,6463.4769140866665,6.463476914086667,rebalance,rebalance,-682.736254794219
2010-02-03,2010-02-04,CLF,sell,68.68706409002291,36.272697732851285,2491.465113894385,2.491465113894385,rebalance,rebalance,-333.5734177261002
2010-02-03,2010-02-04,DD,sell,198.8554235293363,31.71062564917785,6305.829893847495,6.305829893847496,rebalance,rebalance,-903.0585759224903
2010-02-03,2010-02-04,EXPE,sell,215.2380945082899,28.700613679124057,6177.465399513221,6.177465399513221,rebalance,rebalance,-1031.2947057624315
2010-02-03,2010-02-04,HIG,sell,171.1269632739754,17.52564476613829,2999.110368247686,2.999110368247686,rebalance,rebalance,-58.60480467234331
2010-02-03,2010-02-04,HOG,sell,400.1704237593889,15.989929021492346,6398.696672413143,6.398696672413143,rebalance,rebalance,-1232.4084251855627
2010-02-03,2010-02-04,ISRG,sell,212.01010286663984,36.915557861328125,7826.471219559571,7.826471219559571,rebalance,rebalance,1351.7314497297082
2010-02-03,2010-02-04,JBL,sell,192.8315350182629,12.868192569126915,2481.393326015347,2.4813933260153473,rebalance,rebalance,223.61460049049106
2010-02-03,2010-02-04,TXT,sell,397.2203568118027,19.566590605459705,7772.24810189117,7.77224810189117,rebalance,rebalance,435.38198207085287
2010-02-03,2010-02-04,WHR,sell,151.87216658097455,46.91416377139092,7124.955695295803,7.124955695295803,rebalance,rebalance,103.74932545183171
2010-02-03,2010-02-04,WYNN,sell,169.45194334627004,40.15184806163382,6803.808682988017,6.803808682988016,rebalance,rebalance,-405.57776557111004
2010-02-03,2010-02-04,AKAM,buy,151.14393219595732,25.579999923706055,3866.2617740412215,3.8662617740412215,rebalance,rebalance,0.0
2010-02-03,2010-02-04,ATI,buy,104.87082040649936,36.866897379603316,3866.261774041221,3.866261774041221,rebalance,rebalance,0.0
2010-02-03,2010-02-04,CRM,buy,242.63726371177074,15.934328119665743,3866.261774041221,3.866261774041221,rebalance,rebalance,0.0
2010-02-03,2010-02-04,GNW,buy,265.1757060543568,14.579999923706055,3866.261774041221,3.866261774041221,rebalance,rebalance,0.0
2010-02-03,2010-02-04,MU,buy,435.2182580711487,8.88350086960086,3866.261774041221,3.866261774041221,rebalance,rebalance,0.0
2010-02-03,2010-02-04,NTAP,buy,171.85049008306885,22.49782221844321,3866.261774041221,3.866261774041221,rebalance,rebalance,0.0
2010-02-03,2010-02-04,NYT,buy,356.78552247726276,10.836375162301072,3866.261774041221,3.866261774041221,rebalance,rebalance,0.0
2010-02-03,2010-02-04,TIE,buy,321.3850257572969,12.029999732971191,3866.261774041221,3.866261774041221,rebalance,rebalance,0.0
2010-03-04,2010-03-05,AIG,sell,264.7066159913231,16.722537156818916,4426.566221570696,4.426566221570696,rebalance,rebalance,-405.2395427705611
2010-03-04,2010-03-05,AKAM,sell,145.5186711569112,28.450000762939453,4140.006305436059,4.140006305436059,rebalance,rebalance,409.77633444193685
2010-03-04,2010-03-05,AMD,sell,487.3372409188499,8.550000190734863,4166.733502808369,4.166733502808369,rebalance,rebalance,-559.5752961532471
2010-03-04,2010-03-05,AMZN,sell,626.9763800503381,6.456500053405762,4048.073031279159,4.048073031279159,rebalance,rebalance,-179.7456424992179
2010-03-04,2010-03-05,ATI,sell,101.07212021009855,42.12985299661919,4258.1535665080755,4.258153566508075,rebalance,rebalance,523.9537137332101
2010-03-04,2010-03-05,BKNG,sell,476.1685254135918,9.266361420419736,4412.3496535106615,4.412349653510661,rebalance,rebalance,205.1242419737624
2010-03-04,2010-03-05,CLF,sell,103.36609576667483,49.66040673852105,5133.202358745991,5.133202358745991,rebalance,rebalance,880.4619213468096
2010-03-04,2010-03-05,CRM,sell,242.63726371177074,17.497286571687162,4245.493736134883,4.2454937361348835,rebalance,rebalance,371.1202065834863
2010-03-04,2010-03-05,GNW,sell,255.2477487019547,16.1200008392334,4114.5939232879455,4.114593923287946,rebalance,rebalance,385.2456606074155
2010-03-04,2010-03-05,HIG,sell,220.60596489501583,19.192368182470954,4233.950901514406,4.233950901514406,rebalance,rebalance,291.7718625519339
2010-03-04,2010-03-05,JBL,sell,289.1353146688689,14.143039797122382,4089.2522621153157,4.089252262115316,rebalance,rebalance,703.5267865279342
2010-03-04,2010-03-05,MU,sell,435.2182580711487,9.322311333422261,4057.2400997289637,4.057240099728964,rebalance,rebalance,183.0548238139735
2010-03-04,2010-03-05,NTAP,sell,171.85049008306885,23.032088271598884,3958.0756571107704,3.9580756571107707,rebalance,rebalance,83.98954563839771
2010-03-04,2010-03-05,NYT,sell,340.9619672944731,10.113952206306928,3448.473041384687,3.448473041384687,rebalance,rebalance,-253.46201712951563
2010-03-04,2010-03-05,TIE,sell,321.37775127180356,22000.0,7070310.5279796785,7070.310527979678,rebalance,rebalance,7059370.1770154545
2010-03-04,2010-03-05,AMP,buy,5.4144073242887565,29.55793150889659,160.03868085259512,0.16003868085259512,rebalance,rebalance,0.0
2010-03-04,2010-03-05,EL,buy,6.393221328612025,25.03255755222535,160.03868085259512,0.16003868085259512,rebalance,rebalance,0.0
2010-03-04,2010-03-05,F,buy,24.917847520193092,6.422652707979768,160.03868085259512,0.16003868085259512,rebalance,rebalance,0.0
2010-03-04,2010-03-05,HUM,buy,3.8762422572524073,41.28706882372083,160.03868085259512,0.16003868085259512,rebalance,rebalance,0.0
2010-03-04,2010-03-05,ISRG,buy,4.079150717465084,39.233333587646484,160.03868085259515,0.16003868085259515,rebalance,rebalance,0.0
2010-03-04,2010-03-05,LUV,buy,14.907366858907787,10.73554319601152,160.03868085259512,0.16003868085259512,rebalance,rebalance,0.0
2010-04-01,2010-04-05,AMP,sell,5.4144073242887565,32.883975698425644,178.04723887328927,0.17804723887328927,rebalance,rebalance,17.670472100968297
2010-04-01,2010-04-05,AMZN,sell,24.787219008567263,6.642499923706055,164.64910037329332,0.16464910037329333,rebalance,rebalance,-2.5003511119167645
2010-04-01,2010-04-05,ATI,sell,3.798700196400816,48.43332162929429,183.9836683855441,0.18398366838554409,rebalance,rebalance,43.61334811025416
2010-04-01,2010-04-05,GNW,sell,9.927957352402103,18.350000381469727,182.17802120379378,0.18217802120379378,rebalance,rebalance,37.101476124569785
2010-04-01,2010-04-05,HUM,sell,3.8762422572524073,40.96476995934239,158.78937237502694,0.15878937237502694,rebalance,rebalance,-1.5681365307957615
2010-04-01,2010-04-05,JBL,sell,11.315720180972505,13.76398555464964,155.74940911136298,0.15574940911136298,rebalance,rebalance,23.24853506463013
2010-04-01,2010-04-05,LUV,sell,14.907366858907787,11.305952793333745,168.54198597971939,0.1685419859797194,rebalance,rebalance,8.174724460291966
2010-04-01,2010-04-05,AKAM,buy,15220.664689203642,31.440000534057617,478537.7059572744,478.53770595727445,rebalance,rebalance,0.0
2010-04-01,2010-04-05,AMD,buy,50531.92095623567,9.470000267028809,478537.30494903045,478.53730494903044,rebalance,rebalance,0.0
2010-04-01,2010-04-05,BKNG,buy,47376.10542853282,10.104557135653339,478714.5641673462,478.7145641673462,rebalance,rebalance,0.0
2010-04-01,2010-04-05,CLF,buy,7798.396151598739,61.36092721726133,478516.8186696211,478.5168186696211,rebalance,rebalance,0.0
2010-04-01,2010-04-05,DE,buy,10777.485020258247,44.418021761803885,478714.5641673462,478.7145641673462,rebalance,rebalance,0.0
2010-04-01,2010-04-05,EL,buy,17879.834497424075,26.764422979220004,478543.45328750747,478.5434532875075,rebalance,rebalance,0.0
2010-04-01,2010-04-05,F,buy,74683.88300315253,6.407739901008405,478554.89708154387,478.55489708154386,rebalance,rebalance,0.0
2010-04-01,2010-04-05,ISRG,buy,12218.419963128532,39.16666793823242,478554.79742572526,478.55479742572527,rebalance,rebalance,0.0
2010-04-01,2010-04-05,NYT,buy,49247.31678743182,9.717499957127963,478560.79877053585,478.5607987705359,rebalance,rebalance,0.0
2010-04-01,2010-04-05,SPGI,buy,18530.67791640174,25.83362391419204,478714.5641673463,478.7145641673463,rebalance,rebalance,0.0
2010-04-01,2010-04-05,SWK,buy,12469.58732221697,38.390569936057474,478714.5641673462,478.7145641673462,rebalance,rebalance,0.0
2010-04-01,2010-04-05,TIE,buy,17.08967423476904,28000.0,478510.8785735331,478.5108785735331,rebalance,rebalance,0.0
2010-04-01,2010-04-05,TSN,buy,34016.08735907926,14.073181289604495,478714.5641673462,478.7145641673462,rebalance,rebalance,0.0
2010-04-01,2010-04-05,UNH,buy,18761.09484156967,25.516344766118884,478714.5641673462,478.7145641673462,rebalance,rebalance,0.0
2010-04-01,2010-04-05,VIAV,buy,65748.45384364213,7.281001091003418,478714.5641673462,478.7145641673462,rebalance,rebalance,0.0
2010-04-30,2010-05-03,AKAM,sell,8987.579093846989,39.33000183105469,353481.5022177509,353.4815022177509,rebalance,rebalance,70295.43675775091
2010-04-30,2010-05-03,AMD,sell,23822.04402293806,9.180000305175781,218686.37140048228,218.6863714004823,rebalance,rebalance,-7354.5272270977985
2010-04-30,2010-05-03,BKNG,sell,23694.419895389696,10.361108336738281,245500.45151229957,245.50045151229958,rebalance,rebalance,5593.9098120318
2010-04-30,2010-05-03,CLF,sell,3057.8813586379792,51.724723756528874,158168.0685557887,158.1680685557887,rebalance,rebalance,-29786.490558109286
2010-04-30,2010-05-03,DE,sell,10777.485020258247,44.44008655204861,478952.3671136839,478.9523671136839,rebalance,rebalance,-719.8639849433018
2010-04-30,2010-05-03,EL,sell,8776.769699817032,26.935577165559216,236407.35751376368,236.40735751376369,rebalance,rebalance,1036.3069022894008
2010-04-30,2010-05-03,F,sell,37258.837368136774,6.5519025010501375,244116.26973851566,244.11626973851568,rebalance,rebalance,4888.284153390145
2010-04-30,2010-05-03,ISRG,sell,12222.499113845997,40.33333206176758,492974.1153834106,492.9741153834106,rebalance,rebalance,13287.590325342719
2010-04-30,2010-05-03,NYT,sell,49263.140342614606,8.80125550703676,433577.4852343616,433.57748523436163,rebalance,rebalance,-46067.0932705216
2010-04-30,2010-05-03,SPGI,sell,18530.67791640174,24.600008548744995,455854.8351575229,455.85483515752287,rebalance,rebalance,-23794.298409148192
2010-04-30,2010-05-03,SWK,sell,12469.58732221697,41.349258950935976,515608.1951976578,515.6081951976578,rebalance,rebalance,35899.3082709466
2010-04-30,2010-05-03,TIE,sell,17.096948720262365,15.520000457763672,265.34465196483393,0.2653446519648339,rebalance,rebalance,-478724.3977443643
2010-04-30,2010-05-03,TSN,sell,16914.500566644765,14.347704244264117,242684.25156965692,242.6842515696569,rebalance,rebalance,4162.693587680016
2010-04-30,2010-05-03,UNH,sell,18761.09484156967,23.49784339129862,440845.26843650447,440.84526843650445,rebalance,rebalance,-38788.85556344557
2010-04-30,2010-05-03,VIAV,sell,33119.26743935447,7.519908905029297,249053.87414524853,249.05387414524853,rebalance,rebalance,7422.256489570246
2010-04-30,2010-05-03,ATI,buy,5205.4479899852095,47.13686696659527,245368.50940546358,245.36850940546358,rebalance,rebalance,0.0
2010-04-30,2010-05-03,BA,buy,4306.635337141561,56.97452656122071,245368.50940546358,245.36850940546358,rebalance,rebalance,0.0
2010-04-30,2010-05-03,FITB,buy,26704.10029969032,9.188420753808698,245368.50940546358,245.36850940546358,rebalance,rebalance,0.0
2010-04-30,2010-05-03,GNW,buy,14852.814927747246,16.520000457763672,245368.50940546358,245.36850940546358,rebalance,rebalance,0.0
2010-04-30,2010-05-03,HST,buy,26640.746931689206,9.210271394965934,245368.50940546358,245.36850940546358,rebalance,rebalance,0.0
2010-04-30,2010-05-03,LUV,buy,21637.42076601674,11.340007298413035,245368.5094054636,245.3685094054636,rebalance,rebalance,0.0
2010-04-30,2010-05-03,RF,buy,43781.44221336487,5.6043953099964705,245368.50940546356,245.36850940546356,rebalance,rebalance,0.0
2010-05-28,2010-06-01,AKAM,sell,6238.710856395699,39.13999938964844,244183.13911152075,244.18313911152075,market_trend_exit,risk_exit,47611.25819583326
2010-05-28,2010-06-01,AMD,sell,26728.594907248775,8.430000305175781,225322.063225027,225.322063225027,market_trend_exit,risk_exit,-28278.260019551017
2010-05-28,2010-06-01,ATI,sell,5205.4479899852095,47.09131968860782,245131.4154188145,245.1314154188145,market_trend_exit,risk_exit,-727.5939114733295
2010-05-28,2010-06-01,BA,sell,4306.635337141561,50.71611807784369,218415.82627668555,218.41582627668555,market_trend_exit,risk_exit,-27416.467464460133
2010-05-28,2010-06-01,BKNG,sell,23681.685533143125,7.485786909454426,177276.05155781907,177.27605155781907,market_trend_exit,risk_exit,-62433.46197649675
2010-05-28,2010-06-01,CLF,sell,4743.737454460398,45.434871480943,215531.1015827439,215.5311015827439,market_trend_exit,risk_exit,-76015.80230011653
2010-05-28,2010-06-01,EL,sell,9109.458018935657,23.488148470474982,213964.3024343196,213.9643024343196,market_trend_exit,risk_exit,-30297.214074482654
2010-05-28,2010-06-01,F,sell,37449.963482535946,5.7167589331953215,214092.41328662593,214.09241328662594,market_trend_exit,risk_exit,-26331.460509432556
2010-05-28,2010-06-01,FITB,sell,26704.10029969032,7.891520478829196,210735.95438371503,210.73595438371504,market_trend_exit,risk_exit,-35088.65948553771
2010-05-28,2010-06-01,GNW,sell,14852.814927747246,15.229999542236328,226208.36455051144,226.20836455051145,market_trend_exit,risk_exit,-19631.721728908116
2010-05-28,2010-06-01,HST,sell,26640.746931689206,7.885736536718959,210081.91144470507,210.08191144470507,market_trend_exit,risk_exit,-35742.04838160865
2010-05-28,2010-06-01,LUV,sell,21637.42076601674,10.471629203079145,226579.047172732,226.579047172732,market_trend_exit,risk_exit,-19261.409789309735
2010-05-28,2010-06-01,RF,sell,43781.44221336487,4.774817585632675,209048.40020473534,209.04840020473534,market_trend_exit,risk_exit,-36774.52611033842
2010-05-28,2010-06-01,TSN,sell,17101.586792434497,12.615108721448614,215738.37669585083,215.73837669585083,market_trend_exit,risk_exit,-25391.766681951336
2010-05-28,2010-06-01,VIAV,sell,32629.186404287655,6.4391350746154785,210103.73863201516,210.10373863201517,market_trend_exit,risk_exit,-27917.08005659733
2010-07-27,2010-07-28,AAPL,buy,21912.811976304456,7.886269171216666,172810.33354339717,172.81033354339718,rebalance,rebalance,0.0
2010-07-27,2010-07-28,AIG,buy,7156.742824654962,24.146505998240706,172810.33354339717,172.81033354339718,rebalance,rebalance,0.0
2010-07-27,2010-07-28,AKAM,buy,3896.51272804969,44.349998474121094,172810.33354339717,172.81033354339718,rebalance,rebalance,0.0
2010-07-27,2010-07-28,CLF,buy,3793.6802935377345,45.55216048062018,172810.33354339717,172.81033354339718,rebalance,rebalance,0.0
2010-07-27,2010-07-28,CMI,buy,3199.2635939471634,54.01565968816859,172810.33354339717,172.81033354339718,rebalance,rebalance,0.0
2010-07-27,2010-07-28,CRM,buy,7136.190503645816,24.21604824802672,172810.33354339717,172.81033354339718,rebalance,rebalance,0.0
2010-07-27,2010-07-28,HAS,buy,6954.072617048078,24.850234252623192,172810.33354339717,172.81033354339718,rebalance,rebalance,0.0
2010-07-27,2010-07-28,HST,buy,21295.40285707766,8.114912627067891,172810.33354339717,172.81033354339718,rebalance,rebalance,0.0
2010-07-27,2010-07-28,HSY,buy,5407.9105758500245,31.95510190481183,172810.33354339717,172.81033354339718,rebalance,rebalance,0.0
2010-07-27,2010-07-28,NEM,buy,4491.411342278663,38.47573076121857,172810.33354339717,172.81033354339718,rebalance,rebalance,0.0
2010-07-27,2010-07-28,NTAP,buy,5409.396762822342,31.94632250514265,172810.33354339717,172.81033354339718,rebalance,rebalance,0.0
2010-07-27,2010-07-28,TMUS,buy,12200.304681288731,14.164427697320672,172810.33354339717,172.81033354339718,rebalance,rebalance,0.0
2010-07-27,2010-07-28,VIAV,buy,27922.846567703105,6.1888508796691895,172810.33354339717,172.81033354339718,rebalance,rebalance,0.0
2010-07-27,2010-07-28,WHR,buy,3427.441135001783,50.41963573892488,172810.33354339717,172.81033354339718,rebalance,rebalance,0.0
2010-07-27,2010-07-28,WYNN,buy,3111.128898508833,55.54586106227399,172810.33354339717,172.81033354339718,rebalance,rebalance,0.0
2010-08-24,2010-08-25,AAPL,sell,21912.811976304456,7.119690904340076,156012.44811620913,156.01244811620913,market_trend_exit,risk_exit,-17126.70820884765
2010-08-24,2010-08-25,AIG,sell,7156.742824654962,21.427686242315314,153352.43976364797,153.35243976364796,market_trend_exit,risk_exit,-19784.05655305623
2010-08-24,2010-08-25,AKAM,sell,3896.51272804969,45.029998779296875,175459.9633875923,175.4599633875923,market_trend_exit,risk_exit,2301.3595472641277
2010-08-24,2010-08-25,CLF,sell,3793.6802935377345,47.8146650634158,181393.55259318772,181.39355259318774,market_trend_exit,risk_exit,8229.015163653985
2010-08-24,2010-08-25,CMI,sell,3199.2635939471634,50.46321813803982,161445.13662244496,161.44513662244495,market_trend_exit,risk_exit,-11699.452391118019
2010-08-24,2010-08-25,CRM,sell,7136.190503645816,27.479588993473453,196099.58201931533,196.09958201931533,market_trend_exit,risk_exit,22920.338560355456
2010-08-24,2010-08-25,HAS,sell,6954.072617048078,24.35206826638203,169346.05109973275,169.34605109973276,market_trend_exit,risk_exit,-3806.438828307532
2010-08-24,2010-08-25,HST,sell,21295.40285707766,7.248055083178492,154350.25292657551,154.3502529265755,market_trend_exit,risk_exit,-18787.241203291585
2010-08-24,2010-08-25,HSY,sell,5407.9105758500245,31.945197173379754,172756.7696415347,172.7567696415347,market_trend_exit,risk_exit,-399.1310050474013
2010-08-24,2010-08-25,NEM,sell,4491.411342278663,40.57493896249493,182238.7410684142,182.2387410684142,market_trend_exit,risk_exit,9073.358450405254
2010-08-24,2010-08-25,NTAP,sell,5409.396762822342,28.733387242004724,155430.29193182112,155.43029193182113,market_trend_exit,risk_exit,-17708.28223705124
2010-08-24,2010-08-25,TMUS,sell,12200.304681288731,13.880827639618476,169350.3264317993,169.35032643179932,market_trend_exit,risk_exit,-3802.1677715730343
2010-08-24,2010-08-25,VIAV,sell,27922.846567703105,5.728099822998047,159944.85248206177,159.94485248206178,market_trend_exit,risk_exit,-13198.236247360841
2010-08-24,2010-08-25,WHR,sell,3427.441135001783,43.765538139616446,150003.80571521082,150.00380571521083,market_trend_exit,risk_exit,-23129.341967444936
2010-08-24,2010-08-25,WYNN,sell,3111.128898508833,52.006907989356755,161800.1943677777,161.8001943677777,market_trend_exit,risk_exit,-11344.74970353062
2010-09-22,2010-09-23,AKAM,buy,6053.786659536327,50.86000061035156,307895.5931989557,307.8955931989557,rebalance,rebalance,0.0
2010-09-22,2010-09-23,AN,buy,13468.748249268774,22.860000610351562,307895.5931989557,307.8955931989557,rebalance,rebalance,0.0
2010-09-22,2010-09-23,AZO,buy,1392.688577206743,221.0800018310547,307895.5931989557,307.8955931989557,rebalance,rebalance,0.0
2010-09-22,2010-09-23,BKNG,buy,23423.416677655976,13.144777187551076,307895.5931989557,307.8955931989557,rebalance,rebalance,0.0
2010-09-22,2010-09-23,CBRE,buy,17191.26721508291,17.90999984741211,307895.5931989557,307.8955931989557,rebalance,rebalance,0.0
2010-09-22,2010-09-23,CHRW,buy,6532.606208261873,47.13212206325189,307895.5931989557,307.8955931989557,rebalance,rebalance,0.0
2010-09-22,2010-09-23,CMI,buy,5166.157603263294,59.598567609410146,307895.5931989557,307.8955931989557,rebalance,rebalance,0.0
2010-09-22,2010-09-23,CRM,buy,10626.711470473887,28.973741693696837,307895.5931989557,307.8955931989557,rebalance,rebalance,0.0
2010-09-22,2010-09-23,FSLR,buy,2153.1160363563336,143.0,307895.5931989557,307.8955931989557,rebalance,rebalance,0.0
2010-09-22,2010-09-23,INTU,buy,7728.615600330164,39.83838880352679,307895.5931989557,307.8955931989557,rebalance,rebalance,0.0
2010-09-22,2010-09-23,NEE,buy,36032.01408004583,8.545056418854621,307895.5931989557,307.8955931989557,rebalance,rebalance,0.0
2010-09-22,2010-09-23,NEM,buy,6710.09014401235,45.8854630252176,307895.5931989557,307.8955931989557,rebalance,rebalance,0.0
2010-09-22,2010-09-23,NTAP,buy,8731.72141307047,35.26172888865514,307895.5931989557,307.8955931989557,rebalance,rebalance,0.0
2010-09-22,2010-09-23,TMUS,buy,19425.224725910983,15.850297617831876,307895.5931989557,307.8955931989557,rebalance,rebalance,0.0
2010-09-22,2010-09-23,WYNN,buy,5355.01001574776,57.49673526165421,307895.5931989557,307.8955931989557,rebalance,rebalance,0.0
2010-10-20,2010-10-21,AN,sell,13468.748249268774,23.969999313354492,322845.886286717,322.845886286717,rebalance,rebalance,14319.55160827566
2010-10-20,2010-10-21,CBRE,sell,17191.26721508291,18.90999984741211,325086.8604140386,325.0868604140386,rebalance,rebalance,16558.284761469928
2010-10-20,2010-10-21,CHRW,sell,6532.606208261873,50.68792270122039,331124.2385218902,331.1242385218902,rebalance,rebalance,22589.625491213712
2010-10-20,2010-10-21,FSLR,sell,2153.1160363563336,144.57000732421875,311276.001145928,311.276001145928,rebalance,rebalance,2761.236352627464
2010-10-20,2010-10-21,NEE,sell,36032.01408004583,8.881862639554184,320031.3996854494,320.0313996854494,rebalance,rebalance,11507.879493609309
2010-10-20,2010-10-21,WYNN,sell,5355.01001574776,65.59772449830116,351276.47169866494,351.276471698665,rebalance,rebalance,42721.70643481163
2010-10-20,2010-10-21,AKAM,buy,1623.2763090230037,46.16999816894531,74946.66421528439,74.94666421528439,rebalance,rebalance,0.0
2010-10-20,2010-10-21,AMT,buy,9728.059314528953,36.43583696821087,354449.98320126213,354.4499832012621,rebalance,rebalance,0.0
2010-10-20,2010-10-21,AZO,buy,131.30308334339043,232.5800018310547,30538.47136442887,30.538471364428872,rebalance,rebalance,0.0
2010-10-20,2010-10-21,BKNG,buy,2507.071116782474,13.669237000519685,34269.7492724572,34.269749272457204,rebalance,rebalance,0.0
2010-10-20,2010-10-21,CMI,buy,432.9562045139837,63.30465773153677,27408.144339502975,27.408144339502975,rebalance,rebalance,0.0
2010-10-20,2010-10-21,CRM,buy,3134.6523193957837,25.756893619961414,80738.9063262425,80.7389063262425,rebalance,rebalance,0.0
2010-10-20,2010-10-21,CTSH,buy,12187.019751940286,29.08422160756984,354449.98320126213,354.4499832012621,rebalance,rebalance,0.0
2010-10-20,2010-10-21,DE,buy,6198.5237230142175,57.18296791948071,354449.98320126213,354.4499832012621,rebalance,rebalance,0.0
2010-10-20,2010-10-21,INTU,buy,1062.4545866790904,40.31932127274335,42837.447818014,42.837447818014,rebalance,rebalance,0.0
2010-10-20,2010-10-21,MSI,buy,14152.488390563814,25.045064402779655,354449.98320126213,354.4499832012621,rebalance,rebalance,0.0
2010-10-20,2010-10-21,NEM,buy,1603.0793004334528,42.63716571278086,68350.75778330995,68.35075778330994,rebalance,rebalance,0.0
2010-10-20,2010-10-21,NTAP,buy,524.8592557067113,38.291675499230095,20097.74030228882,20.097740302288823,rebalance,rebalance,0.0
2010-10-20,2010-10-21,TDC,buy,9322.724327555434,38.02000045776367,354449.98320126213,354.4499832012621,rebalance,rebalance,0.0
2010-10-20,2010-10-21,TMUS,buy,1560.3482968865828,16.890174159943466,26354.55448458556,26.35455448458556,rebalance,rebalance,0.0
2010-10-20,2010-10-21,VZ,buy,24160.202666749945,14.670819946765913,354449.98320126213,354.4499832012621,rebalance,rebalance,0.0
2010-11-17,2010-11-18,AKAM,sell,7677.06296855933,48.540000915527344,372644.64352243097,372.64464352243095,rebalance,rebalance,-10953.100792745812
2010-11-17,2010-11-18,AMT,sell,9728.059314528953,36.95212838896738,359472.4967659639,359.4724967659639,rebalance,rebalance,4308.591084734537
2010-11-17,2010-11-18,AZO,sell,1523.9916605501335,251.7100067138672,383603.9511089517,383.6039511089517,rebalance,rebalance,44447.848529894814
2010-11-17,2010-11-18,BKNG,sell,1933.6219012692418,16.058873273621764,31051.789071582327,31.051789071582327,rebalance,rebalance,5480.144922342421
2010-11-17,2010-11-18,CRM,sell,13761.36378986967,27.80643481751162,382654.46522307565,382.65446522307565,rebalance,rebalance,-6751.323266870739
2010-11-17,2010-11-18,MSI,sell,14152.488390563814,25.202179588176314,356673.5540385696,356.67355403856965,rebalance,rebalance,1512.4473000676808
2010-11-17,2010-11-18,NEM,sell,8313.169444445803,42.70072165838606,354978.3345462801,354.9783345462801,rebalance,rebalance,-21999.24112151414
2010-11-17,2010-11-18,TDC,sell,9322.724327555434,39.36000061035156,366942.43522272125,366.94243522272126,rebalance,rebalance,11771.05960303521
2010-11-17,2010-11-18,TMUS,sell,20985.573022797565,18.954180393046904,397764.3367255637,397.7643367255637,rebalance,rebalance,62782.1745576134
2010-11-17,2010-11-18,VZ,sell,24160.202666749945,14.568135974156604,351969.1176123942,351.9691176123942,rebalance,rebalance,-3187.2846896815145
2010-11-17,2010-11-18,AFL,buy,20639.603945300634,18.67102825053204,385362.62834250065,385.36262834250067,rebalance,rebalance,0.0
2010-11-17,2010-11-18,AMZN,buy,47948.568198261026,8.036999702453613,385362.62834250065,385.36262834250067,rebalance,rebalance,0.0
2010-11-17,2010-11-18,CAT,buy,6829.3265010417035,56.427618196863165,385362.62834250065,385.36262834250067,rebalance,rebalance,0.0
2010-11-17,2010-11-18,CF,buy,23448.94300643851,16.43411510005758,385362.62834250065,385.36262834250067,rebalance,rebalance,0.0
2010-11-17,2010-11-18,CLF,buy,6734.342095067129,57.223500514590256,385362.62834250065,385.36262834250067,rebalance,rebalance,0.0
2010-11-17,2010-11-18,CMI,buy,403.486015740893,64.19928692108557,25903.514493195238,25.90351449319524,rebalance,rebalance,0.0
2010-11-17,2010-11-18,CTSH,buy,1709.861934353974,27.730151054143526,47414.729721365744,47.414729721365745,rebalance,rebalance,0.0
2010-11-17,2010-11-18,DE,buy,519.6549381942204,57.36117596390079,29808.01835026867,29.80801835026867,rebalance,rebalance,0.0
2010-11-17,2010-11-18,EMN,buy,15535.783827082749,24.804839757793065,385362.62834250065,385.36262834250067,rebalance,rebalance,0.0
2010-11-17,2010-11-18,FCX,buy,10706.810154207513,35.99229114855115,385362.62834250065,385.36262834250067,rebalance,rebalance,0.0
2010-11-17,2010-11-18,INTU,buy,329.55625840150606,42.25177192038209,13924.335864914938,13.924335864914937,rebalance,rebalance,0.0
2010-11-17,2010-11-18,KMX,buy,11839.097922427512,32.54999923706055,385362.62834250065,385.36262834250067,rebalance,rebalance,0.0
2010-11-17,2010-11-18,NOV,buy,8962.281077816035,42.99827521548871,385362.62834250065,385.36262834250067,rebalance,rebalance,0.0
2010-11-17,2010-11-18,NTAP,buy,757.5324169904143,38.48195292403791,29151.32680905778,29.15132680905778,rebalance,rebalance,0.0
2010-12-16,2010-12-17,AFL,sell,20639.603945300634,18.76336181346637,387268.3565123238,387.2683565123238,rebalance,rebalance,1133.0971849683165
2010-12-16,2010-12-17,AMZN,sell,47948.568198261026,8.920499801635742,427725.19310130534,427.72519310130536,rebalance,rebalance,41549.47693736091
2010-12-16,2010-12-17,CAT,sell,6829.3265010417035,63.882881197474035,436277.0535248082,436.2770535248082,rebalance,rebalance,50092.785500440245
2010-12-16,2010-12-17,CLF,sell,6734.342095067129,63.70321534212821,428999.2446696202,428.99924466962017,rebalance,rebalance,42822.254454107424
2010-12-16,2010-12-17,CMI,sell,6002.5998235181705,74.38259041516369,446488.9240988859,446.48892409888595,rebalance,rebalance,84473.97589110151
2010-12-16,2010-12-17,CTSH,sell,13896.88168629426,30.930286756972123,429834.5355847958,429.83453558479584,rebalance,rebalance,27138.1234136605
2010-12-16,2010-12-17,DE,sell,6718.178661208438,61.073402657719384,410302.0305024811,410.3020305024811,rebalance,rebalance,25249.468918896302
2010-12-16,2010-12-17,EMN,sell,15535.783827082749,25.601807597280054,397744.1484139077,397.7441484139077,rebalance,rebalance,11598.413294650652
2010-12-16,2010-12-17,FCX,sell,621.6881715828931,40.88463369623106,25417.49316844623,25.41749316844623,rebalance,rebalance,2993.7180183806518
2010-12-16,2010-12-17,INTU,sell,9120.62644541076,43.07371059813514,392859.2239833211,392.8592239833211,rebalance,rebalance,27444.33050057129
2010-12-16,2010-12-17,NTAP,sell,10014.113085767596,39.25043008762085,393058.24556245015,393.05824556245017,rebalance,rebalance,35163.382346275095
2010-12-16,2010-12-17,AMP,buy,10338.620361823052,39.88216063760251,412326.51804141514,412.32651804141517,rebalance,rebalance,0.0
2010-12-16,2010-12-17,ANF,buy,10031.186502586626,41.10446136507314,412326.51804141514,412.32651804141517,rebalance,rebalance,0.0
2010-12-16,2010-12-17,BKNG,buy,2286.132511155043,15.687955829787535,35864.745856041576,35.86474585604158,rebalance,rebalance,0.0
2010-12-16,2010-12-17,CF,buy,967.0214007564718,16.887578600823538,16330.649913953397,16.330649913953398,rebalance,rebalance,0.0
2010-12-16,2010-12-17,EBAY,buy,36316.714203690426,11.353629508682683,412326.51804141514,412.32651804141517,rebalance,rebalance,0.0
2010-12-16,2010-12-17,EXPD,buy,8856.467325051228,46.556544828558955,412326.5180414151,412.3265180414151,rebalance,rebalance,0.0
2010-12-16,2010-12-17,F,buy,49489.76238627497,8.331551782834302,412326.51804141514,412.32651804141517,rebalance,rebalance,0.0
2010-12-16,2010-12-17,FTI,buy,13700.575762691418,30.095561324089594,412326.51804141514,412.32651804141517,rebalance,rebalance,0.0
2010-12-16,2010-12-17,HAL,buy,13350.124325074097,30.88559387173547,412326.51804141514,412.32651804141517,rebalance,rebalance,0.0
2010-12-16,2010-12-17,KMX,buy,36.66542851239865,34.720001220703125,1273.0237227080843,1.2730237227080843,rebalance,rebalance,0.0
2010-12-16,2010-12-17,NOV,buy,155.2195786860193,45.223634587552084,7019.593507330324,7.019593507330325,rebalance,rebalance,0.0
2010-12-16,2010-12-17,PH,buy,6289.277290463741,65.56023832286971,412326.51804141514,412.32651804141517,rebalance,rebalance,0.0
2010-12-16,2010-12-17,PM,buy,14349.524525527568,28.734507356525512,412326.51804141514,412.32651804141517,rebalance,rebalance,0.0
2010-12-16,2010-12-17,QCOM,buy,12387.91758169219,33.28457065703946,412326.51804141514,412.32651804141517,rebalance,rebalance,0.0
2011-01-14,2011-01-18,AMP,sell,10338.620361823052,43.836600841748236,453209.97405560786,453.20997405560786,rebalance,rebalance,40017.919522095755
2011-01-14,2011-01-18,CF,sell,984.1914049787811,20.24484379845638,19924.80126157875,19.92480126157875,rebalance,rebalance,3696.693634942799
2011-01-14,2011-01-18,EBAY,sell,36316.714203690426,10.848861496552017,393995.0024057008,393.9950024057008,rebalance,rebalance,-19137.837156161426
2011-01-14,2011-01-18,EXPD,sell,8856.467325051228,44.682495064372205,395729.0575393752,395.7290575393752,rebalance,rebalance,-17405.516077620665
2011-01-14,2011-01-18,F,sell,49489.76238627497,9.276060338545637,459070.0220353729,459.0700220353729,rebalance,rebalance,45872.10745388103
2011-01-14,2011-01-18,FTI,sell,13700.575762691418,30.279509866353454,414846.7189811378,414.8467189811378,rebalance,rebalance,1693.02770270016
2011-01-14,2011-01-18,HAL,sell,13350.124325074097,30.602374501531663,408545.50423792517,408.5455042379252,rebalance,rebalance,-4601.885825769315
2011-01-14,2011-01-18,PM,sell,14349.524525527568,27.522943969692584,394941.1595078248,394.9411595078248,rebalance,rebalance,-18192.626211139526
2011-01-14,2011-01-18,QCOM,sell,12387.91758169219,35.10801503563852,434915.1967183002,434.91519671830025,rebalance,rebalance,21741.436962125434
2011-01-14,2011-01-18,ADSK,buy,11441.693073466886,41.459999084472656,474372.5843507542,474.3725843507542,rebalance,rebalance,0.0
2011-01-14,2011-01-18,ANF,buy,2295.3812389091872,38.48375267949403,88334.88390333176,88.33488390333177,rebalance,rebalance,0.0
2011-01-14,2011-01-18,BKNG,buy,1418.1797598425183,17.124635693812664,24285.81173564186,24.28581173564186,rebalance,rebalance,0.0
2011-01-14,2011-01-18,CLF,buy,6331.660827657952,74.92071942303046,474372.5843507542,474.3725843507542,rebalance,rebalance,0.0
2011-01-14,2011-01-18,CMI,buy,6105.056957098791,77.7015820956702,474372.5843507542,474.3725843507542,rebalance,rebalance,0.0
2011-01-14,2011-01-18,EMN,buy,15996.674714861056,29.654449615710305,474372.5843507542,474.3725843507542,rebalance,rebalance,0.0
2011-01-14,2011-01-18,ETN,buy,13376.283028600279,35.46370717010714,474372.5843507542,474.3725843507542,rebalance,rebalance,0.0
2011-01-14,2011-01-18,FCX,buy,826.3373021457974,43.47471515683113,35924.778834252844,35.92477883425285,rebalance,rebalance,0.0
2011-01-14,2011-01-18,FFIV,buy,3284.673801171386,144.4199981689453,474372.5843507542,474.3725843507542,rebalance,rebalance,0.0
2011-01-14,2011-01-18,KMX,buy,2824.347514308849,32.27000045776367,91141.69557963025,91.14169557963025,rebalance,rebalance,0.0
2011-01-14,2011-01-18,NOV,buy,356.1415791501586,50.072883538449986,17833.035815985557,17.833035815985557,rebalance,rebalance,0.0
2011-01-14,2011-01-18,PH,buy,582.9597863625513,69.02738934172902,40240.192143819004,40.240192143819,rebalance,rebalance,0.0
2011-01-14,2011-01-18,RL,buy,5591.547545812879,84.83744088092013,474372.58435075416,474.37258435075415,rebalance,rebalance,0.0
2011-01-14,2011-01-18,TPR,buy,13285.91602973944,35.70492115778166,474372.5843507542,474.3725843507542,rebalance,rebalance,0.0
2011-02-14,2011-02-15,ADSK,sell,11441.693073466886,42.16999816894531,482496.17595773283,482.4961759577328,rebalance,rebalance,7166.722846670206
2011-02-14,2011-02-15,ANF,sell,12326.567741495814,40.1078503188616,494392.133921222,494.392133921222,rebalance,rebalance,-7264.3215593907935
2011-02-14,2011-02-15,BKNG,sell,27701.17816416677,17.78226640193009,492589.72976254224,492.5897297625422,rebalance,rebalance,114919.51642978858
2011-02-14,2011-02-15,CF,sell,9013.778253569279,20.997778016105578,189269.31485484753,189.26931485484752,rebalance,rebalance,40636.3940895064
2011-02-14,2011-02-15,CLF,sell,6331.660827657952,78.12429693692054,494656.5506038179,494.65655060381795,rebalance,rebalance,19314.937118109177
2011-02-14,2011-02-15,CMI,sell,6105.056957098791,77.83186606047803,475167.97537650267,475.1679753765027,rebalance,rebalance,-154.14953397871312
2011-02-14,2011-02-15,EMN,sell,5829.125399483588,29.775695576080384,173566.26336982127,173.56626336982129,rebalance,rebalance,360.3321383455699
2011-02-14,2011-02-15,ETN,sell,13376.283028600279,38.12349363794935,509950.64094025263,509.95064094025264,rebalance,rebalance,34593.733364207495
2011-02-14,2011-02-15,FCX,sell,3520.509695213277,40.961699102537686,144206.05882289293,144.20605882289294,rebalance,rebalance,15227.030962315172
2011-02-14,2011-02-15,FFIV,sell,946.506801177633,129.47999572753906,122553.69657256658,122.55369657256658,rebalance,rebalance,-14400.062127466974
2011-02-14,2011-02-15,KMX,sell,6111.576023561838,35.25,215433.05483055479,215.4330548305548,rebalance,rebalance,16382.893123480706
2011-02-14,2011-02-15,NOV,sell,4161.483429908884,56.99111495728352,237167.58054676774,237.16758054676774,rebalance,rebalance,56555.10862563779
2011-02-14,2011-02-15,PH,sell,6872.237076826293,71.20976373554281,489370.37857543764,489.37037857543766,rebalance,rebalance,35861.73130144284
2011-02-14,2011-02-15,RL,sell,5591.547545812879,96.90857838775753,541868.9236522807,541.8689236522807,rebalance,rebalance,66480.09779352346
2011-02-14,2011-02-15,TPR,sell,13285.91602973944,37.89053790101544,503410.5048745508,503.4105048745508,rebalance,rebalance,28060.137434571297
2011-02-14,2011-02-15,A,buy,10699.661459891668,28.294900198882484,302745.853169464,302.745853169464,rebalance,rebalance,0.0
2011-02-14,2011-02-15,AIG,buy,9748.344056501228,31.056131319817442,302745.853169464,302.745853169464,rebalance,rebalance,0.0
2011-02-14,2011-02-15,ANDV,buy,14534.325866827334,20.829714150034377,302745.853169464,302.745853169464,rebalance,rebalance,0.0
2011-02-14,2011-02-15,F,buy,37992.04944536328,7.968663380606662,302745.853169464,302.745853169464,rebalance,rebalance,0.0
2011-02-14,2011-02-15,FLR,buy,4753.893308505381,63.68377107408136,302745.853169464,302.745853169464,rebalance,rebalance,0.0
2011-02-14,2011-02-15,JBL,buy,15878.365423272315,19.066562904878165,302745.853169464,302.745853169464,rebalance,rebalance,0.0
2011-02-14,2011-02-15,LEN,buy,17866.348629137625,16.945032219718694,302745.853169464,302.745853169464,rebalance,rebalance,0.0
2011-02-14,2011-02-15,THC,buy,10905.830355667058,27.760000228881836,302745.853169464,302.745853169464,rebalance,rebalance,0.0
2011-02-14,2011-02-15,VIAV,buy,19866.637219946755,15.238907814025879,302745.853169464,302.745853169464,rebalance,rebalance,0.0
2011-03-15,2011-03-16,A,sell,2522.0225038051076,27.536831281948505,69448.50817655858,69.44850817655858,rebalance,rebalance,-2052.675751163713
2011-03-15,2011-03-16,AIG,sell,9748.344056501228,27.688606017017687,269918.0578987985,269.9180578987985,rebalance,rebalance,-33400.459181733735
2011-03-15,2011-03-16,ANDV,sell,4237.683994682418,21.86987437405513,92677.6166006486,92.6776166006486,rebalance,rebalance,4226.92297036997
2011-03-15,2011-03-16,CF,sell,1539.6595527762001,17.48566571637678,26921.972256870806,26.921972256870806,rebalance,rebalance,1539.125213546266
2011-03-15,2011-03-16,EMN,sell,10167.549315377468,29.625068439770338,301214.3443327975,301.2143443327975,rebalance,rebalance,-901.4619785342587
2011-03-15,2011-03-16,F,sell,37992.04944536328,7.322421508265786,278193.8000018253,278.1938000018253,rebalance,rebalance,-25132.99282080994
2011-03-15,2011-03-16,FCX,sell,7390.94958955714,38.327982235551886,283280.1845724056,283.2801845724056,rebalance,rebalance,12521.389262554952
2011-03-15,2011-03-16,FFIV,sell,2338.166999993753,111.22000122070312,260050.93659351298,260.050936593513,rebalance,rebalance,-78224.86627472445
2011-03-15,2011-03-16,FLR,sell,4753.893308505381,59.4869927436341,282794.8167470703,282.7948167470703,rebalance,rebalance,-20536.577092310148
2011-03-15,2011-03-16,JBL,sell,2887.362763259296,17.33401725115338,50049.595948674534,50.049595948674536,rebalance,rebalance,-5107.5894859152295
2011-03-15,2011-03-16,KMX,sell,8588.534841686922,32.939998626708984,282906.32589060947,282.9063258906095,rebalance,rebalance,3203.0232244785834
2011-03-15,2011-03-16,LEN,sell,17866.348629137625,16.121493149022733,288032.2170226939,288.0322170226939,rebalance,rebalance,-15304.41421696218
2011-03-15,2011-03-16,NOV,sell,1139.660588933547,53.96916967183717,61506.53569246047,61.506535692460474,rebalance,rebalance,12047.589749359944
2011-03-15,2011-03-16,THC,sell,2828.8478952323894,27.8799991607666,78868.27694501539,78.86827694501538,rebalance,rebalance,182.06163072822892
2011-03-15,2011-03-16,VIAV,sell,1462.2922115093752,12.235494613647461,17891.868477501594,17.891868477501593,rebalance,rebalance,-4432.043335543667
2011-03-15,2011-03-16,EL,buy,6146.0483193896425,36.639195222078584,225186.2642184451,225.1862642184451,rebalance,rebalance,0.0
2011-03-15,2011-03-16,HOG,buy,7799.243751398177,28.87283323823233,225186.2642184451,225.1862642184451,rebalance,rebalance,0.0
2011-03-15,2011-03-16,MU,buy,22355.063748091172,10.073165827481617,225186.2642184451,225.1862642184451,rebalance,rebalance,0.0
2011-03-15,2011-03-16,SLB,buy,3925.9797057710234,57.35797968782948,225186.2642184451,225.1862642184451,rebalance,rebalance,0.0
2011-03-15,2011-03-16,TER,buy,14470.093953028376,15.562183974024368,225186.2642184451,225.1862642184451,rebalance,rebalance,0.0
2011-03-15,2011-03-16,VLO,buy,14820.62726922524,15.194111566791793,225186.2642184451,225.1862642184451,rebalance,rebalance,0.0
2011-03-15,2011-03-16,WY,buy,15920.723184789353,14.144223324829108,225186.2642184451,225.1862642184451,rebalance,rebalance,0.0
2011-03-15,2011-03-16,WYNN,buy,2737.4605833190712,82.26100700431455,225186.2642184451,225.1862642184451,rebalance,rebalance,0.0
2011-04-12,2011-04-13,A,sell,8177.63895608656,28.560229147206048,233555.242468951,233.555242468951,rebalance,rebalance,1704.8236233943628
2011-04-12,2011-04-13,CF,sell,12878.33519587072,18.697078194423728,240787.24017119408,240.78724017119407,rebalance,rebalance,28459.240743240833
2011-04-12,2011-04-13,EL,sell,6146.0483193896425,39.08811040345647,240237.41525328043,240.23741525328043,rebalance,rebalance,14585.727355363642
2011-04-12,2011-04-13,HOG,sell,7799.243751398177,28.276494413702657,220535.2723675159,220.5352723675159,rebalance,rebalance,-5096.713387515125
2011-04-12,2011-04-13,MU,sell,22355.063748091172,10.365707671943102,231726.05580036578,231.72605580036577,rebalance,rebalance,6082.879261901909
2011-04-12,2011-04-13,SLB,sell,3925.9797057710234,59.26150177346455,232659.45329613535,232.65945329613535,rebalance,rebalance,7015.343360175684
2011-04-12,2011-04-13,WYNN,sell,2737.4605833190712,90.80465226959866,248574.156370021,248.574156370021,rebalance,rebalance,22914.131730987425
2011-04-12,2011-04-13,AN,buy,9302.414226198314,33.220001220703125,309026.2119497941,309.0262119497941,rebalance,rebalance,0.0
2011-04-12,2011-04-13,ANDV,buy,3397.5299753612144,22.56625777673963,76669.537228201,76.66953722820101,rebalance,rebalance,0.0
2011-04-12,2011-04-13,CBRE,buy,11216.92270445107,27.549999237060547,309026.2119497941,309.0262119497941,rebalance,rebalance,0.0
2011-04-12,2011-04-13,HP,buy,8716.623906181845,35.45251180685129,309026.2119497941,309.0262119497941,rebalance,rebalance,0.0
2011-04-12,2011-04-13,JBL,buy,5677.3077529100265,16.553517973210486,93979.41592724336,93.97941592724337,rebalance,rebalance,0.0
2011-04-12,2011-04-13,NBR,buy,243.79646228935655,1267.5582288926646,309026.2119497941,309.0262119497941,rebalance,rebalance,0.0
2011-04-12,2011-04-13,NOV,buy,1547.380105397011,54.026710804325006,83599.85745865027,83.59985745865026,rebalance,rebalance,0.0
2011-04-12,2011-04-13,ROK,buy,4567.176156231771,67.66242452201836,309026.2119497941,309.0262119497941,rebalance,rebalance,0.0
2011-04-12,2011-04-13,RRC,buy,6130.309774734886,50.409558946498485,309026.2119497941,309.0262119497941,rebalance,rebalance,0.0
2011-04-12,2011-04-13,TER,buy,5340.57889412341,15.598976083955842,83307.5624439104,83.3075624439104,rebalance,rebalance,0.0
2011-04-12,2011-04-13,THC,buy,3317.7890140093314,27.1200008392334,89978.44084433242,89.97844084433243,rebalance,rebalance,0.0
2011-04-12,2011-04-13,VIAV,buy,10600.892984376893,10.654151916503906,112943.52430615188,112.94352430615189,rebalance,rebalance,0.0
2011-04-12,2011-04-13,VLO,buy,5843.578799419169,14.954661743269504,87388.74431545458,87.38874431545457,rebalance,rebalance,0.0
2011-04-12,2011-04-13,WMB,buy,27111.79639494679,11.398219706584685,309026.2119497941,309.0262119497941,rebalance,rebalance,0.0
2011-04-12,2011-04-13,WY,buy,7781.002061739055,13.038131559433936,101449.7285451805,101.44972854518049,rebalance,rebalance,0.0
2011-05-11,2011-05-12,AN,sell,9302.414226198314,33.68000030517578,313305.31397723075,313.30531397723075,rebalance,rebalance,3656.770501509658
2011-05-11,2011-05-12,JBL,sell,18668.310412923045,18.293941388771383,341516.9765214047,341.5169765214047,rebalance,rebalance,-839.3989822796634
2011-05-11,2011-05-12,NOV,sell,5719.878322206792,48.48016564125442,277300.6485084057,277.30064850840574,rebalance,rebalance,12487.161368297393
2011-05-11,2011-05-12,RRC,sell,6130.309774734886,47.64905114882264,292103.44401447,292.10344401446997,rebalance,rebalance,-17523.897591288303
2011-05-11,2011-05-12,THC,sell,11394.771474444,25.959999084472656,295808.25704434136,295.80825704434136,rebalance,rebalance,-18997.22248317101
2011-05-11,2011-05-12,VIAV,sell,2769.1141709245276,12.059158325195312,33393.186207720835,33.39318620772084,rebalance,rebalance,-4235.986111935779
2011-05-11,2011-05-12,WMB,sell,27111.79639494679,11.476675525500765,311153.2901382457,311.15329013824567,rebalance,rebalance,1506.898686363565
2011-05-11,2011-05-12,WY,sell,23701.725246528407,12.634930569667274,299469.65287121636,299.46965287121634,rebalance,rebalance,-27792.445538044027
2011-05-11,2011-05-12,ANDV,buy,937.6895829202476,21.623056814199014,20275.71512556709,20.275715125567093,rebalance,rebalance,0.0
2011-05-11,2011-05-12,ANF,buy,5656.688077110991,55.931238685019146,316385.5710075968,316.3855710075968,rebalance,rebalance,0.0
2011-05-11,2011-05-12,CBRE,buy,762.8415074218483,26.40999984741211,20146.644094610638,20.14664409461064,rebalance,rebalance,0.0
2011-05-11,2011-05-12,CLF,buy,4378.935806616134,72.25170337723833,316385.5710075968,316.3855710075968,rebalance,rebalance,0.0
2011-05-11,2011-05-12,GT,buy,20046.22602280363,15.782799747328584,316385.5710075968,316.3855710075968,rebalance,rebalance,0.0
2011-05-11,2011-05-12,HAL,buy,8912.204467210102,35.50025946685208,316385.5710075968,316.3855710075968,rebalance,rebalance,0.0
2011-05-11,2011-05-12,HP,buy,1220.3880080028612,31.839105531912306,38856.06257668334,38.85606257668334,rebalance,rebalance,0.0
2011-05-11,2011-05-12,HRB,buy,35619.632764406044,8.88233669056112,316385.5710075968,316.3855710075968,rebalance,rebalance,0.0
2011-05-11,2011-05-12,IRM,buy,26319.788606748138,12.02082492890838,316385.5710075968,316.3855710075968,rebalance,rebalance,0.0
2011-05-11,2011-05-12,JEF,buy,13894.25428593087,22.77096449342837,316385.5710075968,316.3855710075968,rebalance,rebalance,0.0
2011-05-11,2011-05-12,NBR,buy,32.74209934263598,1144.0920540717616,37459.97569153808,37.45997569153808,rebalance,rebalance,0.0
2011-05-11,2011-05-12,ROK,buy,576.6337810009118,61.508021266005215,35467.602864501074,35.467602864501075,rebalance,rebalance,0.0
2011-05-11,2011-05-12,TER,buy,1528.6862734727838,14.82638579814747,22664.89245483986,22.664892454839862,rebalance,rebalance,0.0
2011-05-11,2011-05-12,VLO,buy,980.4561792921304,14.617256087595404,14331.579055378425,14.331579055378425,rebalance,rebalance,0.0
2011-06-09,2011-06-10,ANF,sell,5656.688077110991,49.278260606949345,278751.7492360986,278.7517492360986,rebalance,rebalance,-38228.9590917419
2011-06-09,2011-06-10,CLF,sell,4378.935806616134,72.07444541061457,315609.36975054006,315.60936975054005,rebalance,rebalance,-1408.1961978148486
2011-06-09,2011-06-10,HAL,sell,8912.204467210102,37.40729818218642,333381.48996554216,333.3814899655422,rebalance,rebalance,16346.151896972237
2011-06-09,2011-06-10,HP,sell,9937.011914184706,33.84297926443701,336298.08816221653,336.2980881622165,rebalance,rebalance,-12268.366726949575
2011-06-09,2011-06-10,HRB,sell,35619.632764406044,8.910015014835428,317371.4627537818,317.3714627537818,rebalance,rebalance,352.13471242368956
2011-06-09,2011-06-10,JEF,sell,13894.25428593087,20.87964665539546,290107.1200304506,290.1071200304506,rebalance,rebalance,-26884.943668184238
2011-06-09,2011-06-10,NBR,sell,276.53856163199254,1141.5286637724837,315676.6947413331,315.6766947413331,rebalance,rebalance,-31471.65578238168
2011-06-09,2011-06-10,ROK,sell,5143.809937232682,57.92804266155385,297970.84148693946,297.9708414869395,rebalance,rebalance,-47165.43798365689
2011-06-09,2011-06-10,TER,sell,21339.35912062457,13.391572372078622,285767.57203761995,285.76757203761997,rebalance,rebalance,-46008.07337073019
2011-06-09,2011-06-10,VLO,sell,21644.66224793654,13.73417948788073,297271.67626771645,297.27167626771643,rebalance,rebalance,-30259.089585418675
2011-06-09,2011-06-10,AET,buy,8959.527595995938,39.838256756564036,356931.9607868071,356.9319607868071,rebalance,rebalance,0.0
2011-06-09,2011-06-10,ANDV,buy,4324.925318794454,18.82871635940505,81432.79210319024,81.43279210319024,rebalance,rebalance,0.0
2011-06-09,2011-06-10,ATI,buy,6548.197609769094,54.50842843446098,356931.9607868071,356.9319607868071,rebalance,rebalance,0.0
2011-06-09,2011-06-10,BIIB,buy,3820.314241902384,93.43000030517578,356931.9607868071,356.9319607868071,rebalance,rebalance,0.0
2011-06-09,2011-06-10,CBRE,buy,2308.945448962122,24.979999542236328,57677.45625812246,57.67745625812246,rebalance,rebalance,0.0
2011-06-09,2011-06-10,GT,buy,5576.68022703438,13.93019032683163,77684.21695446753,77.68421695446753,rebalance,rebalance,0.0
2011-06-09,2011-06-10,HUM,buy,5153.158016978251,69.264703238444,356931.9607868071,356.9319607868071,rebalance,rebalance,0.0
2011-06-09,2011-06-10,IRM,buy,3575.3116280749455,11.939480315608295,42687.362805566256,42.68736280556626,rebalance,rebalance,0.0
2011-06-09,2011-06-10,ISRG,buy,9409.730210040118,37.932220458984375,356931.96078680706,356.93196078680705,rebalance,rebalance,0.0
2011-06-09,2011-06-10,MCO,buy,10187.811573931478,35.035194575066825,356931.9607868071,356.9319607868071,rebalance,rebalance,0.0
2011-06-09,2011-06-10,MSI,buy,10069.477069252656,35.44692125837456,356931.9607868071,356.9319607868071,rebalance,rebalance,0.0
2011-06-09,2011-06-10,THC,buy,14652.37897552154,24.360000610351562,356931.9607868071,356.9319607868071,rebalance,rebalance,0.0
2011-06-09,2011-06-10,TMUS,buy,13655.248047481784,26.138811945831353,356931.9607868071,356.9319607868071,rebalance,rebalance,0.0
2011-06-09,2011-06-10,VIAV,buy,10034.766687435182,9.840727806091309,98749.40756868216,98.74940756868216,rebalance,rebalance,0.0
2011-06-09,2011-06-10,WYNN,buy,3849.9603797219793,92.71055428694635,356931.9607868071,356.9319607868071,rebalance,rebalance,0.0
2011-07-08,2011-07-11,AET,sell,417.57828769750813,39.838272818062,16635.59774819251,16.635597748192513,rebalance,rebalance,-33.26448185663211
2011-07-08,2011-07-11,ANDV,sell,18956.78674922083,21.20875678171638,402049.87952708855,402.04987952708854,rebalance,rebalance,8400.824137190706
2011-07-08,2011-07-11,ATI,sell,6548.197609769094,53.87617195854165,352791.8204424311,352.7918204424311,rebalance,rebalance,-4849.864125605198
2011-07-08,2011-07-11,BIIB,sell,620.5350992176227,106.3499984741211,65993.90685493275,65.99390685493275,rebalance,rebalance,7893.341844293785
2011-07-08,2011-07-11,CBRE,sell,14288.70966083504,24.770000457763672,353931.3448397361,353.93134483973614,rebalance,rebalance,-33659.749119933236
2011-07-08,2011-07-11,GT,sell,2921.4885558481583,14.990099364241097,43793.403743657116,43.793403743657116,rebalance,rebalance,-1226.6165906168583
2011-07-08,2011-07-11,HUM,sell,289.60257449493474,69.96867023855587,20263.107035072902,20.263107035072903,rebalance,rebalance,163.54831217732433
2011-07-08,2011-07-11,IRM,sell,3834.566428418406,13.057925423554334,50071.48245395264,50.07148245395264,rebalance,rebalance,3918.0062147034605
2011-07-08,2011-07-11,ISRG,sell,1028.2724835433692,40.601112365722656,41749.00664692503,41.74900664692503,rebalance,rebalance,2663.5944440659787
2011-07-08,2011-07-11,MSI,sell,10069.477069252656,34.70844779800185,349495.91921133245,349.4959192113325,rebalance,rebalance,-8142.469455472748
2011-07-08,2011-07-11,THC,sell,14652.37897552154,25.0,366309.4743880385,366.3094743880385,rebalance,rebalance,8654.272166056551
2011-07-08,2011-07-11,TMUS,sell,1068.8704061115823,27.036889932773608,28898.931522437877,28.898931522437877,rebalance,rebalance,903.0910485605914
2011-07-08,2011-07-11,VIAV,sell,36270.89050932493,8.95335578918457,324746.18752054404,324.746187520544,rebalance,rebalance,-130629.98341830214
2011-07-08,2011-07-11,WYNN,sell,3849.9603797219793,109.78083343209643,422651.8591664293,422.65185916642935,rebalance,rebalance,64940.31455966899
2011-07-08,2011-07-11,ANF,buy,6383.507231667648,53.308705479941736,340296.50694204884,340.29650694204884,rebalance,rebalance,0.0
2011-07-08,2011-07-11,HAL,buy,8381.003495095645,40.603312854025404,340296.50694204884,340.29650694204884,rebalance,rebalance,0.0
2011-07-08,2011-07-11,HP,buy,9273.302662806207,36.69636582734713,340296.50694204884,340.29650694204884,rebalance,rebalance,0.0
2011-07-08,2011-07-11,HRB,buy,37546.87430727328,9.063244630089736,340296.50694204884,340.29650694204884,rebalance,rebalance,0.0
2011-07-08,2011-07-11,MCO,buy,200.20960579924213,32.758549588447224,6558.576299657944,6.558576299657944,rebalance,rebalance,0.0
2011-07-08,2011-07-11,OKE,buy,23888.78854964529,14.245029890689107,340296.50694204884,340.29650694204884,rebalance,rebalance,0.0
2011-07-08,2011-07-11,TDC,buy,5656.524398357147,60.15999984741211,340296.50694204884,340.29650694204884,rebalance,rebalance,0.0
2011-07-08,2011-07-11,UNH,buy,8448.992183153316,40.276579687288105,340296.50694204884,340.29650694204884,rebalance,rebalance,0.0
2011-08-05,2011-08-08,AET,sell,8541.94930829843,33.386457347566775,285185.42624658305,285.18542624658306,market_trend_exit,risk_exit,-55736.42529495647
2011-08-05,2011-08-08,ANF,sell,6383.507231667648,50.361961976880934,321485.94848039054,321.48594848039056,market_trend_exit,risk_exit,-19472.34091708068
2011-08-05,2011-08-08,BIIB,sell,3199.779142684761,91.29000091552734,292107.84086517716,292.10784086517714,market_trend_exit,risk_exit,-7438.588619497855
2011-08-05,2011-08-08,GT,sell,22701.41769398985,11.463017446751875,260226.74709220737,260.22674709220735,market_trend_exit,risk_exit,-89521.11047438087
2011-08-05,2011-08-08,HAL,sell,8381.003495095645,34.603085963612784,290008.5844021338,290.0085844021338,market_trend_exit,risk_exit,-50918.22763125921
2011-08-05,2011-08-08,HP,sell,9273.302662806207,29.377774481292217,272428.99432468734,272.4289943246873,market_trend_exit,risk_exit,-68480.2381186282
2011-08-05,2011-08-08,HRB,sell,37546.87430727328,7.474196928131696,280632.73260836885,280.6327326083689,market_trend_exit,risk_exit,-60284.70357323034
2011-08-05,2011-08-08,HUM,sell,4863.555442483316,60.48863510177918,294189.8304576455,294.18983045764554,market_trend_exit,risk_exit,-43313.95650454551
2011-08-05,2011-08-08,IRM,sell,26060.533806404677,11.146735088121574,290489.8665950295,290.48986659502947,market_trend_exit,risk_exit,-23129.225261746455
2011-08-05,2011-08-08,ISRG,sell,8381.457726496748,38.68111038208008,324204.0914813587,324.2040914813587,market_trend_exit,risk_exit,5634.657838495607
2011-08-05,2011-08-08,MCO,sell,10388.02117973072,26.805507863026573,278456.1834145584,278.45618341455844,market_trend_exit,risk_exit,-85676.30039240762
2011-08-05,2011-08-08,OKE,sell,23888.78854964529,11.95161287173254,285509.5527200376,285.50955272003756,market_trend_exit,risk_exit,-55412.760281673356
2011-08-05,2011-08-08,TDC,sell,5656.524398357147,52.119998931884766,294818.0456005546,294.8180456005546,market_trend_exit,risk_exit,-46113.575894036796
2011-08-05,2011-08-08,TMUS,sell,12586.377641370202,14.211698314967323,178873.8019174033,178.8738019174033,market_trend_exit,risk_exit,-150627.02308975311
2011-08-05,2011-08-08,UNH,sell,8448.992183153316,33.94270764410066,286781.6715600648,286.78167156006475,market_trend_exit,risk_exit,-54141.91356048617
2011-12-28,2011-12-29,AAPL,buy,24859.37262424101,12.065542141303485,299941.8080041461,299.9418080041461,rebalance,rebalance,0.0
2011-12-28,2011-12-29,AEE,buy,14719.350269046727,20.377380965985484,299941.8080041461,299.9418080041461,rebalance,rebalance,0.0
2011-12-28,2011-12-29,CSCO,buy,25486.29770500856,11.768747719885639,299941.8080041461,299.9418080041461,rebalance,rebalance,0.0
2011-12-28,2011-12-29,DLTR,buy,7125.35453869114,42.095001220703125,299941.8080041461,299.9418080041461,rebalance,rebalance,0.0
2011-12-28,2011-12-29,GOOGL,buy,18849.794663312856,15.91220558958764,299941.8080041461,299.9418080041461,rebalance,rebalance,0.0
2011-12-28,2011-12-29,GWW,buy,2000.4798588829747,149.9349301980112,299941.8080041461,299.9418080041461,rebalance,rebalance,0.0
2011-12-28,2011-12-29,ISRG,buy,5898.818353767216,50.8477783203125,299941.8080041461,299.9418080041461,rebalance,rebalance,0.0
2011-12-28,2011-12-29,MA,buy,8722.647468557694,34.38655627036845,299941.8080041461,299.9418080041461,rebalance,rebalance,0.0
2011-12-28,2011-12-29,NEM,buy,7140.253838816622,42.00716315904204,299941.8080041461,299.9418080041461,rebalance,rebalance,0.0
2011-12-28,2011-12-29,ORLY,buy,55455.7718470595,5.408667087554932,299941.8080041461,299.9418080041461,rebalance,rebalance,0.0
2011-12-28,2011-12-29,PM,buy,7493.09262381245,40.02910721415013,299941.8080041461,299.9418080041461,rebalance,rebalance,0.0
2011-12-28,2011-12-29,RRC,buy,5218.250771519873,57.479377886775026,299941.8080041461,299.9418080041461,rebalance,rebalance,0.0
2011-12-28,2011-12-29,TGT,buy,8886.249345589256,33.753476448758896,299941.8080041461,299.9418080041461,rebalance,rebalance,0.0
2011-12-28,2011-12-29,TJX,buy,22395.404094680773,13.393007187371383,299941.8080041461,299.9418080041461,rebalance,rebalance,0.0
2011-12-28,2011-12-29,VFC,buy,14509.571615448229,20.67199611081559,299941.8080041461,299.9418080041461,rebalance,rebalance,0.0
2012-01-27,2012-01-30,AAPL,sell,24859.37262424101,13.331023540988467,331400.88166796113,331.40088166796113,rebalance,rebalance,30827.730974142945
2012-01-27,2012-01-30,AEE,sell,14719.350269046727,19.374505244635255,285180.12898526917,285.18012898526916,rebalance,rebalance,-15346.800955866287
2012-01-27,2012-01-30,CSCO,sell,25486.29770500856,12.621150747045046,321666.40531898127,321.6664053189813,rebalance,rebalance,21102.989101512074
2012-01-27,2012-01-30,GOOGL,sell,18849.794663312856,14.338572470894892,270279.14684139914,270.27914684139915,rebalance,rebalance,-30232.882117592435
2012-01-27,2012-01-30,ISRG,sell,5898.818353767216,50.55555725097656,298218.0489969898,298.2180489969898,rebalance,rebalance,-2321.9188641573924
2012-01-27,2012-01-30,NEM,sell,7140.253838816622,43.92180611068703,313612.8446895924,313.6128446895924,rebalance,rebalance,13057.482032752661
2012-01-27,2012-01-30,PM,sell,7493.09262381245,38.121027823390655,285644.3923955977,285.6443923955977,rebalance,rebalance,-14883.00180894809
2012-01-27,2012-01-30,RRC,sell,5218.250771519873,52.474338908498346,273824.25949426676,273.82425949426676,rebalance,rebalance,-26691.314577377714
2012-01-27,2012-01-30,TGT,sell,8886.249345589256,32.446252275161335,288325.48804697633,288.3254880469763,rebalance,rebalance,-12204.587253220901
2012-01-27,2012-01-30,TJX,sell,22395.404094680773,13.973789721120248,312948.6675385845,312.9486675385845,rebalance,rebalance,12393.96905889571
2012-01-27,2012-01-30,VFC,sell,14509.571615448229,20.92470921205163,303608.5668446924,303.6085668446924,rebalance,rebalance,3063.208465697532
2012-01-27,2012-01-30,AKAM,buy,12617.561493901281,31.43000030517578,396569.96160389145,396.56996160389144,rebalance,rebalance,0.0
2012-01-27,2012-01-30,AMGN,buy,8649.418110959668,45.849322638409404,396569.96160389145,396.56996160389144,rebalance,rebalance,0.0
2012-01-27,2012-01-30,BMY,buy,20094.33756319075,19.735408562576207,396569.96160389145,396.56996160389144,rebalance,rebalance,0.0
2012-01-27,2012-01-30,DLTR,buy,2286.535277410344,42.1349983215332,96343.1600758113,96.34316007581131,rebalance,rebalance,0.0
2012-01-27,2012-01-30,DUK,buy,11556.232657574485,34.31654357910156,396569.96160389145,396.56996160389144,rebalance,rebalance,0.0
2012-01-27,2012-01-30,ED,buy,11729.080320930932,33.810831774781114,396569.96160389145,396.56996160389144,rebalance,rebalance,0.0
2012-01-27,2012-01-30,FAST,buy,49850.45945251646,7.955191706540481,396569.96160389145,396.56996160389144,rebalance,rebalance,0.0
2012-01-27,2012-01-30,GWW,buy,603.0021018365985,152.32291507573342,91851.03794854495,91.85103794854496,rebalance,rebalance,0.0
2012-01-27,2012-01-30,HD,buy,12537.636083375242,31.630361494519573,396569.96160389145,396.56996160389144,rebalance,rebalance,0.0
2012-01-27,2012-01-30,HUM,buy,5164.144962475851,76.79295691454865,396569.96160389145,396.56996160389144,rebalance,rebalance,0.0
2012-01-27,2012-01-30,MA,buy,3702.92457506555,31.915630138526268,118181.17116865164,118.18117116865164,rebalance,rebalance,0.0
2012-01-27,2012-01-30,OKE,buy,24020.047960227042,16.509957110016654,396569.96160389145,396.56996160389144,rebalance,rebalance,0.0
2012-01-27,2012-01-30,ORLY,buy,16814.304444650174,5.487332820892334,92265.68463960475,92.26568463960474,rebalance,rebalance,0.0
2012-01-27,2012-01-30,ROST,buy,17981.63023215992,22.0541717566092,396569.96160389145,396.56996160389144,rebalance,rebalance,0.0
2012-01-27,2012-01-30,TSN,buy,28889.71329496637,13.727030017739507,396569.96160389145,396.56996160389144,rebalance,rebalance,0.0
2012-02-27,2012-02-28,AKAM,sell,4090.4543244669185,37.150001525878906,151960.384395484,151.960384395484,rebalance,rebalance,23116.880364119384
2012-02-27,2012-02-28,AMGN,sell,8649.418110959668,45.45838095762076,393188.5435497491,393.1885435497491,rebalance,rebalance,-4171.176559295893
2012-02-27,2012-02-28,BMY,sell,20094.33756319075,20.07397521023769,403373.2341096392,403.3732341096392,rebalance,rebalance,6003.329310034219
2012-02-27,2012-02-28,DLTR,sell,9411.889816101484,44.255001068115234,416523.19386455405,416.52319386455406,rebalance,rebalance,19425.417622652145
2012-02-27,2012-02-28,DUK,sell,11556.232657574485,34.67097629594292,400665.8685411664,400.66586854116645,rebalance,rebalance,3298.671107129978
2012-02-27,2012-02-28,ED,sell,11729.080320930932,34.00325397598663,398826.89705736126,398.8268970573613,rebalance,rebalance,1461.538594808604
2012-02-27,2012-02-28,FAST,sell,14903.186900813213,9.064571316320945,135091.0005028815,135.0910005028815,rebalance,rebalance,16279.642959172244
2012-02-27,2012-02-28,GWW,sell,2603.481960719573,167.03862756994343,434882.0536217029,434.8820536217029,rebalance,rebalance,42262.53276943748
2012-02-27,2012-02-28,HD,sell,12537.636083375242,33.482208183627215,419787.7414741264,419.7877414741264,rebalance,rebalance,22401.422167156954
2012-02-27,2012-02-28,HUM,sell,5164.144962475851,77.92683301109109,402425.46213592286,402.4254621359229,rebalance,rebalance,5056.505108291611
2012-02-27,2012-02-28,MA,sell,12425.572043623244,38.76844196173071,481720.06861451134,481.7200686145114,rebalance,rebalance,62697.246393926405
2012-02-27,2012-02-28,OKE,sell,24020.047960227042,16.29088833385029,391307.9190937872,391.30791909378723,rebalance,rebalance,-6049.920390801892
2012-02-27,2012-02-28,ORLY,sell,72270.07629170967,5.733333110809326,414348.42132397514,414.3484213239752,rebalance,rebalance,21334.372766256613
2012-02-27,2012-02-28,ROST,sell,4245.557759878808,23.062053945556414,97911.28208730071,97.91128208730072,rebalance,rebalance,4087.4785062022156
2012-02-27,2012-02-28,TSN,sell,28889.71329496637,14.072084611551734,406538.48989023775,406.53848989023777,rebalance,rebalance,9165.41983485221
2012-02-27,2012-02-28,ADSK,buy,8331.984233081006,38.02000045776367,316782.0443558195,316.78204435581955,rebalance,rebalance,0.0
2012-02-27,2012-02-28,DHI,buy,26087.363930275566,12.143122057195654,316782.0443558195,316.78204435581955,rebalance,rebalance,0.0
2012-02-27,2012-02-28,FFIV,buy,2465.0381907764277,128.50999450683594,316782.0443558195,316.78204435581955,rebalance,rebalance,0.0
2012-02-27,2012-02-28,HST,buy,35117.63776010921,9.020596616428975,316782.0443558195,316.78204435581955,rebalance,rebalance,0.0
2012-02-27,2012-02-28,JBL,buy,14033.208951034192,22.5737424320525,316782.0443558195,316.78204435581955,rebalance,rebalance,0.0
2012-02-27,2012-02-28,LEN,buy,16485.935742466645,19.2152904939336,316782.0443558195,316.78204435581955,rebalance,rebalance,0.0
2012-02-27,2012-02-28,MAS,buy,38417.146820992566,8.245850370718264,316782.0443558195,316.78204435581955,rebalance,rebalance,0.0
2012-02-27,2012-02-28,OI,buy,13149.654222681114,24.09052276138331,316782.0443558195,316.78204435581955,rebalance,rebalance,0.0
2012-02-27,2012-02-28,PHM,buy,43860.74233391013,7.222450590192253,316782.0443558195,316.78204435581955,rebalance,rebalance,0.0
2012-02-27,2012-02-28,TER,buy,20785.85746769993,15.240268285688057,316782.0443558195,316.78204435581955,rebalance,rebalance,0.0
2012-02-27,2012-02-28,TXT,buy,11760.683666772191,26.935682765691016,316782.0443558195,316.78204435581955,rebalance,rebalance,0.0
2012-02-27,2012-02-28,WMB,buy,23195.72040936237,13.656917688486987,316782.0443558195,316.78204435581955,rebalance,rebalance,0.0
2012-03-26,2012-03-27,ADSK,sell,8331.984233081006,42.13999938964844,351109.810496594,351.109810496594,rebalance,rebalance,33659.8742859221
2012-03-26,2012-03-27,AKAM,sell,1536.338382063488,37.849998474121094,58150.40541683669,58.15040541683669,rebalance,rebalance,9756.85207849406
2012-03-26,2012-03-27,DHI,sell,26087.363930275566,13.344561644046902,348124.43609824794,348.12443609824794,rebalance,rebalance,30677.485261974365
2012-03-26,2012-03-27,FAST,sell,34947.272551703245,9.424605112837261,329364.24357049965,329.36424357049964,rebalance,rebalance,50744.614304640236
2012-03-26,2012-03-27,FFIV,sell,504.1623707999456,134.94000244140625,68031.67154660982,68.03167154660983,rebalance,rebalance,3108.94646950677
2012-03-26,2012-03-27,HST,sell,35117.63776010921,9.427796382146271,331081.9382242809,331.0819382242809,rebalance,rebalance,13652.02988588125
2012-03-26,2012-03-27,JBL,sell,2234.215418422982,22.42569141203375,50103.82552156166,50.10382552156166,rebalance,rebalance,-431.3163005539045
2012-03-26,2012-03-27,LEN,sell,4858.350786560204,22.756280770110592,110557.99457865165,110.55799457865164,rebalance,rebalance,16999.460277202692
2012-03-26,2012-03-27,MAS,sell,11173.995591393596,9.712554384950863,108528.03987861148,108.52803987861148,rebalance,rebalance,16188.277053346063
2012-03-26,2012-03-27,OI,sell,13149.654222681114,23.473070882614312,308662.7656508624,308.6627656508624,rebalance,rebalance,-8744.723514963758
2012-03-26,2012-03-27,PHM,sell,9144.50008593774,7.621809585407391,69697.63840875897,69.69763840875898,rebalance,rebalance,3516.195027613395
2012-03-26,2012-03-27,ROST,sell,13736.072472281114,25.615319199894625,351853.88093036646,351.8538809303665,rebalance,rebalance,48261.38778295192
2012-03-26,2012-03-27,TER,sell,20785.85746769993,15.792126910516735,328252.8990738293,328.2528990738293,rebalance,rebalance,10825.819774580208
2012-03-26,2012-03-27,TXT,sell,2019.1345173891023,27.162064665215752,54843.86232909199,54.843862329092,rebalance,rebalance,347.8648782917672
2012-03-26,2012-03-27,WMB,sell,23195.72040936237,14.642173517052639,339635.76308692305,339.6357630869231,rebalance,rebalance,22197.3009236608
2012-03-26,2012-03-27,EMN,buy,7732.460574595634,34.219455163372515,264600.587934921,264.60058793492095,rebalance,rebalance,0.0
2012-03-26,2012-03-27,EOG,buy,6698.1843458423555,39.50333019710958,264600.587934921,264.60058793492095,rebalance,rebalance,0.0
2012-03-26,2012-03-27,FLS,buy,8813.868789334818,30.02093567073516,264600.587934921,264.60058793492095,rebalance,rebalance,0.0
2012-03-26,2012-03-27,GNW,buy,29898.37022933309,8.850000381469727,264600.587934921,264.60058793492095,rebalance,rebalance,0.0
2012-03-26,2012-03-27,LNC,buy,15420.342261765074,17.15919033723404,264600.587934921,264.60058793492095,rebalance,rebalance,0.0
2012-03-26,2012-03-27,NOV,buy,4562.042982647859,58.00045921122469,264600.587934921,264.60058793492095,rebalance,rebalance,0.0
2012-03-26,2012-03-27,NWL,buy,24595.564145905686,10.75806134656065,264600.587934921,264.60058793492095,rebalance,rebalance,0.0
2012-03-26,2012-03-27,VMC,buy,6592.600948067574,40.135993368820664,264600.587934921,264.60058793492095,rebalance,rebalance,0.0
2012-04-24,2012-04-25,EMN,sell,7732.460574595634,34.52824851439874,266988.32034742855,266.98832034742856,rebalance,rebalance,1856.1435042252472
2012-04-24,2012-04-25,EOG,sell,6698.1843458423555,37.07760048690099,248352.60316275712,248.35260316275713,rebalance,rebalance,-16760.937963261524
2012-04-24,2012-04-25,FLS,sell,8813.868789334818,29.488634040371533,259908.95120854693,259.9089512085469,rebalance,rebalance,-5216.146265517435
2012-04-24,2012-04-25,JBL,sell,11798.99353261121,19.447208374284003,229457.4858355195,229.45748583551952,rebalance,rebalance,-37385.76005389733
2012-04-24,2012-04-25,LNC,sell,15420.342261765074,15.435325332275866,238017.99954538658,238.0179995453866,rebalance,rebalance,-27085.206977014666
2012-04-24,2012-04-25,NOV,sell,4562.042982647859,57.12428573275854,260603.4468659023,260.6034468659023,rebalance,rebalance,-4522.345103819475
2012-04-24,2012-04-25,NWL,sell,24595.564145905686,10.3646139316575,254923.52680362976,254.92352680362976,rebalance,rebalance,-10196.585246029708
2012-04-24,2012-04-25,TXT,sell,9741.549149383089,26.322109864834704,256418.1269637487,256.4181269637487,rebalance,rebalance,-6495.963974919219
2012-04-24,2012-04-25,VMC,sell,6592.600948067574,37.47833400819878,247079.70031444446,247.07970031444447,rebalance,rebalance,-18032.56790872582
2012-04-24,2012-04-25,AAPL,buy,15852.78033754297,18.41356402324981,291906.1856918632,291.9061856918632,rebalance,rebalance,0.0
2012-04-24,2012-04-25,AKAM,buy,684.9134388082593,38.029998779296875,26047.257241802126,26.04725724180213,rebalance,rebalance,0.0
2012-04-24,2012-04-25,AMD,buy,39340.455888197386,7.420000076293945,291906.1856918632,291.9061856918632,rebalance,rebalance,0.0
2012-04-24,2012-04-25,BAC,buy,45428.32544722643,6.42564265396415,291906.1856918632,291.9061856918632,rebalance,rebalance,0.0
2012-04-24,2012-04-25,BKNG,buy,10622.849773222384,27.479084419294676,291906.1856918632,291.9061856918632,rebalance,rebalance,0.0
2012-04-24,2012-04-25,FAST,buy,36370.89428110662,8.02581821155544,291906.1856918632,291.9061856918632,rebalance,rebalance,0.0
2012-04-24,2012-04-25,FFIV,buy,289.7501828009172,129.6999969482422,37580.597825031575,37.580597825031575,rebalance,rebalance,0.0
2012-04-24,2012-04-25,FHN,buy,47445.28510416798,6.152480379261537,291906.1856918632,291.9061856918632,rebalance,rebalance,0.0
2012-04-24,2012-04-25,FOSL,buy,2291.617145438669,127.37999725341797,291906.1856918632,291.9061856918632,rebalance,rebalance,0.0
2012-04-24,2012-04-25,GNW,buy,17798.719827915596,6.119999885559082,108928.16330994162,108.92816330994162,rebalance,rebalance,0.0
2012-04-24,2012-04-25,LEN,buy,1977.6561669212679,21.45542170524895,42431.44704928201,42.43144704928201,rebalance,rebalance,0.0
2012-04-24,2012-04-25,MAS,buy,5975.295575786131,8.787472436686647,52507.74517327629,52.50774517327629,rebalance,rebalance,0.0
2012-04-24,2012-04-25,MU,buy,45082.65766298466,6.474910771099775,291906.1856918632,291.9061856918632,rebalance,rebalance,0.0
2012-04-24,2012-04-25,PHM,buy,4680.561516202462,7.4093875086715935,34680.0940317195,34.6800940317195,rebalance,rebalance,0.0
2012-04-24,2012-04-25,WDC,buy,11583.409079067453,25.200369226307572,291906.1856918632,291.9061856918632,rebalance,rebalance,0.0
2012-05-22,2012-05-23,AAPL,sell,3877.5158222051887,16.674619304705086,64656.10018324205,64.65610018324205,rebalance,rebalance,-6878.840646123886
2012-05-22,2012-05-23,AKAM,sell,7675.682226179134,28.760000228881836,220752.62258173613,220.75262258173612,rebalance,rebalance,-25481.019525489875
2012-05-22,2012-05-23,AMD,sell,39340.455888197386,5.980000019073486,235255.92696178003,235.25592696178003,rebalance,rebalance,-57177.4208427368
2012-05-22,2012-05-23,BAC,sell,8047.097708856862,5.341798248681883,42985.97244814358,42.98597244814358,rebalance,rebalance,-8816.495577231044
2012-05-22,2012-05-23,BKNG,sell,2863.985570051678,25.73610926001251,73707.8455499492,73.7078455499492,rebalance,rebalance,-5144.263251947683
2012-05-22,2012-05-23,FAST,sell,36370.89428110662,7.535886350927472,274086.9257840174,274.0869257840174,rebalance,rebalance,-18385.253019321608
2012-05-22,2012-05-23,FFIV,sell,2250.626002777399,115.19999694824219,259272.1086515909,259.27210865159094,rebalance,rebalance,-30849.474874536238
2012-05-22,2012-05-23,FHN,sell,47445.28510416798,5.784268723402896,274436.27870097215,274.43627870097214,rebalance,rebalance,-18036.249455283803
2012-05-22,2012-05-23,GNW,sell,47697.090057248686,5.159999847412109,246116.97741740485,246.11697741740485,rebalance,rebalance,-128031.41955611987
2012-05-22,2012-05-23,LEN,sell,4936.705637796267,23.03537629986144,113718.87204828448,113.71887204828448,rebalance,rebalance,17040.936774285117
2012-05-22,2012-05-23,MAS,sell,33218.4468053851,8.723953287207738,289796.17820377473,289.79617820377473,rebalance,rebalance,12078.5374923329
2012-05-22,2012-05-23,MU,sell,45082.65766298466,5.490022620797311,247504.81037544704,247.50481037544705,rebalance,rebalance,-44940.78631248343
2012-05-22,2012-05-23,PHM,sell,13256.189299985941,7.638801954711317,101261.40473675585,101.26140473675585,rebalance,rebalance,5027.525746248801
2012-05-22,2012-05-23,WDC,sell,1846.1060270749022,20.507010596280036,37858.11585908146,37.85811585908146,rebalance,rebalance,-8748.818323490115
2012-05-22,2012-05-23,AIG,buy,9194.841389508629,21.71684843789048,199682.9768664012,199.68297686640122,rebalance,rebalance,0.0
2012-05-22,2012-05-23,EMN,buy,6785.128625820905,29.42950500695075,199682.97686640118,199.6829768664012,rebalance,rebalance,0.0
2012-05-22,2012-05-23,FIS,buy,8012.937252492497,24.920072449623635,199682.97686640118,199.6829768664012,rebalance,rebalance,0.0
2012-05-22,2012-05-23,FOSL,buy,491.42085966796776,71.75,35259.44668117668,35.259446681176684,rebalance,rebalance,0.0
2012-05-22,2012-05-23,HOG,buy,5887.247813533818,33.91788203774313,199682.97686640118,199.6829768664012,rebalance,rebalance,0.0
2012-05-22,2012-05-23,JPM,buy,8695.16035099905,22.964841222676036,199682.97686640118,199.6829768664012,rebalance,rebalance,0.0
2012-05-22,2012-05-23,SBUX,buy,9741.180981404106,20.498846828489846,199682.97686640118,199.6829768664012,rebalance,rebalance,0.0
2012-05-22,2012-05-23,SHW,buy,5766.8111060667525,34.62623852137837,199682.97686640118,199.6829768664012,rebalance,rebalance,0.0
2012-05-22,2012-05-23,TXT,buy,8819.943965500255,22.63993712969983,199682.9768664012,199.68297686640122,rebalance,rebalance,0.0
2012-06-20,2012-06-21,AAPL,sell,1459.347403287893,17.510292917154743,25553.60049946016,25.55360049946016,rebalance,rebalance,-1370.6117304868794
2012-06-20,2012-06-21,AIG,sell,9194.841389508629,23.939419376583388,220119.16412461377,220.11916412461377,rebalance,rebalance,20016.38511722161
2012-06-20,2012-06-21,BAC,sell,8092.717220546096,6.286997381190054,50878.89197228496,50.87889197228496,rebalance,rebalance,-1224.8967874573257
2012-06-20,2012-06-21,BKNG,sell,763.0216702361049,26.320888164312674,20083.40804923158,20.083408049231583,rebalance,rebalance,-924.7793858769664
2012-06-20,2012-06-21,EMN,sell,6785.128625820905,32.366840960406165,219613.17912784446,219.61317912784446,rebalance,rebalance,19510.906105449056
2012-06-20,2012-06-21,FIS,sell,8012.937252492497,26.21369351447415,210048.6812875509,210.0486812875509,rebalance,rebalance,9955.972762995778
2012-06-20,2012-06-21,FOSL,sell,2783.038005106637,76.6500015258789,213319.8673380027,213.3198673380027,rebalance,rebalance,-114386.25053474815
2012-06-20,2012-06-21,HOG,sell,5887.247813533818,36.46932642517348,214703.96225765365,214.70396225765364,rebalance,rebalance,14606.59845212842
2012-06-20,2012-06-21,JPM,sell,8695.16035099905,24.925246025164455,216729.0109769066,216.7290109769066,rebalance,rebalance,16629.62212266214
2012-06-20,2012-06-21,LEN,sell,562.5029106336342,22.7160188704513,12777.826732637415,12.777826732637415,rebalance,rebalance,1762.2351320211758
2012-06-20,2012-06-21,PHM,sell,3424.8991557714617,8.106140899568349,27762.715123496153,27.762715123496154,rebalance,rebalance,2897.9111319664257
2012-06-20,2012-06-21,SBUX,sell,9741.180981404106,21.205448948086723,206566.1159952381,206.5661159952381,rebalance,rebalance,6476.8900359753015
2012-06-20,2012-06-21,SHW,sell,911.8891222937555,37.92785744857878,34586.00063926718,34.586000639267176,rebalance,rebalance,2944.549094780372
2012-06-20,2012-06-21,TXT,sell,1546.7590896761703,25.317215507140535,39159.63321096011,39.159633210960116,rebalance,rebalance,4066.926504143862
2012-06-20,2012-06-21,WDC,sell,9737.30305199255,18.423089541061497,179391.20601531016,179.39120601531016,rebalance,rebalance,-66417.20100154766
2012-06-20,2012-06-21,CRM,buy,5536.3519236326765,33.25958888893974,184136.78892451353,184.13678892451352,rebalance,rebalance,0.0
2012-06-20,2012-06-21,DHI,buy,12743.202629271089,14.449804674811652,184136.78892451353,184.13678892451352,rebalance,rebalance,0.0
2012-06-20,2012-06-21,EBAY,buy,11529.593192422677,15.970796701268647,184136.78892451353,184.13678892451352,rebalance,rebalance,0.0
2012-06-20,2012-06-21,GILD,buy,10529.703416750104,17.487367083065067,184136.78892451353,184.13678892451352,rebalance,rebalance,0.0
2012-06-20,2012-06-21,MAR,buy,5362.9985960300955,34.334670357888754,184136.78892451353,184.13678892451352,rebalance,rebalance,0.0
2012-06-20,2012-06-21,MAS,buy,18782.07694117062,9.803856596971055,184136.78892451353,184.13678892451352,rebalance,rebalance,0.0
2012-06-20,2012-06-21,TDC,buy,2549.3116484375414,72.2300033569336,184136.78892451353,184.13678892451352,rebalance,rebalance,0.0
2012-06-20,2012-06-21,TJX,buy,10205.848353350568,18.042281498731228,184136.78892451353,184.13678892451352,rebalance,rebalance,0.0
2012-07-19,2012-07-20,BAC,sell,29288.510517823473,5.5893039963918145,163702.38888563443,163.70238888563443,rebalance,rebalance,-24847.013460109727
2012-07-19,2012-07-20,CRM,sell,5536.3519236326765,33.91820329008898,187783.1100312483,187.7831100312483,rebalance,rebalance,3274.4012077790426
2012-07-19,2012-07-20,DHI,sell,12743.202629271089,15.748569502921228,200687.21229688427,200.68721229688427,rebalance,rebalance,16165.599371149392
2012-07-19,2012-07-20,GILD,sell,10529.703416750104,18.420767146315466,193965.21475971604,193.96521475971605,rebalance,rebalance,9450.32383151828
2012-07-19,2012-07-20,LEN,sell,8106.032574397807,25.327895345473216,205308.7447113445,205.3087447113445,rebalance,rebalance,46545.73755283157
2012-07-19,2012-07-20,MAR,sell,5362.9985960300955,31.937640430628587,171281.52078997513,171.28152078997513,rebalance,rebalance,-13210.686444252871
2012-07-19,2012-07-20,MAS,sell,18782.07694117062,10.075993794661954,189248.09071009856,189.24809071009858,rebalance,rebalance,4737.916905950449
2012-07-19,2012-07-20,PHM,sell,22715.71530841745,8.879366224073197,201701.15526522437,201.70115526522437,rebalance,rebalance,36767.25818894593
2012-07-19,2012-07-20,TXT,sell,7273.184875824085,25.903716154619786,188402.51656342065,188.40251656342065,rebalance,rebalance,23385.001277194962
2012-07-19,2012-07-20,AAPL,buy,5170.862424591878,18.335502607087566,94810.36146699551,94.81036146699552,rebalance,rebalance,0.0
2012-07-19,2012-07-20,AIG,buy,12252.162767241956,23.475446135919178,287624.987090903,287.624987090903,rebalance,rebalance,0.0
2012-07-19,2012-07-20,BKNG,buy,3956.7255554500207,26.26096316131867,103907.42405112115,103.90742405112115,rebalance,rebalance,0.0
2012-07-19,2012-07-20,CCI,buy,8077.718624762386,35.60720550591891,287624.987090903,287.624987090903,rebalance,rebalance,0.0
2012-07-19,2012-07-20,DLTR,buy,5466.077402685358,52.619998931884766,287624.987090903,287.624987090903,rebalance,rebalance,0.0
2012-07-19,2012-07-20,EBAY,buy,6171.314862741221,16.24916564701289,100278.71746455472,100.27871746455472,rebalance,rebalance,0.0
2012-07-19,2012-07-20,EW,buy,16779.289724342074,17.141666412353516,287624.987090903,287.624987090903,rebalance,rebalance,0.0
2012-07-19,2012-07-20,EXPE,buy,6678.585153316126,43.06675448288448,287624.987090903,287.624987090903,rebalance,rebalance,0.0
2012-07-19,2012-07-20,MNST,buy,50899.57188257438,5.6508331298828125,287624.987090903,287.624987090903,rebalance,rebalance,0.0
2012-07-19,2012-07-20,ROST,buy,9661.590160466561,29.769942867977488,287624.987090903,287.624987090903,rebalance,rebalance,0.0
2012-07-19,2012-07-20,SHW,buy,2665.737011019648,38.244652136209936,101950.18467306647,101.95018467306647,rebalance,rebalance,0.0
2012-07-19,2012-07-20,SRE,buy,12597.51646464036,22.83188022799812,287624.987090903,287.624987090903,rebalance,rebalance,0.0
2012-07-19,2012-07-20,STX,buy,19494.363663575557,14.754263953140406,287624.987090903,287.624987090903,rebalance,rebalance,0.0
2012-07-19,2012-07-20,TDC,buy,1679.2240952527945,68.0199966430664,114220.81732205131,114.22081732205132,rebalance,rebalance,0.0
2012-07-19,2012-07-20,TJX,buy,5260.1083717111,18.597296772777316,97823.79644568177,97.82379644568178,rebalance,rebalance,0.0
2012-08-16,2012-08-17,AAPL,sell,15686.779536641767,19.224350331775444,301568.1453897274,301.56814538972736,rebalance,rebalance,12532.256896950354
2012-08-16,2012-08-17,AIG,sell,12252.162767241956,25.907555746722945,317423.5899102442,317.42358991024423,rebalance,rebalance,29193.554242340142
2012-08-16,2012-08-17,BKNG,sell,10952.568088384622,23.050361899081203,252460.6581615935,252.46065816159353,rebalance,rebalance,-44234.72086588912
2012-08-16,2012-08-17,CCI,sell,8077.718624762386,38.047043048085264,307333.3082466546,307.33330824665455,rebalance,rebalance,19113.362860414123
2012-08-16,2012-08-17,DLTR,sell,5466.077402685358,49.20000076293945,268931.0123824057,268.9310123824057,rebalance,rebalance,-19250.530707970564
2012-08-16,2012-08-17,EBAY,sell,17700.908055163898,17.16591841398698,303852.3435284284,303.85234352842843,rebalance,rebalance,18848.56928944273
2012-08-16,2012-08-17,STX,sell,19494.363663575557,19.008033461982592,370549.5168373017,370.5495168373017,rebalance,rebalance,82266.3552424706
2012-08-16,2012-08-17,TDC,sell,4228.535743690336,76.05000305175781,321580.15621211706,321.58015621211706,rebalance,rebalance,22602.61220309356
2012-08-16,2012-08-17,AN,buy,10205.629637922942,39.91999816894531,407408.7164588179,407.4087164588179,rebalance,rebalance,0.0
2012-08-16,2012-08-17,DHI,buy,25062.213215830372,16.25589539719824,407408.7164588179,407.4087164588179,rebalance,rebalance,0.0
2012-08-16,2012-08-17,EW,buy,7704.4080762878,16.639999389648438,128201.34568703148,128.20134568703148,rebalance,rebalance,0.0
2012-08-16,2012-08-17,EXPE,buy,1887.0297417668844,47.56327729521041,89753.31887196763,89.75331887196762,rebalance,rebalance,0.0
2012-08-16,2012-08-17,KMB,buy,8220.910564305084,49.55761448467433,407408.7164588179,407.4087164588179,rebalance,rebalance,0.0
2012-08-16,2012-08-17,LEN,buy,14797.3607551175,27.5325257794989,407408.7164588179,407.4087164588179,rebalance,rebalance,0.0
2012-08-16,2012-08-17,MNST,buy,29788.72855465286,5.049167156219482,150408.26984369068,150.40826984369068,rebalance,rebalance,0.0
2012-08-16,2012-08-17,MO,buy,27352.507163320795,14.894748551794383,407408.7164588179,407.4087164588179,rebalance,rebalance,0.0
2012-08-16,2012-08-17,ROST,buy,3938.011515233089,29.957400677903177,117972.58883603427,117.97258883603426,rebalance,rebalance,0.0
2012-08-16,2012-08-17,SHW,buy,2424.7139504893103,40.964649460640985,99327.5570241206,99.32755702412061,rebalance,rebalance,0.0
2012-08-16,2012-08-17,SRE,buy,5588.397596784105,22.402432733529942,125193.7012501763,125.1937012501763,rebalance,rebalance,0.0
2012-08-16,2012-08-17,STZ,buy,15144.730211599504,26.90102172614335,407408.7164588179,407.4087164588179,rebalance,rebalance,0.0
2012-08-16,2012-08-17,T,buy,38473.97761541072,10.589201889425405,407408.71645881794,407.40871645881793,rebalance,rebalance,0.0
2012-08-16,2012-08-17,TJX,buy,6111.328696043533,18.881370316412593,115390.26023531683,115.39026023531683,rebalance,rebalance,0.0
2012-08-16,2012-08-17,VZ,buy,18874.762661820918,21.584839171668484,407408.7164588179,407.4087164588179,rebalance,rebalance,0.0
2012-09-14,2012-09-17,AN,sell,10205.629637922942,42.09000015258789,429554.9530174321,429.5549530174321,rebalance,rebalance,21309.27288913807
2012-09-14,2012-09-17,DHI,sell,25062.213215830372,18.953711486380644,475021.9585030049,475.02195850300495,rebalance,rebalance,66730.81136922524
2012-09-14,2012-09-17,EW,sell,488.3263858559403,17.426666259765625,8509.900952149004,8.509900952149005,rebalance,rebalance,199.45762371523088
2012-09-14,2012-09-17,EXPE,sell,311.2798739900518,50.65936000366228,15769.239198356663,15.769239198356663,rebalance,rebalance,2025.588979390221
2012-09-14,2012-09-17,KMB,sell,8220.910564305084,49.50239244466525,406954.7410067247,406.9547410067247,rebalance,rebalance,-1268.338909558664
2012-09-14,2012-09-17,LEN,sell,14797.3607551175,30.721636363253744,454599.13625460165,454.59913625460166,rebalance,rebalance,46328.4119430704
2012-09-14,2012-09-17,MNST,sell,80688.30043722724,4.487500190734863,362088.7636021292,362.0887636021292,rebalance,rebalance,-76744.61535300114
2012-09-14,2012-09-17,MO,sell,27352.507163320795,13.995770919486027,382819.42433143844,382.8194243314384,rebalance,rebalance,-25379.520268169676
2012-09-14,2012-09-17,SHW,sell,133.3699683107916,42.61712215189989,5683.844230896023,5.683844230896023,rebalance,rebalance,719.6547516969836
2012-09-14,2012-09-17,SRE,sell,18185.914061424464,21.32558606222279,387825.275437095,387.82527543709506,rebalance,rebalance,-25794.05686776245
2012-09-14,2012-09-17,T,sell,38473.97761541072,10.600616595824125,407847.8856172887,407.84788561728874,rebalance,rebalance,-376.087443605232
2012-09-14,2012-09-17,TJX,sell,21577.2854211052,19.059931992298296,411261.5927046746,411.26159270467457,rebalance,rebalance,13102.134660852373
2012-09-14,2012-09-17,VZ,sell,18874.762661820918,21.706955717756674,409713.6372833138,409.7136372833138,rebalance,rebalance,1487.7984707538112
2012-09-14,2012-09-17,AMGN,buy,7535.165745813861,55.494377102015655,418159.32942438545,418.1593294243855,rebalance,rebalance,0.0
2012-09-14,2012-09-17,AMZN,buy,32012.197467895538,13.0625,418159.32942438545,418.1593294243855,rebalance,rebalance,0.0
2012-09-14,2012-09-17,ANDV,buy,11583.06383434311,36.1009259212202,418159.32942438545,418.1593294243855,rebalance,rebalance,0.0
2012-09-14,2012-09-17,BIIB,buy,2714.7914869722777,154.02999877929688,418159.32942438545,418.1593294243855,rebalance,rebalance,0.0
2012-09-14,2012-09-17,GILD,buy,19679.572418638567,21.248395063113556,418159.32942438545,418.1593294243855,rebalance,rebalance,0.0
2012-09-14,2012-09-17,NRG,buy,25440.890402423185,16.43650527988426,418159.32942438545,418.1593294243855,rebalance,rebalance,0.0
2012-09-14,2012-09-17,PHM,buy,29825.813777350595,14.020047618681613,418159.32942438545,418.1593294243855,rebalance,rebalance,0.0
2012-09-14,2012-09-17,ROST,buy,530.2198155406459,29.594098530092612,15691.377463717405,15.691377463717405,rebalance,rebalance,0.0
2012-09-14,2012-09-17,STX,buy,25126.222336215396,16.64234773651892,418159.32942438545,418.1593294243855,rebalance,rebalance,0.0
2012-09-14,2012-09-17,STZ,buy,360.9822137332849,26.968082339848422,9734.998063179988,9.734998063179988,rebalance,rebalance,0.0
2012-09-14,2012-09-17,VRSN,buy,8933.047500195347,46.81037791585023,418159.3294243854,418.1593294243854,rebalance,rebalance,0.0
2012-09-14,2012-09-17,WMT,buy,22110.191120796666,18.912515370844904,418159.32942438545,418.1593294243855,rebalance,rebalance,0.0
2012-10-12,2012-10-15,AMGN,sell,7535.165745813861,57.83515304979335,435797.4641647049,435.79746416470493,rebalance,rebalance,16784.17794673042
2012-10-12,2012-10-15,AMZN,sell,6166.452336839058,12.142499923706055,74876.14702960529,74.87614702960529,rebalance,rebalance,-5828.562051034466
2012-10-12,2012-10-15,ANDV,sell,2351.7855708119005,33.996587398063156,79952.68369961061,79.95268369961062,rebalance,rebalance,-5113.807295238448
2012-10-12,2012-10-15,BIIB,sell,2714.7914869722777,147.5,400431.74432841095,400.43174432841096,rebalance,rebalance,-18546.17616972731
2012-10-12,2012-10-15,EW,sell,2512.292808516526,14.608332633972168,36700.40902074555,36.70040902074555,rebalance,rebalance,-6047.249163139247
2012-10-12,2012-10-15,EXPE,sell,1929.7830508546158,49.6212158203125,95758.18125283798,95.75818125283799,rebalance,rebalance,10556.271815071326
2012-10-12,2012-10-15,GILD,sell,6297.383600788078,23.451466912748927,147682.8831507693,147.6828831507693,rebalance,rebalance,13592.096359487376
2012-10-12,2012-10-15,NRG,sell,7222.683414052484,17.226281295536328,124419.97619907277,124.41997619907278,rebalance,rebalance,5461.166478797605
2012-10-12,2012-10-15,PHM,sell,6285.704688676153,13.331797108492138,83799.73959332821,83.79973959332821,rebalance,rebalance,-4498.065077527269
2012-10-12,2012-10-15,ROST,sell,14129.821491240296,26.964478341390237,381003.2655682593,381.0032655682593,rebalance,rebalance,-41087.98004135427
2012-10-12,2012-10-15,SHW,sell,9812.002976971164,43.517680027433876,426995.6059800597,426.99560598005974,rebalance,rebalance,61772.3022707435
2012-10-12,2012-10-15,STX,sell,25126.222336215396,15.448498821667654,388162.41615398304,388.16241615398303,rebalance,rebalance,-30803.235015980776
2012-10-12,2012-10-15,STZ,sell,4803.381810387858,29.323702432042115,140852.9388752973,140.8529388752973,rebalance,rebalance,11359.485026167758
2012-10-12,2012-10-15,VRSN,sell,8933.047500195347,47.213065716266804,421756.55867325584,421.7565586732558,rebalance,rebalance,2757.3133607728137
2012-10-12,2012-10-15,WMT,sell,22110.191120796666,19.296566647082656,426650.776542188,426.65077654218805,rebalance,rebalance,7646.63701183604
2012-10-12,2012-10-15,DHI,buy,18214.416092422365,17.229866534812558,313831.95828197943,313.83195828197944,rebalance,rebalance,0.0
2012-10-12,2012-10-15,EBAY,buy,17700.54823953249,17.73006994105785,313831.95828197943,313.83195828197944,rebalance,rebalance,0.0
2012-10-12,2012-10-15,LEN,buy,10389.18808362671,30.20755382959872,313831.95828197943,313.83195828197944,rebalance,rebalance,0.0
2012-10-12,2012-10-15,MPC,buy,17188.158143586727,18.25861477770246,313831.9582819795,313.8319582819795,rebalance,rebalance,0.0
2012-10-12,2012-10-15,URBN,buy,8544.295186312207,36.72999954223633,313831.95828197943,313.83195828197944,rebalance,rebalance,0.0
2012-10-12,2012-10-15,VLO,buy,19321.623735702546,16.24252508872119,313831.95828197943,313.83195828197944,rebalance,rebalance,0.0
2012-10-12,2012-10-15,WY,buy,19714.705854334457,15.918673126587919,313831.95828197943,313.83195828197944,rebalance,rebalance,0.0
2012-11-13,2012-11-14,AMZN,sell,25845.74513105648,11.324999809265137,292703.05867953,292.70305867953,rebalance,rebalance,-45537.300199349214
2012-11-13,2012-11-14,DHI,sell,18214.416092422365,16.729946306623813,304726.20323273086,304.7262032327309,rebalance,rebalance,-9724.313210763254
2012-11-13,2012-11-14,EBAY,sell,17700.54823953249,17.748627399752937,314160.43547481496,314.16043547481496,rebalance,rebalance,-299.5152009212133
2012-11-13,2012-11-14,EW,sell,21483.078606257408,14.37166690826416,308747.64989318734,308.7476498931873,rebalance,rebalance,-56790.36566507268
2012-11-13,2012-11-14,EXPE,sell,159.03003230643117,52.47244296086566,8344.694299263832,8.344694299263832,rebalance,rebalance,1322.90113581898
2012-11-13,2012-11-14,GILD,sell,13382.188817850489,24.903029829752544,333257.04731831164,333.25704731831166,rebalance,rebalance,48289.405425314755
2012-11-13,2012-11-14,LEN,sell,10389.18808362671,30.763521840145486,319608.01451202953,319.60801451202957,rebalance,rebalance,5142.616257256156
2012-11-13,2012-11-14,PHM,sell,152.7630666466648,13.833121462665547,2113.1900559325863,2.1131900559325865,rebalance,rebalance,-32.81034835418164
2012-11-13,2012-11-14,AN,buy,7919.706494409088,40.849998474121094,323519.99821209814,323.51999821209813,rebalance,rebalance,0.0
2012-11-13,2012-11-14,ANDV,buy,520.8485232998519,33.17430190191626,17278.786157116552,17.278786157116553,rebalance,rebalance,0.0
2012-11-13,2012-11-14,DVA,buy,5741.260105990521,56.349998474121094,323519.99821209814,323.51999821209813,rebalance,rebalance,0.0
2012-11-13,2012-11-14,FSLR,buy,13055.689638719432,24.780000686645508,323519.99821209814,323.51999821209813,rebalance,rebalance,0.0
2012-11-13,2012-11-14,LYB,buy,13482.542103078451,23.9954747212122,323519.99821209814,323.51999821209813,rebalance,rebalance,0.0
2012-11-13,2012-11-14,MPC,buy,514.2855781442449,18.275442831373333,9398.79668237493,9.39879668237493,rebalance,rebalance,0.0
2012-11-13,2012-11-14,NRG,buy,3934.7815592918123,14.603898589846677,57463.15086509641,57.46315086509641,rebalance,rebalance,0.0
2012-11-13,2012-11-14,STZ,buy,529.4610904863566,28.803952806181012,15250.572263078151,15.250572263078151,rebalance,rebalance,0.0
2012-11-13,2012-11-14,TMUS,buy,20150.581258943097,16.055119902236846,323519.99821209814,323.51999821209813,rebalance,rebalance,0.0
2012-11-13,2012-11-14,URBN,buy,346.05940666223614,36.38999938964844,12593.101597220873,12.593101597220874,rebalance,rebalance,0.0
2012-11-13,2012-11-14,VLO,buy,212.24826507637408,16.562000518852468,3515.255876320444,3.515255876320444,rebalance,rebalance,0.0
2012-11-13,2012-11-14,WHR,buy,5301.6792003110395,61.02217542568736,323519.99821209814,323.51999821209813,rebalance,rebalance,0.0
2012-11-13,2012-11-14,WY,buy,620.3126457484504,15.909501051635587,9868.864689877826,9.868864689877826,rebalance,rebalance,0.0
2012-12-12,2012-12-13,AN,sell,7919.706494409088,39.099998474121094,309660.51184688223,309.66051184688223,rebalance,rebalance,-14492.66687527484
2012-12-12,2012-12-13,DVA,sell,5741.260105990521,53.71500015258789,308391.7874693276,308.39178746932765,rebalance,rebalance,-15760.122528451931
2012-12-12,2012-12-13,EXPE,sell,6165.521937931911,55.33885329781319,341192.9140276629,341.1929140276629,rebalance,rebalance,68943.5175502293
2012-12-12,2012-12-13,URBN,sell,8890.354592974443,37.959999084472656,337477.85220994713,337.4778522099471,rebalance,rebalance,10388.889418657755
2012-12-12,2012-12-13,WY,sell,20335.018500082908,16.675426347586384,339095.10327493906,339.09510327493905,rebalance,rebalance,14731.48437683498
2012-12-12,2012-12-13,ANDV,buy,2173.2429987543674,36.22301744798081,78721.41906258158,78.72141906258159,rebalance,rebalance,0.0
2012-12-12,2012-12-13,DXC,buy,33633.69535309367,12.843455745256092,431972.8778168841,431.9728778168841,rebalance,rebalance,0.0
2012-12-12,2012-12-13,FSLR,buy,276.8059623024892,32.400001525878906,8968.513600973029,8.96851360097303,rebalance,rebalance,0.0
2012-12-12,2012-12-13,GILD,buy,16567.696695884628,26.073200502528813,431972.877816884,431.972877816884,rebalance,rebalance,0.0
2012-12-12,2012-12-13,LEN,buy,13584.206727076573,31.799639573789673,431972.8778168841,431.9728778168841,rebalance,rebalance,0.0
2012-12-12,2012-12-13,LYB,buy,2325.560451462392,27.326042219583197,63548.36308085428,63.54836308085428,rebalance,rebalance,0.0
2012-12-12,2012-12-13,MPC,buy,3025.492397404858,20.840129732843536,63051.654067649055,63.051654067649054,rebalance,rebalance,0.0
2012-12-12,2012-12-13,NRG,buy,3520.097687198264,16.825903744689644,59228.824856702624,59.22882485670262,rebalance,rebalance,0.0
2012-12-12,2012-12-13,PHM,buy,6412.337978633408,14.495887869391488,92952.53231891035,92.95253231891036,rebalance,rebalance,0.0
2012-12-12,2012-12-13,STZ,buy,3198.2507990233753,29.935662191121807,95741.75552204916,95.74175552204916,rebalance,rebalance,0.0
2012-12-12,2012-12-13,THC,buy,14336.969460635502,30.1299991607666,431972.8778168841,431.9728778168841,rebalance,rebalance,0.0
2012-12-12,2012-12-13,TMUS,buy,7515.231326979108,15.613959520447782,117342.51772625287,117.34251772625288,rebalance,rebalance,0.0
2012-12-12,2012-12-13,VLO,buy,3809.6529830917752,18.505040610420128,70497.78316372148,70.49778316372148,rebalance,rebalance,0.0
2012-12-12,2012-12-13,VMC,buy,9288.160519407795,46.507904004702354,431972.8778168841,431.9728778168841,rebalance,rebalance,0.0
2012-12-12,2012-12-13,WHR,buy,1529.8327130237303,63.232397644465,96734.99043942723,96.73499043942724,rebalance,rebalance,0.0
2013-01-11,2013-01-14,ANDV,sell,1988.7534159470106,37.34111255386673,74262.26514676426,74.26226514676426,rebalance,rebalance,2530.5352823223066
2013-01-11,2013-01-14,DXC,sell,6315.239271235299,13.582184481855315,85774.74482897535,85.77474482897536,rebalance,rebalance,4498.3644872316645
2013-01-11,2013-01-14,FSLR,sell,1679.093952620702,31.84000015258789,53462.35170765256,53.46235170765256,rebalance,rebalance,11493.426139302135
2013-01-11,2013-01-14,GILD,sell,2783.132238378894,26.917376418173887,74914.61808199955,74.91461808199955,rebalance,rebalance,2201.9734227365293
2013-01-11,2013-01-14,LEN,sell,13584.206727076573,34.663713543753914,470879.05070651724,470.87905070651726,rebalance,rebalance,38003.320961109785
2013-01-11,2013-01-14,LYB,sell,3739.8900340512446,30.74558967480047,114985.12441581512,114.98512441581512,rebalance,rebalance,23205.709926553012
2013-01-11,2013-01-14,MPC,sell,3121.120957796971,21.073902739548487,65774.19950297978,65.77419950297978,rebalance,rebalance,7485.563671517063
2013-01-11,2013-01-14,NRG,sell,25673.086234860777,17.58154420748927,451372.500580889,451.372500580889,rebalance,rebalance,34369.36137305358
2013-01-11,2013-01-14,PHM,sell,7383.008794413112,16.552156234116453,122204.71504298158,122.20471504298159,rebalance,rebalance,17712.148510478513
2013-01-11,2013-01-14,STZ,sell,14430.042504454663,29.60033721383912,427134.12414188957,427.1341241418896,rebalance,rebalance,27395.412578569674
2013-01-11,2013-01-14,THC,sell,3475.016535557479,34.15999984741211,118706.56432439804,118.70656432439804,rebalance,rebalance,13780.91021477675
2013-01-11,2013-01-14,TMUS,sell,3635.4528775496983,15.44064736300996,56133.74588708472,56.13374588708472,rebalance,rebalance,-1912.2853935821443
2013-01-11,2013-01-14,VLO,sell,23343.524983870695,19.565050171105852,456717.2374798931,456.7172374798931,rebalance,rebalance,68027.67792306974
2013-01-11,2013-01-14,VMC,sell,9288.160519407795,49.35753837120274,458440.73923456063,458.4407392345606,rebalance,rebalance,25577.447800625145
2013-01-11,2013-01-14,WHR,sell,1187.6656247010587,65.7431636666857,78080.89554601822,78.08089554601823,rebalance,rebalance,4867.975339287734
2013-01-11,2013-01-14,ANF,buy,10139.875729789048,36.59258951006711,371044.31026326277,371.0443102632628,rebalance,rebalance,0.0
2013-01-11,2013-01-14,C,buy,11958.015279751184,31.02892090224719,371044.31026326277,371.0443102632628,rebalance,rebalance,0.0
2013-01-11,2013-01-14,ETN,buy,9198.922073512002,40.33562925070024,371044.31026326277,371.0443102632628,rebalance,rebalance,0.0
2013-01-11,2013-01-14,FOSL,buy,3690.147180525383,100.55000305175781,371044.31026326277,371.0443102632628,rebalance,rebalance,0.0
2013-01-11,2013-01-14,R,buy,10213.963503345996,36.32716233435847,371044.31026326277,371.0443102632628,rebalance,rebalance,0.0
2013-02-11,2013-02-12,ANDV,sell,9936.616369638417,48.539908984509296,482322.45419623394,482.32245419623393,rebalance,rebalance,123810.44347375477
2013-02-11,2013-02-12,ETN,sell,9198.922073512002,43.12488016431067,396702.41206103726,396.70241206103725,rebalance,rebalance,24890.355075450225
2013-02-11,2013-02-12,FOSL,sell,3690.147180525383,111.5199966430664,411525.2011846117,411.5252011846117,rebalance,rebalance,39698.32140990108
2013-02-11,2013-02-12,GILD,sell,13784.564457505734,27.768403340885907,382775.34573445935,382.77534573445934,rebalance,rebalance,22625.449735205028
2013-02-11,2013-02-12,MPC,sell,17606.815161338858,27.707776197005902,487845.69403242745,487.84569403242745,rebalance,rebalance,158912.01852931932
2013-02-11,2013-02-12,R,sell,10213.963503345996,39.47680234456761,403214.6183762172,403.21461837621723,rebalance,rebalance,31396.049184315052
2013-02-11,2013-02-12,TMUS,sell,24030.359708372507,15.913320246557154,382402.80967929546,382.40280967929544,rebalance,rebalance,-1293.0740498933178
2013-02-11,2013-02-12,ANF,buy,2573.3424959816202,38.19712379518188,98294.28188641228,98.29428188641228,rebalance,rebalance,0.0
2013-02-11,2013-02-12,BAC,buy,52653.98548938826,9.22263273884164,485608.3704049248,485.6083704049248,rebalance,rebalance,0.0
2013-02-11,2013-02-12,C,buy,3370.0155166010845,31.68106698483988,106765.68732138873,106.76568732138874,rebalance,rebalance,0.0
2013-02-11,2013-02-12,DXC,buy,5154.902461213223,14.954054406193611,77086.69186360389,77.08669186360389,rebalance,rebalance,0.0
2013-02-11,2013-02-12,F,buy,72556.98218966872,6.692786217810336,485608.37040492485,485.60837040492487,rebalance,rebalance,0.0
2013-02-11,2013-02-12,FSLR,buy,3343.768036163925,32.380001068115234,108271.21258251747,108.27121258251748,rebalance,rebalance,0.0
2013-02-11,2013-02-12,GNW,buy,53956.485600547196,9.0,485608.37040492473,485.60837040492476,rebalance,rebalance,0.0
2013-02-11,2013-02-12,HIG,buy,26392.236299756907,18.399667420733028,485608.3704049248,485.6083704049248,rebalance,rebalance,0.0
2013-02-11,2013-02-12,LYB,buy,3767.8840523774543,30.664650734509106,115540.84847428145,115.54084847428145,rebalance,rebalance,0.0
2013-02-11,2013-02-12,MS,buy,29040.819977156694,16.72157916983408,485608.3704049248,485.6083704049248,rebalance,rebalance,0.0
2013-02-11,2013-02-12,PHM,buy,7164.361430633915,16.41620529956217,117611.62808555127,117.61162808555127,rebalance,rebalance,0.0
2013-02-11,2013-02-12,THC,buy,1444.3922769422588,39.459999084472656,56995.71792576091,56.995717925760914,rebalance,rebalance,0.0
2013-02-11,2013-02-12,URBN,buy,11377.890509200284,42.68000030517578,485608.37040492473,485.60837040492476,rebalance,rebalance,0.0
2013-02-11,2013-02-12,VMC,buy,9659.76515437279,50.271239791486984,485608.3704049248,485.6083704049248,rebalance,rebalance,0.0
2013-02-11,2013-02-12,WHR,buy,1623.554097414767,66.8200931019525,108486.03594531119,108.48603594531119,rebalance,rebalance,0.0
2013-03-12,2013-03-13,ANF,sell,3597.1225123163076,37.04885600587841,133269.27399431047,133.26927399431048,rebalance,rebalance,206.90257444985764
2013-03-12,2013-03-13,BAC,sell,16582.628686377255,9.363133171508082,155265.36072422037,155.2653607242204,rebalance,rebalance,2021.6656502397304
2013-03-12,2013-03-13,C,sell,15328.030796352268,34.34802965376095,526487.6563268688,526.4876563268688,rebalance,rebalance,47673.361088305835
2013-03-12,2013-03-13,DXC,sell,11736.411856844104,16.28691641705805,191149.958948589,191.149958948589,rebalance,rebalance,36135.86668919989
2013-03-12,2013-03-13,F,sell,72556.98218966872,6.820312629375964,494861.30197760445,494.86130197760446,rebalance,rebalance,8272.461900297207
2013-03-12,2013-03-13,FSLR,sell,2593.904054695864,27.229999542236328,70632.00622197334,70.63200622197334,rebalance,rebalance,1501.2077653821207
2013-03-12,2013-03-13,GNW,sell,21667.679081249313,10.460000038146973,226643.92401642416,226.64392401642417,rebalance,rebalance,31213.15924943272
2013-03-12,2013-03-13,HIG,sell,26392.236299756907,19.530509597291545,515453.8243463886,515.4538243463886,rebalance,rebalance,28844.391746712536
2013-03-12,2013-03-13,LYB,sell,15836.096572867053,32.636601017015316,516836.3655155856,516.8363655155856,rebalance,rebalance,104872.13953791517
2013-03-12,2013-03-13,MS,sell,8318.182159347532,16.298162444035935,135571.08407212768,135.5710840721277,rebalance,rebalance,-3796.721680102219
2013-03-12,2013-03-13,PHM,sell,29581.03663688199,16.77308298021864,496165.1821513093,496.1651821513093,rebalance,rebalance,61045.057613435216
2013-03-12,2013-03-13,THC,sell,4561.770272034897,43.61000061035156,198938.80434772547,198.93880434772547,rebalance,rebalance,56155.87980254639
2013-03-12,2013-03-13,URBN,sell,11377.890509200284,41.70000076293945,474458.0429142934,474.4580429142934,rebalance,rebalance,-12110.393903950473
2013-03-12,2013-03-13,VMC,sell,2784.3069031913938,49.1226773670748,136772.60969639,136.77260969639,rebalance,rebalance,-3474.693456716898
2013-03-12,2013-03-13,WHR,sell,7267.400386048478,74.69156793006248,542813.5296095022,542.8135296095022,rebalance,rebalance,86135.78976964379
2013-03-12,2013-03-13,HP,buy,9613.763718545617,35.130977555860916,337740.91742357606,337.7409174235761,rebalance,rebalance,0.0
2013-03-12,2013-03-13,HRB,buy,20036.49406278379,16.856288149277734,337740.91742357606,337.7409174235761,rebalance,rebalance,0.0
2013-03-12,2013-03-13,LOW,buy,10987.226424702598,30.739415423735387,337740.91742357606,337.7409174235761,rebalance,rebalance,0.0
2013-03-12,2013-03-13,MPC,buy,11212.618478096061,30.121502669813978,337740.91742357606,337.7409174235761,rebalance,rebalance,0.0
2013-03-12,2013-03-13,R,buy,8321.410764423566,40.586978216183724,337740.91742357606,337.7409174235761,rebalance,rebalance,0.0
2013-03-12,2013-03-13,TSN,buy,18969.321322498363,17.804586241206323,337740.91742357606,337.7409174235761,rebalance,rebalance,0.0
2013-03-12,2013-03-13,VLO,buy,13710.581543845088,24.633595325151884,337740.91742357606,337.7409174235761,rebalance,rebalance,0.0
2013-04-10,2013-04-11,BAC,sell,36071.356803011004,9.57309698210479,345314.59695132973,345.31459695132975,rebalance,rebalance,11963.733292305184
2013-04-10,2013-04-11,FSLR,sell,12403.26562986928,36.369998931884766,451106.75771022873,451.10675771022875,rebalance,rebalance,120430.79649954624
2013-04-10,2013-04-11,HP,sell,9613.763718545617,34.88884063556366,335413.07028430194,335.41307028430197,rebalance,rebalance,-3001.001126981988
2013-04-10,2013-04-11,LOW,sell,10987.226424702598,30.70021241429062,337310.18508227664,337.31018508227663,rebalance,rebalance,-1105.783443805242
2013-04-10,2013-04-11,MS,sell,20722.63781780916,15.989562443240649,331345.9113765197,331.3459113765197,rebalance,rebalance,-15847.178642028675
2013-04-10,2013-04-11,VLO,sell,13710.581543845088,24.316474565001325,333393.00738228566,333.39300738228565,rebalance,rebalance,-5019.043966096194
2013-04-10,2013-04-11,VMC,sell,6875.458251181396,45.10527165342552,310119.41216132283,310.1194121613228,rebalance,rebalance,-36174.155482757706
2013-04-10,2013-04-11,ANF,buy,2514.341498336402,37.430724118109396,94113.62296294367,94.11362296294368,rebalance,rebalance,0.0
2013-04-10,2013-04-11,AVY,buy,13242.587465368568,32.87391439067359,435335.68664753344,435.33568664753346,rebalance,rebalance,0.0
2013-04-10,2013-04-11,DXC,buy,6716.914434683633,15.856993110376957,106510.0659137699,106.51006591376989,rebalance,rebalance,0.0
2013-04-10,2013-04-11,GNW,buy,11419.595587146927,9.960000038146973,113739.1724836064,113.7391724836064,rebalance,rebalance,0.0
2013-04-10,2013-04-11,HPQ,buy,69582.58809013049,6.256388251664944,435335.6866475335,435.3356866475335,rebalance,rebalance,0.0
2013-04-10,2013-04-11,HRB,buy,4486.652156928358,17.752032416525854,79647.19453146785,79.64719453146785,rebalance,rebalance,0.0
2013-04-10,2013-04-11,KMX,buy,9957.357605044737,43.720001220703125,435335.68664753344,435.33568664753346,rebalance,rebalance,0.0
2013-04-10,2013-04-11,MPC,buy,3965.2364420702725,28.682293310704715,113732.07467775475,113.73207467775475,rebalance,rebalance,0.0
2013-04-10,2013-04-11,MU,buy,45048.97362036572,9.66360943794571,435335.6866475335,435.3356866475335,rebalance,rebalance,0.0
2013-04-10,2013-04-11,R,buy,1957.301394711154,42.3531352865689,82897.8507667915,82.89785076679149,rebalance,rebalance,0.0
2013-04-10,2013-04-11,STT,buy,10227.740828310525,42.56420786910423,435335.6866475335,435.3356866475335,rebalance,rebalance,0.0
2013-04-10,2013-04-11,THC,buy,2928.032985593656,40.790000915527344,119434.4681630595,119.4344681630595,rebalance,rebalance,0.0
2013-04-10,2013-04-11,TRIP,buy,9755.673401070306,44.62384796520272,435335.6866475335,435.3356866475335,rebalance,rebalance,0.0
2013-04-10,2013-04-11,TSN,buy,5930.361162378456,17.4835838534062,103683.9666634272,103.6839666634272,rebalance,rebalance,0.0
2013-04-10,2013-04-11,WHR,buy,5870.460847312777,74.15698664386967,435335.68664753344,435.33568664753346,rebalance,rebalance,0.0
2013-05-08,2013-05-09,ANF,sell,11630.437211790762,40.088519022893266,466247.0034094397,466.2470034094397,rebalance,rebalance,34694.191224165166
2013-05-08,2013-05-09,AVY,sell,13242.587465368568,33.117936039653685,438567.16467759584,438.5671646775958,rebalance,rebalance,2357.5751787372847
2013-05-08,2013-05-09,DXC,sell,8888.363915337748,15.830882385040427,140710.64373914932,140.71064373914933,rebalance,rebalance,17486.91661965086
2013-05-08,2013-05-09,GNW,sell,16342.64708365588,10.739999771118164,175520.02593792908,175.5200259379291,rebalance,rebalance,24010.484893865716
2013-05-08,2013-05-09,HPQ,sell,22716.929367442615,6.271291403804521,142464.48386287736,142.46448386287736,rebalance,rebalance,53.963440635787435
2013-05-08,2013-05-09,HRB,sell,7304.3455953721605,17.06902873744696,124678.08487565153,124.67808487565154,rebalance,rebalance,107.88349639703591
2013-05-08,2013-05-09,KMX,sell,9957.357605044737,47.040000915527344,468394.1108575376,468.3941108575376,rebalance,rebalance,32154.694412499113
2013-05-08,2013-05-09,MPC,sell,4165.305500244227,26.688479794654825,111165.67168183265,111.16567168183265,rebalance,rebalance,-12968.51766808403
2013-05-08,2013-05-09,MU,sell,15557.593437856627,9.965901930067739,155045.45046954456,155.04545046954456,rebalance,rebalance,4397.555734503687
2013-05-08,2013-05-09,R,sell,10278.71215913472,41.9805776770292,431506.2742163797,431.50627421637967,rebalance,rebalance,10015.360983605473
2013-05-08,2013-05-09,STT,sell,10227.740828310525,42.78388815958256,437582.51972363377,437.58251972363377,rebalance,rebalance,1373.9148697292208
2013-05-08,2013-05-09,THC,sell,4562.250077639436,48.099998474121094,219444.22177301574,219.44422177301576,rebalance,rebalance,64641.818922618746
2013-05-08,2013-05-09,TRIP,sell,9755.673401070306,46.758109286124046,456156.8430469788,456.15684304697885,rebalance,rebalance,19929.663869750882
2013-05-08,2013-05-09,TSN,sell,24899.68248487682,18.722814527362722,466192.13695457083,466.19213695457086,rebalance,rebalance,23859.63584652598
2013-05-08,2013-05-09,WHR,sell,5870.460847312777,77.89942085253642,457305.50014315563,457.30550014315565,rebalance,rebalance,21077.172308831523
2013-05-08,2013-05-09,ANDV,buy,5759.350163450855,51.031486945590856,293908.20268122887,293.9082026812289,rebalance,rebalance,0.0
2013-05-08,2013-05-09,BBY,buy,18419.88307673098,15.956029767230719,293908.20268122887,293.9082026812289,rebalance,rebalance,0.0
2013-05-08,2013-05-09,BSX,buy,37345.388431393825,7.869999885559082,293908.20268122887,293.9082026812289,rebalance,rebalance,0.0
2013-05-08,2013-05-09,FSLR,buy,6528.391819030837,45.02000045776367,293908.20268122887,293.9082026812289,rebalance,rebalance,0.0
2013-05-08,2013-05-09,GILD,buy,8144.531044288258,36.08657160038036,293908.20268122887,293.9082026812289,rebalance,rebalance,0.0
2013-05-08,2013-05-09,LUV,buy,23832.38616525737,12.332302801877452,293908.20268122887,293.9082026812289,rebalance,rebalance,0.0
2013-05-08,2013-05-09,VLO,buy,12383.507548125475,23.733841283580315,293908.20268122887,293.9082026812289,rebalance,rebalance,0.0
2013-05-08,2013-05-09,WDC,buy,8238.14389894882,35.67650751023314,293908.20268122887,293.9082026812289,rebalance,rebalance,0.0
2013-06-06,2013-06-07,ANDV,sell,5759.350163450855,52.96560164774398,305047.4465072072,305.04744650720716,rebalance,rebalance,10540.288176789909
2013-06-06,2013-06-07,BSX,sell,37345.388431393825,9.25,345444.8429903929,345.4448429903929,rebalance,rebalance,50897.287263492435
2013-06-06,2013-06-07,DXC,sell,18565.497205573378,14.90714126287463,276758.48945898656,276.75848945898656,rebalance,rebalance,19393.090112790047
2013-06-06,2013-06-07,GILD,sell,8144.531044288258,35.60615589322872,289995.4420401686,289.99544204016865,rebalance,rebalance,-4496.664285781635
2013-06-06,2013-06-07,MPC,sell,11012.549419922107,28.31175457108646,311784.5963787953,311.7845963787953,rebalance,rebalance,-16428.62963278072
2013-06-06,2013-06-07,VLO,sell,12383.507548125475,24.553086716905266,304053.3346885757,304.0533346885757,rebalance,rebalance,9547.17046997711
2013-06-06,2013-06-07,BBY,buy,5111.006983008669,17.415078695802638,89008.58882389279,89.0085888238928,rebalance,rebalance,0.0
2013-06-06,2013-06-07,BLK,buy,2069.163400965595,198.0473373835109,409792.30217264604,409.79230217264603,rebalance,rebalance,0.0
2013-06-06,2013-06-07,FSLR,buy,1085.7349832042646,53.81999969482422,58434.2564647135,58.4342564647135,rebalance,rebalance,0.0
2013-06-06,2013-06-07,GME,buy,64637.950374241496,6.339809659805519,409792.30217264604,409.79230217264603,rebalance,rebalance,0.0
2013-06-06,2013-06-07,GNW,buy,11004.309627307659,10.680000305175781,117526.03017789459,117.52603017789458,rebalance,rebalance,0.0
2013-06-06,2013-06-07,HPQ,buy,9642.413546103693,7.251925003270148,69926.05988686014,69.92605988686014,rebalance,rebalance,0.0
2013-06-06,2013-06-07,HRB,buy,5456.725031174683,18.072008931487986,98613.98350006292,98.61398350006293,rebalance,rebalance,0.0
2013-06-06,2013-06-07,LUV,buy,11050.79688400036,11.747560467575104,129819.90460968476,129.81990460968476,rebalance,rebalance,0.0
2013-06-06,2013-06-07,MU,buy,3967.27460301256,12.247721995983316,48590.076419422905,48.59007641942291,rebalance,rebalance,0.0
2013-06-06,2013-06-07,OI,buy,15315.697278489295,26.75635948669436,409792.30217264604,409.79230217264603,rebalance,rebalance,0.0
2013-06-06,2013-06-07,REGN,buy,1641.1147397019045,249.70362660144139,409792.30217264604,409.79230217264603,rebalance,rebalance,0.0
2013-06-06,2013-06-07,STX,buy,16227.587569266201,25.252817180833524,409792.30217264604,409.79230217264603,rebalance,rebalance,0.0
2013-06-06,2013-06-07,THC,buy,2771.139942586665,46.13999938964844,127860.39525957912,127.86039525957912,rebalance,rebalance,0.0
2013-06-06,2013-06-07,TRIP,buy,7358.925003673244,55.68643544649473,409792.30217264604,409.79230217264603,rebalance,rebalance,0.0
2013-06-06,2013-06-07,WDC,buy,2159.972703048239,39.41024301400327,85125.04913074462,85.12504913074463,rebalance,rebalance,0.0
2013-07-05,2013-07-08,BBY,sell,2244.341246000615,18.857415415200613,42322.475209302545,42.322475209302546,rebalance,rebalance,5721.5974594679265
2013-07-05,2013-07-08,BLK,sell,2069.163400965595,188.60896946189789,390262.77670439665,390.26277670439663,rebalance,rebalance,-20329.580547126334
2013-07-05,2013-07-08,GME,sell,12315.826384499676,7.671884532350452,94485.59794235666,94.48559794235666,rebalance,rebalance,16233.03726839464
2013-07-05,2013-07-08,GNW,sell,38370.06465009659,12.430000305175781,476939.91531031503,476.93991531031503,rebalance,rebalance,105410.67061661319
2013-07-05,2013-07-08,HPQ,sell,4433.175807440835,7.7083070925458905,34172.28051899905,34.172280518999045,rebalance,rebalance,5620.859341899706
2013-07-05,2013-07-08,LUV,sell,34883.18304925773,11.06766431935351,386075.36037974694,386.07536037974694,rebalance,rebalance,-38462.55037883742
2013-07-05,2013-07-08,MU,sell,4792.640584077926,14.002968494880822,67111.19510613041,67.11119510613041,rebalance,rebalance,19213.60754635357
2013-07-05,2013-07-08,OI,sell,15315.697278489295,27.922661508936137,427655.030880591,427.655030880591,rebalance,rebalance,17025.281374891765
2013-07-05,2013-07-08,REGN,sell,1641.1147397019045,232.6148942980991,381747.73170681094,381.74773170681095,rebalance,rebalance,-28836.110499714512
2013-07-05,2013-07-08,STX,sell,888.3072651761104,26.168717552517137,23245.861922242573,23.245861922242575,rebalance,rebalance,767.9228314539134
2013-07-05,2013-07-08,THC,sell,8881.49778052627,43.5,386345.15345289273,386.34515345289276,rebalance,rebalance,50932.97758974321
2013-07-05,2013-07-08,TRIP,sell,78.45577174242953,55.13508552115221,4325.6656846468495,4.325665684646849,rebalance,rebalance,-51.95117184606397
2013-07-05,2013-07-08,WDC,sell,339.88204606894396,39.90852385720519,13564.190744178164,13.564190744178164,rebalance,rebalance,1148.8206603931515
2013-07-05,2013-07-08,AIZ,buy,10082.954240450244,39.81068287767001,401409.2937366228,401.40929373662277,rebalance,rebalance,0.0
2013-07-05,2013-07-08,BIIB,buy,1796.9795190362106,223.3800048828125,401409.2937366228,401.40929373662277,rebalance,rebalance,0.0
2013-07-05,2013-07-08,BMY,buy,13984.217967021932,28.704450594465854,401409.2937366228,401.40929373662277,rebalance,rebalance,0.0
2013-07-05,2013-07-08,BSX,buy,43678.92405495416,9.1899995803833,401409.2937366228,401.40929373662277,rebalance,rebalance,0.0
2013-07-05,2013-07-08,FSLR,buy,962.9949986291595,46.79999923706055,45068.16520113779,45.06816520113779,rebalance,rebalance,0.0
2013-07-05,2013-07-08,HRB,buy,151.49797168328587,17.584828416191385,2664.0658374516033,2.6640658374516035,rebalance,rebalance,0.0
2013-07-05,2013-07-08,SLM,buy,57093.38164124825,7.030750013353853,401409.2937366228,401.40929373662277,rebalance,rebalance,0.0
2013-07-05,2013-07-08,STZ,buy,9450.124315655054,42.476615156442875,401409.2937366228,401.40929373662277,rebalance,rebalance,0.0
2013-08-02,2013-08-05,AIZ,sell,10082.954240450244,42.48078281024981,428331.7891742542,428.33178917425425,rebalance,rebalance,26092.754354720604
2013-08-02,2013-08-05,BMY,sell,13984.217967021932,28.476421327178073,398220.48276001017,398.22048276001016,rebalance,rebalance,-3988.440753109239
2013-08-02,2013-08-05,BSX,sell,43678.92405495416,11.15999984741211,487456.7857884135,487.45678578841347,rebalance,rebalance,85158.62597226576
2013-08-02,2013-08-05,HRB,sell,22827.023627197956,19.68534166351975,449357.75926262967,449.35775926262966,rebalance,rebalance,54169.09734389483
2013-08-02,2013-08-05,TRIP,sell,7280.469231930814,67.54937307183837,491791.13228573516,491.79113228573516,rebalance,rebalance,85470.53786943902
2013-08-02,2013-08-05,APTV,buy,13215.350092577703,43.03557281876368,568730.1612345831,568.7301612345831,rebalance,rebalance,0.0
2013-08-02,2013-08-05,BA,buy,6261.920442570537,90.8236005951423,568730.1612345831,568.7301612345831,rebalance,rebalance,0.0
2013-08-02,2013-08-05,BBY,buy,7664.242745471925,19.644718869651644,150561.89408356306,150.56189408356306,rebalance,rebalance,0.0
2013-08-02,2013-08-05,BIIB,buy,697.4510126944169,228.0,159018.83089432705,159.01883089432707,rebalance,rebalance,0.0
2013-08-02,2013-08-05,EQT,buy,13250.350454020823,42.92189577989628,568730.1612345831,568.7301612345831,rebalance,rebalance,0.0
2013-08-02,2013-08-05,FSLR,buy,3406.2362312822843,47.459999084472656,161659.9684181548,161.65996841815482,rebalance,rebalance,0.0
2013-08-02,2013-08-05,GME,buy,11143.612506213132,8.961215809271065,99860.31656306788,99.86031656306788,rebalance,rebalance,0.0
2013-08-02,2013-08-05,HPQ,buy,18838.02406752135,8.020120409552524,151083.22129956962,151.08322129956963,rebalance,rebalance,0.0
2013-08-02,2013-08-05,MU,buy,14504.298570110623,13.174103329854239,191081.12808969442,191.08112808969443,rebalance,rebalance,0.0
2013-08-02,2013-08-05,REGN,buy,2100.6113458086593,270.74506779627177,568730.1612345831,568.7301612345831,rebalance,rebalance,0.0
2013-08-02,2013-08-05,SLM,buy,17680.56152095252,7.605993975747475,134478.24441619747,134.47824441619747,rebalance,rebalance,0.0
2013-08-02,2013-08-05,STX,buy,9050.874832578498,23.318021474145695,211048.49370587023,211.04849370587024,rebalance,rebalance,0.0
2013-08-02,2013-08-05,STZ,buy,3278.459175032838,44.68133957330449,146485.94767685796,146.48594767685796,rebalance,rebalance,0.0
2013-08-02,2013-08-05,VFC,buy,17038.461304566714,33.37919728010591,568730.1612345831,568.7301612345831,rebalance,rebalance,0.0
2013-08-02,2013-08-05,WDC,buy,4074.4913693490907,40.24207107967586,163965.97129887194,163.96597129887195,rebalance,rebalance,0.0
2013-08-30,2013-09-03,APTV,sell,13215.350092577703,43.16475593324315,570437.3613184788,570.4373613184788,rebalance,rebalance,568.0325613426977
2013-08-30,2013-09-03,BA,sell,6261.920442570537,89.52534073936494,560600.5613039222,560.6005613039222,rebalance,rebalance,-9258.930653199352
2013-08-30,2013-09-03,BBY,sell,12161.464590794621,22.951376488203202,279122.35247127945,279.12235247127944,rebalance,rebalance,69876.07842490486
2013-08-30,2013-09-03,BIIB,sell,2494.4305317306275,216.0,538796.9948538155,538.7969948538156,rebalance,rebalance,-22730.354896618996
2013-08-30,2013-09-03,EQT,sell,13250.350454020823,43.0212645885402,570046.8327733136,570.0468327733137,rebalance,rebalance,177.89454472260013
2013-08-30,2013-09-03,FSLR,sell,1610.8641315140521,37.150001525878906,59843.604943730636,59.84360494373064,rebalance,rebalance,-15444.513508410128
2013-08-30,2013-09-03,GME,sell,21081.089571013705,9.091456274675595,191657.8040573908,191.65780405739082,rebalance,rebalance,47969.51863002022
2013-08-30,2013-09-03,HPQ,sell,70912.92052887208,6.742894839930905,478158.36591856193,478.15836591856197,rebalance,rebalance,-8535.800414194717
2013-08-30,2013-09-03,MU,sell,14493.752696784402,13.437391487366463,194758.22910776545,194.75822910776546,rebalance,rebalance,34297.84730889473
2013-08-30,2013-09-03,REGN,sell,519.3501379021973,243.69039239623277,126560.63889642405,126.56063889642405,rebalance,rebalance,-14318.021527102197
2013-08-30,2013-09-03,SLM,sell,74773.94316220077,7.414247588893866,554392.527802434,554.3925278024341,rebalance,rebalance,17414.709583658616
2013-08-30,2013-09-03,STX,sell,24390.15513666859,22.261510856399163,542961.7033642076,542.9617033642077,rebalance,rebalance,-56588.201784685036
2013-08-30,2013-09-03,STZ,sell,12728.583490687892,46.27411347358736,589003.9168061223,589.0039168061223,rebalance,rebalance,39971.77623442191
2013-08-30,2013-09-03,VFC,sell,17038.461304566714,31.334487377097545,533891.4506731107,533.8914506731106,rebalance,rebalance,-35941.33217338011
2013-08-30,2013-09-03,WDC,sell,14132.725925277206,38.716398160013256,547168.2440093741,547.1682440093741,rebalance,rebalance,15480.65932444908
2013-08-30,2013-09-03,BSX,buy,35778.84381220165,10.770000457763672,385338.16423566674,385.33816423566674,rebalance,rebalance,0.0
2013-08-30,2013-09-03,GNW,buy,32058.082326176478,12.020000457763672,385338.16423566674,385.33816423566674,rebalance,rebalance,0.0
2013-08-30,2013-09-03,GT,buy,21259.708109070492,18.125280095979377,385338.16423566674,385.33816423566674,rebalance,rebalance,0.0
2013-08-30,2013-09-03,LMT,buy,4461.409263881304,86.37140003166468,385338.1642356667,385.3381642356667,rebalance,rebalance,0.0
2013-08-30,2013-09-03,LNC,buy,13960.909242911684,27.601222637509295,385338.16423566674,385.33816423566674,rebalance,rebalance,0.0
2013-08-30,2013-09-03,MET,buy,14074.476664425496,27.378507451694,385338.16423566674,385.33816423566674,rebalance,rebalance,0.0
2013-08-30,2013-09-03,NOC,buy,5131.845741822578,75.08763583739632,385338.1642356667,385.3381642356667,rebalance,rebalance,0.0
2013-08-30,2013-09-03,PFG,buy,14771.043807841499,26.087402437402723,385338.16423566674,385.33816423566674,rebalance,rebalance,0.0
2013-08-30,2013-09-03,PRU,buy,8754.424037039345,44.01639246686342,385338.1642356667,385.3381642356667,rebalance,rebalance,0.0
2013-08-30,2013-09-03,TRIP,buy,5785.272547486932,66.6067434287178,385338.16423566674,385.33816423566674,rebalance,rebalance,0.0
2013-09-30,2013-10-01,GNW,sell,32058.082326176478,12.800000190734863,410343.45988965285,410.3434598896529,rebalance,rebalance,24209.614029860873
2013-09-30,2013-10-01,MET,sell,14074.476664425496,27.442806495538008,386243.1396277941,386.2431396277941,rebalance,rebalance,133.39408826397607
2013-09-30,2013-10-01,PFG,sell,14771.043807841499,27.20761463377875,401884.8676624154,401.8848676624154,rebalance,rebalance,15759.48039485058
2013-09-30,2013-10-01,PRU,sell,8754.424037039345,45.13387798058587,395121.1062780418,395.1211062780418,rebalance,rebalance,9002.482771861412
2013-09-30,2013-10-01,AKAM,buy,11144.375884076955,51.7400016784668,576610.0269476066,576.6100269476066,rebalance,rebalance,0.0
2013-09-30,2013-10-01,BBY,buy,7474.115106557983,23.764560080382445,177619.05749749125,177.61905749749124,rebalance,rebalance,0.0
2013-09-30,2013-10-01,BKNG,buy,14604.335940191682,39.482111977495265,576610.0269476066,576.6100269476066,rebalance,rebalance,0.0
2013-09-30,2013-10-01,BSX,buy,13169.376902415635,11.779999732971191,155135.25639385317,155.13525639385318,rebalance,rebalance,0.0
2013-09-30,2013-10-01,DAL,buy,28319.265418021332,20.3610516881795,576610.0269476066,576.6100269476066,rebalance,rebalance,0.0
2013-09-30,2013-10-01,FSLR,buy,3931.897250533837,40.310001373291016,158494.78356865814,158.49478356865814,rebalance,rebalance,0.0
2013-09-30,2013-10-01,GME,buy,22547.799571261414,8.880152497893754,200227.89868474475,200.22789868474476,rebalance,rebalance,0.0
2013-09-30,2013-10-01,GT,buy,7512.907853182078,20.04023644231981,150560.44974713016,150.56044974713015,rebalance,rebalance,0.0
2013-09-30,2013-10-01,LMT,buy,1983.5865498021594,89.46631520278068,177464.17949659622,177.46417949659622,rebalance,rebalance,0.0
2013-09-30,2013-10-01,LNC,buy,7303.147244827438,27.116652332074107,198036.90476793054,198.03690476793054,rebalance,rebalance,0.0
2013-09-30,2013-10-01,MU,buy,5035.628467652932,17.10390371784999,86128.90446960024,86.12890446960024,rebalance,rebalance,0.0
2013-09-30,2013-10-01,NOC,buy,2405.3375067805237,76.50205758954742,184013.26846602204,184.01326846602205,rebalance,rebalance,0.0
2013-09-30,2013-10-01,REGN,buy,257.29893598681724,313.62043219679214,80694.20350796038,80.69420350796038,rebalance,rebalance,0.0
2013-09-30,2013-10-01,TRIP,buy,2775.6499287258002,67.35372602073757,186950.3648288773,186.9503648288773,rebalance,rebalance,0.0
2013-09-30,2013-10-01,VRTX,buy,7584.978326886018,76.0199966430664,576610.0269476066,576.6100269476066,rebalance,rebalance,0.0
2013-10-28,2013-10-29,AKAM,sell,11144.375884076955,46.08000183105469,513532.8611442278,513.5328611442278,rebalance,rebalance,-64167.30869147053
2013-10-28,2013-10-29,BBY,sell,7201.4663618468985,26.99137852639667,194377.50451772232,194.37750451772231,rebalance,rebalance,55788.81786207069
2013-10-28,2013-10-29,BKNG,sell,3568.6782331495288,41.730747464859725,148923.61013090477,148.92361013090476,rebalance,rebalance,7734.833954301379
2013-10-28,2013-10-29,BSX,sell,9350.091707776119,11.630000114440918,108741.56763146934,108.74156763146934,rebalance,rebalance,5288.323430275295
2013-10-28,2013-10-29,DAL,sell,7985.391254577575,22.648229313287636,180854.97228999456,180.85497228999458,rebalance,rebalance,17920.56226882925
2013-10-28,2013-10-29,FSLR,sell,14304.39115116633,51.7400016784668,740109.2221707915,740.1092221707914,rebalance,rebalance,96314.44608559064
2013-10-28,2013-10-29,GME,sell,18088.253399349473,9.83102097476721,177825.99856590896,177.82599856590898,rebalance,rebalance,41445.191951494235
2013-10-28,2013-10-29,GT,sell,4244.542865748321,18.77547588305432,79693.31221044787,79.69331221044787,rebalance,rebalance,478.6773145114224
2013-10-28,2013-10-29,LMT,sell,1514.7593857848215,93.40855182425682,141491.48058836092,141.49148058836093,rebalance,rebalance,8942.976393991712
2013-10-28,2013-10-29,LNC,sell,21264.056487739123,28.79398427827245,612276.9082002576,612.2769082002576,rebalance,rebalance,27706.18721945642
2013-10-28,2013-10-29,MU,sell,5964.354753512878,16.596835932658205,98989.41728822331,98.98941728822331,rebalance,rebalance,27537.247173266012
2013-10-28,2013-10-29,NOC,sell,7537.183248603102,86.70878253684269,653539.9832434598,653.5399832434598,rebalance,rebalance,82965.659125826
2013-10-28,2013-10-29,REGN,sell,296.43998491718503,298.6318816991407,88526.43050668386,88.52643050668385,rebalance,rebalance,6317.493491682649
2013-10-28,2013-10-29,TRIP,sell,1908.8125287740713,69.23010120398428,132147.2845464621,132.1472845464621,rebalance,rebalance,4285.455220666234
2013-10-28,2013-10-29,VRTX,sell,7584.978326886018,76.08000183105469,577065.1649979984,577.0651649979984,rebalance,rebalance,-698.5371415536824
2013-10-28,2013-10-29,EOG,buy,7096.142689562164,64.89810944171188,460526.24488120904,460.52624488120904,rebalance,rebalance,0.0
2013-10-28,2013-10-29,GHC,buy,1328.5775634651711,346.6310568124251,460526.244881209,460.526244881209,rebalance,rebalance,0.0
2013-10-28,2013-10-29,GRMN,buy,13979.406857489763,32.94318919078261,460526.24488120904,460.52624488120904,rebalance,rebalance,0.0
2013-10-28,2013-10-29,PBI,buy,41530.55463817069,11.088853710081201,460526.2448812091,460.5262448812091,rebalance,rebalance,0.0
2013-10-28,2013-10-29,PRU,buy,9781.912570282435,47.07936628674163,460526.24488120904,460.52624488120904,rebalance,rebalance,0.0
2013-11-25,2013-11-26,BSX,sell,39598.12900684117,11.869999885559082,470029.78677955846,470.0297867795585,rebalance,rebalance,31890.365576192176
2013-11-25,2013-11-26,LMT,sell,4930.2364278986415,99.08029044603107,488489.25724380015,488.4892572438002,rebalance,rebalance,57042.634624342034
2013-11-25,2013-11-26,PBI,sell,41530.55463817069,13.496444769744828,560514.8369309406,560.5148369309406,rebalance,rebalance,98967.55096791944
2013-11-25,2013-11-26,PRU,sell,9781.912570282435,52.017097388482675,508826.6988140043,508.8266988140043,rebalance,rebalance,47331.10098910007
2013-11-25,2013-11-26,REGN,sell,1542.1201589760942,293.08423991480583,451971.1146508081,451.9711146508081,rebalance,rebalance,24317.864797995568
2013-11-25,2013-11-26,TRIP,sell,6652.109947438661,76.90455245323754,511577.53837749973,511.57753837749976,rebalance,rebalance,65934.82528676314
2013-11-25,2013-11-26,AMZN,buy,31724.74456649475,18.88050079345703,598979.0649599258,598.9790649599258,rebalance,rebalance,0.0
2013-11-25,2013-11-26,BBY,buy,6652.68496589546,25.25775397198749,168031.8801217275,168.0318801217275,rebalance,rebalance,0.0
2013-11-25,2013-11-26,BKNG,buy,2114.1469089372713,45.55041557287143,96300.27028419428,96.30027028419428,rebalance,rebalance,0.0
2013-11-25,2013-11-26,CMG,buy,56278.09957769761,10.643199920654297,598979.0649599258,598.9790649599258,rebalance,rebalance,0.0
2013-11-25,2013-11-26,CTSH,buy,14856.611144560991,40.317341494073645,598979.0649599258,598.9790649599258,rebalance,rebalance,0.0
2013-11-25,2013-11-26,DAL,buy,3485.526236399528,25.14668945923033,87649.44586873878,87.64944586873878,rebalance,rebalance,0.0
2013-11-25,2013-11-26,EOG,buy,2870.21391370496,60.1001036591016,172500.15373746378,172.5001537374638,rebalance,rebalance,0.0
2013-11-25,2013-11-26,FDX,buy,6446.45477865853,92.91604230947074,598979.0649599258,598.9790649599258,rebalance,rebalance,0.0
2013-11-25,2013-11-26,GHC,buy,409.979356003018,344.5265773312437,141248.78430018725,141.24878430018725,rebalance,rebalance,0.0
2013-11-25,2013-11-26,GME,buy,21461.236983047253,8.769128080436191,188196.33586893536,188.19633586893536,rebalance,rebalance,0.0
2013-11-25,2013-11-26,GRMN,buy,4267.3309487550705,32.8266384556109,140082.13022522174,140.08213022522173,rebalance,rebalance,0.0
2013-11-25,2013-11-26,GT,buy,5883.477451162151,19.69577526213598,115879.64963793434,115.87964963793435,rebalance,rebalance,0.0
2013-11-25,2013-11-26,MCK,buy,3981.9916474573524,150.4219792480971,598979.0649599258,598.9790649599258,rebalance,rebalance,0.0
2013-11-25,2013-11-26,MU,buy,3072.5837778736386,19.434488960508723,59714.095511323416,59.714095511323414,rebalance,rebalance,0.0
2013-11-25,2013-11-26,NFLX,buy,119624.91634292806,5.007143020629883,598979.0649599258,598.9790649599258,rebalance,rebalance,0.0
2013-12-24,2013-12-26,AMZN,sell,31724.74456649475,20.089500427246094,637334.2695228695,637.3342695228695,rebalance,rebalance,37118.891228461005
2013-12-24,2013-12-26,EOG,sell,9966.356603267124,59.78418743920128,595830.5312556431,595.8305312556431,rebalance,rebalance,-38424.72429290389
2013-12-24,2013-12-26,FDX,sell,6446.45477865853,96.6402815686405,622987.2049290685,622.9872049290684,rebalance,rebalance,22786.173699253737
2013-12-24,2013-12-26,GHC,sell,1738.556919468189,345.6369509702285,600909.512733178,600.909512733178,rebalance,rebalance,-2068.2009901328493
2013-12-24,2013-12-26,GME,sell,68305.43007990044,9.197597207129709,628245.8329346859,628.2458329346858,rebalance,rebalance,86500.34027424954
2013-12-24,2013-12-26,GRMN,sell,18246.737806244833,32.00792813689352,584040.2724350228,584.0402724350228,rebalance,rebalance,-17752.751318949566
2013-12-24,2013-12-26,GT,sell,162.02191888832385,21.097516517415972,3418.2601099298436,3.4182601099298435,rebalance,rebalance,360.52957151652777
2013-12-24,2013-12-26,MU,sell,840.5008945673399,21.28724828915656,17891.951229913164,17.891951229913165,rebalance,rebalance,7191.262806057485
2013-12-24,2013-12-26,NFLX,sell,1475.964144043348,5.401570796966553,7972.524817834283,7.972524817834283,rebalance,rebalance,566.7983669072944
2013-12-24,2013-12-26,BBY,buy,1249.0573204836874,25.564698732068162,31931.774097249778,31.93177409724978,rebalance,rebalance,0.0
2013-12-24,2013-12-26,BKNG,buy,621.0378760732838,46.343564691702674,28781.108985799856,28.781108985799857,rebalance,rebalance,0.0
2013-12-24,2013-12-26,CLF,buy,28288.42135594893,22.56011114439528,638189.9298896928,638.1899298896928,rebalance,rebalance,0.0
2013-12-24,2013-12-26,CMG,buy,3635.7103478293866,10.651800155639648,38726.86004886974,38.72686004886974,rebalance,rebalance,0.0
2013-12-24,2013-12-26,CRM,buy,11830.009092366881,53.94669817299417,638189.9298896928,638.1899298896928,rebalance,rebalance,0.0
2013-12-24,2013-12-26,CTSH,buy,7.809465075146363,42.934060240193574,335.2920439800218,0.33529204398002177,rebalance,rebalance,0.0
2013-12-24,2013-12-26,DAL,buy,2761.718924040528,24.00914431456101,66306.50820354318,66.30650820354319,rebalance,rebalance,0.0
2013-12-24,2013-12-26,GILD,buy,12403.302500991997,51.45322625475363,638189.9298896928,638.1899298896928,rebalance,rebalance,0.0
2013-12-24,2013-12-26,LUV,buy,38956.51491520179,16.382110444911884,638189.9298896928,638.1899298896928,rebalance,rebalance,0.0
2013-12-24,2013-12-26,MCK,buy,372.1910067735421,146.56939787989214,54551.81175910892,54.55181175910892,rebalance,rebalance,0.0
2013-12-24,2013-12-26,OKE,buy,25858.379110515245,24.680198521421417,638189.9298896928,638.1899298896928,rebalance,rebalance,0.0
2013-12-24,2013-12-26,PBI,buy,48580.99867915024,13.13661611002633,638189.9298896928,638.1899298896928,rebalance,rebalance,0.0
2014-01-24,2014-01-27,BKNG,sell,13770.842492052709,46.26013953729479,637041.0952284667,637.0410952284667,rebalance,rebalance,75050.80907589241
2014-01-24,2014-01-27,CLF,sell,28288.42135594893,17.74922832877611,502097.6497073638,502.0976497073638,rebalance,rebalance,-137232.56776192607
2014-01-24,2014-01-27,CMG,sell,59913.809925527,9.847200393676758,589983.2926853239,589.9832926853238,rebalance,rebalance,-48950.32154116559
2014-01-24,2014-01-27,CRM,sell,11830.009092366881,57.514957109512615,680402.4655526255,680.4024655526255,rebalance,rebalance,40893.94326749039
2014-01-24,2014-01-27,CTSH,sell,3578.066725852237,42.333213767750834,151471.06358077907,151.47106358077906,rebalance,rebalance,6912.272363138889
2014-01-24,2014-01-27,DAL,sell,26581.119323883813,26.904720811284193,715157.5942605252,715.1575942605252,rebalance,rebalance,145899.44471423174
2014-01-24,2014-01-27,GILD,sell,12403.302500991997,55.4270132724416,687478.0123445914,687.4780123445914,rebalance,rebalance,47962.41451266446
2014-01-24,2014-01-27,GT,sell,6942.042427674551,20.499320583018825,142307.15322581888,142.3071532258189,rebalance,rebalance,11298.815298299887
2014-01-24,2014-01-27,LUV,sell,12450.308574074865,18.025500347794974,224423.04153214121,224.4230415321412,rebalance,rebalance,20032.32602674757
2014-01-24,2014-01-27,MCK,sell,1336.3528633950727,158.32159688780197,211573.5193382946,211.5735193382946,rebalance,rebalance,10584.606946980583
2014-01-24,2014-01-27,MU,sell,8769.109026729038,22.52566897057129,197530.0471029469,197.5300471029469,rebalance,rebalance,85876.82725906606
2014-01-24,2014-01-27,NFLX,sell,31814.42233200943,5.534142971038818,176065.5617263504,176.0655617263504,rebalance,rebalance,16430.834066796484
2014-01-24,2014-01-27,OKE,sell,25858.379110515245,26.868515787738474,694776.2673762057,694.7762673762056,rebalance,rebalance,55253.371289246956
2014-01-24,2014-01-27,PBI,sell,9888.76963390947,12.348413193307033,122110.61341294165,122.11061341294165,rebalance,rebalance,-8046.372652106728
2014-01-24,2014-01-27,BBY,buy,5070.608859283628,15.90805193893912,80663.50909552879,80.6635090955288,rebalance,rebalance,0.0
2014-01-24,2014-01-27,CAH,buy,10104.58532751414,47.28423939572498,477787.6316207087,477.7876316207087,rebalance,rebalance,0.0
2014-01-24,2014-01-27,FDX,buy,5236.164457733964,91.24763660068064,477787.63162070874,477.78763162070874,rebalance,rebalance,0.0
2014-01-24,2014-01-27,MA,buy,6533.573865712014,73.12806764581372,477787.63162070874,477.78763162070874,rebalance,rebalance,0.0
2014-01-24,2014-01-27,STX,buy,14080.919910565392,33.931563751187056,477787.63162070874,477.78763162070874,rebalance,rebalance,0.0
2014-01-24,2014-01-27,STZ,buy,7498.3389871682875,63.71912932161833,477787.63162070874,477.78763162070874,rebalance,rebalance,0.0
2014-01-24,2014-01-27,VLO,buy,15375.522038669558,31.074563219321536,477787.63162070874,477.78763162070874,rebalance,rebalance,0.0
2014-01-24,2014-01-27,WYNN,buy,2970.463452939617,160.84615723781508,477787.63162070874,477.78763162070874,rebalance,rebalance,0.0
2014-02-24,2014-02-25,BBY,sell,30034.3268587902,15.933466017038972,478550.92634917446,478.55092634917446,rebalance,rebalance,-130724.23976459482
2014-02-24,2014-02-25,CAH,sell,10104.58532751414,51.78577385046083,523273.7706233319,523.2737706233319,rebalance,rebalance,44485.07760037919
2014-02-24,2014-02-25,CTSH,sell,11286.3538837839,45.25034666231668,510711.42579480575,510.71142579480573,rebalance,rebalance,54694.36316216077
2014-02-24,2014-02-25,FDX,sell,5236.164457733964,91.35607885234496,478355.45308459015,478.3554530845902,rebalance,rebalance,-388.321620823844
2014-02-24,2014-02-25,GT,sell,23307.486201103526,23.97011377234594,558683.0959878346,558.6830959878346,rebalance,rebalance,118749.65564381714
2014-02-24,2014-02-25,LUV,sell,2726.456200422759,19.184533499811423,52305.79031277899,52.30579031277899,rebalance,rebalance,7543.712817327227
2014-02-24,2014-02-25,MA,sell,6533.573865712014,70.39560290760072,459934.8714181407,459.93487141814074,rebalance,rebalance,-18790.482705606886
2014-02-24,2014-02-25,MCK,sell,186.62568120196374,161.1340601121416,30071.753733266603,30.071753733266604,rebalance,rebalance,2002.5250597771217
2014-02-24,2014-02-25,MU,sell,2346.489271205941,24.183402980170733,56746.0956342204,56.7460956342204,rebalance,rebalance,26865.38686166759
2014-02-24,2014-02-25,NFLX,sell,15369.552225617372,6.4285712242126465,98804.26116663727,98.80426116663727,rebalance,rebalance,21670.953202607434
2014-02-24,2014-02-25,PBI,sell,38692.22904524077,14.196441436420718,549291.9636853373,549.2919636853374,rebalance,rebalance,39949.42735370494
2014-02-24,2014-02-25,STZ,sell,787.264799589515,67.97770378337509,53516.453345574206,53.516453345574206,rebalance,rebalance,3248.94548925099
2014-02-24,2014-02-25,VLO,sell,1233.9063544858127,32.259638741400046,39805.37323643022,39.80537323643022,rebalance,rebalance,1384.1237429826488
2014-02-24,2014-02-25,WYNN,sell,646.7538983118084,196.32548839114924,126974.27495494545,126.97427495494544,rebalance,rebalance,22715.393578737498
2014-02-24,2014-02-25,ADSK,buy,8378.39130944498,54.45000076293945,456203.41319148446,456.20341319148446,rebalance,rebalance,0.0
2014-02-24,2014-02-25,AMZN,buy,25847.21943634086,17.649999618530273,456203.41319148446,456.20341319148446,rebalance,rebalance,0.0
2014-02-24,2014-02-25,BIIB,buy,1316.566333826993,346.510009765625,456203.41319148446,456.20341319148446,rebalance,rebalance,0.0
2014-02-24,2014-02-25,DAL,buy,16197.032252692637,28.165864343182005,456203.41319148446,456.20341319148446,rebalance,rebalance,0.0
2014-02-24,2014-02-25,EXPE,buy,6162.635832314278,74.0273197386328,456203.41319148446,456.20341319148446,rebalance,rebalance,0.0
2014-02-24,2014-02-25,STX,buy,1072.783394912265,30.105077550685525,32296.227298921436,32.29622729892144,rebalance,rebalance,0.0
2014-02-24,2014-02-25,TXT,buy,11873.219745626597,38.422889743914936,456203.41319148446,456.20341319148446,rebalance,rebalance,0.0
2014-02-24,2014-02-25,XYL,buy,13574.100629585431,33.608371238766736,456203.41319148446,456.20341319148446,rebalance,rebalance,0.0
2014-03-24,2014-03-25,ADSK,sell,8378.39130944498,49.869998931884766,417830.3656529338,417.8303656529338,rebalance,rebalance,-39247.08131739506
2014-03-24,2014-03-25,AMZN,sell,25847.21943634086,17.701499938964844,457534.5532747987,457.53455327479867,rebalance,rebalance,417.40211684800727
2014-03-24,2014-03-25,MCK,sell,2831.204109633858,162.50778091443286,460092.6971724209,460.0926971724209,rebalance,rebalance,34264.69267122662
2014-03-24,2014-03-25,STX,sell,15153.703305477657,31.11617860319171,471525.33855301933,471.52533855301937,rebalance,rebalance,-39540.12956408341
2014-03-24,2014-03-25,TXT,sell,11873.219745626597,37.558537487389565,445940.7689121305,445.9407689121305,rebalance,rebalance,-11164.788461457541
2014-03-24,2014-03-25,BIIB,buy,735.5554891275463,316.0,232435.5345643046,232.43553456430462,rebalance,rebalance,0.0
2014-03-24,2014-03-25,DAL,buy,6248.250925350769,28.89117018082383,180519.28081679903,180.51928081679904,rebalance,rebalance,0.0
2014-03-24,2014-03-25,EXPE,buy,3459.58613515851,67.39300945724814,233151.921124902,233.151921124902,rebalance,rebalance,0.0
2014-03-24,2014-03-25,FSLR,buy,8763.1148115356,74.0,648470.4960536344,648.4704960536344,rebalance,rebalance,0.0
2014-03-24,2014-03-25,HPQ,buy,66858.31221138484,9.699175384556161,648470.4960536344,648.4704960536344,rebalance,rebalance,0.0
2014-03-24,2014-03-25,LUV,buy,8066.09218586791,20.362799306851826,164248.21637139402,164.24821637139402,rebalance,rebalance,0.0
2014-03-24,2014-03-25,MPC,buy,20734.91346179974,31.274328549686107,648470.4960536344,648.4704960536344,rebalance,rebalance,0.0
2014-03-24,2014-03-25,MU,buy,9266.155046223077,23.052242539969555,213605.65353849716,213.60565353849717,rebalance,rebalance,0.0
2014-03-24,2014-03-25,NFLX,buy,48805.28933203433,5.414286136627197,264245.8014245127,264.2458014245127,rebalance,rebalance,0.0
2014-03-24,2014-03-25,PBI,buy,43984.61070650874,14.743122324774271,648470.4960536344,648.4704960536344,rebalance,rebalance,0.0
2014-03-24,2014-03-25,STZ,buy,2711.035384536187,68.82434247769778,186585.22777447564,186.58522777447564,rebalance,rebalance,0.0
2014-03-24,2014-03-25,VLO,buy,4758.7899320414635,34.30987192660826,163273.47309397545,163.27347309397547,rebalance,rebalance,0.0
2014-03-24,2014-03-25,WDC,buy,11843.991812954599,54.75100846864459,648470.4960536344,648.4704960536344,rebalance,rebalance,0.0
2014-03-24,2014-03-25,WYNN,buy,1149.0346435759952,186.73143169860904,214560.88406624654,214.56088406624653,rebalance,rebalance,0.0
2014-03-24,2014-03-25,XYL,buy,7587.550364190181,30.643662738997655,232510.33437540274,232.51033437540275,rebalance,rebalance,0.0
2014-04-22,2014-04-23,BIIB,sell,2052.1218229545393,309.0,634105.6432929527,634.1056432929527,rebalance,rebalance,-55856.049053885086
2014-04-22,2014-04-23,DAL,sell,10060.875980099567,31.835547947253456,320293.4996558304,320.2934996558304,rebalance,rebalance,34283.157368412416
2014-04-22,2014-04-23,EXPE,sell,3856.4709115862597,68.38040444807771,263707.0406765154,263.70704067651536,rebalance,rebalance,-13118.28407868507
2014-04-22,2014-04-23,FSLR,sell,3224.1377469375357,71.18000030517578,229494.12581094255,229.49412581094256,rebalance,rebalance,-9560.147781519408
2014-04-22,2014-04-23,HPQ,sell,26234.592446783165,9.70527542610715,254613.9453877009,254.6139453877009,rebalance,rebalance,-349.035754672731
2014-04-22,2014-04-23,LUV,sell,13182.718370722956,21.125315894656925,278489.08993181953,278.48908993181954,rebalance,rebalance,48729.11091674038
2014-04-22,2014-04-23,MPC,sell,20734.91346179974,31.399406667882946,651063.9800104107,651.0639800104107,rebalance,rebalance,1293.9494807122715
2014-04-22,2014-04-23,MU,sell,12692.641951338042,25.538845266960422,324155.41882415285,324.15541882415283,rebalance,rebalance,119170.7423547197
2014-04-22,2014-04-23,NFLX,sell,119770.26697329224,5.181857109069824,620632.4093707452,620.6324093707452,rebalance,rebalance,-185.3945626485368
2014-04-22,2014-04-23,PBI,sell,43984.61070650874,14.789158575926747,650495.3826389632,650.4953826389632,rebalance,rebalance,725.920706636217
2014-04-22,2014-04-23,STZ,sell,9422.10957211496,67.78488452774778,638676.6093535996,638.6766093535996,rebalance,rebalance,23214.69189264412
2014-04-22,2014-04-23,VLO,sell,7794.217702067061,35.499524426904784,276691.0217031433,276.6910217031433,rebalance,rebalance,27614.74698071483
2014-04-22,2014-04-23,WDC,sell,11843.991812954599,57.27592177146427,678375.5485406509,678.3755485406509,rebalance,rebalance,28578.206442422234
2014-04-22,2014-04-23,WYNN,sell,1278.1188690728495,179.6499766566423,229614.0249933515,229.61402499335148,rebalance,rebalance,12640.646591294877
2014-04-22,2014-04-23,XYL,sell,21161.650993775613,30.33697972238864,641980.5770904362,641.9805770904362,rebalance,rebalance,-48063.86480110837
2014-04-22,2014-04-23,GLW,buy,25368.39136531061,15.541560498297072,394264.3891484519,394.2643891484519,rebalance,rebalance,0.0
2014-04-22,2014-04-23,HP,buy,6158.064662881202,64.02407423958189,394264.3891484519,394.2643891484519,rebalance,rebalance,0.0
2014-04-22,2014-04-23,M,buy,11278.310096823509,34.95775393332153,394264.3891484519,394.2643891484519,rebalance,rebalance,0.0
2014-04-22,2014-04-23,NBR,buy,362.22950489039124,1088.438086421906,394264.3891484519,394.2643891484519,rebalance,rebalance,0.0
2014-04-22,2014-04-23,TRIP,buy,5159.485274407866,76.41545002639825,394264.38914845197,394.264389148452,rebalance,rebalance,0.0
2014-04-22,2014-04-23,TSN,buy,12135.879105913027,32.48750137568134,394264.3891484519,394.2643891484519,rebalance,rebalance,0.0
2014-04-22,2014-04-23,TXT,buy,10010.426324796077,39.38537444422813,394264.3891484519,394.2643891484519,rebalance,rebalance,0.0
2014-05-20,2014-05-21,DAL,sell,12384.40719794384,32.872208545603804,407102.81612448674,407.10281612448676,rebalance,rebalance,55026.345393832686
2014-05-20,2014-05-21,EXPE,sell,5765.751055886528,65.74426900582523,379065.08843882475,379.0650884388248,rebalance,rebalance,-34797.04858579292
2014-05-20,2014-05-21,FSLR,sell,5538.977064598065,59.209999084472656,327962.82692376646,327.9628269237665,rebalance,rebalance,-82659.32298619437
2014-05-20,2014-05-21,GLW,sell,25368.39136531061,15.482885480703821,392775.8983387798,392.7758983387798,rebalance,rebalance,-2275.5310971592567
2014-05-20,2014-05-21,M,sell,11278.310096823509,34.34457067504249,387348.7182154003,387.3487182154003,rebalance,rebalance,-7697.284040415428
2014-05-20,2014-05-21,TRIP,sell,5159.485274407866,76.94011852082558,396971.4085193955,396.97140851939554,rebalance,rebalance,1915.783573275764
2014-05-20,2014-05-21,AVGO,buy,128576.54932515917,5.024090751188541,645980.2522842694,645.9802522842695,rebalance,rebalance,0.0
2014-05-20,2014-05-21,EXC,buy,40912.69108562834,15.789238868014403,645980.2522842694,645.9802522842695,rebalance,rebalance,0.0
2014-05-20,2014-05-21,FFIV,buy,6094.153323436504,106.0,645980.2522842694,645.9802522842695,rebalance,rebalance,0.0
2014-05-20,2014-05-21,GT,buy,29294.63090029942,22.05114836513154,645980.2522842694,645.9802522842695,rebalance,rebalance,0.0
2014-05-20,2014-05-21,HP,buy,4661.490561066051,59.70488055317667,278313.73714820907,278.3137371482091,rebalance,rebalance,0.0
2014-05-20,2014-05-21,HPQ,buy,23635.26367762447,10.05276177244628,237599.67518011134,237.59967518011135,rebalance,rebalance,0.0
2014-05-20,2014-05-21,LUV,buy,11168.955785229322,21.65387924311431,241851.21984503872,241.8512198450387,rebalance,rebalance,0.0
2014-05-20,2014-05-21,MU,buy,9161.15391721484,26.260442946638978,240575.9597683985,240.5759597683985,rebalance,rebalance,0.0
2014-05-20,2014-05-21,NBR,buy,232.68103601271014,1085.8443545203315,252655.38935834327,252.65538935834326,rebalance,rebalance,0.0
2014-05-20,2014-05-21,RRC,buy,7842.118378674393,82.3731829961822,645980.2522842694,645.9802522842695,rebalance,rebalance,0.0
2014-05-20,2014-05-21,TSN,buy,8975.542763614685,30.5986141661391,274639.1699555276,274.63916995552756,rebalance,rebalance,0.0
2014-05-20,2014-05-21,TXT,buy,7206.878051466701,37.519244486080645,270396.61959434766,270.39661959434767,rebalance,rebalance,0.0
2014-05-20,2014-05-21,UAA,buy,27582.418880439705,23.420000076293945,645980.2522842694,645.9802522842695,rebalance,rebalance,0.0
2014-05-20,2014-05-21,VLO,buy,7300.132530082512,35.095566995107745,256202.2902826762,256.2022902826762,rebalance,rebalance,0.0
2014-05-20,2014-05-21,WYNN,buy,1654.8416664952392,167.81031062696192,277699.4940930054,277.69949409300546,rebalance,rebalance,0.0
2014-06-18,2014-06-19,EXC,sell,40912.69108562834,17.18993937544725,703286.6794483523,703.2866794483523,rebalance,rebalance,55957.16023235035
2014-06-18,2014-06-19,GT,sell,29294.63090029942,24.327976767931563,712679.0999676144,712.6790999676144,rebalance,rebalance,65340.18833109316
2014-06-18,2014-06-19,HP,sell,245.85760565244163,65.21860932637667,16034.491132964966,16.034491132964966,rebalance,rebalance,719.8789492029068
2014-06-18,2014-06-19,HPQ,sell,64258.98344222614,10.624222301657731,682701.7249687539,682.7017249687539,rebalance,rebalance,49771.14903579161
2014-06-18,2014-06-19,LUV,sell,170.49564800083317,23.248989397830147,3963.851512747551,3.963851512747551,rebalance,rebalance,719.5182788637468
2014-06-18,2014-06-19,MU,sell,24598.9853863812,31.292154547979006,769755.2524341175,769.7552524341176,rebalance,rebalance,279244.06114637415
2014-06-18,2014-06-19,NBR,sell,16.50482430069451,1192.2459171973182,19677.809386562112,19.677809386562114,rebalance,rebalance,1692.4479267313552
2014-06-18,2014-06-19,RRC,sell,7842.118378674393,81.79608236096236,641454.5607864673,641.4545607864673,rebalance,rebalance,-5813.126310872849
2014-06-18,2014-06-19,TSN,sell,21111.421869527712,27.20859042377657,574412.030911539,574.412030911539,rebalance,rebalance,-95734.84378245604
2014-06-18,2014-06-19,TXT,sell,17217.30437626278,38.96251202509746,670829.4287999016,670.8294287999016,rebalance,rebalance,4832.929619559453
2014-06-18,2014-06-19,UAA,sell,27582.418880439705,29.8700008392334,823886.8751068212,823.8868751068212,rebalance,rebalance,176436.75569516065
2014-06-18,2014-06-19,VLO,sell,18406.32044424066,35.515114717122145,653702.5820973177,653.7025820973176,rebalance,rebalance,42069.24894379909
2014-06-18,2014-06-19,WYNN,sell,3849.4669956261937,167.52666525383935,644888.368781972,644.888368781972,rebalance,rebalance,-5898.905898234144
2014-06-18,2014-06-19,ATI,buy,17105.652176609045,40.31426846418624,689601.8541028087,689.6018541028087,rebalance,rebalance,0.0
2014-06-18,2014-06-19,AVGO,buy,1183.2161725734331,5.314450526768706,6288.1438116141335,6.288143811614134,rebalance,rebalance,0.0
2014-06-18,2014-06-19,DAL,buy,20019.67611259531,34.44620433539123,689601.8541028087,689.6018541028087,rebalance,rebalance,0.0
2014-06-18,2014-06-19,EOG,buy,8566.967072379257,80.49544818797692,689601.8541028087,689.6018541028087,rebalance,rebalance,0.0
2014-06-18,2014-06-19,ESS,buy,5619.009354373432,122.7265894416197,689601.8541028087,689.6018541028087,rebalance,rebalance,0.0
2014-06-18,2014-06-19,EW,buy,50031.57529989242,13.783332824707031,689601.8541028087,689.6018541028087,rebalance,rebalance,0.0
2014-06-18,2014-06-19,FFIV,buy,10.138494314054697,112.97000122070312,1145.3457150348509,1.145345715034851,rebalance,rebalance,0.0
2014-06-18,2014-06-19,GD,buy,7499.214510276093,91.95654466982572,689601.8541028087,689.6018541028087,rebalance,rebalance,0.0
2014-06-18,2014-06-19,HAL,buy,12696.913031146007,54.31256025863841,689601.8541028087,689.6018541028087,rebalance,rebalance,0.0
2014-06-18,2014-06-19,LYB,buy,13178.164496742816,52.32912779873512,689601.8541028087,689.6018541028087,rebalance,rebalance,0.0
2014-06-18,2014-06-19,ORCL,buy,19244.922001706433,35.83292538372783,689601.8541028086,689.6018541028086,rebalance,rebalance,0.0
2014-06-18,2014-06-19,WMB,buy,23293.009001111302,29.605529026752535,689601.8541028087,689.6018541028087,rebalance,rebalance,0.0
2014-07-17,2014-07-18,ATI,sell,17105.652176609045,42.844568933444556,732884.2938322522,732.8842938322522,rebalance,rebalance,41859.95358150843
2014-07-17,2014-07-18,AVGO,sell,129759.7654977326,5.434741765878425,705210.8170811177,705.2108170811176,rebalance,rebalance,51584.941772057246
2014-07-17,2014-07-18,DAL,sell,20019.67611259531,31.95549682490391,639738.6964516441,639.738696451644,rebalance,rebalance,-51192.4982017191
2014-07-17,2014-07-18,EOG,sell,122.6959767030421,82.16366595769571,10081.151244181967,10.081151244181967,rebalance,rebalance,184.72598972926335
2014-07-17,2014-07-18,ESS,sell,5619.009354373432,128.8108194523174,723789.1994470786,723.7891994470787,rebalance,rebalance,32773.954290720074
2014-07-17,2014-07-18,EW,sell,50031.57529989242,14.241666793823242,712533.024591145,712.533024591145,rebalance,rebalance,21529.035609642433
2014-07-17,2014-07-18,FFIV,sell,6104.291817750559,109.80999755859375,670312.2696041326,670.3122696041327,rebalance,rebalance,21869.233737225015
2014-07-17,2014-07-18,GD,sell,7499.214510276093,90.1228235457707,675850.3860414956,675.8503860414957,rebalance,rebalance,-15116.920301457383
2014-07-17,2014-07-18,HAL,sell,263.95009498234685,55.804257852589544,14729.539160610386,14.729539160610386,rebalance,rebalance,364.6683770087289
2014-07-17,2014-07-18,LUV,sell,29661.58409307761,23.961135603723584,710725.238675483,710.7252386754831,rebalance,rebalance,146278.78144109485
2014-07-17,2014-07-18,LYB,sell,13178.164496742816,52.46120169207955,691342.3455950269,691.3423455950268,rebalance,rebalance,359.54729252036725
2014-07-17,2014-07-18,NBR,sell,24.045720020099907,1251.5554402171838,30094.551705095288,30.094551705095288,rebalance,rebalance,3890.4251759586346
2014-07-17,2014-07-18,ORCL,sell,19244.922001706433,33.46774681299794,644084.1769890044,644.0841769890044,rebalance,rebalance,-46851.36314489605
2014-07-17,2014-07-18,WMB,sell,104.97813866515207,29.921137921418744,3141.065365733837,3.141065365733837,rebalance,rebalance,26.883035611065498
2014-07-17,2014-07-18,DVN,buy,13583.591635548813,51.0772326036091,693812.2695613657,693.8122695613657,rebalance,rebalance,0.0
2014-07-17,2014-07-18,ETR,buy,29044.226273609733,23.888130571127654,693812.2695613657,693.8122695613657,rebalance,rebalance,0.0
2014-07-17,2014-07-18,EXC,buy,46331.7207199977,14.974886725109315,693812.2695613657,693.8122695613657,rebalance,rebalance,0.0
2014-07-17,2014-07-18,FSLR,buy,11268.674240706387,61.56999969482422,693812.2695613657,693.8122695613657,rebalance,rebalance,0.0
2014-07-17,2014-07-18,GRMN,buy,17474.18813399871,39.70497880879786,693812.2695613657,693.8122695613657,rebalance,rebalance,0.0
2014-07-17,2014-07-18,HP,buy,193.66226702859603,64.43661927814595,12478.94176906428,12.478941769064281,rebalance,rebalance,0.0
2014-07-17,2014-07-18,MU,buy,21443.708138307513,32.35505095883693,693812.2695613657,693.8122695613657,rebalance,rebalance,0.0
2014-07-17,2014-07-18,NFLX,buy,110176.39437943467,6.297286033630371,693812.2695613657,693.8122695613657,rebalance,rebalance,0.0
2014-07-17,2014-07-18,NRG,buy,28344.99015076027,24.477421437479535,693812.2695613657,693.8122695613657,rebalance,rebalance,0.0
2014-07-17,2014-07-18,TAP,buy,13240.986455158845,52.39883538216658,693812.2695613657,693.8122695613657,rebalance,rebalance,0.0
2014-07-17,2014-07-18,UAA,buy,24132.600680395328,28.75,693812.2695613657,693.8122695613657,rebalance,rebalance,0.0
2014-08-14,2014-08-15,DVN,sell,13583.591635548813,48.65420842516903,660898.8985983747,660.8988985983747,rebalance,rebalance,-34268.08213115068
2014-08-14,2014-08-15,EOG,sell,326.2512531631628,74.05130177940575,24159.330003894673,24.159330003894674,rebalance,rebalance,-2152.8319122123917
2014-08-14,2014-08-15,ETR,sell,29044.226273609733,22.91241275373262,665473.3004937518,665.4733004937518,rebalance,rebalance,-29698.254637669048
2014-08-14,2014-08-15,EXC,sell,46331.7207199977,14.966906978305785,693442.5541610483,693.4425541610483,rebalance,rebalance,-1756.9702240397953
2014-08-14,2014-08-15,FSLR,sell,11268.674240706387,69.47000122070312,782834.8132575785,782.8348132575785,rebalance,rebalance,87545.89661339391
2014-08-14,2014-08-15,GRMN,sell,17474.18813399871,39.55724519030676,691230.7445181358,691.2307445181358,rebalance,rebalance,-3966.568057309325
2014-08-14,2014-08-15,HAL,sell,1256.8617841016694,53.78887762645436,67605.18469841179,67.60518469841179,rebalance,rebalance,-794.0652534741131
2014-08-14,2014-08-15,HP,sell,110.67251644465978,56.410582050544704,6243.101069641739,6.243101069641739,rebalance,rebalance,-654.3089766822239
2014-08-14,2014-08-15,MU,sell,1810.6751489070411,30.61931070628202,55441.62497252815,55.44162497252815,rebalance,rebalance,-3256.8878519441146
2014-08-14,2014-08-15,NBR,sell,19.04327398499106,1122.9799328748863,21385.21454138333,21.38521454138333,rebalance,rebalance,635.0151419683278
2014-08-14,2014-08-15,NFLX,sell,110176.39437943467,6.449857234954834,710622.0144094338,710.6220144094339,rebalance,rebalance,15405.310564097428
2014-08-14,2014-08-15,NRG,sell,28344.99015076027,22.715001563202954,643856.4955834919,643.8564955834919,rebalance,rebalance,-51293.44274301866
2014-08-14,2014-08-15,TAP,sell,2263.9457825932714,54.76429897099362,123983.40369205804,123.98340369205805,rebalance,rebalance,5112.669789734616
2014-08-14,2014-08-15,UAA,sell,24132.600680395328,34.6150016784668,835350.0130576532,835.3500130576532,rebalance,rebalance,140008.58121366866
2014-08-14,2014-08-15,WMB,sell,2818.627039972751,29.512397242863535,83184.44088315242,83.18444088315242,rebalance,rebalance,-429.1351498810798
2014-08-14,2014-08-15,ATI,buy,15211.968827551374,39.51822042393071,601149.937209138,601.149937209138,rebalance,rebalance,0.0
2014-08-14,2014-08-15,COP,buy,11033.528299282627,54.48392580351865,601149.937209138,601.149937209138,rebalance,rebalance,0.0
2014-08-14,2014-08-15,HUM,buy,5510.654856807174,109.08865694365753,601149.937209138,601.149937209138,rebalance,rebalance,0.0
2014-08-14,2014-08-15,INTC,buy,23128.187355967097,25.992090428740003,601149.937209138,601.149937209138,rebalance,rebalance,0.0
2014-08-14,2014-08-15,KR,buy,30014.066241403,20.028940176718866,601149.937209138,601.149937209138,rebalance,rebalance,0.0
2014-08-14,2014-08-15,LRCX,buy,102274.05253258985,5.877834331611923,601149.937209138,601.149937209138,rebalance,rebalance,0.0
2014-08-14,2014-08-15,LUV,buy,23165.754590695407,25.94993980686438,601149.937209138,601.149937209138,rebalance,rebalance,0.0
2014-08-14,2014-08-15,TWX,buy,8427.787310066253,71.32950976243991,601149.937209138,601.149937209138,rebalance,rebalance,0.0
2014-09-12,2014-09-15,ATI,sell,15211.968827551374,39.6815154267573,603633.975701831,603.6339757018311,rebalance,rebalance,1279.254579782115
2014-09-12,2014-09-15,COP,sell,11033.528299282627,53.11267091817679,586020.157626189,586.020157626189,rebalance,rebalance,-16316.949677784221
2014-09-12,2014-09-15,EOG,sell,8118.019842513052,71.79349996224107,582821.0572569331,582.821057256933,rebalance,rebalance,-71878.87306792375
2014-09-12,2014-09-15,HP,sell,10656.687368878747,57.42616565582727,611972.694187593,611.972694187593,rebalance,rebalance,-52191.65900250207
2014-09-12,2014-09-15,HUM,sell,5510.654856807174,116.18600114637646,640260.9515102833,640.2609515102833,rebalance,rebalance,37869.60341242598
2014-09-12,2014-09-15,KR,sell,30014.066241403,20.540069476849716,616491.0058811873,616.4910058811873,rebalance,rebalance,14123.427728959086
2014-09-12,2014-09-15,LUV,sell,23165.754590695407,29.57693817701625,685172.0913529284,685.1720913529284,rebalance,rebalance,82735.83211522848
2014-09-12,2014-09-15,NBR,sell,535.3167225973159,1046.1990721543762,560047.8584900334,560.0478584900335,rebalance,rebalance,-23210.357841009125
2014-09-12,2014-09-15,TWX,sell,8427.787310066253,71.61558474235774,603560.9162946169,603.5609162946168,rebalance,rebalance,1206.268231975212
2014-09-12,2014-09-15,AAPL,buy,30534.074758017843,22.63211428172297,691050.6694101325,691.0506694101325,rebalance,rebalance,0.0
2014-09-12,2014-09-15,CHRW,buy,13511.044098351123,51.14709598901152,691050.6694101325,691.0506694101325,rebalance,rebalance,0.0
2014-09-12,2014-09-15,EW,buy,41450.60390820925,16.671667098999023,691050.6694101325,691.0506694101325,rebalance,rebalance,0.0
2014-09-12,2014-09-15,FSLR,buy,9513.362819612174,72.63999938964844,691050.6694101325,691.0506694101325,rebalance,rebalance,0.0
2014-09-12,2014-09-15,GILD,buy,9881.216991936562,69.93578523516439,691050.6694101326,691.0506694101326,rebalance,rebalance,0.0
2014-09-12,2014-09-15,HAL,buy,2060.621701335702,52.207081546075344,107579.04519724549,107.57904519724549,rebalance,rebalance,0.0
2014-09-12,2014-09-15,INTC,buy,2991.527539950446,26.457052543025355,79147.00130837633,79.14700130837633,rebalance,rebalance,0.0
2014-09-12,2014-09-15,IRM,buy,42002.83607194497,16.452476404842272,691050.6694101325,691.0506694101325,rebalance,rebalance,0.0
2014-09-12,2014-09-15,KMI,buy,33330.21807649009,20.733457783691314,691050.6694101325,691.0506694101325,rebalance,rebalance,0.0
2014-09-12,2014-09-15,LRCX,buy,10011.453103060237,6.154406710804598,61614.55416237944,61.61455416237944,rebalance,rebalance,0.0
2014-09-12,2014-09-15,MU,buy,2936.079205055099,30.61931118317977,89900.72283804517,89.90072283804517,rebalance,rebalance,0.0
2014-09-12,2014-09-15,TAP,buy,1262.7158332746876,56.459511190471325,71292.31871915756,71.29231871915756,rebalance,rebalance,0.0
2014-09-12,2014-09-15,THC,buy,11207.438714243463,61.65999984741211,691050.6694101325,691.0506694101325,rebalance,rebalance,0.0
2014-09-12,2014-09-15,WMB,buy,3223.3451441045872,29.290807543838582,94414.3822633341,94.4143822633341,rebalance,rebalance,0.0
2014-09-12,2014-09-15,XRX,buy,38732.62172563565,17.841567098277583,691050.6694101325,691.0506694101325,rebalance,rebalance,0.0
2014-10-10,2014-10-13,AAPL,sell,12634.021940659517,22.306311090630352,281818.4237342006,281.8184237342006,rebalance,rebalance,-4683.957716733981
2014-10-10,2014-10-13,CHRW,sell,13511.044098351123,48.869318485519145,660275.517114215,660.275517114215,rebalance,rebalance,-32126.478482441904
2014-10-10,2014-10-13,EW,sell,18582.094880749086,17.459999084472656,324443.35960546305,324.44335960546306,rebalance,rebalance,14014.621892141067
2014-10-10,2014-10-13,FSLR,sell,9513.362819612174,53.90999984741211,512865.3881536683,512.8653881536683,rebalance,rebalance,-179389.1973140278
2014-10-10,2014-10-13,GILD,sell,4313.434305182454,71.7133137456345,309330.66764873225,309.3306676487323,rebalance,rebalance,7056.25837265968
2014-10-10,2014-10-13,HAL,sell,13236.722853397692,42.97442620131097,568840.5694105455,568.8405694105455,rebalance,rebalance,-147024.5653465908
2014-10-10,2014-10-13,INTC,sell,26119.714895917543,24.177978881009288,631521.9151314781,631.5219151314781,rebalance,rebalance,-50086.842239685175
2014-10-10,2014-10-13,IRM,sell,17869.800088198703,16.545127059505866,295658.1129872167,295.65811298721667,rebalance,rebalance,1065.9880995816334
2014-10-10,2014-10-13,KMI,sell,33330.21807649009,20.068008560434386,668871.101680148,668.8711016801481,rebalance,rebalance,-23539.48950107454
2014-10-10,2014-10-13,LRCX,sell,43154.10428757293,5.775727656268824,249246.35361524404,249.24635361524403,rebalance,rebalance,-5974.438929063872
2014-10-10,2014-10-13,MU,sell,8247.160413131933,27.879171273526463,229923.99767795243,229.92399767795243,rebalance,rebalance,-35545.92805578738
2014-10-10,2014-10-13,TAP,sell,12239.756505840262,53.78043656830617,658259.448373855,658.259448373855,rebalance,rebalance,10478.246555308655
2014-10-10,2014-10-13,THC,sell,4001.444348925712,55.40999984741211,221720.03076340174,221.72003076340175,rebalance,rebalance,-25477.47626949327
2014-10-10,2014-10-13,WMB,sell,8308.859346946509,26.12451127426662,217064.88968559966,217.06488968559967,rebalance,rebalance,-29028.713089267214
2014-10-10,2014-10-13,XRX,sell,38732.62172563565,16.59247004254239,642669.865651736,642.669865651736,rebalance,rebalance,-49714.52429345822
2014-10-10,2014-10-13,AVGO,buy,75207.25464005531,5.309117432802164,399284.1466827091,399.2841466827091,rebalance,rebalance,0.0
2014-10-10,2014-10-13,LUV,buy,14917.418634080375,26.76630296950328,399284.1466827091,399.2841466827091,rebalance,rebalance,0.0
2014-10-10,2014-10-13,MNST,buy,50794.125526872675,7.860833168029785,399284.1466827091,399.2841466827091,rebalance,rebalance,0.0
2014-10-10,2014-10-13,NFLX,buy,61938.81303434417,6.4464287757873535,399284.1466827091,399.2841466827091,rebalance,rebalance,0.0
2014-10-10,2014-10-13,UAA,buy,12573.898826488583,31.7549991607666,399284.1466827091,399.2841466827091,rebalance,rebalance,0.0
2014-10-10,2014-10-13,UHS,buy,4042.174812439869,98.77953458467572,399284.1466827091,399.2841466827091,rebalance,rebalance,0.0
2014-10-10,2014-10-13,VRTX,buy,3740.717206986539,106.73999786376953,399284.1466827091,399.2841466827091,rebalance,rebalance,0.0
2014-11-07,2014-11-10,AAPL,sell,17900.052817358326,24.103220381402817,431448.91789553815,431.44891789553816,rebalance,rebalance,25496.311925300455
2014-11-07,2014-11-10,AVGO,sell,75207.25464005531,6.367942498982648,478915.47305421816,478.9154730542182,rebalance,rebalance,78753.12675177217
2014-11-07,2014-11-10,MU,sell,14321.951781323638,32.11126261768269,459895.95484787173,459.89595484787174,rebalance,rebalance,-1177.5735632247565
2014-11-07,2014-11-10,WMB,sell,15283.889619631478,29.15496383274446,445601.2490840142,445.6012490840142,rebalance,rebalance,-7126.634025489991
2014-11-07,2014-11-10,AMGN,buy,4666.518040493649,114.9010838574045,536187.9806928517,536.1879806928517,rebalance,rebalance,0.0
2014-11-07,2014-11-10,CMG,buy,41377.63845075814,12.958399772644043,536187.9806928517,536.1879806928517,rebalance,rebalance,0.0
2014-11-07,2014-11-10,EW,buy,3338.138317884608,20.459999084472656,68298.30692776217,68.29830692776217,rebalance,rebalance,0.0
2014-11-07,2014-11-10,GILD,buy,1595.0807771532964,74.8566524260336,119402.40732681187,119.40240732681187,rebalance,rebalance,0.0
2014-11-07,2014-11-10,INTC,buy,20905.258552119387,25.64847401222372,536187.9806928517,536.1879806928517,rebalance,rebalance,0.0
2014-11-07,2014-11-10,IRM,buy,3122.498604405053,19.672627552348445,61427.75207718841,61.42775207718841,rebalance,rebalance,0.0
2014-11-07,2014-11-10,ISRG,buy,9668.399835543707,55.45777893066406,536187.9806928517,536.1879806928517,rebalance,rebalance,0.0
2014-11-07,2014-11-10,LRCX,buy,10447.931151031386,6.737779318504063,70395.85443057361,70.39585443057362,rebalance,rebalance,0.0
2014-11-07,2014-11-10,LUV,buy,1196.3510484257822,33.27514239420722,39808.751489827,39.808751489827,rebalance,rebalance,0.0
2014-11-07,2014-11-10,MNST,buy,8716.192683118534,9.010000228881836,78532.89806987617,78.53289806987617,rebalance,rebalance,0.0
2014-11-07,2014-11-10,NFLX,buy,36058.98485710229,5.471428871154785,197294.17081168268,197.29417081168268,rebalance,rebalance,0.0
2014-11-07,2014-11-10,THC,buy,3815.3409661442965,48.650001525878906,185616.34382466832,185.61634382466832,rebalance,rebalance,0.0
2014-11-07,2014-11-10,UAA,buy,3384.077514070679,33.599998474121094,113704.99930908233,113.70499930908232,rebalance,rebalance,0.0
2014-11-07,2014-11-10,UHS,buy,1684.2999889710527,93.63316862247305,157706.3448781561,157.7063448781561,rebalance,rebalance,0.0
2014-11-07,2014-11-10,VRTX,buy,875.226007448402,116.16000366210938,101666.25623037975,101.66625623037974,rebalance,rebalance,0.0
2014-12-08,2014-12-09,CMG,sell,41377.63845075814,13.09000015258789,541633.2936341506,541.6332936341506,rebalance,rebalance,4367.4916669719805
2014-12-08,2014-12-09,INTC,sell,20905.258552119387,28.134303442835638,588154.8876562617,588.1548876562617,rebalance,rebalance,50842.5640950608
2014-12-08,2014-12-09,LRCX,sell,79579.33249910854,6.969294299713202,554611.7883610188,554.6117883610187,rebalance,rebalance,75135.21661545729
2014-12-08,2014-12-09,NFLX,sell,97997.79789144646,4.7820000648498535,468625.4758720398,468.62547587203983,rebalance,rebalance,-129018.04541571825
2014-12-08,2014-12-09,THC,sell,11021.335331462047,50.720001220703125,559002.1414655335,559.0021414655336,rebalance,rebalance,-72124.75392183593
2014-12-08,2014-12-09,UAA,sell,15957.976340559262,34.0099983215332,542730.748557487,542.730748557487,rebalance,rebalance,28685.882671146355
2014-12-08,2014-12-09,UHS,sell,5726.474801410922,101.98824959819709,584033.1413640832,584.0331413640831,rebalance,rebalance,25901.626170292988
2014-12-08,2014-12-09,ADP,buy,10506.287976575022,65.62079480529135,689430.9674761292,689.4309674761292,rebalance,rebalance,0.0
2014-12-08,2014-12-09,AMGN,buy,1005.714561278698,121.54490407546217,122239.47987791487,122.23947987791487,rebalance,rebalance,0.0
2014-12-08,2014-12-09,ANDV,buy,10274.004610492644,67.10440510918464,689430.9674761292,689.4309674761292,rebalance,rebalance,0.0
2014-12-08,2014-12-09,AVGO,buy,92040.58772942176,7.490510268175364,689430.9674761292,689.4309674761292,rebalance,rebalance,0.0
2014-12-08,2014-12-09,BMY,buy,17050.61985438347,40.43436387439524,689430.9674761292,689.4309674761292,rebalance,rebalance,0.0
2014-12-08,2014-12-09,CME,buy,12556.666688822874,54.905572040851865,689430.9674761292,689.4309674761292,rebalance,rebalance,0.0
2014-12-08,2014-12-09,EW,buy,5341.445690806835,21.85333251953125,116728.38881621907,116.72838881621907,rebalance,rebalance,0.0
2014-12-08,2014-12-09,GILD,buy,2513.8199396057807,71.2466181569841,179101.16935250588,179.10116935250588,rebalance,rebalance,0.0
2014-12-08,2014-12-09,IRM,buy,8022.139696902981,19.54298239462494,156776.5348637968,156.77653486379683,rebalance,rebalance,0.0
2014-12-08,2014-12-09,ISRG,buy,2521.9312475122297,56.55555725097656,142629.22705170466,142.62922705170465,rebalance,rebalance,0.0
2014-12-08,2014-12-09,LUV,buy,3249.178751761352,35.60568111910122,115689.22253417404,115.68922253417405,rebalance,rebalance,0.0
2014-12-08,2014-12-09,MNST,buy,19012.57341233264,8.779999732971191,166930.38948337577,166.93038948337576,rebalance,rebalance,0.0
2014-12-08,2014-12-09,NKE,buy,16791.006142326347,41.05953875737255,689430.9674761292,689.4309674761292,rebalance,rebalance,0.0
2014-12-08,2014-12-09,VRTX,buy,1210.398007637059,118.33000183105469,143226.39845999813,143.22639845999814,rebalance,rebalance,0.0
2014-12-08,2014-12-09,ZTS,buy,17668.67596508279,39.01995649468003,689430.9674761292,689.4309674761292,rebalance,rebalance,0.0
2015-01-07,2015-01-08,ADP,sell,10506.287976575022,65.05485566504834,683485.0478915208,683.4850478915208,rebalance,rebalance,-7318.83559997599
2015-01-07,2015-01-08,AMGN,sell,917.9711322233161,113.89483768720739,104552.17310611658,104.55217310611658,rebalance,rebalance,-2216.1676216921824
2015-01-07,2015-01-08,ANDV,sell,2036.6635128988073,65.73551246469584,133881.11973855077,133.88111973855078,rebalance,rebalance,-3058.52391528508
2015-01-07,2015-01-08,AVGO,sell,20469.49541916784,7.5657059424151445,154866.18313103772,154.86618313103773,rebalance,rebalance,1231.0243606397628
2015-01-07,2015-01-08,BMY,sell,17050.61985438347,40.645286891988924,693027.3356676585,693.0273356676585,rebalance,rebalance,2213.909888385682
2015-01-07,2015-01-08,CME,sell,12556.666688822874,56.893616435566244,714394.1783031402,714.3941783031403,rebalance,rebalance,23559.385681231895
2015-01-07,2015-01-08,EW,sell,6751.000121915764,21.836666107177734,147419.33555179072,147.4193355517907,rebalance,rebalance,25971.44128774556
2015-01-07,2015-01-08,GILD,sell,9676.683403513185,69.18079761880186,669440.6761596644,669.4406761596645,rebalance,rebalance,-19807.486243610852
2015-01-07,2015-01-08,IRM,sell,35277.6742850543,21.112969737222446,744816.469579942,744.816469579942,rebalance,rebalance,128203.90857754111
2015-01-07,2015-01-08,ISRG,sell,2970.9354635516684,58.733333587646484,174492.9436481493,174.4929436481493,rebalance,rebalance,8716.809197065384
2015-01-07,2015-01-08,LUV,sell,4207.035097737245,35.72769429155344,150307.66384579195,150.30766384579195,rebalance,rebalance,29497.95096817494
2015-01-07,2015-01-08,MNST,sell,23151.526281020248,9.779167175292969,226402.6458652857,226.4026458652857,rebalance,rebalance,35890.15279665456
2015-01-07,2015-01-08,NKE,sell,16791.006142326347,40.583662456527705,681440.5255856558,681.4405255856558,rebalance,rebalance,-9361.313383535024
2015-01-07,2015-01-08,VRTX,sell,5826.341222072,122.0,710813.629092784,710.813629092784,rebalance,rebalance,65281.837289231255
2015-01-07,2015-01-08,ZTS,sell,4278.381371148742,40.438680015459106,173012.09525198516,173.01209525198516,rebalance,rebalance,5729.885931889903
2015-01-07,2015-01-08,ABBV,buy,12730.10547680409,42.53584853507213,541485.838396831,541.485838396831,rebalance,rebalance,0.0
2015-01-07,2015-01-08,DRI,buy,13928.595086846433,38.875840314159674,541485.838396831,541.485838396831,rebalance,rebalance,0.0
2015-01-07,2015-01-08,LOW,buy,9731.212191298418,55.64423298476872,541485.838396831,541.485838396831,rebalance,rebalance,0.0
2015-01-07,2015-01-08,RCL,buy,7439.914765366657,72.78118842402426,541485.838396831,541.485838396831,rebalance,rebalance,0.0
2015-01-07,2015-01-08,REGN,buy,1328.0745117622557,407.7224836416141,541485.838396831,541.485838396831,rebalance,rebalance,0.0
2015-01-07,2015-01-08,ROST,buy,12626.267076968898,42.88566328400696,541485.838396831,541.485838396831,rebalance,rebalance,0.0
2015-01-07,2015-01-08,WHR,buy,4306.504149232463,125.73675065269322,541485.838396831,541.485838396831,rebalance,rebalance,0.0
2015-02-05,2015-02-06,ABBV,sell,12730.10547680409,36.28479735804908,461909.2975724272,461.9092975724272,rebalance,rebalance,-80579.93596037291
2015-02-05,2015-02-06,AMGN,sell,4754.261469549031,110.12689839003515,523572.0697766853,523.5720697766853,rebalance,rebalance,-29373.601769726032
2015-02-05,2015-02-06,ANDV,sell,8237.341097593837,79.40627163816659,654096.5447717695,654.0965447717696,rebalance,rebalance,100127.81231748985
2015-02-05,2015-02-06,DRI,sell,13928.595086846433,38.99736025944794,543178.4405097269,543.1784405097269,rebalance,rebalance,607.9378339894517
2015-02-05,2015-02-06,ISRG,sell,9219.395619504268,57.15444564819336,526929.4458441486,526.9294458441486,rebalance,rebalance,12508.132953439313
2015-02-05,2015-02-06,LUV,sell,67.84453888776261,38.45518509923323,2608.9743009010385,2.6089743009010387,rebalance,rebalance,660.5575263269963
2015-02-05,2015-02-06,REGN,sell,1328.0745117622557,409.6047107132304,543985.5761959935,543.9855761959934,rebalance,rebalance,1414.2663845697969
2015-02-05,2015-02-06,WHR,sell,86.7624500055972,137.4999987581263,11929.83676802161,11.92983676802161,rebalance,rebalance,997.7691603406839
2015-02-05,2015-02-06,AVGO,buy,976.6923027336888,7.997687062375672,7811.279393495126,7.811279393495126,rebalance,rebalance,0.0
2015-02-05,2015-02-06,DAL,buy,14527.07709346206,39.94020783881119,580214.4784033078,580.2144784033079,rebalance,rebalance,0.0
2015-02-05,2015-02-06,EW,buy,1030.3931513037205,22.46500015258789,23147.7823012636,23.1477823012636,rebalance,rebalance,0.0
2015-02-05,2015-02-06,IRM,buy,26699.30057362531,21.731448612420508,580214.4784033078,580.2144784033079,rebalance,rebalance,0.0
2015-02-05,2015-02-06,LOW,buy,283.60958265456793,57.93557703766198,16431.084824502883,16.431084824502882,rebalance,rebalance,0.0
2015-02-05,2015-02-06,MAC,buy,12310.728657564905,47.13079904062119,580214.4784033078,580.2144784033079,rebalance,rebalance,0.0
2015-02-05,2015-02-06,MNST,buy,3493.817383557798,9.856666564941406,34437.392988525215,34.43739298852522,rebalance,rebalance,0.0
2015-02-05,2015-02-06,PNW,buy,13068.014861882411,44.39958819573378,580214.4784033078,580.2144784033079,rebalance,rebalance,0.0
2015-02-05,2015-02-06,RCL,buy,1395.2174247845578,65.67128435838121,91625.72024479505,91.62572024479506,rebalance,rebalance,0.0
2015-02-05,2015-02-06,ROST,buy,976.8193175534907,42.65314955559977,41664.42044040794,41.664420440407945,rebalance,rebalance,0.0
2015-02-05,2015-02-06,TGT,buy,10858.93220657302,53.43200117338409,580214.4784033078,580.2144784033079,rebalance,rebalance,0.0
2015-02-05,2015-02-06,VRTX,buy,5416.490510889398,107.12000274658203,580214.4784033078,580.2144784033079,rebalance,rebalance,0.0
2015-02-05,2015-02-06,ZTS,buy,1362.6566319876692,39.328705797104526,53591.52178191637,53.59152178191638,rebalance,rebalance,0.0
2015-03-06,2015-03-09,AVGO,sell,72547.78461298761,9.617241502701617,697709.5651090823,697.7095651090823,rebalance,rebalance,152552.65901474623
2015-03-06,2015-03-09,DAL,sell,14527.07709346206,38.192444900474754,554824.5914569986,554.8245914569986,rebalance,rebalance,-26524.92601616938
2015-03-06,2015-03-09,PNW,sell,13068.014861882411,39.4486058747576,515514.96785187407,515.5149678518741,rebalance,rebalance,-65795.23999768894
2015-03-06,2015-03-09,RCL,sell,8835.132190151215,69.09747843181056,610485.3559511687,610.4853559511687,rebalance,rebalance,-23869.79960505007
2015-03-06,2015-03-09,ROST,sell,13603.086394522388,46.96130116855624,638818.6369950557,638.8186369950557,rebalance,rebalance,54446.4092619846
2015-03-06,2015-03-09,TGT,sell,10858.93220657302,54.581578146062164,592697.6568158565,592.6976568158565,rebalance,rebalance,11310.26627732959
2015-03-06,2015-03-09,VRTX,sell,5416.490510889398,126.33999633789062,684319.3913099859,684.3193913099859,rebalance,rebalance,102840.37903696482
2015-03-06,2015-03-09,ZTS,sell,14752.951225921719,41.52872954229446,612671.3214119645,612.6713214119645,rebalance,rebalance,35402.33556809238
2015-03-06,2015-03-09,ANDV,buy,9004.267182859146,80.40060083985021,723948.4916244209,723.9484916244209,rebalance,rebalance,0.0
2015-03-06,2015-03-09,DLTR,buy,9101.690763032111,79.54000091552734,723948.4916244209,723.9484916244209,rebalance,rebalance,0.0
2015-03-06,2015-03-09,DRI,buy,18023.077431780493,40.16786225130822,723948.4916244209,723.9484916244209,rebalance,rebalance,0.0
2015-03-06,2015-03-09,EW,buy,6726.595205507227,22.238332748413086,149588.26244394982,149.58826244394982,rebalance,rebalance,0.0
2015-03-06,2015-03-09,IRM,buy,10508.051735530898,19.457135396497087,204456.5853716209,204.4565853716209,rebalance,rebalance,0.0
2015-03-06,2015-03-09,KDP,buy,75444.58589508408,9.595764666680912,723948.4916244209,723.9484916244209,rebalance,rebalance,0.0
2015-03-06,2015-03-09,KR,buy,24384.373013626635,29.689034498441245,723948.4916244209,723.9484916244209,rebalance,rebalance,0.0
2015-03-06,2015-03-09,LOW,buy,2141.050790990328,59.55545254005357,127511.24876866865,127.51124876866865,rebalance,rebalance,0.0
2015-03-06,2015-03-09,LUV,buy,4072.525758294587,37.78319558461189,153873.03724901422,153.87303724901423,rebalance,rebalance,0.0
2015-03-06,2015-03-09,MAC,buy,2589.536540495292,48.58628232460377,125815.953446382,125.81595344638201,rebalance,rebalance,0.0
2015-03-06,2015-03-09,MNST,buy,4546.362221103591,11.416666984558105,51904.303469515624,51.904303469515625,rebalance,rebalance,0.0
2015-03-06,2015-03-09,MO,buy,28253.81463817742,25.623035363380612,723948.4916244209,723.9484916244209,rebalance,rebalance,0.0
2015-03-06,2015-03-09,NOC,buy,5462.18213245087,132.53832883444818,723948.4916244209,723.9484916244209,rebalance,rebalance,0.0
2015-03-06,2015-03-09,STZ,buy,7720.98474042149,93.76375112287819,723948.4916244209,723.9484916244209,rebalance,rebalance,0.0
2015-03-06,2015-03-09,WHR,buy,1234.1699172311673,132.7393149239516,163822.86931301522,163.82286931301522,rebalance,rebalance,0.0
2015-04-06,2015-04-07,ANDV,sell,972.2573557968171,80.56673942026538,78331.60503391841,78.33160503391842,rebalance,rebalance,5.027776279350988
2015-04-06,2015-04-07,DLTR,sell,1119.541445233911,81.06999969482422,90761.22462345623,90.76122462345623,rebalance,rebalance,1533.0874923778251
2015-04-06,2015-04-07,DRI,sell,18023.077431780493,42.66236429658714,768907.0951402176,768.9070951402176,rebalance,rebalance,43465.74792903228
2015-04-06,2015-04-07,EW,sell,32554.081271046787,23.329999923706055,759486.7135698423,759.4867135698423,rebalance,rebalance,140269.772829256
2015-04-06,2015-04-07,IRM,sell,37207.35230915621,20.228130410241043,752635.174729395,752.635174729395,rebalance,rebalance,-33573.19528403809
2015-04-06,2015-04-07,KDP,sell,75444.58589508408,9.743524694253509,735096.1857164816,735.0961857164816,rebalance,rebalance,9688.649414719968
2015-04-06,2015-04-07,KR,sell,3331.2273780909127,30.737109501854015,102392.30069595443,102.39230069595443,rebalance,rebalance,3290.082920415104
2015-04-06,2015-04-07,LOW,sell,1503.1232019982035,60.74608729732073,91308.85324721113,91.30885324721113,rebalance,rebalance,6376.80045722304
2015-04-06,2015-04-07,LUV,sell,19160.59455593709,35.985648739104036,689506.4253223412,689.5064253223412,rebalance,rebalance,102058.31879738324
2015-04-06,2015-04-07,MNST,sell,7173.467052069718,11.506667137145996,82542.6975874502,82.54269758745019,rebalance,rebalance,21198.798804842867
2015-04-06,2015-04-07,MO,sell,28253.81463817742,24.864219926532968,702509.0609271398,702.5090609271399,rebalance,rebalance,-22865.888249832446
2015-04-06,2015-04-07,NOC,sell,5462.18213245087,134.88444447352828,736763.4025488676,736.7634025488676,rebalance,rebalance,11354.1990302736
2015-04-06,2015-04-07,STZ,sell,7720.98474042149,100.07612697601476,772686.2492622933,772.6862492622934,rebalance,rebalance,47241.122896985944
2015-04-06,2015-04-07,WHR,sell,517.4839611805037,131.08929937747874,67836.60991023463,67.83660991023464,rebalance,rebalance,1816.1215138645189
2015-04-06,2015-04-07,AAL,buy,14111.496872696445,45.85713681515986,647112.8427579415,647.1128427579415,rebalance,rebalance,0.0
2015-04-06,2015-04-07,AVGO,buy,67767.46477993057,9.549019501605803,647112.8427579415,647.1128427579415,rebalance,rebalance,0.0
2015-04-06,2015-04-07,BSX,buy,36498.187223095636,17.729999542236328,647112.8427579415,647.1128427579415,rebalance,rebalance,0.0
2015-04-06,2015-04-07,CTSH,buy,11890.196734306779,54.42406523777921,647112.8427579415,647.1128427579415,rebalance,rebalance,0.0
2015-04-06,2015-04-07,KMX,buy,8750.681128639635,73.94999694824219,647112.8427579415,647.1128427579415,rebalance,rebalance,0.0
2015-04-06,2015-04-07,MAC,buy,357.13997069799916,42.413033907167986,15147.389686819219,15.147389686819219,rebalance,rebalance,0.0
2015-04-06,2015-04-07,SWKS,buy,8582.50866236264,75.39903170686702,647112.8427579415,647.1128427579415,rebalance,rebalance,0.0
2015-04-06,2015-04-07,TSCO,buy,44959.088692509045,14.393370986315423,647112.8427579415,647.1128427579415,rebalance,rebalance,0.0
2015-04-06,2015-04-07,VMC,buy,8419.312598665823,76.8605316852693,647112.8427579415,647.1128427579415,rebalance,rebalance,0.0
2015-05-04,2015-05-05,AAL,sell,14111.496872696445,45.86551321282411,647231.0462673849,647.231046267385,rebalance,rebalance,-1176.1403795817744
2015-05-04,2015-05-05,ANDV,sell,8032.009827062329,82.30214368661228,661051.6268791656,661.0516268791656,rebalance,rebalance,13966.380788846564
2015-05-04,2015-05-05,CTSH,sell,11890.196734306779,54.74625262757549,650943.714207932,650.943714207932,rebalance,rebalance,2532.8148930246875
2015-05-04,2015-05-05,MAC,sell,15257.405168758196,43.77243512412973,667853.7779120298,667.8537779120297,rebalance,rebalance,-54713.07522392769
2015-05-04,2015-05-05,TSCO,sell,44959.088692509045,14.539010276837894,653660.6525376553,653.6606525376553,rebalance,rebalance,5247.036284418345
2015-05-04,2015-05-05,WHR,sell,4936.427655277529,117.5695086578428,580373.3739559661,580.3733739559661,rebalance,rebalance,-49348.226278173024
2015-05-04,2015-05-05,ADI,buy,14286.030081638279,50.234856622994265,717656.672862882,717.656672862882,rebalance,rebalance,0.0
2015-05-04,2015-05-05,AVGO,buy,11398.740322630561,9.065189772999046,103331.74419778242,103.33174419778243,rebalance,rebalance,0.0
2015-05-04,2015-05-05,BSX,buy,3729.2044094530866,17.84000015258789,66529.00723367449,66.52900723367449,rebalance,rebalance,0.0
2015-05-04,2015-05-05,CI,buy,6299.168651382634,113.92879165179363,717656.672862882,717.656672862882,rebalance,rebalance,0.0
2015-05-04,2015-05-05,DLTR,buy,1347.76084791238,76.91999816894531,103669.76195359646,103.66976195359646,rebalance,rebalance,0.0
2015-05-04,2015-05-05,KMX,buy,1341.5234375689033,71.11000061035156,95395.73246432564,95.39573246432565,rebalance,rebalance,0.0
2015-05-04,2015-05-05,KR,buy,4835.98207880577,27.720388295096182,134055.30101262237,134.05530101262238,rebalance,rebalance,0.0
2015-05-04,2015-05-05,KSS,buy,17310.927676614203,41.45685813432077,717656.672862882,717.656672862882,rebalance,rebalance,0.0
2015-05-04,2015-05-05,LOW,buy,1759.3379084518983,57.819177159403594,101723.4702120349,101.7234702120349,rebalance,rebalance,0.0
2015-05-04,2015-05-05,MHK,buy,4019.134647598692,178.55999755859375,717656.672862882,717.656672862882,rebalance,rebalance,0.0
2015-05-04,2015-05-05,MNST,buy,4718.0419661146225,11.773332595825195,55547.07726812848,55.54707726812848,rebalance,rebalance,0.0
2015-05-04,2015-05-05,SWKS,buy,649.5515400517506,77.7352678739247,50493.062963843164,50.493062963843165,rebalance,rebalance,0.0
2015-05-04,2015-05-05,TGT,buy,12670.178104405184,56.641403692136436,717656.672862882,717.656672862882,rebalance,rebalance,0.0
2015-05-04,2015-05-05,URBN,buy,17781.384093408982,40.36000061035156,717656.672862882,717.656672862882,rebalance,rebalance,0.0
2015-05-04,2015-05-05,VMC,buy,804.2934276644773,77.80651849333255,62579.27145364198,62.57927145364198,rebalance,rebalance,0.0
2015-06-02,2015-06-03,ADI,sell,14286.030081638279,54.577655512449,779698.0284361376,779.6980284361376,rebalance,rebalance,60544.00087195675
2015-06-02,2015-06-03,AVGO,sell,12343.810640599157,11.020134348974187,136030.45163769982,136.03045163769983,rebalance,rebalance,18766.042839406164
2015-06-02,2015-06-03,BSX,sell,118.90906116012775,18.360000610351562,2183.170435476277,2.183170435476277,rebalance,rebalance,69.40763180557913
2015-06-02,2015-06-03,CI,sell,6299.168651382634,127.92364745506116,805812.6298194452,805.8126298194452,rebalance,rebalance,86632.48765388086
2015-06-02,2015-06-03,DLTR,sell,9329.91016571058,77.94999694824219,727266.4689445135,727.2664689445135,rebalance,rebalance,-12769.293449571322
2015-06-02,2015-06-03,KMX,sell,10092.204566208538,72.1500015258789,728152.5748514282,728.1525748514282,rebalance,rebalance,-15826.661520912445
2015-06-02,2015-06-03,KR,sell,25889.12771434149,28.915190300653407,748589.0545781044,748.5890545781044,rebalance,rebalance,-12021.505431310663
2015-06-02,2015-06-03,LOW,sell,12412.08727139701,57.03102888884296,707874.1077458828,707.8741077458828,rebalance,rebalance,4068.1837306384596
2015-06-02,2015-06-03,MHK,sell,4019.134647598692,189.49000549316406,761585.8464512421,761.5858464512421,rebalance,rebalance,42449.93106904609
2015-06-02,2015-06-03,SWKS,sell,641.2916666744841,85.71896232885125,54970.85621747633,54.97085621747633,rebalance,rebalance,6409.245131688586
2015-06-02,2015-06-03,TGT,sell,12670.178104405184,57.25412494673482,725419.9602869982,725.4199602869982,rebalance,rebalance,6320.210790966279
2015-06-02,2015-06-03,VMC,sell,299.4874827464664,82.51703077391464,24712.817830192398,24.7128178301924,rebalance,rebalance,1621.5898004476066
2015-06-02,2015-06-03,AET,buy,6480.496903099591,113.63199080285911,736391.7644909696,736.3917644909696,rebalance,rebalance,0.0
2015-06-02,2015-06-03,AMZN,buy,33903.857632177765,21.719999313354492,736391.7644909695,736.3917644909695,rebalance,rebalance,0.0
2015-06-02,2015-06-03,BIIB,buy,1894.1579476317884,388.7699890136719,736391.7644909696,736.3917644909696,rebalance,rebalance,0.0
2015-06-02,2015-06-03,EFX,buy,8347.678818247767,88.21515304125502,736391.7644909696,736.3917644909696,rebalance,rebalance,0.0
2015-06-02,2015-06-03,KSS,buy,2312.324350363222,37.52648967044818,86773.41584863125,86.77341584863126,rebalance,rebalance,0.0
2015-06-02,2015-06-03,LYB,buy,13236.066572880554,55.63524181721528,736391.7644909696,736.3917644909696,rebalance,rebalance,0.0
2015-06-02,2015-06-03,MNST,buy,9098.58667379889,10.511667251586914,95641.31557469691,95.64131557469692,rebalance,rebalance,0.0
2015-06-02,2015-06-03,NEM,buy,35298.32052504608,20.861949054161357,736391.7644909695,736.3917644909695,rebalance,rebalance,0.0
2015-06-02,2015-06-03,NFLX,buy,82515.48344341089,8.924285888671875,736391.7644909696,736.3917644909696,rebalance,rebalance,0.0
2015-06-02,2015-06-03,SBUX,buy,17855.067865563913,41.24273119741022,736391.7644909696,736.3917644909696,rebalance,rebalance,0.0
2015-06-02,2015-06-03,URBN,buy,3336.8202956832283,34.869998931884766,116354.92014636558,116.35492014636559,rebalance,rebalance,0.0
2015-06-30,2015-07-01,AET,sell,574.6299732836142,124.31360131077867,71434.3214000026,71.4343214000026,rebalance,rebalance,6001.242891552583
2015-06-30,2015-07-01,AMZN,sell,482.6870866373429,21.967500686645508,10603.42890714075,10.60342890714075,rebalance,rebalance,98.37832471511446
2015-06-30,2015-07-01,BIIB,sell,1894.1579476317884,408.32000732421875,773422.587050239,773.422587050239,rebalance,rebalance,35521.00820772826
2015-06-30,2015-07-01,EFX,sell,8347.678818247767,87.82949178676628,733172.3882058552,733.1723882058552,rebalance,rebalance,-4688.940437811261
2015-06-30,2015-07-01,KSS,sell,19623.252026977425,36.10228696222055,708444.2758099152,708.4442758099152,rebalance,rebalance,-97498.6872661195
2015-06-30,2015-07-01,LYB,sell,181.67218074885386,56.240034187274844,10217.249656192316,10.217249656192317,rebalance,rebalance,89.54932340537457
2015-06-30,2015-07-01,MNST,sell,70054.70653380879,11.195833206176758,784320.8096601843,784.3208096601843,rebalance,rebalance,151924.13429794586
2015-06-30,2015-07-01,NFLX,sell,5075.0420474161365,9.480570793151855,48114.295408751015,48.11429540875102,rebalance,rebalance,2729.7638590418496
2015-06-30,2015-07-01,SBUX,sell,668.3937477302861,42.71795589269013,28552.414634492216,28.552414634492216,rebalance,rebalance,929.9121645162454
2015-06-30,2015-07-01,URBN,sell,21118.20438909221,35.060001373291016,740404.2748830132,740.4042748830133,rebalance,rebalance,-95181.7339941266
2015-06-30,2015-07-01,AVGO,buy,5340.137030870232,10.173972166990577,54330.405519989436,54.330405519989434,rebalance,rebalance,0.0
2015-06-30,2015-07-01,BSX,buy,1091.2704858966245,17.81999969482422,19446.439725648524,19.446439725648524,rebalance,rebalance,0.0
2015-06-30,2015-07-01,CI,buy,4961.311614077557,147.9809461724689,734179.5869076558,734.1795869076558,rebalance,rebalance,0.0
2015-06-30,2015-07-01,GME,buy,89668.39975048439,8.187718181105264,734179.5869076558,734.1795869076558,rebalance,rebalance,0.0
2015-06-30,2015-07-01,HAS,buy,14325.519948295838,51.24976891292478,734179.5869076558,734.1795869076558,rebalance,rebalance,0.0
2015-06-30,2015-07-01,HUM,buy,4191.449665125066,175.16125578612886,734179.5869076558,734.1795869076558,rebalance,rebalance,0.0
2015-06-30,2015-07-01,MLM,buy,5608.757185012221,130.89880033843113,734179.5869076558,734.1795869076558,rebalance,rebalance,0.0
2015-06-30,2015-07-01,NEM,buy,5318.890516490719,18.075578506777685,96142.0230997833,96.1420230997833,rebalance,rebalance,0.0
2015-06-30,2015-07-01,SWKS,buy,172.96307788156446,83.77476847494054,14489.941804241173,14.489941804241173,rebalance,rebalance,0.0
2015-06-30,2015-07-01,VMC,buy,590.5662668313544,77.16278589743622,45569.73840575599,45.56973840575599,rebalance,rebalance,0.0
2015-07-29,2015-07-30,AMZN,sell,5797.962946296324,26.38249969482422,152964.7556612649,152.96475566126492,rebalance,rebalance,26754.10794198029
2015-07-29,2015-07-30,BSX,sell,41199.75305728522,17.260000228881836,711107.747198618,711.1077471986181,rebalance,rebalance,-21313.15892232712
2015-07-29,2015-07-30,GME,sell,89668.39975048439,8.660996438224753,776617.6908602586,776.6176908602587,rebalance,rebalance,40927.30667483496
2015-07-29,2015-07-30,HAS,sell,1262.9064502008114,55.79046384273735,70458.13664668814,70.45813664668815,rebalance,rebalance,5599.291114876307
2015-07-29,2015-07-30,MLM,sell,541.0926837891166,143.80771771320528,77813.30392702592,77.81330392702591,rebalance,rebalance,6836.2790600215785
2015-07-29,2015-07-30,NEM,sell,40617.2110415368,13.488659987093435,547871.7493633071,547.8717493633071,rebalance,rebalance,-286042.4437643997
2015-07-29,2015-07-30,NFLX,sell,8947.09153304383,10.640000343322754,95197.05698332645,95.19705698332645,rebalance,rebalance,15175.61081063147
2015-07-29,2015-07-30,SBUX,sell,17186.674117833627,45.44633016014684,781071.2663139175,781.0712663139175,rebalance,rebalance,70755.9888474846
2015-07-29,2015-07-30,SWKS,sell,8763.73161362147,75.23132275697769,659307.1215798857,659.3071215798857,rebalance,rebalance,-5653.488685675529
2015-07-29,2015-07-30,VMC,sell,9514.684810415189,82.62628396213452,786163.0489555735,786.1630489555735,rebalance,rebalance,52426.28664857595
2015-07-29,2015-07-30,AET,buy,689.8990008460132,110.49046823648878,76227.26363936177,76.22726363936178,rebalance,rebalance,0.0
2015-07-29,2015-07-30,AVGO,buy,4407.241679814615,9.517714835251246,41946.869518509186,41.94686951850919,rebalance,rebalance,0.0
2015-07-29,2015-07-30,CI,buy,526.3058800859471,132.80248975666117,69894.73124898454,69.89473124898454,rebalance,rebalance,0.0
2015-07-29,2015-07-30,HCA,buy,8432.340578061823,86.42550182960368,728769.2660571234,728.7692660571234,rebalance,rebalance,0.0
2015-07-29,2015-07-30,HUM,buy,124.54640074725648,168.85308858821426,21030.044438719735,21.030044438719735,rebalance,rebalance,0.0
2015-07-29,2015-07-30,LYB,buy,1333.6236794716278,50.65112251251941,67549.53637451434,67.54953637451435,rebalance,rebalance,0.0
2015-07-29,2015-07-30,THC,buy,12889.445600574523,56.540000915527344,728769.2660571234,728.7692660571234,rebalance,rebalance,0.0
2015-07-29,2015-07-30,TRIP,buy,10295.33847817892,70.78633379580067,728769.2660571234,728.7692660571234,rebalance,rebalance,0.0
2015-07-29,2015-07-30,UHS,buy,5392.278689232786,135.150519484892,728769.2660571234,728.7692660571234,rebalance,rebalance,0.0
2015-07-29,2015-07-30,WMB,buy,24935.745969866504,29.225885880366345,728769.2660571234,728.7692660571234,rebalance,rebalance,0.0
2015-07-29,2015-07-30,ZION,buy,31609.514057346245,23.055377084727848,728769.2660571234,728.7692660571234,rebalance,rebalance,0.0
2015-08-26,2015-08-27,AET,sell,6595.76593066199,111.83342799362079,737627.1142694649,737.6271142694649,market_trend_exit,risk_exit,-11180.515816216193
2015-08-26,2015-08-27,AMZN,sell,27623.2075992441,25.68549919128418,709515.8764510594,709.5158764510594,market_trend_exit,risk_exit,108230.33443628969
2015-08-26,2015-08-27,AVGO,sell,76569.77317264682,9.121077414877586,698398.8287473286,698.3988287473286,market_trend_exit,risk_exit,-32739.775590979352
2015-08-26,2015-08-27,CI,sell,5487.6174941635045,124.8247310727626,684990.3779391468,684.9903779391468,market_trend_exit,risk_exit,-120573.00491358917
2015-08-26,2015-08-27,HAS,sell,13062.613498095026,51.16737230424858,668379.6081235311,668.379608123531,market_trend_exit,risk_exit,-2414.150583990624
2015-08-26,2015-08-27,HCA,sell,8432.340578061823,81.03434181693441,683309.168719468,683.3091687194681,market_trend_exit,risk_exit,-46872.175772431816
2015-08-26,2015-08-27,HUM,sell,4315.996065872322,165.27438094155877,713323.5779332512,713.3235779332512,market_trend_exit,risk_exit,-43354.58662240399
2015-08-26,2015-08-27,LYB,sell,14388.018071603328,45.2397648578786,650910.5543302424,650.9105543302425,market_trend_exit,risk_exit,-144368.11530730632
2015-08-26,2015-08-27,MLM,sell,5067.664501223105,146.70903144909704,743472.1506834131,743.4721506834131,market_trend_exit,risk_exit,78714.12360124361
2015-08-26,2015-08-27,NFLX,sell,68493.34986295093,11.494000434875488,787262.5931108369,787.262593110837,market_trend_exit,risk_exit,174609.84063227766
2015-08-26,2015-08-27,THC,sell,12889.445600574523,47.79999923706055,616115.4898735957,616.1154898735957,market_trend_exit,risk_exit,-113998.66093945841
2015-08-26,2015-08-27,TRIP,sell,10295.33847817892,61.5645499283615,633827.8797692274,633.8278797692274,market_trend_exit,risk_exit,-96303.9834337224
2015-08-26,2015-08-27,UHS,sell,5392.278689232786,131.64065325705965,709843.0891947253,709.8430891947253,market_trend_exit,risk_exit,-20364.789217649944
2015-08-26,2015-08-27,WMB,sell,24935.745969866504,25.269122611135696,630104.4223126895,630.1044223126895,market_trend_exit,risk_exit,-100023.71743280375
2015-08-26,2015-08-27,ZION,sell,31609.514057346245,20.830960816660248,658456.5487622509,658.4565487622509,market_trend_exit,risk_exit,-71699.94310969171
2015-10-22,2015-10-23,AAP,buy,2687.1804647436143,168.03711471921773,451546.0520253635,451.5460520253635,rebalance,rebalance,0.0
2015-10-22,2015-10-23,AIZ,buy,6903.63038341294,65.40704338839954,451546.05202536355,451.54605202536357,rebalance,rebalance,0.0
2015-10-22,2015-10-23,AMZN,buy,14620.711068758965,30.884000778198242,451546.05202536355,451.54605202536357,rebalance,rebalance,0.0
2015-10-22,2015-10-23,CMG,buy,34312.5326054002,13.159799575805664,451546.05202536355,451.54605202536357,rebalance,rebalance,0.0
2015-10-22,2015-10-23,EQIX,buy,1880.1308625638621,240.16735271799516,451546.05202536355,451.54605202536357,rebalance,rebalance,0.0
2015-10-22,2015-10-23,EXPE,buy,3703.0873165736425,121.93772747523701,451546.05202536355,451.54605202536357,rebalance,rebalance,0.0
2015-10-22,2015-10-23,LLY,buy,6990.368936509451,64.59545356283257,451546.05202536355,451.54605202536357,rebalance,rebalance,0.0
2015-10-22,2015-10-23,MAS,buy,19065.95069372565,23.683374581156414,451546.05202536355,451.54605202536357,rebalance,rebalance,0.0
2015-10-22,2015-10-23,MDLZ,buy,12356.567934722607,36.54299918964516,451546.05202536355,451.54605202536357,rebalance,rebalance,0.0
2015-10-22,2015-10-23,MLM,buy,3196.1863307190233,141.27651059811097,451546.05202536355,451.54605202536357,rebalance,rebalance,0.0
2015-10-22,2015-10-23,NFLX,buy,46260.22608838636,9.76099967956543,451546.05202536355,451.54605202536357,rebalance,rebalance,0.0
2015-10-22,2015-10-23,NKE,buy,7933.398120059043,56.91710477552625,451546.05202536355,451.54605202536357,rebalance,rebalance,0.0
2015-10-22,2015-10-23,PGR,buy,18488.425161912663,24.423175477140006,451546.0520253636,451.5460520253636,rebalance,rebalance,0.0
2015-10-22,2015-10-23,RCL,buy,5334.02162531364,84.65395975945499,451546.05202536355,451.54605202536357,rebalance,rebalance,0.0
2015-10-22,2015-10-23,UAA,buy,9671.151537945365,46.689998626708984,451546.05202536355,451.54605202536357,rebalance,rebalance,0.0
2015-11-19,2015-11-20,CMG,sell,34312.5326054002,12.239999771118164,419985.391236583,419.985391236583,rebalance,rebalance,-32432.19223204249
2015-11-19,2015-11-20,EQIX,sell,1880.1308625638621,231.53986695986805,435325.2497851786,435.3252497851786,rebalance,rebalance,-17107.67354199546
2015-11-19,2015-11-20,EXPE,sell,3703.0873165736425,121.42142162962568,449634.12639700744,449.63412639700744,rebalance,rebalance,-2813.105806778473
2015-11-19,2015-11-20,LLY,sell,6990.368936509451,70.663051532167,493960.80038942676,493.96080038942677,rebalance,rebalance,41469.24151164844
2015-11-19,2015-11-20,MAS,sell,19065.95069372565,25.483621664319706,485869.47414947825,485.86947414947826,rebalance,rebalance,33386.00659793995
2015-11-19,2015-11-20,MDLZ,sell,12356.567934722607,35.022970314254216,432763.71196385537,432.76371196385537,rebalance,rebalance,-19666.64982549736
2015-11-19,2015-11-20,MLM,sell,3196.1863307190233,148.30811941538124,474020.3840100861,474.02038401008616,rebalance,rebalance,21548.765548687206
2015-11-19,2015-11-20,NFLX,sell,46260.22608838636,12.085000038146973,559054.8340428367,559.0548340428367,rebalance,rebalance,106498.18113140501
2015-11-19,2015-11-20,AAP,buy,1987.6789510173444,141.27572069891295,280810.7763230346,280.8107763230346,rebalance,rebalance,0.0
2015-11-19,2015-11-20,AIZ,buy,2633.3043794172418,69.25119543669135,182359.47622331863,182.35947622331864,rebalance,rebalance,0.0
2015-11-19,2015-11-20,AMZN,buy,5154.841998919879,33.39699935913086,172156.25493434805,172.15625493434806,rebalance,rebalance,0.0
2015-11-19,2015-11-20,DHI,buy,23190.81510035977,28.478694270538288,660444.1331277286,660.4441331277286,rebalance,rebalance,0.0
2015-11-19,2015-11-20,GOOG,buy,17849.707911456397,37.000276777853536,660444.1331277286,660.4441331277286,rebalance,rebalance,0.0
2015-11-19,2015-11-20,GOOGL,buy,17322.25288452248,38.126919028981426,660444.1331277286,660.4441331277286,rebalance,rebalance,0.0
2015-11-19,2015-11-20,HRL,buy,25299.51395210602,26.10501270411762,660444.1331277286,660.4441331277286,rebalance,rebalance,0.0
2015-11-19,2015-11-20,MO,buy,23318.796314206837,28.32239384180207,660444.1331277286,660.4441331277286,rebalance,rebalance,0.0
2015-11-19,2015-11-20,NKE,buy,3758.077756155758,56.48937226747733,212291.4533776085,212.29145337760852,rebalance,rebalance,0.0
2015-11-19,2015-11-20,PGR,buy,9986.454673854554,23.19392169297749,231625.0476958516,231.6250476958516,rebalance,rebalance,0.0
2015-11-19,2015-11-20,PSA,buy,4274.706514646799,154.50046239777896,660444.1331277286,660.4441331277286,rebalance,rebalance,0.0
2015-11-19,2015-11-20,RCL,buy,2634.509796884192,82.88153715350086,218352.22161171914,218.35222161171916,rebalance,rebalance,0.0
2015-11-19,2015-11-20,SBUX,buy,13359.216054254515,49.43734201509501,660444.1331277286,660.4441331277286,rebalance,rebalance,0.0
2015-11-19,2015-11-20,TAP,buy,9304.640352858725,70.98008177444666,660444.1331277286,660.4441331277286,rebalance,rebalance,0.0
2015-11-19,2015-11-20,UAA,buy,4925.912197695585,45.244998931884766,222872.89212329488,222.8728921232949,rebalance,rebalance,0.0
2015-12-18,2015-12-21,AAP,sell,4674.859415760959,130.82276321533138,611578.0264130583,611.5780264130583,market_trend_exit,risk_exit,-122122.73679010119
2015-12-18,2015-12-21,AIZ,sell,9536.934762830182,64.3969835860124,614149.8313828462,614.1498313828463,market_trend_exit,risk_exit,-21003.752225467495
2015-12-18,2015-12-21,AMZN,sell,19775.553067678844,33.42499923706055,660997.8461996157,660.9978461996158,market_trend_exit,risk_exit,36010.839086744825
2015-12-18,2015-12-21,DHI,sell,23190.81510035977,27.484532744518635,637388.7169979153,637.3887169979154,market_trend_exit,risk_exit,-24353.248979938868
2015-12-18,2015-12-21,GOOG,sell,17849.707911456397,36.98045298746484,660090.2842595924,660.0902842595924,market_trend_exit,risk_exit,-1674.3832855235269
2015-12-18,2015-12-21,GOOGL,sell,17322.25288452248,37.817164586506095,655078.4883430667,655.0784883430666,market_trend_exit,risk_exit,-6681.167406132649
2015-12-18,2015-12-21,HRL,sell,25299.51395210602,29.897856396281984,756401.2350357983,756.4012350357983,market_trend_exit,risk_exit,94540.2565399062
2015-12-18,2015-12-21,MO,sell,23318.796314206837,28.26332135693642,659066.6338853723,659.0666338853723,market_trend_exit,risk_exit,-2697.010009369203
2015-12-18,2015-12-21,NKE,sell,11691.475876214801,55.60157476419063,650064.4700350885,650.0644700350884,market_trend_exit,risk_exit,-15086.937343321635
2015-12-18,2015-12-21,PGR,sell,28474.879835767217,22.840601483261736,650383.3826125244,650.3833826125244,market_trend_exit,risk_exit,-34121.27159102442
2015-12-18,2015-12-21,PSA,sell,4274.706514646799,165.41057257116324,707081.6521614087,707.0816521614087,market_trend_exit,risk_exit,45269.9932483911
2015-12-18,2015-12-21,RCL,sell,7968.5314221978315,85.12295906987895,678304.9740987903,678.3049740987904,market_trend_exit,risk_exit,7058.49721397163
2015-12-18,2015-12-21,SBUX,sell,13359.216054254515,46.98782384267554,627720.4906335542,627.7204906335542,market_trend_exit,risk_exit,-34011.80711793562
2015-12-18,2015-12-21,TAP,sell,9304.640352858725,70.56449718891707,656577.2680231839,656.5772680231839,market_trend_exit,risk_exit,-5183.886505695478
2015-12-18,2015-12-21,UAA,sell,14597.06373564095,40.654998779296875,593443.6083538015,593.4436083538016,market_trend_exit,risk_exit,-82243.19834735931
2016-03-17,2016-03-18,AWK,buy,12045.667027726004,56.836619918738236,684634.9985225402,684.6349985225402,rebalance,rebalance,0.0
2016-03-17,2016-03-18,EW,buy,24252.037181163367,28.229999542236328,684634.9985225402,684.6349985225402,rebalance,rebalance,0.0
2016-03-17,2016-03-18,FSLR,buy,9323.641504523908,73.43000030517578,684634.9985225402,684.6349985225402,rebalance,rebalance,0.0
2016-03-17,2016-03-18,HRL,buy,20493.749755741996,33.40701465971191,684634.9985225402,684.6349985225402,rebalance,rebalance,0.0
2016-03-17,2016-03-18,KLAC,buy,114532.42620037207,5.977652104608224,684634.9985225402,684.6349985225402,rebalance,rebalance,0.0
2016-03-17,2016-03-18,KMB,buy,7215.720616948136,94.88102919540476,684634.9985225402,684.6349985225402,rebalance,rebalance,0.0
2016-03-17,2016-03-18,MAT,buy,22443.001776369787,30.50550034903939,684634.9985225402,684.6349985225402,rebalance,rebalance,0.0
2016-03-17,2016-03-18,MCD,buy,7160.311210581391,95.61525726853853,684634.9985225402,684.6349985225402,rebalance,rebalance,0.0
2016-03-17,2016-03-18,NDAQ,buy,36727.03839793828,18.641170875378098,684634.9985225402,684.6349985225402,rebalance,rebalance,0.0
2016-03-17,2016-03-18,NEM,buy,31946.78386517413,21.430482686830814,684634.9985225402,684.6349985225402,rebalance,rebalance,0.0
2016-03-17,2016-03-18,NI,buy,40846.70892292869,16.761081041176137,684634.9985225402,684.6349985225402,rebalance,rebalance,0.0
2016-03-17,2016-03-18,O,buy,18844.436255955727,36.330882453762094,684634.9985225402,684.6349985225402,rebalance,rebalance,0.0
2016-03-17,2016-03-18,PSA,buy,3813.398798489585,179.53406782257107,684634.9985225402,684.6349985225402,rebalance,rebalance,0.0
2016-03-17,2016-03-18,TPR,buy,22830.858638680802,29.987264577189784,684634.9985225402,684.6349985225402,rebalance,rebalance,0.0
2016-03-17,2016-03-18,TSN,buy,13288.097853522788,51.522423003608274,684634.9985225402,684.6349985225402,rebalance,rebalance,0.0
2016-04-15,2016-04-18,AWK,sell,12045.667027726004,57.84359121778054,696764.6394972805,696.7646394972805,rebalance,rebalance,10748.241336720555
2016-04-15,2016-04-18,EW,sell,24252.037181163367,35.52000045776367,861432.3717766243,861.4323717766243,rebalance,rebalance,175251.305883785
2016-04-15,2016-04-18,KLAC,sell,1515.971229460134,6.099593678256802,9246.808527634226,9.246808527634226,rebalance,rebalance,166.5511601883976
2016-04-15,2016-04-18,KMB,sell,7215.720616948136,95.27195005175689,687455.7742053152,687.4557742053152,rebalance,rebalance,1448.6849100472846
2016-04-15,2016-04-18,MAT,sell,1034.984952096791,32.20076198267744,33327.30409812158,33.32730409812158,rebalance,rebalance,1689.6702427668477
2016-04-15,2016-04-18,MCD,sell,7160.311210581391,98.98496762494763,708763.1733639485,708.7631733639485,rebalance,rebalance,22734.77666952184
2016-04-15,2016-04-18,NDAQ,sell,36727.03839793828,18.120456416038195,665510.698580002,665.510698580002,rebalance,rebalance,-20474.445639640773
2016-04-15,2016-04-18,NEM,sell,1779.2186055198727,22.850848198926528,40656.65426744035,40.65665426744035,rebalance,rebalance,2448.3545779703395
2016-04-15,2016-04-18,NI,sell,40846.70892292869,17.005145213737485,694604.216737669,694.6042167376689,rebalance,rebalance,8589.978999868687
2016-04-15,2016-04-18,O,sell,401.2852718352515,37.377260256292544,14998.944042403295,14.998944042403295,rebalance,rebalance,390.31800884692956
2016-04-15,2016-04-18,PSA,sell,3813.398798489585,178.09839566718355,679160.2080501604,679.1602080501605,rebalance,rebalance,-6838.585678952327
2016-04-15,2016-04-18,AMAT,buy,36120.50919221842,19.084848738181112,689354.454279569,689.354454279569,rebalance,rebalance,0.0
2016-04-15,2016-04-18,AVGO,buy,58068.581618308475,11.871384405611554,689354.454279569,689.354454279569,rebalance,rebalance,0.0
2016-04-15,2016-04-18,CPB,buy,15867.528872818,43.44434850599032,689354.454279569,689.354454279569,rebalance,rebalance,0.0
2016-04-15,2016-04-18,CPRI,buy,13213.618525482598,52.16999816894531,689354.454279569,689.354454279569,rebalance,rebalance,0.0
2016-04-15,2016-04-18,DG,buy,9539.315028761988,72.26456534888473,689354.454279569,689.354454279569,rebalance,rebalance,0.0
2016-04-15,2016-04-18,DLTR,buy,8440.730619995204,81.66999816894531,689354.4542795689,689.3544542795689,rebalance,rebalance,0.0
2016-04-15,2016-04-18,FSLR,buy,2275.793978223899,59.43000030517578,135250.43682036354,135.25043682036355,rebalance,rebalance,0.0
2016-04-15,2016-04-18,HRL,buy,2539.5730892432402,29.9285717010498,76005.79529147287,76.00579529147286,rebalance,rebalance,0.0
2016-04-15,2016-04-18,ISRG,buy,9933.538299567244,69.39666748046875,689354.454279569,689.354454279569,rebalance,rebalance,0.0
2016-04-15,2016-04-18,TPR,buy,629.1801812143203,29.384199215176352,18487.955787042345,18.487955787042345,rebalance,rebalance,0.0
2016-04-15,2016-04-18,TSN,buy,531.6933048188766,49.88168391122703,26521.757368690887,26.52175736869089,rebalance,rebalance,0.0
2016-05-13,2016-05-16,CPB,sell,1449.013303095,46.23977110425763,67002.04346213708,67.00204346213708,rebalance,rebalance,3920.6510502701135
2016-05-13,2016-05-16,DG,sell,183.77627714911614,71.26354529740227,13096.549051203992,13.096549051203993,rebalance,rebalance,-210.34080025388144
2016-05-13,2016-05-16,DLTR,sell,8440.730619995204,77.77999877929688,656520.0173196007,656.5200173196007,rebalance,rebalance,-34180.311431567294
2016-05-13,2016-05-16,FSLR,sell,11599.435482747807,48.849998474121094,566632.4056328965,566.6324056328965,rebalance,rebalance,-254639.54755098285
2016-05-13,2016-05-16,HRL,sell,23033.322844985236,30.2779926522206,697402.7798566879,697.4027798566879,rebalance,rebalance,-64696.05753099601
2016-05-13,2016-05-16,ISRG,sell,395.50045903397586,69.9000015258789,27645.48268996072,27.645482689960723,rebalance,rebalance,143.97694947323347
2016-05-13,2016-05-16,KLAC,sell,113016.45497091193,5.771784173294776,652306.5861229912,652.3065861229912,rebalance,rebalance,-24594.343425276227
2016-05-13,2016-05-16,NEM,sell,5541.1814488850905,27.072950081920396,150016.1287605294,150.0161287605294,rebalance,rebalance,30997.16933374394
2016-05-13,2016-05-16,O,sell,827.6678572118362,37.84788954148701,31325.481636792818,31.32548163679282,rebalance,rebalance,1194.1826204045344
2016-05-13,2016-05-16,TSN,sell,1165.8452147356384,52.68782264271098,61425.84590284461,61.42584590284461,rebalance,rebalance,1310.8497840980808
2016-05-13,2016-05-16,AMAT,buy,2138.7657756278204,17.42607146025323,37270.285242834325,37.270285242834326,rebalance,rebalance,0.0
2016-05-13,2016-05-16,AVGO,buy,3865.2011149875325,10.764865799949584,41608.37129265629,41.60837129265629,rebalance,rebalance,0.0
2016-05-13,2016-05-16,AWK,buy,10980.860014483558,60.71554128982513,666708.8596071663,666.7088596071662,rebalance,rebalance,0.0
2016-05-13,2016-05-16,CPRI,buy,2713.492078579262,41.86000061035156,113586.78006551204,113.58678006551204,rebalance,rebalance,0.0
2016-05-13,2016-05-16,EW,buy,19354.814939696036,34.4466667175293,666708.8596071663,666.7088596071662,rebalance,rebalance,0.0
2016-05-13,2016-05-16,MAT,buy,1853.0427462152475,28.662015914916992,53111.940683042914,53.11194068304292,rebalance,rebalance,0.0
2016-05-13,2016-05-16,TPR,buy,181.5416274429117,28.20068908219863,5119.598990993891,5.119598990993891,rebalance,rebalance,0.0
2016-05-13,2016-05-16,VTR,buy,15415.319648655624,43.249758993178595,666708.8596071663,666.7088596071662,rebalance,rebalance,0.0
2016-05-13,2016-05-16,WYNN,buy,8391.793702944065,79.44771799779431,666708.8596071663,666.7088596071662,rebalance,rebalance,0.0
2016-06-13,2016-06-14,AMAT,sell,38259.27496784624,21.246643842068544,812881.1888975975,812.8811888975976,rebalance,rebalance,84716.9434467743
2016-06-13,2016-06-14,AVGO,sell,61933.78273329601,12.170938526677148,753792.2623715242,753.7922623715242,rebalance,rebalance,21344.681711355304
2016-06-13,2016-06-14,AWK,sell,1809.1820694937069,63.106919289360334,114171.90683929725,114.17190683929725,rebalance,rebalance,4102.420822660378
2016-06-13,2016-06-14,CPB,sell,14418.515569723,43.59148717181892,628524.5364942516,628.5245364942516,rebalance,rebalance,866.5935923136481
2016-06-13,2016-06-14,CPRI,sell,15927.11060406186,49.279998779296875,784887.9911258947,784.8879911258947,rebalance,rebalance,-19641.072444657242
2016-06-13,2016-06-14,DG,sell,9355.538751612872,78.88674662155674,738028.0150066399,738.0280150066399,rebalance,rebalance,60539.97156019154
2016-06-13,2016-06-14,EW,sell,19354.814939696036,33.54666519165039,649289.496628336,649.289496628336,rebalance,rebalance,-18735.361335065765
2016-06-13,2016-06-14,ISRG,sell,9538.037840533269,71.27666473388672,679839.5253788147,679.8395253788146,rebalance,rebalance,16589.737377384838
2016-06-13,2016-06-14,MAT,sell,23261.059570488243,28.93400282702766,673035.5633721657,673.0355633721657,rebalance,rebalance,-34517.85178473862
2016-06-13,2016-06-14,NEM,sell,4056.8943033440046,28.13858553045506,114155.26734266117,114.15526734266118,rebalance,rebalance,27012.96774207216
2016-06-13,2016-06-14,O,sell,2511.316018451118,38.320308274289815,96234.40400120892,96.23440400120893,rebalance,rebalance,4808.604199539722
2016-06-13,2016-06-14,TPR,sell,23641.580447338034,28.611865012381788,676429.7084386005,676.4297084386005,rebalance,rebalance,-33197.51712371507
2016-06-13,2016-06-14,TSN,sell,12653.945943606026,46.13908915226974,583841.5400200405,583.8415400200405,rebalance,rebalance,-68556.64389425817
2016-06-13,2016-06-14,VTR,sell,15415.319648655624,45.41589293589112,700100.5067358826,700.1005067358826,rebalance,rebalance,32024.83776237327
2016-06-13,2016-06-14,WYNN,sell,1804.566558122443,87.8664614256526,158560.87786928832,158.56087786928833,rebalance,rebalance,14890.253278438944
2016-06-13,2016-06-14,CNP,buy,34737.32397718879,16.662087736020286,578796.3398224808,578.7963398224808,rebalance,rebalance,0.0
2016-06-13,2016-06-14,DLR,buy,8137.161156259986,71.13000820651168,578796.3398224808,578.7963398224808,rebalance,rebalance,0.0
2016-06-13,2016-06-14,EQT,buy,15694.460016731555,36.87902222857221,578796.3398224808,578.7963398224808,rebalance,rebalance,0.0
2016-06-13,2016-06-14,EXC,buy,33525.11718430651,17.26455829044565,578796.3398224808,578.7963398224808,rebalance,rebalance,0.0
2016-06-13,2016-06-14,FCX,buy,62393.52268073539,9.276545303975757,578796.3398224808,578.7963398224808,rebalance,rebalance,0.0
2016-06-13,2016-06-14,IRM,buy,26442.0944068089,21.889201774933507,578796.3398224808,578.7963398224808,rebalance,rebalance,0.0
2016-06-13,2016-06-14,MLM,buy,3415.8758268737897,169.44302695926606,578796.3398224808,578.7963398224808,rebalance,rebalance,0.0
2016-06-13,2016-06-14,MUR,buy,28830.58446255424,20.07577545208053,578796.3398224808,578.7963398224808,rebalance,rebalance,0.0
2016-06-13,2016-06-14,NRG,buy,48216.577791706615,12.004094158711434,578796.3398224808,578.7963398224808,rebalance,rebalance,0.0
2016-06-13,2016-06-14,OKE,buy,23921.974561152096,24.195174120886016,578796.3398224808,578.7963398224808,rebalance,rebalance,0.0
2016-06-13,2016-06-14,RRC,buy,14316.193842307435,40.429484693900484,578796.3398224808,578.7963398224808,rebalance,rebalance,0.0
2016-07-12,2016-07-13,AWK,sell,9171.677944989851,66.7797614291059,612482.4650710146,612.4824650710146,rebalance,rebalance,54449.72824896778
2016-07-12,2016-07-13,CNP,sell,34737.32397718879,17.29262096483574,600699.3768702261,600.6993768702262,rebalance,rebalance,20723.5413310527
2016-07-12,2016-07-13,DLR,sell,8137.161156259986,78.0790522544055,635341.831122142,635.341831122142,rebalance,rebalance,55331.353128716655
2016-07-12,2016-07-13,EQT,sell,6662.047149237687,38.97503697746435,259653.53398714983,259.65353398714984,rebalance,rebalance,13458.405763725359
2016-07-12,2016-07-13,EXC,sell,33525.11718430651,18.368693351947748,615812.5971466402,615.8125971466402,rebalance,rebalance,35821.648387190326
2016-07-12,2016-07-13,FCX,sell,31856.18078450729,11.528135837840596,367242.37935860746,367.2423793586075,rebalance,rebalance,71064.31741586591
2016-07-12,2016-07-13,IRM,sell,11647.37378914053,23.794881607016052,277147.8803452609,277.1478803452609,rebalance,rebalance,21664.065731328137
2016-07-12,2016-07-13,MLM,sell,1507.7172988901586,184.49128850856053,278160.70717889187,278.16070717889187,rebalance,rebalance,22154.89136599323
2016-07-12,2016-07-13,MUR,sell,13285.926981860413,22.646920714948116,300885.3349827827,300.88533498278275,rebalance,rebalance,33592.43760047172
2016-07-12,2016-07-13,NEM,sell,9477.775933259582,31.73888535368006,300814.0437535939,300.8140437535939,rebalance,rebalance,97196.80334941174
2016-07-12,2016-07-13,NRG,sell,20763.520266908003,12.82329391501469,266256.72309292556,266.25672309292554,rebalance,rebalance,16493.96676720557
2016-07-12,2016-07-13,O,sell,15104.167108457521,42.13917915359085,636477.2037490658,636.4772037490658,rebalance,rebalance,86544.25904618751
2016-07-12,2016-07-13,OKE,sell,10408.28917085393,26.050526953886035,271141.41758917045,271.14141758917043,rebalance,rebalance,18788.077013448772
2016-07-12,2016-07-13,RRC,sell,5946.085568447414,42.05902886653454,250086.5845662142,250.0865845662142,rebalance,rebalance,9198.925328002588
2016-07-12,2016-07-13,WYNN,sell,2461.112826000317,85.31964902195539,209981.2825177798,209.9812825177798,rebalance,rebalance,14045.973676673417
2016-07-12,2016-07-13,ALB,buy,4704.831804553372,74.824911948094,352038.62550629827,352.0386255062983,rebalance,rebalance,0.0
2016-07-12,2016-07-13,AMAT,buy,15418.591961420769,22.832086508751424,352038.62550629827,352.0386255062983,rebalance,rebalance,0.0
2016-07-12,2016-07-13,APA,buy,7926.644875273868,44.412059710715276,352038.62550629827,352.0386255062983,rebalance,rebalance,0.0
2016-07-12,2016-07-13,HP,buy,8199.628021419716,42.93348729804269,352038.6255062983,352.03862550629833,rebalance,rebalance,0.0
2016-07-12,2016-07-13,JCI,buy,10950.39749189632,32.148479154918284,352038.62550629827,352.0386255062983,rebalance,rebalance,0.0
2016-08-09,2016-08-10,APA,sell,7926.644875273868,39.07835384695609,309760.23325511336,309.76023325511335,rebalance,rebalance,-42940.19110994628
2016-08-09,2016-08-10,EQT,sell,9032.412867493867,34.341010825806414,310182.18806576007,310.1821880657601,rebalance,rebalance,-23567.655595171615
2016-08-09,2016-08-10,HP,sell,8199.628021419716,39.34850798411058,322643.12866757053,322.6431286675705,rebalance,rebalance,-30070.178592901568
2016-08-09,2016-08-10,JCI,sell,10950.39749189632,33.6497912077606,368478.5892442965,368.4785892442965,rebalance,rebalance,15719.44652324768
2016-08-09,2016-08-10,MLM,sell,1908.158527983631,185.928418667987,354780.89767583035,354.7808976758304,rebalance,rebalance,30778.635721571005
2016-08-09,2016-08-10,NRG,sell,27453.057524798613,10.444888028570574,286744.11188842834,286.74411188842834,rebalance,rebalance,-43421.26878313625
2016-08-09,2016-08-10,RRC,sell,8370.108273860022,36.505466500339864,305554.7071956145,305.5547071956145,rebalance,rebalance,-33488.41102023889
2016-08-09,2016-08-10,ALB,buy,5436.755618624651,71.77139637147667,390203.5424791627,390.2035424791627,rebalance,rebalance,0.0
2016-08-09,2016-08-10,AMAT,buy,14902.644432105795,24.00548187871028,357745.16085977835,357.74516085977837,rebalance,rebalance,0.0
2016-08-09,2016-08-10,AMZN,buy,18910.778359152482,38.4900016784668,727875.8907848926,727.8758907848926,rebalance,rebalance,0.0
2016-08-09,2016-08-10,DHR,buy,10633.415643856317,68.45174825884273,727875.8907848926,727.8758907848926,rebalance,rebalance,0.0
2016-08-09,2016-08-10,DVN,buy,26072.618827285973,27.91725279330756,727875.8907848926,727.8758907848926,rebalance,rebalance,0.0
2016-08-09,2016-08-10,FCX,buy,34272.60588120586,11.230928518635995,384913.18679920665,384.91318679920664,rebalance,rebalance,0.0
2016-08-09,2016-08-10,IRM,buy,19297.011642791324,21.350510593710673,412001.0515063744,412.0010515063744,rebalance,rebalance,0.0
2016-08-09,2016-08-10,MUR,buy,21467.641550272354,19.66578434308872,422178.0090823869,422.1780090823869,rebalance,rebalance,0.0
2016-08-09,2016-08-10,NAVI,buy,82616.77111218797,8.810267951485136,727875.8907848926,727.8758907848926,rebalance,rebalance,0.0
2016-08-09,2016-08-10,NEM,buy,9275.581550491712,35.737484350766984,331485.9505049605,331.4859505049605,rebalance,rebalance,0.0
2016-08-09,2016-08-10,OKE,buy,15703.889726622636,24.912262152903892,391219.4176899173,391.21941768991735,rebalance,rebalance,0.0
2016-08-09,2016-08-10,QRVO,buy,13267.879742741916,54.86000061035156,727875.8907848926,727.8758907848926,rebalance,rebalance,0.0
2016-08-09,2016-08-10,ULTA,buy,2774.022829184773,262.3900146484375,727875.8907848926,727.8758907848926,rebalance,rebalance,0.0
2016-08-09,2016-08-10,WMB,buy,47009.26541704657,15.48366868376865,727875.8907848926,727.8758907848926,rebalance,rebalance,0.0
2016-08-09,2016-08-10,WYNN,buy,4030.9920256221803,89.23211982895285,359693.96345987177,359.6939634598718,rebalance,rebalance,0.0
2016-09-07,2016-09-08,ALB,sell,410.56911320346626,72.41006459944337,29729.33600959917,29.72933600959917,rebalance,rebalance,-379.1608479065745
2016-09-07,2016-09-08,AMAT,sell,4067.005626735154,26.83848065108394,109152.25182098094,109.15225182098094,rebalance,rebalance,13744.170789789881
2016-09-07,2016-09-08,AMZN,sell,933.1624948792487,39.19449996948242,36574.837377066855,36.57483737706686,rebalance,rebalance,584.9191195110614
2016-09-07,2016-09-08,DHR,sell,65.2770272059006,66.67433973031622,4352.30268851131,4.35230268851131,rebalance,rebalance,-124.84457419451948
2016-09-07,2016-09-08,DVN,sell,3452.6503647259997,31.150514891738247,107551.83660236275,107.55183660236276,rebalance,rebalance,10959.383213760144
2016-09-07,2016-09-08,FCX,sell,64809.94777743396,9.564751625061035,619891.0533243323,619.8910533243323,rebalance,rebalance,-49591.25431391815
2016-09-07,2016-09-08,IRM,sell,34091.73226045969,22.88176011549901,780078.8395056574,780.0788395056575,rebalance,rebalance,42717.23867955531
2016-09-07,2016-09-08,MUR,sell,37012.29903096618,19.767815753794935,731652.3078685023,731.6523078685024,rebalance,rebalance,-4062.655645810477
2016-09-07,2016-09-08,NAVI,sell,82616.77111218797,9.228939853105649,762465.211452179,762.465211452179,rebalance,rebalance,33098.97956504946
2016-09-07,2016-09-08,OKE,sell,3674.3430802512557,27.585532771736755,101358.71145487519,101.35871145487519,rebalance,rebalance,10849.495064097238
2016-09-07,2016-09-08,QRVO,sell,13267.879742741916,55.709999084472656,739153.5683210455,739.1535683210456,rebalance,rebalance,9810.64807704692
2016-09-07,2016-09-08,WMB,sell,8964.741287402001,18.521027153407765,166036.21680724816,166.03621680724817,rebalance,rebalance,26924.289576676852
2016-09-07,2016-09-08,WYNN,sell,8157.106344443486,85.26821289598074,695541.8803931624,695.5418803931624,rebalance,rebalance,6654.503894232921
2016-09-07,2016-09-08,BSX,buy,28949.20542425332,24.34000015258789,704623.664443624,704.623664443624,rebalance,rebalance,0.0
2016-09-07,2016-09-08,GRMN,buy,18738.678665609827,37.602633409621625,704623.664443624,704.623664443624,rebalance,rebalance,0.0
2016-09-07,2016-09-08,NEM,buy,1129.8251351358522,32.77758397070084,37032.93823912382,37.032938239123816,rebalance,rebalance,0.0
2016-09-07,2016-09-08,NWL,buy,20483.72178965272,34.39920106704252,704623.664443624,704.623664443624,rebalance,rebalance,0.0
2016-09-07,2016-09-08,OI,buy,39051.619270556104,18.043391736508394,704623.664443624,704.623664443624,rebalance,rebalance,0.0
2016-09-07,2016-09-08,RRC,buy,18151.66479820957,38.818679844348274,704623.664443624,704.623664443624,rebalance,rebalance,0.0
2016-09-07,2016-09-08,ULTA,buy,102.814167157886,244.92999267578125,25182.27320894757,25.18227320894757,rebalance,rebalance,0.0
2016-09-07,2016-09-08,URI,buy,8726.09023612891,80.74906921386719,704623.664443624,704.623664443624,rebalance,rebalance,0.0
2016-10-05,2016-10-06,ALB,sell,9731.018309974557,72.93354349939834,709717.647203971,709.7176472039711,rebalance,rebalance,-3897.7130751831037
2016-10-05,2016-10-06,AMAT,sell,8571.273693684128,27.009255637802436,231503.72233428576,231.50372233428575,rebalance,rebalance,30428.3358513032
2016-10-05,2016-10-06,AMZN,sell,6655.973278711275,42.185001373291016,280782.24190302345,280.7822419030235,rebalance,rebalance,24056.848569023903
2016-10-05,2016-10-06,BSX,sell,28949.20542425332,23.3799991607666,676832.3985239025,676.8323985239025,rebalance,rebalance,-29172.72198268885
2016-10-05,2016-10-06,DHR,sell,3286.729773906429,65.59218392135459,215583.78382986266,215.58378382986265,rebalance,rebalance,-9839.181431331406
2016-10-05,2016-10-06,DVN,sell,7226.675760037058,31.026728150343267,224220.10423734513,224.22010423734514,rebalance,rebalance,22045.20115083696
2016-10-05,2016-10-06,GRMN,sell,18738.678665609827,37.75047151391989,707393.9551746021,707.3939551746021,rebalance,rebalance,1358.273111359933
2016-10-05,2016-10-06,NEM,sell,3318.4225725843316,26.272702051473154,87183.92753039119,87.18392753039119,rebalance,rebalance,-6576.487377837092
2016-10-05,2016-10-06,NWL,sell,20483.72178965272,33.84520007903796,693275.6623341459,693.2756623341459,rebalance,rebalance,-12745.901436255846
2016-10-05,2016-10-06,OI,sell,39051.619270556104,17.896379470825195,698882.5974160619,698.8825974160619,rebalance,rebalance,-7144.5732894216535
2016-10-05,2016-10-06,OKE,sell,7989.646173610552,27.208315824799296,217384.81641999513,217.38481641999513,rebalance,rebalance,20580.78239972957
2016-10-05,2016-10-06,RRC,sell,18151.66479820957,36.66364453167585,665506.1858196893,665.5061858196893,rebalance,rebalance,-40487.60847419789
2016-10-05,2016-10-06,ULTA,sell,2876.836996342659,235.60000610351562,677782.81389715,677.78281389715,rebalance,rebalance,-76706.1910745813
2016-10-05,2016-10-06,URI,sell,2573.7856230469533,77.63001640138052,199803.02013077235,199.80302013077235,rebalance,rebalance,-8435.407099850167
2016-10-05,2016-10-06,WMB,sell,12257.434721242167,18.521031996120513,227020.3406624847,227.0203406624847,rebalance,rebalance,36813.47212704973
2016-10-05,2016-10-06,CHTR,buy,1788.777183594911,267.0,477603.5080198413,477.6035080198413,rebalance,rebalance,0.0
2016-10-05,2016-10-06,CTAS,buy,19290.34588425761,24.758680372320438,477603.5080198413,477.6035080198413,rebalance,rebalance,0.0
2016-10-05,2016-10-06,EBAY,buy,16861.269938929472,28.325476654468677,477603.5080198413,477.6035080198413,rebalance,rebalance,0.0
2016-10-05,2016-10-06,JCI,buy,14508.296652252813,32.919337084665976,477603.5080198413,477.6035080198413,rebalance,rebalance,0.0
2016-10-05,2016-10-06,MS,buy,19482.03917704644,24.515067631244133,477603.5080198413,477.6035080198413,rebalance,rebalance,0.0
2016-10-05,2016-10-06,MU,buy,27765.359421655936,17.201416368027584,477603.5080198413,477.6035080198413,rebalance,rebalance,0.0
2016-10-05,2016-10-06,NTAP,buy,17403.639285729845,27.442737704375052,477603.50801984133,477.60350801984134,rebalance,rebalance,0.0
2016-11-02,2016-11-03,AMZN,sell,11321.642585561958,38.252498626708984,433081.1174562988,433.0811174562988,rebalance,rebalance,-3557.775824559693
2016-11-02,2016-11-03,CHTR,sell,1788.777183594911,267.57000732421875,478623.12411588576,478.6231241158858,rebalance,rebalance,63.389463908767254
2016-11-02,2016-11-03,CTAS,sell,19290.34588425761,23.329170081422546,450027.7600633152,450.0277600633152,rebalance,rebalance,-28503.37922460916
2016-11-02,2016-11-03,JCI,sell,14508.296652252813,33.42442313765803,484931.44631156547,484.9314463115655,rebalance,rebalance,6365.4033373928505
2016-11-02,2016-11-03,MS,sell,19482.03917704644,25.10989682319809,489191.9936411391,489.1919936411391,rebalance,rebalance,10621.690119636904
2016-11-02,2016-11-03,NEM,sell,18178.697687208813,29.210999633590898,531017.9314802163,531.0179314802164,rebalance,rebalance,17334.260402445285
2016-11-02,2016-11-03,OKE,sell,17553.585863058994,25.95261597789192,455561.4729389226,455.5614729389226,rebalance,rebalance,23196.84423737434
2016-11-02,2016-11-03,URI,sell,6152.304613081957,68.6482665054027,422345.04670126864,422.34504670126864,rebalance,rebalance,-75366.96224300841
2016-11-02,2016-11-03,AMAT,buy,7138.556671156555,25.634076870820873,182990.3104551383,182.9903104551383,rebalance,rebalance,0.0
2016-11-02,2016-11-03,DHR,buy,2517.393719542544,64.934116931745,163464.73814801604,163.46473814801604,rebalance,rebalance,0.0
2016-11-02,2016-11-03,DVN,buy,7520.656554214311,27.76808939574291,208834.2635121028,208.8342635121028,rebalance,rebalance,0.0
2016-11-02,2016-11-03,EBAY,buy,8751.552694931728,24.84211133096328,217407.0463662857,217.4070463662857,rebalance,rebalance,0.0
2016-11-02,2016-11-03,HPE,buy,65392.11716590344,9.73017267136843,636276.5913705961,636.2765913705961,rebalance,rebalance,0.0
2016-11-02,2016-11-03,HPQ,buy,60318.3904104898,10.548633460549754,636276.5913705961,636.2765913705961,rebalance,rebalance,0.0
2016-11-02,2016-11-03,ILMN,buy,4814.458618996566,132.15953063964844,636276.5913705961,636.2765913705961,rebalance,rebalance,0.0
2016-11-02,2016-11-03,KMI,buy,53379.90681494597,11.919777109697828,636276.5913705961,636.2765913705961,rebalance,rebalance,0.0
2016-11-02,2016-11-03,MCHP,buy,25627.076736371946,24.828293836087155,636276.5913705961,636.2765913705961,rebalance,rebalance,0.0
2016-11-02,2016-11-03,MU,buy,11400.289116568172,16.245782085023194,185206.6126940281,185.2066126940281,rebalance,rebalance,0.0
2016-11-02,2016-11-03,NTAP,buy,7508.4017179034745,25.540925822890134,191771.5313254335,191.7715313254335,rebalance,rebalance,0.0
2016-11-02,2016-11-03,QCOM,buy,12312.302739863408,51.678114550459384,636276.5913705961,636.2765913705961,rebalance,rebalance,0.0
2016-11-02,2016-11-03,STX,buy,29041.820273575417,21.90897765280683,636276.5913705961,636.2765913705961,rebalance,rebalance,0.0
2016-11-02,2016-11-03,WDC,buy,17149.813693008873,37.101078924838376,636276.5913705961,636.2765913705961,rebalance,rebalance,0.0
2016-11-02,2016-11-03,WMB,buy,11386.493361845827,17.116364470519592,194895.3704225051,194.8953704225051,rebalance,rebalance,0.0
2016-12-01,2016-12-02,AMAT,sell,24821.513744263837,27.230932774128096,675912.9721221451,675.9129721221451,rebalance,rebalance,77712.99977200532
2016-12-01,2016-12-02,DVN,sell,22913.949256737225,32.89278490286344,753703.6041769851,753.7036041769851,rebalance,rebalance,113738.62065578687
2016-12-01,2016-12-02,EBAY,sell,25612.8226338612,24.454095213405957,626338.4033725209,626.3384033725209,rebalance,rebalance,-69993.49997136457
2016-12-01,2016-12-02,HPE,sell,65392.11716590344,10.298905717093035,673467.2493327406,673.4672493327406,rebalance,rebalance,35880.91412144114
2016-12-01,2016-12-02,HPQ,sell,60318.3904104898,10.807493905710833,651890.6367636553,651.8906367636554,rebalance,rebalance,14325.878164925054
2016-12-01,2016-12-02,ILMN,sell,4814.458618996566,124.50389099121094,599418.8310812444,599.4188310812444,rebalance,rebalance,-38093.45571180349
2016-12-01,2016-12-02,KMI,sell,53379.90681494597,12.952337697154913,691394.5793098412,691.3945793098412,rebalance,rebalance,53790.31676856475
2016-12-01,2016-12-02,MCHP,sell,25627.076736371946,25.469223169150577,652701.7365716042,652.7017365716042,rebalance,rebalance,15136.166873065897
2016-12-01,2016-12-02,STX,sell,1617.2503488056245,25.708146374251392,41576.50869090411,41.57650869090411,rebalance,rebalance,6067.198129485763
2016-12-01,2016-12-02,WDC,sell,25.102677661780035,41.17061346290895,1033.492638897145,1.033492638897145,rebalance,rebalance,100.1913846786151
2016-12-01,2016-12-02,AAL,buy,15829.859501357732,44.53828903638742,705034.8578768743,705.0348578768743,rebalance,rebalance,0.0
2016-12-01,2016-12-02,AKAM,buy,11130.957628330043,63.34000015258789,705034.8578768743,705.0348578768743,rebalance,rebalance,0.0
2016-12-01,2016-12-02,DHR,buy,1041.9886386452872,65.03536917271067,67766.11578806647,67.76611578806647,rebalance,rebalance,0.0
2016-12-01,2016-12-02,FFIV,buy,5079.868088352431,138.7899932861328,705034.8578768743,705.0348578768743,rebalance,rebalance,0.0
2016-12-01,2016-12-02,HOG,buy,14503.609471640895,48.610992956990366,705034.8578768743,705.0348578768743,rebalance,rebalance,0.0
2016-12-01,2016-12-02,MS,buy,22060.785647963887,31.95873751404433,705034.8578768743,705.0348578768743,rebalance,rebalance,0.0
2016-12-01,2016-12-02,MU,buy,0.7026351525128121,18.001034989343676,12.64815996512596,0.01264815996512596,rebalance,rebalance,0.0
2016-12-01,2016-12-02,NFLX,buy,60388.42367098043,11.675000190734863,705034.8578768743,705.0348578768743,rebalance,rebalance,0.0
2016-12-01,2016-12-02,NTAP,buy,459.3999443440298,27.78852250932483,12766.045694186647,12.766045694186648,rebalance,rebalance,0.0
2016-12-01,2016-12-02,PFG,buy,17433.58818945689,40.44117884482611,705034.8578768743,705.0348578768743,rebalance,rebalance,0.0
2016-12-01,2016-12-02,QCOM,buy,2016.3096102996042,49.20468504885285,99211.87933576725,99.21187933576725,rebalance,rebalance,0.0
2016-12-01,2016-12-02,UAL,buy,10200.156682021227,69.12000274658203,705034.8578768743,705.0348578768743,rebalance,rebalance,0.0
2016-12-01,2016-12-02,WMB,buy,1590.0895600019358,18.188030583642185,28920.597548045353,28.920597548045354,rebalance,rebalance,0.0
2016-12-30,2017-01-03,AAL,sell,167.53473694110107,45.68823618058385,7654.366629817012,7.654366629817012,rebalance,rebalance,177.54001513178565
2016-12-30,2017-01-03,AKAM,sell,11130.957628330043,67.2699966430664,748779.4822918765,748.7794822918764,rebalance,rebalance,42290.810074833484
2016-12-30,2017-01-03,DHR,sell,45.70692539306583,66.28794872821514,3029.8183269799024,3.0298183269799024,rebalance,rebalance,-52.66233012106903
2016-12-30,2017-01-03,FFIV,sell,5079.868088352431,145.64999389648438,739882.7560634774,739.8827560634774,rebalance,rebalance,33402.98057266287
2016-12-30,2017-01-03,HOG,sell,14503.609471640895,46.36374990385021,672441.7222462716,672.4417222462715,rebalance,rebalance,-33970.612210725834
2016-12-30,2017-01-03,MS,sell,189.5442124391011,32.71803272270468,6201.513744981797,6.2015137449817965,rebalance,rebalance,131.66090485667962
2016-12-30,2017-01-03,MU,sell,5916.281842896809,21.521278222349746,127325.94758281832,127.32594758281833,rebalance,rebalance,26975.658779107183
2016-12-30,2017-01-03,NFLX,sell,60388.42367098043,12.496000289916992,754613.7597002017,754.6137597002017,rebalance,rebalance,48119.253205750385
2016-12-30,2017-01-03,PFG,sell,17433.58818945689,40.775127429683444,710856.7799817289,710.8567799817289,rebalance,rebalance,4406.030466996074
2016-12-30,2017-01-03,QCOM,sell,14328.612350163012,50.6743004884363,726092.4078144799,726.0924078144799,rebalance,rebalance,-10857.6437704043
2016-12-30,2017-01-03,STX,sell,152.0789347768623,26.238307063195762,3990.2937885190336,3.9902937885190335,rebalance,rebalance,651.0776172580829
2016-12-30,2017-01-03,UAL,sell,532.7151064114769,74.0199966430664,39431.57038828828,39.43157038828828,rebalance,rebalance,2534.0479299746708
2016-12-30,2017-01-03,WDC,sell,17124.711015347093,46.48165527723208,795984.9141375825,795.9849141375826,rebalance,rebalance,159208.32902305794
2016-12-30,2017-01-03,WMB,sell,38763.67233025016,19.102889262462533,740498.1399311519,740.4981399311519,rebalance,rebalance,116039.83038555882
2016-12-30,2017-01-03,BAC,buy,39236.09876891422,18.23789865522037,715583.9929736743,715.5839929736743,rebalance,rebalance,0.0
2016-12-30,2017-01-03,CFG,buy,28441.220973424388,25.160101025280152,715583.9929736743,715.5839929736743,rebalance,rebalance,0.0
2016-12-30,2017-01-03,KEY,buy,58453.92559583184,12.241846645534793,715583.9929736743,715.5839929736743,rebalance,rebalance,0.0
2016-12-30,2017-01-03,LNC,buy,15684.053704160939,45.62493896484375,715583.9929736743,715.5839929736743,rebalance,rebalance,0.0
2016-12-30,2017-01-03,NTAP,buy,321.4940736108583,27.851391535159866,8954.057320369522,8.954057320369522,rebalance,rebalance,0.0
2016-12-30,2017-01-03,RF,buy,70549.51826160561,10.143003249436909,715583.9929736742,715.5839929736742,rebalance,rebalance,0.0
2016-12-30,2017-01-03,SCHW,buy,20265.264647299395,35.310863461584994,715583.9929736743,715.5839929736743,rebalance,rebalance,0.0
2016-12-30,2017-01-03,URI,buy,6890.337995324583,103.85324979111788,715583.9929736743,715.5839929736743,rebalance,rebalance,0.0
2016-12-30,2017-01-03,ZION,buy,21786.69406289118,32.84500121532957,715583.9929736743,715.5839929736743,rebalance,rebalance,0.0
2017-01-31,2017-02-01,AAL,sell,15662.324764416631,43.24341633468119,677292.4305566559,677.2924305566559,rebalance,rebalance,-21655.582360596407
2017-01-31,2017-02-01,BAC,sell,9388.003465334208,18.536478870185363,174020.5278683945,174.0205278683945,rebalance,rebalance,2457.834109127583
2017-01-31,2017-02-01,CFG,sell,6595.129285706629,25.32620460533691,167029.59368845556,167.02959368845555,rebalance,rebalance,762.5108725014209
2017-01-31,2017-02-01,DHR,sell,10795.084275538753,71.45137968964279,771323.6653532119,771.3236653532119,rebalance,rebalance,43246.11749831817
2017-01-31,2017-02-01,KEY,sell,12463.150287224395,12.030207888374965,149934.28889936963,149.93428889936962,rebalance,rebalance,-2940.1919005201216
2017-01-31,2017-02-01,LNC,sell,3890.2695902959003,46.912728142924294,182503.15969223704,182.50315969223703,rebalance,rebalance,4649.850605892624
2017-01-31,2017-02-01,MS,sell,5119.212083541232,33.02755602231427,169075.0638792662,169.0750638792662,rebalance,rebalance,5138.830003512127
2017-01-31,2017-02-01,MU,sell,10025.125590423664,23.82260185870109,238824.57552413867,238.82457552413868,rebalance,rebalance,68758.17742228394
2017-01-31,2017-02-01,NTAP,sell,25692.935021588208,30.45815393686076,782559.3699772946,782.5593699772946,rebalance,rebalance,89990.5731051264
2017-01-31,2017-02-01,RF,sell,15964.214699931683,10.136035742385507,161813.85079762366,161.81385079762367,rebalance,rebalance,-434.96971086557625
2017-01-31,2017-02-01,SCHW,sell,20265.264647299395,36.739172346790205,744529.050530447,744.5290505304471,rebalance,rebalance,27484.94451326872
2017-01-31,2017-02-01,STX,sell,27272.49098999293,31.116209668221344,848616.5478192975,848.6165478192976,rebalance,rebalance,249658.0232397115
2017-01-31,2017-02-01,UAL,sell,1869.293419046685,70.94999694824219,132626.3623767315,132.6263623767315,rebalance,rebalance,3158.964189421534
2017-01-31,2017-02-01,URI,sell,6890.337995324583,122.76979146086533,845925.3587808759,845.925358780876,rebalance,rebalance,128779.85645544723
2017-01-31,2017-02-01,ZION,sell,4527.238182718753,32.056548697209706,145127.63126819086,145.12763126819087,rebalance,rebalance,-3863.3371201746536
2017-01-31,2017-02-01,FITB,buy,29422.555767966154,18.80457266436632,553278.5879100899,553.2785879100899,rebalance,rebalance,0.0
2017-01-31,2017-02-01,FTI,buy,24105.544186265823,22.952337588185266,553278.5879100899,553.2785879100899,rebalance,rebalance,0.0
2017-01-31,2017-02-01,GS,buy,2942.5817585781833,188.02488199254887,553278.5879100899,553.2785879100899,rebalance,rebalance,0.0
2017-01-31,2017-02-01,PNC,buy,6241.343391487274,88.64735573830475,553278.5879100899,553.2785879100899,rebalance,rebalance,0.0
2017-01-31,2017-02-01,RIG,buy,39295.35446790394,14.079999923706055,553278.5879100899,553.2785879100899,rebalance,rebalance,0.0
2017-01-31,2017-02-01,WDC,buy,10199.116255288458,54.24769892422819,553278.5879100899,553.2785879100899,rebalance,rebalance,0.0
2017-03-01,2017-03-02,FITB,sell,29422.555767966154,20.523164109979643,603843.9405609975,603.8439405609975,rebalance,rebalance,49408.230122436544
2017-03-01,2017-03-02,FTI,sell,24105.544186265823,22.598073475327098,544738.858683979,544.7388586839791,rebalance,rebalance,-9637.746672704847
2017-03-01,2017-03-02,GS,sell,2942.5817585781833,207.33448182294072,610098.6641364453,610.0986641364452,rebalance,rebalance,55656.69897430894
2017-03-01,2017-03-02,MS,sell,16752.029351983554,35.91078633410848,601578.5467217951,601.5785467217951,rebalance,rebalance,65067.88557857723
2017-03-01,2017-03-02,PNC,sell,6241.343391487274,95.43833962158159,595663.4502916763,595.6634502916763,rebalance,rebalance,41235.92034338481
2017-03-01,2017-03-02,RIG,sell,39295.35446790394,13.569999694824219,533237.948137466,533.237948137466,rebalance,rebalance,-21127.156308671412
2017-03-01,2017-03-02,ZION,sell,17259.455880172427,35.108900020244285,605960.510900791,605.9605109007911,rebalance,rebalance,37900.81418033969
2017-03-01,2017-03-02,BAC,buy,10313.99991767764,20.786582328106377,214392.80842088867,214.39280842088868,rebalance,rebalance,0.0
2017-03-01,2017-03-02,CF,buy,33176.18527323988,25.163613354284625,834832.6987859198,834.8326987859198,rebalance,rebalance,0.0
2017-03-01,2017-03-02,CFG,buy,8508.627061634146,27.502567415609615,234009.08937687345,234.00908937687345,rebalance,rebalance,0.0
2017-03-01,2017-03-02,CSX,buy,57853.375129908614,14.430146848153967,834832.6987859199,834.83269878592,rebalance,rebalance,0.0
2017-03-01,2017-03-02,FCX,buy,66494.77404981697,12.554861802530146,834832.6987859199,834.83269878592,rebalance,rebalance,0.0
2017-03-01,2017-03-02,INCY,buy,6197.718765403538,134.6999969482422,834832.6987859199,834.83269878592,rebalance,rebalance,0.0
2017-03-01,2017-03-02,KEY,buy,18552.636705086836,12.934437036095831,239967.9113155061,239.9679113155061,rebalance,rebalance,0.0
2017-03-01,2017-03-02,LNC,buy,4973.582876561859,49.789135006262846,247630.38930597552,247.6303893059755,rebalance,rebalance,0.0
2017-03-01,2017-03-02,LUV,buy,16131.083676961922,51.75304495991244,834832.6987859199,834.83269878592,rebalance,rebalance,0.0
2017-03-01,2017-03-02,MU,buy,11184.949630131228,24.261414872887002,271362.70330895775,271.36270330895775,rebalance,rebalance,0.0
2017-03-01,2017-03-02,NFLX,buy,58728.99682198988,14.21500015258789,834832.6987859199,834.83269878592,rebalance,rebalance,0.0
2017-03-01,2017-03-02,RF,buy,20266.607596370326,11.15312469474871,226036.0016618597,226.0360016618597,rebalance,rebalance,0.0
2017-03-01,2017-03-02,UAL,buy,3430.2676594305167,74.3499984741211,255040.39524448584,255.04039524448584,rebalance,rebalance,0.0
2017-03-01,2017-03-02,URI,buy,6514.927480742193,128.1415182676468,834832.6987859199,834.83269878592,rebalance,rebalance,0.0
2017-03-01,2017-03-02,WDC,buy,5590.4398893615125,52.87246146363583,295580.3176150391,295.5803176150391,rebalance,rebalance,0.0
2017-03-29,2017-03-30,BAC,sell,7677.815668515759,18.924855439722663,145301.55161949835,145.30155161949835,rebalance,rebalance,-41.35415800144338
2017-03-29,2017-03-30,CF,sell,33176.18527323988,23.966090240534427,795103.4500951562,795.1034500951562,rebalance,rebalance,-41359.184839644586
2017-03-29,2017-03-30,CFG,sell,4682.931538943183,23.946922337760817,112141.79787612315,112.14179787612315,rebalance,rebalance,-8989.126087866618
2017-03-29,2017-03-30,CSX,sell,13474.273512637134,13.852472722429477,186652.0062883599,186.6520062883599,rebalance,rebalance,-8164.826922933196
2017-03-29,2017-03-30,FCX,sell,66494.77404981697,11.483105652852386,763566.5157765955,763.5665157765955,rebalance,rebalance,-72864.58222388697
2017-03-29,2017-03-30,INCY,sell,1809.7082884807078,140.10000610351562,253540.14226172998,253.54014226172998,rebalance,rebalance,9275.13348297278
2017-03-29,2017-03-30,KEY,sell,11664.041289535024,11.625711240136043,135602.77592515823,135.60277592515823,rebalance,rebalance,-9789.434052906361
2017-03-29,2017-03-30,LNC,sell,2735.05132890359,43.81032392856265,119823.48468051202,119.82348468051202,rebalance,rebalance,-8589.37637055445
2017-03-29,2017-03-30,LUV,sell,3178.4688516267033,47.46225398416947,150857.29591667806,150.85729591667805,rebalance,rebalance,-13953.498202538549
2017-03-29,2017-03-30,MU,sell,34409.893370187376,27.693893669627307,952943.9281771828,952.9439281771828,rebalance,rebalance,286921.8629764894
2017-03-29,2017-03-30,NFLX,sell,58728.99682198988,14.680999755859375,862200.3880054995,862.2003880054995,rebalance,rebalance,25670.656132788266
2017-03-29,2017-03-30,RF,sell,13446.59143508529,10.011515246118408,134620.7551606816,134.62075516068163,rebalance,rebalance,-5720.348187895302
2017-03-29,2017-03-30,UAL,sell,11228.415815993581,69.66000366210938,782171.4868617997,782.1714868617997,rebalance,rebalance,-13453.150286684848
2017-03-29,2017-03-30,URI,sell,1350.794257587807,119.04423608647097,160804.27050453218,160.80427050453218,rebalance,rebalance,-12622.453627527211
2017-03-29,2017-03-30,WDC,sell,15789.55614464997,54.993506327304935,868323.0557461446,868.3230557461446,rebalance,rebalance,17746.968259744288
2017-03-29,2017-03-30,ALK,buy,6912.870916208789,88.92980963346713,614760.2945991791,614.760294599179,rebalance,rebalance,0.0
2017-03-29,2017-03-30,AMD,buy,44774.96832451077,13.729999542236328,614760.2945991791,614.760294599179,rebalance,rebalance,0.0
2017-03-29,2017-03-30,GS,buy,3275.6822843570126,187.67396872857927,614760.2945991791,614.760294599179,rebalance,rebalance,0.0
2017-03-29,2017-03-30,MS,buy,18809.033899275546,32.68430999121424,614760.2945991791,614.760294599179,rebalance,rebalance,0.0
2017-03-29,2017-03-30,NRG,buy,40255.4412593175,15.271483192520888,614760.2945991791,614.760294599179,rebalance,rebalance,0.0
2017-03-29,2017-03-30,ZION,buy,19710.473012010196,31.189525194275486,614760.2945991791,614.760294599179,rebalance,rebalance,0.0
2017-04-27,2017-04-28,ALK,sell,6912.870916208789,80.08960467782936,553649.0988680259,553.6490988680259,rebalance,rebalance,-62279.60512462029
2017-04-27,2017-04-28,CFG,sell,25671.787210408722,25.485610611704832,654261.1725510209,654.2611725510209,rebalance,rebalance,-9816.928666049094
2017-04-27,2017-04-28,GS,sell,3275.6822843570126,184.2636708722469,603589.2423268105,603.5892423268104,rebalance,rebalance,-12389.4018092945
2017-04-27,2017-04-28,KEY,sell,52879.37072415926,12.190386816211806,644619.9837253676,644.6199837253675,rebalance,rebalance,-14550.938738697561
2017-04-27,2017-04-28,LNC,sell,14032.315661523307,45.803628301356405,642730.9707677157,642.7309707677157,rebalance,rebalance,-16125.513371943387
2017-04-27,2017-04-28,LUV,sell,12952.614825335218,49.590596986457825,642327.9017240177,642.3279017240177,rebalance,rebalance,-29322.020839112276
2017-04-27,2017-04-28,MS,sell,18809.033899275546,33.40694566125129,628352.3734137317,628.3523734137317,rebalance,rebalance,12348.966146539724
2017-04-27,2017-04-28,ZION,sell,19710.473012010196,30.647884725053622,604084.3047483689,604.0843047483689,rebalance,rebalance,-11894.834450157563
2017-04-27,2017-04-28,AMAT,buy,21243.82309571132,37.16496591958788,789525.961353865,789.525961353865,rebalance,rebalance,0.0
2017-04-27,2017-04-28,AMD,buy,12728.74527177299,13.729999542236328,174765.66675468598,174.76566675468598,rebalance,rebalance,0.0
2017-04-27,2017-04-28,BAC,buy,8898.413139024604,19.078651242792354,169769.72089373157,169.76972089373157,rebalance,rebalance,0.0
2017-04-27,2017-04-28,CSX,buy,7901.638776374522,15.101659911645415,119327.86154547805,119.32786154547806,rebalance,rebalance,0.0
2017-04-27,2017-04-28,IDXX,buy,4755.607402937707,166.02000427246094,789525.961353865,789.525961353865,rebalance,rebalance,0.0
2017-04-27,2017-04-28,INCY,buy,1965.8117328038434,124.26000213623047,244271.7701176325,244.27177011763249,rebalance,rebalance,0.0
2017-04-27,2017-04-28,JEF,buy,43944.9774959982,17.966238836412245,789525.961353865,789.525961353865,rebalance,rebalance,0.0
2017-04-27,2017-04-28,MAR,buy,8931.907083423914,88.39388430485239,789525.961353865,789.525961353865,rebalance,rebalance,0.0
2017-04-27,2017-04-28,MU,buy,28895.653864185446,27.323346447350634,789525.961353865,789.525961353865,rebalance,rebalance,0.0
2017-04-27,2017-04-28,NRG,buy,16783.564572136056,13.841860492569968,232315.75937554706,232.31575937554706,rebalance,rebalance,0.0
2017-04-27,2017-04-28,RCL,buy,8202.794495038264,96.25085229569463,789525.961353865,789.525961353865,rebalance,rebalance,0.0
2017-04-27,2017-04-28,RF,buy,20311.711821169847,9.661706335080288,196245.79477892187,196.2457947789219,rebalance,rebalance,0.0
2017-04-27,2017-04-28,STX,buy,26732.10405451831,29.534748171849117,789525.961353865,789.525961353865,rebalance,rebalance,0.0
2017-04-27,2017-04-28,URI,buy,2162.457948792905,107.76170565881617,233030.1569773884,233.0301569773884,rebalance,rebalance,0.0
2017-04-27,2017-04-28,WDC,buy,12842.311696942124,61.478492345101586,789525.961353865,789.525961353865,rebalance,rebalance,0.0
2017-05-25,2017-05-26,AMAT,sell,21243.82309571132,40.66492999770204,863878.5790706666,863.8785790706665,rebalance,rebalance,72699.21317637709
2017-05-25,2017-05-26,BAC,sell,41382.6926917665,18.80343832548183,778136.909771999,778.1369097719991,rebalance,rebalance,-6901.218491076846
2017-05-25,2017-05-26,CSX,sell,10123.198915842811,15.784946649523247,159794.15480909037,159.79415480909037,rebalance,rebalance,12380.587855617568
2017-05-25,2017-05-26,IDXX,sell,770.1337355896399,166.97000122070312,128589.23077150683,128.58923077150683,rebalance,rebalance,475.1778617040647
2017-05-25,2017-05-26,INCY,sell,6353.8222097266735,138.4600067138672,879750.2658174736,879.7502658174736,rebalance,rebalance,42698.41081569582
2017-05-25,2017-05-26,JEF,sell,43944.9774959982,16.994537027894687,746824.5472457402,746.8245472457402,rebalance,rebalance,-44237.764616724424
2017-05-25,2017-05-26,MAR,sell,8931.907083423914,98.64212246738255,881062.2723903834,881.0622723903834,rebalance,rebalance,89865.72280277417
2017-05-25,2017-05-26,MU,sell,5580.947345501114,28.542265482471063,159292.88077898495,159.29288077898497,rebalance,rebalance,6490.939914831627
2017-05-25,2017-05-26,NRG,sell,7679.918426313692,13.481905320496095,103539.93309269455,103.53993309269455,rebalance,rebalance,-10730.752208384847
2017-05-25,2017-05-26,RCL,sell,8202.794495038264,99.59137162793954,816927.5549429724,816.9275549429724,rebalance,rebalance,25795.140072810704
2017-05-25,2017-05-26,RF,sell,81717.03154412881,9.962541473018465,814109.3158103414,814.1093158103414,rebalance,rebalance,-23414.95945823121
2017-05-25,2017-05-26,STX,sell,26732.10405451831,29.507080911414977,788786.3572690361,788.7863572690361,rebalance,rebalance,-2317.9164034516434
2017-05-25,2017-05-26,URI,sell,7326.5911719472915,106.8568016084249,782896.099326809,782.8960993268091,rebalance,rebalance,-113551.59553003445
2017-05-25,2017-05-26,WDC,sell,1822.3610856269606,60.386345327074835,110045.72582729264,110.04572582729264,rebalance,rebalance,-2212.3679633154866
2017-05-25,2017-05-26,ALB,buy,6690.674430964308,99.46000959521756,665454.5431021869,665.4545431021869,rebalance,rebalance,0.0
2017-05-25,2017-05-26,AMD,buy,3828.5002014861966,10.850000381469727,41539.22864658216,41.53922864658216,rebalance,rebalance,0.0
2017-05-25,2017-05-26,CNC,buy,17672.409100383797,37.654998779296875,665454.5431021869,665.4545431021869,rebalance,rebalance,0.0
2017-05-25,2017-05-26,FMC,buy,12743.549580187439,52.21893153982605,665454.5431021869,665.4545431021869,rebalance,rebalance,0.0
2017-05-25,2017-05-26,ILMN,buy,3931.310017539848,169.2704315185547,665454.5431021869,665.4545431021869,rebalance,rebalance,0.0
2017-05-25,2017-05-26,ISRG,buy,6556.633136230687,101.49333190917969,665454.5431021869,665.4545431021869,rebalance,rebalance,0.0
2017-05-25,2017-05-26,LRCX,buy,49078.238457920226,13.559055174173556,665454.5431021869,665.4545431021869,rebalance,rebalance,0.0
2017-05-25,2017-05-26,SWKS,buy,7720.615772927501,86.19190006004663,665454.5431021869,665.4545431021869,rebalance,rebalance,0.0
2017-05-25,2017-05-26,VRTX,buy,5634.670209144888,118.0999984741211,665454.5431021869,665.4545431021869,rebalance,rebalance,0.0
2017-05-25,2017-05-26,XRX,buy,38554.3115699108,17.260184814751874,665454.5431021869,665.4545431021869,rebalance,rebalance,0.0
2017-06-23,2017-06-26,ALB,sell,6690.674430964308,93.1948066755679,623536.110122884,623.5361101228841,rebalance,rebalance,-43207.423632527854
2017-06-23,2017-06-26,AMD,sell,61332.21379776996,14.390000343322754,882570.5776066543,882.5705776066543,rebalance,rebalance,49791.75183860011
2017-06-23,2017-06-26,CNC,sell,17672.409100383797,42.07500076293945,743566.6263816264,743.5666263816264,rebalance,rebalance,76703.06210995575
2017-06-23,2017-06-26,FMC,sell,12743.549580187439,52.14958243745002,664570.7893777165,664.5707893777166,rebalance,rebalance,-2213.779056950254
2017-06-23,2017-06-26,ILMN,sell,121.95822372976545,180.23345947265625,21980.952573955827,21.980952573955825,rebalance,rebalance,1294.4065422500648
2017-06-23,2017-06-26,ISRG,sell,68.37893996265757,105.81777954101562,7235.707594216842,7.2357075942168425,rebalance,rebalance,281.5254309455224
2017-06-23,2017-06-26,MU,sell,1617.3830305768388,31.643195646830673,51179.167672406824,51.17916767240683,rebalance,rebalance,6891.4793053350395
2017-06-23,2017-06-26,NRG,sell,1181.5880734344973,14.250898483120936,16838.69168338147,16.83869168338147,rebalance,rebalance,-743.2472940904942
2017-06-23,2017-06-26,VRTX,sell,504.48532718186925,133.8300018310547,67515.27226048979,67.5152722604898,rebalance,rebalance,7808.460901463667
2017-06-23,2017-06-26,WDC,sell,11019.950611315164,63.764519460182406,702681.8552054547,702.6818552054548,rebalance,rebalance,23811.7340998114
2017-06-23,2017-06-26,XRX,sell,38554.3115699108,17.63109708292432,679754.8102544097,679.7548102544097,rebalance,rebalance,12955.057798866343
2017-06-23,2017-06-26,ADSK,buy,6371.312532815218,107.76000213623047,686572.6521467599,686.5726521467599,rebalance,rebalance,0.0
2017-06-23,2017-06-26,ALGN,buy,4468.128568163376,153.66000366210938,686572.6521467599,686.5726521467599,rebalance,rebalance,0.0
2017-06-23,2017-06-26,AMAT,buy,17035.520395491145,40.30241731438258,686572.6521467599,686.5726521467599,rebalance,rebalance,0.0
2017-06-23,2017-06-26,CSX,buy,1772.0001528918801,15.628950966950862,27694.503502976626,27.694503502976627,rebalance,rebalance,0.0
2017-06-23,2017-06-26,IDXX,buy,94.46843585586703,168.27999877929688,15897.148270507389,15.897148270507389,rebalance,rebalance,0.0
2017-06-23,2017-06-26,INCY,buy,5012.5768126443145,136.97000122070312,686572.6521467599,686.5726521467599,rebalance,rebalance,0.0
2017-06-23,2017-06-26,LRCX,buy,1755.0749077519722,13.506352560728478,23704.660474586148,23.70466047458615,rebalance,rebalance,0.0
2017-06-23,2017-06-26,QRVO,buy,9815.19202430806,69.94999694824219,686572.6521467599,686.5726521467599,rebalance,rebalance,0.0
2017-06-23,2017-06-26,SWKS,buy,361.6714808921515,84.9478162041678,30723.20248511567,30.72320248511567,rebalance,rebalance,0.0
2017-06-23,2017-06-26,WYNN,buy,5493.638560193019,124.97594165034353,686572.6521467599,686.5726521467599,rebalance,rebalance,0.0
2017-07-24,2017-07-25,ADSK,sell,6371.312532815218,110.91000366210938,706642.2963469792,706.6422963469793,rebalance,rebalance,18676.429251725684
2017-07-24,2017-07-25,AMAT,sell,17035.520395491145,42.25998125490959,719920.7725810858,719.9207725810858,rebalance,rebalance,31941.6270095981
2017-07-24,2017-07-25,CSX,sell,43929.54163069507,15.004965285533682,659161.2471779863,659.1612471779863,rebalance,rebalance,17549.121036268043
2017-07-24,2017-07-25,ILMN,sell,3809.3517938100827,170.23345947265625,648479.1342086591,648.479134208659,rebalance,rebalance,2375.2225082932755
2017-07-24,2017-07-25,INCY,sell,5012.5768126443145,134.1300048828125,672336.9523554547,672.3369523554547,rebalance,rebalance,-15594.609395807387
2017-07-24,2017-07-25,NRG,sell,48177.49933170537,20.75461024482203,999905.2211997187,999.9052211997187,rebalance,rebalance,282714.4316035934
2017-07-24,2017-07-25,QRVO,sell,9815.19202430806,69.19999694824219,679211.2581285288,679.2112581285288,rebalance,rebalance,-8727.177928506302
2017-07-24,2017-07-25,SWKS,sell,8082.2872538196525,86.50902557373047,699190.7947349201,699.1907947349201,rebalance,rebalance,1617.6806072953727
2017-07-24,2017-07-25,VRTX,sell,590.890966943397,166.94000244140625,98643.33946413558,98.6433394641356,rebalance,rebalance,28690.689607989956
2017-07-24,2017-07-25,ALGN,buy,215.07858027767998,161.80999755859375,34801.864549637205,34.80186454963721,rebalance,rebalance,0.0
2017-07-24,2017-07-25,AMD,buy,53029.37293761695,14.289999961853027,757789.7372556361,757.7897372556362,rebalance,rebalance,0.0
2017-07-24,2017-07-25,COO,buy,12101.460918222792,62.619690496585456,757789.7372556361,757.7897372556362,rebalance,rebalance,0.0
2017-07-24,2017-07-25,HAS,buy,9713.235064826607,78.0162049202053,757789.7372556361,757.7897372556362,rebalance,rebalance,0.0
2017-07-24,2017-07-25,HRB,buy,36435.51305093585,20.79810804904179,757789.7372556361,757.7897372556362,rebalance,rebalance,0.0
2017-07-24,2017-07-25,IDXX,buy,363.00904655383374,170.55999755859375,61914.82209396933,61.91482209396933,rebalance,rebalance,0.0
2017-07-24,2017-07-25,ISRG,buy,677.7566491400739,105.7477798461914,71671.26092255693,71.67126092255694,rebalance,rebalance,0.0
2017-07-24,2017-07-25,LRCX,buy,1299.4559529685648,14.535766028924122,18888.587697243685,18.888587697243686,rebalance,rebalance,0.0
2017-07-24,2017-07-25,MTD,buy,1225.93909253653,618.1300048828125,757789.737255636,757.789737255636,rebalance,rebalance,0.0
2017-07-24,2017-07-25,MU,buy,3533.549361844849,30.034225996151676,106127.42010220572,106.12742010220573,rebalance,rebalance,0.0
2017-07-24,2017-07-25,RCL,buy,7153.876403712744,105.92714977048747,757789.7372556361,757.7897372556362,rebalance,rebalance,0.0
2017-07-24,2017-07-25,REGN,buy,1459.8943250527127,519.0716370709055,757789.7372556361,757.7897372556362,rebalance,rebalance,0.0
2017-07-24,2017-07-25,TPR,buy,19791.88178441242,38.28790741123221,757789.7372556361,757.7897372556362,rebalance,rebalance,0.0
2017-07-24,2017-07-25,WYNN,buy,544.1272818229518,125.5083017599462,68292.49108285432,68.29249108285433,rebalance,rebalance,0.0
2017-08-21,2017-08-22,ALGN,sell,454.34261273806624,167.97000122070312,76315.92921623043,76.31592921623043,rebalance,rebalance,6185.284391827481
2017-08-21,2017-08-22,AMD,sell,53029.37293761695,12.199999809265137,646958.3397243766,646.9583397243766,rebalance,rebalance,-112236.14560823952
2017-08-21,2017-08-22,COO,sell,12101.460918222792,61.76814689264843,747484.8156124296,747.4848156124297,rebalance,rebalance,-11810.19619607443
2017-08-21,2017-08-22,HAS,sell,9713.235064826607,69.38602620961203,673962.7827881816,673.9627827881816,rebalance,rebalance,-85258.70698749843
2017-08-21,2017-08-22,HRB,sell,2167.4934363404027,20.728433951335738,44928.74453513577,44.92874453513577,rebalance,rebalance,-241.02665668053456
2017-08-21,2017-08-22,IDXX,sell,4442.951149757768,151.0,670885.623613423,670.885623613423,rebalance,rebalance,-70005.06798121912
2017-08-21,2017-08-22,ISRG,sell,7166.010845408104,109.21111297607422,782608.0200256376,782.6080200256376,rebalance,rebalance,50909.428632520416
2017-08-21,2017-08-22,LRCX,sell,1770.772087417623,14.104333034350706,24975.559248870537,24.97555924887054,rebalance,rebalance,876.5689573500853
2017-08-21,2017-08-22,MTD,sell,5.013315106182745,581.7899780273438,2916.6964854702096,2.9166964854702098,rebalance,rebalance,-188.19958257014207
2017-08-21,2017-08-22,MU,sell,827.7483328887138,29.10784562556872,24093.97069054655,24.093970690546552,rebalance,rebalance,1115.832353441383
2017-08-21,2017-08-22,RCL,sell,7153.876403712744,109.10953725998633,780556.1440242326,780.5561440242327,rebalance,rebalance,21228.06088731665
2017-08-21,2017-08-22,TPR,sell,19791.88178441242,32.25403054233956,638367.9595648121,638.3679595648122,rebalance,rebalance,-120817.93538764441
2017-08-21,2017-08-22,WYNN,sell,292.1139600473316,123.62781383491003,36113.410271309855,36.11341027130985,rebalance,rebalance,-480.4562404116297
2017-08-21,2017-08-22,AMAT,buy,17926.76997272733,39.62355640781131,710322.3812242192,710.3223812242193,rebalance,rebalance,0.0
2017-08-21,2017-08-22,EXPE,buy,5096.524862726501,139.3738675581024,710322.3812242193,710.3223812242194,rebalance,rebalance,0.0
2017-08-21,2017-08-22,FMC,buy,12189.619454004074,58.27272819340484,710322.3812242193,710.3223812242194,rebalance,rebalance,0.0
2017-08-21,2017-08-22,NFLX,buy,42341.584444157066,16.775999069213867,710322.3812242193,710.3223812242194,rebalance,rebalance,0.0
2017-08-21,2017-08-22,NRG,buy,33574.326026765346,21.15671303894388,710322.3812242193,710.3223812242194,rebalance,rebalance,0.0
2017-08-21,2017-08-22,PVH,buy,5979.457681710291,118.79378014446411,710322.3812242193,710.3223812242194,rebalance,rebalance,0.0
2017-08-21,2017-08-22,PYPL,buy,11997.221521609164,59.207240605235164,710322.3812242193,710.3223812242194,rebalance,rebalance,0.0
2017-08-21,2017-08-22,REGN,buy,65.6918677168535,465.60619425552886,30586.540521181792,30.586540521181792,rebalance,rebalance,0.0
2017-08-21,2017-08-22,VRTX,buy,221.89899067253737,149.19000244140625,33105.11096018143,33.105110960181435,rebalance,rebalance,0.0
2017-09-19,2017-09-20,AMAT,sell,17926.76997272733,43.938373474080166,787673.1142456193,787.6731142456193,rebalance,rebalance,75852.73752593028
2017-09-19,2017-09-20,EXPE,sell,5096.524862726501,135.8923595572331,692578.7891380078,692.5787891380078,rebalance,rebalance,-19146.49325657371
2017-09-19,2017-09-20,MTD,sell,1220.9257774303474,632.0,771625.0913359795,771.6250913359795,rebalance,rebalance,15407.918623306732
2017-09-19,2017-09-20,MU,sell,24403.12451706363,35.13418944057273,857383.9997243985,857.3839997243984,rebalance,rebalance,179810.78243633572
2017-09-19,2017-09-20,NFLX,sell,42341.584444157066,18.610000610351562,787976.9123490152,787.9769123490153,rebalance,rebalance,76156.23183122285
2017-09-19,2017-09-20,WYNN,sell,5745.651881968639,133.47417192485455,766896.1271142461,766.8961271142462,rebalance,rebalance,47066.97571573824
2017-09-19,2017-09-20,ADSK,buy,7656.9077602615125,113.06999969482422,865766.5581160664,865.7665581160664,rebalance,rebalance,0.0
2017-09-19,2017-09-20,ALGN,buy,380.444678353173,187.8300018310547,71458.9246316915,71.4589246316915,rebalance,rebalance,0.0
2017-09-19,2017-09-20,BA,buy,3606.3918784974585,240.06447088516992,865766.5581160664,865.7665581160664,rebalance,rebalance,0.0
2017-09-19,2017-09-20,BBY,buy,22880.455645661837,37.83869392829232,865766.5581160664,865.7665581160664,rebalance,rebalance,0.0
2017-09-19,2017-09-20,COO,buy,14659.428855217157,59.058682754065686,865766.5581160664,865.7665581160664,rebalance,rebalance,0.0
2017-09-19,2017-09-20,DXC,buy,12415.459679429483,69.73294428642937,865766.5581160664,865.7665581160664,rebalance,rebalance,0.0
2017-09-19,2017-09-20,FMC,buy,1224.0567327384251,64.54357076039697,79004.99234424287,79.00499234424286,rebalance,rebalance,0.0
2017-09-19,2017-09-20,HRB,buy,12992.670390407453,18.318957214217956,238012.17298031063,238.01217298031062,rebalance,rebalance,0.0
2017-09-19,2017-09-20,ISRG,buy,7453.795100220916,116.15110778808594,865766.5581160664,865.7665581160664,rebalance,rebalance,0.0
2017-09-19,2017-09-20,LRCX,buy,4578.048813648842,15.758387923609607,72142.6691386992,72.1426691386992,rebalance,rebalance,0.0
2017-09-19,2017-09-20,NRG,buy,9271.437924037651,20.206584695517854,187344.09566130303,187.34409566130304,rebalance,rebalance,0.0
2017-09-19,2017-09-20,PVH,buy,888.1047047055608,126.06606382325212,111959.86438514171,111.95986438514171,rebalance,rebalance,0.0
2017-09-19,2017-09-20,PYPL,buy,1649.6678170234045,63.440578774621834,104655.88109783173,104.65588109783174,rebalance,rebalance,0.0
2017-09-19,2017-09-20,REGN,buy,499.1022126141029,427.60483826251163,213418.52090131515,213.41852090131516,rebalance,rebalance,0.0
2017-09-19,2017-09-20,VRTX,buy,886.707127156149,153.2899932861328,135923.3295685322,135.9233295685322,rebalance,rebalance,0.0
2017-10-17,2017-10-18,ADSK,sell,7656.9077602615125,118.5,907343.5695909893,907.3435695909893,rebalance,rebalance,39803.90134721583
2017-10-17,2017-10-18,ALGN,sell,27.972152467463275,194.72000122070312,5446.737562610143,5.446737562610143,rebalance,rebalance,1050.2066405777102
2017-10-17,2017-10-18,BBY,sell,22880.455645661837,39.380774471309735,901050.0635826144,901.0500635826145,rebalance,rebalance,33516.68884484949
2017-10-17,2017-10-18,COO,sell,14659.428855217157,59.07116850890713,865949.5921508681,865.9495921508682,rebalance,rebalance,-1548.6821154649858
2017-10-17,2017-10-18,DXC,sell,12415.459679429483,76.22413868179176,946357.7204030268,946.3577204030269,rebalance,rebalance,78779.03800844125
2017-10-17,2017-10-18,FMC,sell,13413.6761867425,65.83608017078568,883103.8608153379,883.1038608153378,rebalance,rebalance,92104.05601249196
2017-10-17,2017-10-18,HRB,sell,47260.6900050029,17.580577859583194,830870.2403305788,830.8702403305788,rebalance,rebalance,-121633.49960865334
2017-10-17,2017-10-18,ISRG,sell,7453.795100220916,119.08999633789062,887672.431188696,887.672431188696,rebalance,rebalance,20152.434083324886
2017-10-17,2017-10-18,LRCX,sell,3980.372403532725,17.505566548631446,69678.67399837822,69.67867399837822,rebalance,rebalance,14772.301515255866
2017-10-17,2017-10-18,NRG,sell,794.4879991203197,21.214052083699205,16854.30979321243,16.85430979321243,rebalance,rebalance,175.40158327201652
2017-10-17,2017-10-18,PVH,sell,6867.5623864158515,123.07626342569831,845233.9173629347,845.2339173629347,rebalance,rebalance,21284.155590601298
2017-10-17,2017-10-18,PYPL,sell,296.6842531944276,66.82129244576522,19824.8252467583,19.8248252467583,rebalance,rebalance,2069.60282737463
2017-10-17,2017-10-18,REGN,sell,2024.688405383669,439.05672409871175,888953.0585883983,888.9530585883983,rebalance,rebalance,-114732.48794700134
2017-10-17,2017-10-18,ABBV,buy,13920.876488772532,64.08202521906455,892077.9582250041,892.0779582250042,rebalance,rebalance,0.0
2017-10-17,2017-10-18,APTV,buy,11150.197775977751,80.0055726497442,892077.9582250041,892.0779582250042,rebalance,rebalance,0.0
2017-10-17,2017-10-18,BA,buy,34.69843211629086,245.0029749673069,8501.219095192408,8.501219095192408,rebalance,rebalance,0.0
2017-10-17,2017-10-18,CAT,buy,8240.349354477008,108.25729830742375,892077.9582250043,892.0779582250043,rebalance,rebalance,0.0
2017-10-17,2017-10-18,CF,buy,30156.08730199009,29.58201935455112,892077.9582250041,892.0779582250042,rebalance,rebalance,0.0
2017-10-17,2017-10-18,CNC,buy,19110.49598099708,46.68000030517578,892077.9582250041,892.0779582250042,rebalance,rebalance,0.0
2017-10-17,2017-10-18,MU,buy,22291.007800080744,40.01963330800022,892077.9582250041,892.0779582250042,rebalance,rebalance,0.0
2017-10-17,2017-10-18,NFLX,buy,44606.12699245596,19.999000549316406,892077.9582250041,892.0779582250042,rebalance,rebalance,0.0
2017-10-17,2017-10-18,PRGO,buy,13223.925905361824,67.45938873291016,892077.9582250041,892.0779582250042,rebalance,rebalance,0.0
2017-10-17,2017-10-18,VRTX,buy,96.69393194945769,155.2899932861328,15015.600043241067,15.015600043241069,rebalance,rebalance,0.0
2017-10-17,2017-10-18,XYL,buy,15711.895074696411,56.777234953769,892077.9582250041,892.0779582250042,rebalance,rebalance,0.0
2017-11-14,2017-11-15,ALGN,sell,887.9060159177047,252.24000549316406,223965.41833249526,223.96541833249526,rebalance,rebalance,84357.46849155024
2017-11-14,2017-11-15,APTV,sell,11150.197775977751,81.75171464584967,911547.7868265208,911.5477868265208,rebalance,rebalance,17666.202856465192
2017-11-14,2017-11-15,CAT,sell,8240.349354477008,113.89334936048205,938520.9878818726,938.5209878818725,rebalance,rebalance,44612.43071076165
2017-11-14,2017-11-15,CNC,sell,19110.49598099708,46.400001525878906,886727.0426785671,886.7270426785672,rebalance,rebalance,-7129.7205473405365
2017-11-14,2017-11-15,LRCX,sell,50959.67364133926,18.653180122684752,950559.9714251315,950.5599714251316,rebalance,rebalance,247549.46912197332
2017-11-14,2017-11-15,MU,sell,1149.5020931897197,44.06644825420412,50654.4745076441,50.6544745076441,rebalance,rebalance,4555.165124648946
2017-11-14,2017-11-15,NFLX,sell,44606.12699245596,19.45400047302246,867767.6156109382,867.7676156109382,rebalance,rebalance,-26070.188187901815
2017-11-14,2017-11-15,NRG,sell,2700.616519004332,23.675106864283222,63937.384686876125,63.93738468687613,rebalance,rebalance,7235.942326530728
2017-11-14,2017-11-15,PRGO,sell,13223.925905361824,65.36437225341797,864373.6155296875,864.3736155296875,rebalance,rebalance,-29460.79426907122
2017-11-14,2017-11-15,PYPL,sell,702.8377997312436,73.6620552090342,51772.476806798986,51.772476806798984,rebalance,rebalance,9705.977602135967
2017-11-14,2017-11-15,XYL,sell,15711.895074696411,59.276811257380096,931351.0388385392,931.3510388385391,rebalance,rebalance,37449.651616471536
2017-11-14,2017-11-15,ABBV,buy,266.9443701004893,65.66414085120303,17528.672717714202,17.5286727177142,rebalance,rebalance,0.0
2017-11-14,2017-11-15,BA,buy,98.4273020515061,249.13134894547957,24521.326533155883,24.521326533155882,rebalance,rebalance,0.0
2017-11-14,2017-11-15,BIIB,buy,3008.2697533154633,309.69000244140625,931631.0672486743,931.6310672486744,rebalance,rebalance,0.0
2017-11-14,2017-11-15,CF,buy,2783.7241679661165,28.2828293689051,78731.595652683,78.731595652683,rebalance,rebalance,0.0
2017-11-14,2017-11-15,CPRI,buy,17044.110315576276,54.65999984741211,931631.0672486743,931.6310672486744,rebalance,rebalance,0.0
2017-11-14,2017-11-15,FCX,buy,76115.89459847544,12.239638936955153,931631.0672486743,931.6310672486744,rebalance,rebalance,0.0
2017-11-14,2017-11-15,GM,buy,25149.42566476761,37.043830728660225,931631.0672486745,931.6310672486745,rebalance,rebalance,0.0
2017-11-14,2017-11-15,NVDA,buy,178131.25092092762,5.23002596362064,931631.0672486745,931.6310672486745,rebalance,rebalance,0.0
2017-11-14,2017-11-15,TROW,buy,13857.461068556124,67.22956410555123,931631.0672486745,931.6310672486745,rebalance,rebalance,0.0
2017-11-14,2017-11-15,URI,buy,6721.9127366203265,138.59612639319744,931631.0672486745,931.6310672486745,rebalance,rebalance,0.0
2017-11-14,2017-11-15,VRTX,buy,580.5544479585715,147.2899932861328,85509.86074205254,85.50986074205254,rebalance,rebalance,0.0
2017-12-13,2017-12-14,ABBV,sell,2383.794659334577,67.53766477847793,160995.92460286466,160.99592460286468,rebalance,rebalance,7852.750093162748
2017-12-13,2017-12-14,ALGN,sell,312.67377178693505,235.80999755859375,73731.60136171346,73.73160136171346,rebalance,rebalance,24574.16568040437
2017-12-13,2017-12-14,BA,sell,887.8398560642036,279.5604666955813,248204.92451224645,248.20492451224646,rebalance,rebalance,34351.957683777095
2017-12-13,2017-12-14,BIIB,sell,3008.2697533154633,332.0,998745.5581007338,998.7455581007338,rebalance,rebalance,65184.114226710146
2017-12-13,2017-12-14,CF,sell,8843.00537751737,33.083901718865185,292561.12080918095,292.561120809181,rebalance,rebalance,31384.887435752935
2017-12-13,2017-12-14,CPRI,sell,4142.081626651883,61.790000915527344,255939.22750300885,255.93922750300885,rebalance,rebalance,29050.701013664657
2017-12-13,2017-12-14,FCX,sell,76115.89459847544,14.698370189731568,1118779.5961309816,1118.7795961309816,rebalance,rebalance,185098.11821892753
2017-12-13,2017-12-14,GM,sell,25149.42566476761,36.19983121823745,910404.9643001966,910.4049643001966,rebalance,rebalance,-23068.138980026637
2017-12-13,2017-12-14,MU,sell,1809.6853320791815,41.23855638238402,74628.81060132067,74.62881060132067,rebalance,rebalance,2058.8154546512214
2017-12-13,2017-12-14,NRG,sell,4803.921442006147,23.076458469568124,110857.49364752267,110.85749364752267,rebalance,rebalance,9998.483774725988
2017-12-13,2017-12-14,NVDA,sell,178131.25092092762,4.590902913340465,817783.278809868,817.7832788098681,rebalance,rebalance,-115597.20278486477
2017-12-13,2017-12-14,PYPL,sell,1853.8018614281482,73.86033559472033,136922.42761120026,136.92242761120025,rebalance,rebalance,25967.64842449351
2017-12-13,2017-12-14,TROW,sell,13857.461068556124,73.82874249771825,1023078.9249025857,1023.0789249025858,rebalance,rebalance,89493.14766176009
2017-12-13,2017-12-14,URI,sell,1666.8093550763488,157.70525433988354,262864.5932784128,262.8645932784128,rebalance,rebalance,31357.395315559355
2017-12-13,2017-12-14,VRTX,sell,6325.148412756337,145.57000732421875,920751.9007717106,920.7519007717106,rebalance,rebalance,113380.9986137758
2017-12-13,2017-12-14,ADBE,buy,4472.21131531128,178.25999450683594,797216.3645007982,797.2163645007981,rebalance,rebalance,0.0
2017-12-13,2017-12-14,ALB,buy,6881.891345084799,115.84262588949302,797216.3645007983,797.2163645007982,rebalance,rebalance,0.0
2017-12-13,2017-12-14,AMAT,buy,17179.039732581594,46.40634033745238,797216.3645007983,797.2163645007982,rebalance,rebalance,0.0
2017-12-13,2017-12-14,DHI,buy,17547.039321879514,45.43309842058336,797216.3645007983,797.2163645007982,rebalance,rebalance,0.0
2017-12-13,2017-12-14,LRCX,buy,49367.58759187897,16.14857851858942,797216.3645007983,797.2163645007982,rebalance,rebalance,0.0
2017-12-13,2017-12-14,PHM,buy,26271.566507298474,30.345216159048775,797216.3645007983,797.2163645007982,rebalance,rebalance,0.0
2018-01-12,2018-01-16,ABBV,sell,11804.026199538444,70.06983192597093,827106.1318514162,827.1061318514162,rebalance,rebalance,68744.96673100287
2018-01-12,2018-01-16,ADBE,sell,4472.21131531128,195.9199981689453,876195.6327069224,876.1956327069224,rebalance,rebalance,77305.85620891655
2018-01-12,2018-01-16,ALB,sell,6881.891345084799,119.50504442601414,822420.7309293611,822.4207309293611,rebalance,rebalance,23584.729333132702
2018-01-12,2018-01-16,AMAT,sell,17179.039732581594,49.88225257892531,856929.1990040286,856.9291990040286,rebalance,rebalance,58058.688939725515
2018-01-12,2018-01-16,LRCX,sell,49367.58759187897,17.117678484365577,845058.4919465396,845.0584919465397,rebalance,rebalance,46199.85258929397
2018-01-12,2018-01-16,MU,sell,19331.820374811843,42.06741373678044,813239.6859923317,813.2396859923317,rebalance,rebalance,38000.43136766588
2018-01-12,2018-01-16,NRG,sell,34546.7379906722,23.61769713614964,815914.3949056107,815.9143949056107,rebalance,rebalance,90582.04840325228
2018-01-12,2018-01-16,PYPL,sell,10793.56542427875,80.25495562563,866237.1141678253,866.2371141678253,rebalance,rebalance,220145.61755037302
2018-01-12,2018-01-16,ALGN,buy,521.2417399213728,262.1199951171875,136627.88232306455,136.62788232306454,rebalance,rebalance,0.0
2018-01-12,2018-01-16,AZO,buy,1296.2485944032942,789.0399780273438,1022791.9624459505,1022.7919624459505,rebalance,rebalance,0.0
2018-01-12,2018-01-16,BA,buy,305.8454018782286,323.9222362310544,99070.12651738133,99.07012651738133,rebalance,rebalance,0.0
2018-01-12,2018-01-16,BF.B,buy,23054.98813754958,44.36315283893522,1022791.9624459505,1022.7919624459505,rebalance,rebalance,0.0
2018-01-12,2018-01-16,CBOE,buy,8640.009681958189,118.37856670250198,1022791.9624459504,1022.7919624459504,rebalance,rebalance,0.0
2018-01-12,2018-01-16,CF,buy,5471.963999521911,34.5902774875317,189276.7531452467,189.27675314524672,rebalance,rebalance,0.0
2018-01-12,2018-01-16,CPRI,buy,2830.8113177973173,65.01000213623047,184031.049817269,184.031049817269,rebalance,rebalance,0.0
2018-01-12,2018-01-16,DHI,buy,4125.133314846651,47.19378991623127,194680.67503731954,194.68067503731953,rebalance,rebalance,0.0
2018-01-12,2018-01-16,DLTR,buy,8856.108592645593,115.48999786376953,1022791.9624459505,1022.7919624459505,rebalance,rebalance,0.0
2018-01-12,2018-01-16,ORLY,buy,59039.0208716027,17.323999404907227,1022791.9624459505,1022.7919624459505,rebalance,rebalance,0.0
2018-01-12,2018-01-16,PHM,buy,6167.269916879057,31.52985973577142,194453.15543183932,194.45315543183932,rebalance,rebalance,0.0
2018-01-12,2018-01-16,RL,buy,11220.943024248414,91.15026787282504,1022791.9624459505,1022.7919624459505,rebalance,rebalance,0.0
2018-01-12,2018-01-16,ROST,buy,13225.115644579128,77.337090270752,1022791.9624459505,1022.7919624459505,rebalance,rebalance,0.0
2018-01-12,2018-01-16,TSN,buy,16330.403216590763,62.63115177749266,1022791.9624459505,1022.7919624459505,rebalance,rebalance,0.0
2018-01-12,2018-01-16,URI,buy,784.1340303298857,175.15848223025537,137347.72661767583,137.34772661767582,rebalance,rebalance,0.0
2018-02-12,2018-02-13,ALGN,sell,1584.1308082601813,230.75999450683594,365554.016612229,365.554016612229,rebalance,rebalance,94206.34334153488
2018-02-12,2018-02-13,AZO,sell,561.8984582944003,728.3599853515625,409264.3528523749,409.2643528523749,rebalance,rebalance,-34948.61903387554
2018-02-12,2018-02-13,BA,sell,3157.5231584792805,326.04802037777984,1029504.1751191642,1029.5041751191643,rebalance,rebalance,243222.3433559446
2018-02-12,2018-02-13,BF.B,sell,23054.98813754958,44.38328165489032,1023256.0320590182,1023.2560320590181,rebalance,rebalance,-1581.9783814372431
2018-02-12,2018-02-13,CBOE,sell,8640.009681958189,99.13823443478375,856555.3053687724,856.5553053687723,rebalance,rebalance,-168116.00434499266
2018-02-12,2018-02-13,CF,sell,29568.77009196075,30.900868967166527,913700.6901319516,913.7006901319517,rebalance,rebalance,12424.268364481857
2018-02-12,2018-02-13,CPRI,sell,15732.84000672171,60.880001068115234,957815.3164137038,957.8153164137038,rebalance,rebalance,66712.3091761221
2018-02-12,2018-02-13,DHI,sell,21672.172636726165,40.632035409795186,880584.4859826518,880.5844859826518,rebalance,rebalance,-113185.0350809867
2018-02-12,2018-02-13,DLTR,sell,3699.7291742558446,103.7300033569336,383772.9196653039,383.7729196653039,rebalance,rebalance,-44319.849400126
2018-02-12,2018-02-13,ORLY,sell,59039.0208716027,16.472667694091797,972530.171802461,972.530171802461,rebalance,rebalance,-52257.11277773765
2018-02-12,2018-02-13,PHM,sell,32438.83642417753,26.499666794278994,859618.3564348252,859.6183564348253,rebalance,rebalance,-133902.45137417977
2018-02-12,2018-02-13,RL,sell,11220.943024248414,88.0673508795481,988198.7265159027,988.1987265159026,rebalance,rebalance,-36604.22661900956
2018-02-12,2018-02-13,ROST,sell,5685.81819760764,70.94444252150419,403377.2023078978,403.3772023078978,rebalance,rebalance,-37190.53474108808
2018-02-12,2018-02-13,TSN,sell,16330.403216590763,58.46569761742841,954768.4164318758,954.7684164318758,rebalance,rebalance,-70001.10639295237
2018-02-12,2018-02-13,URI,sell,2473.94243601739,158.93740614611835,393201.9937354133,393.2019937354133,rebalance,rebalance,37428.238157966
2018-02-12,2018-02-13,CAT,buy,4218.067937845625,126.80479837230335,534871.2543791919,534.8712543791919,rebalance,rebalance,0.0
2018-02-12,2018-02-13,CHRW,buy,7158.672588601106,74.71654105691016,534871.2543791919,534.8712543791919,rebalance,rebalance,0.0
2018-02-12,2018-02-13,FLR,buy,10135.083598117915,52.77423212162922,534871.2543791919,534.8712543791919,rebalance,rebalance,0.0
2018-02-12,2018-02-13,GWW,buy,2238.4450917077784,238.94767683183252,534871.2543791919,534.8712543791919,rebalance,rebalance,0.0
2018-02-12,2018-02-13,HP,buy,12464.178888146174,42.912674728045765,534871.2543791919,534.8712543791919,rebalance,rebalance,0.0
2018-02-12,2018-02-13,KSS,buy,13595.882673700222,39.34067888169137,534871.2543791919,534.8712543791919,rebalance,rebalance,0.0
2018-02-12,2018-02-13,MU,buy,13044.20189599223,41.004521291833775,534871.2543791919,534.8712543791919,rebalance,rebalance,0.0
2018-02-12,2018-02-13,NTAP,buy,11161.058714927995,47.9229854479484,534871.2543791919,534.8712543791919,rebalance,rebalance,0.0
2018-02-12,2018-02-13,STX,buy,14935.224291262211,35.81273665184366,534871.2543791919,534.8712543791919,rebalance,rebalance,0.0
2018-02-12,2018-02-13,TSCO,buy,46327.06942969744,11.545544774656495,534871.2543791919,534.8712543791919,rebalance,rebalance,0.0
2018-03-13,2018-03-14,ALGN,sell,2317.8682055452514,271.2900085449219,628814.485288374,628.814485288374,rebalance,rebalance,231690.10666457957
2018-03-13,2018-03-14,CAT,sell,4218.067937845625,129.7810589321251,547425.3236212505,547.4253236212504,rebalance,rebalance,11471.77266405816
2018-03-13,2018-03-14,CHRW,sell,7158.672588601106,75.90544875877389,543382.2553549005,543.3822553549005,rebalance,rebalance,7432.7474659745685
2018-03-13,2018-03-14,DLTR,sell,5156.379418389748,94.4000015258789,486762.2249640028,486.7622249640028,rebalance,rebalance,-109830.29552359295
2018-03-13,2018-03-14,MU,sell,13044.20189599223,57.845135163092934,754543.6217683436,754.5436217683437,rebalance,rebalance,218382.95251300425
2018-03-13,2018-03-14,ROST,sell,7539.297446971487,71.21120656850442,536882.4678776846,536.8824678776847,rebalance,rebalance,-47304.809151911526
2018-03-13,2018-03-14,TSCO,sell,46327.06942969744,11.018426715791195,510451.4194684918,510.4514194684918,rebalance,rebalance,-25465.15758454773
2018-03-13,2018-03-14,URI,sell,3365.2949758564737,180.89602985438097,608768.5004213309,608.7685004213309,rebalance,rebalance,124736.84621397991
2018-03-13,2018-03-14,AKAM,buy,11084.378672071829,73.12000274658203,810489.7989460474,810.4897989460475,rebalance,rebalance,0.0
2018-03-13,2018-03-14,AMZN,buy,10150.154219586144,79.8499984741211,810489.7989460473,810.4897989460474,rebalance,rebalance,0.0
2018-03-13,2018-03-14,AZO,buy,510.31687898272924,651.1699829101562,332303.03336594807,332.30303336594807,rebalance,rebalance,0.0
2018-03-13,2018-03-14,BA,buy,2490.6271743574503,325.41594634899275,810489.7989460474,810.4897989460475,rebalance,rebalance,0.0
2018-03-13,2018-03-14,CPRI,buy,13024.10099482577,62.22999954223633,810489.7989460474,810.4897989460475,rebalance,rebalance,0.0
2018-03-13,2018-03-14,DE,buy,5653.180005939595,143.3688292420363,810489.7989460474,810.4897989460475,rebalance,rebalance,0.0
2018-03-13,2018-03-14,FLR,buy,4579.783739130982,55.07965382021427,252252.90292278098,252.25290292278098,rebalance,rebalance,0.0
2018-03-13,2018-03-14,GWW,buy,1013.3801363195334,249.2415004227405,252576.38567488184,252.57638567488183,rebalance,rebalance,0.0
2018-03-13,2018-03-14,HP,buy,6155.657045421156,43.5282997034855,267945.28474496416,267.94528474496417,rebalance,rebalance,0.0
2018-03-13,2018-03-14,KSS,buy,5845.922776243226,41.687990399492705,243704.77257220334,243.70477257220335,rebalance,rebalance,0.0
2018-03-13,2018-03-14,NFLX,buy,25474.28335852257,31.81599998474121,810489.7989460474,810.4897989460475,rebalance,rebalance,0.0
2018-03-13,2018-03-14,NTAP,buy,4284.245937435962,52.474834079883244,224815.09472436598,224.815094724366,rebalance,rebalance,0.0
2018-03-13,2018-03-14,NVDA,buy,131498.92257104756,6.163471023940503,810489.7989460474,810.4897989460475,rebalance,rebalance,0.0
2018-03-13,2018-03-14,RF,buy,57192.56206636748,14.171244820358591,810489.7989460474,810.4897989460475,rebalance,rebalance,0.0
2018-03-13,2018-03-14,STX,buy,3677.0308173448557,43.54602890496831,160120.09025655832,160.1200902565583,rebalance,rebalance,0.0
2018-04-11,2018-04-12,AKAM,sell,4778.418047577316,72.12999725341797,344667.2806474347,344.6672806474347,rebalance,rebalance,-5424.725337146421
2018-04-11,2018-04-12,AMZN,sell,3830.6136545593336,71.9749984741211,275708.41194185545,275.70841194185545,rebalance,rebalance,-30747.6654360681
2018-04-11,2018-04-12,AZO,sell,1244.6670150916232,618.2999877929688,769577.6002374615,769.5776002374615,rebalance,rebalance,-143838.36063708822
2018-04-11,2018-04-12,BA,sell,2490.6271743574503,317.93627946834783,791860.7373579718,791.8607373579719,rebalance,rebalance,-20231.41212437964
2018-04-11,2018-04-12,CPRI,sell,13024.10099482577,65.16999816894531,848780.6379849543,848.7806379849543,rebalance,rebalance,36631.56860197593
2018-04-11,2018-04-12,DE,sell,5653.180005939595,129.0748849407338,729683.55881591,729.68355881591,rebalance,rebalance,-82346.41348789932
2018-04-11,2018-04-12,FLR,sell,6606.103930940137,56.09350029513385,370559.49279987544,370.55949279987544,rebalance,rebalance,16463.43280566698
2018-04-11,2018-04-12,GWW,sell,1440.7988931235009,251.15533317140273,361864.3260354211,361.86432603542113,rebalance,rebalance,12256.065537055385
2018-04-11,2018-04-12,HP,sell,18619.83593356733,47.87110193584402,891352.0640044931,891.3520640044931,rebalance,rebalance,86841.35627720824
2018-04-11,2018-04-12,KSS,sell,8431.451835863205,41.31101856195444,348311.8632955697,348.3118632955697,rebalance,rebalance,9975.867367195091
2018-04-11,2018-04-12,NFLX,sell,10788.472925478221,30.972000122070312,334140.5847648637,334.1405847648637,rebalance,rebalance,-9782.856306729536
2018-04-11,2018-04-12,NTAP,sell,7037.217836678605,54.096601580805135,380689.5695481379,380.6895695481379,rebalance,rebalance,33833.07228385805
2018-04-11,2018-04-12,NVDA,sell,131498.92257104756,5.682894984599744,747294.5675592762,747.2945675592763,rebalance,rebalance,-64753.01575327643
2018-04-11,2018-04-12,RF,sell,57192.56206636748,13.30610183077416,761010.0548179571,761.0100548179571,rebalance,rebalance,-51051.24398185419
2018-04-11,2018-04-12,STX,sell,8097.110279760274,43.256553278956105,350253.08222203347,350.25308222203347,rebalance,rebalance,47250.14413816481
2018-04-11,2018-04-12,ADBE,buy,2015.1024280750896,225.72000122070312,454848.92252495105,454.84892252495104,rebalance,rebalance,0.0
2018-04-11,2018-04-12,ALGN,buy,1751.9795511884242,259.6199951171875,454848.92252495105,454.84892252495104,rebalance,rebalance,0.0
2018-04-11,2018-04-12,CSCO,buy,13490.887461046232,33.71527068462233,454848.92252495105,454.84892252495104,rebalance,rebalance,0.0
2018-04-11,2018-04-12,HCA,buy,5061.402599385938,89.86618108192667,454848.92252495105,454.84892252495104,rebalance,rebalance,0.0
2018-04-11,2018-04-12,M,buy,21940.061368208186,20.731433467366728,454848.922524951,454.848922524951,rebalance,rebalance,0.0
2018-04-11,2018-04-12,MU,buy,9124.534022972894,49.84900285097028,454848.9225249511,454.8489225249511,rebalance,rebalance,0.0
2018-04-11,2018-04-12,NKTR,buy,293.5456098902556,1549.5,454848.92252495105,454.84892252495104,rebalance,rebalance,0.0
2018-05-09,2018-05-10,ADBE,sell,2015.1024280750896,240.4600067138672,484551.54338406614,484.5515433840662,rebalance,rebalance,28763.22039320609
2018-05-09,2018-05-10,ALGN,sell,1751.9795511884242,268.010009765625,469548.0566231849,469.5480566231849,rebalance,rebalance,13774.737119085794
2018-05-09,2018-05-10,AMZN,sell,6319.54056502681,80.42400360107422,508242.75315885077,508.2427531588508,rebalance,rebalance,2614.5906266802754
2018-05-09,2018-05-10,CSCO,sell,13490.887461046232,36.252978532976165,489084.8535161064,489.08485351610636,rebalance,rebalance,33291.99721511435
2018-05-09,2018-05-10,FLR,sell,8108.763406308761,43.08397961265918,349357.7972812834,349.3577972812834,rebalance,rebalance,-85177.34147386406
2018-05-09,2018-05-10,HCA,sell,5061.402599385938,93.4355306395206,472914.83765387395,472.914837653874,rebalance,rebalance,17138.151368744162
2018-05-09,2018-05-10,MU,sell,9124.534022972894,50.51210095212092,460899.3837094688,460.89938370946885,rebalance,rebalance,5134.712878283371
2018-05-09,2018-05-10,AAP,buy,9294.58728890443,103.04799689519852,957788.6020891753,957.7886020891752,rebalance,rebalance,0.0
2018-05-09,2018-05-10,AKAM,buy,6079.770390767669,77.33000183105469,470148.6554504559,470.1486554504559,rebalance,rebalance,0.0
2018-05-09,2018-05-10,EW,buy,21151.01831830268,45.28333282470703,957788.6020891754,957.7886020891754,rebalance,rebalance,0.0
2018-05-09,2018-05-10,GWW,buy,1782.6575761526833,266.5199905707897,475113.88038715994,475.11388038715995,rebalance,rebalance,0.0
2018-05-09,2018-05-10,KDP,buy,60366.848896530835,15.866135463370487,957788.6020891754,957.7886020891754,rebalance,rebalance,0.0
2018-05-09,2018-05-10,KSS,buy,13211.004430980836,39.54314206112303,522404.624984401,522.404624984401,rebalance,rebalance,0.0
2018-05-09,2018-05-10,M,buy,24133.80187679258,20.788111407026413,501696.1620898673,501.6961620898673,rebalance,rebalance,0.0
2018-05-09,2018-05-10,NFLX,buy,14206.75541922167,33.150001525878906,470953.9638249868,470.9539638249868,rebalance,rebalance,0.0
2018-05-09,2018-05-10,NKTR,buy,523.5058740843021,1172.25,613679.7608953232,613.6797608953233,rebalance,rebalance,0.0
2018-05-09,2018-05-10,NTAP,buy,8220.72281663582,57.59814582443327,473498.39157483575,473.49839157483575,rebalance,rebalance,0.0
2018-05-09,2018-05-10,RL,buy,10202.483102826061,93.8779895478455,957788.6020891754,957.7886020891754,rebalance,rebalance,0.0
2018-05-09,2018-05-10,STX,buy,12063.539430752908,42.42003613128855,511735.7785237624,511.7357785237624,rebalance,rebalance,0.0
2018-05-09,2018-05-10,TPR,buy,25615.01450278109,37.391686894621344,957788.6020891754,957.7886020891754,rebalance,rebalance,0.0
2018-05-09,2018-05-10,UA,buy,57907.40925473753,16.540000915527344,957788.6020891754,957.7886020891754,rebalance,rebalance,0.0
2018-05-09,2018-05-10,UAA,buy,52481.56723776303,18.25,957788.6020891754,957.7886020891754,rebalance,rebalance,0.0
2018-06-07,2018-06-08,AAP,sell,9294.58728890443,113.20900527976836,1052230.9814628495,1052.2309814628495,rebalance,rebalance,92432.35979012225
2018-06-07,2018-06-08,AKAM,sell,821.1062075651498,78.0,64046.284190081686,64.04628419008169,rebalance,rebalance,2184.3502476017557
2018-06-07,2018-06-08,EW,sell,21151.01831830268,47.12333297729492,996706.4790222415,996.7064790222415,rebalance,rebalance,36963.38185195488
2018-06-07,2018-06-08,GWW,sell,378.46188605661746,280.5531711298858,106178.68228498154,106.17868228498153,rebalance,rebalance,9755.519561834313
2018-06-07,2018-06-08,KDP,sell,3669.6527251779407,15.90979441512732,58383.420432492756,58.383420432492755,rebalance,rebalance,43.60656361918963
2018-06-07,2018-06-08,KSS,sell,24221.35804506108,50.21539428508757,1216285.04435302,1216.2850443530199,rebalance,rebalance,250774.8107860141
2018-06-07,2018-06-08,M,sell,46073.863245000764,28.47560327243754,1311981.0509931834,1311.9810509931833,rebalance,rebalance,353167.44024275715
2018-06-07,2018-06-08,NFLX,sell,3700.119302780793,35.805999755859375,132486.47085201964,132.48647085201964,rebalance,rebalance,12083.77675520099
2018-06-07,2018-06-08,NTAP,sell,16628.809632321172,59.48611738144272,989183.3217019226,989.1833217019226,rebalance,rebalance,100252.02065588036
2018-06-07,2018-06-08,RL,sell,10202.483102826061,116.32726990984877,1186827.0056531185,1186.8270056531185,rebalance,rebalance,226893.78795620106
2018-06-07,2018-06-08,STX,sell,227.77181800243125,40.358116804286745,9192.441635666863,9.192441635666862,rebalance,rebalance,50.85093518445586
2018-06-07,2018-06-08,TPR,sell,25615.01450278109,37.1185938699674,950793.3203020561,950.7933203020561,rebalance,rebalance,-8903.863709510253
2018-06-07,2018-06-08,UA,sell,16088.18126388987,21.56999969482422,347022.0649523812,347.0220649523812,rebalance,rebalance,80310.41152068663
2018-06-07,2018-06-08,UAA,sell,14096.855110087781,23.5,331276.09508706286,331.27609508706286,rebalance,rebalance,73419.94562711472
2018-06-07,2018-06-08,ADBE,buy,3654.057898282867,246.86000061035156,902040.7350003684,902.0407350003685,rebalance,rebalance,0.0
2018-06-07,2018-06-08,AMZN,buy,10731.425925815474,84.05599975585938,902040.7350003684,902.0407350003685,rebalance,rebalance,0.0
2018-06-07,2018-06-08,CMG,buy,100452.20522378193,8.9798002243042,902040.7350003684,902.0407350003685,rebalance,rebalance,0.0
2018-06-07,2018-06-08,COP,buy,16912.716954820396,53.335057720768646,902040.7350003683,902.0407350003684,rebalance,rebalance,0.0
2018-06-07,2018-06-08,MA,buy,4744.089925252478,190.13988967596612,902040.7350003684,902.0407350003685,rebalance,rebalance,0.0
2018-06-07,2018-06-08,NKTR,buy,304.6804163106325,804.1500244140625,245008.76421468184,245.00876421468183,rebalance,rebalance,0.0
2018-06-07,2018-06-08,NVDA,buy,140348.9832361474,6.427126967372603,902040.7350003683,902.0407350003684,rebalance,rebalance,0.0
2018-06-07,2018-06-08,VLO,buy,10202.161592917075,88.41662884722555,902040.7350003684,902.0407350003685,rebalance,rebalance,0.0
2018-07-06,2018-07-09,AKAM,sell,11564.624807697031,75.80000305175781,876598.5957158691,876.5985957158691,rebalance,rebalance,5348.130631476973
2018-07-06,2018-07-09,COP,sell,16912.716954820396,53.46462193851623,904232.017942606,904.232017942606,rebalance,rebalance,385.01018929470797
2018-07-06,2018-07-09,KDP,sell,56697.196171352894,16.32126970673147,925370.2303281135,925.3702303281135,rebalance,rebalance,23979.899854961954
2018-07-06,2018-07-09,MA,sell,4744.089925252478,191.90837448109798,910430.5859473567,910.4305859473567,rebalance,rebalance,6577.379626040523
2018-07-06,2018-07-09,NFLX,sell,150.25779962439265,41.595001220703125,6249.973358796778,6.249973358796778,rebalance,rebalance,1359.6817426009284
2018-07-06,2018-07-09,NKTR,sell,1121.7319002851902,713.5499877929688,800411.7837554811,800.4117837554811,rebalance,rebalance,-515239.6131108656
2018-07-06,2018-07-09,NVDA,sell,140348.9832361474,6.189041043467061,868625.6176573868,868.6256176573868,rebalance,rebalance,-35185.7836956393
2018-07-06,2018-07-09,ADBE,buy,514.1289647028593,249.89999389648438,128480.82514125037,128.48082514125036,rebalance,rebalance,0.0
2018-07-06,2018-07-09,ALGN,buy,2971.1618218823414,350.5799865722656,1041629.8716195396,1041.6298716195397,rebalance,rebalance,0.0
2018-07-06,2018-07-09,AMZN,buy,1352.0969301891255,86.20249938964844,116554.13479937361,116.55413479937361,rebalance,rebalance,0.0
2018-07-06,2018-07-09,CMG,buy,14168.805799819733,9.087599754333496,128760.43610564082,128.76043610564082,rebalance,rebalance,0.0
2018-07-06,2018-07-09,GWW,buy,656.6231213703477,269.02673847791823,176649.17675145488,176.6491767514549,rebalance,rebalance,0.0
2018-07-06,2018-07-09,IDXX,buy,4600.229233372896,226.42999267578125,1041629.8716195396,1041.6298716195397,rebalance,rebalance,0.0
2018-07-06,2018-07-09,KSS,buy,22072.762299096827,47.19073478457025,1041629.8716195395,1041.6298716195395,rebalance,rebalance,0.0
2018-07-06,2018-07-09,M,buy,39141.05561492863,26.612206933485353,1041629.8716195395,1041.6298716195395,rebalance,rebalance,0.0
2018-07-06,2018-07-09,RL,buy,9558.299102223149,108.97648844000587,1041629.8716195395,1041.6298716195395,rebalance,rebalance,0.0
2018-07-06,2018-07-09,STX,buy,1455.9987451648703,43.75325565958926,63704.68533723972,63.704685337239724,rebalance,rebalance,0.0
2018-07-06,2018-07-09,TRIP,buy,20303.76376067578,51.302304533160616,1041629.8716195393,1041.6298716195392,rebalance,rebalance,0.0
2018-07-06,2018-07-09,UA,buy,7853.156640857596,20.969999313354492,164680.68936644908,164.6806893664491,rebalance,rebalance,0.0
2018-07-06,2018-07-09,UAA,buy,8178.981772268082,22.3700008392334,182963.82910971166,182.96382910971167,rebalance,rebalance,0.0
2018-07-06,2018-07-09,VLO,buy,3016.845529071188,78.7978901900212,237721.0627200079,237.72106272000792,rebalance,rebalance,0.0
2018-08-03,2018-08-06,ADBE,sell,4168.186862985726,252.74000549316406,1053467.5706475468,1053.4675706475468,rebalance,rebalance,20862.021375138786
2018-08-03,2018-08-06,ALGN,sell,279.1298532106093,362.1099853515625,101075.70705727754,101.07570705727754,rebalance,rebalance,3019.4338195358882
2018-08-03,2018-08-06,AMZN,sell,12083.5228560046,91.29049682617188,1103110.8049350632,1103.1108049350632,rebalance,rebalance,82394.22946058652
2018-08-03,2018-08-06,CMG,sell,9752.937601518744,9.295599937438965,90659.40615852377,90.65940615852377,rebalance,rebalance,2771.642617604416
2018-08-03,2018-08-06,GWW,sell,3871.8451463702245,305.54681022737697,1183029.9341677735,1183.0299341677735,rebalance,rebalance,186760.37655691698
2018-08-03,2018-08-06,IDXX,sell,4600.229233372896,242.05999755859375,1113531.4769992146,1113.5314769992146,rebalance,rebalance,69746.44403105657
2018-08-03,2018-08-06,KSS,sell,22072.762299096827,47.29553755072406,1043943.1581651403,1043.9431581651404,rebalance,rebalance,227.71351581632848
2018-08-03,2018-08-06,M,sell,4130.025796929003,27.84298724742154,114992.25559541622,114.99225559541622,rebalance,rebalance,4858.253090164918
2018-08-03,2018-08-06,RL,sell,9558.299102223149,112.39840611295043,1074337.584240727,1074.337584240727,rebalance,rebalance,30591.74516532737
2018-08-03,2018-08-06,STX,sell,23806.91118676214,39.90379860673534,949986.1894449911,949.986189444991,rebalance,rebalance,-10880.953789209523
2018-08-03,2018-08-06,VLO,sell,13219.007121988263,83.89062055286782,1108950.7105563746,1108.9507105563746,rebalance,rebalance,-33059.79967227849
2018-08-03,2018-08-06,CPRT,buy,67730.53061727206,14.392499923706055,974811.6567416587,974.8116567416587,rebalance,rebalance,0.0
2018-08-03,2018-08-06,CRM,buy,7038.657274091044,138.4939795733333,974811.6567416588,974.8116567416588,rebalance,rebalance,0.0
2018-08-03,2018-08-06,EXR,buy,14260.056567285657,68.35959255435199,974811.6567416588,974.8116567416588,rebalance,rebalance,0.0
2018-08-03,2018-08-06,ILMN,buy,3011.2274821667966,323.7256774902344,974811.6567416589,974.8116567416589,rebalance,rebalance,0.0
2018-08-03,2018-08-06,INTU,buy,5052.157657271999,192.94957182077044,974811.6567416588,974.8116567416588,rebalance,rebalance,0.0
2018-08-03,2018-08-06,MU,buy,19143.357922549294,50.92166487643274,974811.6567416589,974.8116567416589,rebalance,rebalance,0.0
2018-08-03,2018-08-06,NFLX,buy,3388.7527823537494,34.2869987487793,116190.16240848537,116.19016240848536,rebalance,rebalance,0.0
2018-08-03,2018-08-06,NTAP,buy,14777.188760098266,65.96732792463676,974811.6567416589,974.8116567416589,rebalance,rebalance,0.0
2018-08-03,2018-08-06,TRIP,buy,343.933544429241,47.21164022976268,16237.666762540424,16.237666762540425,rebalance,rebalance,0.0
2018-08-03,2018-08-06,UA,buy,3654.2904298448993,18.280000686645508,66800.43156676687,66.80043156676687,rebalance,rebalance,0.0
2018-08-03,2018-08-06,UAA,buy,3070.302384977542,19.639999389648438,60300.736966995064,60.30073696699507,rebalance,rebalance,0.0
2018-08-03,2018-08-06,VRSN,buy,6568.0948400381885,148.41619685503673,974811.6567416588,974.8116567416588,rebalance,rebalance,0.0
2018-08-31,2018-09-04,CPRT,sell,67730.53061727206,16.177499771118164,1095710.6435586305,1095.7106435586304,rebalance,rebalance,118828.4645166716
2018-08-31,2018-09-04,CRM,sell,7038.657274091044,149.52317781913152,1052442.4032018387,1052.4424032018387,rebalance,rebalance,75603.49240023643
2018-08-31,2018-09-04,EXR,sell,14260.056567285657,68.17457914853567,972173.3551090119,972.1733551090119,rebalance,rebalance,-4585.286644497472
2018-08-31,2018-09-04,INTU,sell,5052.157657271999,207.47691245296284,1048206.0719563883,1048.2060719563883,rebalance,rebalance,71371.39748603149
2018-08-31,2018-09-04,MU,sell,19143.357922549294,50.843648138862676,973318.1544104054,973.3181544104054,rebalance,rebalance,-3441.6321424053394
2018-08-31,2018-09-04,NFLX,sell,28430.941532214583,36.64699935913086,1041908.6961105547,1041.9086961105547,rebalance,rebalance,110578.77806537726
2018-08-31,2018-09-04,TRIP,sell,20647.697305105023,48.083129845260764,992805.9105270056,992.8059105270056,rebalance,rebalance,-67112.30130398292
2018-08-31,2018-09-04,UA,sell,53326.67506155016,18.920000076293945,1008940.6962330315,1008.9406962330315,rebalance,rebalance,83837.39415812708
2018-08-31,2018-09-04,UAA,sell,49633.996284920875,20.510000228881836,1017993.2751640474,1017.9932751640474,rebalance,rebalance,72245.93391969663
2018-08-31,2018-09-04,ALGN,buy,83.16949157876161,386.6400146484375,32156.653442315488,32.15665344231549,rebalance,rebalance,0.0
2018-08-31,2018-09-04,AMD,buy,41881.494851493626,25.6200008392334,1073003.933243616,1073.003933243616,rebalance,rebalance,0.0
2018-08-31,2018-09-04,CMG,buy,7797.453461489262,9.523799896240234,74261.38646746949,74.26138646746949,rebalance,rebalance,0.0
2018-08-31,2018-09-04,CNC,buy,14658.524289315328,73.19999694824219,1073003.933243616,1073.003933243616,rebalance,rebalance,0.0
2018-08-31,2018-09-04,COP,buy,18965.406374164886,56.57690175862969,1073003.933243616,1073.003933243616,rebalance,rebalance,0.0
2018-08-31,2018-09-04,DVN,buy,35373.2775710316,30.333743631445,1073003.933243616,1073.003933243616,rebalance,rebalance,0.0
2018-08-31,2018-09-04,GWW,buy,3349.457183067366,320.3515897047475,1073003.933243616,1073.003933243616,rebalance,rebalance,0.0
2018-08-31,2018-09-04,ILMN,buy,103.1437995659403,344.5330810546875,35536.45105614055,35.53645105614055,rebalance,rebalance,0.0
2018-08-31,2018-09-04,LLY,buy,11310.123952286029,94.87110289598002,1073003.933243616,1073.003933243616,rebalance,rebalance,0.0
2018-08-31,2018-09-04,M,buy,6804.384161798684,25.660488110006547,174603.81887975198,174.603818879752,rebalance,rebalance,0.0
2018-08-31,2018-09-04,NOV,buy,25475.837341539485,42.118495217977994,1073003.933243616,1073.003933243616,rebalance,rebalance,0.0
2018-08-31,2018-09-04,NTAP,buy,449.54747995483376,70.46841268722693,31678.8973399601,31.678897339960102,rebalance,rebalance,0.0
2018-08-31,2018-09-04,PSX,buy,12359.840651748194,86.8137351828924,1073003.933243616,1073.003933243616,rebalance,rebalance,0.0
2018-08-31,2018-09-04,RHI,buy,17860.931481111435,60.07547447222199,1073003.933243616,1073.003933243616,rebalance,rebalance,0.0
2018-08-31,2018-09-04,VRSN,buy,313.6657157308782,155.91997491747998,48906.75052923193,48.906750529231935,rebalance,rebalance,0.0
2018-10-01,2018-10-02,ALGN,sell,30.68141136531085,390.5199890136719,11981.70442930514,11.981704429305141,rebalance,rebalance,1169.4878235401366
2018-10-01,2018-10-02,AMD,sell,7003.852309867805,30.729999542236328,215228.3782761285,215.2283782761285,rebalance,rebalance,35395.00913911578
2018-10-01,2018-10-02,COP,sell,18965.406374164886,60.67880361713077,1150798.168897031,1150.798168897031,rebalance,rebalance,75570.43355127462
2018-10-01,2018-10-02,GWW,sell,3349.457183067366,318.5838452713631,1067082.9489533894,1067.0829489533894,rebalance,rebalance,-8061.071172423648
2018-10-01,2018-10-02,ILMN,sell,113.66300223831877,357.1789855957031,40598.03583924483,40.59803583924484,rebalance,rebalance,3646.604752895396
2018-10-01,2018-10-02,LLY,sell,242.9450751258173,96.84400615863727,23527.774351695247,23.527774351695246,rebalance,rebalance,432.7308897902122
2018-10-01,2018-10-02,M,sell,41815.41397979831,25.091054658931657,1049192.8377529744,1049.1928377529744,rebalance,rebalance,-59287.26902491343
2018-10-01,2018-10-02,NOV,sell,25475.837341539485,40.02326203770356,1019626.1135503481,1019.6261135503481,rebalance,rebalance,-55470.44974006172
2018-10-01,2018-10-02,PSX,sell,12359.840651748194,83.90798155085075,1037089.2813783427,1037.0892813783428,rebalance,rebalance,-38024.745079895256
2018-10-01,2018-10-02,RHI,sell,17860.931481111435,53.64076861995831,958074.0929152278,958.0740929152278,rebalance,rebalance,-116960.91835454709
2018-10-01,2018-10-02,VRSN,sell,6881.760555769067,157.08878670775738,1081047.416119065,1081.047416119065,rebalance,rebalance,55224.24302478432
2018-10-01,2018-10-02,AAP,buy,7209.122980868518,148.67133522104515,1071789.9393384438,1071.789939338444,rebalance,rebalance,0.0
2018-10-01,2018-10-02,AMZN,buy,10717.953362570986,99.99949645996094,1071789.9393384438,1071.789939338444,rebalance,rebalance,0.0
2018-10-01,2018-10-02,CF,buy,23583.901244856635,45.44582883937356,1071789.9393384438,1071.789939338444,rebalance,rebalance,0.0
2018-10-01,2018-10-02,CMG,buy,6953.885479745382,8.960000038146973,62306.8141637883,62.3068141637883,rebalance,rebalance,0.0
2018-10-01,2018-10-02,CNC,buy,72.97155014183045,72.75499725341797,5309.044930146526,5.309044930146526,rebalance,rebalance,0.0
2018-10-01,2018-10-02,DRI,buy,12301.516967818265,87.12664805018198,1071789.9393384438,1071.789939338444,rebalance,rebalance,0.0
2018-10-01,2018-10-02,DVN,buy,2075.525380787847,28.620138825729036,59401.824534472304,59.401824534472304,rebalance,rebalance,0.0
2018-10-01,2018-10-02,NTAP,buy,134.816782580996,69.77093642545397,9406.293166542922,9.406293166542923,rebalance,rebalance,0.0
2018-10-01,2018-10-02,ORLY,buy,46351.014379754306,23.123332977294922,1071789.9393384438,1071.789939338444,rebalance,rebalance,0.0
2018-10-01,2018-10-02,TSCO,buy,67417.37388880836,15.89782985475153,1071789.9393384438,1071.789939338444,rebalance,rebalance,0.0
2018-10-01,2018-10-02,TTWO,buy,7766.5937633220565,138.0,1071789.9393384438,1071.789939338444,rebalance,rebalance,0.0
2018-10-29,2018-10-30,AAP,sell,7209.122980868518,144.04037041849423,1038404.7445567807,1038.4047445567808,market_trend_exit,risk_exit,-35495.38946555815
2018-10-29,2018-10-30,ALGN,sell,2744.520048885183,216.8000030517578,595011.9549739182,595.0119549739181,market_trend_exit,risk_exit,-371687.93613595236
2018-10-29,2018-10-30,AMD,sell,34877.64254162582,16.3799991607666,571295.7555613485,571.2957555613485,market_trend_exit,risk_exit,-323734.33661233564
2018-10-29,2018-10-30,AMZN,sell,10717.953362570986,74.30799865722656,796429.6640741418,796.4296640741418,market_trend_exit,risk_exit,-277228.4948677144
2018-10-29,2018-10-30,CF,sell,23583.901244856635,36.96073473852688,871678.31801076,871.67831801076,market_trend_exit,risk_exit,-202055.08958503284
2018-10-29,2018-10-30,CMG,sell,119619.41236331756,8.773599624633789,1049492.8314097174,1049.4928314097174,market_trend_exit,risk_exit,-32296.298395935806
2018-10-29,2018-10-30,CNC,sell,14731.495839457159,62.56999969482422,921749.6901791387,921.7496901791387,market_trend_exit,risk_exit,-158563.3506629767
2018-10-29,2018-10-30,DRI,sell,12301.516967818265,85.02140535705787,1045892.2606276021,1045.8922606276021,market_trend_exit,risk_exit,-28015.360910807616
2018-10-29,2018-10-30,DVN,sell,37448.802951819445,21.710370892996206,813027.4015827313,813.0274015827313,market_trend_exit,risk_exit,-321323.7893547177
2018-10-29,2018-10-30,ILMN,sell,3000.708279494418,284.8346252441406,854705.6182567825,854.7056182567826,market_trend_exit,risk_exit,-120596.71021656104
2018-10-29,2018-10-30,LLY,sell,11067.178877160211,96.60078172031996,1069098.1309722892,1069.0981309722893,market_trend_exit,risk_exit,17023.611352010907
2018-10-29,2018-10-30,NTAP,sell,15361.553022634096,58.625357939030266,900576.5444513162,900.5765444513163,market_trend_exit,risk_exit,-117236.77618854493
2018-10-29,2018-10-30,ORLY,sell,46351.014379754306,22.04599952697754,1021854.4410909925,1021.8544410909925,market_trend_exit,risk_exit,-52029.142627880625
2018-10-29,2018-10-30,TSCO,sell,67417.37388880836,16.42430619382337,1107283.5915332611,1107.2835915332612,market_trend_exit,risk_exit,33314.578663945715
2018-10-29,2018-10-30,TTWO,sell,7766.5937633220565,121.52999877929688,943874.1305758243,943.8741305758243,market_trend_exit,risk_exit,-129931.47283253365
2019-02-26,2019-02-27,AES,buy,69991.71054262518,12.92838956312951,904880.1000848571,904.8801000848571,rebalance,rebalance,0.0
2019-02-26,2019-02-27,AMT,buy,6357.588483169595,142.33071273492152,904880.1000848571,904.8801000848571,rebalance,rebalance,0.0
2019-02-26,2019-02-27,AVGO,buy,40121.88125725112,22.553281943162137,904880.1000848571,904.8801000848571,rebalance,rebalance,0.0
2019-02-26,2019-02-27,DE,buy,6153.650907594076,147.04768172145836,904880.100084857,904.880100084857,rebalance,rebalance,0.0
2019-02-26,2019-02-27,EW,buy,16233.944614939363,55.7400016784668,904880.1000848571,904.8801000848571,rebalance,rebalance,0.0
2019-02-26,2019-02-27,INCY,buy,10615.674832970262,85.23999786376953,904880.1000848571,904.8801000848571,rebalance,rebalance,0.0
2019-02-26,2019-02-27,MCD,buy,5929.931860908817,152.59536219125727,904880.1000848571,904.8801000848571,rebalance,rebalance,0.0
2019-02-26,2019-02-27,NRG,buy,26677.362106052697,33.91939939517308,904880.1000848571,904.8801000848571,rebalance,rebalance,0.0
2019-02-26,2019-02-27,O,buy,19567.957318478606,46.242951441352126,904880.1000848571,904.8801000848571,rebalance,rebalance,0.0
2019-02-26,2019-02-27,PG,buy,11030.060050229411,82.03764040849775,904880.1000848571,904.8801000848571,rebalance,rebalance,0.0
2019-02-26,2019-02-27,SBAC,buy,5527.467713659874,163.7060851298421,904880.1000848571,904.8801000848571,rebalance,rebalance,0.0
2019-02-26,2019-02-27,SBUX,buy,15058.33409983489,60.09164719587267,904880.1000848571,904.8801000848571,rebalance,rebalance,0.0
2019-02-26,2019-02-27,ULTA,buy,2942.890814860456,307.4800109863281,904880.1000848571,904.8801000848571,rebalance,rebalance,0.0
2019-02-26,2019-02-27,WAT,buy,3809.380001938741,237.5399932861328,904880.1000848571,904.8801000848571,rebalance,rebalance,0.0
2019-02-26,2019-02-27,WELL,buy,15276.200726170111,59.234630148233144,904880.1000848571,904.8801000848571,rebalance,rebalance,0.0
2019-03-26,2019-03-27,AES,sell,887.7925189981033,13.912973840971524,12351.834093030828,12.351834093030828,rebalance,rebalance,850.2769945614205
2019-03-26,2019-03-27,AMT,sell,321.2236111472221,159.27483247864888,51162.83685366045,51.16283685366045,rebalance,rebalance,5345.968509415516
2019-03-26,2019-03-27,AVGO,sell,40121.88125725112,24.782702034187846,994328.6282495207,994.3286282495206,rebalance,rebalance,87549.31943632917
2019-03-26,2019-03-27,DE,sell,6153.650907594076,142.2093467178449,875106.6754986269,875.1066754986269,rebalance,rebalance,-31553.411361813425
2019-03-26,2019-03-27,EW,sell,16233.944614939363,63.5099983215332,1031017.7952466619,1031.017795246662,rebalance,rebalance,124201.79726647343
2019-03-26,2019-03-27,MCD,sell,5929.931860908817,157.4004354771409,933373.8572568202,933.3738572568202,rebalance,rebalance,26655.503214621483
2019-03-26,2019-03-27,NRG,sell,26677.362106052697,35.591874699733744,949497.3293980527,949.4973293980527,rebalance,rebalance,42762.85188371284
2019-03-26,2019-03-27,O,sell,294.7653396993119,49.88488698861905,14704.335659062079,14.70433565906208,rebalance,rebalance,1045.1812138037642
2019-03-26,2019-03-27,SBAC,sell,5527.467713659874,177.01023730908793,978418.371713256,978.418371713256,rebalance,rebalance,71654.97315660086
2019-03-26,2019-03-27,ULTA,sell,2942.890814860456,343.70001220703125,1011471.6089914988,1011.4716089914989,rebalance,rebalance,104675.15719756547
2019-03-26,2019-03-27,WELL,sell,15276.200726170111,62.87578432081469,960503.1021001446,960.5031021001446,rebalance,rebalance,53757.618813102636
2019-03-26,2019-03-27,CDNS,buy,15420.064591828637,62.349998474121094,961441.0037713642,961.4410037713642,rebalance,rebalance,0.0
2019-03-26,2019-03-27,CMG,buy,69674.68792343527,13.798999786376953,961441.0037713641,961.4410037713641,rebalance,rebalance,0.0
2019-03-26,2019-03-27,GRMN,buy,13253.869065645064,72.5404030332158,961441.0037713642,961.4410037713642,rebalance,rebalance,0.0
2019-03-26,2019-03-27,INCY,buy,430.29246549572053,87.04000091552734,37452.65659069204,37.45265659069204,rebalance,rebalance,0.0
2019-03-26,2019-03-27,KEYS,buy,11227.85279235762,85.62999725341797,961441.0037713643,961.4410037713643,rebalance,rebalance,0.0
2019-03-26,2019-03-27,LLY,buy,8064.753860442765,119.21517016002024,961441.0037713642,961.4410037713642,rebalance,rebalance,0.0
2019-03-26,2019-03-27,PG,buy,299.40734461243665,84.86197720195526,25408.29925259856,25.40829925259856,rebalance,rebalance,0.0
2019-03-26,2019-03-27,PNW,buy,13519.023809046905,71.11763521919163,961441.0037713643,961.4410037713643,rebalance,rebalance,0.0
2019-03-26,2019-03-27,SBUX,buy,478.4145725484959,61.881737553000924,29605.125019977146,29.605125019977148,rebalance,rebalance,0.0
2019-03-26,2019-03-27,TDG,buy,2898.440463616962,331.70976455786246,961441.0037713642,961.4410037713642,rebalance,rebalance,0.0
2019-03-26,2019-03-27,WAT,buy,49.50431403205948,249.14999389648438,12333.999538937265,12.333999538937265,rebalance,rebalance,0.0
2019-03-26,2019-03-27,WHR,buy,10041.103366626634,95.7505334490313,961441.0037713642,961.4410037713642,rebalance,rebalance,0.0
2019-04-24,2019-04-25,AES,sell,69103.91802362708,13.352514082632899,922711.03857559,922.71103857559,rebalance,rebalance,27492.55261644883
2019-04-24,2019-04-25,AMT,sell,27.037277045631527,157.85755305827684,4268.038395782109,4.268038395782109,rebalance,rebalance,411.68721015774236
2019-04-24,2019-04-25,CDNS,sell,1492.3338449809526,68.11000061035156,101642.85909250098,101.64285909250098,rebalance,rebalance,8401.156263009389
2019-04-24,2019-04-25,CMG,sell,2965.515242634676,14.220199584960938,42170.21862250895,42.170218622508955,rebalance,rebalance,1165.983060073342
2019-04-24,2019-04-25,GRMN,sell,358.18963004160287,73.56089722962449,26348.750564207563,26.348750564207563,rebalance,rebalance,313.1984679814932
2019-04-24,2019-04-25,KEYS,sell,919.0309680298833,92.0199966430664,84569.22659298393,84.56922659298394,rebalance,rebalance,5709.34147891779
2019-04-24,2019-04-25,LLY,sell,8064.753860442765,107.18986044267781,864459.840805407,864.459840805407,rebalance,rebalance,-98807.06381053383
2019-04-24,2019-04-25,O,sell,19273.191978779294,47.10529831540865,907869.4576505398,907.8694576505399,rebalance,rebalance,14821.05811754661
2019-04-24,2019-04-25,PG,sell,11329.467394841848,85.74381805705858,971431.7909866968,971.4317909866969,rebalance,rebalance,39241.67145891718
2019-04-24,2019-04-25,PNW,sell,13519.023809046905,69.147422384695,934805.6495529147,934.8056495529147,rebalance,rebalance,-28531.600871773753
2019-04-24,2019-04-25,SBUX,sell,15536.748672383386,64.5711404498763,1003225.5806588967,1003.2255806588968,rebalance,rebalance,66802.64474829877
2019-04-24,2019-04-25,TDG,sell,207.43312444126877,352.51399572889596,73123.07954332097,73.12307954332097,rebalance,rebalance,4173.556000992684
2019-04-24,2019-04-25,WHR,sell,10041.103366626634,100.43188374514776,1008446.9259900579,1008.4469259900579,rebalance,rebalance,45036.03428893229
2019-04-24,2019-04-25,ADI,buy,9300.361027389443,101.99794899089842,948617.7496686081,948.6177496686081,rebalance,rebalance,0.0
2019-04-24,2019-04-25,ANET,buy,46907.57378970979,20.223125457763672,948617.7496686081,948.6177496686081,rebalance,rebalance,0.0
2019-04-24,2019-04-25,AVGO,buy,36396.26546582437,26.063601238411344,948617.7496686081,948.6177496686081,rebalance,rebalance,0.0
2019-04-24,2019-04-25,AZO,buy,916.5743463247792,1034.9599609375,948617.7496686081,948.6177496686081,rebalance,rebalance,0.0
2019-04-24,2019-04-25,EW,buy,15950.304556985133,59.473331451416016,948617.7496686081,948.6177496686081,rebalance,rebalance,0.0
2019-04-24,2019-04-25,INCY,buy,1943.458492645077,73.02999877929688,141930.77134548413,141.93077134548412,rebalance,rebalance,0.0
2019-04-24,2019-04-25,KLAC,buy,81880.3760092722,11.585410276586735,948617.7496686081,948.6177496686081,rebalance,rebalance,0.0
2019-04-24,2019-04-25,WAT,buy,718.7239899031601,207.22999572753906,148941.1693569117,148.9411693569117,rebalance,rebalance,0.0
2019-04-24,2019-04-25,XRAY,buy,21443.708238820087,44.237579578298,948617.7496686081,948.6177496686081,rebalance,rebalance,0.0
2019-05-22,2019-05-23,ADI,sell,9300.361027389443,87.18640695502783,810865.0613626568,810.8650613626568,rebalance,rebalance,-139512.17111698244
2019-05-22,2019-05-23,AMT,sell,6009.327594976741,164.2069774621887,986773.5209512543,986.7735209512543,rebalance,rebalance,129619.55589998103
2019-05-22,2019-05-23,ANET,sell,8782.126562609665,15.566875457763672,136710.27045446282,136.71027045446283,rebalance,rebalance,-41206.0891248673
2019-05-22,2019-05-23,AVGO,sell,9462.322586442984,22.035172919674665,208503.91441401438,208.5039144140144,rebalance,rebalance,-38573.41438534488
2019-05-22,2019-05-23,AZO,sell,916.5743463247792,1037.219970703125,950689.2166422234,950.6892166422234,rebalance,rebalance,172.1600073046253
2019-05-22,2019-05-23,CDNS,sell,4684.714126102575,64.20999908447266,300805.4897480625,300.80548974806254,rebalance,rebalance,8120.67372551117
2019-05-22,2019-05-23,CMG,sell,23197.876946387754,13.640000343322754,316419.04951308796,316.41904951308794,rebalance,rebalance,-4324.976063056168
2019-05-22,2019-05-23,EW,sell,15950.304556985133,57.65999984741211,919694.5583219394,919.6945583219394,rebalance,rebalance,-30791.503654659075
2019-05-22,2019-05-23,GRMN,sell,3766.9968721063688,65.01421038880427,244908.32717709107,244.90832717709108,rebalance,rebalance,-28869.311948872662
2019-05-22,2019-05-23,INCY,sell,12989.42579111106,78.61000061035156,1021098.7693673568,1021.0987693673568,rebalance,rebalance,-65270.120951064804
2019-05-22,2019-05-23,KEYS,sell,2360.5949151346585,74.66999816894531,176265.61799072658,176.26561799072658,rebalance,rebalance,-26250.52146277678
2019-05-22,2019-05-23,KLAC,sell,81880.3760092722,9.568859806085667,783501.8389023058,783.5018389023058,rebalance,rebalance,-166848.03035487307
2019-05-22,2019-05-23,TDG,sell,933.1197353264977,337.61776774365563,315037.8020784829,315.0378020784829,rebalance,rebalance,4888.311639247522
2019-05-22,2019-05-23,WAT,sell,4577.6083058739605,205.6699981689453,941476.6918872463,941.4766918872464,rebalance,rebalance,-126686.20905432774
2019-05-22,2019-05-23,XRAY,sell,9055.847413165966,47.90932810019445,433859.56494266546,433.8595649426655,rebalance,rebalance,32416.326018280422
2019-05-22,2019-05-23,AMD,buy,21989.40695771711,26.989999771118164,593494.088755809,593.494088755809,rebalance,rebalance,0.0
2019-05-22,2019-05-23,DHI,buy,14720.809326555527,40.31667523097242,593494.088755809,593.494088755809,rebalance,rebalance,0.0
2019-05-22,2019-05-23,LRCX,buy,35257.87466822999,16.8329513432241,593494.088755809,593.494088755809,rebalance,rebalance,0.0
2019-05-22,2019-05-23,MSCI,buy,2874.7184171113145,206.45294691234025,593494.088755809,593.494088755809,rebalance,rebalance,0.0
2019-05-22,2019-05-23,NFLX,buy,16694.63014044447,35.54999923706055,593494.088755809,593.494088755809,rebalance,rebalance,0.0
2019-05-22,2019-05-23,QCOM,buy,10530.372476352692,56.36021803488685,593494.088755809,593.494088755809,rebalance,rebalance,0.0
2019-05-22,2019-05-23,WYNN,buy,5358.836901128957,110.75054152716916,593494.088755809,593.494088755809,rebalance,rebalance,0.0
2019-06-20,2019-06-21,AMD,sell,21989.40695771711,29.649999618530273,651985.9079080193,651.9859079080193,rebalance,rebalance,57246.33915554655
2019-06-20,2019-06-21,ANET,sell,38125.44722710013,15.558124542236328,593160.4561876825,593.1604561876825,rebalance,rebalance,-179219.4223779061
2019-06-20,2019-06-21,AVGO,sell,26933.942879381386,23.257947323313985,626428.2246978001,626.4282246978001,rebalance,rebalance,-76895.7460602291
2019-06-20,2019-06-21,DHI,sell,14720.809326555527,42.27973231569204,622391.8777971105,622.3918777971105,rebalance,rebalance,27681.903074748552
2019-06-20,2019-06-21,GRMN,sell,9128.682563497092,69.94872092667148,638539.6690622302,638.5396690622301,rebalance,rebalance,-24959.381237518937
2019-06-20,2019-06-21,KEYS,sell,7948.226909193078,88.0,699443.9680089909,699.4439680089909,rebalance,rebalance,17457.268988832162
2019-06-20,2019-06-21,LRCX,sell,35257.87466822999,16.828122972077498,593323.8506510704,593.3238506510704,rebalance,rebalance,-1357.056044145369
2019-06-20,2019-06-21,NFLX,sell,16694.63014044447,36.5,609354.0001262232,609.3540001262232,rebalance,rebalance,14657.063281532292
2019-06-20,2019-06-21,QCOM,sell,10530.372476352692,61.36463526647434,646192.4662315031,646.1924662315031,rebalance,rebalance,51458.690920706766
2019-06-20,2019-06-21,TDG,sell,1757.8876038491956,369.76301493124004,650001.8203095319,650.0018203095319,rebalance,rebalance,65660.22681402872
2019-06-20,2019-06-21,WYNN,sell,5358.836901128957,114.25644314587653,612281.6437218658,612.2816437218659,rebalance,rebalance,17581.779233579207
2019-06-20,2019-06-21,AIG,buy,17533.457319450532,45.623479850826804,799937.3367292831,799.9373367292831,rebalance,rebalance,0.0
2019-06-20,2019-06-21,ALGN,buy,2712.4794913563005,294.9100036621094,799937.3367292832,799.9373367292832,rebalance,rebalance,0.0
2019-06-20,2019-06-21,CDNS,buy,1790.6018169001745,72.5,129818.63172526265,129.81863172526266,rebalance,rebalance,0.0
2019-06-20,2019-06-21,CMG,buy,10563.371115742906,14.79319953918457,156266.05672164354,156.26605672164354,rebalance,rebalance,0.0
2019-06-20,2019-06-21,COTY,buy,61432.76824830458,13.021346091649708,799937.3367292831,799.9373367292831,rebalance,rebalance,0.0
2019-06-20,2019-06-21,GE,buy,15553.228770686388,51.432236259325634,799937.3367292831,799.9373367292831,rebalance,rebalance,0.0
2019-06-20,2019-06-21,GIS,buy,19449.41003868183,41.129131173559145,799937.3367292831,799.9373367292831,rebalance,rebalance,0.0
2019-06-20,2019-06-21,GPN,buy,5243.716721588367,152.5515925442622,799937.3367292831,799.9373367292831,rebalance,rebalance,0.0
2019-06-20,2019-06-21,IR,buy,23975.481728938732,33.364807671987165,799937.3367292831,799.9373367292831,rebalance,rebalance,0.0
2019-06-20,2019-06-21,MSCI,buy,766.1698113590542,219.70939137160974,168334.70294099883,168.33470294099882,rebalance,rebalance,0.0
2019-06-20,2019-06-21,SYF,buy,27903.301795680458,28.66819642301674,799937.3367292831,799.9373367292831,rebalance,rebalance,0.0
2019-06-20,2019-06-21,TSN,buy,12535.276608104608,63.814893100331616,799937.3367292831,799.9373367292831,rebalance,rebalance,0.0
2019-06-20,2019-06-21,ULTA,buy,2226.5011674659877,359.2799987792969,799937.3367292831,799.9373367292831,rebalance,rebalance,0.0
2019-06-20,2019-06-21,XRAY,buy,3333.002102089782,50.88380583215745,169595.8318009091,169.5958318009091,rebalance,rebalance,0.0
2019-06-20,2019-06-21,XRX,buy,34022.49067497072,23.512015753678256,799937.3367292832,799.9373367292832,rebalance,rebalance,0.0
2019-07-19,2019-07-22,AIG,sell,17533.457319450532,46.567006789728374,816480.6260422656,816.4806260422656,rebalance,rebalance,14926.871350210975
2019-07-19,2019-07-22,ALGN,sell,2712.4794913563005,281.42999267578125,763373.0833856105,763.3730833856105,rebalance,rebalance,-38127.56376378751
2019-07-19,2019-07-22,GE,sell,15553.228770686388,48.49030129141472,754180.7491448827,754.1807491448827,rebalance,rebalance,-47310.705670274554
2019-07-19,2019-07-22,GIS,sell,19449.41003868183,40.59141659528947,789479.1054127393,789.4791054127394,rebalance,rebalance,-12047.647758685665
2019-07-19,2019-07-22,GPN,sell,5243.716721588367,156.2764735641433,819469.5576191606,819.4695576191607,rebalance,rebalance,17912.813995529148
2019-07-19,2019-07-22,SYF,sell,27903.301795680458,29.532618212484937,824057.5587995764,824.0575587995763,rebalance,rebalance,22496.227174764477
2019-07-19,2019-07-22,TSN,sell,12535.276608104608,65.38421068547474,819609.166745015,819.6091667450149,rebalance,rebalance,18052.283512257654
2019-07-19,2019-07-22,ULTA,sell,2226.5011674659877,357.7900085449219,796619.8717329343,796.6198717329343,rebalance,rebalance,-4914.022204810956
2019-07-19,2019-07-22,AMD,buy,27805.366017069406,32.79999923706055,912015.9841460658,912.0159841460658,rebalance,rebalance,0.0
2019-07-19,2019-07-22,APD,buy,4784.6536841027655,190.61274741289665,912015.9841460659,912.0159841460659,rebalance,rebalance,0.0
2019-07-19,2019-07-22,CDNS,buy,1391.6671915997376,73.4000015258789,102148.37398693635,102.14837398693635,rebalance,rebalance,0.0
2019-07-19,2019-07-22,CMG,buy,7010.650638467232,14.93019962310791,104670.4135201847,104.6704135201847,rebalance,rebalance,0.0
2019-07-19,2019-07-22,COTY,buy,23561.81113182343,10.73028410514492,252824.92747623156,252.82492747623158,rebalance,rebalance,0.0
2019-07-19,2019-07-22,CPRT,buy,47059.65034262621,19.3799991607666,912015.9841460658,912.0159841460658,rebalance,rebalance,0.0
2019-07-19,2019-07-22,EL,buy,5236.825926290945,174.15434405932484,912015.9841460658,912.0159841460658,rebalance,rebalance,0.0
2019-07-19,2019-07-22,IR,buy,4454.213038643913,32.07969665527344,142889.80311766049,142.88980311766048,rebalance,rebalance,0.0
2019-07-19,2019-07-22,LHX,buy,5407.687637730199,168.6517501090118,912015.9841460658,912.0159841460658,rebalance,rebalance,0.0
2019-07-19,2019-07-22,MKTX,buy,2672.1931010699877,341.29868226247584,912015.9841460658,912.0159841460658,rebalance,rebalance,0.0
2019-07-19,2019-07-22,MSCI,buy,445.5100627425086,223.18333142102304,99430.41998446206,99.43041998446206,rebalance,rebalance,0.0
2019-07-19,2019-07-22,MSI,buy,5892.287496910091,154.78131109935248,912015.9841460658,912.0159841460658,rebalance,rebalance,0.0
2019-07-19,2019-07-22,SNPS,buy,6726.773652669828,135.5800018310547,912015.9841460658,912.0159841460658,rebalance,rebalance,0.0
2019-07-19,2019-07-22,XRAY,buy,2468.690578921607,50.139547615166045,123779.02882895175,123.77902882895175,rebalance,rebalance,0.0
2019-07-19,2019-07-22,XRX,buy,5636.812029415312,22.996268768114355,129625.64442377465,129.62564442377465,rebalance,rebalance,0.0
2019-08-16,2019-08-19,AMD,sell,11531.483348084319,32.0,369007.4671386982,369.0074671386982,rebalance,rebalance,-9972.417992801848
2019-08-16,2019-08-19,APD,sell,4784.6536841027655,193.8242863262476,927382.0856394699,927.3820856394699,rebalance,rebalance,13526.7034236186
2019-08-16,2019-08-19,CDNS,sell,5047.976202640166,70.58999633789062,356336.62165812834,356.33662165812837,rebalance,rebalance,27279.334767197714
2019-08-16,2019-08-19,CMG,sell,61085.317488622975,16.488800048828125,1007223.585989088,1007.2235859890881,rebalance,rebalance,144006.18278633754
2019-08-16,2019-08-19,COTY,sell,84994.57938012801,9.096574154571389,773159.4940679388,773.1594940679388,rebalance,rebalance,-281428.69189584925
2019-08-16,2019-08-19,CPRT,sell,19790.937182872414,19.09749984741211,377957.4198300486,377.9574198300486,rebalance,rebalance,-6352.431930628224
2019-08-16,2019-08-19,EL,sell,5236.825926290945,177.75128644308612,930852.5452767216,930.8525452767216,rebalance,rebalance,16993.692601233117
2019-08-16,2019-08-19,IR,sell,28429.694767582645,29.202601318001076,830221.0418901772,830.2210418901772,rebalance,rebalance,-114379.14613850335
2019-08-16,2019-08-19,LHX,sell,5407.687637730199,184.66160208724003,998592.262770621,998.592262770621,rebalance,rebalance,84665.6703776385
2019-08-16,2019-08-19,MKTX,sell,1146.6142080776833,341.35517199381553,391402.69020891015,391.40269020891014,rebalance,rebalance,-717.9686799246372
2019-08-16,2019-08-19,MSCI,sell,1652.2942858031183,213.94494411501407,353500.00863770524,353.50000863770526,rebalance,rebalance,4556.717273335453
2019-08-16,2019-08-19,MSI,sell,5892.287496910091,160.0678376941057,943165.7187024128,943.1657187024128,rebalance,rebalance,29294.552853498702
2019-08-16,2019-08-19,SNPS,sell,2738.6878960063295,130.5800018310547,357617.87047519383,357.61787047519385,rebalance,rebalance,-14422.36866046204
2019-08-16,2019-08-19,XRAY,sell,7036.377499867565,46.69201356547346,328542.6336756086,328.5426336756086,rebalance,rebalance,2410.897982149649
2019-08-16,2019-08-19,XRX,sell,39659.302704386035,19.44497465571264,771174.1359500223,771.1741359500223,rebalance,rebalance,-160089.58232013858
2019-08-16,2019-08-19,AIG,buy,11333.499392826376,45.94911309892022,520764.2454075228,520.7642454075228,rebalance,rebalance,0.0
2019-08-16,2019-08-19,BR,buy,4591.643640872657,113.4156494140625,520764.2454075227,520.7642454075227,rebalance,rebalance,0.0
2019-08-16,2019-08-19,COST,buy,2078.895076222991,250.50049488484305,520764.2454075228,520.7642454075228,rebalance,rebalance,0.0
2019-08-16,2019-08-19,GPN,buy,3442.710034304977,151.26578777136424,520764.2454075228,520.7642454075228,rebalance,rebalance,0.0
2019-08-16,2019-08-19,HSY,buy,3976.70164826675,130.95381335295758,520764.2454075228,520.7642454075228,rebalance,rebalance,0.0
2019-08-16,2019-08-19,IDXX,buy,1868.0785806609285,278.7699890136719,520764.2454075228,520.7642454075228,rebalance,rebalance,0.0
2019-08-16,2019-08-19,KMX,buy,6055.3982024130555,86.0,520764.2454075228,520.7642454075228,rebalance,rebalance,0.0
2019-08-16,2019-08-19,QCOM,buy,8228.090032553919,63.29102420454224,520764.24540752283,520.7642454075228,rebalance,rebalance,0.0
2019-09-16,2019-09-17,AIG,sell,11333.499392826376,47.17284351282842,534633.3933105345,534.6333933105345,rebalance,rebalance,12813.75026429377
2019-09-16,2019-09-17,BR,sell,4591.643640872657,110.51837223736585,507460.9810832981,507.4609810832981,rebalance,rebalance,-14331.489550715416
2019-09-16,2019-09-17,CDNS,sell,7377.309426604856,66.04000091552734,487197.5212871132,487.1975212871132,rebalance,rebalance,6333.927045254268
2019-09-16,2019-09-17,COST,sell,2078.895076222991,262.99831652906937,546745.905287218,546.7459052872181,rebalance,rebalance,24914.149729000535
2019-09-16,2019-09-17,CPRT,sell,27268.7131597538,20.642499923706055,562894.4093197801,562.89440931978,rebalance,rebalance,33335.40912109531
2019-09-16,2019-09-17,GPN,sell,3442.710034304977,157.94048724051584,543743.300245941,543.7433002459411,rebalance,rebalance,21914.547292764917
2019-09-16,2019-09-17,IDXX,sell,1868.0785806609285,266.2699890136719,497413.2631492612,497.4132631492612,rebalance,rebalance,-24369.159766818357
2019-09-16,2019-09-17,MSCI,sell,2434.104005409759,214.15863303305923,521284.3864588482,521.2843864588482,rebalance,rebalance,7232.422535170154
2019-09-16,2019-09-17,QCOM,sell,8228.090032553919,66.38530323809842,546224.251881467,546.224251881467,rebalance,rebalance,24393.017976655192
2019-09-16,2019-09-17,SNPS,sell,3988.0857566634986,133.0500030517578,530614.8220947504,530.6148220947504,rebalance,rebalance,-11161.171592375456
2019-09-16,2019-09-17,XRAY,sell,11153.176006797945,45.41907531409203,506566.94104408,506.56694104408,rebalance,rebalance,-10361.656386505914
2019-09-16,2019-09-17,AMD,buy,7894.622235345549,31.06999969482422,245285.91044293868,245.28591044293867,rebalance,rebalance,0.0
2019-09-16,2019-09-17,CINF,buy,7940.0345488667635,94.57332148625025,750915.4400019104,750.9154400019105,rebalance,rebalance,0.0
2019-09-16,2019-09-17,HAS,buy,8135.450568044281,92.30164128234959,750915.4400019104,750.9154400019105,rebalance,rebalance,0.0
2019-09-16,2019-09-17,HSY,buy,1980.6892792917638,126.04770261562373,249661.33325012235,249.66133325012234,rebalance,rebalance,0.0
2019-09-16,2019-09-17,KMX,buy,2937.601079046949,83.5,245289.69010042024,245.28969010042024,rebalance,rebalance,0.0
2019-09-16,2019-09-17,LDOS,buy,9496.914346139556,79.069412720054,750915.4400019103,750.9154400019104,rebalance,rebalance,0.0
2019-09-16,2019-09-17,LHX,buy,4014.185309222751,187.0654646352903,750915.4400019104,750.9154400019105,rebalance,rebalance,0.0
2019-09-16,2019-09-17,MKTX,buy,881.9841147750788,311.89856198125443,275089.5770886567,275.0895770886567,rebalance,rebalance,0.0
2019-09-16,2019-09-17,MLM,buy,2992.4065389873126,250.94031516721472,750915.4400019104,750.9154400019105,rebalance,rebalance,0.0
2019-09-16,2019-09-17,NOC,buy,2267.9120439600456,331.10430450853033,750915.4400019103,750.9154400019104,rebalance,rebalance,0.0
2019-09-16,2019-09-17,RMD,buy,6080.604615943317,123.49354832791029,750915.4400019104,750.9154400019105,rebalance,rebalance,0.0
2019-09-16,2019-09-17,SBAC,buy,3337.6998157979383,224.97992073693732,750915.4400019104,750.9154400019105,rebalance,rebalance,0.0
2019-09-16,2019-09-17,SBUX,buy,9787.999322920701,76.71797016204127,750915.4400019104,750.9154400019105,rebalance,rebalance,0.0
2019-09-16,2019-09-17,TSN,buy,10550.81185468031,71.17134210566047,750915.4400019104,750.9154400019105,rebalance,rebalance,0.0
2019-09-16,2019-09-17,TTWO,buy,5834.165183995807,128.7100067138672,750915.4400019104,750.9154400019105,rebalance,rebalance,0.0
2019-10-14,2019-10-15,AMD,sell,24168.504904330635,30.700000762939453,741973.1190020564,741.9731190020565,rebalance,rebalance,-38617.172936177616
2019-10-14,2019-10-15,KMX,sell,8992.999281460005,90.75,816114.6847924954,816.1146847924955,rebalance,rebalance,48478.58066425197
2019-10-14,2019-10-15,MLM,sell,2992.4065389873126,256.4803715057696,767493.5408157601,767.4935408157602,rebalance,rebalance,15059.69183303214
2019-10-14,2019-10-15,SBAC,sell,3337.6998157979383,217.82423350446683,727031.904044186,727.031904044186,rebalance,rebalance,-25361.483301770364
2019-10-14,2019-10-15,SBUX,sell,9787.999322920701,74.43361076266237,728556.1317474822,728.5561317474823,rebalance,rebalance,-23838.779826177557
2019-10-14,2019-10-15,TSN,sell,10550.81185468031,68.24717268528325,720063.0786163007,720.0630786163007,rebalance,rebalance,-32323.33990422786
2019-10-14,2019-10-15,AIZ,buy,7934.730061899051,111.49690645198359,884697.8554333005,884.6978554333006,rebalance,rebalance,0.0
2019-10-14,2019-10-15,CINF,buy,1078.4883584273366,98.09786641643554,105797.40691668572,105.79740691668573,rebalance,rebalance,0.0
2019-10-14,2019-10-15,DG,buy,5991.080627645325,147.6691619456661,884697.8554333004,884.6978554333003,rebalance,rebalance,0.0
2019-10-14,2019-10-15,HAS,buy,1324.07277884636,93.52457021252577,123833.33757171051,123.83333757171052,rebalance,rebalance,0.0
2019-10-14,2019-10-15,HSY,buy,760.3340707847428,131.69605121547653,100132.99472693924,100.13299472693924,rebalance,rebalance,0.0
2019-10-14,2019-10-15,LDOS,buy,2216.186441936521,75.53062775093012,167389.9531725657,167.3899531725657,rebalance,rebalance,0.0
2019-10-14,2019-10-15,LHX,buy,873.500898216972,181.0054528637027,158108.42565861408,158.1084256586141,rebalance,rebalance,0.0
2019-10-14,2019-10-15,LMT,buy,2779.325546671242,318.3138644887751,884697.8554333005,884.6978554333006,rebalance,rebalance,0.0
2019-10-14,2019-10-15,MDT,buy,9943.941100163054,88.96853335331942,884697.8554333005,884.6978554333006,rebalance,rebalance,0.0
2019-10-14,2019-10-15,MKTX,buy,300.3349038217116,326.71019525774034,98122.47507030606,98.12247507030605,rebalance,rebalance,0.0
2019-10-14,2019-10-15,NOC,buy,441.4691036525842,326.53133953222186,144153.49777776762,144.15349777776763,rebalance,rebalance,0.0
2019-10-14,2019-10-15,QCOM,buy,13453.25381478303,65.76088339767703,884697.8554333005,884.6978554333006,rebalance,rebalance,0.0
2019-10-14,2019-10-15,RMD,buy,1159.908251005615,122.18718089318193,141725.91928511736,141.72591928511736,rebalance,rebalance,0.0
2019-10-14,2019-10-15,TGT,buy,9608.094578331946,92.07838747012961,884697.8554333005,884.6978554333006,rebalance,rebalance,0.0
2019-10-14,2019-10-15,TTWO,buy,1420.4299580506704,121.94999694824219,173221.42904947104,173.22142904947106,rebalance,rebalance,0.0
2019-11-11,2019-11-12,AIZ,sell,254.57020841564372,114.04436077408319,29032.296690887222,29.03229669088722,rebalance,rebalance,591.0898903021607
2019-11-11,2019-11-12,CINF,sell,9018.5229072941,91.88997130657665,828711.8111789591,828.7118111789591,rebalance,rebalance,-29686.460397734525
2019-11-11,2019-11-12,HSY,sell,6717.724998343257,119.99348593608588,806083.2401111941,806.0832401111941,rebalance,rebalance,-66151.97508688591
2019-11-11,2019-11-12,LDOS,sell,11713.100788076077,80.00209249749123,937072.5726800998,937.0725726800998,rebalance,rebalance,16911.80153976925
2019-11-11,2019-11-12,LHX,sell,4887.686207439723,170.03803652850374,831092.5658804995,831.0925658804996,rebalance,rebalance,-79671.41621156612
2019-11-11,2019-11-12,LMT,sell,2779.325546671242,316.5467729466575,879786.5327669864,879.7865327669864,rebalance,rebalance,-6675.807054514359
2019-11-11,2019-11-12,MDT,sell,9943.941100163054,89.30595995179125,888053.2056541328,888.0532056541327,rebalance,rebalance,1582.5991597449747
2019-11-11,2019-11-12,MKTX,sell,2707.8979115890947,333.9796309658208,904382.7452056427,904.3827452056427,rebalance,rebalance,8694.35431772922
2019-11-11,2019-11-12,NOC,sell,2709.38114761263,311.4843433475478,843929.8076423454,843.9298076423454,rebalance,rebalance,-52878.12888275451
2019-11-11,2019-11-12,QCOM,sell,13453.25381478303,78.84806221873245,1060762.993832412,1060.762993832412,rebalance,rebalance,174119.6775498458
2019-11-11,2019-11-12,RMD,sell,7240.512866948932,135.3249825116498,979822.2770952396,979.8222770952397,rebalance,rebalance,85308.45417182957
2019-11-11,2019-11-12,TTWO,sell,7254.595142046477,119.22000122070312,864892.8416904879,864.8928416904879,rebalance,rebalance,-61033.05707163543
2019-11-11,2019-11-12,AAPL,buy,13917.134031568898,62.93529394388914,875878.9211332916,875.8789211332916,rebalance,rebalance,0.0
2019-11-11,2019-11-12,AMAT,buy,16376.779455658767,53.482977132640315,875878.9211332916,875.8789211332916,rebalance,rebalance,0.0
2019-11-11,2019-11-12,DG,buy,160.59014645922525,142.38065613333904,22864.930421413505,22.864930421413504,rebalance,rebalance,0.0
2019-11-11,2019-11-12,EW,buy,11215.796750302079,78.09333038330078,875878.9211332916,875.8789211332916,rebalance,rebalance,0.0
2019-11-11,2019-11-12,FISV,buy,7920.771447186886,110.58000183105469,875878.9211332916,875.8789211332916,rebalance,rebalance,0.0
2019-11-11,2019-11-12,HAS,buy,2355.0870530229113,74.13523522872158,174594.93265997022,174.59493265997023,rebalance,rebalance,0.0
2019-11-11,2019-11-12,KLAC,buy,54195.99639862008,16.161321487496313,875878.9211332916,875.8789211332916,rebalance,rebalance,0.0
2019-11-11,2019-11-12,MPC,buy,16337.688178063565,53.61094615022244,875878.9211332916,875.8789211332916,rebalance,rebalance,0.0
2019-11-11,2019-11-12,NWL,buy,62170.87564355171,14.088251324543418,875878.9211332916,875.8789211332916,rebalance,rebalance,0.0
2019-11-11,2019-11-12,SHW,buy,4826.056239165719,181.48958025501688,875878.9211332916,875.8789211332916,rebalance,rebalance,0.0
2019-11-11,2019-11-12,T,buy,46657.06234436373,18.77269757509925,875878.9211332916,875.8789211332916,rebalance,rebalance,0.0
2019-11-11,2019-11-12,TGT,buy,19.866864264766264,90.97241678369896,1807.3366560794916,1.8073366560794917,rebalance,rebalance,0.0
2019-11-11,2019-11-12,WDC,buy,22798.355286628324,38.41851353404478,875878.9211332916,875.8789211332916,rebalance,rebalance,0.0
2019-11-11,2019-11-12,ZTS,buy,8023.897311017644,109.15878994745096,875878.9211332916,875.8789211332916,rebalance,rebalance,0.0
2019-12-10,2019-12-11,AAPL,sell,13917.134031568898,64.68222511329466,900191.1963618336,900.1911963618336,rebalance,rebalance,22536.20511104702
2019-12-10,2019-12-11,AIZ,sell,7680.1598534834075,115.48776864609681,886964.5243241326,886.9645243241326,rebalance,rebalance,28907.181014968864
2019-12-10,2019-12-11,AMAT,sell,16376.779455658767,53.49844704173631,876132.2684227558,876.1322684227558,rebalance,rebalance,-1498.6639000916543
2019-12-10,2019-12-11,DG,sell,6151.67077410455,139.89519180071,860589.1628381782,860.5891628381783,rebalance,rebalance,-48741.77496522871
2019-12-10,2019-12-11,EW,sell,11215.796750302079,76.41999816894531,857111.1671213476,857.1111671213476,rebalance,rebalance,-20500.74410019844
2019-12-10,2019-12-11,FISV,sell,7920.771447186886,113.9000015258789,902175.8799207243,902.1758799207244,rebalance,rebalance,24518.903986378955
2019-12-10,2019-12-11,HAS,sell,11814.610399913552,77.17097788476828,911745.037888882,911.745037888882,rebalance,rebalance,-139559.76109283164
2019-12-10,2019-12-11,SHW,sell,4826.056239165719,179.9771894685639,868580.0381422734,868.5800381422735,rebalance,rebalance,-9043.341950293669
2019-12-10,2019-12-11,T,sell,46657.06234436373,18.13819159351004,846274.7359924121,846.274735992412,rebalance,rebalance,-31326.33879800517
2019-12-10,2019-12-11,TGT,sell,9627.961442596712,104.1153030906981,1002418.1237415116,1002.4181237415116,rebalance,rebalance,114024.00833630087
2019-12-10,2019-12-11,ZTS,sell,8023.897311017644,115.30789718557492,925218.7261664335,925.2187261664336,rebalance,rebalance,47538.70738584231
2019-12-10,2019-12-11,CVS,buy,14843.114486307411,58.85238200227186,873552.643851619,873.552643851619,rebalance,rebalance,0.0
2019-12-10,2019-12-11,DVA,buy,12095.716270926894,72.22000122070312,873552.643851619,873.552643851619,rebalance,rebalance,0.0
2019-12-10,2019-12-11,KLAC,buy,3677.0543862563136,15.094290555007325,55502.52729271693,55.50252729271693,rebalance,rebalance,0.0
2019-12-10,2019-12-11,LRCX,buy,34960.373769507045,24.986936627478066,873552.643851619,873.552643851619,rebalance,rebalance,0.0
2019-12-10,2019-12-11,MPC,buy,1844.2471260436596,48.045085918564844,88607.01162583391,88.60701162583392,rebalance,rebalance,0.0
2019-12-10,2019-12-11,MU,buy,18760.738319733216,46.562807335401345,873552.6438516189,873.5526438516189,rebalance,rebalance,0.0
2019-12-10,2019-12-11,NVDA,buy,163903.90289517798,5.329663470004647,873552.643851619,873.552643851619,rebalance,rebalance,0.0
2019-12-10,2019-12-11,NWL,buy,1899.2382245665212,13.634323261072044,25894.827903524492,25.894827903524494,rebalance,rebalance,0.0
2019-12-10,2019-12-11,ODFL,buy,14449.43033819934,60.45585351155646,873552.643851619,873.552643851619,rebalance,rebalance,0.0
2019-12-10,2019-12-11,PSX,buy,10206.01525163579,85.5919398818857,873552.6438516191,873.5526438516191,rebalance,rebalance,0.0
2019-12-10,2019-12-11,QRVO,buy,7856.395581176056,111.19000244140625,873552.643851619,873.552643851619,rebalance,rebalance,0.0
2019-12-10,2019-12-11,STX,buy,18991.661452276054,45.99664152853399,873552.6438516189,873.5526438516189,rebalance,rebalance,0.0
2019-12-10,2019-12-11,SWKS,buy,9829.044378725943,88.87462607680793,873552.6438516191,873.5526438516191,rebalance,rebalance,0.0
2019-12-10,2019-12-11,WDC,buy,1055.7506466128507,36.62064075242937,38662.26515375421,38.66226515375421,rebalance,rebalance,0.0
2019-12-10,2019-12-11,WU,buy,52153.93556804578,16.749505753250123,873552.643851619,873.552643851619,rebalance,rebalance,0.0
2020-01-09,2020-01-10,DVA,sell,12095.716270926894,75.86000061035156,917581.0436951536,917.5810436951535,rebalance,rebalance,42237.26615598784
2020-01-09,2020-01-10,KLAC,sell,5.672428156089154,16.358177927014683,92.7905890555142,0.09279058905551421,rebalance,rebalance,1.3171389930012563
2020-01-09,2020-01-10,LRCX,sell,921.6541912206885,27.809649806362227,25630.880300413355,25.630880300413356,rebalance,rebalance,2552.905236763569
2020-01-09,2020-01-10,MPC,sell,18181.935304107225,48.91417112401349,889354.2948308431,889.3542948308432,rebalance,rebalance,-76985.47815587217
2020-01-09,2020-01-10,MU,sell,18760.738319733216,56.04112948992814,1051372.965502826,1051.372965502826,rebalance,rebalance,175895.39604185274
2020-01-09,2020-01-10,NVDA,sell,163903.90289517798,6.148253347803174,1007722.7196932844,1007.7227196932844,rebalance,rebalance,132288.80047812065
2020-01-09,2020-01-10,PSX,sell,10206.01525163579,80.7748001247182,824388.8420207065,824.3888420207065,rebalance,rebalance,-50861.74331678486
2020-01-09,2020-01-10,STX,sell,18991.661452276054,48.61152304998953,923213.588444915,923.213588444915,rebalance,rebalance,47864.17836099958
2020-01-09,2020-01-10,SWKS,sell,627.8476072507565,102.87845101451346,64591.98930712644,64.59198930712644,rebalance,rebalance,8671.87626886214
2020-01-09,2020-01-10,WDC,sell,23854.105933241175,51.16353346239516,1220460.3471309037,1220.4603471309038,rebalance,rebalance,303784.1593104401
2020-01-09,2020-01-10,AAPL,buy,12665.65259359961,74.73794692643483,946604.8713291093,946.6048713291093,rebalance,rebalance,0.0
2020-01-09,2020-01-10,AMGN,buy,4868.16194252782,194.44810639096764,946604.8713291093,946.6048713291093,rebalance,rebalance,0.0
2020-01-09,2020-01-10,BMY,buy,18593.23047213909,50.911264330722055,946604.8713291093,946.6048713291093,rebalance,rebalance,0.0
2020-01-09,2020-01-10,CVS,buy,1188.622127679575,59.045685075891164,70183.00782520388,70.18300782520389,rebalance,rebalance,0.0
2020-01-09,2020-01-10,JBHT,buy,8424.451638015174,112.36397477285918,946604.8713291093,946.6048713291093,rebalance,rebalance,0.0
2020-01-09,2020-01-10,LKQ,buy,31409.473304585907,30.13755952383007,946604.8713291093,946.6048713291093,rebalance,rebalance,0.0
2020-01-09,2020-01-10,NWL,buy,3769.3957373865414,13.9535924836977,52596.61202927899,52.596612029278994,rebalance,rebalance,0.0
2020-01-09,2020-01-10,ODFL,buy,600.5392859234034,62.89746059100678,37772.39606971862,37.77239606971862,rebalance,rebalance,0.0
2020-01-09,2020-01-10,QRVO,buy,483.7354437500171,113.5,54903.97286562694,54.90397286562695,rebalance,rebalance,0.0
2020-01-09,2020-01-10,STT,buy,14056.865306028822,67.34110704775138,946604.8713291093,946.6048713291093,rebalance,rebalance,0.0
2020-01-09,2020-01-10,TGT,buy,9142.194505412226,103.5424121384329,946604.8713291094,946.6048713291094,rebalance,rebalance,0.0
2020-01-09,2020-01-10,WU,buy,4093.0935131673978,16.82941991411384,68884.38948082957,68.88438948082957,rebalance,rebalance,0.0
2020-02-07,2020-02-10,AAPL,sell,4729.4623368467655,75.77878713871854,358392.91970449744,358.39291970449744,rebalance,rebalance,4210.751357845092
2020-02-07,2020-02-10,AMGN,sell,4868.16194252782,185.86950932278214,904842.8715614879,904.8428715614879,rebalance,rebalance,-43613.44751051191
2020-02-07,2020-02-10,BMY,sell,6857.722125415246,51.245745338908556,351429.0816440284,351.42908164402843,rebalance,rebalance,1593.2134248941281
2020-02-07,2020-02-10,CVS,sell,16031.736613986986,58.01704426352872,930113.972754917,930.113972754917,rebalance,rebalance,-15495.528546337337
2020-02-07,2020-02-10,JBHT,sell,8424.451638015174,105.82538554372287,891520.8425874035,891.5208425874035,rebalance,rebalance,-56922.15445562214
2020-02-07,2020-02-10,KLAC,sell,57867.378356720306,15.216690919183353,880550.0107576532,880.5500107576531,rebalance,rebalance,-52551.98846806522
2020-02-07,2020-02-10,LKQ,sell,31409.473304585907,28.565539094996655,897228.5376354025,897.2285376354025,rebalance,rebalance,-51220.167102671236
2020-02-07,2020-02-10,LRCX,sell,13437.488464710816,29.192181226613503,392269.59849236655,392.2695984923666,rebalance,rebalance,55779.89452097738
2020-02-07,2020-02-10,NWL,sell,67839.50960550478,14.461520575702698,981062.4640055882,981.0624640055883,rebalance,rebalance,24756.670114421482
2020-02-07,2020-02-10,ODFL,sell,15049.969624122743,71.06202420606837,1069481.305730004,1069.4813057300041,rebalance,rebalance,156175.45946301526
2020-02-07,2020-02-10,QRVO,sell,2543.5539438769565,103.75,263893.7216772342,263.8937216772342,rebalance,rebalance,-19811.89035724735
2020-02-07,2020-02-10,STT,sell,4701.995063352255,64.2868213623429,302276.3166843446,302.27631668434464,rebalance,rebalance,-14980.150084441586
2020-02-07,2020-02-10,SWKS,sell,2920.875348683473,95.75861356018228,279698.97377204336,279.69897377204336,rebalance,rebalance,19567.9786626305
2020-02-07,2020-02-10,TGT,sell,2876.273053930733,95.9786803609953,276060.8920741616,276.06089207416164,rebalance,rebalance,-22329.235040650266
2020-02-07,2020-02-10,WU,sell,56247.02908121318,17.408016712396062,979149.2222683864,979.1492222683864,rebalance,rebalance,34790.60268033692
2020-02-07,2020-02-10,ABBV,buy,8434.521848538583,71.30159633922192,601394.8721588459,601.3948721588459,rebalance,rebalance,0.0
2020-02-07,2020-02-10,ALGN,buy,2333.2487765619626,257.75,601394.8721588459,601.3948721588459,rebalance,rebalance,0.0
2020-02-07,2020-02-10,AMD,buy,12156.758789550282,49.470001220703125,601394.8721588459,601.3948721588459,rebalance,rebalance,0.0
2020-02-07,2020-02-10,APA,buy,25392.86417506079,23.683617098597985,601394.8721588459,601.3948721588459,rebalance,rebalance,0.0
2020-02-07,2020-02-10,LW,buy,7166.098505942038,83.92221676274431,601394.8721588459,601.3948721588459,rebalance,rebalance,0.0
2020-02-07,2020-02-10,NVDA,buy,95812.7571896026,6.2767724236215585,601394.8721588459,601.3948721588459,rebalance,rebalance,0.0
2020-02-07,2020-02-10,PVH,buy,7071.75327364739,85.04183459000474,601394.8721588459,601.3948721588459,rebalance,rebalance,0.0
2020-02-07,2020-02-10,URI,buy,4185.120983487531,143.6983242615112,601394.8721588459,601.3948721588459,rebalance,rebalance,0.0
2020-03-09,2020-03-10,AAPL,sell,7936.190256752845,66.84494692684842,530494.2165140155,530.4942165140154,market_trend_exit,risk_exit,-63763.97847598915
2020-03-09,2020-03-10,ABBV,sell,8434.521848538583,68.0823659215007,574242.2028650963,574.2422028650963,market_trend_exit,risk_exit,-28328.306368773476
2020-03-09,2020-03-10,ALGN,sell,2333.2487765619626,221.55999755859375,516954.5932386603,516.9545932386603,market_trend_exit,risk_exit,-85558.62838558304
2020-03-09,2020-03-10,AMD,sell,12156.758789550282,45.40999984741211,552038.4147785042,552.0384147785041,market_trend_exit,risk_exit,-50509.89066727905
2020-03-09,2020-03-10,APA,sell,25392.86417506079,9.658634333078751,245260.3897364476,245.2603897364476,market_trend_exit,risk_exit,-356981.13768429356
2020-03-09,2020-03-10,BMY,sell,11735.508346723844,45.75402120947056,536946.6977999215,536.9466977999215,market_trend_exit,risk_exit,-61657.28596082636
2020-03-09,2020-03-10,LRCX,sell,20601.23111357554,25.631253176436612,528035.3704183379,528.0353704183378,market_trend_exit,risk_exit,12230.917108695214
2020-03-09,2020-03-10,LW,sell,7166.098505942038,66.65430242549277,477651.2970259325,477.65129702593254,market_trend_exit,risk_exit,-124822.62130209804
2020-03-09,2020-03-10,NVDA,sell,95812.7571896026,6.381014182098124,611382.5624527782,611.3825624527782,market_trend_exit,risk_exit,8774.912859320784
2020-03-09,2020-03-10,PVH,sell,7071.75327364739,63.19994901354702,446934.4463308993,446.93444633089933,market_trend_exit,risk_exit,-155508.75514643634
2020-03-09,2020-03-10,QRVO,sell,5796.577081049117,92.47000122070312,536009.4897605116,536.0094897605115,market_trend_exit,risk_exit,-110469.87475040769
2020-03-09,2020-03-10,STT,sell,9354.870242676567,45.30131130925567,423787.88912118325,423.78788912118324,market_trend_exit,risk_exit,-207233.1845162743
2020-03-09,2020-03-10,SWKS,sell,6280.321422791713,78.32008619632954,491875.31517370197,491.87531517370195,market_trend_exit,risk_exit,-67335.93945234435
2020-03-09,2020-03-10,TGT,sell,6265.921451481493,88.7094101915925,555846.1962677704,555.8461962677704,market_trend_exit,risk_exit,-94147.05990619805
2020-03-09,2020-03-10,URI,sell,4185.120983487531,101.05186037168443,422914.26126198855,422.91426126198854,market_trend_exit,risk_exit,-179504.92003027807
2020-06-03,2020-06-04,AMD,buy,10577.368461861633,52.59000015258789,556263.8090232817,556.2638090232817,rebalance,rebalance,0.0
2020-06-03,2020-06-04,AMZN,buy,4490.652147749878,123.87149810791016,556263.8090232817,556.2638090232817,rebalance,rebalance,0.0
2020-06-03,2020-06-04,CLX,buy,3315.8391934020096,167.75958560661138,556263.8090232817,556.2638090232817,rebalance,rebalance,0.0
2020-06-03,2020-06-04,DLR,buy,4957.190599958621,112.21352050250499,556263.8090232817,556.2638090232817,rebalance,rebalance,0.0
2020-06-03,2020-06-04,DXCM,buy,6118.504134869096,90.91500091552734,556263.8090232817,556.2638090232817,rebalance,rebalance,0.0
2020-06-03,2020-06-04,GILD,buy,9490.46081650729,58.61293985385208,556263.8090232817,556.2638090232817,rebalance,rebalance,0.0
2020-06-03,2020-06-04,LLY,buy,3908.514820444631,142.32101823270082,556263.8090232817,556.2638090232817,rebalance,rebalance,0.0
2020-06-03,2020-06-04,MSCI,buy,1888.5765627749581,294.54130692268143,556263.8090232817,556.2638090232817,rebalance,rebalance,0.0
2020-06-03,2020-06-04,NEM,buy,11622.970146452795,47.85900695039188,556263.8090232817,556.2638090232817,rebalance,rebalance,0.0
2020-06-03,2020-06-04,NFLX,buy,13169.436537845255,42.23899841308594,556263.8090232817,556.2638090232817,rebalance,rebalance,0.0
2020-06-03,2020-06-04,NOW,buy,7211.28115198927,77.13800048828125,556263.8090232817,556.2638090232817,rebalance,rebalance,0.0
2020-06-03,2020-06-04,NVDA,buy,64028.49576335012,8.687753825722185,556263.8090232817,556.2638090232817,rebalance,rebalance,0.0
2020-06-03,2020-06-04,REGN,buy,940.5737636041036,591.409021331599,556263.8090232817,556.2638090232817,rebalance,rebalance,0.0
2020-06-03,2020-06-04,SBAC,buy,1955.3564014137273,284.4820558651618,556263.8090232817,556.2638090232817,rebalance,rebalance,0.0
2020-06-03,2020-06-04,WST,buy,2709.9663964970323,205.26594342362387,556263.8090232817,556.2638090232817,rebalance,rebalance,0.0
2020-07-01,2020-07-02,AMD,sell,10577.368461861633,53.029998779296875,560917.8366206957,560.9178366206957,rebalance,rebalance,3536.8459517701044
2020-07-01,2020-07-02,AMZN,sell,1014.632034463199,145.60049438476562,147730.92583646232,147.73092583646232,rebalance,rebalance,21773.520783255455
2020-07-01,2020-07-02,CLX,sell,508.36323035288297,180.27233488270235,91643.82650422727,91.64382650422728,rebalance,rebalance,6184.095011223443
2020-07-01,2020-07-02,DLR,sell,4957.190599958621,121.88703069250994,604217.2428057782,604.2172428057781,rebalance,rebalance,46792.95273066746
2020-07-01,2020-07-02,DXCM,sell,1085.3357648235642,100.55500030517578,109135.93816305169,109.13593816305169,rebalance,rebalance,10254.82687024715
2020-07-01,2020-07-02,GILD,sell,9490.46081650729,60.8819237548745,577797.5118292208,577.7975118292209,rebalance,rebalance,20399.641485086664
2020-07-01,2020-07-02,LLY,sell,3908.514820444631,153.4104977834176,599607.2041982759,599.6072041982759,rebalance,rebalance,42187.524161772766
2020-07-01,2020-07-02,MSCI,sell,1888.5765627749581,322.4226349819126,608919.8317349855,608.9198317349855,rebalance,rebalance,51490.83907094557
2020-07-01,2020-07-02,NEM,sell,1723.5370117989223,51.12517455310084,88116.13057694973,88.11613057694973,rebalance,rebalance,5458.757849603565
2020-07-01,2020-07-02,NFLX,sell,13169.436537845255,48.56399917602539,639560.5051726357,639.5605051726357,rebalance,rebalance,82100.87183515808
2020-07-01,2020-07-02,NOW,sell,1204.8934475232509,84.26200103759766,101526.73292539878,101.52673292539879,rebalance,rebalance,8389.191777754611
2020-07-01,2020-07-02,NVDA,sell,11278.746568900817,9.59455267019897,108214.52800914481,108.21452800914481,rebalance,rebalance,10021.35285416331
2020-07-01,2020-07-02,REGN,sell,105.92863349089987,606.3777631066813,64232.767825159346,64.23276782515934,rebalance,rebalance,1458.73844402362
2020-07-01,2020-07-02,SBAC,sell,129.1499050945638,277.13746939682187,35792.27787074712,35.79227787074712,rebalance,rebalance,-1021.08575373175
2020-07-01,2020-07-02,WST,sell,429.76829322914045,221.9588930718747,95390.89464252889,95.39089464252889,rebalance,rebalance,6990.492790482988
2020-07-01,2020-07-02,BIO,buy,1109.452968371708,456.17999267578125,506110.24698592955,506.11024698592956,rebalance,rebalance,0.0
2020-07-01,2020-07-02,CDNS,buy,5197.271115841661,97.37999725341797,506110.24698592955,506.11024698592956,rebalance,rebalance,0.0
2020-07-01,2020-07-02,FTNT,buy,18034.14559027963,28.06399917602539,506110.24698592944,506.11024698592945,rebalance,rebalance,0.0
2020-07-01,2020-07-02,MKTX,buy,1059.991016719252,477.4665435867343,506110.24698592955,506.11024698592956,rebalance,rebalance,0.0
2020-07-01,2020-07-02,PYPL,buy,2847.9843053504856,177.70822895164983,506110.2469859295,506.1102469859295,rebalance,rebalance,0.0
2020-07-01,2020-07-02,TSCO,buy,20965.45710832598,24.14019615078837,506110.2469859295,506.1102469859295,rebalance,rebalance,0.0
2020-07-30,2020-07-31,BIO,sell,1109.452968371708,524.9299926757812,582385.1385614845,582.3851385614845,rebalance,rebalance,75186.39619000755
2020-07-30,2020-07-31,FTNT,sell,18034.14559027963,27.68000030517578,499185.15544252464,499.18515544252466,rebalance,rebalance,-7930.386945833255
2020-07-30,2020-07-31,NOW,sell,6006.387704466019,87.39800262451172,524946.2883587561,524.9462883587561,rebalance,rebalance,60637.28365281115
2020-07-30,2020-07-31,SBAC,sell,1826.2064963191635,285.8763121314758,522069.178358266,522.0691783582661,rebalance,rebalance,1504.6076942109935
2020-07-30,2020-07-31,AMZN,buy,434.0351244580038,162.1999969482422,70400.49586251813,70.40049586251813,rebalance,rebalance,0.0
2020-07-30,2020-07-31,CDNS,buy,659.326374857118,108.29000091552734,71398.45373690863,71.39845373690864,rebalance,rebalance,0.0
2020-07-30,2020-07-31,CLX,buy,507.5862817765269,191.31192743652403,97107.30990700595,97.10730990700596,rebalance,rebalance,0.0
2020-07-30,2020-07-31,DPZ,buy,1782.2759424173812,355.84329706512057,634210.9476296459,634.210947629646,rebalance,rebalance,0.0
2020-07-30,2020-07-31,DXCM,buy,801.6073731834867,108.69499969482422,87130.71318354794,87.13071318354794,rebalance,rebalance,0.0
2020-07-30,2020-07-31,EBAY,buy,12762.14724956296,49.694689712294654,634210.9476296459,634.210947629646,rebalance,rebalance,0.0
2020-07-30,2020-07-31,INCY,buy,6317.471376486946,100.38999938964844,634210.9476296459,634.210947629646,rebalance,rebalance,0.0
2020-07-30,2020-07-31,MKTX,buy,254.9603123599336,482.3075452334511,122969.2823862735,122.96928238627349,rebalance,rebalance,0.0
2020-07-30,2020-07-31,NEM,buy,1440.368573422189,55.927869283461014,80556.7452943614,80.5567452943614,rebalance,rebalance,0.0
2020-07-30,2020-07-31,NFLX,buy,12988.407836721195,48.82899856567383,634210.9476296459,634.210947629646,rebalance,rebalance,0.0
2020-07-30,2020-07-31,NVDA,buy,7567.7586690342,10.514541633004042,79571.51359408734,79.57151359408735,rebalance,rebalance,0.0
2020-07-30,2020-07-31,PYPL,buy,473.8681604163171,190.9208654404365,90471.31929135085,90.47131929135085,rebalance,rebalance,0.0
2020-07-30,2020-07-31,REGN,buy,174.04563587844495,628.7466575607541,109430.61182160833,109.43061182160832,rebalance,rebalance,0.0
2020-07-30,2020-07-31,TSCO,buy,3418.2825045467725,26.009584981576452,88908.10929304527,88.90810929304527,rebalance,rebalance,0.0
2020-07-30,2020-07-31,WST,buy,101.79411429648235,266.25231726329355,27102.918815202986,27.102918815202987,rebalance,rebalance,0.0
2020-08-27,2020-08-28,CLX,sell,3315.0622448256536,180.43603121122527,598156.6746745162,598.1566746745162,rebalance,rebalance,28902.11561712337
2020-08-27,2020-08-28,DPZ,sell,1782.2759424173812,383.43826784170284,683392.8001764591,683.3928001764591,rebalance,rebalance,47864.24879900726
2020-08-27,2020-08-28,INCY,sell,6317.471376486946,94.12999725341797,594663.5633172628,594.6635633172629,rebalance,rebalance,-40776.25882332994
2020-08-27,2020-08-28,NFLX,sell,12988.407836721195,53.20000076293945,690983.3068229364,690.9833068229365,rebalance,rebalance,55447.1649388379
2020-08-27,2020-08-28,NVDA,sell,6463.978104553993,12.616554992173452,81553.13522431056,81.55313522431057,rebalance,rebalance,23774.957767306416
2020-08-27,2020-08-28,REGN,sell,1008.6907659916487,605.2880822779977,610548.4993586096,610.5484993586095,rebalance,rebalance,6287.632206826692
2020-08-27,2020-08-28,AMD,buy,8059.857593469161,84.30000305175781,679446.0197261836,679.4460197261836,rebalance,rebalance,0.0
2020-08-27,2020-08-28,AMZN,buy,59.83108394066221,171.14999389648438,10240.089651264381,10.240089651264382,rebalance,rebalance,0.0
2020-08-27,2020-08-28,BIO,buy,1376.2325358040714,493.70001220703125,679446.0197261836,679.4460197261836,rebalance,rebalance,0.0
2020-08-27,2020-08-28,CDNS,buy,292.2352670042401,110.5,32291.99700396853,32.29199700396853,rebalance,rebalance,0.0
2020-08-27,2020-08-28,CMG,buy,26437.793552339823,25.699800491333008,679446.0197261836,679.4460197261836,rebalance,rebalance,0.0
2020-08-27,2020-08-28,DXCM,buy,510.44286069086775,107.08000183105469,54658.22245742691,54.658222457426916,rebalance,rebalance,0.0
2020-08-27,2020-08-28,EBAY,buy,618.6362977159424,50.77774536337633,31412.956397961996,31.412956397961995,rebalance,rebalance,0.0
2020-08-27,2020-08-28,KHC,buy,26246.705898282267,25.88690643158578,679446.0197261836,679.4460197261836,rebalance,rebalance,0.0
2020-08-27,2020-08-28,MKTX,buy,138.36683920603173,467.5136075178003,64688.3801580473,64.68838015804731,rebalance,rebalance,0.0
2020-08-27,2020-08-28,NEM,buy,962.0998010471958,55.23097540833807,53137.71045200462,53.13771045200462,rebalance,rebalance,0.0
2020-08-27,2020-08-28,PYPL,buy,22.692609448562507,203.15050461158222,4610.015060429032,4.610015060429032,rebalance,rebalance,0.0
2020-08-27,2020-08-28,TSCO,buy,624.9482842700345,27.1683993386878,16978.84455307608,16.97884455307608,rebalance,rebalance,0.0
2020-08-27,2020-08-28,TTWO,buy,3924.4844946783437,173.1300048828125,679446.0197261836,679.4460197261836,rebalance,rebalance,0.0
2020-08-27,2020-08-28,WST,buy,140.2270428973593,269.3842008017177,37774.94988169332,37.77494988169332,rebalance,rebalance,0.0
2020-09-25,2020-09-28,AMD,sell,8059.857593469161,79.12000274658203,637695.9549323401,637.6959549323401,rebalance,rebalance,-43067.20676850206
2020-09-25,2020-09-28,AMZN,sell,3969.886321685345,157.4425048828125,625028.8465861555,625.0288465861555,rebalance,rebalance,112672.1929353386
2020-09-25,2020-09-28,BIO,sell,1376.2325358040714,508.8500061035156,700295.9342437586,700.2959342437586,rebalance,rebalance,19470.172563604996
2020-09-25,2020-09-28,CDNS,sell,6148.8327577030195,105.05000305175781,645934.8999614506,645.9348999614506,rebalance,rebalance,34878.4666369556
2020-09-25,2020-09-28,CMG,sell,9508.485880188913,25.263200759887695,240214.78771376997,240.21478771376997,rebalance,rebalance,-4635.983359551292
2020-09-25,2020-09-28,DXCM,sell,6345.218603919886,99.75,632935.5557410086,632.9355557410087,rebalance,rebalance,32323.7981309885
2020-09-25,2020-09-28,EBAY,sell,4499.823450843478,48.157912410744636,216702.10360953488,216.70210360953487,rebalance,rebalance,-7581.091479674943
2020-09-25,2020-09-28,KHC,sell,26246.705898282267,22.0813256857535,579562.0611181582,579.5620611181582,rebalance,rebalance,-101142.96668886974
2020-09-25,2020-09-28,MKTX,sell,1453.3181682852173,435.4326278383678,632822.1491016755,632.8221491016754,rebalance,rebalance,-62272.35048720666
2020-09-25,2020-09-28,NEM,sell,12301.901509123258,52.25579837965318,642845.6849470962,642.8456849470962,rebalance,rebalance,34123.872824500955
2020-09-25,2020-09-28,NVDA,sell,20913.884197058658,12.984004264530533,271545.96160250733,271.54596160250736,rebalance,rebalance,84599.81679336437
2020-09-25,2020-09-28,PYPL,sell,1080.366907120398,188.89348218002812,204074.26711803902,204.07426711803902,rebalance,rebalance,9476.939901835396
2020-09-25,2020-09-28,TSCO,sell,25008.687897142787,25.33915092106785,633698.916963584,633.698916963584,rebalance,rebalance,20456.020013737616
2020-09-25,2020-09-28,TTWO,sell,3924.4844946783437,167.3699951171875,656840.9507117925,656.8409507117925,rebalance,rebalance,-23941.35598482911
2020-09-25,2020-09-28,WST,sell,925.459818511828,267.84779673836,247882.37335827562,247.88237335827563,rebalance,rebalance,51896.64442962655
2020-09-25,2020-09-28,AAPL,buy,3837.128770810349,111.46055396966348,427688.4984474554,427.6884984474554,rebalance,rebalance,0.0
2020-09-25,2020-09-28,APA,buy,49365.6633150822,8.663683818399903,427688.4984474554,427.6884984474554,rebalance,rebalance,0.0
2020-09-25,2020-09-28,DHI,buy,6230.113136964031,68.6485925769031,427688.4984474554,427.6884984474554,rebalance,rebalance,0.0
2020-09-25,2020-09-28,ETSY,buy,3553.1153002287347,120.37000274658203,427688.4984474554,427.6884984474554,rebalance,rebalance,0.0
2020-09-25,2020-09-28,FCX,buy,29426.701459755244,14.534027846524824,427688.4984474554,427.6884984474554,rebalance,rebalance,0.0
2020-09-25,2020-09-28,HAL,buy,37458.06375416589,11.417795144306949,427688.49844745535,427.68849844745534,rebalance,rebalance,0.0
2020-09-25,2020-09-28,LEN,buy,6187.386160374395,69.12264522723376,427688.4984474554,427.6884984474554,rebalance,rebalance,0.0
2020-09-25,2020-09-28,LOW,buy,2957.1238486292564,144.6298905085446,427688.4984474554,427.6884984474554,rebalance,rebalance,0.0
2020-09-25,2020-09-28,URI,buy,2581.0226777386597,165.70505255001126,427688.4984474554,427.6884984474554,rebalance,rebalance,0.0
2020-09-25,2020-09-28,WHR,buy,3093.5321284096444,138.2524831469347,427688.4984474554,427.6884984474554,rebalance,rebalance,0.0
2020-10-23,2020-10-26,APA,sell,49365.6633150822,7.7620248449769,383177.5051404328,383.1775051404328,rebalance,rebalance,-45321.85931061048
2020-10-23,2020-10-26,CMG,sell,16929.30767215091,26.462600708007812,447993.50919114274,447.9935091911428,rebalance,rebalance,12030.606221649361
2020-10-23,2020-10-26,EBAY,sell,8880.960096435425,48.42043387820513,430019.94112442975,430.01994112442975,rebalance,rebalance,-12633.113762729912
2020-10-23,2020-10-26,HAL,sell,37458.06375416589,11.72346652935335,439138.35667634767,439.13835667634766,rebalance,rebalance,10583.031373768563
2020-10-23,2020-10-26,PYPL,sell,2264.178168094967,198.44695452698093,449319.2619649249,449.3192619649249,rebalance,rebalance,41470.42273299853
2020-10-23,2020-10-26,URI,sell,2581.0226777386597,177.73846413590326,458747.00664120575,458.74700664120576,rebalance,rebalance,30172.07268866179
2020-10-23,2020-10-26,WST,sell,1596.7594419499055,274.7416440102235,438696.3141701641,438.6963141701641,rebalance,rebalance,100537.65597078993
2020-10-23,2020-10-26,AAPL,buy,1978.531717966017,110.49142421725676,218610.787377081,218.610787377081,rebalance,rebalance,0.0
2020-10-23,2020-10-26,ALGN,buy,1388.6728651967942,462.7300109863281,642580.6101689283,642.5806101689283,rebalance,rebalance,0.0
2020-10-23,2020-10-26,DE,buy,2917.2302189121897,220.27079179528764,642580.6101689283,642.5806101689283,rebalance,rebalance,0.0
2020-10-23,2020-10-26,DHI,buy,3200.079926597259,68.14076931806306,218055.90807762803,218.05590807762803,rebalance,rebalance,0.0
2020-10-23,2020-10-26,ETSY,buy,1120.537943612885,137.49000549316406,154062.76802263432,154.06276802263432,rebalance,rebalance,0.0
2020-10-23,2020-10-26,FCX,buy,9052.880746487888,16.699261616844492,151176.4239716957,151.17642397169573,rebalance,rebalance,0.0
2020-10-23,2020-10-26,FDX,buy,3167.0339319726468,202.89666103093654,642580.6101689283,642.5806101689283,rebalance,rebalance,0.0
2020-10-23,2020-10-26,LEN,buy,3224.2011250980304,68.27547688590269,220133.86939213204,220.13386939213206,rebalance,rebalance,0.0
2020-10-23,2020-10-26,LOW,buy,1252.285910874089,152.65337586064425,191165.67183765155,191.16567183765156,rebalance,rebalance,0.0
2020-10-23,2020-10-26,MOS,buy,39574.91254867997,16.237069617740993,642580.6101689283,642.5806101689283,rebalance,rebalance,0.0
2020-10-23,2020-10-26,NVDA,buy,15125.017581415159,13.369085896916106,202207.65923830555,202.20765923830555,rebalance,rebalance,0.0
2020-10-23,2020-10-26,PHM,buy,15430.019896640008,41.64483354352995,642580.6101689283,642.5806101689283,rebalance,rebalance,0.0
2020-10-23,2020-10-26,RCL,buy,10619.800400423701,60.507786016702454,642580.6101689283,642.5806101689283,rebalance,rebalance,0.0
2020-10-23,2020-10-26,UPS,buy,4870.438082472798,131.93486895591127,642580.6101689283,642.5806101689283,rebalance,rebalance,0.0
2020-10-23,2020-10-26,WHR,buy,1207.478671148995,149.40223126965142,180400.00768017356,180.40000768017356,rebalance,rebalance,0.0
2020-11-20,2020-11-23,AAPL,sell,5815.660488776366,113.75947798730789,661586.5013546112,661.5865013546113,rebalance,rebalance,13979.329742895763
2020-11-20,2020-11-23,ALGN,sell,403.3317464008031,452.1499938964844,182366.44667338152,182.36644667338152,rebalance,rebalance,-4636.256919913557
2020-11-20,2020-11-23,DE,sell,1077.7176018899152,242.19566461618223,261018.5308582861,261.0185308582861,rebalance,rebalance,23130.413117917633
2020-11-20,2020-11-23,DHI,sell,9430.19306356129,71.0560095881277,670071.8887423063,670.0718887423063,rebalance,rebalance,23011.66592195546
2020-11-20,2020-11-23,ETSY,sell,1513.922883206425,141.0,213463.12653210593,213.46312653210595,rebalance,rebalance,24616.225022076425
2020-11-20,2020-11-23,FCX,sell,16263.447872450946,20.05398302673632,326146.90759034216,326.14690759034215,rebalance,rebalance,80918.05410096838
2020-11-20,2020-11-23,FDX,sell,972.9504541197743,203.05607573580096,197563.50109892685,197.56350109892685,rebalance,rebalance,-239.86929009712756
2020-11-20,2020-11-23,LEN,sell,9411.587285472426,67.32671467462288,633651.2518043105,633.6512518043105,rebalance,rebalance,-15452.589654920752
2020-11-20,2020-11-23,LOW,sell,4209.409759503345,134.96938332813977,568141.4394156197,568.1414394156197,rebalance,rebalance,-51899.72647918782
2020-11-20,2020-11-23,MOS,sell,14190.790719352339,17.551207161904934,249065.50770659084,249.06550770659084,rebalance,rebalance,18169.16850112667
2020-11-20,2020-11-23,NVDA,sell,48064.66314328601,13.114436775948434,630340.9859498832,630.3409859498832,rebalance,rebalance,133285.80392269575
2020-11-20,2020-11-23,PHM,sell,15430.019896640008,41.578668280083896,641559.6788374893,641.5596788374894,rebalance,rebalance,-2305.07162044531
2020-11-20,2020-11-23,RCL,sell,10619.800400423701,71.53571635341513,759695.0291745942,759.6950291745942,rebalance,rebalance,115712.14336632249
2020-11-20,2020-11-23,UPS,sell,1404.1533325514938,128.53011595763368,180475.99065514127,180.4759906551413,rebalance,rebalance,-5146.52804562549
2020-11-20,2020-11-23,WHR,sell,1319.7263188576853,149.43960689883983,197219.38230414543,197.21938230414543,rebalance,rebalance,10249.110359487693
2020-11-20,2020-11-23,AES,buy,26939.437127921137,16.537909783861267,445521.98084956245,445.52198084956245,rebalance,rebalance,0.0
2020-11-20,2020-11-23,GLW,buy,14063.487662220272,31.679338123671783,445521.98084956245,445.52198084956245,rebalance,rebalance,0.0
2020-11-20,2020-11-23,IVZ,buy,35030.76803532577,12.71801921100584,445521.98084956245,445.52198084956245,rebalance,rebalance,0.0
2020-11-20,2020-11-23,PWR,buy,6655.410496248206,66.94132256766318,445521.98084956245,445.52198084956245,rebalance,rebalance,0.0
2020-11-20,2020-11-23,QCOM,buy,3555.4410555522736,125.30709239401486,445521.98084956245,445.52198084956245,rebalance,rebalance,0.0
2020-11-20,2020-11-23,UA,buy,30041.940872662213,14.829999923706055,445521.98084956245,445.52198084956245,rebalance,rebalance,0.0
2020-11-20,2020-11-23,UAA,buy,26346.657887033907,16.90999984741211,445521.98084956245,445.52198084956245,rebalance,rebalance,0.0
2020-12-21,2020-12-22,AES,sell,26939.437127921137,18.222995257922868,490917.2350332181,490.9172350332181,rebalance,rebalance,44458.814967772945
2020-12-21,2020-12-22,ETSY,sell,3159.7303606351948,191.11000061035156,603856.0711495384,603.8560711495384,rebalance,rebalance,209552.63572532643
2020-12-21,2020-12-22,GLW,sell,14063.487662220272,31.39324403251596,441498.50012835837,441.4985001283584,rebalance,rebalance,-4910.501202181955
2020-12-21,2020-12-22,IVZ,sell,35030.76803532577,13.892966342821774,486681.28127797775,486.68128127797775,rebalance,rebalance,40227.09716628783
2020-12-21,2020-12-22,MOS,sell,25384.12182932763,20.53535153254222,521271.8651101215,521.2718651101216,rebalance,rebalance,108174.67616367192
2020-12-21,2020-12-22,UPS,sell,3466.284749921304,133.83443129960497,463908.24822821113,463.90824822821116,rebalance,rebalance,5663.191910997306
2020-12-21,2020-12-22,WHR,sell,2981.284480700954,143.0632920032128,426512.37220716727,426.5123722071673,rebalance,rebalance,4162.31776355712
2020-12-21,2020-12-22,ALB,buy,5864.780470872139,134.5160314492735,788906.9942629216,788.9069942629217,rebalance,rebalance,0.0
2020-12-21,2020-12-22,ALGN,buy,497.59466711110565,531.989990234375,264715.38209711417,264.7153820971142,rebalance,rebalance,0.0
2020-12-21,2020-12-22,AMD,buy,8450.160551685443,93.36000061035156,788906.9942629217,788.9069942629218,rebalance,rebalance,0.0
2020-12-21,2020-12-22,DE,buy,1334.048579465674,248.58729528706522,331627.5281509234,331.6275281509234,rebalance,rebalance,0.0
2020-12-21,2020-12-22,FCX,buy,11823.120124693975,23.17638875507871,274017.22830790223,274.01722830790226,rebalance,rebalance,0.0
2020-12-21,2020-12-22,FDX,buy,1792.0825225663052,197.91122451497546,354673.2464729836,354.67324647298364,rebalance,rebalance,0.0
2020-12-21,2020-12-22,GM,buy,19905.051205173928,39.63350740127012,788906.9942629216,788.9069942629217,rebalance,rebalance,0.0
2020-12-21,2020-12-22,PVH,buy,8437.375079212288,93.5014725381361,788906.9942629216,788.9069942629217,rebalance,rebalance,0.0
2020-12-21,2020-12-22,PWR,buy,4985.042729892802,67.77287610170283,337850.6832947193,337.8506832947193,rebalance,rebalance,0.0
2020-12-21,2020-12-22,QCOM,buy,2531.1449205610124,129.61403935785597,328071.9173540323,328.0719173540323,rebalance,rebalance,0.0
2020-12-21,2020-12-22,TPR,buy,30020.094008916807,26.2792979272015,788906.9942629216,788.9069942629217,rebalance,rebalance,0.0
2020-12-21,2020-12-22,TSLA,buy,3652.347195661674,216.0,788906.9942629216,788.9069942629217,rebalance,rebalance,0.0
2020-12-21,2020-12-22,TT,buy,5946.875532660906,132.65907280725082,788906.9942629216,788.9069942629217,rebalance,rebalance,0.0
2020-12-21,2020-12-22,UA,buy,22099.961856733316,15.130000114440918,334372.425421515,334.372425421515,rebalance,rebalance,0.0
2020-12-21,2020-12-22,UAA,buy,18992.825535871954,17.399999618530273,330475.157078984,330.475157078984,rebalance,rebalance,0.0
2021-01-21,2021-01-22,ALB,sell,5864.780470872139,162.46204097824975,952804.2051872682,952.8042051872683,rebalance,rebalance,162155.49972489645
2021-01-21,2021-01-22,ALGN,sell,348.8592581575249,546.8499755859375,190773.67680637076,190.77367680637076,rebalance,rebalance,20878.23785414216
2021-01-21,2021-01-22,AMD,sell,8450.160551685443,94.41999816894531,797864.1438174335,797.8641438174335,rebalance,rebalance,7370.378416431477
2021-01-21,2021-01-22,DE,sell,3173.5611964879486,282.19929756025414,895576.7404133787,895.5767404133787,rebalance,rebalance,157125.91642430398
2021-01-21,2021-01-22,FCX,sell,11277.943356033898,27.246660735884507,307286.2964203784,307.2862964203784,rebalance,rebalance,105259.65408862694
2021-01-21,2021-01-22,FDX,sell,597.6766138241956,183.02247720351662,109388.25442871383,109.38825442871384,rebalance,rebalance,-10768.059589951612
2021-01-21,2021-01-22,GM,sell,19905.051205173928,52.23763563004268,1039792.8120532176,1039.7928120532176,rebalance,rebalance,249057.11798397996
2021-01-21,2021-01-22,PVH,sell,2037.9227560369927,96.90981199539914,197494.71114869064,197.49471114869064,rebalance,rebalance,6557.889050498024
2021-01-21,2021-01-22,PWR,sell,3570.1946270058697,76.84632578922559,274356.3394378358,274.3563394378358,rebalance,rebalance,33576.771234257576
2021-01-21,2021-01-22,QCOM,sell,6086.585976113286,144.98810101915973,882482.542366514,882.482542366514,rebalance,rebalance,107232.56772234934
2021-01-21,2021-01-22,TPR,sell,8953.41561420235,29.438419759046408,263574.40712808905,263.57440712808904,rebalance,rebalance,27786.066852887958
2021-01-21,2021-01-22,TSLA,sell,1422.3497486915498,278.10333251953125,395560.2051194378,395.5602051194378,rebalance,rebalance,87629.87165122623
2021-01-21,2021-01-22,TT,sell,5946.875532660906,143.05000134427664,850700.5529413885,850.7005529413884,rebalance,rebalance,60153.95113126262
2021-01-21,2021-01-22,UA,sell,52141.90272939553,16.0,834270.4436703285,834.2704436703285,rebalance,rebalance,52761.87254930972
2021-01-21,2021-01-22,UAA,sell,11889.122533600676,18.540000915527344,220424.3426577733,220.42434265777328,rebalance,rebalance,16514.98570260151
2021-01-21,2021-01-22,ENPH,buy,2979.007317376018,208.17999267578125,620169.7215124381,620.1697215124382,rebalance,rebalance,0.0
2021-01-21,2021-01-22,ETSY,buy,2936.8268546191634,211.1699981689453,620169.7215124381,620.1697215124382,rebalance,rebalance,0.0
2021-01-21,2021-01-22,HWM,buy,23571.53402284071,26.310112906164548,620169.7215124381,620.1697215124382,rebalance,rebalance,0.0
2021-01-21,2021-01-22,IVZ,buy,37701.959236362236,16.449270384715337,620169.7215124381,620.1697215124382,rebalance,rebalance,0.0
2021-01-21,2021-01-22,MGM,buy,20017.96559007827,30.980656786612712,620169.7215124381,620.1697215124382,rebalance,rebalance,0.0
2021-01-21,2021-01-22,MOS,buy,25226.479497489407,24.584077281737184,620169.7215124381,620.1697215124382,rebalance,rebalance,0.0
2021-01-21,2021-01-22,NCLH,buy,25313.049857650538,24.5,620169.7215124381,620.1697215124382,rebalance,rebalance,0.0
2021-02-19,2021-02-22,ALGN,sell,284.3828182566634,590.3699951171875,167891.0830255984,167.89108302559842,rebalance,rebalance,29383.475126066965
2021-02-19,2021-02-22,ENPH,sell,234.99069999353014,182.80999755859375,42958.64929210948,42.958649292109484,rebalance,rebalance,-6053.591922915965
2021-02-19,2021-02-22,ETSY,sell,2936.8268546191634,222.86000061035156,654501.2346129236,654.5012346129236,rebalance,rebalance,33056.84214436019
2021-02-19,2021-02-22,FCX,sell,8514.654949285361,35.2106252675246,299806.3247015605,299.80632470156047,rebalance,rebalance,147211.84380625503
2021-02-19,2021-02-22,FDX,sell,3388.489386594982,183.9230733457807,623221.3819821083,623.2213819821084,rebalance,rebalance,-58000.21724626565
2021-02-19,2021-02-22,HWM,sell,23571.53402284071,27.807357244069816,655462.0673638778,655.4620673638778,rebalance,rebalance,34016.71406256337
2021-02-19,2021-02-22,IVZ,sell,9586.484085351269,17.841906225312208,171041.15008128522,171.04115008128522,rebalance,rebalance,13021.749503731688
2021-02-19,2021-02-22,MGM,sell,20017.96559007827,36.47722563740876,730199.8476311695,730.1998476311695,rebalance,rebalance,108679.75654958774
2021-02-19,2021-02-22,MOS,sell,25226.479497489407,25.742120133684583,649383.0657743034,649.3830657743034,rebalance,rebalance,27943.791474578586
2021-02-19,2021-02-22,NCLH,sell,25313.049857650538,27.479999542236328,695602.5985008421,695.6025985008421,rebalance,rebalance,74117.10466839076
2021-02-19,2021-02-22,PVH,sell,1047.5138193689545,93.72934139053866,98182.78038693979,98.1827803869398,rebalance,rebalance,42.5689068934622
2021-02-19,2021-02-22,PWR,sell,8070.258599135138,76.45000879889105,616971.3409132074,616.9713409132074,rebalance,rebalance,72703.54462800862
2021-02-19,2021-02-22,TPR,sell,6710.824535637326,34.942795883036446,234494.97195564792,234.49497195564794,rebalance,rebalance,57728.36391719615
2021-02-19,2021-02-22,TSLA,sell,256.71907896202947,254.2133331298828,65261.412740971085,65.26141274097108,rebalance,rebalance,9689.378951375958
2021-02-19,2021-02-22,UAA,sell,11185.218597419997,22.530000686645508,252002.98268015264,252.00298268015266,rebalance,rebalance,60121.59487893406
2021-02-19,2021-02-22,ALB,buy,3470.3045164572554,144.55033232545776,501633.6711244333,501.6336711244333,rebalance,rebalance,0.0
2021-02-19,2021-02-22,APTV,buy,3280.5811203360568,152.91000366210938,501633.67112443334,501.63367112443336,rebalance,rebalance,0.0
2021-02-19,2021-02-22,DVN,buy,31232.309122302377,16.06136994738652,501633.6711244333,501.6336711244333,rebalance,rebalance,0.0
2021-02-19,2021-02-22,GE,buy,8553.217902411327,58.64853168104282,501633.6711244333,501.6336711244333,rebalance,rebalance,0.0
2021-02-19,2021-02-22,GM,buy,10064.594942796453,49.84141676595423,501633.6711244333,501.6336711244333,rebalance,rebalance,0.0
2021-02-19,2021-02-22,MU,buy,5745.8259541340785,87.30401427553016,501633.67112443334,501.63367112443336,rebalance,rebalance,0.0
2021-02-19,2021-02-22,UA,buy,26955.059359074192,18.610000610351562,501633.6711244333,501.6336711244333,rebalance,rebalance,0.0
2021-03-19,2021-03-22,ALB,sell,3470.3045164572554,142.53335057148786,494634.13023401966,494.63413023401966,rebalance,rebalance,-7995.808691772056
2021-03-19,2021-03-22,ALGN,sell,176.77179850546872,532.3400268554688,94102.70396369073,94.10270396369073,rebalance,rebalance,8016.906345444101
2021-03-19,2021-03-22,APTV,sell,3280.5811203360568,146.22999572753906,479719.3632105869,479.7193632105869,rebalance,rebalance,-22895.660948181416
2021-03-19,2021-03-22,DVN,sell,10673.799319491718,17.424573648704463,185986.40235397502,185.98640235397502,rebalance,rebalance,14193.140497487586
2021-03-19,2021-03-22,ENPH,sell,470.88204988991583,157.58999633789062,74206.30051773027,74.20630051773027,rebalance,rebalance,-23994.155701724227
2021-03-19,2021-03-22,FCX,sell,3292.338131882234,32.70155818652017,107664.58698944598,107.66458698944598,rebalance,rebalance,48669.56086427956
2021-03-19,2021-03-22,GE,sell,8553.217902411327,63.99202081124041,547337.6980141796,547.3376980141796,rebalance,rebalance,44655.05552060779
2021-03-19,2021-03-22,GM,sell,10064.594942796453,56.311221132556724,566749.6314334231,566.7496314334231,rebalance,rebalance,64047.577006432075
2021-03-19,2021-03-22,IVZ,sell,10500.193022077718,20.33593703153367,213531.26411592172,213.53126411592172,rebalance,rebalance,40424.49822583629
2021-03-19,2021-03-22,MU,sell,5745.8259541340785,89.54685703732477,514520.6552761945,514.5206552761945,rebalance,rebalance,11870.829825360648
2021-03-19,2021-03-22,PVH,sell,5351.938503806341,104.5587382703438,559591.9372584625,559.5919372584625,rebalance,rebalance,58117.80015072296
2021-03-19,2021-03-22,TPR,sell,5247.032800456182,39.32707272009151,206350.44050824564,206.35044050824564,rebalance,rebalance,68117.863532554
2021-03-19,2021-03-22,TSLA,sell,403.47777744208247,228.19667053222656,92072.28544602593,92.07228544602593,rebalance,rebalance,4741.862033162607
2021-03-19,2021-03-22,UA,sell,26955.059359074192,19.309999465942383,520502.1818281679,520.5021818281679,rebalance,rebalance,17846.37485078206
2021-03-19,2021-03-22,UAA,sell,7066.870217009011,23.56999969482422,166566.12885826474,166.56612885826473,rebalance,rebalance,45327.27607867847
2021-03-19,2021-03-22,AMAT,buy,3186.1297337800124,112.43210355458196,358223.268166687,358.223268166687,rebalance,rebalance,0.0
2021-03-19,2021-03-22,ETSY,buy,1631.6027488778113,219.55299377441406,358223.268166687,358.223268166687,rebalance,rebalance,0.0
2021-03-19,2021-03-22,FANG,buy,5884.306142307677,60.8777414878351,358223.268166687,358.223268166687,rebalance,rebalance,0.0
2021-03-19,2021-03-22,KLAC,buy,12614.163338868679,28.398496082802016,358223.268166687,358.223268166687,rebalance,rebalance,0.0
2021-03-19,2021-03-22,LRCX,buy,6825.243797413759,52.485050907987485,358223.268166687,358.223268166687,rebalance,rebalance,0.0
2021-03-19,2021-03-22,OXY,buy,13788.464141115399,25.979925283956174,358223.268166687,358.223268166687,rebalance,rebalance,0.0
2021-03-19,2021-03-22,ZBRA,buy,779.3731139419842,459.6300048828125,358223.268166687,358.223268166687,rebalance,rebalance,0.0
2021-04-19,2021-04-20,ALGN,sell,672.9219109874397,603.8499755859375,406343.8795210079,406.34387952100786,rebalance,rebalance,78590.66153601123
2021-04-19,2021-04-20,AMAT,sell,3186.1297337800124,123.69446283703776,394106.60594903276,394.10660594903277,rebalance,rebalance,35131.00790823009
2021-04-19,2021-04-20,ENPH,sell,2273.134567492572,141.85000610351562,322444.1522729337,322.4441522729337,rebalance,rebalance,-151572.65062861968
2021-04-19,2021-04-20,ETSY,sell,1631.6027488778113,212.0,345899.78276209603,345.89978276209604,rebalance,rebalance,-13027.608455519716
2021-04-19,2021-04-20,IVZ,sell,17615.28212893325,20.951446405831835,369065.6394479523,369.06563944795226,rebalance,rebalance,78648.27662799542
2021-04-19,2021-04-20,KLAC,sell,12614.163338868679,30.586131876654346,385818.4633962959,385.8184633962959,rebalance,rebalance,26851.153498046016
2021-04-19,2021-04-20,LRCX,sell,6825.243797413759,58.42893904459905,398791.7538036163,398.7917538036163,rebalance,rebalance,39811.47061495902
2021-04-19,2021-04-20,TSLA,sell,1569.8005905660123,239.13999938964844,375402.11226982594,375.402112269826,rebalance,rebalance,35610.70566773523
2021-04-19,2021-04-20,UAA,sell,15198.272074876179,21.530000686645508,327218.80820790934,327.2188082079094,rebalance,rebalance,66509.05841500696
2021-04-19,2021-04-20,ZBRA,sell,779.3731139419842,505.3900146484375,393887.3894717378,393.8873894717378,rebalance,rebalance,34912.0106474124
2021-04-19,2021-04-20,AAL,buy,28170.710364039438,21.020000457763672,592148.3447476368,592.1483447476369,rebalance,rebalance,0.0
2021-04-19,2021-04-20,APA,buy,38492.51795296849,15.383466092583095,592148.3447476368,592.1483447476369,rebalance,rebalance,0.0
2021-04-19,2021-04-20,CCL,buy,22721.44896061663,26.061205241532566,592148.3447476368,592.1483447476369,rebalance,rebalance,0.0
2021-04-19,2021-04-20,DVN,buy,14576.458607402012,16.85353286316083,245664.82416835334,245.66482416835333,rebalance,rebalance,0.0
2021-04-19,2021-04-20,EXPE,buy,3448.74466023759,171.69967715349583,592148.3447476368,592.1483447476369,rebalance,rebalance,0.0
2021-04-19,2021-04-20,FANG,buy,3691.4398125347916,61.838351554030794,228272.55286807197,228.27255286807198,rebalance,rebalance,0.0
2021-04-19,2021-04-20,FCX,buy,6206.0369077507785,34.506765576609226,214150.26073554094,214.15026073554094,rebalance,rebalance,0.0
2021-04-19,2021-04-20,GE,buy,9080.95715364753,65.20770164737422,592148.3447476368,592.1483447476369,rebalance,rebalance,0.0
2021-04-19,2021-04-20,LNC,buy,12069.463373890445,49.06169615035378,592148.3447476368,592.1483447476369,rebalance,rebalance,0.0
2021-04-19,2021-04-20,MGM,buy,15064.099080367347,39.30858006101198,592148.3447476368,592.1483447476369,rebalance,rebalance,0.0
2021-04-19,2021-04-20,NWSA,buy,23131.52348247488,25.59919346411687,592148.3447476368,592.1483447476369,rebalance,rebalance,0.0
2021-04-19,2021-04-20,OXY,buy,12092.696215830352,22.879512996360745,276675.00023113296,276.67500023113297,rebalance,rebalance,0.0
2021-04-19,2021-04-20,TPR,buy,5985.140161396133,39.230811323561,234801.90441679914,234.80190441679915,rebalance,rebalance,0.0
2021-04-19,2021-04-20,WYNN,buy,4904.839355777363,120.72736776794758,592148.3447476368,592.1483447476369,rebalance,rebalance,0.0
2021-04-19,2021-04-20,ZION,buy,12930.031894961614,45.79635607692325,592148.3447476368,592.1483447476369,rebalance,rebalance,0.0
2021-05-17,2021-05-18,AAL,sell,5457.4011542007975,23.540000915527344,128467.22816628676,128.46722816628676,rebalance,rebalance,13509.471603860233
2021-05-17,2021-05-18,APA,sell,10494.44858956946,19.096721015100268,200409.55692232048,200.4095569223205,rebalance,rebalance,38606.712333361895
2021-05-17,2021-05-18,CCL,sell,3073.5891178021375,27.212700206114018,83640.65921952402,83.64065921952403,rebalance,rebalance,3375.4802962948147
2021-05-17,2021-05-18,DVN,sell,9810.955032114412,21.113214229174016,207140.79538582443,207.14079538582445,rebalance,rebalance,45971.15375297822
2021-05-17,2021-05-18,EXPE,sell,3448.74466023759,167.5965740528544,577997.7898388954,577.9977898388954,rebalance,rebalance,-15320.701043327836
2021-05-17,2021-05-18,FANG,sell,1336.510824562114,64.89331972445653,86730.6242535063,86.7306242535063,rebalance,rebalance,4703.345593934602
2021-05-17,2021-05-18,FCX,sell,4326.061829775632,41.65958463462963,180221.93893217866,180.22193893217866,rebalance,rebalance,76607.78226868965
2021-05-17,2021-05-18,GE,sell,9080.95715364753,64.08929221567163,581992.1166181103,581.9921166181103,rebalance,rebalance,-11330.368590892167
2021-05-17,2021-05-18,LNC,sell,12069.463373890445,53.672504969601086,647798.3329155532,647.7983329155533,rebalance,rebalance,54410.04149025328
2021-05-17,2021-05-18,MGM,sell,15064.099080367347,39.69836705124949,598020.1345888128,598.0201345888129,rebalance,rebalance,4681.621361839607
2021-05-17,2021-05-18,NWSA,sell,23131.52348247488,25.70434553522843,594580.6723497848,594.5806723497848,rebalance,rebalance,1245.5985850506022
2021-05-17,2021-05-18,OXY,sell,4144.622077685013,24.597813723834662,101948.64182258854,101.94864182258854,rebalance,rebalance,72.09121787622237
2021-05-17,2021-05-18,TPR,sell,2327.93527565729,41.8823619758099,97499.42787133541,97.49942787133541,rebalance,rebalance,24196.93583578862
2021-05-17,2021-05-18,WYNN,sell,4904.839355777363,121.14231777103106,594183.6078534406,594.1836078534405,rebalance,rebalance,848.9311532027253
2021-05-17,2021-05-18,ZION,sell,12930.031894961614,50.19986552370176,649085.8623442476,649.0858623442476,rebalance,rebalance,55696.28338951903
2021-05-17,2021-05-18,AMAT,buy,4461.842162594243,119.8319662843887,534671.3195942573,534.6713195942573,rebalance,rebalance,0.0
2021-05-17,2021-05-18,FTNT,buy,13089.290177893787,40.847999572753906,534671.3195942573,534.6713195942573,rebalance,rebalance,0.0
2021-05-17,2021-05-18,HPQ,buy,19584.67673522567,27.300492462690446,534671.3195942573,534.6713195942573,rebalance,rebalance,0.0
2021-05-17,2021-05-18,IVZ,buy,23830.12191394152,22.4367849029532,534671.3195942573,534.6713195942573,rebalance,rebalance,0.0
2021-05-17,2021-05-18,MOS,buy,16276.620891746463,32.84903685785162,534671.3195942573,534.6713195942573,rebalance,rebalance,0.0
2021-05-17,2021-05-18,TSLA,buy,2823.9683131568813,189.3333282470703,534671.3195942573,534.6713195942573,rebalance,rebalance,0.0
2021-05-17,2021-05-18,WFC,buy,12662.872993957533,42.22353962243731,534671.3195942573,534.6713195942573,rebalance,rebalance,0.0
2021-06-15,2021-06-16,AAL,sell,22713.30920983864,22.739999771118164,516500.6462330668,516.5006462330668,rebalance,rebalance,38072.941828709605
2021-06-15,2021-06-16,AMAT,sell,4461.842162594243,133.61253258274962,596158.0313287093,596.1580313287094,rebalance,rebalance,60355.88238352911
2021-06-15,2021-06-16,APA,sell,27998.06936339903,19.543026890415668,547167.0224486303,547.1670224486303,rebalance,rebalance,115481.79736583355
2021-06-15,2021-06-16,CCL,sell,19647.859842814494,28.521664774231546,560389.6719678408,560.3896719678407,rebalance,rebalance,47270.32746749819
2021-06-15,2021-06-16,HPQ,sell,19584.67673522567,24.351107102966495,476908.56075645646,476.90856075645644,rebalance,rebalance,-58774.338718151484
2021-06-15,2021-06-16,OXY,sell,21736.538279260738,27.01642205771757,587243.4922262421,587.2434922262421,rebalance,rebalance,52897.68403068788
2021-06-15,2021-06-16,TSLA,sell,2823.9683131568813,199.17999267578125,562477.9879312259,562.4779879312259,rebalance,rebalance,26709.51902944328
2021-06-15,2021-06-16,COF,buy,5486.582558387616,146.7467668807897,805138.2516679142,805.1382516679142,rebalance,rebalance,0.0
2021-06-15,2021-06-16,DVN,buy,9909.50661474208,22.851484944777678,226446.94121695345,226.44694121695346,rebalance,rebalance,0.0
2021-06-15,2021-06-16,EOG,buy,12142.987107113142,66.30479342239265,805138.2516679142,805.1382516679142,rebalance,rebalance,0.0
2021-06-15,2021-06-16,FANG,buy,2871.6466661354643,72.46393818424367,208090.82650182972,208.09082650182972,rebalance,rebalance,0.0
2021-06-15,2021-06-16,FCX,buy,10542.640118293259,34.44156871113268,363105.0640309412,363.1050640309412,rebalance,rebalance,0.0
2021-06-15,2021-06-16,FITB,buy,24497.871022654057,32.86564170916624,805138.2516679142,805.1382516679142,rebalance,rebalance,0.0
2021-06-15,2021-06-16,FTNT,buy,4392.433287798265,46.055999755859375,202297.9064304655,202.2979064304655,rebalance,rebalance,0.0
2021-06-15,2021-06-16,GS,buy,2461.725552912519,327.06255606573944,805138.2516679142,805.1382516679142,rebalance,rebalance,0.0
2021-06-15,2021-06-16,IVZ,buy,11262.212116496703,22.943422656628,258393.69263738085,258.39369263738087,rebalance,rebalance,0.0
2021-06-15,2021-06-16,MHK,buy,4270.837223747767,188.52000427246094,805138.2516679142,805.1382516679142,rebalance,rebalance,0.0
2021-06-15,2021-06-16,MOS,buy,11273.894638483127,29.224072078959193,329469.1095256225,329.4691095256225,rebalance,rebalance,0.0
2021-06-15,2021-06-16,NUE,buy,8601.333441277104,93.60621317203224,805138.2516679142,805.1382516679142,rebalance,rebalance,0.0
2021-06-15,2021-06-16,STX,buy,9969.149747800135,80.76298100001777,805138.2516679142,805.1382516679142,rebalance,rebalance,0.0
2021-06-15,2021-06-16,TPR,buy,8487.175951172016,37.88315076596451,321520.9661355177,321.5209661355177,rebalance,rebalance,0.0
2021-06-15,2021-06-16,WFC,buy,7657.036293211839,39.623122342199814,303395.68582459685,303.39568582459685,rebalance,rebalance,0.0
2021-07-14,2021-07-15,COF,sell,5486.582558387616,142.40181925690848,781299.3378176198,781.2993378176199,rebalance,rebalance,-25425.35143977978
2021-07-14,2021-07-15,EOG,sell,12142.987107113142,60.60029202921344,735868.5647980302,735.8685647980302,rebalance,rebalance,-70810.69368634997
2021-07-14,2021-07-15,FANG,sell,11110.881796415819,66.89660377152352,743280.2570870625,743.2802570870625,rebalance,rebalance,29096.290681168382
2021-07-14,2021-07-15,FCX,sell,23376.933217553073,32.115392204587906,750759.378822176,750.759378822176,rebalance,rebalance,79679.0399247772
2021-07-14,2021-07-15,FITB,sell,24497.871022654057,30.82442534979335,755132.7965666656,755.1327965666657,rebalance,rebalance,-51565.72614948306
2021-07-14,2021-07-15,FTNT,sell,1272.2715489569073,51.55400085449219,65590.6885220705,65.59068852207051,rebalance,rebalance,11836.87850273086
2021-07-14,2021-07-15,GS,sell,2461.725552912519,327.2829197539507,805680.7265901179,805.680726590118,rebalance,rebalance,-1068.3440560542479
2021-07-14,2021-07-15,MHK,sell,4270.837223747767,192.0,820000.7469595713,820.0007469595713,rebalance,rebalance,13237.35629302959
2021-07-14,2021-07-15,MOS,sell,27550.51553022959,27.405328917828562,755030.9399616859,755.0309399616859,rebalance,rebalance,-110728.66052727541
2021-07-14,2021-07-15,TPR,sell,21253.20189553181,35.91417779035493,763291.2714904377,763.2912714904377,rebalance,rebalance,39240.98361632162
2021-07-14,2021-07-15,WFC,sell,20319.909287169372,39.3057860655626,798690.007313118,798.690007313118,rebalance,rebalance,-41013.755118467874
2021-07-14,2021-07-15,AAL,buy,40645.044731177506,20.559999465942383,835662.0979662138,835.6620979662139,rebalance,rebalance,0.0
2021-07-14,2021-07-15,BIIB,buy,2444.5285448178897,341.8500061035156,835662.0979662138,835.6620979662139,rebalance,rebalance,0.0
2021-07-14,2021-07-15,DVN,buy,4557.655626022461,21.001191469449132,95716.19845390975,95.71619845390975,rebalance,rebalance,0.0
2021-07-14,2021-07-15,DXC,buy,21345.13577001587,39.150001525878906,835662.0979662137,835.6620979662138,rebalance,rebalance,0.0
2021-07-14,2021-07-15,EXR,buy,5915.817053948596,141.25894873784833,835662.0979662137,835.6620979662138,rebalance,rebalance,0.0
2021-07-14,2021-07-15,F,buy,80532.5479186917,10.376700099069579,835662.0979662137,835.6620979662138,rebalance,rebalance,0.0
2021-07-14,2021-07-15,FRT,buy,8770.794642343293,95.2778091430664,835662.0979662137,835.6620979662138,rebalance,rebalance,0.0
2021-07-14,2021-07-15,IRM,buy,22999.90244227916,36.33328880691567,835662.0979662137,835.6620979662138,rebalance,rebalance,0.0
2021-07-14,2021-07-15,IVZ,buy,5546.718495276633,20.563031026312395,114057.3445125942,114.0573445125942,rebalance,rebalance,0.0
2021-07-14,2021-07-15,NUE,buy,896.8328579584613,87.98141363701642,78904.62263931097,78.90462263931097,rebalance,rebalance,0.0
2021-07-14,2021-07-15,REG,buy,15712.638292834916,53.18407274399501,835662.0979662137,835.6620979662138,rebalance,rebalance,0.0
2021-07-14,2021-07-15,SPG,buy,8598.896876821958,97.18247700105734,835662.0979662137,835.6620979662138,rebalance,rebalance,0.0
2021-07-14,2021-07-15,STX,buy,741.2343705131316,78.0235413347452,57833.730546465165,57.83373054646517,rebalance,rebalance,0.0
2021-07-14,2021-07-15,WDC,buy,15932.328435963467,52.450720014025315,835662.0979662137,835.6620979662138,rebalance,rebalance,0.0
2021-08-11,2021-08-12,AAL,sell,40645.044731177506,21.030000686645508,854765.3186054004,854.7653186054004,rebalance,rebalance,17412.793222614964
2021-08-11,2021-08-12,BIIB,sell,2444.5285448178897,335.8699951171875,821043.79041181,821.04379041181,rebalance,rebalance,-16275.0134427816
2021-08-11,2021-08-12,F,sell,80532.5479186917,10.208032145512675,822078.8379140446,822.0788379140446,rebalance,rebalance,-15241.000988049114
2021-08-11,2021-08-12,FRT,sell,8770.794642343293,98.25399239166009,861765.590057611,861.765590057611,rebalance,rebalance,24406.064403373617
2021-08-11,2021-08-12,IRM,sell,22999.90244227916,38.5141025990772,885820.6024307058,885.8206024307058,rebalance,rebalance,48437.0217640953
2021-08-11,2021-08-12,IVZ,sell,40639.052525714855,20.602970543966535,837285.2021220119,837.2852021220119,rebalance,rebalance,-71581.56218108645
2021-08-11,2021-08-12,NUE,sell,299.0202708595316,113.32586672178839,33886.73136254034,33.88673136254034,rebalance,rebalance,5993.668646039635
2021-08-11,2021-08-12,REG,sell,15712.638292834916,54.656634448093094,858799.9273865875,858.7999273865875,rebalance,rebalance,21443.36739502109
2021-08-11,2021-08-12,SPG,sell,8598.896876821958,102.50019978379147,881388.6477944712,881.3886477944712,rebalance,rebalance,44009.499082497
2021-08-11,2021-08-12,STX,sell,10710.384118313266,81.39189524881914,871738.4622323695,871.7384622323694,rebalance,rebalance,7031.769573543546
2021-08-11,2021-08-12,WDC,sell,15932.328435963467,49.147629320415334,783036.1721818451,783.0361721818451,rebalance,rebalance,-54244.62405451661
2021-08-11,2021-08-12,BBWI,buy,18853.197285082722,55.295724168275314,1042501.1967660112,1042.5011967660112,rebalance,rebalance,0.0
2021-08-11,2021-08-12,COF,buy,6524.066954235438,159.79314805915922,1042501.1967660113,1042.5011967660114,rebalance,rebalance,0.0
2021-08-11,2021-08-12,CRL,buy,2611.6721239000217,399.1700134277344,1042501.1967660112,1042.5011967660112,rebalance,rebalance,0.0
2021-08-11,2021-08-12,DVN,buy,7813.762686764749,21.899013713095677,171113.69622833654,171.11369622833655,rebalance,rebalance,0.0
2021-08-11,2021-08-12,DXC,buy,4026.029790818364,41.09000015258789,165429.56471904996,165.42956471904995,rebalance,rebalance,0.0
2021-08-11,2021-08-12,EOG,buy,18984.050312787294,54.914582483159684,1042501.1967660113,1042.5011967660114,rebalance,rebalance,0.0
2021-08-11,2021-08-12,EXR,buy,1403.9875700913426,142.42199762302332,199958.71437030347,199.95871437030348,rebalance,rebalance,0.0
2021-08-11,2021-08-12,FTNT,buy,1203.8773448837292,59.86800003051758,72073.72892023851,72.07372892023852,rebalance,rebalance,0.0
2021-08-11,2021-08-12,GNRC,buy,2511.3854967451634,415.1099853515625,1042501.1967660113,1042.5011967660114,rebalance,rebalance,0.0
2021-08-11,2021-08-12,IT,buy,3536.779624871583,294.760009765625,1042501.1967660114,1042.5011967660114,rebalance,rebalance,0.0
2021-08-11,2021-08-12,MCO,buy,2876.9489486800294,362.36346746587924,1042501.1967660113,1042.5011967660114,rebalance,rebalance,0.0
2021-08-11,2021-08-12,NVDA,buy,52647.55965902667,19.80151033623967,1042501.1967660113,1042.5011967660114,rebalance,rebalance,0.0
2021-08-11,2021-08-12,ORCL,buy,12514.776387905054,83.30162397256574,1042501.1967660113,1042.5011967660114,rebalance,rebalance,0.0
2021-08-11,2021-08-12,WELL,buy,13961.567517366688,74.66935180947641,1042501.1967660113,1042.5011967660114,rebalance,rebalance,0.0
2021-09-09,2021-09-10,BBWI,sell,18853.197285082722,57.179816434093354,1078022.3599567772,1078.022359956777,rebalance,rebalance,33400.63963404339
2021-09-09,2021-09-10,COF,sell,6524.066954235438,143.6856294523135,937414.6669083566,937.4146669083566,rebalance,rebalance,-107066.44572132899
2021-09-09,2021-09-10,DVN,sell,47604.93830562755,22.799151268544666,1085352.1895597389,1085.352189559739,rebalance,rebalance,175020.70713859473
2021-09-09,2021-09-10,DXC,sell,25371.165560834233,35.7599983215332,907272.8378707732,907.2728378707732,rebalance,rebalance,-95727.18931504653
2021-09-09,2021-09-10,EOG,sell,18984.050312787294,54.08541185033212,1026760.1797545272,1026.7601797545271,rebalance,rebalance,-17810.27838800461
2021-09-09,2021-09-10,EXR,sell,7319.804624039939,153.67549637351047,1124874.6089564548,1124.8746089564547,rebalance,rebalance,87093.3011986449
2021-09-09,2021-09-10,GNRC,sell,2511.3854967451634,456.0299987792969,1145267.1250150409,1145.2671250150408,rebalance,rebalance,100578.15992724846
2021-09-09,2021-09-10,MCO,sell,2876.9489486800294,368.8203693502888,1061077.3738540935,1061.0773738540936,rebalance,rebalance,16472.598517462113
2021-09-09,2021-09-10,ORCL,sell,12514.776387905054,83.80641400566364,1048818.5311530747,1048.8185311530747,rebalance,rebalance,4226.014659144461
2021-09-09,2021-09-10,WELL,sell,13961.567517366688,76.63878985976326,1069997.6390763624,1069.9976390763625,rebalance,rebalance,25383.943474508756
2021-09-09,2021-09-10,ALB,buy,5023.21705867708,235.42450977597332,1182588.4135373582,1182.5884135373583,rebalance,rebalance,0.0
2021-09-09,2021-09-10,CARR,buy,22207.669457854405,53.25135155589685,1182588.4135373582,1182.5884135373583,rebalance,rebalance,0.0
2021-09-09,2021-09-10,CRL,buy,47.86191063839806,444.6600036621094,21282.277359745633,21.282277359745635,rebalance,rebalance,0.0
2021-09-09,2021-09-10,DPZ,buy,2458.44664444787,481.03074199641605,1182588.4135373582,1182.5884135373583,rebalance,rebalance,0.0
2021-09-09,2021-09-10,EFX,buy,4426.543990337423,267.1584008017986,1182588.4135373582,1182.5884135373583,rebalance,rebalance,0.0
2021-09-09,2021-09-10,FTNT,buy,1463.9879695790987,62.645999908447266,91712.99020822012,91.71299020822012,rebalance,rebalance,0.0
2021-09-09,2021-09-10,IT,buy,199.5584909847289,316.510009765625,63162.25993038993,63.162259930389936,rebalance,rebalance,0.0
2021-09-09,2021-09-10,MRNA,buy,2553.320754082922,463.1570129394531,1182588.4135373582,1182.5884135373583,rebalance,rebalance,0.0
2021-09-09,2021-09-10,MSCI,buy,1909.5716521632241,619.2951242220652,1182588.4135373582,1182.5884135373583,rebalance,rebalance,0.0
2021-09-09,2021-09-10,NUE,buy,2023.090918848764,105.37902729186325,213191.3531512846,213.1913531512846,rebalance,rebalance,0.0
2021-09-09,2021-09-10,NVDA,buy,443.0804028155253,22.2748946360381,9869.569288009145,9.869569288009146,rebalance,rebalance,0.0
2021-09-09,2021-09-10,RMD,buy,4162.171363161879,284.12775696937683,1182588.4135373582,1182.5884135373583,rebalance,rebalance,0.0
2021-09-09,2021-09-10,TGT,buy,5590.04860860736,211.55243833058094,1182588.4135373582,1182.5884135373583,rebalance,rebalance,0.0
2021-09-09,2021-09-10,WAT,buy,2789.452481392675,423.95001220703125,1182588.4135373582,1182.5884135373583,rebalance,rebalance,0.0
2021-09-09,2021-09-10,WST,buy,2578.544999132343,458.62624617188703,1182588.4135373582,1182.5884135373583,rebalance,rebalance,0.0
2021-10-07,2021-10-08,ALB,sell,1934.0478881155045,209.52124882418784,405224.12880374363,405.22412880374367,rebalance,rebalance,-50958.69354385208
2021-10-07,2021-10-08,CARR,sell,22207.669457854405,49.31991621352861,1095280.3969591176,1095.2803969591175,rebalance,rebalance,-89585.88538873708
2021-10-07,2021-10-08,CRL,sell,1109.1685908946085,417.4800109863281,463055.7155123713,463.0557155123713,rebalance,rebalance,18494.13844252056
2021-10-07,2021-10-08,DPZ,sell,2458.44664444787,452.7303529249234,1113013.416987978,1113.013416987978,rebalance,rebalance,-71870.5983799054
2021-10-07,2021-10-08,EFX,sell,1833.9787452391388,249.65488666832172,457861.75579478807,457.86175579478805,rebalance,rebalance,-33048.89747226676
2021-10-07,2021-10-08,FTNT,sell,8443.914210879251,62.0359992980957,523826.65605928557,523.8266560592856,rebalance,rebalance,144002.47512719405
2021-10-07,2021-10-08,IT,sell,1617.9687882921917,305.5400085449219,494354.19740021316,494.3541974002132,rebalance,rebalance,14589.007232734522
2021-10-07,2021-10-08,MRNA,sell,470.80271075407836,310.79998779296875,146325.47675526416,146.32547675526416,rebalance,rebalance,-72094.48149534402
2021-10-07,2021-10-08,MSCI,sell,784.9127936818629,575.5048098044821,451721.0880409852,451.72108804098525,rebalance,rebalance,-35309.39177981997
2021-10-07,2021-10-08,NUE,sell,4215.436068790138,92.37405110759171,389396.9068592057,389.39690685920567,rebalance,rebalance,-13096.58970306326
2021-10-07,2021-10-08,NVDA,sell,22316.231455490208,21.03197467494621,469354.41481210804,469.354414812108,rebalance,rebalance,26086.96049754523
2021-10-07,2021-10-08,RMD,sell,1526.679322846151,245.58851726514897,374934.9112371479,374.93491123714796,rebalance,rebalance,-59645.76725750497
2021-10-07,2021-10-08,TGT,sell,5590.04860860736,196.86756984123843,1100499.2848709272,1100.4992848709273,rebalance,rebalance,-84372.21636483929
2021-10-07,2021-10-08,WAT,sell,2789.452481392675,346.8399963378906,967493.6884309553,967.4936884309553,rebalance,rebalance,-217244.8072083711
2021-10-07,2021-10-08,WST,sell,1014.0514897168814,413.70998252787325,419523.22409313486,419.5232240931349,rebalance,rebalance,-46431.99791297532
2021-10-07,2021-10-08,DHR,buy,2467.9638992312125,262.259339630885,647246.5824452417,647.2465824452418,rebalance,rebalance,0.0
2021-10-07,2021-10-08,DXCM,buy,4794.419129224013,135.0,647246.5824452417,647.2465824452418,rebalance,rebalance,0.0
2021-10-07,2021-10-08,EW,buy,5835.781814750432,110.91000366210938,647246.5824452417,647.2465824452418,rebalance,rebalance,0.0
2021-10-07,2021-10-08,REGN,buy,1183.8706138260702,546.7207099206981,647246.5824452417,647.2465824452418,rebalance,rebalance,0.0
2021-11-04,2021-11-05,CRL,sell,1550.3654436438112,375.92999267578125,582828.8698738023,582.8288698738023,rebalance,rebalance,-38502.69524161574
2021-11-04,2021-11-05,DHR,sell,2467.9638992312125,255.3680390120693,630239.1012992549,630.2391012992549,rebalance,rebalance,-18284.966829731344
2021-11-04,2021-11-05,EFX,sell,2592.565245098284,274.80015336975254,712437.3269740985,712.4373269740985,rebalance,rebalance,18406.67920748914
2021-11-04,2021-11-05,EW,sell,5835.781814750432,116.62999725341797,680627.2170258894,680.6272170258894,rebalance,rebalance,32052.76078117664
2021-11-04,2021-11-05,MSCI,sell,1124.6588584813612,628.7010489576451,707074.2040467395,707.0742040467395,rebalance,rebalance,9174.88662456151
2021-11-04,2021-11-05,NUE,sell,7006.800878434659,104.72350805866381,733776.7682582047,733.7767682582047,rebalance,rebalance,64674.805444526035
2021-11-04,2021-11-05,REGN,sell,1183.8706138260702,594.3909014757367,703681.9213827116,703.6819213827116,rebalance,rebalance,55084.410433641846
2021-11-04,2021-11-05,WST,sell,1564.4935094154616,423.145301865502,662008.0783082241,662.0080783082241,rebalance,rebalance,-56889.23293896249
2021-11-04,2021-11-05,ALB,buy,1230.942563653623,258.42336798437947,318104.32309469563,318.10432309469564,rebalance,rebalance,0.0
2021-11-04,2021-11-05,AMD,buy,8020.819059146865,139.19000244140625,1116417.82442473,1116.41782442473,rebalance,rebalance,0.0
2021-11-04,2021-11-05,CMG,buy,30755.312614026756,36.29999923706055,1116417.82442473,1116.41782442473,rebalance,rebalance,0.0
2021-11-04,2021-11-05,COP,buy,17771.8947060712,62.81929095851222,1116417.82442473,1116.41782442473,rebalance,rebalance,0.0
2021-11-04,2021-11-05,DVN,buy,32614.71370559604,34.230495919796304,1116417.82442473,1116.41782442473,rebalance,rebalance,0.0
2021-11-04,2021-11-05,DXCM,buy,2259.6852446439525,158.26499938964844,357629.08386437275,357.6290838643728,rebalance,rebalance,0.0
2021-11-04,2021-11-05,FTNT,buy,5550.58766910216,69.84600067138672,387686.35006270034,387.68635006270034,rebalance,rebalance,0.0
2021-11-04,2021-11-05,INTU,buy,1840.9398043688434,606.4390708350662,1116417.82442473,1116.41782442473,rebalance,rebalance,0.0
2021-11-04,2021-11-05,IT,buy,1240.591591971055,332.3699951171875,412335.42136584345,412.33542136584344,rebalance,rebalance,0.0
2021-11-04,2021-11-05,MPWR,buy,2141.422196406801,521.3440984678421,1116417.82442473,1116.41782442473,rebalance,rebalance,0.0
2021-11-04,2021-11-05,MRNA,buy,2538.990383113973,241.57000732421875,613343.9254449635,613.3439254449635,rebalance,rebalance,0.0
2021-11-04,2021-11-05,NOW,buy,7951.694251837749,140.39999389648438,1116417.82442473,1116.41782442473,rebalance,rebalance,0.0
2021-11-04,2021-11-05,NVDA,buy,6330.36774978945,30.088251003295557,190469.69379883225,190.46969379883225,rebalance,rebalance,0.0
2021-11-04,2021-11-05,PAYC,buy,2226.575632125573,501.40574985048016,1116417.82442473,1116.41782442473,rebalance,rebalance,0.0
2021-11-04,2021-11-05,RMD,buy,1820.4114118447542,250.54802834281014,456100.4900104545,456.1004900104545,rebalance,rebalance,0.0
2021-12-03,2021-12-06,ALB,sell,2275.697368202482,237.80916093307192,541181.6816698322,541.1816816698322,rebalance,rebalance,-10578.056266569103
2021-12-03,2021-12-06,AMD,sell,4576.150878025561,141.13999938964844,645877.9321314668,645.8779321314668,rebalance,rebalance,7640.647862829675
2021-12-03,2021-12-06,CMG,sell,30755.312614026756,31.95359992980957,982742.9549848367,982.7429549848367,rebalance,rebalance,-135774.03021930263
2021-12-03,2021-12-06,COP,sell,17771.8947060712,61.08369195121379,1085572.9416150604,1085.5729416150605,rebalance,rebalance,-33046.87357570916
2021-12-03,2021-12-06,DVN,sell,32614.71370559604,33.64264333839718,1097245.1807813018,1097.2451807813018,rebalance,rebalance,-21386.306648634018
2021-12-03,2021-12-06,DXCM,sell,3296.8413683598415,129.3975067138672,426603.05309689767,426.60305309689767,rebalance,rebalance,-43936.89201269938
2021-12-03,2021-12-06,FTNT,sell,7820.847602979867,59.55799865722656,465794.0310366485,465.7940310366485,rebalance,rebalance,46130.67682578389
2021-12-03,2021-12-06,INTU,sell,1840.9398043688434,627.4843828781453,1155160.9770601972,1155.1609770601972,rebalance,rebalance,36471.57383398249
2021-12-03,2021-12-06,IT,sell,1782.8580146917595,308.4700012207031,549958.2139683074,549.9582139683074,rebalance,rebalance,-2730.0500559563948
2021-12-03,2021-12-06,MPWR,sell,1217.3746993943223,526.1422887382558,640512.310591375,640.512310591375,rebalance,rebalance,4566.012012337116
2021-12-03,2021-12-06,MRNA,sell,2890.404796693185,280.8500061035156,811770.2047929118,811.7702047929118,rebalance,rebalance,-176871.26129555667
2021-12-03,2021-12-06,NOW,sell,3910.8313796069015,120.31600189208984,470535.5956684283,470.5355956684283,rebalance,rebalance,-79564.72245605558
2021-12-03,2021-12-06,NVDA,sell,20782.272886615596,29.78590054452752,619018.713289963,619.018713289963,rebalance,rebalance,169602.2800564201
2021-12-03,2021-12-06,PAYC,sell,1023.522159699487,404.1220744748505,413627.8984487359,413.6278984487359,rebalance,rebalance,-100498.8253183897
2021-12-03,2021-12-06,RMD,sell,4455.903452160482,247.08100304088254,1100969.094413143,1100.969094413143,rebalance,rebalance,-106253.72354921458
2021-12-03,2021-12-06,ANET,buy,15875.280489175584,30.625,486180.46498100227,486.1804649810023,rebalance,rebalance,0.0
2021-12-03,2021-12-06,ENPH,buy,2245.637251644352,216.5,486180.4649810022,486.1804649810022,rebalance,rebalance,0.0
2021-12-03,2021-12-06,ETSY,buy,2126.215591684458,228.66000366210938,486180.46498100227,486.1804649810023,rebalance,rebalance,0.0
2021-12-03,2021-12-06,TMO,buy,776.0600936685678,626.4727035283372,486180.46498100227,486.1804649810023,rebalance,rebalance,0.0
2021-12-03,2021-12-06,TSLA,buy,1456.3423038421124,333.836669921875,486180.46498100227,486.1804649810023,rebalance,rebalance,0.0
2022-01-03,2022-01-04,ANET,sell,407.1586960448276,35.5625,14479.581128094182,14.479581128094182,rebalance,rebalance,1983.3972455268704
2022-01-03,2022-01-04,DXCM,sell,3757.263005508124,129.27499389648438,485720.1521045493,485.7201521045493,rebalance,rebalance,-50532.76796697927
2022-01-03,2022-01-04,ENPH,sell,2245.637251644352,187.58999633789062,421259.08381219476,421.2590838121948,rebalance,rebalance,-65828.82071760058
2022-01-03,2022-01-04,ETSY,sell,2126.215591684458,205.9199981689453,437830.3107464466,437.8303107464466,rebalance,rebalance,-49274.165010283024
2022-01-03,2022-01-04,FTNT,sell,8163.143086441015,66.0999984741211,539583.7455577833,539.5837455577833,rebalance,rebalance,101499.55808780572
2022-01-03,2022-01-04,IT,sell,1576.102904843416,322.92999267578125,508970.89951736183,508.97089951736183,rebalance,rebalance,20354.193457911635
2022-01-03,2022-01-04,MRNA,sell,1731.103629749632,232.1999969482422,401962.25754495553,401.96225754495555,rebalance,rebalance,-190064.6473763645
2022-01-03,2022-01-04,NOW,sell,4040.8628722308476,125.6780014038086,507847.5697288265,507.84756972882656,rebalance,rebalance,-60564.73756124132
2022-01-03,2022-01-04,PAYC,sell,1203.053472426086,394.69158624970385,474835.0833750662,474.83508337506623,rebalance,rebalance,-129460.89808878643
2022-01-03,2022-01-04,TMO,sell,776.0600936685678,628.9950761527823,488137.97771619615,488.1379777161962,rebalance,rebalance,983.1942924967291
2022-01-03,2022-01-04,TSLA,sell,69.04857029633831,396.51666259765625,27378.908651043726,27.378908651043727,rebalance,rebalance,4277.534027026017
2022-01-03,2022-01-04,ALB,buy,389.8876090131789,225.97240889243452,88103.8422060197,88.1038422060197,rebalance,rebalance,0.0
2022-01-03,2022-01-04,AMD,buy,198.0382706249161,151.00999450683594,29905.75815921187,29.90575815921187,rebalance,rebalance,0.0
2022-01-03,2022-01-04,CDNS,buy,3019.293451324939,182.19000244140625,550085.0812682125,550.0850812682125,rebalance,rebalance,0.0
2022-01-03,2022-01-04,COST,buy,1027.1014015156377,535.5703735351562,550085.0812682125,550.0850812682125,rebalance,rebalance,0.0
2022-01-03,2022-01-04,DLTR,buy,3899.100326968717,141.0800018310547,550085.0812682125,550.0850812682125,rebalance,rebalance,0.0
2022-01-03,2022-01-04,DVN,buy,14685.665876849955,37.45727881058156,550085.0812682125,550.0850812682125,rebalance,rebalance,0.0
2022-01-03,2022-01-04,F,buy,33141.89527762788,16.59787639361537,550085.0812682125,550.0850812682125,rebalance,rebalance,0.0
2022-01-03,2022-01-04,FDS,buy,1210.8039277899204,454.3139220503541,550085.0812682125,550.0850812682125,rebalance,rebalance,0.0
2022-01-03,2022-01-04,INTU,buy,902.3622486455976,609.6056014021684,550085.0812682125,550.0850812682125,rebalance,rebalance,0.0
2022-01-03,2022-01-04,MPWR,buy,215.82914100659036,482.5829944406757,104155.4731545192,104.1554731545192,rebalance,rebalance,0.0
2022-01-03,2022-01-04,NVDA,buy,1903.3092971697006,30.18164886854297,57445.01289540921,57.44501289540921,rebalance,rebalance,0.0
2022-01-03,2022-01-04,ODFL,buy,3250.223138130998,169.2453280560092,550085.0812682125,550.0850812682125,rebalance,rebalance,0.0
2022-01-03,2022-01-04,PFE,buy,12637.268175549525,43.52879701742124,550085.0812682125,550.0850812682125,rebalance,rebalance,0.0
2022-02-01,2022-02-02,ALB,sell,2434.3019750258954,213.57804208679917,519913.44967405905,519.913449674059,rebalance,rebalance,-63995.68471900307
2022-02-01,2022-02-02,AMD,sell,3642.70645174622,129.88999938964844,473151.13879398495,473.15113879398496,rebalance,rebalance,-37200.512174828946
2022-02-01,2022-02-02,CDNS,sell,3019.293451324939,151.80999755859375,458358.93147431704,458.35893147431705,rebalance,rebalance,-92734.59380663792
2022-02-01,2022-02-02,COST,sell,1027.1014015156377,485.1484976765383,498296.70190677856,498.2967019067786,rebalance,rebalance,-52836.76114460889
2022-02-01,2022-02-02,DVN,sell,1555.5731693426915,42.1930743393812,65634.414374423,65.634414374423,rebalance,rebalance,7242.974507805049
2022-02-01,2022-02-02,INTU,sell,902.3622486455976,543.9053638445138,490799.66716913733,490.79966716913736,rebalance,rebalance,-60326.29884751248
2022-02-01,2022-02-02,MPWR,sell,1139.876638019069,397.27916707405853,452849.2413193939,452.8492413193939,rebalance,rebalance,-134091.6925303073
2022-02-01,2022-02-02,PFE,sell,12637.268175549525,41.22285987558565,520944.33521087596,520.9443352108759,rebalance,rebalance,-30211.77547381558
2022-02-01,2022-02-02,ANET,buy,2119.1473399111765,31.5,66753.14120720206,66.75314120720206,rebalance,rebalance,0.0
2022-02-01,2022-02-02,APA,buy,18429.089431573346,30.061115051169647,553998.9776908209,553.998977690821,rebalance,rebalance,0.0
2022-02-01,2022-02-02,AVGO,buy,10021.149939392044,55.28297461283476,553998.9776908209,553.998977690821,rebalance,rebalance,0.0
2022-02-01,2022-02-02,CF,buy,8281.56261221411,66.89546449528166,553998.9776908209,553.998977690821,rebalance,rebalance,0.0
2022-02-01,2022-02-02,DLTR,buy,238.3082088308238,133.89999389648438,31909.46770792943,31.90946770792943,rebalance,rebalance,0.0
2022-02-01,2022-02-02,F,buy,2793.755434008155,15.416417032109981,43069.69885639314,43.06969885639314,rebalance,rebalance,0.0
2022-02-01,2022-02-02,FANG,buy,5244.059077741676,105.64316104718587,553998.9776908209,553.998977690821,rebalance,rebalance,0.0
2022-02-01,2022-02-02,FDS,buy,172.1887031983631,400.57984784411644,68975.32452767601,68.97532452767601,rebalance,rebalance,0.0
2022-02-01,2022-02-02,LOW,buy,2540.266157383191,218.08698119314903,553998.9776908209,553.998977690821,rebalance,rebalance,0.0
2022-02-01,2022-02-02,LYV,buy,5005.86416243636,110.66999816894531,553998.9776908209,553.998977690821,rebalance,rebalance,0.0
2022-02-01,2022-02-02,NVDA,buy,3319.8621805242146,25.712769688020778,85362.85164378959,85.3628516437896,rebalance,rebalance,0.0
2022-02-01,2022-02-02,ODFL,buy,415.0823927634947,151.1467387974124,62738.34999842888,62.73834999842888,rebalance,rebalance,0.0
2022-02-01,2022-02-02,PLD,buy,4099.848006886383,135.12671122448606,553998.9776908209,553.998977690821,rebalance,rebalance,0.0
2022-02-01,2022-02-02,TSLA,buy,403.3038784933658,309.3933410644531,124779.53443131469,124.7795344313147,rebalance,rebalance,0.0
2022-03-02,2022-03-03,ANET,sell,17587.269133041933,30.997499465942383,545161.3655588523,545.1613655588524,market_trend_exit,risk_exit,3611.3687003402038
2022-03-02,2022-03-03,APA,sell,18429.089431573346,32.16262865855175,592727.9599029341,592.7279599029341,market_trend_exit,risk_exit,37582.25527451948
2022-03-02,2022-03-03,AVGO,sell,10021.149939392044,54.79197962579849,549078.6433062407,549.0786433062407,market_trend_exit,risk_exit,-6023.412005577291
2022-03-02,2022-03-03,CF,sell,8281.56261221411,77.32160954650739,640343.7507365731,640.3437507365732,market_trend_exit,risk_exit,85150.43031732483
2022-03-02,2022-03-03,DLTR,sell,4137.408535799541,142.0,587512.0120835348,587.5120120835348,market_trend_exit,risk_exit,4347.95654633329
2022-03-02,2022-03-03,DVN,sell,13130.092707507263,46.91267668519533,615967.7940339292,615.9677940339293,market_trend_exit,risk_exit,123042.46534265812
2022-03-02,2022-03-03,F,sell,35935.65071163604,13.519921321328741,485847.1702520704,485.84717025207044,market_trend_exit,risk_exit,-108386.611822912
2022-03-02,2022-03-03,FANG,sell,5244.059077741676,109.25986691360399,572965.1969211324,572.9651969211324,market_trend_exit,risk_exit,17839.25505569963
2022-03-02,2022-03-03,FDS,sell,1382.9926309882835,400.06716793466643,553289.9451539958,553.2899451539957,market_trend_exit,risk_exit,-66942.81099284258
2022-03-02,2022-03-03,LOW,sell,2540.266157383191,209.41321578768162,531965.3049742309,531.965304974231,market_trend_exit,risk_exit,-23119.636999254933
2022-03-02,2022-03-03,LYV,sell,5005.86416243636,121.54000091552734,608412.7348855207,608.4127348855206,market_trend_exit,risk_exit,53251.34548212353
2022-03-02,2022-03-03,NVDA,sell,21545.67494721976,24.189712498581102,521183.6825611275,521.1836825611275,market_trend_exit,risk_exit,25224.040582126778
2022-03-02,2022-03-03,ODFL,sell,3665.3055308944927,155.3078572666861,569250.7482309571,569.2507482309571,market_trend_exit,risk_exit,-44754.75721518187
2022-03-02,2022-03-03,PLD,sell,4099.848006886383,130.00879668928806,533016.3059842746,533.0163059842746,market_trend_exit,risk_exit,-22069.686990221395
2022-03-02,2022-03-03,TSLA,sell,1790.59761203914,292.92333984375,524507.8328347482,524.5078328347482,market_trend_exit,risk_exit,-64513.63869444915
2022-03-30,2022-03-31,ABBV,buy,3318.188042613043,138.68158228284875,460171.56806160556,460.17156806160557,rebalance,rebalance,0.0
2022-03-30,2022-03-31,ANET,buy,13319.966999978085,34.54750061035156,460171.56806160556,460.17156806160557,rebalance,rebalance,0.0
2022-03-30,2022-03-31,APA,buy,12959.120364503982,35.509475575367794,460171.56806160556,460.17156806160557,rebalance,rebalance,0.0
2022-03-30,2022-03-31,CF,buy,5016.2614426882465,91.73596179528407,460171.5680616055,460.1715680616055,rebalance,rebalance,0.0
2022-03-30,2022-03-31,COP,buy,5403.239650857465,85.16586303710938,460171.5680616055,460.1715680616055,rebalance,rebalance,0.0
2022-03-30,2022-03-31,CVX,buy,3365.2003424049667,136.74418199207133,460171.5680616055,460.1715680616055,rebalance,rebalance,0.0
2022-03-30,2022-03-31,DLTR,buy,2870.3315059797264,160.32000732421875,460171.56806160556,460.17156806160557,rebalance,rebalance,0.0
2022-03-30,2022-03-31,DVN,buy,9305.142416299708,49.45346857405733,460171.5680616055,460.1715680616055,rebalance,rebalance,0.0
2022-03-30,2022-03-31,EOG,buy,4615.555138990856,99.70015614681128,460171.56806160556,460.17156806160557,rebalance,rebalance,0.0
2022-03-30,2022-03-31,FANG,buy,4095.7451702638937,112.35356423113505,460171.56806160556,460.17156806160557,rebalance,rebalance,0.0
2022-03-30,2022-03-31,FCX,buy,9695.20240717618,47.46384332533341,460171.56806160556,460.17156806160557,rebalance,rebalance,0.0
2022-03-30,2022-03-31,HAL,buy,13270.832505552688,34.675410745261374,460171.56806160556,460.17156806160557,rebalance,rebalance,0.0
2022-03-30,2022-03-31,MOS,buy,7820.519836676061,58.84155755267432,460171.56806160556,460.17156806160557,rebalance,rebalance,0.0
2022-03-30,2022-03-31,OXY,buy,8651.611140802828,53.189118254672714,460171.56806160556,460.17156806160557,rebalance,rebalance,0.0
2022-03-30,2022-03-31,XOM,buy,6457.392597877454,71.26275212271653,460171.56806160556,460.17156806160557,rebalance,rebalance,0.0
2022-04-28,2022-04-29,ABBV,sell,3318.188042613043,128.38336472356178,426000.1456961518,426.00014569615183,market_trend_exit,risk_exit,-35057.59407921138
2022-04-28,2022-04-29,ANET,sell,13319.966999978085,29.875,397934.0141243453,397.9340141243453,market_trend_exit,risk_exit,-63095.65951944622
2022-04-28,2022-04-29,APA,sell,12959.120364503982,36.02617089203459,466867.4848620661,466.86748486206614,market_trend_exit,risk_exit,5768.877747536877
2022-04-28,2022-04-29,CF,sell,5016.2614426882465,90.44620949401644,453701.8333221383,453.7018333221383,market_trend_exit,risk_exit,-7383.60814085095
2022-04-28,2022-04-29,COP,sell,5403.239650857465,83.2496116213127,449817.60243076115,449.81760243076116,market_trend_exit,risk_exit,-11263.954801336717
2022-04-28,2022-04-29,CVX,sell,3365.2003424049667,134.91224793467995,454006.74294440873,454.00674294440876,market_trend_exit,risk_exit,-7079.003428202708
2022-04-28,2022-04-29,DLTR,sell,2870.3315059797264,165.88999938964844,476159.2917750655,476.15929177506547,market_trend_exit,risk_exit,15051.392853623298
2022-04-28,2022-04-29,DVN,sell,9305.142416299708,49.478154695127564,460401.27593387006,460.40127593387007,market_trend_exit,risk_exit,-690.8649717308851
2022-04-28,2022-04-29,EOG,sell,4615.555138990856,98.29599550977572,453690.5872173674,453.69058721736747,market_trend_exit,risk_exit,-7394.84299951705
2022-04-28,2022-04-29,FANG,sell,4095.7451702638937,105.99472138941233,434127.3682041526,434.1273682041526,market_trend_exit,risk_exit,-26938.498793718692
2022-04-28,2022-04-29,FCX,sell,9695.20240717618,39.98783592450272,387690.16311300494,387.6901631130049,market_trend_exit,risk_exit,-73329.26667977516
2022-04-28,2022-04-29,HAL,sell,13270.832505552688,33.59920090330373,445889.3675081584,445.8893675081584,market_trend_exit,risk_exit,-15188.261489016915
2022-04-28,2022-04-29,MOS,sell,7820.519836676061,59.386380859907035,464432.3695433025,464.4323695433025,market_trend_exit,risk_exit,3336.19754409207
2022-04-28,2022-04-29,OXY,sell,8651.611140802828,53.62017042533806,463900.8638236011,463.9008638236011,market_trend_exit,risk_exit,2805.223330110415
2022-04-28,2022-04-29,XOM,sell,6457.392597877454,75.79461218290784,489435.5676689014,489.4355676689014,market_trend_exit,risk_exit,28314.392471565374
2023-01-17,2023-01-18,BBWI,buy,15539.043713470875,41.47975534668288,644555.7315561825,644.5557315561825,rebalance,rebalance,0.0
2023-01-17,2023-01-18,DE,buy,1539.2604259748293,418.7437815455944,644555.7315561825,644.5557315561825,rebalance,rebalance,0.0
2023-01-17,2023-01-18,DXCM,buy,5862.262386961233,109.94999694824219,644555.7315561825,644.5557315561825,rebalance,rebalance,0.0
2023-01-17,2023-01-18,ENPH,buy,2527.669535514441,255.0,644555.7315561825,644.5557315561825,rebalance,rebalance,0.0
2023-01-17,2023-01-18,ETSY,buy,4772.365935195221,135.05999755859375,644555.7315561825,644.5557315561825,rebalance,rebalance,0.0
2023-01-17,2023-01-18,FSLR,buy,3608.32846631244,178.6300048828125,644555.7315561825,644.5557315561825,rebalance,rebalance,0.0
2023-01-17,2023-01-18,GILD,buy,8528.498749342434,75.57669297962659,644555.7315561825,644.5557315561825,rebalance,rebalance,0.0
2023-01-17,2023-01-18,NFLX,buy,19726.26615473999,32.67499923706055,644555.7315561825,644.5557315561825,rebalance,rebalance,0.0
2023-01-17,2023-01-18,PCG,buy,41038.895541751444,15.705971689721414,644555.7315561825,644.5557315561825,rebalance,rebalance,0.0
2023-01-17,2023-01-18,RCL,buy,10196.84628525589,63.21128254018859,644555.7315561825,644.5557315561825,rebalance,rebalance,0.0
2023-01-17,2023-01-18,ROST,buy,5573.185810815276,115.65301309447878,644555.7315561825,644.5557315561825,rebalance,rebalance,0.0
2023-01-17,2023-01-18,SLB,buy,11983.139200255973,53.788554132994975,644555.7315561825,644.5557315561825,rebalance,rebalance,0.0
2023-01-17,2023-01-18,STLD,buy,6116.367982233113,105.38210477664104,644555.7315561825,644.5557315561825,rebalance,rebalance,0.0
2023-01-17,2023-01-18,WYNN,buy,6747.013276021633,95.53200878481803,644555.7315561825,644.5557315561825,rebalance,rebalance,0.0
2023-01-17,2023-01-18,XYL,buy,5787.243027365307,111.37526599597841,644555.7315561825,644.5557315561825,rebalance,rebalance,0.0
2023-02-14,2023-02-15,BBWI,sell,15539.043713470875,39.45349247682114,613069.544246418,613.0695442464181,rebalance,rebalance,-32743.81258556704
2023-02-14,2023-02-15,DE,sell,1539.2604259748293,387.8259568279068,596965.1475110196,596.9651475110196,rebalance,rebalance,-48832.10492423011
2023-02-14,2023-02-15,DXCM,sell,5862.262386961233,118.66000366210938,695616.0763050659,695.6160763050659,rebalance,rebalance,49720.17294102224
2023-02-14,2023-02-15,ENPH,sell,2527.669535514441,208.8800048828125,527979.6249203929,527.9796249203929,rebalance,rebalance,-117748.64199226612
2023-02-14,2023-02-15,ETSY,sell,4772.365935195221,133.0,634724.6693809644,634.7246693809644,rebalance,rebalance,-11110.34257615524
2023-02-14,2023-02-15,PCG,sell,41038.895541751444,15.24403281242418,625598.2702241074,625.5982702241074,rebalance,rebalance,-20227.61533385533
2023-02-14,2023-02-15,XYL,sell,5787.243027365307,102.04310441123836,590548.2444946492,590.5482444946492,rebalance,rebalance,-55242.59103758395
2023-02-14,2023-02-15,ACGL,buy,13775.216912728434,62.997024642898225,867797.6793124216,867.7976793124216,rebalance,rebalance,0.0
2023-02-14,2023-02-15,APA,buy,23444.501157400162,37.014977349539585,867797.6793124216,867.7976793124216,rebalance,rebalance,0.0
2023-02-14,2023-02-15,CAT,buy,3745.1828679673044,231.71036232562344,867797.6793124216,867.7976793124216,rebalance,rebalance,0.0
2023-02-14,2023-02-15,FCX,buy,21774.454418988815,39.853934459806375,867797.6793124215,867.7976793124215,rebalance,rebalance,0.0
2023-02-14,2023-02-15,FSLR,buy,1651.0514083082967,165.0,272423.48237086897,272.42348237086895,rebalance,rebalance,0.0
2023-02-14,2023-02-15,GILD,buy,2920.181173268018,75.79892923712309,221346.60611212158,221.34660611212158,rebalance,rebalance,0.0
2023-02-14,2023-02-15,HAL,buy,24564.78832421112,35.32689424631101,867797.6793124216,867.7976793124216,rebalance,rebalance,0.0
2023-02-14,2023-02-15,LVS,buy,16252.71802367717,53.39400327060389,867797.6793124216,867.7976793124216,rebalance,rebalance,0.0
2023-02-14,2023-02-15,NFLX,buy,4607.012681179396,35.66299819946289,164299.8849538035,164.2998849538035,rebalance,rebalance,0.0
2023-02-14,2023-02-15,RCL,buy,1701.2084044250805,72.93609770217743,124079.50239691306,124.07950239691306,rebalance,rebalance,0.0
2023-02-14,2023-02-15,ROST,buy,2195.7554356775963,111.70089356824147,245267.84422251087,245.2678442225109,rebalance,rebalance,0.0
2023-02-14,2023-02-15,SLB,buy,4872.258729953352,51.48485268076044,250847.52293419727,250.8475229341973,rebalance,rebalance,0.0
2023-02-14,2023-02-15,STLD,buy,1172.6434042158044,119.05560758565338,139609.77297022153,139.60977297022154,rebalance,rebalance,0.0
2023-02-14,2023-02-15,UHS,buy,5994.866735420868,144.7567923712149,867797.6793124216,867.7976793124216,rebalance,rebalance,0.0
2023-02-14,2023-02-15,WYNN,buy,1577.5278789249423,104.2457071398779,164450.5092714023,164.4505092714023,rebalance,rebalance,0.0
2023-03-15,2023-03-16,ACGL,sell,13775.216912728434,59.05079830751768,813437.5555558332,813.4375555558332,market_trend_exit,risk_exit,-56041.35899145656
2023-03-15,2023-03-16,APA,sell,23444.501157400162,27.4442643032556,643417.0862216719,643.4170862216719,market_trend_exit,risk_exit,-225891.8078562837
2023-03-15,2023-03-16,CAT,sell,3745.1828679673044,204.63953608476496,766412.4846534387,766.4124846534387,market_trend_exit,risk_exit,-103019.4048229487
2023-03-15,2023-03-16,FCX,sell,21774.454418988815,33.59035719067324,731411.7015658676,731.4117015658677,market_trend_exit,risk_exit,-137985.18712743206
2023-03-15,2023-03-16,FSLR,sell,5259.379874620737,202.39999389648438,1064498.4545225298,1064.49845452253,market_trend_exit,risk_exit,145537.76292702876
2023-03-15,2023-03-16,GILD,sell,11448.679922610452,71.05560842738774,813492.917591504,813.4929175915041,market_trend_exit,risk_exit,-54088.81533205978
2023-03-15,2023-03-16,HAL,sell,24564.78832421112,27.354620585754613,671960.4643781701,671.9604643781701,market_trend_exit,risk_exit,-197376.97307794212
2023-03-15,2023-03-16,LVS,sell,16252.71802367717,49.678006436526246,807402.6305912805,807.4026305912805,market_trend_exit,risk_exit,-62070.249031044594
2023-03-15,2023-03-16,NFLX,sell,24333.278835919387,30.475000381469727,741556.6818070526,741.5566818070525,market_trend_exit,risk_exit,-68849.34700125034
2023-03-15,2023-03-16,RCL,sell,11898.05468968097,59.049059487937605,702568.9391617066,702.5689391617066,market_trend_exit,risk_exit,-67537.49896450363
2023-03-15,2023-03-16,ROST,sell,7768.941246492873,98.23253702433351,763162.8086359828,763.1628086359829,market_trend_exit,risk_exit,-128313.75352712517
2023-03-15,2023-03-16,SLB,sell,16855.397930209325,40.65607066307235,685274.2493047938,685.2742493047938,market_trend_exit,risk_exit,-211709.68268938112
2023-03-15,2023-03-16,STLD,sell,7289.011386448918,95.16266558384751,693641.7530054951,693.641753005495,market_trend_exit,risk_exit,-92001.55877844075
2023-03-15,2023-03-16,UHS,sell,5994.866735420868,114.47466247468908,686260.3461180452,686.2603461180452,market_trend_exit,risk_exit,-183091.39121980683
2023-03-15,2023-03-16,WYNN,sell,8324.541154946575,99.64280155773325,829480.6023615252,829.4806023615251,market_trend_exit,risk_exit,18835.87469075138
2023-04-13,2023-04-14,ALGN,buy,1593.1051330718826,341.6700134277344,544316.2522084627,544.3162522084627,rebalance,rebalance,0.0
2023-04-13,2023-04-14,AMAT,buy,4938.911231246554,110.20976622636731,544316.2522084627,544.3162522084627,rebalance,rebalance,0.0
2023-04-13,2023-04-14,AMD,buy,5928.079438222271,91.81999969482422,544316.2522084627,544.3162522084627,rebalance,rebalance,0.0
2023-04-13,2023-04-14,BA,buy,2686.7874132374354,202.58999633789062,544316.2522084627,544.3162522084627,rebalance,rebalance,0.0
2023-04-13,2023-04-14,BKNG,buy,5291.159975586689,102.87276414244276,544316.2522084627,544.3162522084627,rebalance,rebalance,0.0
2023-04-13,2023-04-14,FICO,buy,782.9410476484978,695.219970703125,544316.2522084627,544.3162522084627,rebalance,rebalance,0.0
2023-04-13,2023-04-14,FSLR,buy,2575.7913748949613,211.32000732421875,544316.2522084627,544.3162522084627,rebalance,rebalance,0.0
2023-04-13,2023-04-14,GE,buy,7391.370100456774,73.64213194720487,544316.2522084627,544.3162522084627,rebalance,rebalance,0.0
2023-04-13,2023-04-14,LRCX,buy,11279.386563256865,48.25761127662728,544316.2522084627,544.3162522084627,rebalance,rebalance,0.0
2023-04-13,2023-04-14,LVS,buy,10139.09255105196,53.68490813825231,544316.2522084627,544.3162522084627,rebalance,rebalance,0.0
2023-04-13,2023-04-14,MKTX,buy,1683.20178794307,323.3814603260585,544316.2522084627,544.3162522084627,rebalance,rebalance,0.0
2023-04-13,2023-04-14,NVDA,buy,20579.27349398359,26.44973120006375,544316.2522084627,544.3162522084627,rebalance,rebalance,0.0
2023-04-13,2023-04-14,RCL,buy,9048.158179780381,60.15768528724753,544316.2522084627,544.3162522084627,rebalance,rebalance,0.0
2023-04-13,2023-04-14,SEDG,buy,1779.1019136816801,305.95001220703125,544316.2522084627,544.3162522084627,rebalance,rebalance,0.0
2023-04-13,2023-04-14,WYNN,buy,5133.095835029133,106.04053960846679,544316.2522084627,544.3162522084627,rebalance,rebalance,0.0
2023-05-11,2023-05-12,AMAT,sell,4938.911231246554,113.46667233562214,560401.8223705768,560.4018223705768,rebalance,rebalance,14980.852087535175
2023-05-11,2023-05-12,BA,sell,2686.7874132374354,201.83999633789062,542301.1616485346,542.3011616485346,rebalance,rebalance,-3101.707973785039
2023-05-11,2023-05-12,BKNG,sell,5291.159975586689,104.9596421806048,555358.2577579166,555.3582577579166,rebalance,rebalance,9942.331039487539
2023-05-11,2023-05-12,LRCX,sell,11279.386563256865,51.452523555086586,580352.902832901,580.352902832901,rebalance,rebalance,34911.98146939693
2023-05-11,2023-05-12,LVS,sell,10139.09255105196,57.072464952896695,578663.0042740889,578.6630042740888,rebalance,rebalance,33223.77280914371
2023-05-11,2023-05-12,MKTX,sell,1683.20178794307,286.28970766285096,481883.3478078096,481.8833478078096,rebalance,rebalance,-63459.10400066927
2023-05-11,2023-05-12,RCL,sell,9048.158179780381,74.03498781841353,669880.2806191192,669.8802806191192,rebalance,rebalance,124349.83187782903
2023-05-11,2023-05-12,SEDG,sell,1779.1019136816801,301.7200012207031,536790.6315677918,536.7906315677918,rebalance,rebalance,-8606.727524447107
2023-05-11,2023-05-12,ALGN,buy,1435.1873398248451,296.7799987792969,425934.89696127985,425.9348969612799,rebalance,rebalance,0.0
2023-05-11,2023-05-12,AMD,buy,3353.513243947934,96.83000183105469,324720.69355194457,324.7206935519446,rebalance,rebalance,0.0
2023-05-11,2023-05-12,AXON,buy,4381.516467452067,205.1199951171875,898736.6364096447,898.7366364096448,rebalance,rebalance,0.0
2023-05-11,2023-05-12,CDNS,buy,4448.31056362607,202.0399932861328,898736.6364096449,898.7366364096449,rebalance,rebalance,0.0
2023-05-11,2023-05-12,FDX,buy,5293.631019717504,169.77697029922686,898736.6364096447,898.7366364096448,rebalance,rebalance,0.0
2023-05-11,2023-05-12,FICO,buy,413.1259045221992,751.4099731445312,310426.9248223359,310.4269248223359,rebalance,rebalance,0.0
2023-05-11,2023-05-12,FSLR,buy,1834.1037328170742,203.8000030517578,373790.3463453601,373.7903463453601,rebalance,rebalance,0.0
2023-05-11,2023-05-12,GE,buy,4111.719765875549,78.13001957327144,321248.7457876637,321.24874578766367,rebalance,rebalance,0.0
2023-05-11,2023-05-12,META,buy,3829.640238450965,234.6791292262928,898736.6364096447,898.7366364096448,rebalance,rebalance,0.0
2023-05-11,2023-05-12,NVDA,buy,10987.930171594297,28.47058123775665,312832.7585851728,312.8327585851728,rebalance,rebalance,0.0
2023-05-11,2023-05-12,PHM,buy,13506.04898253544,66.54326795140412,898736.6364096447,898.7366364096448,rebalance,rebalance,0.0
2023-05-11,2023-05-12,WBD,buy,72595.85041209281,12.380000114440918,898736.6364096447,898.7366364096448,rebalance,rebalance,0.0
2023-05-11,2023-05-12,WST,buy,2517.236696668155,357.0330265720436,898736.6364096446,898.7366364096447,rebalance,rebalance,0.0
2023-05-11,2023-05-12,WYNN,buy,3591.610358711605,103.01053312883072,369973.6978419133,369.97369784191335,rebalance,rebalance,0.0
2023-05-11,2023-05-12,XRAY,buy,23860.00498514531,37.667076640142255,898736.6364096447,898.7366364096448,rebalance,rebalance,0.0
2023-06-09,2023-06-12,ALGN,sell,540.4233345639809,304.80999755859375,164726.43528905412,164.7264352890541,rebalance,rebalance,-8760.621290317078
2023-06-09,2023-06-12,AMD,sell,3381.1308025264734,128.52000427246094,434542.94518645166,434.5429451864517,rebalance,rebalance,117216.03105587466
2023-06-09,2023-06-12,AXON,sell,4381.516467452067,195.89999389648438,858339.0492312058,858.3390492312059,rebalance,rebalance,-42154.662864079684
2023-06-09,2023-06-12,CDNS,sell,4448.31056362607,230.91000366210938,1027159.4085370956,1027.1594085370957,rebalance,rebalance,126496.87608250411
2023-06-09,2023-06-12,FDX,sell,836.0024948367309,170.11901771280682,142219.92322708052,142.21992322708053,rebalance,rebalance,1.7985971422575346
2023-06-09,2023-06-12,FICO,sell,1196.066952170697,782.4500122070312,935862.6013263885,935.8626013263886,rebalance,rebalance,79328.81851723281
2023-06-09,2023-06-12,FSLR,sell,4409.8951077120355,191.3300018310547,843745.2390333029,843.7452390333029,rebalance,rebalance,-76123.21135810703
2023-06-09,2023-06-12,GE,sell,2411.5629185147354,83.41034353567429,201149.29149120738,201.14929149120738,rebalance,rebalance,19305.484316988695
2023-06-09,2023-06-12,META,sell,966.3443993585038,264.84423147196054,255930.73978533625,255.93073978533624,rebalance,rebalance,28667.16600921819
2023-06-09,2023-06-12,NVDA,sell,12184.43257603898,39.12378588583667,476701.13124536234,476.7011312453624,rebalance,rebalance,145047.86108012963
2023-06-09,2023-06-12,PHM,sell,2729.1160625295233,70.36578882045124,192036.40452245384,192.03640452245384,rebalance,rebalance,10058.462397128988
2023-06-09,2023-06-12,WBD,sell,72595.85041209281,13.920000076293945,1010534.2432749558,1010.5342432749558,rebalance,rebalance,109888.33598562644
2023-06-09,2023-06-12,WST,sell,327.5669139379711,346.32043240592503,113443.11527687259,113.44311527687259,rebalance,rebalance,-3739.4867332303706
2023-06-09,2023-06-12,WYNN,sell,8724.706193740738,99.71443163989447,869979.1193339247,869.9791193339247,rebalance,rebalance,-46095.09978583556
2023-06-09,2023-06-12,XRAY,sell,2331.2286618037906,35.223896360478506,82114.95677595372,82.11495677595371,rebalance,rebalance,-5865.537419351744
2023-06-09,2023-06-12,BKNG,buy,7372.124585287314,102.86415770763197,758327.3859813053,758.3273859813053,rebalance,rebalance,0.0
2023-06-09,2023-06-12,CMG,buy,18500.933303776714,40.98860168457031,758327.3859813052,758.3273859813052,rebalance,rebalance,0.0
2023-06-09,2023-06-12,CRM,buy,3569.0350688090857,212.47406409888364,758327.3859813053,758.3273859813053,rebalance,rebalance,0.0
2023-06-09,2023-06-12,DVA,buy,7782.505818771007,97.44000244140625,758327.3859813053,758.3273859813053,rebalance,rebalance,0.0
2023-06-09,2023-06-12,RCL,buy,8403.773175447552,90.23653663057365,758327.3859813053,758.3273859813053,rebalance,rebalance,0.0
2023-06-09,2023-06-12,TDG,buy,1105.7659586720383,685.7937523162796,758327.3859813053,758.3273859813053,rebalance,rebalance,0.0
2023-07-11,2023-07-12,ALGN,sell,2487.869138332747,355.30999755859375,883964.777467109,883.964777467109,rebalance,rebalance,85181.74251481179
2023-07-11,2023-07-12,BKNG,sell,7372.124585287314,109.8348739721171,809716.3747317782,809.7163747317782,rebalance,rebalance,49820.94498975995
2023-07-11,2023-07-12,DVA,sell,7782.505818771007,103.80999755859375,807901.9100463599,807.90191004636,rebalance,rebalance,48008.29476902699
2023-07-11,2023-07-12,FDX,sell,4457.6285248807735,197.02823548300944,878278.682695989,878.278682695989,rebalance,rebalance,119840.93567394993
2023-07-11,2023-07-12,TDG,sell,1105.7659586720383,765.5451369938766,846513.7523147508,846.5137523147508,rebalance,rebalance,86581.52519514963
2023-07-11,2023-07-12,XRAY,sell,21528.77632334152,37.74547326600603,812613.8511625109,812.613851162511,rebalance,rebalance,64.24350382364162
2023-07-11,2023-07-12,AMD,buy,2193.013411237396,112.88999938964844,247569.2826560805,247.5692826560805,rebalance,rebalance,0.0
2023-07-11,2023-07-12,AMZN,buy,7011.529719635467,130.30999755859375,913672.4206477052,913.6724206477053,rebalance,rebalance,0.0
2023-07-11,2023-07-12,ANET,buy,22559.812855498894,40.5,913672.4206477052,913.6724206477053,rebalance,rebalance,0.0
2023-07-11,2023-07-12,CMG,buy,3573.887014572043,41.389801025390625,147922.47242036418,147.9224724203642,rebalance,rebalance,0.0
2023-07-11,2023-07-12,CRM,buy,619.6963515135803,218.12628430049193,135172.06255022882,135.17206255022882,rebalance,rebalance,0.0
2023-07-11,2023-07-12,GE,buy,1364.5222179134526,87.38218481624989,119234.93263159251,119.23493263159251,rebalance,rebalance,0.0
2023-07-11,2023-07-12,META,buy,191.20617280717534,299.12320145419704,57194.20254788672,57.194202547886725,rebalance,rebalance,0.0
2023-07-11,2023-07-12,MSFT,buy,2783.8736383959717,328.20182929500714,913672.4206477052,913.6724206477053,rebalance,rebalance,0.0
2023-07-11,2023-07-12,NOW,buy,8002.596469299058,114.1719970703125,913672.4206477052,913.6724206477053,rebalance,rebalance,0.0
2023-07-11,2023-07-12,NVDA,buy,1890.4929971140264,42.949329116868,81195.40592618451,81.1954059261845,rebalance,rebalance,0.0
2023-07-11,2023-07-12,PANW,buy,7276.199911350045,125.56999969482422,913672.4206477052,913.6724206477053,rebalance,rebalance,0.0
2023-07-11,2023-07-12,PHM,buy,1062.2773175440125,77.17342646301259,81979.58044880912,81.97958044880913,rebalance,rebalance,0.0
2023-07-11,2023-07-12,RCL,buy,785.654901746555,99.42647278726896,78114.89570868832,78.11489570868832,rebalance,rebalance,0.0
2023-07-11,2023-07-12,TSLA,buy,3306.454113002181,276.3299865722656,913672.4206477052,913.6724206477053,rebalance,rebalance,0.0
2023-07-11,2023-07-12,WST,buy,242.8717762778001,375.60403326482543,91223.61873613407,91.22361873613407,rebalance,rebalance,0.0
2023-08-08,2023-08-09,AMD,sell,1524.8579152589318,112.88999938964844,172141.2091228814,172.1412091228814,rebalance,rebalance,21087.941191522925
2023-08-08,2023-08-09,AMZN,sell,7011.529719635467,139.97000122070312,981403.8234163725,981.4038234163726,rebalance,rebalance,65836.32652460333
2023-08-08,2023-08-09,ANET,sell,22559.812855498894,45.130001068115234,1018124.3782651449,1018.1243782651449,rebalance,rebalance,102520.16081852696
2023-08-08,2023-08-09,CMG,sell,22074.820318348757,37.24340057373047,822141.3757093871,822.1413757093871,rebalance,rebalance,-85836.87392639331
2023-08-08,2023-08-09,CRM,sell,4188.731420322666,208.05062773367993,871468.2014059194,871.4682014059194,rebalance,rebalance,-23796.214775552053
2023-08-08,2023-08-09,GE,sell,10456.04916573104,89.43150207238547,935100.1826340398,935.1001826340398,rebalance,rebalance,130023.00977578668
2023-08-08,2023-08-09,META,sell,663.6713974255736,310.156314310015,205841.87453849305,205.84187453849304,rebalance,rebalance,47050.47661535493
2023-08-08,2023-08-09,MSFT,sell,2783.8736383959717,318.324602002666,886175.4679681114,886.1754679681114,rebalance,rebalance,-29296.800568209528
2023-08-08,2023-08-09,NOW,sell,8002.596469299058,110.30400085449219,882718.4077877195,882.7184077877196,rebalance,rebalance,-32750.403688421084
2023-08-08,2023-08-09,NVDA,sell,4491.953876695581,44.18792110075107,198490.10349163724,198.49010349163726,rebalance,rebalance,69887.01332625508
2023-08-08,2023-08-09,PANW,sell,259.7715756848538,105.68499755859375,27453.958342045826,27.453958342045826,rebalance,rebalance,-5225.631812446784
2023-08-08,2023-08-09,PHM,sell,3008.840369675081,83.97510213275852,252667.67734463184,252.66767734463184,rebalance,rebalance,49124.03476602601
2023-08-08,2023-08-09,RCL,sell,1991.140373541688,103.0149449498344,205117.2159677897,205.1172159677897,rebalance,rebalance,23492.81376444444
2023-08-08,2023-08-09,TSLA,sell,350.6155274493872,250.8699951171875,87958.91565923789,87.95891565923789,rebalance,rebalance,-9111.512832530456
2023-08-08,2023-08-09,WST,sell,546.484834349144,393.1648512103769,214858.62858560868,214.85862858560867,rebalance,rebalance,18321.22712641048
2023-08-08,2023-08-09,AVGO,buy,8709.076436096528,85.14464386274047,741531.2115248238,741.5312115248238,rebalance,rebalance,0.0
2023-08-08,2023-08-09,CCL,buy,41881.45120412341,17.705480354792883,741531.2115248238,741.5312115248238,rebalance,rebalance,0.0
2023-08-08,2023-08-09,EQT,buy,17583.99482176474,42.17080470286463,741531.2115248238,741.5312115248238,rebalance,rebalance,0.0
2023-08-08,2023-08-09,FTNT,buy,12602.50186270963,58.84000015258789,741531.2115248238,741.5312115248238,rebalance,rebalance,0.0
2023-08-08,2023-08-09,ISRG,buy,2448.348213687883,302.8699951171875,741531.2115248238,741.5312115248238,rebalance,rebalance,0.0
2023-08-08,2023-08-09,NCLH,buy,40278.71904784729,18.40999984741211,741531.2115248238,741.5312115248238,rebalance,rebalance,0.0
2023-08-08,2023-08-09,TTWO,buy,5296.651510891598,140.0,741531.2115248238,741.5312115248238,rebalance,rebalance,0.0
2023-09-06,2023-09-07,AMD,sell,250.1354626106595,106.13999938964844,26549.377848824828,26.54937784882483,rebalance,rebalance,1772.5090777915611
2023-09-06,2023-09-07,AVGO,sell,619.764395001911,82.90490748577923,51381.509830613366,51.38150983061337,rebalance,rebalance,-1492.259989153004
2023-09-06,2023-09-07,EQT,sell,17583.99482176474,40.72324570059006,716077.3415246289,716.077341524629,rebalance,rebalance,-26911.478553244335
2023-09-06,2023-09-07,FTNT,sell,12602.50186270963,61.880001068115234,779842.8287253962,779.8428287253962,rebalance,rebalance,36790.24316032223
2023-09-06,2023-09-07,ISRG,sell,2448.348213687883,305.5299987792969,748043.8267393525,748.0438267393525,rebalance,rebalance,5023.040176264668
2023-09-06,2023-09-07,META,sell,120.58562610103263,295.4058570001141,35621.700220270875,35.621700220270874,rebalance,rebalance,6771.911387218384
2023-09-06,2023-09-07,NCLH,sell,40278.71904784729,16.420000076293945,661376.5698386749,661.3765698386749,rebalance,rebalance,-81557.54946751236
2023-09-06,2023-09-07,NVDA,sell,2022.5024486109342,45.44023319735737,91902.98290710714,91.90298290710714,rebalance,rebalance,33996.902582485316
2023-09-06,2023-09-07,PANW,sell,7016.428335665191,122.09500122070312,856670.8262080175,856.6708262080175,rebalance,rebalance,-26119.801490392652
2023-09-06,2023-09-07,PHM,sell,155.66169587887816,77.31022797464786,12034.241195316374,12.034241195316374,rebalance,rebalance,1504.9930038781552
2023-09-06,2023-09-07,RCL,sell,167.07747019512954,95.38097199815765,15936.01150620467,15.93601150620467,rebalance,rebalance,697.1029795134849
2023-09-06,2023-09-07,TSLA,sell,2955.838585552794,245.07000732421875,724387.3838106316,724.3873838106316,rebalance,rebalance,-93940.62706542276
2023-09-06,2023-09-07,TTWO,sell,5296.651510891598,140.75,745503.7001579924,745.5037001579924,rebalance,rebalance,2485.4537214859547
2023-09-06,2023-09-07,WST,sell,1886.0567246588403,401.8404286174826,757893.8426337937,757.8938426337937,rebalance,rebalance,79577.43511567412
2023-09-06,2023-09-07,ADBE,buy,1210.5481342789697,554.0,670643.6663905492,670.6436663905491,rebalance,rebalance,0.0
2023-09-06,2023-09-07,AMZN,buy,5008.541426140851,133.89999389648438,670643.6663905492,670.6436663905491,rebalance,rebalance,0.0
2023-09-06,2023-09-07,CCL,buy,2801.8733501079914,15.008813088126425,42052.79340837346,42.05279340837346,rebalance,rebalance,0.0
2023-09-06,2023-09-07,DHI,buy,5990.066169859531,111.95930852401183,670643.6663905492,670.6436663905491,rebalance,rebalance,0.0
2023-09-06,2023-09-07,DVA,buy,6770.075539259579,99.05999755859375,670643.6663905492,670.6436663905491,rebalance,rebalance,0.0
2023-09-06,2023-09-07,GOOGL,buy,5067.934268942176,132.33077439469866,670643.6663905492,670.6436663905491,rebalance,rebalance,0.0
2023-09-06,2023-09-07,LLY,buy,1213.427295869883,552.685495598463,670643.6663905492,670.6436663905491,rebalance,rebalance,0.0
2023-09-06,2023-09-07,LRCX,buy,10116.221978603895,66.29388597926975,670643.6663905492,670.6436663905491,rebalance,rebalance,0.0
2023-09-06,2023-09-07,NFLX,buy,15202.167989894933,44.1150016784668,670643.6663905492,670.6436663905491,rebalance,rebalance,0.0
2023-10-04,2023-10-05,AMD,sell,6318.481913011537,103.41000366210938,653394.2377634948,653.3942377634949,rebalance,rebalance,27541.826181637804
2023-10-04,2023-10-05,AMZN,sell,5008.541426140851,126.70999908447266,634632.2795208506,634.6322795208506,rebalance,rebalance,-37316.66281560986
2023-10-04,2023-10-05,DHI,sell,5990.066169859531,100.77401552591165,603643.0212026625,603.6430212026625,rebalance,rebalance,-68274.93187547968
2023-10-04,2023-10-05,DVA,sell,6770.075539259579,93.0999984741211,630294.0223747514,630.2940223747514,rebalance,rebalance,-41650.58170456305
2023-10-04,2023-10-05,GOOGL,sell,5067.934268942176,133.79681396484375,678073.4585677127,678.0734585677127,rebalance,rebalance,6081.075052205324
2023-10-04,2023-10-05,NFLX,sell,15202.167989894933,37.80099868774414,574657.1322368843,574.6571322368843,rebalance,rebalance,-97231.83495229222
2023-10-04,2023-10-05,PHM,sell,8674.70817199597,70.48597517197807,611445.2648354631,611.4452648354631,rebalance,rebalance,24730.98106762199
2023-10-04,2023-10-05,ADBE,buy,335.0793799019898,519.8400268554688,174187.6738469642,174.1876738469642,rebalance,rebalance,0.0
2023-10-04,2023-10-05,AKAM,buy,7541.5716310856615,106.54000091552734,803479.0484803814,803.4790484803814,rebalance,rebalance,0.0
2023-10-04,2023-10-05,AVGO,buy,2012.7288110682666,79.53630956742306,160085.02179239702,160.08502179239701,rebalance,rebalance,0.0
2023-10-04,2023-10-05,BX,buy,8518.166972087445,94.32534618225291,803479.0484803814,803.4790484803814,rebalance,rebalance,0.0
2023-10-04,2023-10-05,CCL,buy,16838.20154519884,13.060128696772079,219909.07920248335,219.90907920248335,rebalance,rebalance,0.0
2023-10-04,2023-10-05,CEG,buy,7656.516967928194,104.94054304927607,803479.0484803814,803.4790484803814,rebalance,rebalance,0.0
2023-10-04,2023-10-05,DLR,buy,7430.720698297347,108.12935664026347,803479.0484803814,803.4790484803814,rebalance,rebalance,0.0
2023-10-04,2023-10-05,ETN,buy,3996.237978868359,201.0588590391976,803479.0484803814,803.4790484803814,rebalance,rebalance,0.0
2023-10-04,2023-10-05,HAS,buy,14638.271731704319,54.888928365782775,803479.0484803814,803.4790484803814,rebalance,rebalance,0.0
2023-10-04,2023-10-05,LLY,buy,323.8599550414822,522.6603212926192,169268.74815579428,169.26874815579427,rebalance,rebalance,0.0
2023-10-04,2023-10-05,LRCX,buy,2883.9054010331474,61.80547505549243,178241.1433259541,178.24114332595408,rebalance,rebalance,0.0
2023-10-04,2023-10-05,META,buy,390.4740007403334,301.97816897158543,117914.62377457538,117.91462377457538,rebalance,rebalance,0.0
2023-10-04,2023-10-05,NVDA,buy,3515.381047719262,43.967973455641534,154564.18059258582,154.5641805925858,rebalance,rebalance,0.0
2023-10-04,2023-10-05,RCL,buy,2167.3589037706797,87.34826433261048,189315.0384301982,189.31503843019823,rebalance,rebalance,0.0
2023-10-04,2023-10-05,ZION,buy,26787.039652050986,29.995066977058137,803479.0484803814,803.4790484803814,rebalance,rebalance,0.0
2023-11-01,2023-11-02,ADBE,sell,424.26459677443495,550.4400024414062,233532.20568432222,233.53220568432224,rebalance,rebalance,1166.1210723692072
2023-11-01,2023-11-02,AKAM,sell,1612.8135542791779,104.11000061035156,167910.02012038848,167.91002012038848,rebalance,rebalance,-4258.876606759886
2023-11-01,2023-11-02,AVGO,sell,2718.6536371443353,83.59889424997456,227276.43791393802,227.27643791393803,rebalance,rebalance,-1620.2420606099934
2023-11-01,2023-11-02,BX,sell,8518.166972087445,89.16190288624347,759495.9763340674,759.4959763340674,rebalance,rebalance,-45546.04717112839
2023-11-01,2023-11-02,CCL,sell,7548.900524144978,11.436223463577303,86330.9132984378,86.33091329843779,rebalance,rebalance,-37010.56453727634
2023-11-01,2023-11-02,CEG,sell,2180.590227623141,112.71936902511672,245794.7545600161,245.7947545600161,rebalance,rebalance,16487.804828084445
2023-11-01,2023-11-02,DLR,sell,7430.720698297347,118.17334567308878,878113.1256800679,878.1131256800679,rebalance,rebalance,72952.48502552623
2023-11-01,2023-11-02,ETN,sell,3996.237978868359,208.6496057386417,833813.4787286695,833.8134787286695,rebalance,rebalance,28697.137721079165
2023-11-01,2023-11-02,HAS,sell,14638.271731704319,41.715674100337125,610645.372951955,610.645372951955,rebalance,rebalance,-194247.79994985866
2023-11-01,2023-11-02,LLY,sell,1537.2872509113652,566.5370367333194,870930.1637392356,870.9301637392356,rebalance,rebalance,29306.90661460683
2023-11-01,2023-11-02,LRCX,sell,13000.127379637042,60.78218508565228,790176.1485261545,790.1761485261545,rebalance,rebalance,-60347.72214859141
2023-11-01,2023-11-02,META,sell,2660.718989113364,314.53783684335446,836896.7952837542,836.8967952837543,rebalance,rebalance,175547.9565113962
2023-11-01,2023-11-02,NVDA,sell,4001.7903457657576,43.24732164549146,173066.7142411542,173.06671424115422,rebalance,rebalance,46625.00784098008
2023-11-01,2023-11-02,RCL,sell,9198.569137227969,84.53780082404562,777626.8055891911,777.6268055891911,rebalance,rebalance,-53291.641154147495
2023-11-01,2023-11-02,ZION,sell,5154.934325493174,28.533653922124646,147089.11203490326,147.08911203490325,rebalance,rebalance,-7835.200032990882
2023-11-01,2023-11-02,ANET,buy,11631.829321941703,53.064998626708984,617243.0069949498,617.2430069949498,rebalance,rebalance,0.0
2023-11-01,2023-11-02,CARR,buy,12621.300070340569,48.90486745065513,617243.0069949498,617.2430069949498,rebalance,rebalance,0.0
2023-11-01,2023-11-02,HAL,buy,16740.48177747096,36.871280958330864,617243.0069949498,617.2430069949498,rebalance,rebalance,0.0
2023-11-01,2023-11-02,MPC,buy,4218.938157901215,146.30292834204712,617243.0069949498,617.2430069949498,rebalance,rebalance,0.0
2023-11-01,2023-11-02,PANW,buy,4986.613451948007,123.77999877929688,617243.0069949498,617.2430069949498,rebalance,rebalance,0.0
2023-11-01,2023-11-02,SLB,buy,11931.772326355214,51.73104129983834,617243.0069949498,617.2430069949498,rebalance,rebalance,0.0
2023-11-01,2023-11-02,TSLA,buy,2898.2626823356877,212.97000122070312,617243.0069949498,617.2430069949498,rebalance,rebalance,0.0
2023-11-01,2023-11-02,WDC,buy,19588.13721767868,31.51106203390672,617243.0069949498,617.2430069949498,rebalance,rebalance,0.0
2023-11-30,2023-12-01,AKAM,sell,5928.758076806484,115.62999725341797,685542.2801373133,685.5422801373134,rebalance,rebalance,52575.19703534225
2023-11-30,2023-12-01,ANET,sell,11631.829321941703,54.752498626708984,636871.7189757264,636.8717189757264,rebalance,rebalance,18374.597254806027
2023-11-30,2023-12-01,AVGO,sell,7383.387215018548,89.46246452707176,660536.016813232,660.536016813232,rebalance,rebalance,38849.42309245054
2023-11-30,2023-12-01,CARR,sell,12621.300070340569,50.24459593330119,634152.1221872078,634.1521221872079,rebalance,rebalance,15657.72006307585
2023-11-30,2023-12-01,CCL,sell,53972.62557528527,14.880869493103365,803159.597385953,803.159597385953,rebalance,rebalance,-78884.99250883349
2023-11-30,2023-12-01,NVDA,sell,14272.398463299922,46.43836652084653,662786.8709702885,662.7868709702885,rebalance,rebalance,211786.56431312568
2023-11-30,2023-12-01,PANW,sell,4986.613451948007,146.15499877929688,728818.4829822864,728.8184829822864,rebalance,rebalance,110229.4144973595
2023-11-30,2023-12-01,TSLA,sell,2898.2626823356877,233.13999938964844,675700.9599907831,675.7009599907832,rebalance,rebalance,57165.00902884772
2023-11-30,2023-12-01,WDC,sell,19588.13721767868,36.00296647048555,705231.0474673556,705.2310474673557,rebalance,rebalance,86665.56641794361
2023-11-30,2023-12-01,ZION,sell,21632.105326557812,32.3232360853419,699219.6474933102,699.2196474933102,rebalance,rebalance,49015.12327281436
2023-11-30,2023-12-01,ACGL,buy,12518.785058913329,79.59020745720494,996372.6999510694,996.3726999510694,rebalance,rebalance,0.0
2023-11-30,2023-12-01,ADBE,buy,514.0725693017007,609.239990234375,313193.5671011282,313.1935671011282,rebalance,rebalance,0.0
2023-11-30,2023-12-01,AIZ,buy,6204.521132811149,160.5881708875141,996372.6999510694,996.3726999510694,rebalance,rebalance,0.0
2023-11-30,2023-12-01,APA,buy,30864.46043390868,32.28220049673775,996372.6999510694,996.3726999510694,rebalance,rebalance,0.0
2023-11-30,2023-12-01,CEG,buy,2925.5703781399434,118.594660678225,346957.02628577297,346.957026285773,rebalance,rebalance,0.0
2023-11-30,2023-12-01,CF,buy,13990.859305239488,71.21597596067127,996372.6999510693,996.3726999510693,rebalance,rebalance,0.0
2023-11-30,2023-12-01,FANG,buy,7054.902291084441,141.23125435914613,996372.6999510694,996.3726999510694,rebalance,rebalance,0.0
2023-11-30,2023-12-01,HAL,buy,12039.344744122092,34.62052487368215,416808.43417671334,416.8084341767134,rebalance,rebalance,0.0
2023-11-30,2023-12-01,LDOS,buy,9586.716245195865,103.93263704351068,996372.6999510693,996.3726999510693,rebalance,rebalance,0.0
2023-11-30,2023-12-01,LLY,buy,1715.7968860530082,580.7055066075503,996372.6999510694,996.3726999510694,rebalance,rebalance,0.0
2023-11-30,2023-12-01,MPC,buy,2847.2867202543075,141.00495202625788,401481.52739445976,401.48152739445976,rebalance,rebalance,0.0
2023-11-30,2023-12-01,NRG,buy,21869.519982936617,45.559879719741225,996372.6999510694,996.3726999510694,rebalance,rebalance,0.0
2023-11-30,2023-12-01,PKG,buy,6378.770963694362,156.20136004601193,996372.6999510695,996.3726999510695,rebalance,rebalance,0.0
2023-11-30,2023-12-01,PSX,buy,8482.269993278913,117.46533660689464,996372.6999510694,996.3726999510694,rebalance,rebalance,0.0
2023-11-30,2023-12-01,SLB,buy,8773.968248979414,48.12060193287566,422208.63348082843,422.20863348082844,rebalance,rebalance,0.0
2023-12-29,2024-01-02,ACGL,sell,12518.785058913329,70.94653851478071,888164.4663404558,888.1644663404559,rebalance,rebalance,-110092.77077690508
2023-12-29,2024-01-02,ADBE,sell,1635.4354867082252,589.510009765625,964105.5897404156,964.1055897404156,rebalance,rebalance,36091.10431096354
2023-12-29,2024-01-02,AIZ,sell,51.02777329093169,161.64346838264166,8248.306258589324,8.248306258589324,rebalance,rebalance,37.40671830001413
2023-12-29,2024-01-02,APA,sell,30864.46043390868,32.4257537334789,1000803.3931466262,1000.8033931466263,rebalance,rebalance,2433.517102459219
2023-12-29,2024-01-02,CF,sell,13990.859305239488,74.82838641906083,1046913.4264271734,1046.9134264271734,rebalance,rebalance,48497.44034972583
2023-12-29,2024-01-02,FANG,sell,7054.902291084441,143.3089789032599,1011030.8435975801,1011.0308435975801,rebalance,rebalance,12650.740102962152
2023-12-29,2024-01-02,HAL,sell,28779.82652159305,34.22021502072982,984851.8518282169,984.8518518282169,rebalance,rebalance,-51218.49263644616
2023-12-29,2024-01-02,LDOS,sell,9586.716245195865,105.08088151610852,1007380.5938899794,1007.3805938899794,rebalance,rebalance,9004.140645069116
2023-12-29,2024-01-02,LLY,sell,1715.7968860530082,569.6251423451448,977361.0454533009,977.3610454533009,rebalance,rebalance,-20985.388243172696
2023-12-29,2024-01-02,MPC,sell,23.894186544354852,141.2418775629574,3374.859770364232,3.3748597703642322,rebalance,rebalance,-76.74042559636317
2023-12-29,2024-01-02,NRG,sell,1639.7719966268269,49.16877906613234,80625.58702097514,80.62558702097515,rebalance,rebalance,5762.438684901914
2023-12-29,2024-01-02,PKG,sell,6378.770963694362,153.0835427648466,976484.8576078677,976.4848576078678,rebalance,rebalance,-21860.699900760665
2023-12-29,2024-01-02,PSX,sell,331.62441548208153,122.03597859928877,40470.11007077295,40.47011007077295,rebalance,rebalance,1436.311995443123
2023-12-29,2024-01-02,SLB,sell,20705.74057533463,48.78083318133092,1010043.2769013135,1010.0432769013134,rebalance,rebalance,-31457.858491841896
2023-12-29,2024-01-02,AKAM,buy,8491.30966779141,117.13999938964844,994672.0093024018,994.6720093024019,rebalance,rebalance,0.0
2023-12-29,2024-01-02,ANET,buy,17002.940329955585,58.5,994672.0093024017,994.6720093024016,rebalance,rebalance,0.0
2023-12-29,2024-01-02,CBOE,buy,5718.320886288012,173.94476964164957,994672.0093024017,994.6720093024016,rebalance,rebalance,0.0
2023-12-29,2024-01-02,CEG,buy,289.73070295650905,114.4455110074431,33158.37835440339,33.15837835440339,rebalance,rebalance,0.0
2023-12-29,2024-01-02,FICO,buy,863.1308471276217,1152.4000244140625,994672.0093024017,994.6720093024016,rebalance,rebalance,0.0
2023-12-29,2024-01-02,INTC,buy,20487.67413447419,48.54977694264902,994672.0093024017,994.6720093024016,rebalance,rebalance,0.0
2023-12-29,2024-01-02,KEY,buy,79055.85569986071,12.581889102291434,994672.0093024017,994.6720093024016,rebalance,rebalance,0.0
2023-12-29,2024-01-02,SNPS,buy,1958.2084563411554,507.95001220703125,994672.0093024017,994.6720093024016,rebalance,rebalance,0.0
2023-12-29,2024-01-02,STX,buy,12352.08120346891,80.52667343403328,994672.0093024017,994.6720093024016,rebalance,rebalance,0.0
2023-12-29,2024-01-02,UBER,buy,16378.594052361716,60.72999954223633,994672.0093024017,994.6720093024016,rebalance,rebalance,0.0
2023-12-29,2024-01-02,ZION,buy,25042.58048587459,39.71922980794459,994672.0093024017,994.6720093024016,rebalance,rebalance,0.0
2024-01-30,2024-01-31,AIZ,sell,6153.493359520217,163.69651880738974,1007305.4414578491,1007.3054414578492,rebalance,rebalance,17131.714599401523
2024-01-30,2024-01-31,AKAM,sell,8491.30966779141,124.5,1057168.0536400306,1057.1680536400306,rebalance,rebalance,60444.204274686585
2024-01-30,2024-01-31,ANET,sell,2388.3106947385277,66.13249969482422,157944.9562909411,157.9449562909411,rebalance,rebalance,17931.119516804098
2024-01-30,2024-01-31,CBOE,sell,325.8149503177601,179.2305843270365,58396.003927936516,58.39600392793652,rebalance,rebalance,1607.1276387014716
2024-01-30,2024-01-31,CEG,sell,8691.227821401506,120.71838641481008,1049190.998563095,1049.190998563095,rebalance,rebalance,92424.91496822522
2024-01-30,2024-01-31,FICO,sell,55.92318891770083,1197.3399658203125,66959.06910728279,66.95906910728279,rebalance,rebalance,2381.7798798307767
2024-01-30,2024-01-31,KEY,sell,79055.85569986071,12.775455235520575,1009974.5455993445,1009.9745455993445,rebalance,rebalance,13297.889742041332
2024-01-30,2024-01-31,MPC,sell,7042.330691611168,161.10655245093818,1134565.6189449064,1134.5656189449064,rebalance,rebalance,117136.01973835278
2024-01-30,2024-01-31,NRG,sell,1548.4168618510012,51.736248528112384,80109.27958984325,80.10927958984325,rebalance,rebalance,9412.938642320685
2024-01-30,2024-01-31,PSX,sell,8150.645577796831,132.08222896329522,1076555.4354052308,1076.5554354052308,rebalance,rebalance,117103.13528406418
2024-01-30,2024-01-31,SNPS,sell,1958.2084563411554,538.0,1053516.1495115417,1053.5161495115417,rebalance,rebalance,56795.95205032612
2024-01-30,2024-01-31,STX,sell,713.9445807806514,83.04611135143314,59290.32115426223,59.29032115426223,rebalance,rebalance,1681.9571444801418
2024-01-30,2024-01-31,UBER,sell,1667.7563844031938,65.69999694824219,109571.58936570126,109.57158936570127,rebalance,rebalance,8077.8904705065215
2024-01-30,2024-01-31,ZION,sell,25042.58048587459,38.52308536409185,964717.4657944875,964.7174657944876,rebalance,rebalance,-31913.932983010924
2024-01-30,2024-01-31,AMD,buy,5831.434523096021,165.74000549316406,966501.989890961,966.501989890961,rebalance,rebalance,0.0
2024-01-30,2024-01-31,AXON,buy,3791.095868186067,254.94000244140625,966501.9898909611,966.5019898909611,rebalance,rebalance,0.0
2024-01-30,2024-01-31,BX,buy,8368.074592724466,115.49873022538256,966501.9898909611,966.5019898909611,rebalance,rebalance,0.0
2024-01-30,2024-01-31,CE,buy,6580.014502256548,146.8844771633116,966501.9898909611,966.5019898909611,rebalance,rebalance,0.0
2024-01-30,2024-01-31,INTC,buy,2520.2221329285276,42.00740383466907,105867.9888909997,105.8679888909997,rebalance,rebalance,0.0
2024-01-30,2024-01-31,IT,buy,2089.5081945684856,462.54998779296875,966501.9898909612,966.5019898909612,rebalance,rebalance,0.0
2024-01-30,2024-01-31,LLY,buy,1514.1930397301508,638.2950948336181,966501.9898909611,966.5019898909611,rebalance,rebalance,0.0
2024-01-30,2024-01-31,LULU,buy,2047.5869928952663,472.0199890136719,966501.9898909611,966.5019898909611,rebalance,rebalance,0.0
2024-01-30,2024-01-31,NWS,buy,38056.99388719633,25.396172718101237,966501.989890961,966.501989890961,rebalance,rebalance,0.0
2024-02-28,2024-02-29,AMD,sell,2214.5027131647375,179.82000732421875,398211.8941007854,398.2118941007854,rebalance,rebalance,30414.958670289776
2024-02-28,2024-02-29,ANET,sell,5154.313932627339,68.75,354359.0828681296,354.3590828681296,rebalance,rebalance,52175.83136150343
2024-02-28,2024-02-29,AXON,sell,3791.095868186067,309.2200012207031,1172282.6689882982,1172.2826689882982,rebalance,rebalance,203641.894438458
2024-02-28,2024-02-29,BX,sell,8368.074592724466,117.9126791075899,986702.094200296,986.702094200296,rebalance,rebalance,18246.90022524369
2024-02-28,2024-02-29,CBOE,sell,5392.505935970252,190.12433828426583,1025246.6227703197,1025.2466227703196,rebalance,rebalance,85285.17512115258
2024-02-28,2024-02-29,CE,sell,6580.014502256548,147.44591526837712,970196.2607644117,970.1962607644117,rebalance,rebalance,1757.5726227952764
2024-02-28,2024-02-29,FICO,sell,298.82308340614,1279.3399658203125,382296.3133111315,382.2963133111315,rebalance,rebalance,37205.92465648654
2024-02-28,2024-02-29,INTC,sell,23007.896267402717,41.93259519224425,964780.8004061456,964.7808004061457,rebalance,rebalance,-137824.51858585514
2024-02-28,2024-02-29,IT,sell,2089.5081945684856,468.010009765625,977910.7505453504,977.9107505453504,rebalance,rebalance,9464.34791395306
2024-02-28,2024-02-29,LLY,sell,1514.1930397301508,740.382125632438,1121081.4613732516,1121.0814613732516,rebalance,rebalance,152491.88803102652
2024-02-28,2024-02-29,LULU,sell,2047.5869928952663,466.0299987792969,954236.9637994851,954.2369637994851,rebalance,rebalance,-14185.765045166281
2024-02-28,2024-02-29,NRG,sell,6321.37836353035,52.621293716351346,332639.10755951895,332.63910755951895,rebalance,rebalance,44017.22930863667
2024-02-28,2024-02-29,NWS,sell,38056.99388719633,27.253708551387557,1037194.2197435866,1037.1942197435867,rebalance,rebalance,68688.53364299114
2024-02-28,2024-02-29,STX,sell,11638.136622688258,87.91384684263141,1023153.3605806351,1023.1533605806352,rebalance,rebalance,84012.59959697837
2024-02-28,2024-02-29,UBER,sell,6409.667058901416,78.3499984741211,502197.40428455017,502.1974042845502,rebalance,rebalance,112046.87024974241
2024-02-28,2024-02-29,ALL,buy,4269.325104385479,152.3418078152332,650396.7045530431,650.3967045530432,rebalance,rebalance,0.0
2024-02-28,2024-02-29,AVGO,buy,5122.062999965512,126.97944257175719,650396.7045530431,650.3967045530432,rebalance,rebalance,0.0
2024-02-28,2024-02-29,EXPE,buy,4817.807710181067,134.99847724902233,650396.7045530431,650.3967045530432,rebalance,rebalance,0.0
2024-02-28,2024-02-29,FITB,buy,20955.466101866765,31.03709081875798,650396.7045530431,650.3967045530432,rebalance,rebalance,0.0
2024-02-28,2024-02-29,KEY,buy,51453.70231154568,12.640425767906322,650396.7045530431,650.3967045530432,rebalance,rebalance,0.0
2024-02-28,2024-02-29,META,buy,1341.8491422183672,484.70180744595217,650396.7045530431,650.3967045530432,rebalance,rebalance,0.0
2024-02-28,2024-02-29,NOW,buy,4239.5977382646015,153.41000366210938,650396.7045530431,650.3967045530432,rebalance,rebalance,0.0
2024-02-28,2024-02-29,PANW,buy,4119.302723841067,157.88999938964844,650396.7045530432,650.3967045530433,rebalance,rebalance,0.0
2024-02-28,2024-02-29,URI,buy,960.355838838443,677.2455357169509,650396.7045530431,650.3967045530432,rebalance,rebalance,0.0
2024-02-28,2024-02-29,WDC,buy,14875.484065681178,43.72272537023219,650396.7045530431,650.3967045530432,rebalance,rebalance,0.0
2024-03-27,2024-03-28,ALL,sell,4269.325104385479,163.8348168463307,699464.0965344367,699.4640965344367,rebalance,rebalance,47717.53118030617
2024-03-27,2024-03-28,ANET,sell,9460.315702589718,71.94750213623047,680646.0842214883,680.6460842214883,rebalance,rebalance,125983.54106716694
2024-03-27,2024-03-28,AVGO,sell,9.129139405737988,128.94776083158834,1177.1820846893306,1.1771820846893306,rebalance,rebalance,15.632656671268549
2024-03-27,2024-03-28,EXPE,sell,4817.807710181067,137.5530488668094,662704.1393894274,662.7041393894274,rebalance,rebalance,10994.333992441869
2024-03-27,2024-03-28,FICO,sell,508.3845748037809,1259.1099853515625,640112.0945341489,640.1120945341489,rebalance,rebalance,53023.7236275893
2024-03-27,2024-03-28,FITB,sell,20955.466101866765,33.94719178279161,711379.2266578596,711.3792266578596,rebalance,rebalance,59620.74617360576
2024-03-27,2024-03-28,KEY,sell,51453.70231154568,13.961600003716276,718376.0103840923,718.3760103840924,rebalance,rebalance,66610.53311611213
2024-03-27,2024-03-28,NOW,sell,4239.5977382646015,151.92999267578125,644122.0533227996,644.1220533227996,rebalance,rebalance,-7569.169988119235
2024-03-27,2024-03-28,NRG,sell,12359.95276092844,63.87668196342356,789512.7715927649,789.5127715927649,rebalance,rebalance,225042.17973045935
2024-03-27,2024-03-28,PANW,sell,4119.302723841067,140.67999267578125,579503.4770192871,579.5034770192871,rebalance,rebalance,-72123.12771532839
2024-03-27,2024-03-28,URI,sell,25.295092663879814,705.0893487898686,17835.3004139544,17.8353004139544,rebalance,rebalance,669.3455427990881
2024-03-27,2024-03-28,WDC,sell,14875.484065681178,51.45753304633794,765455.7128900627,765.4557128900627,rebalance,rebalance,113643.1559195765
2024-03-27,2024-03-28,AMD,buy,56.670285766124834,179.47000122070312,10170.61625562402,10.17061625562402,rebalance,rebalance,0.0
2024-03-27,2024-03-28,BLDR,buy,3139.530345710435,210.0,659301.3725991914,659.3013725991914,rebalance,rebalance,0.0
2024-03-27,2024-03-28,DECK,buy,4217.7741246962305,156.31500244140625,659301.3725991914,659.3013725991914,rebalance,rebalance,0.0
2024-03-27,2024-03-28,KLAC,buy,9640.885226981001,68.38597878481835,659301.3725991914,659.3013725991914,rebalance,rebalance,0.0
2024-03-27,2024-03-28,LRCX,buy,6956.1933890303835,94.77904591308246,659301.3725991914,659.3013725991914,rebalance,rebalance,0.0
2024-03-27,2024-03-28,META,buy,6.227617797205312,489.06812442310434,3045.7293557031467,3.0457293557031466,rebalance,rebalance,0.0
2024-03-27,2024-03-28,MPWR,buy,993.2918882799789,663.7539079684443,659301.3725991914,659.3013725991914,rebalance,rebalance,0.0
2024-03-27,2024-03-28,NFLX,buy,10720.521743609374,61.499000549316406,659301.3725991914,659.3013725991914,rebalance,rebalance,0.0
2024-03-27,2024-03-28,NVDA,buy,7338.246991486998,89.8445328106342,659301.3725991914,659.3013725991914,rebalance,rebalance,0.0
2024-03-27,2024-03-28,RL,buy,3653.050579106614,180.479672624853,659301.3725991914,659.3013725991914,rebalance,rebalance,0.0
2024-03-27,2024-03-28,SMCI,buy,6536.667682486205,100.86199951171875,659301.3725991914,659.3013725991914,rebalance,rebalance,0.0
2024-03-27,2024-03-28,TPR,buy,14727.619243449502,44.7663238505051,659301.3725991914,659.3013725991914,rebalance,rebalance,0.0
2024-03-27,2024-03-28,UBER,buy,162.261479325678,77.9000015258789,12640.169487061685,12.640169487061685,rebalance,rebalance,0.0
2024-04-25,2024-04-26,AVGO,sell,5112.933860559774,128.1748249445961,655349.402530547,655.349402530547,rebalance,rebalance,4807.324116353817
2024-04-25,2024-04-26,KLAC,sell,9640.885226981001,67.02490020061258,646179.3701839617,646.1793701839617,rebalance,rebalance,-14427.483158012781
2024-04-25,2024-04-26,LRCX,sell,6956.1933890303835,88.15012584355418,613189.3226351279,613.189322635128,rebalance,rebalance,-47384.54065929768
2024-04-25,2024-04-26,META,sell,1348.0767600155725,438.0813579966591,590567.2977113583,590.5672977113583,rebalance,rebalance,-64119.14592900783
2024-04-25,2024-04-26,MPWR,sell,993.2918882799789,651.3929736603864,647023.3568194357,647.0233568194358,rebalance,rebalance,-13584.340509174224
2024-04-25,2024-04-26,NFLX,sell,10720.521743609374,55.82099914550781,598430.2350894167,598.4302350894168,rebalance,rebalance,-62128.869117463124
2024-04-25,2024-04-26,NVDA,sell,313.9687250274055,83.67320929669376,26270.770841834194,26.270770841834196,rebalance,rebalance,-1992.0817196626022
2024-04-25,2024-04-26,RL,sell,3653.050579106614,161.4236043198554,589688.5912421247,589.6885912421247,rebalance,rebalance,-70861.77132090798
2024-04-25,2024-04-26,UBER,sell,64.09063266190242,69.9749984741211,4484.741922722077,4.484741922722077,rebalance,rebalance,563.0221295751024
2024-04-25,2024-04-26,URI,sell,58.71853401398835,670.6785287663361,39381.26000381776,39.381260003817765,rebalance,rebalance,-464.7531460284105
2024-04-25,2024-04-26,AMD,buy,136.97806908182338,154.24000549316406,21127.498127623443,21.127498127623443,rebalance,rebalance,0.0
2024-04-25,2024-04-26,BBWI,buy,13954.916301284244,42.11733648976467,587743.9055476907,587.7439055476907,rebalance,rebalance,0.0
2024-04-25,2024-04-26,BLDR,buy,12.9256607863731,186.44000244140625,2409.86022856819,2.4098602285681903,rebalance,rebalance,0.0
2024-04-25,2024-04-26,CEG,buy,3191.8728288460943,184.13763237558814,587743.9055476907,587.7439055476907,rebalance,rebalance,0.0
2024-04-25,2024-04-26,DECK,buy,113.3198005631184,135.70333862304688,15377.875268512995,15.377875268512994,rebalance,rebalance,0.0
2024-04-25,2024-04-26,DVA,buy,4462.748057455709,131.6999969482422,587743.9055476907,587.7439055476907,rebalance,rebalance,0.0
2024-04-25,2024-04-26,DXCM,buy,4435.803060737288,132.5,587743.9055476907,587.7439055476907,rebalance,rebalance,0.0
2024-04-25,2024-04-26,MU,buy,5285.335397853873,111.2027641209574,587743.9055476907,587.7439055476907,rebalance,rebalance,0.0
2024-04-25,2024-04-26,PHM,buy,5324.863340721784,110.37727504721691,587743.9055476907,587.7439055476907,rebalance,rebalance,0.0
2024-04-25,2024-04-26,RCL,buy,4339.90768460486,135.42774368971482,587743.9055476907,587.7439055476907,rebalance,rebalance,0.0
2024-04-25,2024-04-26,SMCI,buy,817.3015261487435,79.9219970703125,65320.370178421814,65.32037017842181,rebalance,rebalance,0.0
2024-04-25,2024-04-26,TPR,buy,858.6856198729474,37.70899585897131,32380.17248394719,32.38017248394719,rebalance,rebalance,0.0
2024-05-23,2024-05-24,AMD,sell,3810.5801647792314,161.41000366210938,615065.7583517771,615.0657583517772,rebalance,rebalance,-16948.488248662372
2024-05-23,2024-05-24,BLDR,sell,3152.456006496808,168.14999389648438,530085.4582513738,530.0854582513739,rebalance,rebalance,-132817.57126746484
2024-05-23,2024-05-24,DECK,sell,4331.093925259349,169.15333557128906,732618.9841301662,732.6189841301663,rebalance,rebalance,56532.43803046397
2024-05-23,2024-05-24,DVA,sell,4462.748057455709,139.0,620321.9799863436,620.3219799863436,rebalance,rebalance,31370.00855311902
2024-05-23,2024-05-24,DXCM,sell,4435.803060737288,125.81999969482422,558112.739748266,558.112739748266,rebalance,rebalance,-30777.02244472068
2024-05-23,2024-05-24,PHM,sell,5324.863340721784,112.01866586756378,596484.0873547529,596.484087354753,rebalance,rebalance,7555.95381415996
2024-05-23,2024-05-24,RCL,sell,4339.90768460486,142.95472653427785,620410.3162366988,620.4103162366988,rebalance,rebalance,31458.256467223793
2024-05-23,2024-05-24,TPR,sell,15586.30486332245,39.95017279725895,622675.5725604894,622.6755725604894,rebalance,rebalance,-70320.32964029288
2024-05-23,2024-05-24,UBER,sell,8399.341455720882,63.779998779296875,535709.9877927755,535.7099877927756,rebalance,rebalance,21804.485824306466
2024-05-23,2024-05-24,URI,sell,876.3422121605748,658.6064922759147,577164.6703843916,577.1646703843916,rebalance,rebalance,-17504.844083005202
2024-05-23,2024-05-24,AXP,buy,3197.8552240216545,231.14878652182614,739180.354505088,739.180354505088,rebalance,rebalance,0.0
2024-05-23,2024-05-24,BBWI,buy,2450.5171206950035,45.05704515643994,110413.06056378396,110.41306056378396,rebalance,rebalance,0.0
2024-05-23,2024-05-24,CAT,buy,2157.2310900365783,342.6523741100701,739180.354505088,739.180354505088,rebalance,rebalance,0.0
2024-05-23,2024-05-24,CEG,buy,168.16250462821836,219.9918397110329,36994.37876357684,36.99437876357684,rebalance,rebalance,0.0
2024-05-23,2024-05-24,GE,buy,4516.6090382593475,163.6582551740985,739180.354505088,739.180354505088,rebalance,rebalance,0.0
2024-05-23,2024-05-24,GM,buy,17185.07177292874,43.01293379929331,739180.354505088,739.180354505088,rebalance,rebalance,0.0
2024-05-23,2024-05-24,HAS,buy,13278.154719493408,55.66890657027149,739180.354505088,739.180354505088,rebalance,rebalance,0.0
2024-05-23,2024-05-24,META,buy,1592.9197471523669,464.04117710669794,739180.354505088,739.180354505088,rebalance,rebalance,0.0
2024-05-23,2024-05-24,MU,buy,539.1023621165432,126.91016454588099,68417.56948328362,68.41756948328361,rebalance,rebalance,0.0
2024-05-23,2024-05-24,NRG,buy,9380.568241986299,78.79910208388073,739180.354505088,739.180354505088,rebalance,rebalance,0.0
2024-05-23,2024-05-24,NVDA,buy,64.91881141706381,104.2685576920773,6768.990833541204,6.768990833541204,rebalance,rebalance,0.0
2024-05-23,2024-05-24,SMCI,buy,1261.186131851303,85.80000305175781,108209.77396167642,108.20977396167642,rebalance,rebalance,0.0
2024-05-23,2024-05-24,SYF,buy,17836.472192224115,41.44207142191137,739180.3545050878,739.1803545050878,rebalance,rebalance,0.0
2024-05-23,2024-05-24,VST,buy,7809.851092141734,94.64717646778831,739180.354505088,739.180354505088,rebalance,rebalance,0.0
2024-05-23,2024-05-24,WDC,buy,13142.647960029957,56.242878661371606,739180.354505088,739.180354505088,rebalance,rebalance,0.0
2024-06-24,2024-06-25,AXP,sell,3197.8552240216545,225.29347741854025,720455.9237008836,720.4559237008837,rebalance,rebalance,-20184.06708241022
2024-06-24,2024-06-25,BBWI,sell,16405.433421979247,38.72527213612438,635304.8737772166,635.3048737772167,rebalance,rebalance,-64185.5541741466
2024-06-24,2024-06-25,CAT,sell,2157.2310900365783,318.7199970899916,687552.6867388976,687.5526867388976,rebalance,rebalance,-53054.400807434366
2024-06-24,2024-06-25,CEG,sell,374.79785300000185,213.60906768158625,80060.21994839062,80.06021994839061,rebalance,rebalance,10223.53667172625
2024-06-24,2024-06-25,GE,sell,467.63301965869596,157.49013876170812,73647.58915560461,73.6475891556046,rebalance,rebalance,-3034.5944967472155
2024-06-24,2024-06-25,GM,sell,17185.07177292874,46.972253974834835,807221.5558937739,807.2215558937739,rebalance,rebalance,66494.79947828717
2024-06-24,2024-06-25,HAS,sell,13278.154719493408,56.71735760665145,753101.8495819543,753.1018495819543,rebalance,rebalance,12429.2128727793
2024-06-24,2024-06-25,META,sell,1592.9197471523669,493.7355866348011,786481.165822433,786.481165822433,rebalance,rebalance,45775.14979701748
2024-06-24,2024-06-25,MU,sell,1239.262379599827,139.07293442736452,172347.85565638644,172.34785565638646,rebalance,rebalance,32424.784945774056
2024-06-24,2024-06-25,NRG,sell,1334.5928315586789,79.25375886506153,105771.4984553912,105.77149845539121,rebalance,rebalance,395.84546575364635
2024-06-24,2024-06-25,NVDA,sell,1819.1898749836364,121.00055473590018,220122.9840429529,220.1229840429529,rebalance,rebalance,56054.620815759474
2024-06-24,2024-06-25,SMCI,sell,1082.1812745469824,84.6510009765625,91607.72812849426,91.60772812849426,rebalance,rebalance,-13203.517410502618
2024-06-24,2024-06-25,SYF,sell,17836.472192224115,43.75721409629366,780474.3324377389,780.4743324377389,rebalance,rebalance,39774.323245708314
2024-06-24,2024-06-25,VST,sell,464.4518439404119,86.81268008248743,40320.309341720356,40.32030934172036,rebalance,rebalance,-3723.025657473417
2024-06-24,2024-06-25,WDC,sell,1952.9878306599694,56.98777153548345,111296.42430522978,111.29642430522979,rebalance,rebalance,1233.6286363936065
2024-06-24,2024-06-25,ETN,buy,2032.8834043471015,313.6794730325648,637673.7950122451,637.6737950122451,rebalance,rebalance,0.0
2024-06-24,2024-06-25,FSLR,buy,2454.2905743841275,259.82000732421875,637673.7950122451,637.6737950122451,rebalance,rebalance,0.0
2024-06-24,2024-06-25,HWM,buy,8127.556884292462,78.45823832308461,637673.7950122451,637.6737950122451,rebalance,rebalance,0.0
2024-06-24,2024-06-25,LDOS,buy,4383.3033241472685,145.47790738079908,637673.7950122451,637.6737950122451,rebalance,rebalance,0.0
2024-06-24,2024-06-25,LLY,buy,726.0912457013791,878.2281824597324,637673.7950122451,637.6737950122451,rebalance,rebalance,0.0
2024-06-24,2024-06-25,MRNA,buy,4688.777904501802,136.0,637673.7950122451,637.6737950122451,rebalance,rebalance,0.0
2024-06-24,2024-06-25,QCOM,buy,3293.51608271564,193.61490243170655,637673.7950122451,637.6737950122451,rebalance,rebalance,0.0
2024-07-23,2024-07-24,ETN,sell,2032.8834043471015,308.3081310434673,626754.4830235362,626.7544830235362,rebalance,rebalance,-12183.740266744728
2024-07-23,2024-07-24,GE,sell,705.2012701053727,169.5404985459023,119560.1749088684,119.5601749088684,rebalance,rebalance,3913.193312544075
2024-07-23,2024-07-24,HWM,sell,1170.027696406677,81.4808278306852,95334.82528804566,95.33482528804566,rebalance,rebalance,3349.3803016235806
2024-07-23,2024-07-24,LDOS,sell,4383.3033241472685,151.27351390531933,663077.6963566242,663.0776963566243,rebalance,rebalance,24103.149853010436
2024-07-23,2024-07-24,LLY,sell,66.32430064248206,859.2507432067264,56989.204619719065,56.98920461971907,rebalance,rebalance,-1373.9024610666834
2024-07-23,2024-07-24,MRNA,sell,4688.777904501802,119.80999755859375,561762.4692911493,561.7624692911493,rebalance,rebalance,-77110.76198539924
2024-07-23,2024-07-24,NRG,sell,346.96740968435915,73.63354315651571,25548.43973489773,25.54843973489773,rebalance,rebalance,-1845.1697606701491
2024-07-23,2024-07-24,NVDA,sell,505.0531334860516,118.97391446537992,60088.14830384161,60.08814830384161,rebalance,rebalance,14539.643421840368
2024-07-23,2024-07-24,QCOM,sell,3293.51608271564,180.46194062605153,594354.3037699757,594.3543037699757,rebalance,rebalance,-44551.51934105149
2024-07-23,2024-07-24,SMCI,sell,122.44808051327345,76.5,9367.27815926542,9.36727815926542,rebalance,rebalance,-2491.0454292438217
2024-07-23,2024-07-24,VST,sell,81.15852520807493,78.04053575629499,6333.65478842894,6.33365478842894,rebalance,rebalance,-1361.7855488508364
2024-07-23,2024-07-24,WDC,sell,11189.660129369988,54.85843757414697,613847.2716829648,613.8472716829648,rebalance,rebalance,-16734.611203780194
2024-07-23,2024-07-24,AMAT,buy,2654.808978068785,213.53899379136436,566905.2378850887,566.9052378850887,rebalance,rebalance,0.0
2024-07-23,2024-07-24,APH,buy,18409.11517990588,30.79481182799504,566905.2378850887,566.9052378850887,rebalance,rebalance,0.0
2024-07-23,2024-07-24,CEG,buy,66.3191500628609,185.7757553020719,12320.490193919433,12.320490193919433,rebalance,rebalance,0.0
2024-07-23,2024-07-24,FSLR,buy,76.31038567834412,224.02000427246094,17095.052925695793,17.095052925695793,rebalance,rebalance,0.0
2024-07-23,2024-07-24,MU,buy,532.5292876931371,110.77333974013318,58990.047707203004,58.990047707203004,rebalance,rebalance,0.0
2024-07-23,2024-07-24,NFLX,buy,8917.249601777072,63.57400131225586,566905.2378850887,566.9052378850887,rebalance,rebalance,0.0
2024-07-23,2024-07-24,NTAP,buy,4574.523883625744,123.92661013625805,566905.2378850887,566.9052378850887,rebalance,rebalance,0.0
2024-07-23,2024-07-24,TRGP,buy,4366.000643524516,129.8454315910147,566905.2378850887,566.9052378850887,rebalance,rebalance,0.0
2024-08-20,2024-08-21,AMAT,sell,2654.808978068785,204.38326825705403,542598.535535868,542.598535535868,rebalance,rebalance,-25416.20612264157
2024-08-20,2024-08-21,APH,sell,18409.11517990588,33.00428259020566,607579.6396332583,607.5796396332584,rebalance,rebalance,39499.916870651476
2024-08-20,2024-08-21,CEG,sell,961.0918751093864,189.275077777796,181910.7394129369,181.91073941293692,rebalance,rebalance,2855.60867850179
2024-08-20,2024-08-21,FSLR,sell,748.2906935069068,222.0,166120.5339585333,166.12053395853331,rebalance,rebalance,-27852.275376097656
2024-08-20,2024-08-21,GE,sell,3343.774748495279,168.15650425927632,562277.472737407,562.2774727374069,rebalance,rebalance,13931.617889688221
2024-08-20,2024-08-21,HWM,sell,6957.529187885785,95.33449534178979,663292.5339528639,663.2925339528639,rebalance,rebalance,116207.88277278781
2024-08-20,2024-08-21,LLY,sell,659.766945058897,942.4235336363103,621779.895738839,621.7798957388391,rebalance,rebalance,41152.764912008985
2024-08-20,2024-08-21,MU,sell,1436.4794489777141,107.48401839797634,154398.58352223554,154.39858352223555,rebalance,rebalance,-7464.7799390933715
2024-08-20,2024-08-21,NFLX,sell,8917.249601777072,69.69999694824219,621532.2700305758,621.5322700305758,rebalance,rebalance,53438.59463757157
2024-08-20,2024-08-21,NRG,sell,2733.0186817911035,79.67654655745895,217757.49024213394,217.75749024213394,rebalance,rebalance,1964.9552301779072
2024-08-20,2024-08-21,NTAP,sell,1460.8721956565614,127.0767956172404,185642.9574303581,185.6429574303581,rebalance,rebalance,4235.334483847761
2024-08-20,2024-08-21,NVDA,sell,1652.1283689184088,127.11051541152283,210002.88849921746,210.00288849921745,rebalance,rebalance,60991.30660814013
2024-08-20,2024-08-21,SMCI,sell,7410.525985425996,61.28900146484375,454183.7379760365,454.1837379760365,rebalance,rebalance,-263366.19989675
2024-08-20,2024-08-21,TRGP,sell,1472.9351499194745,136.76595986158904,201447.38959261047,201.44738959261048,rebalance,rebalance,9800.788055900923
2024-08-20,2024-08-21,VST,sell,2235.5216658106174,78.68263760135639,175896.74108095735,175.89674108095736,rebalance,rebalance,-36076.555075266704
2024-08-20,2024-08-21,GNRC,buy,2586.6044062094484,152.97000122070312,395672.8791753354,395.6728791753354,rebalance,rebalance,0.0
2024-08-20,2024-08-21,GRMN,buy,2301.579744507041,171.91360852025647,395672.8791753354,395.6728791753354,rebalance,rebalance,0.0
2024-08-20,2024-08-21,IRM,buy,3842.4344059315995,102.97453056440774,395672.8791753354,395.6728791753354,rebalance,rebalance,0.0
2024-08-20,2024-08-21,MRNA,buy,4510.1204153101635,87.7300033569336,395672.8791753354,395.6728791753354,rebalance,rebalance,0.0
2024-08-20,2024-08-21,NEM,buy,7930.490865183758,49.89260890677128,395672.8791753354,395.6728791753354,rebalance,rebalance,0.0
2024-08-20,2024-08-21,RCL,buy,2552.0256960168617,155.04267053144952,395672.8791753354,395.6728791753354,rebalance,rebalance,0.0
2024-08-20,2024-08-21,TER,buy,2992.002732825339,132.2434885618245,395672.8791753354,395.6728791753354,rebalance,rebalance,0.0
2024-09-18,2024-09-19,CEG,sell,2090.4647554277853,202.74812754854446,423837.8148692094,423.8378148692094,rebalance,rebalance,34347.986826386215
2024-09-18,2024-09-19,GRMN,sell,2301.579744507041,167.4187157900341,385327.5251137236,385.3275251137236,rebalance,rebalance,-11126.354465900797
2024-09-18,2024-09-19,MRNA,sell,4510.1204153101635,71.8499984741211,324052.14495813765,324.05214495813766,rebalance,rebalance,-72340.45924133118
2024-09-18,2024-09-19,MU,sell,3681.2252190860117,88.79156556642347,326861.7504052472,326.8617504052472,rebalance,rebalance,-87872.09787331092
2024-09-18,2024-09-19,NRG,sell,4965.989318952157,80.72696884152732,400889.2650184083,400.8892650184083,rebalance,rebalance,8781.560962525968
2024-09-18,2024-09-19,NTAP,sell,3113.6516879691826,117.52990896699092,365947.19944193563,365.94719944193565,rebalance,rebalance,-20668.91089139998
2024-09-18,2024-09-19,RCL,sell,2552.0256960168617,167.26679187246228,426869.1509488281,426.8691509488281,rebalance,rebalance,30373.729743368553
2024-09-18,2024-09-19,TER,sell,2992.002732825339,133.09400427435116,398217.624511526,398.217624511526,rebalance,rebalance,1750.854832503826
2024-09-18,2024-09-19,TRGP,sell,2893.0654936050414,148.1295321423044,428548.43802475976,428.5484380247598,rebalance,rebalance,52092.90061087826
2024-09-18,2024-09-19,VST,sell,5028.7190571826295,93.1843481937015,468597.9075928085,468.5979075928085,rebalance,rebalance,-8300.704386890784
2024-09-18,2024-09-19,AVGO,buy,4327.596620425014,165.12601432007654,714598.7815158158,714.5987815158157,rebalance,rebalance,0.0
2024-09-18,2024-09-19,CHRW,buy,7212.320533259264,99.08028604947303,714598.7815158158,714.5987815158157,rebalance,rebalance,0.0
2024-09-18,2024-09-19,FICO,buy,369.1147577583903,1935.97998046875,714598.7815158158,714.5987815158157,rebalance,rebalance,0.0
2024-09-18,2024-09-19,FOX,buy,19295.831827886337,37.033841706843525,714598.7815158158,714.5987815158157,rebalance,rebalance,0.0
2024-09-18,2024-09-19,FSLR,buy,1060.3930815048548,251.3800048828125,266561.618006391,266.561618006391,rebalance,rebalance,0.0
2024-09-18,2024-09-19,GDDY,buy,4522.777098201365,158.0,714598.7815158158,714.5987815158157,rebalance,rebalance,0.0
2024-09-18,2024-09-19,GNRC,buy,2255.5068056732275,147.5800018310547,332867.6985112112,332.8676985112112,rebalance,rebalance,0.0
2024-09-18,2024-09-19,HWM,buy,7407.552263138777,96.46894900381321,714598.7815158158,714.5987815158157,rebalance,rebalance,0.0
2024-09-18,2024-09-19,IRM,buy,2567.8119709269454,111.47758440230461,286253.4757182567,286.2534757182567,rebalance,rebalance,0.0
2024-09-18,2024-09-19,MMM,buy,5522.952191224585,129.38710254476607,714598.7815158158,714.5987815158157,rebalance,rebalance,0.0
2024-09-18,2024-09-19,MPWR,buy,810.2398221418705,881.9595902195631,714598.7815158158,714.5987815158157,rebalance,rebalance,0.0
2024-09-18,2024-09-19,NEM,buy,5629.376708237043,52.699539847758345,296665.5621537808,296.6655621537808,rebalance,rebalance,0.0
2024-09-18,2024-09-19,NVDA,buy,2986.15466584619,117.16692604230532,349878.56288408546,349.87856288408545,rebalance,rebalance,0.0
2024-09-18,2024-09-19,TYL,buy,1219.2230116795956,586.1099853515625,714598.7815158158,714.5987815158157,rebalance,rebalance,0.0
2024-09-18,2024-09-19,VTR,buy,11751.483387367865,60.80924066862625,714598.7815158158,714.5987815158157,rebalance,rebalance,0.0
2024-10-16,2024-10-17,AVGO,sell,4327.596620425014,178.60749382690068,772941.186667877,772.941186667877,rebalance,rebalance,56854.865183877606
2024-10-16,2024-10-17,FOX,sell,19295.831827886337,37.84701866202912,730289.7072893897,730.2897072893898,rebalance,rebalance,14246.037284768863
2024-10-16,2024-10-17,FSLR,sell,2842.7033480604196,206.38999938964844,586705.5422711415,586.7055422711416,rebalance,rebalance,-142326.2708807333
2024-10-16,2024-10-17,GDDY,sell,4522.777098201365,164.4199981689453,743635.0022048163,743.6350022048164,rebalance,rebalance,27577.986905279984
2024-10-16,2024-10-17,GNRC,sell,4842.111211882676,175.86000061035156,851533.6806770775,851.5336806770775,rebalance,rebalance,121413.0287321673
2024-10-16,2024-10-17,MPWR,sell,810.2398221418705,925.4527062773077,749838.6361348385,749.8386361348385,rebalance,rebalance,33775.41720137213
2024-10-16,2024-10-17,NEM,sell,13559.8675734208,55.16649365889123,748050.3485045234,748.0503485045234,rebalance,rebalance,54271.51838557355
2024-10-16,2024-10-17,NVDA,sell,6098.980366334749,139.12262899690117,848506.1827649737,848.5061827649737,rebalance,rebalance,217067.6191091549
2024-10-16,2024-10-17,CARR,buy,14077.573607305967,79.50955429478884,1119301.6030689802,1119.3016030689803,rebalance,rebalance,0.0
2024-10-16,2024-10-17,CHRW,buy,3324.4416720424033,106.22823038616107,353149.5558430749,353.14955584307495,rebalance,rebalance,0.0
2024-10-16,2024-10-17,FICO,buy,175.2158482388503,2056.2900390625,360294.60341943457,360.29460341943457,rebalance,rebalance,0.0
2024-10-16,2024-10-17,GL,buy,10201.72771669058,109.7168670006495,1119301.6030689802,1119.3016030689803,rebalance,rebalance,0.0
2024-10-16,2024-10-17,HWM,buy,3201.455187730361,105.50483711624521,337769.00811645,337.76900811645,rebalance,rebalance,0.0
2024-10-16,2024-10-17,IP,buy,25742.5650536063,43.48057781880505,1119301.6030689802,1119.3016030689803,rebalance,rebalance,0.0
2024-10-16,2024-10-17,IRM,buy,3179.2808188915724,116.72125019521629,371089.63190269534,371.0896319026954,rebalance,rebalance,0.0
2024-10-16,2024-10-17,MMM,buy,2987.8963293428906,131.5146897943319,392952.2588911532,392.95225889115324,rebalance,rebalance,0.0
2024-10-16,2024-10-17,PLTR,buy,26555.197213498574,42.150001525878906,1119301.6030689802,1119.3016030689803,rebalance,rebalance,0.0
2024-10-16,2024-10-17,RMD,buy,4758.426557454122,235.22515048920596,1119301.6030689802,1119.3016030689803,rebalance,rebalance,0.0
2024-10-16,2024-10-17,TSLA,buy,5051.22804082824,221.58999633789062,1119301.6030689802,1119.3016030689803,rebalance,rebalance,0.0
2024-10-16,2024-10-17,TYL,buy,681.1192685733417,589.0,401179.2491896983,401.17924918969834,rebalance,rebalance,0.0
2024-10-16,2024-10-17,UHS,buy,4812.898972905119,232.56287102019874,1119301.6030689802,1119.3016030689803,rebalance,rebalance,0.0
2024-10-16,2024-10-17,VTR,buy,6452.438274976197,61.48683914545318,396740.03430942685,396.74003430942685,rebalance,rebalance,0.0
2024-10-16,2024-10-17,WELL,buy,8844.889111837616,126.54783897414332,1119301.6030689802,1119.3016030689803,rebalance,rebalance,0.0
2024-11-13,2024-11-14,CARR,sell,14077.573607305967,74.38136647877955,1047109.1616170198,1047.1091616170197,rebalance,rebalance,-74358.85221664615
2024-11-13,2024-11-14,CHRW,sell,10536.762205301668,107.10367869022959,1128525.9936719846,1128.5259936719847,rebalance,rebalance,58581.38198206318
2024-11-13,2024-11-14,FICO,sell,224.3719275010476,2344.52001953125,526044.4758470203,526.0444758470203,rebalance,rebalance,82006.57685328217
2024-11-13,2024-11-14,GL,sell,10201.72771669058,109.10578907499189,1113067.552457741,1113.067552457741,rebalance,rebalance,-8466.419766765684
2024-11-13,2024-11-14,HWM,sell,10609.007450869138,115.29036937937532,1223116.3877592478,1223.1163877592478,rebalance,rebalance,168473.1139495906
2024-11-13,2024-11-14,IP,sell,25742.5650536063,51.45049312962851,1324467.666429586,1324.467666429586,rebalance,rebalance,202722.2940911074
2024-11-13,2024-11-14,IRM,sell,2753.187630539028,109.72970549538883,302106.4678725949,302.1064678725949,rebalance,rebalance,-822.6274924074517
2024-11-13,2024-11-14,MMM,sell,2601.900280356843,126.9514466300939,330315.0045785481,330.3150045785481,rebalance,rebalance,-8949.682590677228
2024-11-13,2024-11-14,PLTR,sell,14267.735517648014,61.04999923706055,871045.2424669929,871.0452424669929,rebalance,rebalance,268187.73831098585
2024-11-13,2024-11-14,RMD,sell,4758.426557454122,231.46706195504734,1101419.014782776,1101.419014782776,rebalance,rebalance,-20103.30890405585
2024-11-13,2024-11-14,TSLA,sell,5051.22804082824,327.69000244140625,1655236.9290311057,1655.2369290311058,rebalance,rebalance,533160.7874300256
2024-11-13,2024-11-14,TYL,sell,1900.3422802529374,619.1199951171875,1176539.9032711836,1176.5399032711837,rebalance,rebalance,58469.55463169282
2024-11-13,2024-11-14,UHS,sell,4812.898972905119,200.94708633069828,967138.0254092941,967.1380254092941,rebalance,rebalance,-154250.0172881643
2024-11-13,2024-11-14,VTR,sell,18203.921662344062,60.54294967651367,1102119.1131184937,1102.1191131184937,rebalance,rebalance,-11433.160635692659
2024-11-13,2024-11-14,WELL,sell,8844.889111837616,130.90813249108768,1157867.9157214174,1157.8679157214174,rebalance,rebalance,36289.14313364707
2024-11-13,2024-11-14,AXON,buy,1248.1689303778492,601.0,750149.5271570873,750.1495271570874,rebalance,rebalance,0.0
2024-11-13,2024-11-14,BXP,buy,10228.998334856937,73.33558014188287,750149.5271570873,750.1495271570874,rebalance,rebalance,0.0
2024-11-13,2024-11-14,CCL,buy,31021.742192367357,24.181411943448342,750149.5271570873,750.1495271570874,rebalance,rebalance,0.0
2024-11-13,2024-11-14,FTNT,buy,7770.3492857170095,96.54000091552734,750149.5271570873,750.1495271570874,rebalance,rebalance,0.0
2024-11-13,2024-11-14,IBM,buy,3739.083911077594,200.62388140973712,750149.5271570873,750.1495271570874,rebalance,rebalance,0.0
2024-11-13,2024-11-14,NCLH,buy,27417.745263984783,27.360000610351562,750149.5271570873,750.1495271570874,rebalance,rebalance,0.0
2024-11-13,2024-11-14,NVDA,buy,5088.876554246489,147.40965302668107,750149.5271570872,750.1495271570873,rebalance,rebalance,0.0
2024-11-13,2024-11-14,ORCL,buy,4054.481153056184,185.01739158206226,750149.5271570873,750.1495271570874,rebalance,rebalance,0.0
2024-11-13,2024-11-14,RCL,buy,3274.8014723256624,229.06717658959474,750149.5271570873,750.1495271570874,rebalance,rebalance,0.0
2024-11-13,2024-11-14,TRGP,buy,4048.084004855849,185.3097727856564,750149.5271570873,750.1495271570874,rebalance,rebalance,0.0
2024-11-13,2024-11-14,WMT,buy,8983.197686028558,83.50584651207048,750149.5271570875,750.1495271570875,rebalance,rebalance,0.0
2024-12-12,2024-12-13,BXP,sell,10228.998334856937,72.9776485490525,746488.2454900328,746.4882454900328,rebalance,rebalance,-5157.919439701544
2024-12-12,2024-12-13,CCL,sell,31021.742192367357,25.87421064636225,802663.0921024565,802.6630921024565,rebalance,rebalance,50960.75232610968
2024-12-12,2024-12-13,IBM,sell,3739.083911077594,221.88044348787798,829629.5964282859,829.6295964282859,rebalance,rebalance,77900.29014761331
2024-12-12,2024-12-13,IRM,sell,6836.339565211089,106.42287833407448,727542.9337988794,727.5429337988794,rebalance,rebalance,-24626.623020873583
2024-12-12,2024-12-13,MMM,sell,5908.948240210632,125.52645795043455,741729.3428060942,741.7293428060942,rebalance,rebalance,-28736.605819441113
2024-12-12,2024-12-13,NVDA,sell,5088.876554246489,138.7327975455873,705994.080734764,705.994080734764,rebalance,rebalance,-45611.590030215084
2024-12-12,2024-12-13,ORCL,sell,4054.481153056184,171.62115152068236,695834.7243064063,695.8347243064063,rebalance,rebalance,-55760.787102144466
2024-12-12,2024-12-13,WMT,sell,8983.197686028558,92.32273039122208,829353.3380182646,829.3533380182646,rebalance,rebalance,77624.30799600185
2024-12-12,2024-12-13,AXON,buy,228.42314125797657,635.2899780273438,145114.93239071677,145.11493239071677,rebalance,rebalance,0.0
2024-12-12,2024-12-13,FICO,buy,108.50630611956768,2189.360107421875,237559.37802188756,237.55937802188757,rebalance,rebalance,0.0
2024-12-12,2024-12-13,FTNT,buy,1773.4917561715483,98.29000091552734,174316.50633778167,174.31650633778168,rebalance,rebalance,0.0
2024-12-12,2024-12-13,GILD,buy,10649.560679985638,88.08477391070548,938064.1447448739,938.0641447448738,rebalance,rebalance,0.0
2024-12-12,2024-12-13,MTB,buy,4918.766115680871,190.71127243768612,938064.1447448736,938.0641447448736,rebalance,rebalance,0.0
2024-12-12,2024-12-13,NCLH,buy,6905.860567100361,27.329999923706055,188737.1687719775,188.7371687719775,rebalance,rebalance,0.0
2024-12-12,2024-12-13,PAYC,buy,3972.3631462697545,236.14763056740227,938064.1447448737,938.0641447448737,rebalance,rebalance,0.0
2024-12-12,2024-12-13,PLTR,buy,477.0528233060413,73.48999786376953,35058.6109656662,35.058610965666205,rebalance,rebalance,0.0
2024-12-12,2024-12-13,RCL,buy,666.0667088980731,238.0348952584306,158547.1192876804,158.5471192876804,rebalance,rebalance,0.0
2024-12-12,2024-12-13,SYF,buy,14093.564378862011,66.55975163754977,938064.1447448737,938.0641447448737,rebalance,rebalance,0.0
2024-12-12,2024-12-13,TPL,buy,2362.73604098706,397.02452092489636,938064.1447448737,938.0641447448737,rebalance,rebalance,0.0
2024-12-12,2024-12-13,TRGP,buy,1186.726097066376,179.19735892624186,212658.18236314153,212.65818236314155,rebalance,rebalance,0.0
2024-12-12,2024-12-13,TSLA,buy,2233.486058916366,420.0,938064.1447448736,938.0641447448736,rebalance,rebalance,0.0
2024-12-12,2024-12-13,UAL,buy,9759.302100917082,96.12000274658203,938064.1447448737,938.0641447448737,rebalance,rebalance,0.0
2024-12-12,2024-12-13,VST,buy,6473.14307622035,144.91633101559788,938064.1447448737,938.0641447448737,rebalance,rebalance,0.0
2025-01-14,2025-01-15,AXON,sell,364.4884615606495,589.4000244140625,214829.5081424909,214.8295081424909,rebalance,rebalance,-6597.317143328798
2025-01-14,2025-01-15,FICO,sell,428.46498461576067,2016.969970703125,864201.0074677657,864.2010074677657,rebalance,rebalance,-6916.554741905933
2025-01-14,2025-01-15,FTNT,sell,2561.8010535415024,93.87999725341797,240501.8758702795,240.50187587027952,rebalance,rebalance,-8136.136633025349
2025-01-14,2025-01-15,GILD,sell,10649.560679985638,87.78686425554744,934891.5377951147,934.8915377951147,rebalance,rebalance,-5045.5626322989765
2025-01-14,2025-01-15,MTB,sell,4918.766115680871,190.18823100215747,935491.4262546983,935.4914262546984,rebalance,rebalance,-4446.274061174835
2025-01-14,2025-01-15,NCLH,sell,34323.605831085144,26.530000686645508,910605.2862668387,910.6052862668387,rebalance,rebalance,-30130.90164442214
2025-01-14,2025-01-15,PAYC,sell,738.9116814577565,202.71647867996901,149789.57412061133,149.78957412061132,rebalance,rebalance,-25026.950471108383
2025-01-14,2025-01-15,PLTR,sell,3202.5325242853723,68.55000305175781,219533.61431311592,219.53361431311592,rebalance,rebalance,80437.52649795402
2025-01-14,2025-01-15,RCL,sell,3940.8681812237355,228.40632107353827,900119.2031090793,900.1192031090793,rebalance,rebalance,-10386.259185242201
2025-01-14,2025-01-15,SYF,sell,14093.564378862011,65.14296057203498,918096.5086516447,918.0965086516447,rebalance,rebalance,-21823.796746625547
2025-01-14,2025-01-15,TPL,sell,890.7849172480012,445.30955162712024,396675.0320959088,396.6750320959088,rebalance,rebalance,42261.23859128432
2025-01-14,2025-01-15,TRGP,sell,5234.810101922225,196.58011376232344,1029059.5653600309,1029.0595653600308,rebalance,rebalance,64259.988564921805
2025-01-14,2025-01-15,TSLA,sell,634.3791921453249,409.8999938964844,260032.02698842535,260.03202698842534,rebalance,rebalance,-6933.705000300528
2025-01-14,2025-01-15,UAL,sell,3754.044329355197,109.1500015258789,409753.9442773368,409.7539442773368,rebalance,rebalance,48144.600333398856
2025-01-14,2025-01-15,VST,sell,2696.6430717915464,173.56650182989117,468046.9046546708,468.0469046546708,rebalance,rebalance,76400.45010733105
2025-01-14,2025-01-15,APO,buy,4054.570206451806,161.66297820821003,655473.894929276,655.473894929276,rebalance,rebalance,0.0
2025-01-14,2025-01-15,BX,buy,3943.543487998632,166.21444569435502,655473.894929276,655.473894929276,rebalance,rebalance,0.0
2025-01-14,2025-01-15,DAL,buy,9959.164777181571,65.81615121291065,655473.894929276,655.473894929276,rebalance,rebalance,0.0
2025-01-14,2025-01-15,HWM,buy,5359.504261842621,122.30121722189304,655473.894929276,655.473894929276,rebalance,rebalance,0.0
2025-01-14,2025-01-15,NOW,buy,3111.495604110043,210.66200256347656,655473.894929276,655.473894929276,rebalance,rebalance,0.0
2025-01-14,2025-01-15,PYPL,buy,7470.510287236367,87.74151560291357,655473.894929276,655.473894929276,rebalance,rebalance,0.0
2025-01-14,2025-01-15,TPR,buy,9740.454906090148,67.29397150839903,655473.894929276,655.473894929276,rebalance,rebalance,0.0
2025-02-12,2025-02-13,AXON,sell,148.57802905961364,667.75,99212.978904557,99.212978904557,rebalance,rebalance,8940.150562736857
2025-02-12,2025-02-13,BX,sell,3943.543487998632,153.43276426846407,605068.7783765306,605.0687783765306,rebalance,rebalance,-51665.659226051124
2025-02-12,2025-02-13,DAL,sell,87.9577008223223,65.17887850453666,5732.984295436529,5.732984295436529,rebalance,rebalance,-67.57506385848873
2025-02-12,2025-02-13,FTNT,sell,6982.039988347055,108.98999786376953,760972.523414699,760.972523414699,rebalance,rebalance,83218.56199035519
2025-02-12,2025-02-13,HWM,sell,5359.504261842621,125.21655933064173,671098.6833858438,671.0986833858437,rebalance,rebalance,14298.215878252833
2025-02-12,2025-02-13,NOW,sell,3111.495604110043,196.47999572753906,611346.6430017978,611.3466430017978,rebalance,rebalance,-45394.07246540911
2025-02-12,2025-02-13,PAYC,sell,3233.451464811998,212.74286107741594,687893.715779066,687.8937157790659,rebalance,rebalance,-77129.65180873254
2025-02-12,2025-02-13,PLTR,sell,4077.41784762725,117.30999755859375,478321.87775051926,478.32187775051926,rebalance,rebalance,301027.946219633
2025-02-12,2025-02-13,PYPL,sell,7470.510287236367,75.52773296782247,564230.706107759,564.230706107759,rebalance,rebalance,-92462.89342255384
2025-02-12,2025-02-13,TPL,sell,12.291065038426268,440.7835940211188,5417.699821984851,5.417699821984852,rebalance,rebalance,527.548059416397
2025-02-12,2025-02-13,TPR,sell,2049.351657322768,83.65434527566067,171437.17113292628,171.43717113292627,rebalance,rebalance,33218.81291118611
2025-02-12,2025-02-13,APO,buy,121.503734923906,154.0667659996438,18719.687496604172,18.719687496604173,rebalance,rebalance,0.0
2025-02-12,2025-02-13,AVGO,buy,2760.3139110475486,233.08733262115527,643394.206723142,643.394206723142,rebalance,rebalance,0.0
2025-02-12,2025-02-13,CCL,buy,25153.264132434448,25.578954816186368,643394.206723142,643.394206723142,rebalance,rebalance,0.0
2025-02-12,2025-02-13,EQT,buy,12487.699420953957,51.52223680556782,643394.206723142,643.394206723142,rebalance,rebalance,0.0
2025-02-12,2025-02-13,JBL,buy,3821.010292221073,168.38326974229383,643394.206723142,643.394206723142,rebalance,rebalance,0.0
2025-02-12,2025-02-13,LULU,buy,1608.4452664075113,400.010009765625,643394.206723142,643.394206723142,rebalance,rebalance,0.0
2025-02-12,2025-02-13,NCLH,buy,24370.993031058257,26.399999618530273,643394.206723142,643.394206723142,rebalance,rebalance,0.0
2025-02-12,2025-02-13,TSLA,buy,265.80387735400814,345.0,91702.33768713281,91.70233768713281,rebalance,rebalance,0.0
2025-02-12,2025-02-13,UAL,buy,165.79722115196728,104.26000213623047,17286.018631485185,17.286018631485184,rebalance,rebalance,0.0
2025-02-12,2025-02-13,VST,buy,81.6418226118426,166.76271520496482,13614.812013032964,13.614812013032966,rebalance,rebalance,0.0
2025-03-13,2025-03-14,APO,sell,4176.073941375712,130.16800599097166,543591.2178197344,543.5912178197344,market_trend_exit,risk_exit,-131820.14940639155
2025-03-13,2025-03-14,AVGO,sell,2760.3139110475486,193.7292985993485,534753.677901266,534.7536779012661,market_trend_exit,risk_exit,-109818.6767065002
2025-03-13,2025-03-14,AXON,sell,963.5255810155626,544.5499877929688,524687.8433802377,524.6878433802377,market_trend_exit,risk_exit,-60610.957329901525
2025-03-13,2025-03-14,CCL,sell,25153.264132434448,19.10302134378681,480503.3415878025,480.50334158780254,market_trend_exit,risk_exit,-164014.7626836503
2025-03-13,2025-03-14,DAL,sell,9871.20707635925,44.010572018306,434437.46994172054,434.43746994172056,market_trend_exit,risk_exit,-216331.5099774267
2025-03-13,2025-03-14,EQT,sell,12487.699420953957,48.60009794603509,606903.414979008,606.9034149790081,market_trend_exit,risk_exit,-37741.089365835986
2025-03-13,2025-03-14,JBL,sell,3821.010292221073,132.80410057735074,507445.8351552197,507.4458351552197,market_trend_exit,risk_exit,-137099.21160980046
2025-03-13,2025-03-14,LULU,sell,1608.4452664075113,313.3999938964844,504086.73667494324,504.08673667494327,market_trend_exit,risk_exit,-140454.9509915967
2025-03-13,2025-03-14,NCLH,sell,24370.993031058257,18.860000610351562,459636.94344063237,459.63694344063236,market_trend_exit,risk_exit,-184860.2944326732
2025-03-13,2025-03-14,PLTR,sell,5484.564147243978,82.97000122070312,455054.2939918575,455.0542939918575,market_trend_exit,risk_exit,216763.28821670948
2025-03-13,2025-03-14,TPL,sell,1459.6600587006324,419.32609104922,612073.5466756112,612.0735466756112,market_trend_exit,risk_exit,31361.11677459214
2025-03-13,2025-03-14,TPR,sell,7691.10324876738,69.47485872485385,534338.3116463781,534.3383116463781,market_trend_exit,risk_exit,15721.525561133893
2025-03-13,2025-03-14,TSLA,sell,1864.9107441250492,247.30999755859375,461211.07157656114,461.21107157656115,market_trend_exit,risk_exit,-303340.6884477163
2025-03-13,2025-03-14,UAL,sell,6171.054992713853,71.06999969482422,438576.87644891697,438.576876448917,market_trend_exit,risk_exit,-156967.62396760655
2025-03-13,2025-03-14,VST,sell,3858.141827040646,120.05843493606808,463202.46951588226,463.2024695158823,market_trend_exit,risk_exit,-98712.96102561307
2025-06-09,2025-06-10,AVGO,buy,4574.218827727882,241.87431459404814,1106386.0437598717,1106.3860437598717,rebalance,rebalance,0.0
2025-06-09,2025-06-10,BA,buy,5084.9620114396,217.5800018310547,1106386.0437598717,1106.3860437598717,rebalance,rebalance,0.0
2025-06-09,2025-06-10,EXC,buy,27370.404799473785,40.42271394470362,1106386.0437598717,1106.3860437598717,rebalance,rebalance,0.0
2025-06-09,2025-06-10,HII,buy,4967.7704228015355,222.71279660623568,1106386.0437598717,1106.3860437598717,rebalance,rebalance,0.0
2025-06-09,2025-06-10,HWM,buy,6468.93681038095,171.03058449796754,1106386.0437598717,1106.3860437598717,rebalance,rebalance,0.0
2025-06-09,2025-06-10,KR,buy,17322.37785361165,63.87033310956176,1106386.0437598717,1106.3860437598717,rebalance,rebalance,0.0
2025-06-09,2025-06-10,MOS,buy,32973.158597282636,33.554141939287874,1106386.0437598717,1106.3860437598717,rebalance,rebalance,0.0
2025-06-09,2025-06-10,NEM,buy,20978.793335724356,52.73830701577243,1106386.0437598717,1106.3860437598717,rebalance,rebalance,0.0
2025-06-09,2025-06-10,NFLX,buy,9013.181485124875,122.75199890136719,1106386.0437598717,1106.3860437598717,rebalance,rebalance,0.0
2025-06-09,2025-06-10,NRG,buy,7262.583068076896,152.34056993069802,1106386.0437598717,1106.3860437598717,rebalance,rebalance,0.0
2025-06-09,2025-06-10,PLTR,buy,8444.405492913136,131.02000427246094,1106386.0437598717,1106.3860437598717,rebalance,rebalance,0.0
2025-06-09,2025-06-10,PM,buy,6396.183855301668,172.97596016456134,1106386.0437598717,1106.3860437598717,rebalance,rebalance,0.0
2025-06-09,2025-06-10,TKO,buy,6881.273261769364,160.78216947242547,1106386.0437598717,1106.3860437598717,rebalance,rebalance,0.0
2025-06-09,2025-06-10,TPR,buy,14103.378525455584,78.44829816933046,1106386.0437598717,1106.3860437598717,rebalance,rebalance,0.0
2025-06-09,2025-06-10,VRSN,buy,4004.7194636961326,276.2705487337031,1106386.0437598717,1106.3860437598717,rebalance,rebalance,0.0
2025-07-09,2025-07-10,AVGO,sell,4574.218827727882,277.75487211273963,1270511.5655112437,1270.5115655112436,rebalance,rebalance,161748.6241421009
2025-07-09,2025-07-10,BA,sell,5084.9620114396,226.64999389648438,1152506.6088566403,1152.5066088566402,rebalance,rebalance,43861.67244415213
2025-07-09,2025-07-10,EXC,sell,27370.404799473785,41.13020510144788,1125750.36311201,1125.75036311201,rebalance,rebalance,17132.1829452666
2025-07-09,2025-07-10,HII,sell,4967.7704228015355,246.25362263083758,1223331.4630132057,1223.3314630132056,rebalance,rebalance,114615.70174656104
2025-07-09,2025-07-10,KR,sell,17322.37785361165,68.04404381585974,1178684.6376660296,1178.6846376660296,rebalance,rebalance,70013.5232247321
2025-07-09,2025-07-10,MOS,sell,138.60649040991848,35.92119783174194,4978.911162778124,4.978911162778124,rebalance,rebalance,318.45957684147737
2025-07-09,2025-07-10,NEM,sell,743.6862435220028,58.287630333427806,43347.70884646607,43.34770884646607,rebalance,rebalance,4044.3869499154557
2025-07-09,2025-07-10,PLTR,sell,214.29969401113522,143.30999755859375,30711.288625543177,30.711288625543176,rebalance,rebalance,2574.9529651667026
2025-07-09,2025-07-10,TKO,sell,6881.273261769364,168.91514283788976,1162351.2559183235,1162.3512559183237,rebalance,rebalance,53696.47485877375
2025-07-09,2025-07-10,TPR,sell,14103.378525455584,94.30319055496504,1329993.5925548398,1329.9935925548398,rebalance,rebalance,221171.1691586535
2025-07-09,2025-07-10,APH,buy,24096.917333707705,48.94636212648431,1179456.441947614,1179.4564419476142,rebalance,rebalance,0.0
2025-07-09,2025-07-10,CVS,buy,18393.598251525957,64.12320340038768,1179456.441947614,1179.4564419476142,rebalance,rebalance,0.0
2025-07-09,2025-07-10,DG,buy,10767.794511392654,109.53556373124628,1179456.441947614,1179.4564419476142,rebalance,rebalance,0.0
2025-07-09,2025-07-10,GE,buy,4730.242935947573,249.34373517780918,1179456.441947614,1179.4564419476142,rebalance,rebalance,0.0
2025-07-09,2025-07-10,GEV,buy,2193.9917270624283,537.5847262317656,1179456.441947614,1179.4564419476142,rebalance,rebalance,0.0
2025-07-09,2025-07-10,HWM,buy,31.88050981516244,181.4320236754527,5784.145411570054,5.784145411570054,rebalance,rebalance,0.0
2025-07-09,2025-07-10,NFLX,buy,161.8975809777694,128.5500030517578,20811.934528764465,20.811934528764464,rebalance,rebalance,0.0
2025-07-09,2025-07-10,NRG,buy,698.4610309526151,148.1534868135444,103479.4371390129,103.4794371390129,rebalance,rebalance,0.0
2025-07-09,2025-07-10,PM,buy,454.55638347074,172.16481735395098,78258.61673731245,78.25861673731245,rebalance,rebalance,0.0
2025-07-09,2025-07-10,STX,buy,8229.722000770285,143.31668090820312,1179456.441947614,1179.4564419476142,rebalance,rebalance,0.0
2025-07-09,2025-07-10,UBER,buy,12277.052625109536,96.06999969482422,1179456.441947614,1179.4564419476142,rebalance,rebalance,0.0
2025-07-09,2025-07-10,VRSN,buy,142.8069840770563,284.37587000340056,40610.86033947466,40.61086033947466,rebalance,rebalance,0.0
2025-08-06,2025-08-07,APH,sell,1829.4232261993093,54.42403084302128,99564.5860876107,99.5645860876107,rebalance,rebalance,9831.866177658336
2025-08-06,2025-08-07,CVS,sell,18393.598251525957,61.67252267247298,1134379.605195594,1134.379605195594,rebalance,rebalance,-47390.67279916336
2025-08-06,2025-08-07,GE,sell,4730.242935947573,270.575945608908,1279889.9553538717,1279.8899553538718,rebalance,rebalance,97974.16700895625
2025-08-06,2025-08-07,GEV,sell,369.57977668028366,664.2615917145179,245497.65072314127,245.49765072314128,rebalance,rebalance,46373.029561883355
2025-08-06,2025-08-07,MOS,sell,32834.55210687272,30.133996827953652,989436.2890357814,989.4362890357814,rebalance,rebalance,-114390.1043821121
2025-08-06,2025-08-07,NEM,sell,20235.107092202354,67.59903347995679,1367873.681796298,1367.873681796298,rebalance,rebalance,298273.35249857436
2025-08-06,2025-08-07,NFLX,sell,9175.079066102644,118.1760025024414,1084274.1666758438,1084.2741666758438,rebalance,rebalance,-45135.28375775694
2025-08-06,2025-08-07,PLTR,sell,8230.105798902001,181.00999450683594,1489731.4054499299,1489.73140544993,rebalance,rebalance,408854.8686125994
2025-08-06,2025-08-07,VRSN,sell,4147.526447773189,270.282642208996,1121004.406935829,1121.004406935829,rebalance,rebalance,-28260.49847455255
2025-08-06,2025-08-07,DG,buy,162.08832677736973,110.87829613979065,17972.07749722436,17.97207749722436,rebalance,rebalance,0.0
2025-08-06,2025-08-07,DLTR,buy,10390.866969417815,116.62999725341797,1211886.7861038314,1211.8867861038314,rebalance,rebalance,0.0
2025-08-06,2025-08-07,HWM,buy,189.41057121639187,181.14282589078834,34310.36612372564,34.310366123725636,rebalance,rebalance,0.0
2025-08-06,2025-08-07,JBL,buy,5454.235328627786,222.19187715333254,1211886.7861038314,1211.8867861038314,rebalance,rebalance,0.0
2025-08-06,2025-08-07,JCI,buy,11545.617365471964,104.96509175231026,1211886.7861038314,1211.8867861038314,rebalance,rebalance,0.0
2025-08-06,2025-08-07,MCHP,buy,18467.022729449072,65.62437290832239,1211886.7861038314,1211.8867861038314,rebalance,rebalance,0.0
2025-08-06,2025-08-07,MU,buy,10634.588374296458,113.95709391375526,1211886.7861038314,1211.8867861038314,rebalance,rebalance,0.0
2025-08-06,2025-08-07,NRG,buy,159.03369562031276,149.24571127906216,23735.09702019145,23.73509702019145,rebalance,rebalance,0.0
2025-08-06,2025-08-07,ORCL,buy,4756.119474791204,254.80579126053888,1211886.7861038314,1211.8867861038314,rebalance,rebalance,0.0
2025-08-06,2025-08-07,PM,buy,671.5845816572564,161.1053517407947,108195.87025158676,108.19587025158677,rebalance,rebalance,0.0
2025-08-06,2025-08-07,SMCI,buy,25702.79420751813,47.150001525878906,1211886.7861038314,1211.8867861038314,rebalance,rebalance,0.0
2025-08-06,2025-08-07,STX,buy,198.28943043161962,143.79273165402034,28512.578859882415,28.512578859882414,rebalance,rebalance,0.0
2025-08-06,2025-08-07,UBER,buy,1081.487606339093,90.72000122070312,98112.55696725781,98.11255696725782,rebalance,rebalance,0.0
2025-09-04,2025-09-05,APH,sell,6004.395421068493,56.1174818341659,336951.5509669601,336.9515509669601,rebalance,rebalance,42427.393473140226
2025-09-04,2025-09-05,DG,sell,10929.882838170024,106.79128131852602,1167216.1929495446,1167.2161929495446,rebalance,rebalance,-32576.97120768802
2025-09-04,2025-09-05,DLTR,sell,1280.8236242054572,100.18000030517578,128312.91106377906,128.31291106377907,rebalance,rebalance,-21347.240076253234
2025-09-04,2025-09-05,GEV,sell,299.78275088703344,598.600725609719,179450.17220625584,179.45017220625584,rebalance,rebalance,17950.935341373566
2025-09-04,2025-09-05,HWM,sell,6690.2278914125045,179.87550152994623,1203408.0973174588,1203.408097317459,rebalance,rebalance,54577.65336967903
2025-09-04,2025-09-05,JBL,sell,1066.3152002959414,207.99014531071205,221783.05345657386,221.78305345657387,rebalance,rebalance,-15602.232163760551
2025-09-04,2025-09-05,JCI,sell,11545.617365471964,106.6353128652191,1231170.5199892097,1231.1705199892097,rebalance,rebalance,16840.676579285326
2025-09-04,2025-09-05,MCHP,sell,18467.022729449072,63.087590263252046,1165039.9633376456,1165.0399633376458,rebalance,rebalance,-49223.74951562727
2025-09-04,2025-09-05,MU,sell,10634.588374296458,127.56524026756098,1356603.8211137385,1356.6038211137386,rebalance,rebalance,142148.54440268967
2025-09-04,2025-09-05,NRG,sell,1917.1772827167097,147.13183668636916,282077.8148594919,282.0778148594919,rebalance,rebalance,-9752.705569602726
2025-09-04,2025-09-05,ORCL,sell,786.8824045964975,229.92936147771334,180927.36884692035,180.92736884692036,rebalance,rebalance,-19956.25444786479
2025-09-04,2025-09-05,PM,sell,7522.324820429664,155.82654183258097,1172177.8633089452,1172.1778633089452,rebalance,rebalance,-123127.68583388331
2025-09-04,2025-09-05,SMCI,sell,25702.79420751813,40.9900016784668,1053557.5777074548,1053.5575777074548,rebalance,rebalance,-160594.65276018763
2025-09-04,2025-09-05,STX,sell,3480.809294716574,184.4768254712781,642128.648760232,642.1286487602321,rebalance,rebalance,142090.6021646043
2025-09-04,2025-09-05,UBER,sell,13358.54023144863,92.52999877929688,1236065.7113091298,1236.06571130913,rebalance,rebalance,-44016.92231596587
2025-09-04,2025-09-05,AMD,buy,5808.580533768763,157.1199951171875,912644.1451035385,912.6441451035386,rebalance,rebalance,0.0
2025-09-04,2025-09-05,AVGO,buy,2583.987485507677,353.192169165723,912644.1451035385,912.6441451035386,rebalance,rebalance,0.0
2025-09-04,2025-09-05,AXON,buy,1248.4872026040198,731.0,912644.1451035384,912.6441451035384,rebalance,rebalance,0.0
2025-09-04,2025-09-05,NEM,buy,12101.995996436535,75.41269600256594,912644.1451035385,912.6441451035386,rebalance,rebalance,0.0
2025-09-04,2025-09-05,PLTR,buy,5782.816517228015,157.82000732421875,912644.1451035385,912.6441451035386,rebalance,rebalance,0.0
2025-09-04,2025-09-05,PWR,buy,2413.4577665630345,378.1479658553214,912644.1451035386,912.6441451035387,rebalance,rebalance,0.0
2025-09-04,2025-09-05,VST,buy,4822.242016309027,189.25722558447654,912644.1451035386,912.6441451035387,rebalance,rebalance,0.0
2025-09-04,2025-09-05,WDC,buy,9882.726484921284,92.34740498950556,912644.1451035385,912.6441451035386,rebalance,rebalance,0.0
2025-10-02,2025-10-03,AXON,sell,1248.4872026040198,721.510009765625,900796.0137430842,900.7960137430841,rebalance,rebalance,-13661.571519300784
2025-10-02,2025-10-03,DLTR,sell,9110.043345212358,90.38999938964844,823456.8124134159,823.4568124134158,rebalance,rebalance,-240933.4790599641
2025-10-02,2025-10-03,JBL,sell,4387.920128331844,215.75119294235708,946699.002223376,946.6990022233759,rebalance,rebalance,-30182.867101904543
2025-10-02,2025-10-03,NRG,sell,6202.900511933114,166.1764995238203,1030776.2939675578,1030.7762939675579,rebalance,rebalance,86459.78179083044
2025-10-02,2025-10-03,ORCL,sell,3969.2370701947066,286.3364357918345,1136537.1954923759,1136.537195492376,rebalance,rebalance,123004.6813328867
2025-10-02,2025-10-03,PLTR,sell,91.31550972560763,186.39999389648438,17021.210455507622,17.02121045550762,rebalance,rebalance,2578.3634169282404
2025-10-02,2025-10-03,PWR,sell,2413.4577665630345,422.10248495852665,1018726.5206087126,1018.7265206087126,rebalance,rebalance,104151.00483946178
2025-10-02,2025-10-03,STX,sell,765.1637164949088,253.6791025135329,194106.04487634782,194.10604487634782,rebalance,rebalance,84132.97531324004
2025-10-02,2025-10-03,VST,sell,4822.242016309027,203.50249558216657,981338.2846200658,981.3382846200658,rebalance,rebalance,66800.1570868037
2025-10-02,2025-10-03,WDC,sell,1817.3416449065835,131.53690420286873,239047.49384996115,239.04749384996114,rebalance,rebalance,70813.83468474224
2025-10-02,2025-10-03,AMD,buy,407.12018444915975,170.67999267578125,69487.2700999453,69.48727009994529,rebalance,rebalance,0.0
2025-10-02,2025-10-03,ANET,buy,7265.911875714878,146.00999450683594,1060895.7530602834,1060.8957530602834,rebalance,rebalance,0.0
2025-10-02,2025-10-03,APH,buy,920.1332672662757,61.74017530104185,56809.18922134025,56.809189221340255,rebalance,rebalance,0.0
2025-10-02,2025-10-03,APP,buy,1535.260517893442,691.02001953125,1060895.7530602834,1060.8957530602834,rebalance,rebalance,0.0
2025-10-02,2025-10-03,AVGO,buy,539.9984070653309,339.5968450377662,183381.75536480575,183.38175536480574,rebalance,rebalance,0.0
2025-10-02,2025-10-03,CCL,buy,37170.482134518,28.54135034409718,1060895.7530602834,1060.8957530602834,rebalance,rebalance,0.0
2025-10-02,2025-10-03,COIN,buy,2841.5581511096525,373.3500061035156,1060895.7530602834,1060.8957530602834,rebalance,rebalance,0.0
2025-10-02,2025-10-03,EME,buy,1603.3189552367533,661.6872766302615,1060895.7530602834,1060.8957530602834,rebalance,rebalance,0.0
2025-10-02,2025-10-03,GEV,buy,217.6650030235619,608.9073541808524,132537.8210888443,132.5378210888443,rebalance,rebalance,0.0
2025-10-02,2025-10-03,HOOD,buy,7225.825501544454,146.82000732421875,1060895.7530602834,1060.8957530602834,rebalance,rebalance,0.0
2025-10-02,2025-10-03,NEM,buy,325.1388334116273,85.3692961077534,27756.873345646713,27.756873345646714,rebalance,rebalance,0.0
2025-10-02,2025-10-03,RCL,buy,3335.0956250461536,318.1005501290842,1060895.7530602834,1060.8957530602834,rebalance,rebalance,0.0
2025-10-30,2025-10-31,AMD,sell,6215.700718217923,259.6000061035156,1613595.9443869994,1613.5959443869995,rebalance,rebalance,628868.8018239251
2025-10-30,2025-10-31,ANET,sell,3836.182337810921,161.08999633789062,617970.598749442,617.970598749442,rebalance,rebalance,56671.545117628
2025-10-30,2025-10-31,APH,sell,17183.231953706178,69.91086322164192,1201294.5788212994,1201.2945788212994,rebalance,rebalance,346411.74870907265
2025-10-30,2025-10-31,APP,sell,646.3759035826238,621.5599975585938,401761.40505274944,401.76140505274947,rebalance,rebalance,-45745.70456001547
2025-10-30,2025-10-31,AVGO,sell,3123.9858925730077,376.1619333582533,1175124.573134171,1175.1245731341712,rebalance,rebalance,76827.5221922244
2025-10-30,2025-10-31,CCL,sell,37170.482134518,27.803213637668463,1033458.8558011429,1033.4588558011428,rebalance,rebalance,-29531.251868001895
2025-10-30,2025-10-31,COIN,sell,1197.2274406902961,336.0,402268.4200719395,402.2684200719395,rebalance,rebalance,-45565.705509439846
2025-10-30,2025-10-31,EME,sell,1603.3189552367533,656.4316028370037,1052469.231645012,1052.469231645012,rebalance,rebalance,-10539.886399976642
2025-10-30,2025-10-31,GEV,sell,1742.294202518673,579.056996009842,1008887.6470758261,1008.8876470758261,rebalance,rebalance,54771.412332466534
2025-10-30,2025-10-31,HOOD,sell,3378.3666211971117,143.60000610351562,485133.4674238187,485.13346742381873,rebalance,rebalance,-11859.489923729232
2025-10-30,2025-10-31,NEM,sell,12427.134829848163,81.2578518938509,1009802.281468718,1009.802281468718,rebalance,rebalance,67451.05971961495
2025-10-30,2025-10-31,PLTR,sell,5691.501007502407,199.1999969482422,1133746.983325397,1133.746983325397,rebalance,rebalance,233482.2729215534
2025-10-30,2025-10-31,RCL,sell,3335.0956250461536,280.6050305590813,935844.6097835342,935.8446097835342,rebalance,rebalance,-127047.88363959275
2025-10-30,2025-10-31,STX,sell,2176.090405172965,275.4284331496902,599357.1706888642,599.3571706888642,rebalance,rebalance,286551.4921100354
2025-10-30,2025-10-31,WDC,sell,4506.875322721551,155.26026163930848,699738.6417814909,699.7386417814909,rebalance,rebalance,282424.46423446917
2025-10-30,2025-10-31,FSLR,buy,2217.6980206008916,249.1300048828125,552495.1187009037,552.4951187009037,rebalance,rebalance,0.0
2025-10-30,2025-10-31,GLW,buy,6107.542244625908,90.46112111415195,552495.1187009037,552.4951187009037,rebalance,rebalance,0.0
2025-10-30,2025-10-31,INTC,buy,13581.492491547717,40.68000030517578,552495.1187009037,552.4951187009037,rebalance,rebalance,0.0
2025-10-30,2025-10-31,IVZ,buy,24247.236708183296,22.785900321352493,552495.1187009037,552.4951187009037,rebalance,rebalance,0.0
2025-10-30,2025-10-31,LRCX,buy,3410.9999006319354,161.97453380123122,552495.1187009037,552.4951187009037,rebalance,rebalance,0.0
2025-10-30,2025-10-31,MU,buy,2428.257119790718,227.52743694148873,552495.1187009037,552.4951187009037,rebalance,rebalance,0.0
2025-10-30,2025-10-31,ORCL,buy,2149.5287991200744,257.0308055081987,552495.1187009037,552.4951187009037,rebalance,rebalance,0.0
2025-10-30,2025-10-31,TER,buy,3075.3628923025026,179.6520079252353,552495.1187009037,552.4951187009037,rebalance,rebalance,0.0
2025-10-30,2025-10-31,WBD,buy,24954.61309539254,22.139999389648438,552495.1187009037,552.4951187009037,rebalance,rebalance,0.0
2025-11-28,2025-12-01,APP,sell,888.8846143108183,588.1300048828125,522779.71255487844,522.7797125548784,rebalance,rebalance,-92594.36776330769
2025-11-28,2025-12-01,COIN,sell,1644.3307104193564,260.5299987792969,428397.47797831526,428.3974779783153,rebalance,rebalance,-186555.7111516991
2025-11-28,2025-12-01,FSLR,sell,2217.6980206008916,269.2699890136719,597159.521642844,597.159521642844,rebalance,rebalance,43514.74830159654
2025-11-28,2025-12-01,GLW,sell,529.4841827429527,82.91128193311269,43900.212354524716,43.90021235452472,rebalance,rebalance,-4089.3183737509557
2025-11-28,2025-12-01,HOOD,sell,101.13278848075788,123.44999694824219,12484.842429316783,12.484842429316783,rebalance,rebalance,-2390.807475321534
2025-11-28,2025-12-01,INTC,sell,1978.7845756842198,39.86000061035156,78874.35439452725,78.87435439452726,rebalance,rebalance,-1781.974059721164
2025-11-28,2025-12-01,IVZ,sell,4758.067981591721,23.730306361246882,112910.41089081112,112.91041089081112,rebalance,rebalance,4272.2208664017635
2025-11-28,2025-12-01,LRCX,sell,413.73106701221604,154.30178948930674,63839.444007305225,63.839444007305225,rebalance,rebalance,-3305.3060317901122
2025-11-28,2025-12-01,MU,sell,435.33308063347,232.06300667817794,101024.70359827673,101.02470359827673,rebalance,rebalance,1774.4086222502056
2025-11-28,2025-12-01,STX,sell,297.5523303503933,270.71242851583435,80551.11395970077,80.55111395970077,rebalance,rebalance,37780.37025802456
2025-11-28,2025-12-01,TER,sell,491.05835824651604,178.95876376542805,87879.1967284772,87.8791967284772,rebalance,rebalance,-516.5221557748631
2025-11-28,2025-12-01,WBD,sell,5538.830117505193,23.81999969482422,131934.9317086569,131.9349317086569,rebalance,rebalance,9050.67166059595
2025-11-28,2025-12-01,WDC,sell,667.1357054123259,159.9530101253862,106710.36424282442,106.71036424282443,rebalance,rebalance,44933.79445673939
2025-11-28,2025-12-01,ALB,buy,3628.9877715860007,127.44158253416418,462483.9446080499,462.4839446080499,rebalance,rebalance,0.0
2025-11-28,2025-12-01,AMD,buy,2162.3524128001145,213.8800048828125,462483.9446080499,462.4839446080499,rebalance,rebalance,0.0
2025-11-28,2025-12-01,ANET,buy,155.97336121083163,128.97999572753906,20117.44346258297,20.117443462582973,rebalance,rebalance,0.0
2025-11-28,2025-12-01,CAT,buy,815.7469996437198,566.9453210493465,462483.9446080499,462.4839446080499,rebalance,rebalance,0.0
2025-11-28,2025-12-01,ORCL,buy,179.37325018235697,198.58454104867837,35620.754563873124,35.62075456387313,rebalance,rebalance,0.0
2025-12-29,2025-12-30,AMD,sell,2162.3524128001145,215.8699951171875,466787.0047927993,466.78700479279934,rebalance,rebalance,3373.7892353486636
2025-12-29,2025-12-30,ANET,sell,3585.7028991147886,134.25,481380.61420616036,481.3806142061604,rebalance,rebalance,-40513.893094370236
2025-12-29,2025-12-30,CAT,sell,815.7469996437198,576.4871384018078,470267.6534844686,470.2676534844686,rebalance,rebalance,6850.957278326223
2025-12-29,2025-12-30,HOOD,sell,3746.326091866584,117.625,440661.60655580694,440.66160655580694,rebalance,rebalance,-110364.71492175927
2025-12-29,2025-12-30,IVZ,sell,19489.168726591575,26.292045194727315,512410.1049672119,512.410104967212,rebalance,rebalance,67375.36065615868
2025-12-29,2025-12-30,ORCL,sell,2328.9020493024314,194.18695089448133,452242.3878859482,452.2423878859482,rebalance,rebalance,-136913.8436399794
2025-12-29,2025-12-30,ALB,buy,1302.263546178739,144.3331051752191,187959.74137646973,187.95974137646974,rebalance,rebalance,0.0
2025-12-29,2025-12-30,APP,buy,1019.8495467096154,697.8900146484375,711742.8150923759,711.7428150923758,rebalance,rebalance,0.0
2025-12-29,2025-12-30,CHRW,buy,4404.884630784782,161.58035334641002,711742.8150923759,711.7428150923758,rebalance,rebalance,0.0
2025-12-29,2025-12-30,FIX,buy,749.7454695468302,949.3125920755155,711742.8150923759,711.7428150923758,rebalance,rebalance,0.0
2025-12-29,2025-12-30,FSLR,buy,2653.2816965233023,268.25,711742.8150923759,711.7428150923758,rebalance,rebalance,0.0
2025-12-29,2025-12-30,GLW,buy,2435.25665347854,88.82002521727587,216299.55737250278,216.2995573725028,rebalance,rebalance,0.0
2025-12-29,2025-12-30,GOOG,buy,2275.4078258757204,312.79791121332386,711742.8150923759,711.7428150923758,rebalance,rebalance,0.0
2025-12-29,2025-12-30,GOOGL,buy,2282.0075601151316,311.8932765746258,711742.8150923757,711.7428150923757,rebalance,rebalance,0.0
2025-12-29,2025-12-30,INTC,buy,7680.489538342905,36.90999984741211,283486.86768828693,283.48686768828696,rebalance,rebalance,0.0
2025-12-29,2025-12-30,LRCX,buy,1042.0285025465837,176.20461081676422,183610.22675119637,183.61022675119636,rebalance,rebalance,0.0
2025-12-29,2025-12-30,MU,buy,423.6057726794145,294.53094747936166,124765.00958499504,124.76500958499504,rebalance,rebalance,0.0
2025-12-29,2025-12-30,STX,buy,821.2719205576095,281.35823603015774,231071.61886918885,231.07161886918885,rebalance,rebalance,0.0
2025-12-29,2025-12-30,TER,buy,1014.4175769095564,197.77654210188908,200628.0006085492,200.6280006085492,rebalance,rebalance,0.0
2025-12-29,2025-12-30,WBD,buy,5366.349059331162,28.719999313354492,154121.5412992115,154.12154129921151,rebalance,rebalance,0.0
2025-12-29,2025-12-30,WDC,buy,1059.7498091940774,180.13681255023516,190899.95272894102,190.89995272894103,rebalance,rebalance,0.0
2026-01-28,2026-01-29,ALB,sell,606.4911242020698,183.13767354659427,111071.37351302562,111.07137351302563,rebalance,rebalance,30882.693999226925
2026-01-28,2026-01-29,CHRW,sell,251.93128944119508,190.71404260943257,48046.834669137366,48.04683466913737,rebalance,rebalance,7250.933920776315
2026-01-28,2026-01-29,FIX,sell,749.7454695468302,1178.504746361433,883578.5944239207,883.5785944239208,rebalance,rebalance,170240.4579220286
2026-01-28,2026-01-29,FSLR,sell,2653.2816965233023,230.22000122070312,610838.5154124639,610.838515412464,rebalance,rebalance,-102226.88101041669
2026-01-28,2026-01-29,GLW,sell,8013.3147153614955,104.42744452774342,836809.9779217626,836.8099779217627,rebalance,rebalance,114355.32771028222
2026-01-28,2026-01-29,INTC,sell,2629.9910280859767,47.560001373291016,125082.37690751211,125.08237690751211,rebalance,rebalance,21815.387056829924
2026-01-28,2026-01-29,LRCX,sell,808.4270491978555,245.14339795397703,198180.55383826926,198.18055383826928,rebalance,rebalance,63936.15382514942
2026-01-28,2026-01-29,MU,sell,612.8538734209194,439.11797215172794,269115.15012192586,269.11515012192586,rebalance,rebalance,122060.11974918818
2026-01-28,2026-01-29,STX,sell,766.3393392106591,449.1656691786534,344213.32211448275,344.21332211448276,rebalance,rebalance,199545.63740608917
2026-01-28,2026-01-29,TER,sell,444.41440928515294,251.09361400412868,111589.62014291906,111.58962014291906,rebalance,rebalance,29285.46899049658
2026-01-28,2026-01-29,WDC,sell,1170.028228491925,284.78941161395466,333211.65076393296,333.211650763933,rebalance,rebalance,197143.79579354962
2026-01-28,2026-01-29,APP,buy,419.93695692067695,550.0999755859375,231007.30974969728,231.00730974969727,rebalance,rebalance,0.0
2026-01-28,2026-01-29,CNC,buy,18817.451119616795,42.09000015258789,792026.5204959861,792.0265204959861,rebalance,rebalance,0.0
2026-01-28,2026-01-29,GM,buy,9250.123353580831,85.62334687022128,792026.5204959861,792.0265204959861,rebalance,rebalance,0.0
2026-01-28,2026-01-29,GOOG,buy,56.23988912631603,339.6853287055392,19103.86522423574,19.10386522423574,rebalance,rebalance,0.0
2026-01-28,2026-01-29,GOOGL,buy,49.95614515138095,339.6393000059441,16967.070170210365,16.967070170210366,rebalance,rebalance,0.0
2026-01-28,2026-01-29,NEM,buy,5964.373120553538,132.79291963921938,792026.5204959861,792.0265204959861,rebalance,rebalance,0.0
2026-01-28,2026-01-29,WBD,buy,3313.877380699134,28.190000534057617,93418.20513171004,93.41820513171004,rebalance,rebalance,0.0
2026-02-26,2026-02-27,ALB,sell,1556.828319103563,182.62028045351724,284308.4242526705,284.3084242526705,rebalance,rebalance,78469.4372782692
2026-02-26,2026-02-27,APP,sell,1439.7865036302924,431.7900085449219,621685.4267053872,621.6854267053872,rebalance,rebalance,-322629.1336882335
2026-02-26,2026-02-27,CHRW,sell,4152.9533413435865,180.58745233392577,749971.2635749027,749.9712635749027,rebalance,rebalance,77514.58831755159
2026-02-26,2026-02-27,CNC,sell,18817.451119616795,42.880001068115234,806892.3241083744,806.8923241083744,rebalance,rebalance,13266.884767784028
2026-02-26,2026-02-27,GM,sell,9250.123353580831,79.46411132151295,735052.8319066738,735.0528319066739,rebalance,rebalance,-58500.767941714774
2026-02-26,2026-02-27,GOOG,sell,2331.6477150020364,303.3464148812802,707296.9751119968,707.2969751119967,rebalance,rebalance,-24987.848860043407
2026-02-26,2026-02-27,GOOGL,sell,2331.9637052665125,303.5495233120643,707866.4711146851,707.866471114685,rebalance,rebalance,-22279.990504278303
2026-02-26,2026-02-27,INTC,sell,5283.8743163838935,44.459999084472656,234921.04726889648,234.92104726889647,rebalance,rebalance,27465.3144304378
2026-02-26,2026-02-27,LRCX,sell,1061.5796060237803,233.01648766122423,247365.5511684475,247.36555116844752,rebalance,rebalance,71096.44935331287
2026-02-26,2026-02-27,MU,sell,544.94515511849,401.57951318695996,218838.8101060756,218.8388101060756,rebalance,rebalance,88099.01547056825
2026-02-26,2026-02-27,NEM,sell,2022.768309573235,128.24230724039415,259404.4750324235,259.40447503242353,rebalance,rebalance,-9732.848334109003
2026-02-26,2026-02-27,STX,sell,496.52003445444916,399.0189538375982,198120.9047074225,198.1209047074225,rebalance,rebalance,104413.95381218982
2026-02-26,2026-02-27,TER,sell,1592.993873534858,323.75329423063005,515737.014246122,515.737014246122,rebalance,rebalance,220603.81156134416
2026-02-26,2026-02-27,WBD,sell,10291.13072622383,28.389999389648438,292165.1950362868,292.1651950362868,rebalance,rebalance,43501.94206604005
2026-02-26,2026-02-27,WDC,sell,946.9609338894097,275.5962044080453,260978.83910261924,260.97883910261925,rebalance,rebalance,150861.19059601222
2026-02-26,2026-02-27,AMAT,buy,1384.5167741774592,365.09524811662715,505480.4951899517,505.4804951899517,rebalance,rebalance,0.0
2026-02-26,2026-02-27,CIEN,buy,1483.8269528445228,340.6600036621094,505480.49518995173,505.48049518995174,rebalance,rebalance,0.0
2026-02-26,2026-02-27,FIX,buy,356.8053231381685,1416.6842880710349,505480.4951899518,505.4804951899518,rebalance,rebalance,0.0
2026-02-26,2026-02-27,KLAC,buy,3384.73168208866,149.34137848056199,505480.4951899518,505.4804951899518,rebalance,rebalance,0.0
2026-02-26,2026-02-27,MRNA,buy,9859.186477019199,51.27000045776367,505480.49518995173,505.48049518995174,rebalance,rebalance,0.0
2026-02-26,2026-02-27,SNDK,buy,806.0861156695572,627.0800170898438,505480.49518995173,505.48049518995174,rebalance,rebalance,0.0
2026-03-26,2026-03-27,ALB,sell,2767.931874459107,174.23522871078475,482271.24320225365,482.2712432022537,market_trend_exit,risk_exit,116327.12897898175
2026-03-26,2026-03-27,AMAT,sell,1384.5167741774592,336.850592170845,466375.2952521452,466.37529525214524,market_trend_exit,risk_exit,-40077.05572824851
2026-03-26,2026-03-27,CIEN,sell,1483.8269528445228,394.82000732421875,585844.5683899476,585.8445683899477,market_trend_exit,risk_exit,79272.74813641608
2026-03-26,2026-03-27,FIX,sell,356.8053231381685,1364.957915719712,487024.2501883728,487.02425018837283,market_trend_exit,risk_exit,-19448.749746957255
2026-03-26,2026-03-27,INTC,sell,11369.332109736531,43.619998931884766,495930.25448295067,495.93025448295066,market_trend_exit,risk_exit,49556.52921770636
2026-03-26,2026-03-27,KLAC,sell,3384.73168208866,143.31491178032704,485082.52241861424,485.08252241861425,market_trend_exit,risk_exit,-21388.535788946083
2026-03-26,2026-03-27,LRCX,sell,2169.290680944667,209.52240405055184,454514.9985559853,454.5149985559853,market_trend_exit,risk_exit,94367.899078213
2026-03-26,2026-03-27,MRNA,sell,9859.186477019199,53.290000915527344,525396.0563867079,525.396056386708,market_trend_exit,risk_exit,18884.68464517961
2026-03-26,2026-03-27,MU,sell,1258.7307832972533,359.6535453411198,452706.98884286196,452.70698884286196,market_trend_exit,risk_exit,150773.03476027984
2026-03-26,2026-03-27,NEM,sell,3941.604810980303,98.37503262158955,387755.5018616016,387.7555018616016,market_trend_exit,risk_exit,-136572.8817652418
2026-03-26,2026-03-27,SNDK,sell,806.0861156695572,599.75,483450.14787281695,483.45014787281696,market_trend_exit,risk_exit,-23019.277960197436
2026-03-26,2026-03-27,STX,sell,1266.808231359565,378.26028310021655,479183.2402277537,479.1832402277537,market_trend_exit,risk_exit,240128.07350892396
2026-03-26,2026-03-27,TER,sell,1561.313828145532,293.176609368272,457740.694295504,457.740694295504,market_trend_exit,risk_exit,168524.57806278107
2026-03-26,2026-03-27,WBD,sell,17804.87869169381,27.09000015258789,482334.1664747942,482.33416647479424,market_trend_exit,risk_exit,52140.34520292515
2026-03-26,2026-03-27,WDC,sell,1834.1344586935666,274.828331255309,504072.1125806124,504.07211258061244,market_trend_exit,risk_exit,290790.62152329506
2026-04-24,2026-04-27,ALB,buy,3285.283562807396,189.51622381025723,622614.5349691657,622.6145349691657,rebalance,rebalance,0.0
2026-04-24,2026-04-27,APA,buy,16447.972803379085,37.85357274187949,622614.5349691657,622.6145349691657,rebalance,rebalance,0.0
2026-04-24,2026-04-27,CIEN,buy,1207.0383585912773,515.8200073242188,622614.5349691657,622.6145349691657,rebalance,rebalance,0.0
2026-04-24,2026-04-27,COHR,buy,1883.8563841729672,330.5,622614.5349691657,622.6145349691657,rebalance,rebalance,0.0
2026-04-24,2026-04-27,DOW,buy,16107.451619285946,38.65381996390355,622614.5349691657,622.6145349691657,rebalance,rebalance,0.0
2026-04-24,2026-04-27,FIX,buy,357.20571158439606,1743.0139406437295,622614.5349691657,622.6145349691657,rebalance,rebalance,0.0
2026-04-24,2026-04-27,KEYS,buy,1797.386102596824,346.3999938964844,622614.5349691657,622.6145349691657,rebalance,rebalance,0.0
2026-04-24,2026-04-27,LITE,buy,727.5701739674254,855.7449951171875,622614.5349691657,622.6145349691657,rebalance,rebalance,0.0
2026-04-24,2026-04-27,LYB,buy,9026.16121501174,68.9788848368532,622614.5349691657,622.6145349691657,rebalance,rebalance,0.0
2026-04-24,2026-04-27,MRNA,buy,12297.343903499612,50.630001068115234,622614.5349691657,622.6145349691657,rebalance,rebalance,0.0
2026-04-24,2026-04-27,MU,buy,1219.661399305167,510.4814625795857,622614.5349691657,622.6145349691657,rebalance,rebalance,0.0
2026-04-24,2026-04-27,SNDK,buy,610.6189144682855,1019.64501953125,622614.5349691657,622.6145349691657,rebalance,rebalance,0.0
2026-04-24,2026-04-27,STX,buy,1039.626366068457,598.8829788183422,622614.5349691657,622.6145349691657,rebalance,rebalance,0.0
2026-04-24,2026-04-27,TER,buy,1478.4759803306586,421.11914109684693,622614.5349691657,622.6145349691657,rebalance,rebalance,0.0
2026-04-24,2026-04-27,WDC,buy,1512.5855848499737,411.6226818536816,622614.5349691657,622.6145349691657,rebalance,rebalance,0.0
2026-05-22,2026-05-26,ALB,sell,3285.283562807396,174.57437032437295,573526.3093141137,573.5263093141137,rebalance,rebalance,-50284.36649933525
2026-05-22,2026-05-26,APA,sell,16447.972803379085,38.25077894577524,629147.7718081764,629.1477718081765,rebalance,rebalance,5281.47453223348
2026-05-22,2026-05-26,CIEN,sell,483.84268027638234,591.0,285951.024043342,285.951024043342,rebalance,rebalance,35839.76240048156
2026-05-22,2026-05-26,COHR,sell,768.8675733418909,383.3299865722656,294729.9965649975,294.72999656499746,rebalance,rebalance,40070.42284594808
2026-05-22,2026-05-26,DOW,sell,16107.451619285946,35.4342970581187,570756.2255270533,570.7562255270534,rebalance,rebalance,-53051.68020260849
2026-05-22,2026-05-26,FIX,sell,129.42672371942473,1876.4182328243253,242858.66420184512,242.85866420184513,rebalance,rebalance,16797.629219106762
2026-05-22,2026-05-26,KEYS,sell,576.9159969834996,350.20001220703125,202035.98918605314,202.03598918605314,rebalance,rebalance,1790.4116651647996
2026-05-22,2026-05-26,LITE,sell,283.7444176929661,963.010009765625,273248.7144534449,273.2487144534449,rebalance,rebalance,29919.78754046176
2026-05-22,2026-05-26,LYB,sell,9026.16121501174,68.26383225009194,616160.3550438475,616.1603550438475,rebalance,rebalance,-7692.954815331307
2026-05-22,2026-05-26,MRNA,sell,3243.9938892506725,47.209999084472656,153148.94854155913,153.14894854155915,rebalance,rebalance,-11411.857898780956
2026-05-22,2026-05-26,MU,sell,698.6688616695587,820.373834573117,573169.6531446906,573.1696531446905,rebalance,rebalance,215582.32362529144
2026-05-22,2026-05-26,SNDK,sell,332.2148806492898,1535.2099609375,510019.5939444524,510.0195939444524,rebalance,rebalance,170429.5846338228
2026-05-22,2026-05-26,STX,sell,525.0344071532332,830.577778139196,436081.91133996245,436.08191133996246,rebalance,rebalance,120897.22552083382
2026-05-22,2026-05-26,TER,sell,327.9423555592066,371.487313957474,121826.42479957655,121.82642479957654,rebalance,rebalance,-16536.30753069526
2026-05-22,2026-05-26,WDC,sell,665.7260190201958,504.69837400409523,335990.8393317122,335.9908393317122,rebalance,rebalance,61352.891234183575
2026-05-22,2026-05-26,GEV,buy,408.90722693866707,1045.2460062492632,427408.6458841029,427.4086458841029,rebalance,rebalance,0.0
2026-05-22,2026-05-26,GLW,buy,2156.2080587401665,198.22235806586775,427408.6458841029,427.4086458841029,rebalance,rebalance,0.0
2026-05-22,2026-05-26,INTC,buy,3500.4803540164785,122.0999984741211,427408.6458841029,427.4086458841029,rebalance,rebalance,0.0
2026-05-22,2026-05-26,ON,buy,3480.5263457848487,122.80000305175781,427408.6458841029,427.4086458841029,rebalance,rebalance,0.0
2026-06-23,2026-06-24,CIEN,sell,44.681177990516176,449.3599853515625,20077.933487308906,20.077933487308908,rebalance,rebalance,-3012.6374500594975
2026-06-23,2026-06-24,COHR,sell,323.2535184545069,385.1000061035156,124484.93192981351,124.48493192981351,rebalance,rebalance,17418.32386081996
2026-06-23,2026-06-24,FIX,sell,227.77898786497133,1920.3056202724492,437405.27057707444,437.4052705770744,rebalance,rebalance,39548.892120899145
2026-06-23,2026-06-24,GEV,sell,408.90722693866707,1046.1600341796875,427782.39851047716,427.78239851047715,rebalance,rebalance,-481.43841802021996
2026-06-23,2026-06-24,GLW,sell,585.0148815204166,194.0546015265328,113524.82972053623,113.52482972053623,rebalance,rebalance,-2667.6874571041008
2026-06-23,2026-06-24,INTC,sell,1208.8812639512385,133.0500030517578,160841.65585792513,160.84165585792513,rebalance,rebalance,12928.80931774357
2026-06-23,2026-06-24,KEYS,sell,1220.4701056133244,350.0,427164.53696466354,427.16453696466357,rebalance,rebalance,3543.764455266403
2026-06-23,2026-06-24,LITE,sell,74.2533127270828,825.0,61258.98299984331,61.25898299984331,rebalance,rebalance,-2407.7186209660667
2026-06-23,2026-06-24,MRNA,sell,9053.35001424894,61.16999816894531,553793.4037944287,553.7934037944287,rebalance,rebalance,94410.11837829795
2026-06-23,2026-06-24,MU,sell,239.21602928993434,1082.05353141983,258844.54926540295,258.844549265403,rebalance,rebalance,136348.24086322647
2026-06-23,2026-06-24,ON,sell,877.6813098002481,117.13999938964844,102811.5880943069,102.81158809430691,rebalance,rebalance,-5178.270283250599
2026-06-23,2026-06-24,SNDK,sell,124.99892223210387,1987.530029296875,248439.1115660512,248.4391115660512,rebalance,rebalance,120608.68942524567
2026-06-23,2026-06-24,STX,sell,217.91847331779286,1027.719970703125,223959.16701383181,223.95916701383183,rebalance,rebalance,93097.03574227267
2026-06-23,2026-06-24,TER,sell,1150.533624771452,422.90756113971116,486569.3692613263,486.56936926132636,rebalance,rebalance,1086.5562934024042
2026-06-23,2026-06-24,WDC,sell,383.81358619208464,658.4600219726562,252725.90239744404,252.72590239744403,rebalance,rebalance,94328.81243710128
2026-06-23,2026-06-24,AMD,buy,585.4177290404709,520.8200073242188,304897.2659265856,304.8972659265856,rebalance,rebalance,0.0
2026-06-23,2026-06-24,DELL,buy,724.0939671216587,421.0741696116883,304897.2659265856,304.8972659265856,rebalance,rebalance,0.0
2026-06-23,2026-06-24,FLEX,buy,2008.678301683806,151.7899932861328,304897.2659265856,304.8972659265856,rebalance,rebalance,0.0
2026-06-23,2026-06-24,MRVL,buy,1081.654415080043,281.8804801938732,304897.2659265856,304.8972659265856,rebalance,rebalance,0.0
2026-06-23,2026-06-24,VRT,buy,941.8257670879395,323.7300109863281,304897.2659265856,304.8972659265856,rebalance,rebalance,0.0
