date,wiki_open,sheepb_open,open_absolute_relative_difference,wiki_high,sheepb_high,high_absolute_relative_difference,wiki_low,sheepb_low,low_absolute_relative_difference,wiki_close,sheepb_close,close_absolute_relative_difference,wiki_volume,sheepb_volume,volume_absolute_relative_difference
2007-11-12,57.53,57.529998779296875,2.121854902892295e-08,58.53,58.529998779296875,2.0856024685045327e-08,56.95,56.95000076293945,1.3396654008346331e-08,56.95,56.95000076293945,1.3396654008346331e-08,359000.0,359000.0,0.0
2007-11-13,56.8,56.79999923706055,1.3432032597293642e-08,58.18,58.18000030517578,5.2453725807311e-09,54.56,54.560001373291016,2.517028985238312e-08,57.72,57.720001220703125,2.1148702789020035e-08,799700.0,799700.0,0.0
2007-11-14,57.62,57.619998931884766,1.853723063938162e-08,59.22,59.220001220703125,2.0613021289861422e-08,57.32,57.31999969482422,5.324071516987772e-09,57.55,57.54999923706055,1.3256984399134808e-08,532200.0,532200.0,0.0
2007-11-15,57.36,57.36000061035156,1.0640717640342245e-08,57.6999,57.70000076293945,1.7463278003670979e-06,56.51,56.5099983215332,2.9702119874741584e-08,56.98,56.97999954223633,8.033760434678072e-09,307500.0,307500.0,0.0
2007-11-16,57.27,57.27000045776367,7.993079531587455e-09,57.9999,58.0,1.724140903824889e-06,56.48,56.47999954223633,8.104880766524047e-09,57.65,57.650001525878906,2.6467977587429914e-08,285800.0,285800.0,0.0
2007-11-19,56.72,56.720001220703125,2.152156430845764e-08,58.04,58.040000915527344,1.577407560127142e-08,56.3,56.29999923706055,1.3551322397553633e-08,56.3,56.29999923706055,1.3551322397553633e-08,338200.0,338200.0,0.0
2007-11-20,56.13,56.130001068115234,1.9029311015827943e-08,56.93,56.93000030517578,5.36054423072585e-09,55.18,55.18000030517578,5.530550684085256e-09,55.97,55.970001220703125,2.1809954064977433e-08,453700.0,453700.0,0.0
2007-11-21,55.7,55.70000076293945,1.3697297074344306e-08,56.75,56.75,0.0,55.12,55.119998931884766,1.937799765094894e-08,55.7,55.70000076293945,1.3697297074344306e-08,383100.0,383100.0,0.0
2007-11-23,56.0,56.0,0.0,56.36,56.36000061035156,1.0829516838839481e-08,54.97,54.970001220703125,2.220671513342154e-08,55.19,55.189998626708984,2.488296813041302e-08,149200.0,149200.0,0.0
2007-11-26,55.28,55.279998779296875,2.208218385923999e-08,56.37,56.369998931884766,1.8948292157539015e-08,55.2,55.20000076293945,1.3821366939836821e-08,55.29,55.290000915527344,1.6558642457198403e-08,320500.0,320500.0,0.0
2007-11-27,55.43,55.43000030517578,5.505606637257188e-09,56.7899,56.790000915527344,1.776997799574076e-06,55.21,55.209999084472656,1.658263615311739e-08,56.1,56.099998474121094,2.7199267504940394e-08,616200.0,616200.0,0.0
2007-11-28,56.5,56.5,0.0,58.83,58.83000183105469,3.1124506083557435e-08,55.99,55.9900016784668,2.997797454717954e-08,58.78,58.779998779296875,2.0767320974002246e-08,631200.0,631200.0,0.0
2007-11-29,58.45,58.45000076293945,1.3052856351336573e-08,59.31,59.310001373291016,2.315445990497267e-08,57.86,57.86000061035156,1.0548765416729111e-08,58.82,58.81999969482422,5.1882995677488e-09,451700.0,451700.0,0.0
2007-11-30,59.29,59.290000915527344,1.5441513623315473e-08,59.56,59.560001373291016,2.3057270093218563e-08,58.7,58.70000076293945,1.2997264819958332e-08,58.85,58.849998474121094,2.5928273750253084e-08,1591400.0,1591400.0,0.0
2007-12-03,59.0,59.0,0.0,60.2199,60.220001220703125,1.6808513982891071e-06,58.55,58.54999923706055,1.3030562739935192e-08,58.92,58.91999816894531,3.107696344706312e-08,534700.0,534700.0,0.0
2007-12-04,58.3,58.29999923706055,1.3086439931697669e-08,59.88,59.880001068115234,1.7837595622793856e-08,57.32,57.31999969482422,5.324071516987772e-09,59.71,59.709999084472656,1.533289806232574e-08,683800.0,683800.0,0.0
2007-12-05,60.0,60.0,0.0,60.03,60.029998779296875,2.033488466501865e-08,58.93,58.93000030517578,5.1786150923049945e-09,59.77,59.77000045776367,7.658752965156168e-09,455900.0,455900.0,0.0
2007-12-06,59.98,59.97999954223633,7.631938414576211e-09,60.2,60.20000076293945,1.2673412763675174e-08,58.82,58.81999969482422,5.1882995677488e-09,59.72,59.720001220703125,2.0440440895441725e-08,439400.0,439400.0,0.0
2007-12-07,59.97,59.970001220703125,2.035522972398951e-08,60.32,60.31999969482422,5.059280216990203e-09,58.98,58.97999954223633,7.761337239564625e-09,59.23,59.22999954223633,7.72857788877701e-09,339200.0,339200.0,0.0
2007-12-10,59.27,59.27000045776367,7.72336194998502e-09,60.12,60.119998931884766,1.776638780537354e-08,59.2,59.20000076293945,1.28874906302201e-08,59.7,59.70000076293945,1.2779555191855252e-08,333600.0,333600.0,0.0
2007-12-11,59.96,59.959999084472656,1.5268968422965656e-08,60.59,60.59000015258789,2.518367514525721e-09,58.6854,58.689998626708984,7.836066055588731e-05,59.24,59.2400016784668,2.833333545559924e-08,367700.0,367700.0,0.0
2007-12-12,59.72,59.720001220703125,2.0440440895441725e-08,59.99,59.9900016784668,2.7979109695763782e-08,57.99,57.9900016784668,2.8944073138248427e-08,58.26,58.2599983215332,2.8809934660145586e-08,474800.0,474800.0,0.0
2007-12-13,57.95,57.95000076293945,1.3165478041088363e-08,59.58,59.58000183105469,3.073270704589959e-08,57.72,57.720001220703125,2.1148702789020035e-08,59.22,59.220001220703125,2.0613021289861422e-08,651000.0,651000.0,0.0
2007-12-14,58.99,58.9900016784668,2.845341229296139e-08,59.74,59.7400016784668,2.8096196702520615e-08,58.33,58.33000183105469,3.139130266838208e-08,59.26,59.2599983215332,2.8323773104688144e-08,264700.0,264700.0,0.0
2007-12-17,58.86,58.86000061035156,1.036954744293439e-08,59.22,59.220001220703125,2.0613021289861422e-08,57.35,57.349998474121094,2.6606432612652497e-08,57.67,57.66999816894531,3.17505581826083e-08,436000.0,436000.0,0.0
2007-12-18,57.4,57.400001525878906,2.6583256262924237e-08,58.27,58.27000045776367,7.855906369869103e-09,56.54,56.540000915527344,1.6192559959549158e-08,57.09,57.09000015258789,2.6727602353560087e-09,420800.0,420800.0,0.0
2007-12-19,56.85,56.849998474121094,2.6840438094311025e-08,58.19,58.189998626708984,2.3600120524491786e-08,56.85,56.849998474121094,2.6840438094311025e-08,58.08,58.08000183105469,3.1526423693861716e-08,471100.0,471100.0,0.0
2007-12-20,58.55,58.54999923706055,1.3030562739935192e-08,60.05,60.04999923706055,1.2705069996066243e-08,58.35,58.349998474121094,2.6150452581141792e-08,60.05,60.04999923706055,1.2705069996066243e-08,757500.0,757500.0,0.0
2007-12-21,61.68,61.68000030517578,4.947726672810404e-09,62.5,62.5,0.0,61.29,61.290000915527344,1.4937630021805148e-08,61.32,61.31999969482422,4.976773992915184e-09,2664500.0,2664500.0,0.0
2007-12-24,62.0,62.0,0.0,62.16,62.15999984741211,2.4547600618873844e-09,61.34,61.34000015258789,2.4875757009823474e-09,61.6,61.599998474121094,2.4770761442027833e-08,259400.0,259400.0,0.0
2007-12-26,61.7,61.70000076293945,1.2365307222594879e-08,61.98,61.97999954223633,7.38566741098623e-09,61.09,61.09000015258789,2.4977555579397404e-09,61.87,61.869998931884766,1.7263863449912265e-08,288100.0,288100.0,0.0
2007-12-27,62.54,62.540000915527344,1.4639068401933741e-08,62.56,62.560001373291016,2.195158277373821e-08,60.65,60.650001525878906,2.5158761962629228e-08,60.66,60.65999984741211,2.5154613947364624e-09,413000.0,413000.0,0.0
2007-12-28,61.09,61.09000015258789,2.4977555579397404e-09,61.09,61.09000015258789,2.4977555579397404e-09,59.4,59.400001525878906,2.5688197125006695e-08,60.0,60.0,0.0,734800.0,734800.0,0.0
2007-12-31,60.01,60.0099983215332,2.7969784932579955e-08,60.79,60.790000915527344,1.5060492630780686e-08,59.06,59.060001373291016,2.325247239198802e-08,59.4,59.400001525878906,2.5688197125006695e-08,565100.0,565100.0,0.0
2008-01-02,59.49,59.4900016784668,2.8214267810966476e-08,59.72,59.720001220703125,2.0440440895441725e-08,57.25,57.25,0.0,57.84,57.84000015258789,2.6381030693301e-09,714300.0,714300.0,0.0
2008-01-03,57.75,57.75,0.0,59.11,59.11000061035156,1.0325690524837228e-08,57.57,57.56999969482422,5.300951566589163e-09,59.05,59.04999923706055,1.2920227776547222e-08,500300.0,500300.0,0.0
2008-01-04,58.83,58.83000183105469,3.1124506083557435e-08,59.02,59.02000045776367,7.756077113896254e-09,57.07,57.06999969482422,5.347394083088375e-09,57.33,57.33000183105469,3.1938857336655246e-08,443700.0,443700.0,0.0
2008-01-07,57.25,57.25,0.0,58.96,58.959999084472656,1.5527940044890443e-08,56.18,56.18000030517578,5.432107208491743e-09,58.06,58.060001373291016,2.3652962699571844e-08,731400.0,731400.0,0.0
2008-01-08,58.14,58.13999938964844,1.0497962943389894e-08,58.68,58.68000030517578,5.2006778883395555e-09,57.25,57.25,0.0,57.58,57.58000183105469,3.1800185595898256e-08,870500.0,870500.0,0.0
2008-01-09,57.49,57.4900016784668,2.919580444071812e-08,58.19,58.189998626708984,2.3600120524491786e-08,55.49,55.4900016784668,3.024809513973992e-08,56.44,56.439998626708984,2.4331874848293467e-08,715000.0,715000.0,0.0
2008-01-10,55.89,55.88999938964844,1.0920586213103434e-08,57.58,57.58000183105469,3.1800185595898256e-08,55.89,55.88999938964844,1.0920586213103434e-08,57.17,57.16999816894531,3.202824361281387e-08,555700.0,555700.0,0.0
2008-01-11,56.91,56.90999984741211,2.681214028577017e-09,58.26,58.2599983215332,2.8809934660145586e-08,56.6,56.599998474121094,2.695899126159418e-08,58.13,58.130001068115234,1.837459540077191e-08,665000.0,665000.0,0.0
2008-01-14,58.6,58.599998474121094,2.6038889155977074e-08,59.2,59.20000076293945,1.28874906302201e-08,58.16,58.15999984741211,2.623588124528453e-09,58.94,58.939998626708984,2.3299813634025668e-08,701300.0,701300.0,0.0
2008-01-15,58.24,58.2400016784668,2.881982830160723e-08,60.07,60.06999969482422,5.080335929719126e-09,58.05,58.04999923706055,1.314279840514132e-08,59.77,59.77000045776367,7.658752965156168e-09,943100.0,943100.0,0.0
2008-01-16,60.22,60.220001220703125,2.027072620869319e-08,62.65,62.650001525878906,2.43556090850916e-08,59.8,59.79999923706055,1.275818484192115e-08,62.13,62.130001068115234,1.7191618129075437e-08,1106900.0,1106900.0,0.0
2008-01-17,62.07,62.06999969482422,4.916638984830968e-09,62.5,62.5,0.0,58.27,58.27000045776367,7.855906369869103e-09,58.43,58.43000030517578,5.222929644332908e-09,932000.0,932000.0,0.0
2008-01-18,58.29,58.290000915527344,1.5706422162864442e-08,60.79,60.790000915527344,1.5060492630780686e-08,58.29,58.290000915527344,1.5706422162864442e-08,60.35,60.349998474121094,2.5283826143862598e-08,1345600.0,1345600.0,0.0
2008-01-22,58.05,58.04999923706055,1.314279840514132e-08,59.29,59.290000915527344,1.5441513623315473e-08,55.98,55.97999954223633,8.177271637599404e-09,56.15,56.150001525878906,2.7175047323524382e-08,934200.0,934200.0,0.0
2008-01-23,55.0,55.0,0.0,56.15,56.150001525878906,2.7175047323524382e-08,53.21,53.209999084472656,1.72059264613722e-08,55.47,55.470001220703125,2.2006546362973722e-08,1519900.0,1519900.0,0.0
2008-01-24,54.85,54.849998474121094,2.7819123227246223e-08,56.28,56.279998779296875,2.1689821050330238e-08,54.61,54.61000061035156,1.1176553016412072e-08,56.15,56.150001525878906,2.7175047323524382e-08,608700.0,608700.0,0.0
2008-01-25,56.82,56.81999969482422,5.370921929426231e-09,57.17,57.16999816894531,3.202824361281387e-08,55.7,55.70000076293945,1.3697297074344306e-08,55.99,55.9900016784668,2.997797454717954e-08,620100.0,620100.0,0.0
2008-01-28,55.79,55.790000915527344,1.6410240943898202e-08,56.88,56.880001068115234,1.8778397281593584e-08,55.68,55.68000030517578,5.480886855480094e-09,56.79,56.790000915527344,1.6121277424119285e-08,501700.0,501700.0,0.0
2008-01-29,57.31,57.310001373291016,2.396250242675535e-08,58.07,58.06999969482422,5.255308743734588e-09,56.12,56.119998931884766,1.9032701970012056e-08,57.45,57.45000076293945,1.3280060162657037e-08,516000.0,516000.0,0.0
2008-01-30,57.33,57.33000183105469,3.1938857336655246e-08,59.0,59.0,0.0,56.77,56.77000045776367,8.063478329489726e-09,57.71,57.709999084472656,1.586427555988479e-08,432400.0,432400.0,0.0
2008-01-31,57.12,57.119998931884766,1.8699496395768733e-08,59.73,59.72999954223633,7.663881973485331e-09,56.82,56.81999969482422,5.370921929426231e-09,59.26,59.2599983215332,2.8323773104688144e-08,711900.0,711900.0,0.0
2008-02-01,59.68,59.68000030517578,5.113535150869097e-09,60.3,60.29999923706055,1.2652395575685205e-08,57.89,57.88999938964844,1.0543298678555857e-08,58.9,58.900001525878906,2.5906263356745285e-08,543900.0,543900.0,0.0
2008-02-04,59.51,59.5099983215332,2.8204785618157757e-08,59.65,59.650001525878906,2.558053502355051e-08,58.24,58.2400016784668,2.881982830160723e-08,58.74,58.7400016784668,2.8574511423684612e-08,482800.0,482800.0,0.0
2008-02-05,58.13,58.130001068115234,1.837459540077191e-08,58.71,58.709999084472656,1.5594061375523438e-08,56.28,56.279998779296875,2.1689821050330238e-08,56.28,56.279998779296875,2.1689821050330238e-08,530600.0,530600.0,0.0
2008-02-06,55.69,55.689998626708984,2.465956205899289e-08,56.99,56.9900016784668,2.9451952876513587e-08,54.75,54.75,0.0,54.89,54.88999938964844,1.1119540177517706e-08,812000.0,812000.0,0.0
2008-02-07,56.12,56.119998931884766,1.9032701970012056e-08,56.68,56.68000030517578,5.384188206392082e-09,55.0,55.0,0.0,56.15,56.150001525878906,2.7175047323524382e-08,953900.0,953900.0,0.0
2008-02-08,55.64,55.63999938964844,1.0969654296033582e-08,56.34,56.34000015258789,2.708340218759986e-09,54.77,54.77000045776367,8.357927017144107e-09,55.84,55.84000015258789,2.732591042331478e-09,553900.0,553900.0,0.0
2008-02-11,55.81,55.810001373291016,2.460654036084975e-08,55.81,55.810001373291016,2.460654036084975e-08,53.6032,53.599998474121094,5.972639467244356e-05,54.56,54.560001373291016,2.517028985238312e-08,909200.0,909200.0,0.0
2008-02-12,53.3,53.29999923706055,1.4314060936548856e-08,55.8,55.79999923706055,1.3672750043269843e-08,53.3,53.29999923706055,1.4314060936548856e-08,55.17,55.16999816894531,3.318931829365823e-08,424900.0,424900.0,0.0
2008-02-13,55.64,55.63999938964844,1.0969654296033582e-08,56.6,56.599998474121094,2.695899126159418e-08,55.25,55.25,0.0,55.87,55.869998931884766,1.911786706720875e-08,381200.0,381200.0,0.0
2008-02-14,56.09,56.09000015258789,2.720411673706735e-09,56.09,56.09000015258789,2.720411673706735e-09,54.25,54.25,0.0,54.32,54.31999969482422,5.618110865412973e-09,757800.0,757800.0,0.0
2008-02-15,53.97,53.970001220703125,2.2618179107425362e-08,54.47,54.470001220703125,2.241055852003626e-08,52.32,52.31999969482422,5.832870408895019e-09,53.15,53.150001525878906,2.8708916355313363e-08,990600.0,990600.0,0.0
2008-02-19,53.48,53.47999954223633,8.559530084717437e-09,54.07,54.06999969482422,5.644086975564733e-09,53.15,53.150001525878906,2.8708916355313363e-08,54.03,54.029998779296875,2.259306175478315e-08,1063900.0,1063900.0,0.0
2008-02-20,53.32,53.31999969482422,5.723476803609628e-09,54.65,54.650001525878906,2.792093156678277e-08,53.11,53.11000061035156,1.149221540153178e-08,54.65,54.650001525878906,2.792093156678277e-08,1017000.0,1017000.0,0.0
2008-02-21,55.0,55.0,0.0,55.0,55.0,0.0,53.6,53.599998474121094,2.846789004529171e-08,54.07,54.06999969482422,5.644086975564733e-09,786100.0,786100.0,0.0
2008-02-22,54.44,54.439998626708984,2.522577169372653e-08,54.9,54.900001525878906,2.7793787049645857e-08,53.83,53.83000183105469,3.401550596748848e-08,54.42,54.41999816894531,3.3646723407443346e-08,482500.0,482500.0,0.0
2008-02-25,54.51,54.5099983215332,3.079190602495174e-08,55.81,55.810001373291016,2.460654036084975e-08,54.51,54.5099983215332,3.079190602495174e-08,55.45,55.45000076293945,1.375905234191066e-08,500900.0,500900.0,0.0
2008-02-26,55.38,55.380001068115234,1.9287021091329848e-08,57.15,57.150001525878906,2.669954346501413e-08,55.01,55.0099983215332,3.05120304577855e-08,56.48,56.47999954223633,8.104880766524047e-09,751100.0,751100.0,0.0
2008-02-27,56.14,56.13999938964844,1.0871955113955778e-08,57.08,57.08000183105469,3.207874366140118e-08,55.87,55.869998931884766,1.911786706720875e-08,56.59,56.59000015258789,2.6963755672682055e-09,672800.0,672800.0,0.0
2008-02-28,55.92,55.91999816894531,3.274418258758516e-08,56.64,56.63999938964844,1.0775980996413637e-08,54.9,54.900001525878906,2.7793787049645857e-08,55.88,55.880001068115234,1.9114445803936064e-08,444500.0,444500.0,0.0
2008-02-29,54.67,55.2400016784668,0.0104262242265738,55.24,55.2400016784668,3.038498896934527e-08,53.69,53.689998626708984,2.5578152595961967e-08,53.89,53.88999938964844,1.1325877902201853e-08,666100.0,666100.0,0.0
2008-03-03,53.75,53.75,0.0,55.16,55.15999984741211,2.7662778734338644e-09,53.62,53.619998931884766,1.9920090132963253e-08,54.62,54.619998931884766,1.95553868653775e-08,554200.0,554200.0,0.0
2008-03-04,54.55,54.54999923706055,1.3986057756376624e-08,55.5,55.5,0.0,54.19,54.189998626708984,2.5342148268769904e-08,54.92,54.91999816894531,3.334039855307225e-08,723900.0,723900.0,0.0
2008-03-05,55.39,55.38999938964844,1.1019165246928253e-08,56.76,56.7599983215332,2.9571296633612576e-08,54.51,54.5099983215332,3.079190602495174e-08,55.94,55.939998626708984,2.4549356658631893e-08,495100.0,495100.0,0.0
2008-03-06,55.72,55.720001220703125,2.1907809122367894e-08,55.94,55.939998626708984,2.4549356658631893e-08,54.02,54.02000045776367,8.473966417454903e-09,54.09,54.09000015258789,2.8209998781392187e-09,530400.0,530400.0,0.0
2008-03-07,54.04,53.88999938964844,0.0027757329820792265,54.54,54.540000915527344,1.6786346535013763e-08,53.54,53.540000915527344,1.7099875737613957e-08,54.0,54.0,0.0,460100.0,460100.0,0.0
2008-03-10,53.31,53.310001373291016,2.5760476640712682e-08,53.85,53.849998474121094,2.833572720906119e-08,52.6,52.599998474121094,2.900910467396045e-08,52.65,52.650001525878906,2.8981555599827402e-08,661200.0,661200.0,0.0
2008-03-11,53.71,53.709999084472656,1.7045752032096573e-08,53.84,53.84000015258789,2.834098955517561e-09,52.9,52.900001525878906,2.8844591826171495e-08,53.77,53.77000045776367,8.513365568063591e-09,962000.0,962000.0,0.0
2008-03-12,54.41,54.40999984741211,2.8044089273038253e-09,54.99,54.9900016784668,3.052312780305044e-08,53.78,53.779998779296875,2.2698087187578153e-08,53.99,53.9900016784668,3.1088475571650065e-08,795400.0,795400.0,0.0
2008-03-13,53.19,53.189998626708984,2.5818593929471945e-08,53.94,53.939998626708984,2.5459603536504005e-08,52.37,52.369998931884766,2.0395555355712247e-08,53.4,53.400001525878906,2.8574511423684612e-08,741100.0,741100.0,0.0
2008-03-14,53.39,53.380001068115234,0.00018728098679088312,53.39,53.38999938964844,1.1431945390327769e-08,51.0,51.0,0.0,51.42,51.41999816894531,3.560977612782068e-08,1358000.0,1358000.0,0.0
2008-03-17,50.75,50.75,0.0,51.56,51.560001373291016,2.663481413200941e-08,50.2,50.20000076293945,1.5197997083049586e-08,50.89,50.88999938964844,1.1993546156219281e-08,1159000.0,1159000.0,0.0
2008-03-18,51.0,51.0,0.0,51.63,51.630001068115234,2.0687879853653612e-08,50.65,50.650001525878906,3.012594085305409e-08,51.54,51.540000915527344,1.7763433168838105e-08,1065200.0,1065200.0,0.0
2008-03-19,51.58,51.58000183105469,3.549931548718632e-08,53.32,53.31999969482422,5.723476803609628e-09,51.18,51.18000030517578,5.962793592217963e-09,51.18,51.18000030517578,5.962793592217963e-09,896300.0,896300.0,0.0
2008-03-20,51.24,51.2400016784668,3.2756963141977735e-08,51.5,51.5,0.0,50.32,50.31999969482422,6.0647015187598186e-09,50.99,50.9900016784668,3.291756800472001e-08,951900.0,951900.0,0.0
2008-03-24,50.49,50.4900016784668,3.324354902467519e-08,51.36,51.36000061035156,1.1883792172540097e-08,49.89,49.88999938964844,1.2233945967388138e-08,50.38,50.380001068115234,2.1201175703922104e-08,860500.0,860500.0,0.0
2008-03-25,50.4,50.400001525878906,3.0275375095811796e-08,51.19,51.189998626708984,2.682732980208158e-08,50.39,50.38999938964844,1.2112553293697204e-08,50.57,50.56999969482422,6.034719834957514e-09,654100.0,654100.0,0.0
2008-03-26,50.24,50.2400016784668,3.340897292147815e-08,51.43,51.43000030517578,5.933808777669469e-09,50.01,50.0099983215332,3.3562623347194176e-08,51.38,51.380001068115234,2.078854088871651e-08,858400.0,858400.0,0.0
2008-03-27,51.17,51.16999816894531,3.578375395996147e-08,51.69,51.689998626708984,2.6567827715595627e-08,50.48,50.47999954223633,9.068218509433734e-09,50.53,50.529998779296875,2.415798783239609e-08,554900.0,554900.0,0.0
2008-03-28,51.15,51.150001525878906,2.9831454639861477e-08,52.34,52.34000015258789,2.9153206515530883e-09,50.56,50.560001373291016,2.7161610294257343e-08,51.48,51.47999954223633,8.892068192878355e-09,975000.0,975000.0,0.0
2008-03-31,52.0,52.0,0.0,52.01,52.0099983215332,3.2272001404543005e-08,51.26,51.2599983215332,3.2744182476562855e-08,51.5,51.5,0.0,884000.0,884000.0,0.0
2008-04-01,52.19,52.189998626708984,2.631329787394776e-08,52.19,52.189998626708984,2.631329787394776e-08,51.29,51.290000915527344,1.7850016575948757e-08,51.51,51.5099983215332,3.258526104499282e-08,703300.0,703300.0,0.0
2008-04-02,51.6,51.599998474121094,2.9571296633612576e-08,52.2,52.20000076293945,1.4615698207265382e-08,51.21,51.209999084472656,1.787790171459136e-08,52.11,52.11000061035156,1.1712752989723185e-08,1001400.0,1001400.0,0.0
2008-04-03,52.0,52.0,0.0,53.02,53.02000045776367,8.633792347723102e-09,51.844,51.84000015258789,7.715159733256982e-05,52.84,52.84000015258789,2.887734495971017e-09,864100.0,864100.0,0.0
2008-04-04,53.13,53.130001068115234,2.0103806397386847e-08,54.2,54.20000076293945,1.4076373622273763e-08,52.87,52.869998931884766,2.0202671313640508e-08,53.99,53.9900016784668,3.1088475571650065e-08,627600.0,627600.0,0.0
2008-04-07,53.37,53.369998931884766,2.001340138058083e-08,53.39,53.38999938964844,1.1431945390327769e-08,52.51,52.5099983215332,3.1964707547516014e-08,52.79,52.790000915527344,1.7342817626442297e-08,524900.0,524900.0,0.0
2008-04-08,52.39,52.38999938964844,1.1650153952658115e-08,53.96,53.959999084472656,1.69667780935967e-08,52.01,52.0099983215332,3.2272001404543005e-08,53.2,53.20000076293945,1.4340967080528344e-08,376300.0,376300.0,0.0
2008-04-09,53.2,53.20000076293945,1.4340967080528344e-08,53.87,53.869998931884766,1.9827644970327185e-08,52.7401,52.7400016784668,1.864265202433657e-06,53.86,53.86000061035156,1.133218652249468e-08,570800.0,570800.0,0.0
2008-04-10,53.75,53.75,0.0,54.27,54.27000045776367,8.434930309775268e-09,53.32,53.31999969482422,5.723476803609628e-09,54.26,54.2599983215332,3.0933777983577215e-08,481800.0,481800.0,0.0
2008-04-11,53.75,53.75,0.0,54.13,54.130001068115234,1.9732407707806487e-08,53.3,53.29999923706055,1.4314060936548856e-08,53.83,53.83000183105469,3.401550596748848e-08,596500.0,596500.0,0.0
2008-04-14,53.72,53.720001220703125,2.272343868625626e-08,54.18,54.18000030517578,5.632627919638367e-09,53.58,53.58000183105469,3.417421967633061e-08,53.81,53.810001373291016,2.5521111668425078e-08,412800.0,412800.0,0.0
2008-04-15,54.0,53.5,0.0092592592592593,54.37,54.369998931884766,1.9645304938364916e-08,52.52,52.52000045776367,8.715987709351225e-09,53.0,53.0,0.0,616400.0,616400.0,0.0
2008-04-16,53.0,53.0,0.0,53.86,53.86000061035156,1.133218652249468e-08,52.82,52.81999969482422,5.7776557982336385e-09,53.72,53.720001220703125,2.272343868625626e-08,750500.0,750500.0,0.0
2008-04-17,53.73,53.72999954223633,8.519703498244269e-09,54.14,54.13999938964844,1.1273578959247743e-08,53.06,53.060001373291016,2.5881850884701407e-08,53.53,53.529998779296875,2.2804093502415412e-08,836300.0,836300.0,0.0
2008-04-18,54.63,54.970001220703125,0.006223708963996488,56.8812,56.880001068115234,2.1077823336490553e-05,53.6,53.599998474121094,2.846789004529171e-08,56.55,56.54999923706055,1.3491413763944138e-08,906800.0,906800.0,0.0
2008-04-21,56.0,56.0,0.0,56.54,56.540000915527344,1.6192559959549158e-08,55.03,55.029998779296875,2.21825027235667e-08,55.53,55.529998779296875,2.1982768383388418e-08,558100.0,558100.0,0.0
2008-04-22,55.0,55.63999938964844,0.011636352539062589,55.64,55.63999938964844,1.0969654296033582e-08,54.07,54.06999969482422,5.644086975564733e-09,54.15,54.150001525878906,2.817874245053531e-08,461300.0,461300.0,0.0
2008-04-23,54.66,54.65999984741211,2.791582298655726e-09,55.17,55.16999816894531,3.318931829365823e-08,54.04,54.040000915527344,1.694166074095449e-08,54.81,54.810001373291016,2.5055482799629658e-08,554500.0,554500.0,0.0
2008-04-24,56.71,56.709999084472656,1.614401945460031e-08,57.15,57.150001525878906,2.669954346501413e-08,55.34,55.34000015258789,2.7572801819530923e-09,56.0,56.0,0.0,1093600.0,1093600.0,0.0
2008-04-25,55.89,55.88999938964844,1.0920586213103434e-08,56.58,56.58000183105469,3.2362224899884495e-08,54.98,54.97999954223633,8.32600344224943e-09,55.67,55.66999816894531,3.289122851857229e-08,674600.0,674600.0,0.0
2008-04-28,55.54,55.540000915527344,1.6484107856484798e-08,55.56,55.560001373291016,2.471726090469417e-08,54.05,54.04999923706055,1.4115438484729737e-08,54.09,54.09000015258789,2.8209998781392187e-09,661800.0,661800.0,0.0
2008-04-29,53.84,53.84000015258789,2.834098955517561e-09,54.55,54.54999923706055,1.3986057756376624e-08,53.31,53.310001373291016,2.5760476640712682e-08,53.43,53.43000030517578,5.711693562560072e-09,541900.0,541900.0,0.0
2008-04-30,53.75,53.75,0.0,54.25,54.25,0.0,53.02,53.02000045776367,8.633792347723102e-09,53.38,53.380001068115234,2.0009652157426672e-08,696300.0,696300.0,0.0
2008-05-01,53.53,53.529998779296875,2.2804093502415412e-08,54.12,54.119998931884766,1.973605379124166e-08,53.01,53.0099983215332,3.16632106089898e-08,54.12,54.119998931884766,1.973605379124166e-08,555900.0,555900.0,0.0
2008-05-02,54.6,54.599998474121094,2.794650011406219e-08,54.66,54.65999984741211,2.791582298655726e-09,53.26,53.2599983215332,3.151458494166093e-08,53.47,53.470001220703125,2.2829682588820788e-08,396900.0,396900.0,0.0
2008-05-05,53.04,53.040000915527344,1.7261073681495986e-08,53.25,53.25,0.0,52.14,52.13999938964844,1.1706013824941408e-08,52.58,52.58000183105469,3.482416688349588e-08,722900.0,722900.0,0.0
2008-05-06,52.6,52.599998474121094,2.900910467396045e-08,53.2,53.20000076293945,1.4340967080528344e-08,52.42,52.41999816894531,3.493045952485119e-08,52.96,52.959999084472656,1.7287147713318518e-08,408700.0,408700.0,0.0
2008-05-07,52.83,52.83000183105469,3.465937314928169e-08,52.92,52.91999816894531,3.460042874436908e-08,51.51,51.5099983215332,3.258526104499282e-08,51.63,51.630001068115234,2.0687879853653612e-08,439100.0,439100.0,0.0
2008-05-08,51.99,51.9900016784668,3.2284416029426666e-08,53.14,53.13999938964844,1.1485727591242778e-08,51.8,51.79999923706055,1.4728560815413516e-08,52.33,52.33000183105469,3.499053491395898e-08,825800.0,825800.0,0.0
2008-05-09,51.28,51.279998779296875,2.3804663129567416e-08,52.08,52.08000183105469,3.515850011126531e-08,51.28,51.279998779296875,2.3804663129567416e-08,51.81,51.810001373291016,2.6506292494232753e-08,401800.0,401800.0,0.0
2008-05-12,51.8,51.79999923706055,1.4728560815413516e-08,52.88,52.880001068115234,2.0198850814168168e-08,51.57,51.56999969482422,5.917699885671368e-09,52.6,52.599998474121094,2.900910467396045e-08,418900.0,418900.0,0.0
2008-05-13,52.49,52.4900016784668,3.1976886916140757e-08,52.7,52.70000076293945,1.4477029353088255e-08,51.8,51.79999923706055,1.4728560815413516e-08,52.16,52.15999984741211,2.9253812705576365e-09,741000.0,741000.0,0.0
2008-05-14,52.2,52.20000076293945,1.4615698207265382e-08,52.97,52.970001220703125,2.3045178876301975e-08,51.81,51.810001373291016,2.6506292494232753e-08,52.42,52.41999816894531,3.493045952485119e-08,632100.0,632100.0,0.0
2008-05-15,52.52,52.52000045776367,8.715987709351225e-09,52.85,52.849998474121094,2.8871880886072177e-08,52.03,52.029998779296875,2.3461524611967377e-08,52.68,52.68000030517578,5.793010293686507e-09,632100.0,632100.0,0.0
2008-05-16,54.19,54.79999923706055,0.011256675347122158,56.81,56.810001373291016,2.41734028350038e-08,54.19,54.189998626708984,2.5342148268769904e-08,56.68,56.68000030517578,5.384188206392082e-09,1936500.0,1936500.0,0.0
2008-05-19,56.76,56.7599983215332,2.9571296633612576e-08,57.5,57.5,0.0,56.2,56.20000076293945,1.357543499835856e-08,56.62,56.619998931884766,1.886462785982701e-08,805900.0,805900.0,0.0
2008-05-20,55.83,55.83000183105469,3.2796967364134844e-08,57.48,57.47999954223633,7.96387733537074e-09,55.83,55.83000183105469,3.2796967364134844e-08,56.61,56.61000061035156,1.0781691539563099e-08,441100.0,441100.0,0.0
2008-05-21,56.8,56.79999923706055,1.3432032597293642e-08,58.19,58.189998626708984,2.3600120524491786e-08,56.35,56.349998474121094,2.7078596365193164e-08,57.76,57.7599983215332,2.9059328165992326e-08,1185400.0,1185400.0,0.0
2008-05-22,57.89,57.88999938964844,1.0543298678555857e-08,58.92,58.91999816894531,3.107696344706312e-08,57.3,57.29999923706055,1.3314824576227124e-08,58.37,58.369998931884766,1.8299044612923865e-08,678900.0,678900.0,0.0
2008-05-23,57.94,57.939998626708984,2.3701950513377312e-08,58.04,58.040000915527344,1.577407560127142e-08,56.81,56.810001373291016,2.41734028350038e-08,57.47,57.470001220703125,2.1240701642000204e-08,576100.0,576100.0,0.0
2008-05-27,57.12,57.119998931884766,1.8699496395768733e-08,59.06,59.060001373291016,2.325247239198802e-08,56.87,56.869998931884766,1.8781699195891122e-08,58.7,58.70000076293945,1.2997264819958332e-08,729000.0,729000.0,0.0
2008-05-28,58.23,58.22999954223633,7.861302941947201e-09,58.92,58.91999816894531,3.107696344706312e-08,57.5,57.5,0.0,58.66,58.65999984741211,2.601225457254941e-09,596700.0,596700.0,0.0
2008-05-29,58.85,58.849998474121094,2.5928273750253084e-08,59.59,59.59000015258789,2.5606290421364974e-09,57.8,57.79999923706055,1.3199644488537388e-08,58.82,58.81999969482422,5.1882995677488e-09,422300.0,422300.0,0.0
2008-05-30,58.62,58.619998931884766,1.8221003594831586e-08,58.79,58.790000915527344,1.5572841460809173e-08,57.82,57.81999969482422,5.278031456334986e-09,58.3,58.29999923706055,1.3086439931697669e-08,496900.0,496900.0,0.0
2008-06-02,59.05,59.029998779296875,0.00033871669268625837,59.4,59.400001525878906,2.5688197125006695e-08,57.0,57.0,0.0,57.66,57.65999984741211,2.6463387037267694e-09,594100.0,594100.0,0.0
2008-06-03,58.0,58.0,0.0,58.0,58.0,0.0,56.44,56.439998626708984,2.4331874848293467e-08,56.89,56.88999938964844,1.0728626542721997e-08,518200.0,518200.0,0.0
2008-06-04,56.81,56.810001373291016,2.41734028350038e-08,58.59,58.59000015258789,2.6043331935454717e-09,56.66,56.65999984741211,2.6930442320605152e-09,57.89,57.88999938964844,1.0543298678555857e-08,596900.0,596900.0,0.0
2008-06-05,57.93,57.93000030517578,5.268009362069392e-09,59.2,59.20000076293945,1.28874906302201e-08,57.26,57.2599983215332,2.931307707676467e-08,58.91,58.90999984741211,2.590186509721093e-09,589000.0,589000.0,0.0
2008-06-06,58.3,58.29999923706055,1.3086439931697669e-08,58.72,58.720001220703125,2.078854088871651e-08,57.06,57.060001373291016,2.4067490667079028e-08,57.06,57.060001373291016,2.4067490667079028e-08,416900.0,416900.0,0.0
2008-06-09,57.25,57.25,0.0,57.84,57.84000015258789,2.6381030693301e-09,56.8,56.79999923706055,1.3432032597293642e-08,57.82,57.81999969482422,5.278031456334986e-09,494800.0,494800.0,0.0
2008-06-10,57.33,57.33000183105469,3.1938857336655246e-08,58.11,58.11000061035156,1.0503382608106904e-08,56.62,56.619998931884766,1.886462785982701e-08,56.86,56.86000061035156,1.0734287014813049e-08,392100.0,392100.0,0.0
2008-06-11,57.13,57.130001068115234,1.8696223236247533e-08,57.77,57.77000045776367,7.923899314477012e-09,55.48,55.47999954223633,8.250967353795602e-09,55.49,55.4900016784668,3.024809513973992e-08,587400.0,587400.0,0.0
2008-06-12,55.83,55.83000183105469,3.2796967364134844e-08,57.06,57.060001373291016,2.4067490667079028e-08,55.21,55.209999084472656,1.658263615311739e-08,55.26,55.2599983215332,3.0373991988241755e-08,749700.0,749700.0,0.0
2008-06-13,55.8,55.79999923706055,1.3672750043269843e-08,56.75,56.75,0.0,55.54,55.540000915527344,1.6484107856484798e-08,56.71,56.709999084472656,1.614401945460031e-08,529200.0,529200.0,0.0
2008-06-16,56.41,56.40999984741211,2.7049793516198406e-09,56.88,56.880001068115234,1.8778397281593584e-08,55.92,55.91999816894531,3.274418258758516e-08,56.58,56.58000183105469,3.2362224899884495e-08,482300.0,482300.0,0.0
2008-06-17,56.43,56.43000030517578,5.4080415701207585e-09,56.88,56.880001068115234,1.8778397281593584e-08,55.42,55.41999816894531,3.303960105505155e-08,56.38,56.380001068115234,1.8944931401421172e-08,347300.0,347300.0,0.0
2008-06-18,55.78,55.779998779296875,2.188424397253641e-08,55.92,55.91999816894531,3.274418258758516e-08,54.2,54.20000076293945,1.4076373622273763e-08,54.59,54.59000015258789,2.7951618797317224e-09,855300.0,855300.0,0.0
2008-06-19,54.21,54.209999084472656,1.6888532461400985e-08,54.52,54.52000045776367,8.396252137998772e-09,53.05,53.04999923706055,1.4381516533212846e-08,54.21,54.209999084472656,1.6888532461400985e-08,925500.0,925500.0,0.0
2008-06-20,53.52,53.5,0.00037369207772797175,54.48,54.47999954223633,8.402416873387608e-09,53.07,53.06999969482422,5.750438680784953e-09,53.7,53.70000076293945,1.4207438558955232e-08,1302700.0,1302700.0,0.0
2008-06-23,53.32,53.31999969482422,5.723476803609628e-09,54.36,54.36000061035156,1.1227953677916958e-08,53.24,53.2400016784668,3.1526423693861716e-08,53.75,53.75,0.0,909900.0,909900.0,0.0
2008-06-24,53.48,53.459999084472656,0.0003739886972202733,53.58,53.58000183105469,3.417421967633061e-08,51.59,51.59000015258789,2.957702749384339e-09,51.59,51.59000015258789,2.957702749384339e-09,1242300.0,1242300.0,0.0
2008-06-25,52.01,51.5,0.009805806575658438,52.15,52.150001525878906,2.92594228845644e-08,51.0,51.0,0.0,51.04,51.040000915527344,1.7937447971405618e-08,1599300.0,1599300.0,0.0
2008-06-26,50.76,50.7599983215332,3.3066721694119394e-08,51.6,51.599998474121094,2.9571296633612576e-08,50.31,50.310001373291016,2.7296581439628653e-08,51.4,51.400001525878906,2.9686360036862425e-08,1313500.0,1313500.0,0.0
2008-06-27,51.5,51.5,0.0,51.85,51.849998474121094,2.9428715686563578e-08,50.81,50.810001373291016,2.702796719766809e-08,50.82,50.81999969482422,6.005033137412852e-09,995600.0,995600.0,0.0
2008-06-30,50.51,50.5099983215332,3.323038599845063e-08,51.9,51.900001525878906,2.9400364365272935e-08,50.46,50.459999084472656,1.814362549090731e-08,51.7,51.70000076293945,1.4757049360270003e-08,722100.0,722100.0,0.0
2008-07-01,50.99,50.9900016784668,3.291756800472001e-08,51.59,51.59000015258789,2.957702749384339e-09,50.35,50.349998474121094,3.030544004634095e-08,51.17,51.16999816894531,3.578375395996147e-08,992200.0,992200.0,0.0
2008-07-02,51.07,51.06999969482422,5.975636985233734e-09,51.71,51.709999084472656,1.7705034660586705e-08,49.3,49.29999923706055,1.547544525859479e-08,50.02,50.02000045776367,9.15161280090615e-09,960000.0,960000.0,0.0
2008-07-03,49.91,49.90999984741211,3.0572607778722727e-09,50.45,50.45000076293945,1.5122684882129533e-08,49.72,49.720001220703125,2.455155123648467e-08,50.03,50.029998779296875,2.4399422815513105e-08,436500.0,436500.0,0.0
2008-07-07,50.23,50.22999954223633,9.113351961964611e-09,50.67,50.66999816894531,3.613685983783199e-08,49.25,49.25,0.0,49.72,49.720001220703125,2.455155123648467e-08,795800.0,795800.0,0.0
2008-07-08,49.96,49.959999084472656,1.8325207018499157e-08,51.07,51.06999969482422,5.975636985233734e-09,49.66,49.65999984741211,3.0726517996626512e-09,51.03,51.029998779296875,2.392128406469851e-08,587800.0,587800.0,0.0
2008-07-09,50.79,51.34000015258789,0.010828906331716626,51.34,51.34000015258789,2.972105228593591e-09,50.13,50.130001068115234,2.1306906683449256e-08,50.42,50.41999816894531,3.631603906484315e-08,551300.0,551300.0,0.0
2008-07-10,50.8,50.79999923706055,1.501849311580372e-08,52.67,52.66999816894531,3.476466092777741e-08,50.8,50.79999923706055,1.501849311580372e-08,52.61,52.61000061035156,1.1601436256114539e-08,817500.0,817500.0,0.0
2008-07-11,51.51,51.5099983215332,3.258526104499282e-08,54.43,54.43000030517578,5.606757058629341e-09,51.51,51.5099983215332,3.258526104499282e-08,53.65,53.650001525878906,2.8441359045672243e-08,1127900.0,1127900.0,0.0
2008-07-14,54.32,54.31999969482422,5.618110865412973e-09,54.58,54.58000183105469,3.354808875144499e-08,52.2,52.20000076293945,1.4615698207265382e-08,54.24,54.2400016784668,3.094518419288761e-08,762600.0,762600.0,0.0
2008-07-15,54.32,54.31999969482422,5.618110865412973e-09,55.86,55.86000061035156,1.0926451077253319e-08,54.24,54.2400016784668,3.094518419288761e-08,54.71,54.709999084472656,1.6734186480960034e-08,1215200.0,1215200.0,0.0
2008-07-16,54.59,54.59000015258789,2.7951618797317224e-09,56.0,56.0,0.0,53.29,53.290000915527344,1.7180096456570482e-08,55.71,55.709999084472656,1.643380620475199e-08,1285700.0,1285700.0,0.0
2008-07-17,56.0,56.0,0.0,56.48,56.47999954223633,8.104880766524047e-09,55.0,55.0,0.0,56.48,56.47999954223633,8.104880766524047e-09,770700.0,770700.0,0.0
2008-07-18,56.11,56.650001525878906,0.009623980143983468,57.68,57.68000030517578,5.290842208793833e-09,56.11,56.11000061035156,1.087776801966811e-08,57.57,57.56999969482422,5.300951566589163e-09,878700.0,878700.0,0.0
2008-07-21,57.86,57.86000061035156,1.0548765416729111e-08,58.41,58.40999984741211,2.612358995790487e-09,57.09,57.09000015258789,2.6727602353560087e-09,57.78,57.779998779296875,2.1126741578392227e-08,548300.0,548300.0,0.0
2008-07-22,57.78,57.779998779296875,2.1126741578392227e-08,60.58,60.58000183105469,3.0225399294536714e-08,57.73,57.72999954223633,7.92938970040069e-09,60.15,60.150001525878906,2.5367895339911684e-08,1015200.0,1015200.0,0.0
2008-07-23,59.99,59.9900016784668,2.7979109695763782e-08,60.87,60.869998931884766,1.754748202298373e-08,59.0,59.0,0.0,59.7,59.70000076293945,1.2779555191855252e-08,795600.0,795600.0,0.0
2008-07-24,59.34,60.0099983215332,0.011290837909221363,60.16,60.15999984741211,2.5363677824685738e-09,58.21,58.209999084472656,1.5728008007087624e-08,58.85,58.849998474121094,2.5928273750253084e-08,1145000.0,1145000.0,0.0
2008-07-25,60.95,60.95000076293945,1.2517464398342781e-08,61.8,61.79999923706055,1.234529856120048e-08,59.16,59.15999984741211,2.5792408209213136e-09,60.94,60.939998626708984,2.253513309291577e-08,1142200.0,1142200.0,0.0
2008-07-28,61.46,61.459999084472656,1.4896312183765303e-08,61.47,61.470001220703125,1.985851838526287e-08,59.99,59.9900016784668,2.7979109695763782e-08,60.35,60.349998474121094,2.5283826143862598e-08,631000.0,631000.0,0.0
2008-07-29,60.08,60.08000183105469,3.047694230318143e-08,61.57,61.56999969482422,4.956566157510167e-09,59.74,59.7400016784668,2.8096196702520615e-08,60.69,60.689998626708984,2.262796194862915e-08,766700.0,766700.0,0.0
2008-07-30,60.57,60.56999969482422,5.038398254164633e-09,60.98,60.97999954223633,7.506783639144032e-09,59.65,59.650001525878906,2.558053502355051e-08,60.28,60.279998779296875,2.0250549570555165e-08,573100.0,573100.0,0.0
2008-07-31,60.01,60.0099983215332,2.7969784932579955e-08,60.5,60.5,0.0,59.43,59.43000030517578,5.135045944015815e-09,59.75,59.75,0.0,743500.0,743500.0,0.0
2008-08-01,60.0,60.0,0.0,60.65,60.650001525878906,2.5158761962629228e-08,58.53,58.529998779296875,2.0856024685045327e-08,59.33,59.33000183105469,3.0862206124027125e-08,499500.0,499500.0,0.0
2008-08-04,59.94,60.040000915527344,0.0016683502757315338,60.1,60.099998474121094,2.5389000124498295e-08,58.87,58.869998931884766,1.814362549090731e-08,59.31,59.310001373291016,2.315445990497267e-08,588500.0,588500.0,0.0
2008-08-05,59.92,59.91999816894531,3.0558322539064875e-08,60.05,60.04999923706055,1.2705069996066243e-08,58.61,58.61000061035156,1.0413778506190852e-08,59.4,59.400001525878906,2.5688197125006695e-08,759600.0,759600.0,0.0
2008-08-06,59.37,59.369998931884766,1.799082416376052e-08,59.55,59.54999923706055,1.2811745553342746e-08,58.63,58.630001068115234,1.8217895858541056e-08,59.33,59.33000183105469,3.0862206124027125e-08,690000.0,690000.0,0.0
2008-08-07,58.99,58.9900016784668,2.845341229296139e-08,59.84,59.84000015258789,2.5499313771604193e-09,58.01,58.0099983215332,2.8934094009613887e-08,58.26,58.2599983215332,2.8809934660145586e-08,513300.0,513300.0,0.0
2008-08-08,58.4,58.400001525878906,2.6128063490560294e-08,59.39,59.38999938964844,1.0277009021564254e-08,58.15,58.150001525878906,2.6240393857790423e-08,59.05,59.04999923706055,1.2920227776547222e-08,355500.0,355500.0,0.0
2008-08-11,59.35,59.349998474121094,2.5709838369358806e-08,59.35,59.349998474121094,2.5709838369358806e-08,58.34,58.34000015258789,2.6154933774336087e-09,59.3,59.29999923706055,1.2865758014513062e-08,410400.0,410400.0,0.0
2008-08-12,58.97,58.970001220703125,2.0700409164575717e-08,59.67,59.66999816894531,3.068635312519774e-08,58.37,58.369998931884766,1.8299044612923865e-08,59.21,59.209999084472656,1.546237704541653e-08,444300.0,444300.0,0.0
2008-08-13,58.28,58.279998779296875,2.094548945397179e-08,59.97,59.970001220703125,2.035522972398951e-08,58.26,58.2599983215332,2.8809934660145586e-08,59.53,59.529998779296875,2.050567993183705e-08,685000.0,685000.0,0.0
2008-08-14,59.12,59.119998931884766,1.806690175243375e-08,60.5,60.5,0.0,58.96,58.959999084472656,1.5527940044890443e-08,60.23,60.22999954223633,7.600260198969977e-09,433800.0,433800.0,0.0
2008-08-15,60.46,60.459999084472656,1.5142695097836167e-08,61.18,61.18000030517578,4.988162549679487e-09,59.59,59.59000015258789,2.5606290421364974e-09,60.77,60.77000045776367,7.532724444203609e-09,599800.0,599800.0,0.0
2008-08-18,60.77,60.77000045776367,7.532724444203609e-09,60.77,60.77000045776367,7.532724444203609e-09,59.67,59.66999816894531,3.068635312519774e-08,60.28,60.279998779296875,2.0250549570555165e-08,548300.0,548300.0,0.0
2008-08-19,60.53,60.529998779296875,2.016691103001733e-08,61.1,61.099998474121094,2.4973468182309944e-08,59.42,59.41999816894531,3.08154609607314e-08,60.0,60.0,0.0,513800.0,513800.0,0.0
2008-08-20,60.12,60.119998931884766,1.776638780537354e-08,61.17,61.16999816894531,2.9933867717879536e-08,59.12,59.119998931884766,1.806690175243375e-08,60.53,60.529998779296875,2.016691103001733e-08,561200.0,561200.0,0.0
2008-08-21,60.01,60.0099983215332,2.7969784932579955e-08,60.55,60.54999923706055,1.2600156029662912e-08,59.25,59.25,0.0,59.88,59.880001068115234,1.7837595622793856e-08,436500.0,436500.0,0.0
2008-08-22,59.97,59.970001220703125,2.035522972398951e-08,61.2,61.20000076293945,1.246633085649762e-08,59.58,59.58000183105469,3.073270704589959e-08,61.12,61.119998931884766,1.747570732568704e-08,346300.0,346300.0,0.0
2008-08-25,60.63,60.630001068115234,1.761694257140789e-08,60.83,60.83000183105469,3.010117843871285e-08,58.877,58.880001068115234,5.097182457047822e-05,59.42,59.41999816894531,3.08154609607314e-08,394400.0,394400.0,0.0
2008-08-26,59.26,59.2599983215332,2.8323773104688144e-08,59.76,59.7599983215332,2.8086793779635855e-08,58.78,58.779998779296875,2.0767320974002246e-08,59.16,59.15999984741211,2.5792408209213136e-09,464400.0,464400.0,0.0
2008-08-27,59.39,59.38999938964844,1.0277009021564254e-08,60.75,60.75,0.0,59.21,59.209999084472656,1.546237704541653e-08,60.21,60.209999084472656,1.5205569581233647e-08,367200.0,367200.0,0.0
2008-08-28,60.32,60.31999969482422,5.059280216990203e-09,61.25,61.25,0.0,60.04,60.040000915527344,1.5248623252972493e-08,60.81,60.810001373291016,2.2583308778578726e-08,356900.0,356900.0,0.0
2008-08-29,60.44,60.439998626708984,2.272155874560866e-08,60.61,60.61000061035156,1.0070146272411762e-08,59.16,59.15999984741211,2.5792408209213136e-09,59.3,59.29999923706055,1.2865758014513062e-08,361700.0,361700.0,0.0
2008-09-02,59.36,59.36000061035156,1.0282202866918055e-08,60.38,60.380001068115234,1.7689884668214972e-08,58.44,58.439998626708984,2.3499161727613682e-08,58.93,58.93000030517578,5.1786150923049945e-09,540800.0,540800.0,0.0
2008-09-03,58.26,58.2599983215332,2.8809934660145586e-08,59.0,59.0,0.0,58.0,58.0,0.0,58.63,58.630001068115234,1.8217895858541056e-08,405300.0,405300.0,0.0
2008-09-04,58.33,58.33000183105469,3.139130266838208e-08,58.9,58.900001525878906,2.5906263356745285e-08,56.85,56.849998474121094,2.6840438094311025e-08,56.85,56.849998474121094,2.6840438094311025e-08,479800.0,479800.0,0.0
2008-09-05,56.75,56.75,0.0,57.79,57.790000915527344,1.584231434925698e-08,55.95,55.95000076293945,1.3636093809665795e-08,57.37,57.369998931884766,1.8618010022564135e-08,518100.0,518100.0,0.0
2008-09-08,57.84,57.84000015258789,2.6381030693301e-09,58.69,58.689998626708984,2.339906313153506e-08,56.49,56.4900016784668,2.9712635685186228e-08,57.32,57.31999969482422,5.324071516987772e-09,404400.0,404400.0,0.0
2008-09-09,57.54,57.540000915527344,1.591114595633769e-08,57.79,57.790000915527344,1.584231434925698e-08,56.08,56.08000183105469,3.265076120584354e-08,56.08,56.08000183105469,3.265076120584354e-08,426400.0,426400.0,0.0
2008-09-10,56.27,56.27000045776367,8.13512834874075e-09,58.0,58.0,0.0,56.0,56.0,0.0,57.44,57.439998626708984,2.3908269697336948e-08,534500.0,534500.0,0.0
2008-09-11,57.15,57.150001525878906,2.669954346501413e-08,58.92,58.91999816894531,3.107696344706312e-08,56.04,56.040000915527344,1.633703328174363e-08,58.85,58.849998474121094,2.5928273750253084e-08,512600.0,512600.0,0.0
2008-09-12,58.2,58.20000076293945,1.3108925278615402e-08,60.23,60.22999954223633,7.600260198969977e-09,58.2,58.20000076293945,1.3108925278615402e-08,60.15,60.150001525878906,2.5367895339911684e-08,464800.0,464800.0,0.0
2008-09-15,58.2,58.20000076293945,1.3108925278615402e-08,62.0,62.0,0.0,58.2,58.20000076293945,1.3108925278615402e-08,59.92,59.91999816894531,3.0558322539064875e-08,638100.0,638100.0,0.0
2008-09-16,60.54,60.540000915527344,1.5122684882129533e-08,62.53,62.529998779296875,1.9521879557338195e-08,60.39,60.38999938964844,1.0106831593859056e-08,62.53,62.529998779296875,1.9521879557338195e-08,960300.0,960300.0,0.0
2008-09-17,61.79,61.790000915527344,1.4816755822266714e-08,62.52,62.52000045776367,7.321875772348108e-09,61.04,61.040000915527344,1.4998809749755537e-08,61.04,61.040000915527344,1.4998809749755537e-08,856900.0,856900.0,0.0
2008-09-18,61.77,61.77000045776367,7.410776659000362e-09,66.15,66.1500015258789,2.306695234821632e-08,61.06,61.060001373291016,2.249084518624045e-08,64.77,64.7699966430664,5.1828525360342326e-08,1568300.0,1568300.0,0.0
2008-09-19,65.7,65.69999694824219,4.644989060054172e-08,66.0,66.0,0.0,62.57,62.56999969482422,4.87734985732402e-09,63.86,63.86000061035156,9.557650448854815e-09,1617800.0,1617800.0,0.0
2008-09-22,63.42,63.41999816894531,2.8871880886072177e-08,63.97,63.970001220703125,1.908243119075337e-08,62.85,62.849998474121094,2.4278105081876333e-08,63.01,63.0099983215332,2.6638101835452233e-08,462500.0,462500.0,0.0
2008-09-23,63.22,63.220001220703125,1.930881254885719e-08,63.6454,63.650001525878906,7.229942586439719e-05,62.53,62.529998779296875,1.9521879557338195e-08,62.89,62.88999938964844,9.705065417975334e-09,522200.0,522200.0,0.0
2008-09-24,63.29,63.290000915527344,1.4465592501622382e-08,63.74,63.7400016784668,2.633302154109174e-08,61.71,61.709999084472656,1.4835964123882661e-08,62.2,62.20000076293945,1.226590762293256e-08,604100.0,604100.0,0.0
2008-09-25,62.46,62.459999084472656,1.4657818514507426e-08,62.586,62.59000015258789,6.391449506115698e-05,61.31,61.310001373291016,2.2399135657380498e-08,62.34,62.34000015258789,2.447672287075875e-09,536500.0,536500.0,0.0
2008-09-26,61.99,61.9900016784668,2.707641222343682e-08,63.74,63.7400016784668,2.633302154109174e-08,61.2,61.20000076293945,1.246633085649762e-08,63.24,63.2400016784668,2.654122055467667e-08,532500.0,532500.0,0.0
2008-09-29,62.36,62.36000061035156,9.787549215545255e-09,63.96,63.959999084472656,1.4314061047571158e-08,59.47,59.470001220703125,2.0526368382789428e-08,59.61,59.61000061035156,1.0239080028284775e-08,908800.0,908800.0,0.0
2008-09-30,61.44,61.439998626708984,2.2351741790771484e-08,61.99,61.9900016784668,2.707641222343682e-08,56.67,56.66999816894531,3.231082912336092e-08,58.91,58.90999984741211,2.590186509721093e-09,1419300.0,1419300.0,0.0
2008-10-01,58.5,58.5,0.0,59.19,59.189998626708984,2.3201402465922172e-08,57.5,57.5,0.0,58.07,58.06999969482422,5.255308743734588e-09,622000.0,622000.0,0.0
2008-10-02,57.98,57.97999954223633,7.89519949417894e-09,58.25,58.25,0.0,57.26,57.2599983215332,2.931307707676467e-08,57.42,57.41999816894531,3.1888796381274176e-08,533100.0,533100.0,0.0
2008-10-03,57.82,57.81999969482422,5.278031456334986e-09,59.43,59.43000030517578,5.135045944015815e-09,56.5,56.5,0.0,56.52,56.52000045776367,8.099144910289624e-09,515900.0,515900.0,0.0
2008-10-06,55.25,55.25,0.0,55.77,55.77000045776367,8.208062896031265e-09,51.72,51.720001220703125,2.360214867991317e-08,54.42,54.41999816894531,3.3646723407443346e-08,886500.0,886500.0,0.0
2008-10-07,54.41,54.40999984741211,2.8044089273038253e-09,54.89,54.88999938964844,1.1119540177517706e-08,52.65,52.650001525878906,2.8981555599827402e-08,52.95,52.95000076293945,1.4408677140309578e-08,906100.0,906100.0,0.0
2008-10-08,51.06,51.060001373291016,2.6895632831980265e-08,53.43,53.43000030517578,5.711693562560072e-09,50.76,50.7599983215332,3.3066721694119394e-08,51.49,51.4900016784668,3.2597917920540453e-08,1002300.0,1002300.0,0.0
2008-10-09,51.7,51.70000076293945,1.4757049360270003e-08,53.14,53.13999938964844,1.1485727591242778e-08,48.83,48.83000183105469,3.7498560034876505e-08,48.83,48.83000183105469,3.7498560034876505e-08,889800.0,889800.0,0.0
2008-10-10,47.73,47.72999954223633,9.59069068606766e-09,51.22,51.220001220703125,2.383254837923232e-08,47.51,47.5099983215332,3.532870540556843e-08,49.22,49.220001220703125,2.4800957509896193e-08,2163300.0,2163300.0,0.0
2008-10-13,50.71,50.709999084472656,1.8054177597370824e-08,54.99,54.9900016784668,3.052312780305044e-08,50.17,50.16999816894531,3.649700397456712e-08,54.41,54.40999984741211,2.8044089273038253e-09,1151300.0,1151300.0,0.0
2008-10-14,54.98,54.97999954223633,8.32600344224943e-09,55.59,55.59000015258789,2.744880100991054e-09,53.09,53.09000015258789,2.8741360402761984e-09,54.26,54.2599983215332,3.0933777983577215e-08,941700.0,941700.0,0.0
2008-10-15,54.09,54.09000015258789,2.8209998781392187e-09,55.47,55.470001220703125,2.2006546362973722e-08,50.48,50.47999954223633,9.068218509433734e-09,50.71,50.709999084472656,1.8054177597370824e-08,925500.0,925500.0,0.0
2008-10-16,49.9,49.900001525878906,3.057873554368484e-08,54.66,54.65999984741211,2.791582298655726e-09,49.32,49.31999969482422,6.187667933588159e-09,54.52,54.52000045776367,8.396252137998772e-09,1057800.0,1057800.0,0.0
2008-10-17,52.99,52.9900016784668,3.167516116064917e-08,58.03,58.029998779296875,2.1035725050744247e-08,52.28,52.279998779296875,2.3349332911593024e-08,55.27,55.27000045776367,8.28231705440885e-09,1270900.0,1270900.0,0.0
2008-10-20,56.0,56.0,0.0,57.94,57.939998626708984,2.3701950513377312e-08,55.08,55.08000183105469,3.3243549246719795e-08,56.44,56.439998626708984,2.4331874848293467e-08,914500.0,914500.0,0.0
2008-10-21,55.15,55.150001525878906,2.766779516605311e-08,56.13,56.130001068115234,1.9029311015827943e-08,53.35,53.349998474121094,2.8601291668373108e-08,53.38,53.380001068115234,2.0009652157426672e-08,778800.0,778800.0,0.0
2008-10-22,52.94,52.939998626708984,2.5940517844880162e-08,53.7,53.70000076293945,1.4207438558955232e-08,51.01,51.0099983215332,3.2904661773081045e-08,52.1,52.099998474121094,2.9287502978370128e-08,620300.0,620300.0,0.0
2008-10-23,51.32,51.31999969482422,5.94652727059497e-09,54.91,54.90999984741211,2.778872465469817e-09,50.52,50.52000045776367,9.061038586111181e-09,51.98,51.97999954223633,8.806534612659789e-09,1088900.0,1088900.0,0.0
2008-10-24,47.45,47.45000076293945,1.6078808284802903e-08,51.34,51.34000015258789,2.972105228593591e-09,46.45,46.45000076293945,1.6424961168937102e-08,50.4,50.400001525878906,3.0275375095811796e-08,1199900.0,1199900.0,0.0
2008-10-27,49.46,49.459999084472656,1.8510459831588832e-08,52.22,52.220001220703125,2.337616100689388e-08,49.0,49.0,0.0,49.38,49.380001068115234,2.163052315040659e-08,714200.0,714200.0,0.0
2008-10-28,51.34,51.34000015258789,2.972105228593591e-09,52.28,52.279998779296875,2.3349332911593024e-08,48.52,48.52000045776367,9.434535597208082e-09,52.08,52.08000183105469,3.515850011126531e-08,1253500.0,1253500.0,0.0
2008-10-29,52.07,52.06999969482422,5.860875340601979e-09,54.97,54.970001220703125,2.220671513342154e-08,51.15,51.150001525878906,2.9831454639861477e-08,53.28,53.279998779296875,2.2911094688105038e-08,1091300.0,1091300.0,0.0
2008-10-30,54.96,54.959999084472656,1.665806670381187e-08,57.06,57.060001373291016,2.4067490667079028e-08,53.53,53.529998779296875,2.2804093502415412e-08,56.82,56.81999969482422,5.370921929426231e-09,879400.0,879400.0,0.0
2008-10-31,56.41,56.40999984741211,2.7049793516198406e-09,58.9,58.900001525878906,2.5906263356745285e-08,55.46,55.459999084472656,1.65078857250478e-08,58.43,58.43000030517578,5.222929644332908e-09,957900.0,957900.0,0.0
2008-11-03,58.5,58.5,0.0,58.97,58.970001220703125,2.0700409164575717e-08,57.17,57.16999816894531,3.202824361281387e-08,57.91,57.90999984741211,2.6349142867587716e-09,754400.0,754400.0,0.0
2008-11-04,58.54,58.540000915527344,1.563934648451948e-08,59.41,59.40999984741211,2.568387280632578e-09,56.61,56.61000061035156,1.0781691539563099e-08,57.95,57.95000076293945,1.3165478041088363e-08,876200.0,876200.0,0.0
2008-11-05,57.82,57.81999969482422,5.278031456334986e-09,58.31,58.310001373291016,2.3551552263967324e-08,56.13,56.130001068115234,1.9029311015827943e-08,56.2,56.20000076293945,1.357543499835856e-08,583400.0,583400.0,0.0
2008-11-06,55.84,55.84000015258789,2.732591042331478e-09,56.71,56.709999084472656,1.614401945460031e-08,54.53,54.529998779296875,2.2385900022570127e-08,54.6,54.599998474121094,2.794650011406219e-08,872100.0,872100.0,0.0
2008-11-07,54.95,54.95000076293945,1.3884248417639355e-08,55.95,55.95000076293945,1.3636093809665795e-08,54.11,54.11000061035156,1.1279829292831778e-08,55.95,55.95000076293945,1.3636093809665795e-08,809500.0,809500.0,0.0
2008-11-10,57.17,57.16999816894531,3.202824361281387e-08,57.69,57.689998626708984,2.3804663129567416e-08,55.07,55.06999969482422,5.541597625224881e-09,56.06,56.060001373291016,2.4496807249363428e-08,947600.0,947600.0,0.0
2008-11-11,55.48,55.47999954223633,8.250967353795602e-09,57.56,57.560001373291016,2.38584261236241e-08,55.23,55.22999954223633,8.2883155894109e-09,56.61,56.61000061035156,1.0781691539563099e-08,677200.0,677200.0,0.0
2008-11-12,55.78,55.779998779296875,2.188424397253641e-08,56.96,56.959999084472656,1.6073162689700382e-08,54.81,54.810001373291016,2.5055482799629658e-08,54.99,54.9900016784668,3.052312780305044e-08,968700.0,968700.0,0.0
2008-11-13,55.0,55.0,0.0,58.75,58.75,0.0,52.74,52.7400016784668,3.1825309054767104e-08,58.72,58.720001220703125,2.078854088871651e-08,1400200.0,1400200.0,0.0
2008-11-14,57.63,57.630001068115234,1.8534014101234675e-08,60.0,60.0,0.0,56.96,56.959999084472656,1.6073162689700382e-08,58.01,58.0099983215332,2.8934094009613887e-08,1331800.0,1331800.0,0.0
2008-11-17,57.45,57.45000076293945,1.3280060162657037e-08,59.95,59.95000076293945,1.2726262710316405e-08,57.34,57.34000015258789,2.661107112444938e-09,58.87,58.869998931884766,1.814362549090731e-08,1475100.0,1475100.0,0.0
2008-11-18,60.5,60.5,0.0,61.87,61.869998931884766,1.7263863449912265e-08,60.36,60.36000061035156,1.0111854908956275e-08,61.13,61.130001068115234,1.747284850139863e-08,17403000.0,17403000.0,0.0
2008-11-19,61.13,61.130001068115234,1.747284850139863e-08,61.85,61.849998474121094,2.467063719979734e-08,59.22,59.220001220703125,2.0613021289861422e-08,59.24,59.2400016784668,2.833333545559924e-08,2720600.0,2720600.0,0.0
2008-11-20,59.05,59.04999923706055,1.2920227776547222e-08,59.05,59.04999923706055,1.2920227776547222e-08,54.65,54.650001525878906,2.792093156678277e-08,54.99,54.9900016784668,3.052312780305044e-08,2803600.0,2803600.0,0.0
2008-11-21,55.18,55.18000030517578,5.530550684085256e-09,56.67,56.66999816894531,3.231082912336092e-08,52.85,52.849998474121094,2.8871880886072177e-08,55.19,55.189998626708984,2.488296813041302e-08,2989600.0,2989600.0,0.0
2008-11-24,55.58,55.58000183105469,3.2944488914665726e-08,56.61,56.61000061035156,1.0781691539563099e-08,54.43,54.43000030517578,5.606757058629341e-09,56.15,56.150001525878906,2.7175047323524382e-08,2438000.0,2438000.0,0.0
2008-11-25,57.61,57.61000061035156,1.059454191043585e-08,58.7,58.70000076293945,1.2997264819958332e-08,55.61,55.61000061035156,1.0975572006799439e-08,57.3,57.29999923706055,1.3314824576227124e-08,4032000.0,4032000.0,0.0
2008-11-26,56.93,56.93000030517578,5.36054423072585e-09,57.05,57.04999923706055,1.3373171792174787e-08,54.11,54.11000061035156,1.1279829292831778e-08,55.51,55.5099983215332,3.023719685746329e-08,1476400.0,1476400.0,0.0
2008-11-28,56.3,56.29999923706055,1.3551322397553633e-08,57.99,57.9900016784668,2.8944073138248427e-08,55.52,55.52000045776367,8.245022886654851e-09,57.3,57.29999923706055,1.3314824576227124e-08,393100.0,393100.0,0.0
2008-12-01,56.14,56.13999938964844,1.0871955113955778e-08,57.15,57.150001525878906,2.669954346501413e-08,51.17,51.16999816894531,3.578375395996147e-08,51.17,51.16999816894531,3.578375395996147e-08,1359500.0,1359500.0,0.0
2008-12-02,52.67,52.66999816894531,3.476466092777741e-08,53.61,53.61000061035156,1.1385032028243813e-08,51.59,51.59000015258789,2.957702749384339e-09,53.22,53.220001220703125,2.2936924581884455e-08,1473100.0,1473100.0,0.0
2008-12-03,52.03,52.029998779296875,2.3461524611967377e-08,54.26,54.2599983215332,3.0933777983577215e-08,52.03,52.029998779296875,2.3461524611967377e-08,53.19,53.189998626708984,2.5818593929471945e-08,872800.0,872800.0,0.0
2008-12-04,52.33,52.33000183105469,3.499053491395898e-08,53.64,53.63999938964844,1.1378664455108378e-08,50.77,50.77000045776367,9.016420499108335e-09,51.22,51.220001220703125,2.383254837923232e-08,1016000.0,1016000.0,0.0
2008-12-05,51.0,51.0,0.0,53.48,53.47999954223633,8.559530084717437e-09,50.07,50.06999969482422,6.094982629711865e-09,53.23,53.22999954223633,8.599730816349904e-09,1205600.0,1205600.0,0.0
2008-12-08,53.43,53.43000030517578,5.711693562560072e-09,55.32,55.31999969482422,5.516554213436109e-09,53.07,53.06999969482422,5.750438680784953e-09,54.14,54.13999938964844,1.1273578959247743e-08,942200.0,942200.0,0.0
2008-12-09,53.44,53.439998626708984,2.5697810879243832e-08,54.51,54.5099983215332,3.079190602495174e-08,52.22,52.220001220703125,2.337616100689388e-08,52.61,52.61000061035156,1.1601436256114539e-08,825900.0,825900.0,0.0
2008-12-10,52.64,52.63999938964844,1.1594824544935989e-08,54.17,54.16999816894531,3.380200641611708e-08,52.64,52.63999938964844,1.1594824544935989e-08,53.28,53.279998779296875,2.2911094688105038e-08,626200.0,626200.0,0.0
2008-12-11,53.23,53.22999954223633,8.599730816349904e-09,54.5,54.5,0.0,51.84,51.84000015258789,2.9434392700977696e-09,52.13,52.130001068115234,2.0489453911309852e-08,868800.0,868800.0,0.0
2008-12-12,52.87,52.869998931884766,2.0202671313640508e-08,53.23,53.22999954223633,8.599730816349904e-09,50.91,50.90999984741211,2.997208592425693e-09,52.8,52.79999923706055,1.4449610841182903e-08,712600.0,712600.0,0.0
2008-12-15,52.87,52.869998931884766,2.0202671313640508e-08,53.31,53.310001373291016,2.5760476640712682e-08,51.52,51.52000045776367,8.885164382022026e-09,52.2,52.20000076293945,1.4615698207265382e-08,623500.0,623500.0,0.0
2008-12-16,53.0,53.0,0.0,54.83,54.83000183105469,3.3395124665602793e-08,51.59,51.59000015258789,2.957702749384339e-09,54.79,54.790000915527344,1.6709752692634083e-08,1266500.0,1266500.0,0.0
2008-12-17,53.3,53.29999923706055,1.4314060936548856e-08,55.23,55.22999954223633,8.2883155894109e-09,53.3,53.29999923706055,1.4314060936548856e-08,54.49,54.4900016784668,3.080320776227552e-08,1116600.0,1116600.0,0.0
2008-12-18,55.17,55.16999816894531,3.318931829365823e-08,55.57,55.56999969482422,5.491736176921336e-09,53.64,53.63999938964844,1.1378664455108378e-08,54.35,54.349998474121094,2.807504895230295e-08,800600.0,800600.0,0.0
2008-12-19,54.58,54.90999984741211,0.006046167962845628,55.31,55.310001373291016,2.4828982425617596e-08,52.54,52.540000915527344,1.7425339615684265e-08,52.87,52.869998931884766,2.0202671313640508e-08,1296600.0,1296600.0,0.0
2008-12-22,52.75,52.75,0.0,53.35,53.349998474121094,2.8601291668373108e-08,50.86,50.86000061035156,1.2000620497332193e-08,51.42,51.41999816894531,3.560977612782068e-08,1210100.0,1210100.0,0.0
2008-12-23,51.922,51.91999816894531,3.855458292600922e-05,52.1,52.099998474121094,2.9287502978370128e-08,50.62,50.619998931884766,2.110065644433945e-08,50.99,50.9900016784668,3.291756800472001e-08,597800.0,597800.0,0.0
2008-12-24,51.31,51.310001373291016,2.6764588101357845e-08,51.7,51.70000076293945,1.4757049360270003e-08,50.89,50.88999938964844,1.1993546156219281e-08,51.59,51.59000015258789,2.957702749384339e-09,233900.0,233900.0,0.0
2008-12-26,52.2,52.20000076293945,1.4615698207265382e-08,52.21,52.209999084472656,1.7535478735730692e-08,50.81,50.810001373291016,2.702796719766809e-08,51.16,51.15999984741211,2.982562308240233e-09,182800.0,182800.0,0.0
2008-12-29,51.19,51.189998626708984,2.682732980208158e-08,51.43,51.43000030517578,5.933808777669469e-09,50.5,50.5,0.0,51.01,51.0099983215332,3.2904661773081045e-08,493900.0,493900.0,0.0
2008-12-30,51.13,51.130001068115234,2.0890186469557648e-08,51.91,51.90999984741211,2.9394700007401298e-09,50.63,50.630001068115234,2.109648877812731e-08,51.58,51.58000183105469,3.549931548718632e-08,859600.0,859600.0,0.0
2008-12-31,51.77,51.77000045776367,8.842257370744733e-09,52.82,52.81999969482422,5.7776557982336385e-09,51.45,51.45000076293945,1.4828755112716863e-08,52.08,52.08000183105469,3.515850011126531e-08,623100.0,623100.0,0.0
2009-01-02,52.02,52.02000045776367,8.79976291834339e-09,52.86,52.86000061035156,1.1546567701969934e-08,51.22,51.220001220703125,2.383254837923232e-08,52.66,52.65999984741211,2.897605155816052e-09,691600.0,691600.0,0.0
2009-01-05,52.66,52.65999984741211,2.897605155816052e-09,53.1125,53.11000061035156,4.705840712515563e-05,51.81,51.810001373291016,2.6506292494232753e-08,52.46,52.459999084472656,1.745191280377867e-08,751200.0,751200.0,0.0
2009-01-06,52.78,52.779998779296875,2.312813807137104e-08,53.34,53.34000015258789,2.8606652602292115e-09,50.81,50.810001373291016,2.702796719766809e-08,51.24,51.2400016784668,3.2756963141977735e-08,898600.0,898600.0,0.0
2009-01-07,50.51,50.5099983215332,3.323038599845063e-08,51.15,51.150001525878906,2.9831454639861477e-08,50.25,50.25,0.0,51.1,51.099998474121094,2.9860643957491106e-08,907600.0,907600.0,0.0
2009-01-08,51.14,51.13999938964844,1.1934915167266524e-08,51.79,51.790000915527344,1.7677685759664996e-08,50.97,50.970001220703125,2.3949443317405894e-08,51.59,51.59000015258789,2.957702749384339e-09,764500.0,764500.0,0.0
2009-01-09,51.45,51.45000076293945,1.4828755112716863e-08,51.57,51.56999969482422,5.917699885671368e-09,50.12,50.119998931884766,2.1311157838432848e-08,50.3,50.29999923706055,1.5167782363434412e-08,839600.0,839600.0,0.0
2009-01-12,50.77,50.77000045776367,9.016420499108335e-09,51.07,51.06999969482422,5.975636985233734e-09,48.55,48.54999923706055,1.571450980453193e-08,48.75,48.75,0.0,1481700.0,1481700.0,0.0
2009-01-13,48.76,48.7599983215332,3.4423026984420346e-08,49.05,49.04999923706055,1.5554321053379283e-08,47.9,47.900001525878906,3.185550956352756e-08,48.23,48.22999954223633,9.491264107985842e-09,1291400.0,1291400.0,0.0
2009-01-14,47.5,47.5,0.0,47.6232,47.619998931884766,6.721656913499796e-05,45.43,45.43000030517578,6.717494560604109e-09,45.82,45.81999969482422,6.660318185858216e-09,2127500.0,2127500.0,0.0
2009-01-15,46.13,46.130001068115234,2.315445990497267e-08,48.82,48.81999969482422,6.251040129967578e-09,45.18,45.18000030517578,6.754665271557769e-09,48.45,48.45000076293945,1.5746944193040235e-08,1918200.0,1918200.0,0.0
2009-01-16,49.14,49.13999938964844,1.2420666717360973e-08,50.85,50.849998474121094,3.000745152359485e-08,49.04,49.040000915527344,1.8668991463854923e-08,50.69,50.689998626708984,2.7091951348978682e-08,1445300.0,1445300.0,0.0
2009-01-20,50.7,50.70000076293945,1.5048115420412955e-08,51.07,51.06999969482422,5.975636985233734e-09,48.4,48.400001525878906,3.1526423693861716e-08,48.58,48.58000183105469,3.769153322785712e-08,1095000.0,1095000.0,0.0
2009-01-21,49.44,49.439998626708984,2.777692176270108e-08,49.72,49.720001220703125,2.455155123648467e-08,47.7,47.70000076293945,1.599453769429715e-08,49.09,49.09000015258789,3.108329371670493e-09,1305600.0,1305600.0,0.0
2009-01-22,48.32,48.31999969482422,6.315723943828289e-09,48.9,48.900001525878906,3.120406755208194e-08,47.65,47.650001525878906,3.202264231561003e-08,48.67,48.66999816894531,3.762183453659418e-08,1353200.0,1353200.0,0.0
2009-01-23,47.73,47.72999954223633,9.59069068606766e-09,49.3,49.29999923706055,1.547544525859479e-08,47.73,47.72999954223633,9.59069068606766e-09,48.65,48.650001525878906,3.136441750761776e-08,946900.0,946900.0,0.0
2009-01-26,48.5,48.5,0.0,49.83,49.83000183105469,3.6746030218637316e-08,48.35,48.349998474121094,3.155902605911365e-08,49.06,49.060001373291016,2.799207110548707e-08,668000.0,668000.0,0.0
2009-01-27,49.48,49.47999954223633,9.25148890829064e-09,50.07,50.06999969482422,6.094982629711865e-09,48.93,48.93000030517578,6.2369871489664774e-09,49.46,49.459999084472656,1.8510459831588832e-08,676300.0,676300.0,0.0
2009-01-28,50.03,50.029998779296875,2.4399422815513105e-08,50.23,50.22999954223633,9.113351961964611e-09,49.42,49.41999816894531,3.7050884027500786e-08,49.99,49.9900016784668,3.357605105058781e-08,708600.0,708600.0,0.0
2009-01-29,49.47,49.470001220703125,2.4675624210601654e-08,50.15,50.150001525878906,3.042629925786855e-08,48.96,48.959999084472656,1.8699496395768733e-08,49.64,49.63999938964844,1.2295559237429643e-08,771100.0,771100.0,0.0
2009-01-30,49.65,49.650001525878906,3.073270704589959e-08,50.23,50.22999954223633,9.113351961964611e-09,48.5456,48.54999923706055,9.062071661580795e-05,48.92,48.91999816894531,3.742957255248314e-08,738700.0,738700.0,0.0
2009-02-02,48.58,48.58000183105469,3.769153322785712e-08,48.77,48.77000045776367,9.386173172032386e-09,47.79,47.790000915527344,1.9157299524508176e-08,48.62,48.619998931884766,2.1968639130065526e-08,728500.0,728500.0,0.0
2009-02-03,48.83,48.29999923706055,0.010853998831444889,49.79,49.790000915527344,1.838777552443105e-08,48.18,48.18000030517578,6.3340759304253424e-09,49.67,49.66999816894531,3.6864398866853776e-08,763300.0,763300.0,0.0
2009-02-04,49.89,49.88999938964844,1.2233945967388138e-08,51.45,51.45000076293945,1.4828755112716863e-08,49.53,49.529998779296875,2.4645732454864344e-08,49.73,49.72999954223633,9.20498022249916e-09,774400.0,774400.0,0.0
2009-02-05,49.01,48.959999084472656,0.0010202186396111035,51.15,51.150001525878906,2.9831454639861477e-08,48.65,48.650001525878906,3.136441750761776e-08,50.9,50.900001525878906,2.997797454717954e-08,948500.0,948500.0,0.0
2009-02-06,51.06,51.060001373291016,2.6895632831980265e-08,51.13,51.130001068115234,2.0890186469557648e-08,47.76,47.7599983215332,3.514377711066885e-08,47.98,47.97999954223633,9.540718437506257e-09,2179400.0,2179400.0,0.0
2009-02-09,48.43,48.43000030517578,6.301378974171712e-09,48.43,48.43000030517578,6.301378974171712e-09,47.25,47.25,0.0,48.38,48.380001068115234,2.207761951034115e-08,1193700.0,1193700.0,0.0
2009-02-10,47.88,47.880001068115234,2.230817108817007e-08,48.46,48.459999084472656,1.8892433839567957e-08,46.66,46.65999984741211,3.270207660222013e-09,46.83,46.83000183105469,3.9100036097750035e-08,964000.0,964000.0,0.0
2009-02-11,46.7,46.70000076293945,1.633703328174363e-08,47.31,47.310001373291016,2.902749973721086e-08,45.79,45.790000915527344,1.999404553032491e-08,46.06,46.060001373291016,2.981526292522574e-08,1151900.0,1151900.0,0.0
2009-02-12,45.51,45.560001373291016,0.0010986898108331644,46.96,46.959999084472656,1.9495897451982103e-08,44.36,44.36000061035156,1.375905234191066e-08,46.82,46.81999969482422,6.5180645325568776e-09,1634700.0,1634700.0,0.0
2009-02-13,46.65,46.650001525878906,3.2709086994486825e-08,47.46,47.459999084472656,1.9290504527091912e-08,46.35,46.349998474121094,3.2920796311231015e-08,46.87,46.869998931884766,2.2788889109115473e-08,771800.0,771800.0,0.0
2009-02-17,44.97,44.970001220703125,2.7144832603909208e-08,46.87,46.869998931884766,2.2788889109115473e-08,44.59,44.59000015258789,3.4220204447876768e-09,46.19,46.189998626708984,2.9731349049377798e-08,1423400.0,1423400.0,0.0
2009-02-18,46.45,46.45000076293945,1.6424961168937102e-08,47.34,47.34000015258789,3.223233679960913e-09,46.01,46.0099983215332,3.648047808280097e-08,46.88,46.880001068115234,2.2784027997602152e-08,1148500.0,1148500.0,0.0
2009-02-19,46.95,46.95000076293945,1.625004153460452e-08,47.7395,47.7400016784668,1.050866613172552e-05,46.39,46.38999938964844,1.315696407377942e-08,47.13,47.130001068115234,2.2663170673453692e-08,1559100.0,1559100.0,0.0
2009-02-20,46.93,46.93000030517578,6.502786753515011e-09,48.79,48.790000915527344,1.8764651388281095e-08,46.5,46.5,0.0,48.35,48.349998474121094,3.155902605911365e-08,1476600.0,1476600.0,0.0
2009-02-23,48.56,48.560001373291016,2.8280292774240934e-08,48.76,48.7599983215332,3.4423026984420346e-08,46.46,46.459999084472656,1.970571128495635e-08,46.56,46.560001373291016,2.9495081932395806e-08,1549500.0,1549500.0,0.0
2009-02-24,46.7,46.70000076293945,1.633703328174363e-08,47.55,47.54999923706055,1.6044993667030383e-08,45.96,45.959999084472656,1.9920090132963253e-08,47.36,47.36000061035156,1.2887490852264705e-08,1260600.0,1260600.0,0.0
2009-02-25,46.99,46.9900016784668,3.571965945248223e-08,48.74,48.7400016784668,3.443715224094035e-08,46.56,46.560001373291016,2.9495081932395806e-08,48.04,48.040000915527344,1.9057605049610515e-08,1688200.0,1688200.0,0.0
2009-02-26,48.2,48.20000076293945,1.582861930415902e-08,48.5,48.5,0.0,47.42,47.41999816894531,3.861355313272696e-08,47.57,47.56999969482422,6.415299180773104e-09,1218600.0,1218600.0,0.0
2009-02-27,47.65,47.650001525878906,3.202264231561003e-08,48.4,48.400001525878906,3.1526423693861716e-08,47.1,47.099998474121094,3.23965797521808e-08,47.98,47.97999954223633,9.540718437506257e-09,1485500.0,1485500.0,0.0
2009-03-02,47.28,47.279998779296875,2.5818594040494247e-08,47.61,47.61000061035156,1.2819818540066308e-08,46.51,46.5099983215332,3.60882991268241e-08,47.24,47.2400016784668,3.553062644101601e-08,1764800.0,1764800.0,0.0
2009-03-03,47.72,47.720001220703125,2.558053502355051e-08,48.34,48.34000015258789,3.1565554614587654e-09,47.31,47.310001373291016,2.902749973721086e-08,47.64,47.63999938964844,1.2811745664365048e-08,1599200.0,1599200.0,0.0
2009-03-04,48.0,48.0,0.0,49.69,49.689998626708984,2.763717077414185e-08,47.647,47.650001525878906,6.299506535367705e-05,49.18,49.18000030517578,6.205282288007652e-09,1485300.0,1485300.0,0.0
2009-03-05,48.13,48.130001068115234,2.2192296444956128e-08,48.97,48.970001220703125,2.4927570452248915e-08,47.05,47.04999923706055,1.621550371755376e-08,47.68,47.68000030517578,6.400498797631826e-09,1354100.0,1354100.0,0.0
2009-03-06,48.06,48.060001373291016,2.8574511201640007e-08,49.15,49.150001525878906,3.1045349180303106e-08,46.84,46.84000015258789,3.257640601717071e-09,47.74,47.7400016784668,3.515850011126531e-08,1017500.0,1017500.0,0.0
2009-03-09,47.76,47.7599983215332,3.514377711066885e-08,48.02,48.02000045776367,9.53277101700678e-09,46.32,46.31999969482422,6.588423584474867e-09,46.57,46.56999969482422,6.553055209579384e-09,1038200.0,1038200.0,0.0
2009-03-10,47.19,47.189998626708984,2.910131413624839e-08,47.86,47.86000061035156,1.2752853439934597e-08,46.6,46.599998474121094,3.274418258758516e-08,47.74,47.7400016784668,3.515850011126531e-08,986300.0,986300.0,0.0
2009-03-11,47.96,47.959999084472656,1.908939417649691e-08,48.7,48.70000076293945,1.5666107744394253e-08,47.13,47.130001068115234,2.2663170673453692e-08,48.38,48.380001068115234,2.207761951034115e-08,938400.0,938400.0,0.0
2009-03-12,48.49,48.4900016784668,3.461469977317222e-08,50.71,50.709999084472656,1.8054177597370824e-08,48.14,48.13999938964844,1.2678678107391761e-08,50.58,50.58000183105469,3.62011602916823e-08,982900.0,982900.0,0.0
2009-03-13,50.71,50.709999084472656,1.8054177597370824e-08,50.78,50.779998779296875,2.4039053303503977e-08,48.13,48.130001068115234,2.2192296444956128e-08,48.42,48.41999816894531,3.781608193254016e-08,1843300.0,1843300.0,0.0
2009-03-16,48.7,48.70000076293945,1.5666107744394253e-08,49.0,49.0,0.0,47.321,47.31999969482422,2.113871591424843e-05,47.55,47.54999923706055,1.6044993667030383e-08,994000.0,994000.0,0.0
2009-03-17,47.52,47.52000045776367,9.633073894121935e-09,48.65,48.650001525878906,3.136441750761776e-08,47.32,47.31999969482422,6.449192291313466e-09,48.56,48.560001373291016,2.8280292774240934e-08,1138600.0,1138600.0,0.0
2009-03-18,48.4,48.400001525878906,3.1526423693861716e-08,48.65,48.650001525878906,3.136441750761776e-08,47.06,47.060001373291016,2.9181704386260776e-08,48.27,48.27000045776367,9.48339895501249e-09,1138000.0,1138000.0,0.0
2009-03-19,48.72,48.720001220703125,2.5055482799629658e-08,48.97,48.970001220703125,2.4927570452248915e-08,47.65,47.650001525878906,3.202264231561003e-08,48.11,48.11000061035156,1.2686584227594722e-08,899800.0,899800.0,0.0
2009-03-20,47.55,47.54999923706055,1.6044993667030383e-08,49.17,49.16999816894531,3.723926556009616e-08,47.14,47.13999938964844,1.2947636074400748e-08,47.16,47.15999984741211,3.2355361723190867e-09,1405600.0,1405600.0,0.0
2009-03-23,47.71,47.709999084472656,1.9189422384435773e-08,48.09,48.09000015258789,3.172965001851935e-09,47.15,47.150001525878906,3.2362224899884495e-08,48.04,48.040000915527344,1.9057605049610515e-08,1549500.0,1549500.0,0.0
2009-03-24,47.76,47.7599983215332,3.514377711066885e-08,48.14,48.13999938964844,1.2678678107391761e-08,46.96,46.959999084472656,1.9495897451982103e-08,47.3,47.29999923706055,1.6129798052766375e-08,1232700.0,1232700.0,0.0
2009-03-25,47.33,47.33000183105469,3.8686978509616665e-08,48.61,48.61000061035156,1.2556090611681725e-08,46.0,46.0,0.0,47.0,47.0,0.0,1513500.0,1513500.0,0.0
2009-03-26,47.61,47.61000061035156,1.2819818540066308e-08,49.01,49.0099983215332,3.4247435110046354e-08,47.5,47.5,0.0,49.01,49.0099983215332,3.4247435110046354e-08,1362900.0,1362900.0,0.0
2009-03-27,48.93,48.93000030517578,6.2369871489664774e-09,48.93,48.93000030517578,6.2369871489664774e-09,47.84,47.84000015258789,3.189546182724712e-09,47.91,47.90999984741211,3.1848860215788477e-09,626700.0,626700.0,0.0
2009-03-30,47.045,47.33000183105469,0.006058068467524436,47.51,47.5099983215332,3.532870540556843e-08,46.58,46.58000183105469,3.930989023182008e-08,47.14,47.13999938964844,1.2947636074400748e-08,671300.0,671300.0,0.0
2009-03-31,47.66,47.65999984741211,3.2015922135641972e-09,48.33,48.33000183105469,3.7886503045925224e-08,47.14,47.13999938964844,1.2947636074400748e-08,47.73,47.72999954223633,9.59069068606766e-09,799200.0,799200.0,0.0
2009-04-01,47.33,47.33000183105469,3.8686978509616665e-08,49.25,49.25,0.0,47.33,47.33000183105469,3.8686978509616665e-08,48.96,48.959999084472656,1.8699496395768733e-08,774700.0,774700.0,0.0
2009-04-02,49.6,49.599998474121094,3.076368770837945e-08,50.99,50.9900016784668,3.291756800472001e-08,49.01,49.0099983215332,3.4247435110046354e-08,50.41,50.40999984741211,3.026936812311476e-09,1126900.0,1126900.0,0.0
2009-04-03,49.56,49.560001373291016,2.7709665229025404e-08,51.18,51.18000030517578,5.962793592217963e-09,49.56,49.560001373291016,2.7709665229025404e-08,51.15,51.150001525878906,2.9831454639861477e-08,852600.0,852600.0,0.0
2009-04-06,50.84,50.84000015258789,3.0013354024305272e-09,52.25,52.25,0.0,50.43,50.43000030517578,6.0514728783545024e-09,52.05,52.04999923706055,1.4657818403485123e-08,1073400.0,1073400.0,0.0
2009-04-07,51.5,51.5,0.0,51.8,51.79999923706055,1.4728560815413516e-08,50.82,50.81999969482422,6.005033137412852e-09,51.27,51.27000045776367,8.928489725334998e-09,662500.0,662500.0,0.0
2009-04-08,51.7,51.70000076293945,1.4757049360270003e-08,52.02,52.02000045776367,8.79976291834339e-09,51.05,51.04999923706055,1.49449451702921e-08,51.8,51.79999923706055,1.4728560815413516e-08,459600.0,459600.0,0.0
2009-04-09,52.36,52.36000061035156,1.1656828835526767e-08,52.36,52.36000061035156,1.1656828835526767e-08,49.54,49.540000915527344,1.8480568186873825e-08,49.7,49.70000076293945,1.5350894333465703e-08,1227100.0,1227100.0,0.0
2009-04-13,49.7,49.70000076293945,1.5350894333465703e-08,50.06,50.060001373291016,2.7432900839841068e-08,48.79,48.790000915527344,1.8764651388281095e-08,49.58,49.58000183105469,3.693131689352924e-08,732800.0,732800.0,0.0
2009-04-14,49.48,49.47999954223633,9.25148890829064e-09,50.85,50.849998474121094,3.000745152359485e-08,49.18,49.18000030517578,6.205282288007652e-09,50.59,50.59000015258789,3.0161668718164947e-09,1210900.0,1210900.0,0.0
2009-04-15,50.74,50.7400016784668,3.307975560140619e-08,51.53,51.529998779296875,2.368917384476532e-08,50.49,50.4900016784668,3.324354902467519e-08,51.32,51.31999969482422,5.94652727059497e-09,894200.0,894200.0,0.0
2009-04-16,51.52,51.52000045776367,8.885164382022026e-09,51.52,51.52000045776367,8.885164382022026e-09,50.45,50.45000076293945,1.5122684882129533e-08,51.03,51.029998779296875,2.392128406469851e-08,948000.0,948000.0,0.0
2009-04-17,51.09,51.09000015258789,2.986648706126971e-09,51.33,51.33000183105469,3.567221296130185e-08,50.59,50.59000015258789,3.0161668718164947e-09,50.89,50.88999938964844,1.1993546156219281e-08,695400.0,695400.0,0.0
2009-04-20,50.13,50.130001068115234,2.1306906683449256e-08,50.66,50.65999984741211,3.0119993166266568e-09,49.87,49.869998931884766,2.1417991380445756e-08,50.19,50.189998626708984,2.7361845233997428e-08,534500.0,534500.0,0.0
2009-04-21,50.26,50.2599983215332,3.3395678333825174e-08,51.1,51.099998474121094,2.9860643957491106e-08,50.26,50.2599983215332,3.3395678333825174e-08,50.89,50.88999938964844,1.1993546156219281e-08,539200.0,539200.0,0.0
2009-04-22,50.75,50.75,0.0,50.96,50.959999084472656,1.7965607224113e-08,49.37,49.369998931884766,2.1634904423528667e-08,49.49,49.4900016784668,3.3915271702156247e-08,822800.0,822800.0,0.0
2009-04-23,49.1,49.099998474121094,3.107696344706312e-08,49.44,49.439998626708984,2.777692176270108e-08,47.27,47.27000045776367,9.684020918498959e-09,48.03,48.029998779296875,2.5415430537911732e-08,1223200.0,1223200.0,0.0
2009-04-24,48.14,48.13999938964844,1.2678678107391761e-08,48.8,48.79999923706055,1.5634005090525704e-08,47.82,47.81999969482422,6.3817603423999e-09,48.4,48.400001525878906,3.1526423693861716e-08,1110800.0,1110800.0,0.0
2009-04-27,48.0,48.0,0.0,49.43,49.43000030517578,6.173898059458338e-09,47.81,47.810001373291016,2.8723928346963135e-08,48.84,48.84000015258789,3.124240199881001e-09,753600.0,753600.0,0.0
2009-04-28,48.37,48.369998931884766,2.208218385923999e-08,50.21,50.209999084472656,1.8233964227398758e-08,48.35,48.349998474121094,3.155902605911365e-08,49.51,49.5099983215332,3.390157132798777e-08,831500.0,831500.0,0.0
2009-04-29,49.6,49.599998474121094,3.076368770837945e-08,50.87,50.869998931884766,2.099695761703657e-08,46.4,46.400001525878906,3.288532135492517e-08,46.74,46.7400016784668,3.59107144021209e-08,2446100.0,2446100.0,0.0
2009-04-30,47.19,47.189998626708984,2.910131413624839e-08,47.78,47.779998779296875,2.554841205260061e-08,46.51,46.5099983215332,3.60882991268241e-08,47.08,47.08000183105469,3.8892410625379625e-08,1873900.0,1873900.0,0.0
2009-05-01,47.06,47.060001373291016,2.9181704386260776e-08,48.08,48.08000183105469,3.808350013123629e-08,46.71,46.709999084472656,1.9600242873174523e-08,47.78,47.779998779296875,2.554841205260061e-08,961600.0,961600.0,0.0
2009-05-04,48.27,48.27000045776367,9.48339895501249e-09,48.27,48.27000045776367,9.48339895501249e-09,47.37,47.369998931884766,2.2548347744510977e-08,47.85,47.849998474121094,3.1888796381274176e-08,1190400.0,1190400.0,0.0
2009-05-05,47.7,47.70000076293945,1.599453769429715e-08,47.8,47.79999923706055,1.5961076349491066e-08,47.17,47.16999816894531,3.88182040955698e-08,47.42,47.41999816894531,3.861355313272696e-08,949100.0,949100.0,0.0
2009-05-06,47.8,47.79999923706055,1.5961076349491066e-08,47.89,47.88999938964844,1.2744864497094e-08,46.62,46.619998931884766,2.2911094688105038e-08,47.1,47.099998474121094,3.23965797521808e-08,1443600.0,1443600.0,0.0
2009-05-07,47.5,47.5,0.0,47.85,47.849998474121094,3.1888796381274176e-08,45.96,45.959999084472656,1.9920090132963253e-08,46.11,46.11000061035156,1.3236858942278218e-08,1247800.0,1247800.0,0.0
2009-05-08,46.24,46.2400016784668,3.629902245450012e-08,47.48,47.47999954223633,9.641189291365038e-09,45.96,45.959999084472656,1.9920090132963253e-08,46.76,46.7599983215332,3.589535491066442e-08,1138200.0,1138200.0,0.0
2009-05-11,47.3,47.29999923706055,1.6129798052766375e-08,49.91,49.90999984741211,3.0572607778722727e-09,47.18,47.18000030517578,6.4683294276335346e-09,49.34,49.34000015258789,3.0925797478431605e-09,1536200.0,1536200.0,0.0
2009-05-12,50.14,50.13999938964844,1.2172946983746158e-08,50.14,50.13999938964844,1.2172946983746158e-08,48.06,48.060001373291016,2.8574511201640007e-08,48.43,48.43000030517578,6.301378974171712e-09,626300.0,626300.0,0.0
2009-05-13,48.23,48.22999954223633,9.491264107985842e-09,48.9,48.900001525878906,3.120406755208194e-08,48.03,48.029998779296875,2.5415430537911732e-08,48.13,48.130001068115234,2.2192296444956128e-08,707400.0,707400.0,0.0
2009-05-14,48.24,48.2400016784668,3.479408783313431e-08,50.86,50.86000061035156,1.2000620497332193e-08,48.24,48.2400016784668,3.479408783313431e-08,50.06,50.060001373291016,2.7432900839841068e-08,1258000.0,1258000.0,0.0
2009-05-15,49.82,49.81999969482422,6.125567719728053e-09,52.32,52.31999969482422,5.832870408895019e-09,49.02,49.02000045776367,9.338304129968833e-09,52.09,52.09000015258789,2.929312570287834e-09,1674300.0,1674300.0,0.0
2009-05-18,52.25,52.25,0.0,52.63,52.630001068115234,2.0294798286357718e-08,51.13,51.130001068115234,2.0890186469557648e-08,52.54,52.540000915527344,1.7425339615684265e-08,1032800.0,1032800.0,0.0
2009-05-19,52.12,52.119998931884766,2.0493385100017747e-08,52.64,52.63999938964844,1.1594824544935989e-08,51.8,51.79999923706055,1.4728560815413516e-08,51.94,51.939998626708984,2.6439950229217857e-08,916100.0,916100.0,0.0
2009-05-20,51.85,51.849998474121094,2.9428715686563578e-08,52.15,52.150001525878906,2.92594228845644e-08,51.35,51.349998474121094,2.971526602557617e-08,51.45,51.45000076293945,1.4828755112716863e-08,733300.0,733300.0,0.0
2009-05-21,51.17,51.16999816894531,3.578375395996147e-08,51.45,51.45000076293945,1.4828755112716863e-08,49.88,49.880001068115234,2.1413697481875715e-08,50.28,50.279998779296875,2.4278105081876333e-08,750400.0,750400.0,0.0
2009-05-22,50.68,50.68000030517578,6.021621645757591e-09,51.13,51.130001068115234,2.0890186469557648e-08,49.94,49.939998626708984,2.7498818888638255e-08,50.17,50.16999816894531,3.649700397456712e-08,553700.0,553700.0,0.0
2009-05-26,49.66,49.65999984741211,3.0726517996626512e-09,51.54,51.540000915527344,1.7763433168838105e-08,49.37,49.369998931884766,2.1634904423528667e-08,51.13,51.130001068115234,2.0890186469557648e-08,798900.0,798900.0,0.0
2009-05-27,51.17,51.16999816894531,3.578375395996147e-08,51.33,51.33000183105469,3.567221296130185e-08,49.84,49.84000015258789,3.0615547874646154e-09,49.89,49.88999938964844,1.2233945967388138e-08,783900.0,783900.0,0.0
2009-05-28,49.89,49.88999938964844,1.2233945967388138e-08,49.96,49.959999084472656,1.8325207018499157e-08,48.59,48.59000015258789,3.1403146749653388e-09,49.76,49.7599983215332,3.3731245907553387e-08,981700.0,981700.0,0.0
2009-05-29,49.91,49.90999984741211,3.0572607778722727e-09,50.13,50.130001068115234,2.1306906683449256e-08,49.38,49.380001068115234,2.163052315040659e-08,49.98,49.97999954223633,9.158936942199603e-09,916800.0,916800.0,0.0
2009-06-01,50.26,50.2599983215332,3.3395678333825174e-08,51.09,51.09000015258789,2.986648706126971e-09,49.41,49.40999984741211,3.0881984747210822e-09,51.04,51.040000915527344,1.7937447971405618e-08,712700.0,712700.0,0.0
2009-06-02,50.68,50.68000030517578,6.021621645757591e-09,51.33,51.33000183105469,3.567221296130185e-08,50.28,50.279998779296875,2.4278105081876333e-08,50.59,50.59000015258789,3.0161668718164947e-09,1021800.0,1021800.0,0.0
2009-06-03,50.2,50.20000076293945,1.5197997083049586e-08,50.92,50.91999816894531,3.5959440092270256e-08,50.06,50.060001373291016,2.7432900839841068e-08,50.65,50.650001525878906,3.012594085305409e-08,632900.0,632900.0,0.0
2009-06-04,50.52,50.52000045776367,9.061038586111181e-09,50.82,50.81999969482422,6.005033137412852e-09,50.23,50.22999954223633,9.113351961964611e-09,50.44,50.439998626708984,2.722622949313802e-08,698600.0,698600.0,0.0
2009-06-05,50.77,50.77000045776367,9.016420499108335e-09,50.91,50.90999984741211,2.997208592425693e-09,49.77,49.77000045776367,9.19758225137457e-09,50.08,50.08000183105469,3.6562593619393624e-08,942400.0,942400.0,0.0
2009-06-08,50.07,50.06999969482422,6.094982629711865e-09,50.17,50.16999816894531,3.649700397456712e-08,48.92,48.91999816894531,3.742957255248314e-08,49.47,49.470001220703125,2.4675624210601654e-08,817200.0,817200.0,0.0
2009-06-09,49.18,49.18000030517578,6.205282288007652e-09,50.16,50.15999984741211,3.0420232999262e-09,48.61,48.61000061035156,1.2556090611681725e-08,49.87,49.869998931884766,2.1417991380445756e-08,841100.0,841100.0,0.0
2009-06-10,49.56,49.560001373291016,2.7709665229025404e-08,50.12,50.119998931884766,2.1311157838432848e-08,48.29,48.290000915527344,1.8958942638036547e-08,48.96,48.959999084472656,1.8699496395768733e-08,1026000.0,1026000.0,0.0
2009-06-11,49.06,49.060001373291016,2.799207110548707e-08,50.53,50.529998779296875,2.415798783239609e-08,49.05,49.04999923706055,1.5554321053379283e-08,50.12,50.119998931884766,2.1311157838432848e-08,571000.0,571000.0,0.0
2009-06-12,49.83,49.83000183105469,3.6746030218637316e-08,50.1,50.099998474121094,3.045666485679277e-08,49.31,49.310001373291016,2.785015240647226e-08,49.69,49.689998626708984,2.763717077414185e-08,608800.0,608800.0,0.0
2009-06-15,49.49,49.4900016784668,3.3915271702156247e-08,49.49,49.4900016784668,3.3915271702156247e-08,48.73,48.72999954223633,9.39387789777868e-09,49.28,49.279998779296875,2.4770761442027833e-08,827600.0,827600.0,0.0
2009-06-16,49.87,49.869998931884766,2.1417991380445756e-08,50.07,50.06999969482422,6.094982629711865e-09,49.22,49.220001220703125,2.4800957509896193e-08,49.65,49.650001525878906,3.073270704589959e-08,772100.0,772100.0,0.0
2009-06-17,49.76,49.7599983215332,3.3731245907553387e-08,50.55,50.54999923706055,1.509276859046338e-08,49.665,49.66999816894531,0.00010063765116918866,50.2,50.20000076293945,1.5197997083049586e-08,597200.0,597200.0,0.0
2009-06-18,50.02,50.02000045776367,9.15161280090615e-09,50.86,50.86000061035156,1.2000620497332193e-08,49.83,49.83000183105469,3.6746030218637316e-08,50.73,50.72999954223633,9.023529812246522e-09,589900.0,589900.0,0.0
2009-06-19,51.16,51.15999984741211,2.982562308240233e-09,51.51,51.5099983215332,3.258526104499282e-08,50.67,50.66999816894531,3.613685983783199e-08,51.2,51.20000076293945,1.4901161193847656e-08,893800.0,893800.0,0.0
2009-06-22,50.86,50.86000061035156,1.2000620497332193e-08,50.97,50.970001220703125,2.3949443317405894e-08,49.59,49.59000015258789,3.0769891079529543e-09,49.67,49.66999816894531,3.6864398866853776e-08,525700.0,525700.0,0.0
2009-06-23,49.73,49.72999954223633,9.20498022249916e-09,49.98,49.97999954223633,9.158936942199603e-09,49.15,49.150001525878906,3.1045349180303106e-08,49.48,49.47999954223633,9.25148890829064e-09,475700.0,475700.0,0.0
2009-06-24,49.66,49.65999984741211,3.0726517996626512e-09,50.54,50.540000915527344,1.8114905797617098e-08,49.27,49.27000045776367,9.290920921500856e-09,49.97,49.970001220703125,2.442871971375382e-08,771100.0,771100.0,0.0
2009-06-25,50.0,50.0,0.0,51.25,51.25,0.0,49.68,49.68000030517578,6.142829800381833e-09,51.19,51.189998626708984,2.682732980208158e-08,519500.0,519500.0,0.0
2009-06-26,50.96,50.959999084472656,1.7965607224113e-08,51.19,51.189998626708984,2.682732980208158e-08,50.38,50.380001068115234,2.1201175703922104e-08,50.71,50.709999084472656,1.8054177597370824e-08,697700.0,697700.0,0.0
2009-06-29,51.03,51.029998779296875,2.392128406469851e-08,51.9,51.900001525878906,2.9400364365272935e-08,50.82,50.81999969482422,6.005033137412852e-09,51.8,51.79999923706055,1.4728560815413516e-08,712300.0,712300.0,0.0
2009-06-30,51.92,51.91999816894531,3.526684688726078e-08,52.06,52.060001373291016,2.6379005202414874e-08,51.27,51.27000045776367,8.928489725334998e-09,51.53,51.529998779296875,2.368917384476532e-08,887700.0,887700.0,0.0
2009-07-01,51.77,51.77000045776367,8.842257370744733e-09,51.78,51.779998779296875,2.357479966796916e-08,50.16,50.15999984741211,3.0420232999262e-09,50.75,50.75,0.0,684000.0,684000.0,0.0
2009-07-02,50.6,50.599998474121094,3.015570959608027e-08,50.75,50.75,0.0,49.94,49.939998626708984,2.7498818888638255e-08,50.22,50.220001220703125,2.43071112127069e-08,572500.0,572500.0,0.0
2009-07-06,50.05,50.04999923706055,1.5243545425924765e-08,50.38,50.380001068115234,2.1201175703922104e-08,49.76,49.7599983215332,3.3731245907553387e-08,50.38,50.380001068115234,2.1201175703922104e-08,475400.0,475400.0,0.0
2009-07-07,50.16,50.15999984741211,3.0420232999262e-09,50.2499,50.25,1.9900537115979944e-06,49.19,49.189998626708984,2.7918093392642618e-08,49.62,49.619998931884766,2.1525901505725642e-08,732300.0,732300.0,0.0
2009-07-08,49.65,49.650001525878906,3.073270704589959e-08,49.96,49.959999084472656,1.8325207018499157e-08,49.02,49.02000045776367,9.338304129968833e-09,49.32,49.31999969482422,6.187667933588159e-09,456900.0,456900.0,0.0
2009-07-09,49.33,49.33000183105469,3.711848139964502e-08,49.45,49.45000076293945,1.542850247560068e-08,48.5201,48.52000045776367,2.051567006833288e-06,49.07,49.06999969482422,6.219192605350088e-09,380000.0,380000.0,0.0
2009-07-10,48.89,48.66999816894531,0.004499935182137205,49.28,49.279998779296875,2.4770761442027833e-08,48.5,48.5,0.0,48.98,48.97999954223633,9.345930362947286e-09,382900.0,382900.0,0.0
2009-07-13,48.895,48.9900016784668,0.001942973278797222,49.59,49.59000015258789,3.0769891079529543e-09,48.46,48.459999084472656,1.8892433839567957e-08,49.57,49.56999969482422,6.156461229700483e-09,504300.0,504300.0,0.0
2009-07-14,49.37,49.369998931884766,2.1634904423528667e-08,50.0,50.0,0.0,49.36,49.36000061035156,1.2365307222594879e-08,49.95,49.95000076293945,1.527406312540336e-08,365600.0,365600.0,0.0
2009-07-15,50.3,50.29999923706055,1.5167782363434412e-08,50.9,50.900001525878906,2.997797454717954e-08,49.9,49.900001525878906,3.057873554368484e-08,50.85,50.849998474121094,3.000745152359485e-08,463700.0,463700.0,0.0
2009-07-16,50.57,50.56999969482422,6.034719834957514e-09,50.91,50.90999984741211,2.997208592425693e-09,50.12,50.119998931884766,2.1311157838432848e-08,50.77,50.77000045776367,9.016420499108335e-09,668700.0,668700.0,0.0
2009-07-17,50.9,50.900001525878906,2.997797454717954e-08,51.15,51.150001525878906,2.9831454639861477e-08,50.19,50.189998626708984,2.7361845233997428e-08,51.12,51.119998931884766,2.0894272867444386e-08,447200.0,447200.0,0.0
2009-07-20,51.05,51.04999923706055,1.49449451702921e-08,51.21,51.209999084472656,1.787790171459136e-08,50.45,50.45000076293945,1.5122684882129533e-08,50.49,50.4900016784668,3.324354902467519e-08,492100.0,492100.0,0.0
2009-07-21,50.9,50.900001525878906,2.997797454717954e-08,50.95,50.95000076293945,1.497427781771421e-08,49.69,49.689998626708984,2.763717077414185e-08,50.04,50.040000915527344,1.829591012025844e-08,625200.0,625200.0,0.0
2009-07-22,50.05,50.04999923706055,1.5243545425924765e-08,50.17,50.16999816894531,3.649700397456712e-08,49.73,49.72999954223633,9.20498022249916e-09,50.02,50.02000045776367,9.15161280090615e-09,436900.0,436900.0,0.0
2009-07-23,49.84,49.84000015258789,3.0615547874646154e-09,51.63,51.630001068115234,2.0687879853653612e-08,49.66,49.65999984741211,3.0726517996626512e-09,51.59,51.59000015258789,2.957702749384339e-09,747800.0,747800.0,0.0
2009-07-24,51.37,51.369998931884766,2.0792587762663572e-08,51.88,51.880001068115234,2.0588188709425026e-08,50.87,50.869998931884766,2.099695761703657e-08,51.58,51.58000183105469,3.549931548718632e-08,505200.0,505200.0,0.0
2009-07-27,52.05,52.04999923706055,1.4657818403485123e-08,53.15,53.150001525878906,2.8708916355313363e-08,51.58,51.58000183105469,3.549931548718632e-08,53.02,53.02000045776367,8.633792347723102e-09,795100.0,795100.0,0.0
2009-07-28,52.9,52.900001525878906,2.8844591826171495e-08,53.37,53.369998931884766,2.001340138058083e-08,52.7,52.70000076293945,1.4477029353088255e-08,53.18,53.18000030517578,5.738544306410631e-09,831700.0,831700.0,0.0
2009-07-29,51.81,51.810001373291016,2.6506292494232753e-08,52.01,52.0099983215332,3.2272001404543005e-08,50.29,50.290000915527344,1.8204958207590494e-08,51.97,51.970001220703125,2.348861127821067e-08,1390100.0,1390100.0,0.0
2009-07-30,52.45,52.45000076293945,1.4546033266782388e-08,52.59,52.59000015258789,2.9014619595812974e-09,51.0,51.0,0.0,51.41,51.40999984741211,2.9680584656688325e-09,827700.0,827700.0,0.0
2009-07-31,51.62,51.619998931884766,2.0691887536727904e-08,52.2,52.20000076293945,1.4615698207265382e-08,51.11,51.11000061035156,1.1941920563529607e-08,51.2,51.20000076293945,1.4901161193847656e-08,636200.0,636200.0,0.0
2009-08-03,51.08,51.08000183105469,3.584680285939612e-08,51.77,51.77000045776367,8.842257370744733e-09,50.8,50.79999923706055,1.501849311580372e-08,51.75,51.75,0.0,459500.0,459500.0,0.0
2009-08-04,51.36,51.36000061035156,1.1883792172540097e-08,52.09,52.09000015258789,2.929312570287834e-09,51.13,51.130001068115234,2.0890186469557648e-08,51.86,51.86000061035156,1.1769216490264967e-08,555400.0,555400.0,0.0
2009-08-05,52.2,52.20000076293945,1.4615698207265382e-08,52.2,52.20000076293945,1.4615698207265382e-08,51.0,51.0,0.0,51.27,51.27000045776367,8.928489725334998e-09,651300.0,651300.0,0.0
2009-08-06,51.7,51.70000076293945,1.4757049360270003e-08,51.7,51.70000076293945,1.4757049360270003e-08,49.84,49.84000015258789,3.0615547874646154e-09,49.91,49.90999984741211,3.0572607778722727e-09,838700.0,838700.0,0.0
2009-08-07,50.53,50.529998779296875,2.415798783239609e-08,51.12,51.119998931884766,2.0894272867444386e-08,50.05,50.04999923706055,1.5243545425924765e-08,51.09,51.09000015258789,2.986648706126971e-09,511100.0,511100.0,0.0
2009-08-10,50.31,50.310001373291016,2.7296581439628653e-08,50.93,50.93000030517578,5.992063289994576e-09,49.93,49.93000030517578,6.112072625796827e-09,50.43,50.43000030517578,6.0514728783545024e-09,496100.0,496100.0,0.0
2009-08-11,50.07,50.06999969482422,6.094982629711865e-09,50.44,50.439998626708984,2.722622949313802e-08,49.66,49.65999984741211,3.0726517996626512e-09,50.3,50.29999923706055,1.5167782363434412e-08,413400.0,413400.0,0.0
2009-08-12,50.59,50.59000015258789,3.0161668718164947e-09,51.69,51.689998626708984,2.6567827715595627e-08,50.03,50.029998779296875,2.4399422815513105e-08,51.27,51.27000045776367,8.928489725334998e-09,590000.0,590000.0,0.0
2009-08-13,51.12,51.119998931884766,2.0894272867444386e-08,51.5637,51.560001373291016,7.172927289900155e-05,49.67,49.66999816894531,3.6864398866853776e-08,50.03,50.029998779296875,2.4399422815513105e-08,822700.0,822700.0,0.0
2009-08-14,49.93,49.93000030517578,6.112072625796827e-09,49.98,49.97999954223633,9.158936942199603e-09,49.0,49.0,0.0,49.84,49.84000015258789,3.0615547874646154e-09,766900.0,766900.0,0.0
2009-08-17,49.51,49.5099983215332,3.390157132798777e-08,49.7,49.70000076293945,1.5350894333465703e-08,49.22,49.220001220703125,2.4800957509896193e-08,49.27,49.27000045776367,9.290920921500856e-09,694700.0,694700.0,0.0
2009-08-18,49.27,49.27000045776367,9.290920921500856e-09,49.64,49.63999938964844,1.2295559237429643e-08,48.76,48.7599983215332,3.4423026984420346e-08,49.37,49.369998931884766,2.1634904423528667e-08,469000.0,469000.0,0.0
2009-08-19,49.07,49.06999969482422,6.219192605350088e-09,49.75,49.75,0.0,49.03,49.029998779296875,2.4897065631357407e-08,49.6,49.599998474121094,3.076368770837945e-08,470800.0,470800.0,0.0
2009-08-20,49.47,49.470001220703125,2.4675624210601654e-08,50.24,50.2400016784668,3.340897292147815e-08,49.12,49.119998931884766,2.1745016898222502e-08,50.15,50.150001525878906,3.042629925786855e-08,437900.0,437900.0,0.0
2009-08-21,50.7,50.70000076293945,1.5048115420412955e-08,51.65,51.650001525878906,2.954267008803413e-08,50.24,50.2400016784668,3.340897292147815e-08,51.5,51.5,0.0,653100.0,653100.0,0.0
2009-08-24,51.18,51.18000030517578,5.962793592217963e-09,51.69,51.689998626708984,2.6567827715595627e-08,51.08,51.08000183105469,3.584680285939612e-08,51.29,51.290000915527344,1.7850016575948757e-08,492700.0,492700.0,0.0
2009-08-25,51.38,51.380001068115234,2.078854088871651e-08,51.58,51.58000183105469,3.549931548718632e-08,50.63,50.630001068115234,2.109648877812731e-08,50.82,50.81999969482422,6.005033137412852e-09,571700.0,571700.0,0.0
2009-08-26,50.58,50.58000183105469,3.62011602916823e-08,50.7185,50.720001220703125,2.9599075349828752e-05,49.65,49.650001525878906,3.073270704589959e-08,49.97,49.970001220703125,2.442871971375382e-08,749600.0,749600.0,0.0
2009-08-27,50.06,50.060001373291016,2.7432900839841068e-08,50.4,50.400001525878906,3.0275375095811796e-08,49.2,49.20000076293945,1.550689932017235e-08,50.31,50.310001373291016,2.7296581439628653e-08,477500.0,477500.0,0.0
2009-08-28,50.46,50.459999084472656,1.814362549090731e-08,50.73,50.72999954223633,9.023529812246522e-09,49.5,49.5,0.0,49.83,49.83000183105469,3.6746030218637316e-08,511800.0,511800.0,0.0
2009-08-31,49.46,49.459999084472656,1.8510459831588832e-08,50.06,50.060001373291016,2.7432900839841068e-08,49.25,49.25,0.0,49.52,49.52000045776367,9.244015997111887e-09,481900.0,481900.0,0.0
2009-09-01,49.28,49.279998779296875,2.4770761442027833e-08,50.29,50.290000915527344,1.8204958207590494e-08,48.95,48.95000076293945,1.5586097079633987e-08,48.97,48.970001220703125,2.4927570452248915e-08,664500.0,664500.0,0.0
2009-09-02,49.13,49.130001068115234,2.174059088311253e-08,49.55,49.54999923706055,1.5397365271674346e-08,48.69,48.689998626708984,2.8204785618157757e-08,49.14,49.13999938964844,1.2420666717360973e-08,620000.0,620000.0,0.0
2009-09-03,48.8,48.79999923706055,1.5634005090525704e-08,49.6,49.599998474121094,3.076368770837945e-08,48.55,48.54999923706055,1.571450980453193e-08,49.49,49.4900016784668,3.3915271702156247e-08,701500.0,701500.0,0.0
2009-09-04,49.37,49.369998931884766,2.1634904423528667e-08,49.69,49.689998626708984,2.763717077414185e-08,48.99,48.9900016784668,3.426141659268467e-08,49.62,49.619998931884766,2.1525901505725642e-08,400300.0,400300.0,0.0
2009-09-08,49.37,49.369998931884766,2.1634904423528667e-08,50.07,50.06999969482422,6.094982629711865e-09,49.25,49.25,0.0,49.48,49.47999954223633,9.25148890829064e-09,540700.0,540700.0,0.0
2009-09-09,49.82,49.81999969482422,6.125567719728053e-09,49.82,49.81999969482422,6.125567719728053e-09,48.94,48.939998626708984,2.8060707313315447e-08,49.0,49.0,0.0,710700.0,710700.0,0.0
2009-09-10,49.08,49.08000183105469,3.7307552824827894e-08,49.2025,49.20000076293945,5.0794920188002024e-05,48.766,48.77000045776367,8.203374817861153e-05,49.08,49.08000183105469,3.7307552824827894e-08,670800.0,670800.0,0.0
2009-09-11,48.93,48.93000030517578,6.2369871489664774e-09,49.1,49.099998474121094,3.107696344706312e-08,48.25,48.25,0.0,48.43,48.43000030517578,6.301378974171712e-09,1244400.0,1244400.0,0.0
2009-09-14,48.24,48.2400016784668,3.479408783313431e-08,49.41,49.40999984741211,3.0881984747210822e-09,48.24,48.2400016784668,3.479408783313431e-08,49.19,49.189998626708984,2.7918093392642618e-08,738100.0,738100.0,0.0
2009-09-15,49.11,49.11000061035156,1.2428254203555866e-08,49.11,49.11000061035156,1.2428254203555866e-08,48.5,48.5,0.0,48.57,48.56999969482422,6.283215614466542e-09,1004800.0,1004800.0,0.0
2009-09-16,48.85,48.849998474121094,3.123600633703205e-08,48.85,48.849998474121094,3.123600633703205e-08,47.88,47.880001068115234,2.230817108817007e-08,48.04,48.040000915527344,1.9057605049610515e-08,1515100.0,1515100.0,0.0
2009-09-17,48.14,48.13999938964844,1.2678678107391761e-08,48.52,48.52000045776367,9.434535597208082e-09,47.69,47.689998626708984,2.8796204976089257e-08,47.94,47.939998626708984,2.8646036986934575e-08,1073700.0,1073700.0,0.0
2009-09-18,48.17,48.16999816894531,3.801234560452116e-08,48.25,48.25,0.0,47.7,47.70000076293945,1.599453769429715e-08,48.03,48.029998779296875,2.5415430537911732e-08,791400.0,791400.0,0.0
2009-09-21,48.17,48.16999816894531,3.801234560452116e-08,48.87,48.869998931884766,2.1856256027241727e-08,47.75,47.75,0.0,48.46,48.459999084472656,1.8892433839567957e-08,720700.0,720700.0,0.0
2009-09-22,48.41,48.40999984741211,3.1519911125599265e-09,48.49,48.4900016784668,3.461469977317222e-08,47.71,47.709999084472656,1.9189422384435773e-08,47.91,47.90999984741211,3.1848860215788477e-09,594900.0,594900.0,0.0
2009-09-23,47.91,47.90999984741211,3.1848860215788477e-09,48.1632,48.15999984741211,6.644393619803513e-05,47.33,47.33000183105469,3.8686978509616665e-08,47.61,47.61000061035156,1.2819818540066308e-08,1151400.0,1151400.0,0.0
2009-09-24,47.28,47.279998779296875,2.5818594040494247e-08,47.66,47.65999984741211,3.2015922135641972e-09,46.86,46.86000061035156,1.3025001299737937e-08,47.48,47.47999954223633,9.641189291365038e-09,921000.0,921000.0,0.0
2009-09-25,47.53,47.529998779296875,2.5682792448300518e-08,47.7,47.70000076293945,1.599453769429715e-08,46.97,46.970001220703125,2.5988995622228117e-08,47.46,47.459999084472656,1.9290504527091912e-08,1037500.0,1037500.0,0.0
2009-09-28,47.62,47.619998931884766,2.2429971213711042e-08,49.19,49.189998626708984,2.7918093392642618e-08,47.62,47.619998931884766,2.2429971213711042e-08,48.56,48.560001373291016,2.8280292774240934e-08,806100.0,806100.0,0.0
2009-09-29,48.59,48.59000015258789,3.1403146749653388e-09,48.98,48.97999954223633,9.345930362947286e-09,48.36,48.36000061035156,1.262100002286104e-08,48.51,48.5099983215332,3.460042863334678e-08,692300.0,692300.0,0.0
2009-09-30,48.43,48.43000030517578,6.301378974171712e-09,48.71,48.709999084472656,1.8795470069221665e-08,47.86,47.86000061035156,1.2752853439934597e-08,48.44,48.439998626708984,2.8350351177763855e-08,754900.0,754900.0,0.0
2009-10-01,48.66,48.65999984741211,3.1357970664558366e-09,48.84,48.84000015258789,3.124240199881001e-09,47.58,47.58000183105469,3.8483705111502786e-08,47.58,47.58000183105469,3.8483705111502786e-08,563700.0,563700.0,0.0
2009-10-02,47.55,47.54999923706055,1.6044993667030383e-08,47.94,47.939998626708984,2.8646036986934575e-08,47.24,47.2400016784668,3.553062644101601e-08,47.73,47.72999954223633,9.59069068606766e-09,605900.0,605900.0,0.0
2009-10-05,47.62,47.619998931884766,2.2429971213711042e-08,47.88,47.880001068115234,2.230817108817007e-08,47.08,47.08000183105469,3.8892410625379625e-08,47.84,47.84000015258789,3.189546182724712e-09,621200.0,621200.0,0.0
2009-10-06,47.89,47.88999938964844,1.2744864497094e-08,48.49,48.4900016784668,3.461469977317222e-08,47.53,47.529998779296875,2.5682792448300518e-08,48.39,48.38999938964844,1.2613175504050389e-08,626900.0,626900.0,0.0
2009-10-07,48.49,48.4900016784668,3.461469977317222e-08,48.49,48.4900016784668,3.461469977317222e-08,47.72,47.720001220703125,2.558053502355051e-08,48.03,48.029998779296875,2.5415430537911732e-08,597600.0,597600.0,0.0
2009-10-08,48.39,48.38999938964844,1.2613175504050389e-08,48.7299,48.72999954223633,2.0427342621864852e-06,48.19,48.189998626708984,2.8497427084772653e-08,48.28,48.279998779296875,2.5283826143862598e-08,560000.0,560000.0,0.0
2009-10-09,48.35,48.349998474121094,3.155902605911365e-08,48.55,48.54999923706055,1.571450980453193e-08,48.17,48.16999816894531,3.801234560452116e-08,48.35,48.349998474121094,3.155902605911365e-08,627700.0,627700.0,0.0
2009-10-12,48.72,48.720001220703125,2.5055482799629658e-08,48.72,48.720001220703125,2.5055482799629658e-08,48.22,48.220001220703125,2.5315286755756006e-08,48.55,48.54999923706055,1.571450980453193e-08,448900.0,448900.0,0.0
2009-10-13,48.3,48.29999923706055,1.5795847851940437e-08,48.63,48.630001068115234,2.1964121632578326e-08,48.3,48.29999923706055,1.5795847851940437e-08,48.6,48.599998474121094,3.139668536267237e-08,501000.0,501000.0,0.0
2009-10-14,48.78,48.779998779296875,2.5024664340733693e-08,49.64,49.63999938964844,1.2295559237429643e-08,48.6,48.599998474121094,3.139668536267237e-08,49.63,49.630001068115234,2.152156430845764e-08,675100.0,675100.0,0.0
2009-10-15,50.0,50.0,0.0,52.19,52.189998626708984,2.631329787394776e-08,49.99,49.9900016784668,3.357605105058781e-08,52.12,52.119998931884766,2.0493385100017747e-08,1331300.0,1331300.0,0.0
2009-10-16,52.04,52.040000915527344,1.759276213597616e-08,52.43,52.43000030517578,5.820632864583786e-09,51.16,51.15999984741211,2.982562308240233e-09,52.24,52.2400016784668,3.212991561696299e-08,837700.0,837700.0,0.0
2009-10-19,52.5,52.5,0.0,53.01,53.0099983215332,3.16632106089898e-08,52.36,52.36000061035156,1.1656828835526767e-08,52.67,52.66999816894531,3.476466092777741e-08,770700.0,770700.0,0.0
2009-10-20,51.99,51.9900016784668,3.2284416029426666e-08,52.85,52.849998474121094,2.8871880886072177e-08,51.99,51.9900016784668,3.2284416029426666e-08,52.48,52.47999954223633,8.722630839841372e-09,748300.0,748300.0,0.0
2009-10-21,52.18,52.18000030517578,5.848520112650135e-09,53.47,53.470001220703125,2.2829682588820788e-08,51.8,51.79999923706055,1.4728560815413516e-08,52.89,52.88999938964844,1.1540018163280763e-08,1198700.0,1198700.0,0.0
2009-10-22,53.0,53.0,0.0,53.27,53.27000045776367,8.593273204127172e-09,52.43,52.43000030517578,5.820632864583786e-09,53.21,53.209999084472656,1.72059264613722e-08,927400.0,927400.0,0.0
2009-10-23,53.35,53.349998474121094,2.8601291668373108e-08,54.32,54.31999969482422,5.618110865412973e-09,52.78,52.779998779296875,2.312813807137104e-08,53.17,53.16999816894531,3.443774099221031e-08,881300.0,881300.0,0.0
2009-10-26,51.25,51.25,0.0,52.75,52.75,0.0,51.0,51.0,0.0,52.27,52.27000045776367,8.757675029613665e-09,1924100.0,1924100.0,0.0
2009-10-27,52.02,52.02000045776367,8.79976291834339e-09,53.4,53.400001525878906,2.8574511423684612e-08,52.0,52.0,0.0,53.35,53.349998474121094,2.8601291668373108e-08,1389800.0,1389800.0,0.0
2009-10-28,52.05,52.04999923706055,1.4657818403485123e-08,53.44,53.439998626708984,2.5697810879243832e-08,51.655,51.650001525878906,9.676651091072852e-05,53.16,53.15999984741211,2.870351512029856e-09,1389800.0,1389800.0,0.0
2009-10-29,52.97,52.970001220703125,2.3045178876301975e-08,52.98,52.97999954223633,8.640310800167583e-09,52.34,52.34000015258789,2.9153206515530883e-09,52.96,52.959999084472656,1.7287147713318518e-08,956600.0,956600.0,0.0
2009-10-30,52.96,52.959999084472656,1.7287147713318518e-08,53.5,53.5,0.0,52.367,52.369998931884766,5.7267589985476874e-05,52.37,52.369998931884766,2.0395555355712247e-08,1057400.0,1057400.0,0.0
2009-11-02,51.8,51.79999923706055,1.4728560815413516e-08,53.0,53.0,0.0,51.8,51.79999923706055,1.4728560815413516e-08,52.64,52.63999938964844,1.1594824544935989e-08,1029900.0,1029900.0,0.0
2009-11-03,52.73,52.72999954223633,8.6812756983079e-09,53.08,53.08000183105469,3.449613195094514e-08,52.03,52.029998779296875,2.3461524611967377e-08,52.97,52.970001220703125,2.3045178876301975e-08,927500.0,927500.0,0.0
2009-11-04,53.1,53.099998474121094,2.8735949286762263e-08,53.37,53.369998931884766,2.001340138058083e-08,52.32,52.31999969482422,5.832870408895019e-09,53.04,53.040000915527344,1.7261073681495986e-08,1190800.0,1190800.0,0.0
2009-11-05,53.42,53.41999816894531,3.427657602195211e-08,53.94,53.939998626708984,2.5459603536504005e-08,53.29,53.290000915527344,1.7180096456570482e-08,53.87,53.869998931884766,1.9827644970327185e-08,762100.0,762100.0,0.0
2009-11-06,53.79,53.790000915527344,1.7020400422396165e-08,54.36,54.36000061035156,1.1227953677916958e-08,53.26,53.2599983215332,3.151458494166093e-08,54.3,54.29999923706055,1.4050450247715673e-08,748800.0,748800.0,0.0
2009-11-09,54.45,54.45000076293945,1.401174376525205e-08,55.42,55.41999816894531,3.303960105505155e-08,54.35,54.349998474121094,2.807504895230295e-08,55.34,55.34000015258789,2.7572801819530923e-09,771400.0,771400.0,0.0
2009-11-10,54.98,54.97999954223633,8.32600344224943e-09,55.2,55.20000076293945,1.3821366939836821e-08,54.01,54.0099983215332,3.107696344706312e-08,54.56,54.560001373291016,2.517028985238312e-08,1025000.0,1025000.0,0.0
2009-11-11,54.91,54.90999984741211,2.778872465469817e-09,55.25,55.25,0.0,53.0,53.0,0.0,54.49,54.4900016784668,3.080320776227552e-08,510000.0,510000.0,0.0
2009-11-12,54.4,54.400001525878906,2.8049244704675402e-08,54.86,54.86000061035156,1.1125620869023578e-08,53.9,53.900001525878906,2.8309441679752467e-08,54.05,54.04999923706055,1.4115438484729737e-08,416600.0,416600.0,0.0
2009-11-13,53.88,53.880001068115234,1.982396491406746e-08,54.83,54.83000183105469,3.3395124665602793e-08,53.33,53.33000183105469,3.433442130607034e-08,54.39,54.38999938964844,1.1221760631840993e-08,524000.0,524000.0,0.0
2009-11-16,54.69,54.689998626708984,2.5110459156429954e-08,55.43,55.43000030517578,5.505606637257188e-09,54.69,54.689998626708984,2.5110459156429954e-08,55.2,55.20000076293945,1.3821366939836821e-08,592800.0,592800.0,0.0
2009-11-17,55.07,55.06999969482422,5.541597625224881e-09,55.43,55.43000030517578,5.505606637257188e-09,54.68,54.68000030517578,5.581122453079956e-09,55.29,55.290000915527344,1.6558642457198403e-08,377000.0,377000.0,0.0
2009-11-18,55.29,55.290000915527344,1.6558642457198403e-08,55.3,55.29999923706055,1.3796373377061855e-08,54.58,54.58000183105469,3.354808875144499e-08,54.94,54.939998626708984,2.4996196112958557e-08,536100.0,536100.0,0.0
2009-11-19,54.61,54.61000061035156,1.1176553016412072e-08,54.88,54.880001068115234,1.9462741196463185e-08,53.8,53.79999923706055,1.4181030683069196e-08,54.15,54.150001525878906,2.817874245053531e-08,727300.0,727300.0,0.0
2009-11-20,53.87,53.869998931884766,1.9827644970327185e-08,54.44,54.439998626708984,2.522577169372653e-08,53.87,53.869998931884766,1.9827644970327185e-08,54.1,54.099998474121094,2.820478572918006e-08,466200.0,466200.0,0.0
2009-11-23,54.63,54.630001068115234,1.9551807284301503e-08,55.87,55.869998931884766,1.911786706720875e-08,54.58,54.58000183105469,3.354808875144499e-08,55.0,55.0,0.0,544500.0,544500.0,0.0
2009-11-24,55.22,55.220001220703125,2.210617755515898e-08,55.22,55.220001220703125,2.210617755515898e-08,54.33,54.33000183105469,3.370246060008242e-08,54.79,54.790000915527344,1.6709752692634083e-08,453200.0,453200.0,0.0
2009-11-25,54.65,54.650001525878906,2.792093156678277e-08,55.49,55.4900016784668,3.024809513973992e-08,54.64,54.63999938964844,1.1170416591710364e-08,55.15,55.150001525878906,2.766779516605311e-08,672800.0,672800.0,0.0
2009-11-27,53.54,53.540000915527344,1.7099875737613957e-08,54.82,54.81999969482422,5.566869409889819e-09,53.54,53.540000915527344,1.7099875737613957e-08,54.13,54.130001068115234,1.9732407707806487e-08,329000.0,329000.0,0.0
2009-11-30,53.99,53.9900016784668,3.1088475571650065e-08,54.84,54.84000015258789,2.7824196280334945e-09,53.56,53.560001373291016,2.564023549034289e-08,54.73,54.72999954223633,8.364035575247897e-09,583000.0,583000.0,0.0
2009-12-01,55.03,55.029998779296875,2.21825027235667e-08,56.25,56.25,0.0,54.77,54.77000045776367,8.357927017144107e-09,55.86,55.86000061035156,1.0926451077253319e-08,817800.0,817800.0,0.0
2009-12-02,55.78,55.779998779296875,2.188424397253641e-08,56.42,56.41999816894531,3.2454000153947504e-08,55.66,55.65999984741211,2.741428084540587e-09,56.02,56.02000045776367,8.171432863690598e-09,435700.0,435700.0,0.0
2009-12-03,56.13,56.130001068115234,1.9029311015827943e-08,56.4497,56.45000076293945,5.327981184244379e-06,55.83,55.83000183105469,3.2796967364134844e-08,55.91,55.90999984741211,2.7291698900810957e-09,481600.0,481600.0,0.0
2009-12-04,56.24,56.2400016784668,2.9844715365712204e-08,57.24,57.2400016784668,2.9323319328256048e-08,56.185,56.189998626708984,8.896728146279287e-05,56.91,56.90999984741211,2.681214028577017e-09,732400.0,732400.0,0.0
2009-12-07,57.74,57.709999084472656,0.0005195863444292792,58.34,58.34000015258789,2.6154933774336087e-09,57.48,57.47999954223633,7.96387733537074e-09,58.1,58.099998474121094,2.6262976016155903e-08,1166000.0,1166000.0,0.0
2009-12-08,57.63,57.630001068115234,1.8534014101234675e-08,58.19,58.189998626708984,2.3600120524491786e-08,57.27,57.27000045776367,7.993079531587455e-09,57.62,57.619998931884766,1.853723063938162e-08,859200.0,859200.0,0.0
2009-12-09,57.39,57.38999938964844,1.0635155311966571e-08,57.94,57.939998626708984,2.3701950513377312e-08,57.15,57.150001525878906,2.669954346501413e-08,57.85,57.849998474121094,2.6376472006539586e-08,594600.0,594600.0,0.0
2009-12-10,57.42,57.41999816894531,3.1888796381274176e-08,57.92,57.91999816894531,3.1613513251649294e-08,57.3,57.29999923706055,1.3314824576227124e-08,57.64,57.63999938964844,1.0589027765739445e-08,865100.0,865100.0,0.0
2009-12-11,57.78,57.779998779296875,2.1126741578392227e-08,57.86,57.86000061035156,1.0548765416729111e-08,57.14,57.13999938964844,1.0681686424263148e-08,57.24,57.2400016784668,2.9323319328256048e-08,709000.0,709000.0,0.0
2009-12-14,57.93,57.93000030517578,5.268009362069392e-09,57.93,57.93000030517578,5.268009362069392e-09,57.15,57.150001525878906,2.669954346501413e-08,57.69,57.689998626708984,2.3804663129567416e-08,563400.0,563400.0,0.0
2009-12-15,57.35,57.349998474121094,2.6606432612652497e-08,57.61,57.61000061035156,1.059454191043585e-08,56.71,56.709999084472656,1.614401945460031e-08,56.84,56.84000015258789,2.6845159428745546e-09,691200.0,691200.0,0.0
2009-12-16,55.15,55.150001525878906,2.766779516605311e-08,57.14,57.13999938964844,1.0681686424263148e-08,55.15,55.150001525878906,2.766779516605311e-08,56.06,56.060001373291016,2.4496807249363428e-08,663400.0,663400.0,0.0
2009-12-17,55.78,55.779998779296875,2.188424397253641e-08,55.82,55.81999969482422,5.467140518078395e-09,55.24,55.2400016784668,3.038498896934527e-08,55.25,55.25,0.0,463200.0,463200.0,0.0
2009-12-18,55.47,55.470001220703125,2.2006546362973722e-08,55.755,55.7599983215332,8.964795145183224e-05,54.87,54.869998931884766,1.9466288136982257e-08,55.16,55.15999984741211,2.7662778734338644e-09,1095300.0,1095300.0,0.0
2009-12-21,55.44,55.439998626708984,2.4770761442027833e-08,55.98,55.97999954223633,8.177271637599404e-09,55.29,55.290000915527344,1.6558642457198403e-08,55.51,55.5099983215332,3.023719685746329e-08,572000.0,572000.0,0.0
2009-12-22,56.29,56.290000915527344,1.6264475766192277e-08,56.29,56.290000915527344,1.6264475766192277e-08,55.3,55.29999923706055,1.3796373377061855e-08,55.56,55.560001373291016,2.471726090469417e-08,626700.0,626700.0,0.0
2009-12-23,55.6,55.599998474121094,2.7443865291409963e-08,55.93,55.93000030517578,5.4563880080849e-09,55.41,55.40999984741211,2.7537969682356334e-09,55.72,55.720001220703125,2.1907809122367894e-08,485900.0,485900.0,0.0
2009-12-24,55.95,55.95000076293945,1.3636093809665795e-08,55.95,55.95000076293945,1.3636093809665795e-08,55.53,55.529998779296875,2.1982768383388418e-08,55.72,55.720001220703125,2.1907809122367894e-08,164500.0,164500.0,0.0
2009-12-28,55.87,55.869998931884766,1.911786706720875e-08,55.9,55.900001525878906,2.7296581439628653e-08,55.335,55.34000015258789,9.03614816643028e-05,55.6,55.599998474121094,2.7443865291409963e-08,321500.0,321500.0,0.0
2009-12-29,55.5,55.5,0.0,55.6,55.599998474121094,2.7443865291409963e-08,55.1,55.099998474121094,2.769290208259889e-08,55.37,55.369998931884766,1.929050441606961e-08,392400.0,392400.0,0.0
2009-12-30,55.07,55.06999969482422,5.541597625224881e-09,55.51,55.5099983215332,3.023719685746329e-08,54.96,54.959999084472656,1.665806670381187e-08,55.33,55.33000183105469,3.3093343398959973e-08,319700.0,319700.0,0.0
2009-12-31,55.53,55.529998779296875,2.1982768383388418e-08,55.55,55.54999923706055,1.3734283488275878e-08,55.17,55.16999816894531,3.318931829365823e-08,55.17,55.16999816894531,3.318931829365823e-08,302300.0,302300.0,0.0
2010-01-04,55.55,55.560001373291016,0.00018004272351057615,55.9,55.900001525878906,2.7296581439628653e-08,55.08,55.08000183105469,3.3243549246719795e-08,55.16,55.15999984741211,2.7662778734338644e-09,465900.0,465900.0,0.0
2010-01-05,54.98,54.97999954223633,8.32600344224943e-09,55.05,55.04999923706055,1.3859027259144341e-08,54.2,54.20000076293945,1.4076373622273763e-08,54.67,54.66999816894531,3.349286059606271e-08,647600.0,647600.0,0.0
2010-01-06,54.42,54.41999816894531,3.3646723407443346e-08,54.92,54.91999816894531,3.334039855307225e-08,54.38,54.380001068115234,1.9641692272642786e-08,54.63,54.630001068115234,1.9551807284301503e-08,649600.0,649600.0,0.0
2010-01-07,54.35,54.349998474121094,2.807504895230295e-08,54.75,54.75,0.0,54.3,54.29999923706055,1.4050450247715673e-08,54.72,54.720001220703125,2.230817108817007e-08,357100.0,357100.0,0.0
2010-01-08,54.84,54.84000015258789,2.7824196280334945e-09,55.5,55.5,0.0,54.3,54.29999923706055,1.4050450247715673e-08,55.34,55.34000015258789,2.7572801819530923e-09,542500.0,542500.0,0.0
2010-01-11,55.25,55.25,0.0,55.59,55.59000015258789,2.744880100991054e-09,54.7,54.70000076293945,1.394770476892404e-08,55.35,55.349998474121094,2.7567821248020152e-08,445600.0,445600.0,0.0
2010-01-12,55.26,55.2599983215332,3.0373991988241755e-08,55.26,55.2599983215332,3.0373991988241755e-08,54.73,54.72999954223633,8.364035575247897e-09,54.87,54.869998931884766,1.9466288136982257e-08,370500.0,370500.0,0.0
2010-01-13,55.07,55.06999969482422,5.541597625224881e-09,55.83,55.83000183105469,3.2796967364134844e-08,54.55,54.54999923706055,1.3986057756376624e-08,55.78,55.779998779296875,2.188424397253641e-08,361500.0,361500.0,0.0
2010-01-14,55.41,55.40999984741211,2.7537969682356334e-09,55.87,55.869998931884766,1.911786706720875e-08,55.41,55.40999984741211,2.7537969682356334e-09,55.52,55.52000045776367,8.245022886654851e-09,243700.0,243700.0,0.0
2010-01-15,54.98,54.97999954223633,8.32600344224943e-09,55.89,55.88999938964844,1.0920586213103434e-08,54.59,54.59000015258789,2.7951618797317224e-09,54.81,54.810001373291016,2.5055482799629658e-08,652100.0,652100.0,0.0
2010-01-19,54.88,54.880001068115234,1.9462741196463185e-08,56.185,56.189998626708984,8.896728146279287e-05,54.88,54.880001068115234,1.9462741196463185e-08,56.12,56.119998931884766,1.9032701970012056e-08,565300.0,565300.0,0.0
2010-01-20,55.85,55.849998474121094,2.7321018891690585e-08,55.85,55.849998474121094,2.7321018891690585e-08,54.65,54.650001525878906,2.792093156678277e-08,55.19,55.189998626708984,2.488296813041302e-08,407900.0,407900.0,0.0
2010-01-21,55.84,55.84000015258789,2.732591042331478e-09,56.03,56.029998779296875,2.1786598747297603e-08,54.75,54.75,0.0,55.01,55.0099983215332,3.05120304577855e-08,612700.0,612700.0,0.0
2010-01-22,54.99,54.9900016784668,3.052312780305044e-08,55.3992,55.400001525878906,1.4468185080440676e-05,54.7,54.70000076293945,1.394770476892404e-08,54.8,54.79999923706055,1.3922252795062207e-08,608400.0,608400.0,0.0
2010-01-25,54.93,54.93000030517578,5.5557214384549525e-09,54.93,54.93000030517578,5.5557214384549525e-09,54.13,54.130001068115234,1.9732407707806487e-08,54.27,54.27000045776367,8.434930309775268e-09,537700.0,537700.0,0.0
2010-01-26,54.26,54.2599983215332,3.0933777983577215e-08,54.65,54.650001525878906,2.792093156678277e-08,53.69,53.689998626708984,2.5578152595961967e-08,53.81,53.810001373291016,2.5521111668425078e-08,353000.0,353000.0,0.0
2010-01-27,53.92,53.91999816894531,3.3958729384053754e-08,54.14,54.13999938964844,1.1273578959247743e-08,53.13,53.130001068115234,2.0103806397386847e-08,53.77,53.77000045776367,8.513365568063591e-09,484400.0,484400.0,0.0
2010-01-28,54.06,54.060001373291016,2.54030894097923e-08,54.06,54.060001373291016,2.54030894097923e-08,52.97,52.970001220703125,2.3045178876301975e-08,53.42,53.41999816894531,3.427657602195211e-08,543500.0,543500.0,0.0
2010-01-29,53.69,53.689998626708984,2.5578152595961967e-08,54.025,54.029998779296875,9.252715033558623e-05,52.9,52.900001525878906,2.8844591826171495e-08,52.91,52.90999984741211,2.883913996498677e-09,691600.0,691600.0,0.0
2010-02-01,53.26,52.90999984741211,0.006571538726772186,53.58,53.58000183105469,3.417421967633061e-08,52.7,52.70000076293945,1.4477029353088255e-08,53.48,53.47999954223633,8.559530084717437e-09,451200.0,451200.0,0.0
2010-02-02,53.66,53.65999984741211,2.8436057952774263e-09,53.66,53.65999984741211,2.8436057952774263e-09,52.995,52.9900016784668,9.43168512728132e-05,53.59,53.59000015258789,2.8473201574286122e-09,486400.0,486400.0,0.0
2010-02-03,53.25,53.25,0.0,54.65,54.650001525878906,2.792093156678277e-08,53.0,53.0,0.0,54.48,54.47999954223633,8.402416873387608e-09,861500.0,861500.0,0.0
2010-02-04,54.11,54.11000061035156,1.1279829292831778e-08,54.93,54.93000030517578,5.5557214384549525e-09,52.82,52.81999969482422,5.7776557982336385e-09,52.99,52.9900016784668,3.167516116064917e-08,1325700.0,1325700.0,0.0
2010-02-05,53.76,53.7599983215332,3.1221480512044764e-08,53.82,53.81999969482422,5.6703043371797435e-09,51.5,51.5,0.0,52.0,52.0,0.0,1974800.0,1974800.0,0.0
2010-02-08,52.21,52.209999084472656,1.7535478735730692e-08,52.39,52.38999938964844,1.1650153952658115e-08,50.97,50.970001220703125,2.3949443317405894e-08,51.16,51.15999984741211,2.982562308240233e-09,929700.0,929700.0,0.0
2010-02-09,51.63,51.630001068115234,2.0687879853653612e-08,52.02,52.02000045776367,8.79976291834339e-09,51.22,51.220001220703125,2.383254837923232e-08,51.55,51.54999923706055,1.4799989345171127e-08,652500.0,652500.0,0.0
2010-02-10,50.98,50.97999954223633,8.979279542131735e-09,51.75,51.75,0.0,50.88,50.880001068115234,2.0992830807031737e-08,51.2,51.20000076293945,1.4901161193847656e-08,370600.0,370600.0,0.0
2010-02-11,50.95,50.95000076293945,1.497427781771421e-08,51.88,51.880001068115234,2.0588188709425026e-08,50.62,50.619998931884766,2.110065644433945e-08,51.65,51.650001525878906,2.954267008803413e-08,603600.0,603600.0,0.0
2010-02-12,51.545,51.540000915527344,9.698485736076012e-05,51.545,51.540000915527344,9.698485736076012e-05,50.91,50.90999984741211,2.997208592425693e-09,51.36,51.36000061035156,1.1883792172540097e-08,545400.0,545400.0,0.0
2010-02-16,51.77,51.77000045776367,8.842257370744733e-09,52.45,52.45000076293945,1.4546033266782388e-08,51.61,51.61000061035156,1.1826226664624073e-08,52.45,52.45000076293945,1.4546033266782388e-08,627700.0,627700.0,0.0
2010-02-17,52.43,52.43000030517578,5.820632864583786e-09,53.2,53.20000076293945,1.4340967080528344e-08,52.08,52.08000183105469,3.515850011126531e-08,53.02,53.02000045776367,8.633792347723102e-09,620100.0,620100.0,0.0
2010-02-18,53.14,53.13999938964844,1.1485727591242778e-08,53.6,53.599998474121094,2.846789004529171e-08,53.03,53.029998779296875,2.301910473345714e-08,53.5,53.5,0.0,557700.0,557700.0,0.0
2010-02-19,53.29,53.290000915527344,1.7180096456570482e-08,54.55,54.54999923706055,1.3986057756376624e-08,53.29,53.290000915527344,1.7180096456570482e-08,54.3,54.29999923706055,1.4050450247715673e-08,806100.0,806100.0,0.0
2010-02-22,54.27,54.27000045776367,8.434930309775268e-09,54.64,54.63999938964844,1.1170416591710364e-08,53.99,53.9900016784668,3.1088475571650065e-08,54.6,54.599998474121094,2.794650011406219e-08,932100.0,932100.0,0.0
2010-02-23,54.46,54.459999084472656,1.6811005254524503e-08,54.68,54.68000030517578,5.581122453079956e-09,53.96,53.959999084472656,1.69667780935967e-08,53.98,53.97999954223633,8.480245838882183e-09,866100.0,866100.0,0.0
2010-02-24,54.34,54.34000015258789,2.8080213709813506e-09,54.93,54.93000030517578,5.5557214384549525e-09,53.96,53.959999084472656,1.69667780935967e-08,54.83,54.83000183105469,3.3395124665602793e-08,845400.0,845400.0,0.0
2010-02-25,54.26,54.2599983215332,3.0933777983577215e-08,56.0,56.0,0.0,54.13,54.130001068115234,1.9732407707806487e-08,55.93,55.93000030517578,5.4563880080849e-09,973800.0,973800.0,0.0
2010-02-26,56.09,56.09000015258789,2.720411673706735e-09,56.09,56.09000015258789,2.720411673706735e-09,54.96,54.959999084472656,1.665806670381187e-08,55.18,55.18000030517578,5.530550684085256e-09,774000.0,774000.0,0.0
2010-03-01,55.32,55.31999969482422,5.516554213436109e-09,55.57,55.56999969482422,5.491736176921336e-09,55.2,55.20000076293945,1.3821366939836821e-08,55.57,55.56999969482422,5.491736176921336e-09,410700.0,410700.0,0.0
2010-03-02,56.5,56.5,0.0,56.5,56.5,0.0,55.4301,55.43000030517578,1.798568363020614e-06,56.14,56.13999938964844,1.0871955113955778e-08,997600.0,997600.0,0.0
2010-03-03,56.31,56.310001373291016,2.4388048469603518e-08,56.41,56.40999984741211,2.7049793516198406e-09,55.58,55.58000183105469,3.2944488914665726e-08,55.78,55.779998779296875,2.188424397253641e-08,361800.0,361800.0,0.0
2010-03-04,55.75,55.75,0.0,55.83,55.83000183105469,3.2796967364134844e-08,55.2,55.20000076293945,1.3821366939836821e-08,55.3,55.29999923706055,1.3796373377061855e-08,542500.0,542500.0,0.0
2010-03-05,55.3,55.29999923706055,1.3796373377061855e-08,55.71,55.709999084472656,1.643380620475199e-08,55.26,55.2599983215332,3.0373991988241755e-08,55.35,55.349998474121094,2.7567821248020152e-08,364300.0,364300.0,0.0
2010-03-08,55.15,55.150001525878906,2.766779516605311e-08,55.16,55.15999984741211,2.7662778734338644e-09,54.57,54.56999969482422,5.592372787077693e-09,54.68,54.68000030517578,5.581122453079956e-09,392500.0,392500.0,0.0
2010-03-09,54.57,54.56999969482422,5.592372787077693e-09,54.91,54.90999984741211,2.778872465469817e-09,54.36,54.36000061035156,1.1227953677916958e-08,54.65,54.650001525878906,2.792093156678277e-08,382700.0,382700.0,0.0
2010-03-10,54.57,54.56999969482422,5.592372787077693e-09,54.7,54.70000076293945,1.394770476892404e-08,54.27,54.27000045776367,8.434930309775268e-09,54.38,54.380001068115234,1.9641692272642786e-08,622600.0,622600.0,0.0
2010-03-11,54.38,54.380001068115234,1.9641692272642786e-08,54.56,54.560001373291016,2.517028985238312e-08,54.03,54.029998779296875,2.259306175478315e-08,54.56,54.560001373291016,2.517028985238312e-08,514200.0,514200.0,0.0
2010-03-12,54.6,54.599998474121094,2.794650011406219e-08,54.86,54.86000061035156,1.1125620869023578e-08,54.2,54.20000076293945,1.4076373622273763e-08,54.49,54.4900016784668,3.080320776227552e-08,299600.0,299600.0,0.0
2010-03-15,54.59,54.59000015258789,2.7951618797317224e-09,55.04,55.040000915527344,1.663385429395703e-08,54.16,54.15999984741211,2.8173539057263497e-09,54.93,54.93000030517578,5.5557214384549525e-09,373700.0,373700.0,0.0
2010-03-16,54.82,54.81999969482422,5.566869409889819e-09,55.36,55.36000061035156,1.10251365814662e-08,54.82,54.81999969482422,5.566869409889819e-09,55.27,55.27000045776367,8.28231705440885e-09,271300.0,271300.0,0.0
2010-03-17,55.25,55.25,0.0,55.62,55.619998931884766,1.9203797774203224e-08,55.08,55.08000183105469,3.3243549246719795e-08,55.49,55.4900016784668,3.024809513973992e-08,326200.0,326200.0,0.0
2010-03-18,55.29,55.290000915527344,1.6558642457198403e-08,55.57,55.56999969482422,5.491736176921336e-09,55.156,55.15999984741211,7.251880869008076e-05,55.49,55.4900016784668,3.024809513973992e-08,312000.0,312000.0,0.0
2010-03-19,55.94,55.939998626708984,2.4549356658631893e-08,56.55,56.54999923706055,1.3491413763944138e-08,55.16,55.15999984741211,2.7662778734338644e-09,55.61,55.61000061035156,1.0975572006799439e-08,978700.0,978700.0,0.0
2010-03-22,55.53,55.529998779296875,2.1982768383388418e-08,56.25,56.25,0.0,55.14,55.13999938964844,1.1069125172014083e-08,56.1,56.099998474121094,2.7199267504940394e-08,457000.0,457000.0,0.0
2010-03-23,56.07,56.06999969482422,5.442764017260515e-09,56.44,56.439998626708984,2.4331874848293467e-08,56.02,56.02000045776367,8.171432863690598e-09,56.38,56.380001068115234,1.8944931401421172e-08,264200.0,264200.0,0.0
2010-03-24,55.49,55.4900016784668,3.024809513973992e-08,55.86,55.86000061035156,1.0926451077253319e-08,54.34,54.34000015258789,2.8080213709813506e-09,54.71,54.709999084472656,1.6734186480960034e-08,756500.0,756500.0,0.0
2010-03-25,54.75,54.779998779296875,0.0005479229095319837,54.93,54.93000030517578,5.5557214384549525e-09,54.41,54.40999984741211,2.8044089273038253e-09,54.5,54.5,0.0,514700.0,514700.0,0.0
2010-03-26,54.7,54.70000076293945,1.394770476892404e-08,54.7,54.70000076293945,1.394770476892404e-08,54.29,54.290000915527344,1.6863646035147895e-08,54.5,54.5,0.0,415900.0,415900.0,0.0
2010-03-29,54.72,54.720001220703125,2.230817108817007e-08,55.37,55.369998931884766,1.929050441606961e-08,54.52,54.52000045776367,8.396252137998772e-09,55.04,55.040000915527344,1.663385429395703e-08,358500.0,358500.0,0.0
2010-03-30,55.2,55.20000076293945,1.3821366939836821e-08,55.2,55.20000076293945,1.3821366939836821e-08,54.57,54.56999969482422,5.592372787077693e-09,54.9,54.900001525878906,2.7793787049645857e-08,302000.0,302000.0,0.0
2010-03-31,54.26,54.2599983215332,3.0933777983577215e-08,54.85,54.849998474121094,2.7819123227246223e-08,54.26,54.2599983215332,3.0933777983577215e-08,54.5,54.5,0.0,350900.0,350900.0,0.0
2010-04-01,54.67,54.66999816894531,3.349286059606271e-08,55.03,55.029998779296875,2.21825027235667e-08,54.27,54.27000045776367,8.434930309775268e-09,54.77,54.77000045776367,8.357927017144107e-09,378900.0,378900.0,0.0
2010-04-05,54.77,54.77000045776367,8.357927017144107e-09,55.17,55.16999816894531,3.318931829365823e-08,54.68,54.68000030517578,5.581122453079956e-09,55.08,55.08000183105469,3.3243549246719795e-08,385400.0,385400.0,0.0
2010-04-06,54.75,54.75,0.0,55.2485,55.25,2.715005837261586e-05,54.75,54.75,0.0,55.14,55.13999938964844,1.1069125172014083e-08,379100.0,379100.0,0.0
2010-04-07,54.88,54.880001068115234,1.9462741196463185e-08,54.91,54.90999984741211,2.778872465469817e-09,54.46,54.459999084472656,1.6811005254524503e-08,54.57,54.56999969482422,5.592372787077693e-09,420200.0,420200.0,0.0
2010-04-08,54.5,54.5,0.0,54.5,54.5,0.0,54.06,54.060001373291016,2.54030894097923e-08,54.35,54.349998474121094,2.807504895230295e-08,431800.0,431800.0,0.0
2010-04-09,54.29,54.290000915527344,1.6863646035147895e-08,54.58,54.58000183105469,3.354808875144499e-08,53.83,53.83000183105469,3.401550596748848e-08,54.58,54.58000183105469,3.354808875144499e-08,329800.0,329800.0,0.0
2010-04-12,54.7,54.70000076293945,1.394770476892404e-08,55.68,55.68000030517578,5.480886855480094e-09,54.49,54.4900016784668,3.080320776227552e-08,55.57,55.56999969482422,5.491736176921336e-09,539300.0,539300.0,0.0
2010-04-13,55.38,55.380001068115234,1.9287021091329848e-08,56.0,56.0,0.0,55.18,55.18000030517578,5.530550684085256e-09,55.81,55.810001373291016,2.460654036084975e-08,498500.0,498500.0,0.0
2010-04-14,55.8,55.79999923706055,1.3672750043269843e-08,55.93,55.93000030517578,5.4563880080849e-09,54.94,54.939998626708984,2.4996196112958557e-08,55.9,55.900001525878906,2.7296581439628653e-08,1100400.0,1100400.0,0.0
2010-04-15,55.16,55.15999984741211,2.7662778734338644e-09,56.0,56.0,0.0,55.14,55.13999938964844,1.1069125172014083e-08,55.75,55.75,0.0,569200.0,569200.0,0.0
2010-04-16,55.61,55.61000061035156,1.0975572006799439e-08,55.9375,55.939998626708984,4.466818697634878e-05,55.46,55.459999084472656,1.65078857250478e-08,55.66,55.65999984741211,2.741428084540587e-09,674800.0,674800.0,0.0
2010-04-19,55.66,55.65999984741211,2.741428084540587e-09,55.86,55.86000061035156,1.0926451077253319e-08,55.3,55.29999923706055,1.3796373377061855e-08,55.86,55.86000061035156,1.0926451077253319e-08,765100.0,765100.0,0.0
2010-04-20,55.95,55.95000076293945,1.3636093809665795e-08,56.12,56.119998931884766,1.9032701970012056e-08,55.48,55.47999954223633,8.250967353795602e-09,56.12,56.119998931884766,1.9032701970012056e-08,392500.0,392500.0,0.0
2010-04-21,55.91,55.90999984741211,2.7291698900810957e-09,55.99,55.9900016784668,2.997797454717954e-08,55.36,55.36000061035156,1.10251365814662e-08,55.75,55.75,0.0,613000.0,613000.0,0.0
2010-04-22,55.63,55.630001068115234,1.9200345757752757e-08,56.64,56.63999938964844,1.0775980996413637e-08,55.28,55.279998779296875,2.208218385923999e-08,56.56,56.560001373291016,2.428025136502754e-08,424600.0,424600.0,0.0
2010-04-23,56.99,56.9900016784668,2.9451952876513587e-08,57.34,57.34000015258789,2.661107112444938e-09,56.59,56.59000015258789,2.6963755672682055e-09,57.0,57.0,0.0,666600.0,666600.0,0.0
2010-04-26,56.87,56.869998931884766,1.8781699195891122e-08,57.45,57.45000076293945,1.3280060162657037e-08,56.82,56.81999969482422,5.370921929426231e-09,57.16,57.15999984741211,2.6694871868571113e-09,519200.0,519200.0,0.0
2010-04-27,56.95,56.95000076293945,1.3396654008346331e-08,57.18,57.18000030517578,5.337106978586803e-09,55.91,55.90999984741211,2.7291698900810957e-09,56.0,56.0,0.0,474300.0,474300.0,0.0
2010-04-28,56.09,56.09000015258789,2.720411673706735e-09,57.22,57.220001220703125,2.1333504518494806e-08,55.82,55.81999969482422,5.467140518078395e-09,57.07,57.06999969482422,5.347394083088375e-09,569700.0,569700.0,0.0
2010-04-29,57.5,57.5,0.0,58.2,58.20000076293945,1.3108925278615402e-08,57.14,57.13999938964844,1.0681686424263148e-08,58.1,58.099998474121094,2.6262976016155903e-08,763600.0,763600.0,0.0
2010-04-30,58.33,58.33000183105469,3.139130266838208e-08,59.525,59.529998779296875,8.397781263136395e-05,58.14,58.13999938964844,1.0497962943389894e-08,58.9,58.900001525878906,2.5906263356745285e-08,901700.0,901700.0,0.0
2010-05-03,58.91,58.90999984741211,2.590186509721093e-09,59.15,59.150001525878906,2.5796769387298468e-08,58.37,58.369998931884766,1.8299044612923865e-08,58.61,58.61000061035156,1.0413778506190852e-08,1095900.0,1095900.0,0.0
2010-05-04,58.23,58.22999954223633,7.861302941947201e-09,58.26,58.2599983215332,2.8809934660145586e-08,56.87,56.869998931884766,1.8781699195891122e-08,57.44,57.439998626708984,2.3908269697336948e-08,594200.0,594200.0,0.0
2010-05-05,57.28,57.279998779296875,2.131115794945515e-08,57.84,57.84000015258789,2.6381030693301e-09,57.05,57.04999923706055,1.3373171792174787e-08,57.44,57.439998626708984,2.3908269697336948e-08,515000.0,515000.0,0.0
2010-05-06,57.43,57.43000030517578,5.313874007484287e-09,57.57,57.56999969482422,5.300951566589163e-09,54.58,54.58000183105469,3.354808875144499e-08,56.03,56.029998779296875,2.1786598747297603e-08,915000.0,915000.0,0.0
2010-05-07,55.62,55.619998931884766,1.9203797774203224e-08,56.42,56.41999816894531,3.2454000153947504e-08,55.26,55.2599983215332,3.0373991988241755e-08,55.53,55.529998779296875,2.1982768383388418e-08,825500.0,825500.0,0.0
2010-05-10,56.86,56.86000061035156,1.0734287014813049e-08,57.8,57.79999923706055,1.3199644488537388e-08,56.78,56.779998779296875,2.1498822277976615e-08,57.64,57.63999938964844,1.0589027765739445e-08,613600.0,613600.0,0.0
2010-05-11,57.0,57.0,0.0,58.16,58.15999984741211,2.623588124528453e-09,56.78,56.779998779296875,2.1498822277976615e-08,57.57,57.56999969482422,5.300951566589163e-09,396000.0,396000.0,0.0
2010-05-12,57.58,57.58000183105469,3.1800185595898256e-08,57.93,57.93000030517578,5.268009362069392e-09,57.25,57.25,0.0,57.77,57.77000045776367,7.923899314477012e-09,595400.0,595400.0,0.0
2010-05-13,57.71,57.709999084472656,1.586427555988479e-08,57.77,57.77000045776367,7.923899314477012e-09,57.09,57.09000015258789,2.6727602353560087e-09,57.19,57.189998626708984,2.4012782207094574e-08,402700.0,402700.0,0.0
2010-05-14,57.05,57.04999923706055,1.3373171792174787e-08,57.17,57.16999816894531,3.202824361281387e-08,56.34,56.34000015258789,2.708340218759986e-09,56.7,56.70000076293945,1.3455722314148488e-08,504000.0,504000.0,0.0
2010-05-17,56.94,56.939998626708984,2.4118212427204355e-08,57.6,57.599998474121094,2.6490953208835322e-08,56.62,56.619998931884766,1.886462785982701e-08,57.44,57.439998626708984,2.3908269697336948e-08,611200.0,611200.0,0.0
2010-05-18,57.8,57.79999923706055,1.3199644488537388e-08,58.84,58.84000015258789,2.5932680447482426e-09,57.75,57.75,0.0,58.06,58.060001373291016,2.3652962699571844e-08,1033900.0,1033900.0,0.0
2010-05-19,58.05,58.04999923706055,1.314279840514132e-08,59.02,59.02000045776367,7.756077113896254e-09,57.73,57.72999954223633,7.92938970040069e-09,58.36,58.36000061035156,1.045838859958792e-08,1134500.0,1134500.0,0.0
2010-05-20,57.42,57.41999816894531,3.1888796381274176e-08,58.07,58.06999969482422,5.255308743734588e-09,56.74,56.7400016784668,2.958171996247927e-08,56.91,56.90999984741211,2.681214028577017e-09,931400.0,931400.0,0.0
2010-05-21,56.1,56.099998474121094,2.7199267504940394e-08,57.57,57.56999969482422,5.300951566589163e-09,56.033,56.029998779296875,5.3561663718282304e-05,57.54,57.540000915527344,1.591114595633769e-08,990000.0,990000.0,0.0
2010-05-24,57.29,56.84000015258789,0.007854771293630769,57.72,57.720001220703125,2.1148702789020035e-08,56.72,56.720001220703125,2.152156430845764e-08,56.76,56.7599983215332,2.9571296633612576e-08,532100.0,532100.0,0.0
2010-05-25,56.01,56.0099983215332,2.996726999882071e-08,56.82,56.81999969482422,5.370921929426231e-09,55.66,55.65999984741211,2.741428084540587e-09,56.7,56.70000076293945,1.3455722314148488e-08,826400.0,826400.0,0.0
2010-05-26,57.23,57.22999954223633,7.998666284869671e-09,58.25,58.25,0.0,56.18,56.18000030517578,5.432107208491743e-09,56.44,56.439998626708984,2.4331874848293467e-08,1108900.0,1108900.0,0.0
2010-05-27,57.18,57.18000030517578,5.337106978586803e-09,57.94,57.939998626708984,2.3701950513377312e-08,56.91,56.90999984741211,2.681214028577017e-09,57.94,57.939998626708984,2.3701950513377312e-08,910900.0,910900.0,0.0
2010-05-28,57.6,57.599998474121094,2.6490953208835322e-08,58.9,58.900001525878906,2.5906263356745285e-08,57.29,57.290000915527344,1.5980578638163934e-08,58.62,58.619998931884766,1.8221003594831586e-08,1040400.0,1040400.0,0.0
2010-06-01,58.28,58.279998779296875,2.094548945397179e-08,59.22,59.220001220703125,2.0613021289861422e-08,57.72,57.720001220703125,2.1148702789020035e-08,58.43,58.43000030517578,5.222929644332908e-09,1188600.0,1188600.0,0.0
2010-06-02,58.85,58.849998474121094,2.5928273750253084e-08,59.52,59.52000045776367,7.690921899339287e-09,58.13,58.130001068115234,1.837459540077191e-08,59.52,59.52000045776367,7.690921899339287e-09,804100.0,804100.0,0.0
2010-06-03,59.62,59.619998931884766,1.7915384620259545e-08,60.02,60.02000045776367,7.626852260855799e-09,59.525,59.529998779296875,8.397781263136395e-05,59.94,59.939998626708984,2.2911094688105038e-08,762100.0,762100.0,0.0
2010-06-04,59.05,59.04999923706055,1.2920227776547222e-08,59.74,59.7400016784668,2.8096196702520615e-08,58.135,58.130001068115234,8.598833550810259e-05,58.25,58.25,0.0,885900.0,885900.0,0.0
2010-06-07,58.18,58.18000030517578,5.2453725807311e-09,58.31,58.310001373291016,2.3551552263967324e-08,57.2,57.20000076293945,1.333810217829523e-08,57.3,57.29999923706055,1.3314824576227124e-08,577400.0,577400.0,0.0
2010-06-08,57.26,57.2599983215332,2.931307707676467e-08,58.985,58.9900016784668,8.479576954822932e-05,57.0,57.0,0.0,58.79,58.790000915527344,1.5572841460809173e-08,748000.0,748000.0,0.0
2010-06-09,59.32,59.31999969482422,5.14456810485342e-09,61.57,61.56999969482422,4.956566157510167e-09,59.2,59.20000076293945,1.28874906302201e-08,61.46,61.459999084472656,1.4896312183765303e-08,1933300.0,1933300.0,0.0
2010-06-10,62.2,62.20000076293945,1.226590762293256e-08,64.07,64.06999969482422,4.763161753906786e-09,61.93,61.93000030517578,4.927753538552793e-09,63.19,63.189998626708984,2.1732726951384507e-08,2318000.0,2318000.0,0.0
2010-06-11,62.8,62.79999923706055,1.2148717365434436e-08,63.6,63.599998474121094,2.399180676349033e-08,62.48,62.47999954223633,7.3265632449803775e-09,63.57,63.56999969482422,4.800625785783552e-09,983000.0,983000.0,0.0
2010-06-14,64.0,64.0,0.0,64.08,64.08000183105469,2.8574511423684612e-08,63.56,63.560001373291016,2.160621481728242e-08,63.72,63.720001220703125,1.9157299524508176e-08,986700.0,986700.0,0.0
2010-06-15,63.98,63.97999954223633,7.1547932023463545e-09,64.55,64.55000305175781,4.727742553001235e-08,63.785,63.790000915527344,7.840268914871551e-05,64.51,64.51000213623047,3.311471807876387e-08,918400.0,918400.0,0.0
2010-06-16,64.17,64.16999816894531,2.85344349260086e-08,64.85,64.8499984741211,2.352935857263816e-08,63.99,63.9900016784668,2.6230142058381034e-08,64.68,64.68000030517578,4.71824024295131e-09,837500.0,837500.0,0.0
2010-06-17,64.88,64.87999725341797,4.2333261784932574e-08,65.16,65.16000366210938,5.6201801434951904e-08,64.4,64.4000015258789,2.3693771833421806e-08,65.08,65.08000183105469,2.8135443974619534e-08,736400.0,736400.0,0.0
2010-06-18,65.09,65.08999633789062,5.6262242753568614e-08,66.12,66.12000274658203,4.1539353068387186e-08,65.02,65.0199966430664,5.162924621160414e-08,65.44,65.44000244140625,3.7307552824827894e-08,1408900.0,1408900.0,0.0
2010-06-21,65.76,65.76000213623047,3.248525648480438e-08,65.93,65.93000030517578,4.628784688875953e-09,64.88,64.87999725341797,4.2333261784932574e-08,65.27,65.2699966430664,5.1431493619524815e-08,814600.0,814600.0,0.0
2010-06-22,65.52,65.5199966430664,5.123525015360286e-08,66.3,66.30000305175781,4.602952974330776e-08,64.68,64.68000030517578,4.71824024295131e-09,64.8,64.80000305175781,4.709502809951971e-08,1081900.0,1081900.0,0.0
2010-06-23,64.93,64.93000030517578,4.700073441554764e-09,65.18,65.18000030517578,4.6820463062147155e-09,63.98,63.97999954223633,7.1547932023463545e-09,64.46,64.45999908447266,1.4203030418435958e-08,875100.0,875100.0,0.0
2010-06-24,64.5,64.5,0.0,65.05,65.05000305175781,4.691403243661796e-08,64.2201,64.22000122070312,1.538136765288911e-06,64.59,64.58999633789062,5.669777636274631e-08,766600.0,766600.0,0.0
2010-06-25,64.87,64.87000274658203,4.233978767587132e-08,66.19,66.19000244140625,3.688482030916873e-08,64.67,64.66999816894531,2.8313819178116262e-08,66.0,66.0,0.0,1101800.0,1101800.0,0.0
2010-06-28,66.12,66.12000274658203,4.1539353068387186e-08,67.03,67.02999877929688,1.8211295360615054e-08,65.38,65.37999725341797,4.200951397859143e-08,66.57,66.56999969482422,4.584283841424508e-09,849500.0,849500.0,0.0
2010-06-29,65.02,65.0199966430664,5.162924621160414e-08,66.75,66.75,0.0,65.02,65.0199966430664,5.162924621160414e-08,65.94,65.94000244140625,3.7024662669082886e-08,1294700.0,1294700.0,0.0
2010-06-30,65.68,65.68000030517578,4.6464034841875446e-09,66.33,66.33000183105469,2.760522677114352e-08,65.27,65.2699966430664,5.1431493619524815e-08,65.58,65.58000183105469,2.792093156678277e-08,1160200.0,1160200.0,0.0
2010-07-01,65.78,65.77999877929688,1.855735975997419e-08,65.83,65.83000183105469,2.781489727432529e-08,64.7107,64.70999908447266,1.0831524420940042e-05,65.24,65.23999786376953,3.2744182476562855e-08,1074700.0,1074700.0,0.0
2010-07-02,65.28,65.27999877929688,1.8699496395768733e-08,65.83,65.83000183105469,2.781489727432529e-08,64.27,64.2699966430664,5.223173471513576e-08,64.52,64.5199966430664,5.2029348829307764e-08,834200.0,834200.0,0.0
2010-07-06,64.93,64.93000030517578,4.700073441554764e-09,65.09,65.08999633789062,5.6262242753568614e-08,63.5,63.5,0.0,63.97,63.970001220703125,1.908243119075337e-08,959600.0,959600.0,0.0
2010-07-07,64.04,64.04000091552734,1.429617957349194e-08,65.25,65.25,0.0,63.74,63.7400016784668,2.633302154109174e-08,65.25,65.25,0.0,1084900.0,1084900.0,0.0
2010-07-08,65.6,65.5999984741211,2.326034909128083e-08,65.735,65.73999786376953,7.603048253645994e-05,64.62,64.62000274658203,4.250359064705833e-08,65.31,65.30999755859375,3.7381813644543627e-08,670300.0,670300.0,0.0
2010-07-09,65.5,65.5,0.0,67.0,67.0,0.0,65.2,65.19999694824219,4.680610143914521e-08,65.54,65.54000091552734,1.3968985967949266e-08,569000.0,569000.0,0.0
2010-07-12,65.64,65.63999938964844,9.298469882956795e-09,66.11,66.11000061035156,9.232363762379237e-09,65.25,65.25,0.0,65.95,65.94999694824219,4.6273810672126103e-08,454000.0,454000.0,0.0
2010-07-13,66.32,66.31999969482422,4.601564795869706e-09,66.8799,66.87999725341797,1.454150170054902e-06,65.8075,65.80999755859375,3.79524916422902e-05,66.23,66.2300033569336,5.068599717716893e-08,785800.0,785800.0,0.0
2010-07-14,66.15,66.1500015258789,2.306695234821632e-08,66.26,66.26000213623047,3.22401216834578e-08,65.64,65.63999938964844,9.298469882956795e-09,66.21,66.20999908447266,1.3827629374851824e-08,568500.0,568500.0,0.0
2010-07-15,66.15,66.1500015258789,2.306695234821632e-08,66.77,66.7699966430664,5.0276075969080125e-08,65.35,65.3499984741211,2.334933280057072e-08,65.87,65.87000274658203,4.1697009622865266e-08,711500.0,711500.0,0.0
2010-07-16,65.86,65.86000061035156,9.267409062374554e-09,65.9,65.9000015258789,2.315445990497267e-08,64.21,64.20999908447266,1.4258329517069512e-08,64.57,64.56999969482422,4.726278035604992e-09,926500.0,926500.0,0.0
2010-07-19,64.87,64.87000274658203,4.233978767587132e-08,65.54,65.54000091552734,1.3968985967949266e-08,64.29,64.29000091552734,1.4240586931890675e-08,64.96,64.95999908447266,1.4093708977647168e-08,465400.0,465400.0,0.0
2010-07-20,64.46,64.45999908447266,1.4203030418435958e-08,65.82,65.81999969482422,4.636520389844634e-09,64.37,64.37000274658203,4.266866593383156e-08,65.82,65.81999969482422,4.636520389844634e-09,778300.0,778300.0,0.0
2010-07-21,64.31,64.30999755859375,3.796308900572143e-08,65.31,65.30999755859375,3.7381813644543627e-08,63.1,63.099998474121094,2.4181916136178927e-08,63.91,63.90999984741211,2.3875432741959912e-09,1386100.0,1386100.0,0.0
2010-07-22,64.26,64.26000213623047,3.324354902467519e-08,64.84,64.83999633789062,5.647916989648394e-08,63.25,63.25,0.0,63.45,63.45000076293945,1.202426247459698e-08,1171900.0,1171900.0,0.0
2010-07-23,63.51,63.5099983215332,2.642838603517106e-08,64.8,64.80000305175781,4.709502809951971e-08,63.17,63.16999816894531,2.8986143596476666e-08,64.77,64.7699966430664,5.1828525360342326e-08,768600.0,768600.0,0.0
2010-07-26,64.73,64.7300033569336,5.186055296313441e-08,65.44,65.44000244140625,3.7307552824827894e-08,64.54,64.54000091552734,1.4185425056822965e-08,65.41,65.41000366210938,5.598699548414743e-08,672200.0,672200.0,0.0
2010-07-27,65.5,65.5,0.0,65.82,65.81999969482422,4.636520389844634e-09,63.71,63.709999084472656,1.4370229894922204e-08,64.51,64.51000213623047,3.311471807876387e-08,838700.0,838700.0,0.0
2010-07-28,64.5,64.5,0.0,64.53,64.52999877929688,1.8916831323601002e-08,63.33,63.33000183105469,2.8912911620437853e-08,63.89,63.88999938964844,9.553162705344675e-09,774700.0,774700.0,0.0
2010-07-29,62.78,62.779998779296875,1.944414029786401e-08,63.23,63.22999954223633,7.239659427504819e-09,61.02,61.02000045776367,7.501862908654289e-09,62.57,62.56999969482422,4.87734985732402e-09,1673900.0,1673900.0,0.0
2010-07-30,62.27,62.27000045776367,7.351271369415713e-09,63.03,63.029998779296875,1.93670176562577e-08,61.66,61.65999984741211,2.4746656945850987e-09,63.0,63.0,0.0,772400.0,772400.0,0.0
2010-08-02,63.72,63.720001220703125,1.9157299524508176e-08,64.1,64.0999984741211,2.3804663018545114e-08,63.02,63.02000045776367,7.263784018718411e-09,63.57,63.56999969482422,4.800625785783552e-09,657200.0,657200.0,0.0
2010-08-03,63.32,63.31999969482422,4.819579624282255e-09,64.37,64.37000274658203,4.266866593383156e-08,63.03,63.029998779296875,1.93670176562577e-08,63.67,63.66999816894531,2.8758515568938492e-08,679400.0,679400.0,0.0
2010-08-04,63.86,63.86000061035156,9.557650448854815e-09,64.52,64.5199966430664,5.2029348829307764e-08,63.78,63.779998779296875,1.9139277607216343e-08,64.38,64.37999725341797,4.266203834646376e-08,598100.0,598100.0,0.0
2010-08-05,63.94,63.939998626708984,2.14778075324773e-08,64.55,64.55000305175781,4.727742553001235e-08,63.78,63.779998779296875,1.9139277607216343e-08,64.16,64.16000366210938,5.707776473684589e-08,419700.0,419700.0,0.0
2010-08-06,63.5,63.5,0.0,64.26,64.26000213623047,3.324354902467519e-08,62.85,62.849998474121094,2.4278105081876333e-08,64.26,64.26000213623047,3.324354902467519e-08,516100.0,516100.0,0.0
2010-08-09,64.49,64.48999786376953,3.312498775276396e-08,65.065,65.06999969482422,7.68415403706868e-05,64.21,64.20999908447266,1.4258329517069512e-08,64.93,64.93000030517578,4.700073441554764e-09,428300.0,428300.0,0.0
2010-08-10,64.54,64.54000091552734,1.4185425056822965e-08,65.1499,65.1500015258789,1.558342820340286e-06,63.9,63.900001525878906,2.3879169086526986e-08,64.57,64.56999969482422,4.726278035604992e-09,476400.0,476400.0,0.0
2010-08-11,63.93,63.93000030517578,4.773592632290047e-09,64.13,64.12999725341797,4.2828349089418793e-08,63.2,63.20000076293945,1.2071826649417972e-08,63.62,63.619998931884766,1.6788985091054087e-08,841600.0,841600.0,0.0
2010-08-12,63.18,63.18000030517578,4.8302593036453345e-09,64.84,64.83999633789062,5.647916989648394e-08,62.7,62.70000076293945,1.21680931997048e-08,64.52,64.5199966430664,5.2029348829307764e-08,724200.0,724200.0,0.0
2010-08-13,64.24,64.23999786376953,3.325389885677765e-08,64.93,64.93000030517578,4.700073441554764e-09,64.13,64.12999725341797,4.2828349089418793e-08,64.76,64.76000213623047,3.298688167063801e-08,651300.0,651300.0,0.0
2010-08-16,64.76,64.76000213623047,3.298688167063801e-08,66.01,66.01000213623047,3.2362224899884495e-08,64.18,64.18000030517578,4.75499795093981e-09,65.76,65.76000213623047,3.248525648480438e-08,968200.0,968200.0,0.0
2010-08-17,66.3,66.30000305175781,4.602952974330776e-08,67.21,67.20999908447266,1.3621891614690185e-08,65.7,65.69999694824219,4.644989060054172e-08,67.0,67.0,0.0,674300.0,674300.0,0.0
2010-08-18,67.05,67.05000305175781,4.551465804247812e-08,67.47,67.47000122070312,1.8092531917091037e-08,66.42,66.41999816894531,2.7567821248020152e-08,67.06,67.05999755859375,3.64062966440315e-08,519700.0,519700.0,0.0
2010-08-19,66.81,66.80999755859375,3.6542527337424247e-08,66.86,66.86000061035156,9.128799938196153e-09,65.28,65.27999877929688,1.8699496395768733e-08,66.12,66.12000274658203,4.1539353068387186e-08,628300.0,628300.0,0.0
2010-08-20,64.98,64.9800033569336,5.166102789999627e-08,66.0,66.0,0.0,64.65,64.6500015258789,2.3602148457868566e-08,65.92,65.91999816894531,2.777692187372338e-08,771500.0,771500.0,0.0
2010-08-23,66.41,66.41000366210938,5.5143944965863056e-08,67.01,67.01000213623047,3.187927877235097e-08,65.62,65.62000274658203,4.185586743865599e-08,65.82,65.81999969482422,4.636520389844634e-09,565700.0,565700.0,0.0
2010-08-24,65.6,65.5999984741211,2.326034909128083e-08,65.82,65.81999969482422,4.636520389844634e-09,65.07,65.06999969482422,4.689961197179571e-09,65.2,65.19999694824219,4.680610143914521e-08,441700.0,441700.0,0.0
2010-08-25,64.64,64.63999938964844,9.442319925945242e-09,65.06,65.05999755859375,3.7525457297071796e-08,63.57,63.56999969482422,4.800625785783552e-09,64.88,64.87999725341797,4.2333261784932574e-08,800700.0,800700.0,0.0
2010-08-26,65.09,65.08999633789062,5.6262242753568614e-08,65.8,65.80000305175781,4.6379298179743955e-08,64.35,64.3499984741211,2.3712181773660745e-08,64.58,64.58000183105469,2.8353277947701372e-08,370800.0,370800.0,0.0
2010-08-27,64.77,64.7699966430664,5.1828525360342326e-08,66.21,66.20999908447266,1.3827629374851824e-08,64.32,64.31999969482422,4.744648229859649e-09,66.04,66.04000091552734,1.3863224346266634e-08,478800.0,478800.0,0.0
2010-08-30,66.02,66.0199966430664,5.084722187742585e-08,66.64,66.63999938964844,9.158937053221905e-09,65.31,65.30999755859375,3.7381813644543627e-08,66.25,66.25,0.0,526700.0,526700.0,0.0
2010-08-31,66.12,66.12000274658203,4.1539353068387186e-08,66.23,66.2300033569336,5.068599717716893e-08,65.27,65.2699966430664,5.1431493619524815e-08,65.5,65.5,0.0,524500.0,524500.0,0.0
2010-09-01,65.86,65.86000061035156,9.267409062374554e-09,66.92,66.91999816894531,2.736184534501973e-08,65.86,65.86000061035156,9.267409062374554e-09,66.56,66.55999755859375,3.667978143440109e-08,627800.0,627800.0,0.0
2010-09-02,66.5,66.5,0.0,66.61,66.61000061035156,9.1630620868699e-09,66.06,66.05999755859375,3.695740613540721e-08,66.5,66.5,0.0,438500.0,438500.0,0.0
2010-09-03,67.15,67.1500015258789,2.272343868625626e-08,67.32,67.31999969482422,4.5332111398010966e-09,66.39,66.38999938964844,9.193426131481885e-09,66.53,66.52999877929688,1.8348160657488677e-08,688000.0,688000.0,0.0
2010-09-07,66.42,66.41999816894531,2.7567821248020152e-08,66.81,66.80999755859375,3.6542527337424247e-08,66.03,66.02999877929688,1.8487098629726972e-08,66.31,66.30999755859375,3.6818070481281495e-08,347100.0,347100.0,0.0
2010-09-08,66.53,66.52999877929688,1.8348160657488677e-08,67.55,67.55000305175781,4.517776197587864e-08,66.4,66.4000015258789,2.2980103819847386e-08,67.49,67.48999786376953,3.16525480270613e-08,443400.0,443400.0,0.0
2010-09-09,67.75,67.75,0.0,68.89,68.88999938964844,8.859799116578415e-09,67.75,67.75,0.0,68.13,68.12999725341797,4.031384159830509e-08,655600.0,655600.0,0.0
2010-09-10,68.3,68.30000305175781,4.4681666366841455e-08,69.15,69.1500015258789,2.2066216853744436e-08,68.0319,68.02999877929688,2.794601801681118e-05,69.0,69.0,0.0,410700.0,410700.0,0.0
2010-09-13,69.3,69.30000305175781,4.4036909230271704e-08,69.46,69.45999908447266,1.3180641245114089e-08,68.69,68.69000244140625,3.554238237057916e-08,69.33,69.33000183105469,2.6410712283819748e-08,443500.0,443500.0,0.0
2010-09-14,69.3,69.30000305175781,4.4036909230271704e-08,70.0,70.0,0.0,69.15,69.1500015258789,2.2066216853744436e-08,69.86,69.86000061035156,8.73678152046864e-09,614000.0,614000.0,0.0
2010-09-15,69.56,69.55999755859375,3.509784718414011e-08,70.18,70.18000030517578,4.348472026904915e-09,69.27,69.2699966430664,4.846157919402572e-08,70.09,70.08999633789062,5.224867138942102e-08,502500.0,502500.0,0.0
2010-09-16,69.9,69.9000015258789,2.182945491036037e-08,70.015,70.0199966430664,7.136532266516227e-05,69.2,69.19999694824219,4.41005464368871e-08,69.66,69.66000366210938,5.257119406465449e-08,670700.0,670700.0,0.0
2010-09-17,69.94,69.94000244140625,3.490715250187293e-08,70.13,70.12999725341797,3.9164152698667465e-08,69.34,69.33999633789062,5.2813806994400636e-08,69.97,69.97000122070312,1.7446093014683584e-08,698200.0,698200.0,0.0
2010-09-20,70.3,70.30000305175781,4.341049519851481e-08,70.3,70.30000305175781,4.341049519851481e-08,69.58,69.58000183105469,2.6315819079414382e-08,69.78,69.77999877929688,1.7493595905193615e-08,505100.0,505100.0,0.0
2010-09-21,70.21,70.20999908447266,1.3039842428064219e-08,70.53,70.52999877929688,1.730757304141406e-08,69.65,69.6500015258789,2.1907809122367894e-08,70.36,70.36000061035156,8.674695406440946e-09,536100.0,536100.0,0.0
2010-09-22,70.4,70.4000015258789,2.1674416261774354e-08,70.98,70.9800033569336,4.729407709902489e-08,70.04,70.04000091552734,1.307149255502793e-08,70.19,70.19000244140625,3.4782821733969627e-08,324100.0,324100.0,0.0
2010-09-23,69.84,69.83999633789062,5.243570133650621e-08,70.0,70.0,0.0,68.5,68.5,0.0,68.61,68.61000061035156,8.895956415955197e-09,429600.0,429600.0,0.0
2010-09-24,69.35,69.3499984741211,2.200257964712904e-08,69.86,69.86000061035156,8.73678152046864e-09,68.83,68.83000183105469,2.6602567038125358e-08,69.86,69.86000061035156,8.73678152046864e-09,538600.0,538600.0,0.0
2010-09-27,69.75,69.75,0.0,69.98,69.9800033569336,4.796989983013589e-08,68.53,68.52999877929688,1.7812682440165872e-08,68.57,68.56999969482422,4.450572799186148e-09,380000.0,380000.0,0.0
2010-09-28,68.74,68.73999786376953,3.107696344706312e-08,69.59,69.58999633789062,5.262407498651811e-08,68.07,68.06999969482422,4.483263871257748e-09,68.95,68.94999694824219,4.426044697414255e-08,661800.0,661800.0,0.0
2010-09-29,68.65,68.6500015258789,2.2226932294699964e-08,70.3,70.30000305175781,4.341049519851481e-08,68.52,68.5199966430664,4.899202554753401e-08,69.75,69.75,0.0,427100.0,427100.0,0.0
2010-09-30,70.49,70.48999786376953,3.0305439935318645e-08,70.7,70.69999694824219,4.3164891327940325e-08,69.185,69.18000030517578,7.226558971196173e-05,69.48,69.4800033569336,4.8315106360163895e-08,538000.0,538000.0,0.0
2010-10-01,70.09,70.08999633789062,5.224867138942102e-08,71.1686,71.16999816894531,1.964586833680393e-05,70.07,70.06999969482422,4.3552986772610325e-09,70.73,70.7300033569336,4.746124115939665e-08,827300.0,827300.0,0.0
2010-10-04,70.87,70.87000274658203,3.875521414897776e-08,71.0,71.0,0.0,69.17,69.16999816894531,2.6471804082106587e-08,69.75,69.75,0.0,458200.0,458200.0,0.0
2010-10-05,70.46,70.45999908447266,1.2993575659869805e-08,72.05,72.05000305175781,4.2356111285002385e-08,70.35,70.3499984741211,2.1689820939307936e-08,71.77,71.7699966430664,4.677349296766664e-08,761000.0,761000.0,0.0
2010-10-06,71.51,71.51000213623047,2.987317104796716e-08,72.3,72.30000305175781,4.220965177381686e-08,70.79,70.79000091552734,1.2933003779025398e-08,71.91,71.91000366210938,5.092628807545907e-08,503100.0,503100.0,0.0
2010-10-07,72.23,72.2300033569336,4.647561380188847e-08,72.23,72.2300033569336,4.647561380188847e-08,71.2815,71.27999877929688,2.106045331706774e-05,71.46,71.45999908447266,1.2811745553342746e-08,326400.0,326400.0,0.0
2010-10-08,71.13,71.12999725341797,3.861355302170466e-08,72.1899,72.19000244140625,1.4190545527537068e-06,71.0304,71.02999877929688,5.648577272920896e-06,71.65,71.6500015258789,2.1296286067951087e-08,477700.0,477700.0,0.0
2010-10-11,71.58,71.58000183105469,2.558053502355051e-08,71.94,71.94000244140625,3.393670078288835e-08,71.0,71.0,0.0,71.16,71.16000366210938,5.1463032280096854e-08,267100.0,267100.0,0.0
2010-10-12,71.16,71.16000366210938,5.1463032280096854e-08,71.16,71.16000366210938,5.1463032280096854e-08,69.7505,69.75,7.168407395008458e-06,70.82,70.81999969482422,4.309175016814493e-09,640900.0,640900.0,0.0
2010-10-13,71.06,71.05999755859375,3.4356969491611267e-08,72.57,72.56999969482422,4.205260806244837e-09,71.06,71.05999755859375,3.4356969491611267e-08,72.19,72.19000244140625,3.3819175015992187e-08,390500.0,390500.0,0.0
2010-10-14,72.23,72.2300033569336,4.647561380188847e-08,72.55,72.55000305175781,4.206420145536072e-08,71.63,71.62999725341797,3.834401829383438e-08,71.9,71.9000015258789,2.1222237744922268e-08,229800.0,229800.0,0.0
2010-10-15,72.45,72.44999694824219,4.2122261123545e-08,72.67,72.66999816894531,2.5196844499753013e-08,71.36,71.36000061035156,8.553132868627245e-09,71.9,71.9000015258789,2.1222237744922268e-08,376300.0,376300.0,0.0
2010-10-18,71.75,71.75,0.0,72.77,72.7699966430664,4.613073500969733e-08,71.631,71.62999725341797,1.399877960706064e-05,72.62,72.62000274658203,3.782128921159256e-08,458600.0,458600.0,0.0
2010-10-19,72.3,72.30000305175781,4.220965177381686e-08,72.69,72.69000244140625,3.358654909746406e-08,70.86,70.86000061035156,8.613485258379683e-09,71.18,71.18000030517578,4.287380894751891e-09,303800.0,303800.0,0.0
2010-10-20,71.4,71.4000015258789,2.1370852865132406e-08,72.67,72.66999816894531,2.5196844499753013e-08,71.4,71.4000015258789,2.1370852865132406e-08,72.27,72.2699966430664,4.644989060054172e-08,302900.0,302900.0,0.0
2010-10-21,72.34,72.33999633789062,5.062357444352017e-08,72.88,72.87999725341797,3.768636147594151e-08,71.77,71.7699966430664,4.677349296766664e-08,72.21,72.20999908447266,1.2678677996369458e-08,350200.0,350200.0,0.0
2010-10-22,72.39,72.38999938964844,8.431434772582236e-09,72.39,72.38999938964844,8.431434772582236e-09,71.66,71.66000366210938,5.1103954401554574e-08,72.21,72.20999908447266,1.2678677996369458e-08,231300.0,231300.0,0.0
2010-10-25,72.71,72.70999908447266,1.2591491405089528e-08,73.45,73.44999694824219,4.1548778972888556e-08,72.5001,72.5,1.3793084423507906e-06,72.6,72.5999984741211,2.1017615758900376e-08,302200.0,302200.0,0.0
2010-10-26,72.24,72.23999786376953,2.9571296522590274e-08,73.35,73.3499984741211,2.0802711664380524e-08,72.03,72.02999877929688,1.6947148795409817e-08,72.78,72.77999877929688,1.6772507938078718e-08,369400.0,369400.0,0.0
2010-10-27,71.82,71.81999969482422,4.249175344916978e-09,71.97,71.97000122070312,1.696127727157659e-08,70.92,70.91999816894531,2.5818594040494247e-08,71.94,71.94000244140625,3.393670078288835e-08,518700.0,518700.0,0.0
2010-10-28,71.9,71.9000015258789,2.1222237744922268e-08,72.97,72.97000122070312,1.6728835428025945e-08,70.17,70.16999816894531,2.6094551630606588e-08,71.07,71.06999969482422,4.294016808792378e-09,749800.0,749800.0,0.0
2010-10-29,70.8,70.80000305175781,4.3103923985654546e-08,72.18,72.18000030517578,4.227982408622211e-09,70.4,70.4000015258789,2.1674416261774354e-08,71.74,71.73999786376953,2.9777396992614058e-08,418300.0,418300.0,0.0
2010-11-01,71.64,71.63999938964844,8.519703609266571e-09,72.85,72.8499984741211,2.0945489342949486e-08,71.05,71.05000305175781,4.2952256418260504e-08,71.48,71.4800033569336,4.696325661690537e-08,376200.0,376200.0,0.0
2010-11-02,72.05,72.05000305175781,4.2356111285002385e-08,72.95,72.94999694824219,4.183355473141859e-08,71.9,71.9000015258789,2.1222237744922268e-08,72.43,72.43000030517578,4.213389193097328e-09,427000.0,427000.0,0.0
2010-11-03,72.3,72.30000305175781,4.220965177381686e-08,72.38,72.37999725341797,3.794669833911968e-08,71.6,71.5999984741211,2.1311157838432848e-08,72.2,72.19999694824219,4.226811378682527e-08,378500.0,378500.0,0.0
2010-11-04,72.99,72.98999786376953,2.926744024911443e-08,73.0,73.0,0.0,71.986,71.98999786376953,5.553668448765592e-05,72.68,72.68000030517578,4.198896119689266e-09,660900.0,660900.0,0.0
2010-11-05,72.98,72.9800033569336,4.5997993858293285e-08,73.1695,73.16999816894531,6.808423527848717e-06,72.07,72.06999969482422,4.234435579952844e-09,72.39,72.38999938964844,8.431434772582236e-09,411300.0,411300.0,0.0
2010-11-08,71.85,71.8499984741211,2.123700626466274e-08,72.13,72.12999725341797,3.807822024359808e-08,71.0,71.0,0.0,71.49,71.48999786376953,2.988152836280733e-08,641500.0,641500.0,0.0
2010-11-09,71.48,71.4800033569336,4.696325661690537e-08,71.85,71.8499984741211,2.123700626466274e-08,70.95,70.94999694824219,4.3012795103436474e-08,71.61,71.61000061035156,8.523272754246136e-09,475600.0,475600.0,0.0
2010-11-10,71.74,71.73999786376953,2.9777396992614058e-08,72.14,72.13999938964844,8.460653733166623e-09,71.0,71.0,0.0,71.83,71.83000183105469,2.5491503352625955e-08,299500.0,299500.0,0.0
2010-11-11,71.15,71.1500015258789,2.1445943687581348e-08,72.16,72.16000366210938,5.074985276465327e-08,71.02,71.0199966430664,4.726743996208427e-08,72.08,72.08000183105469,2.54030894097923e-08,295200.0,295200.0,0.0
2010-11-12,71.49,71.48999786376953,2.988152836280733e-08,72.01,72.01000213623047,2.966574741414263e-08,70.82,70.81999969482422,4.309175016814493e-09,71.24,71.23999786376953,2.998639059281771e-08,353400.0,353400.0,0.0
2010-11-15,71.62,71.62000274658203,3.834937212232603e-08,72.59,72.58999633789062,5.044922690711218e-08,71.1606,71.16000366210938,8.38016951276721e-06,71.34,71.33999633789062,5.133318448091728e-08,338000.0,338000.0,0.0
2010-11-16,70.9,70.9000015258789,2.1521564086413036e-08,71.16,71.16000366210938,5.1463032280096854e-08,70.27,70.2699966430664,4.7771930966611365e-08,70.55,70.55000305175781,4.325666647098103e-08,528000.0,528000.0,0.0
2010-11-17,70.47,70.47000122070312,1.732230914264221e-08,70.84,70.83999633789062,5.169550221229002e-08,69.8,69.80000305175781,4.3721458675705094e-08,70.26,70.26000213623047,3.0404646578219285e-08,597100.0,597100.0,0.0
2010-11-18,70.94,70.94000244140625,3.441508678037053e-08,72.63,72.62999725341797,3.7816081821517855e-08,70.94,70.94000244140625,3.441508678037053e-08,71.51,71.51000213623047,2.987317104796716e-08,510900.0,510900.0,0.0
2010-11-19,71.64,71.63999938964844,8.519703609266571e-09,72.76,72.76000213623047,2.9359956910113283e-08,71.17,71.16999816894531,2.5727900698768735e-08,72.5,72.5,0.0,372300.0,372300.0,0.0
2010-11-22,71.73,71.7300033569336,4.679957599229567e-08,73.38,73.37999725341797,3.7429572441460834e-08,71.7,71.69999694824219,4.256287056136898e-08,72.78,72.77999877929688,1.6772507938078718e-08,327800.0,327800.0,0.0
2010-11-23,71.87,71.87000274658203,3.8215973718891405e-08,72.44,72.44000244140625,3.370246060008242e-08,71.5,71.5,0.0,72.12,72.12000274658203,3.808350013123629e-08,339400.0,339400.0,0.0
2010-11-24,72.5,72.5,0.0,74.29,74.29000091552734,1.2323695397498113e-08,72.5,72.5,0.0,73.8,73.80000305175781,4.135173181651908e-08,448600.0,448600.0,0.0
2010-11-26,73.34,73.33999633789062,4.993331581548688e-08,73.67,73.66999816894531,2.4854821312203512e-08,72.67,72.66999816894531,2.5196844499753013e-08,72.69,72.69000244140625,3.358654909746406e-08,211500.0,211500.0,0.0
2010-11-29,72.62,72.62000274658203,3.782128921159256e-08,73.62,73.62000274658203,3.730755260278329e-08,71.82,71.81999969482422,4.249175344916978e-09,73.4,73.4000015258789,2.078854088871651e-08,441600.0,441600.0,0.0
2010-11-30,72.4,72.4000015258789,2.107567542708466e-08,74.12,74.12000274658203,3.705588280666916e-08,72.4,72.4000015258789,2.107567542708466e-08,73.9,73.9000015258789,2.064788762190517e-08,963300.0,963300.0,0.0
2010-12-01,74.49,74.48999786376953,2.8678083796584986e-08,75.65,75.6500015258789,2.017024325340344e-08,74.38,74.37999725341797,3.692635153207391e-08,75.54,75.54000091552734,1.2119768744156545e-08,712100.0,712100.0,0.0
2010-12-02,75.5,75.5,0.0,77.5,77.5,0.0,75.07,75.06999969482422,4.065216163695595e-09,77.25,77.25,0.0,781800.0,781800.0,0.0
2010-12-03,76.91,76.91000366210938,4.761551664067554e-08,77.33,77.33000183105469,2.3678451865905004e-08,76.335,76.33999633789062,6.545277907421543e-05,77.12,77.12000274658203,3.5614393434357794e-08,425800.0,425800.0,0.0
2010-12-06,77.21,77.20999908447266,1.1857626436295732e-08,77.4699,77.47000122070312,1.3065810480217266e-06,76.59,76.58999633789062,4.781445850365884e-08,77.38,77.37999725341797,3.5494727712581664e-08,365800.0,365800.0,0.0
2010-12-07,78.02,78.0199966430664,4.3026577634108776e-08,78.335,78.33999633789062,6.378167984455452e-05,77.12,77.12000274658203,3.5614393434357794e-08,77.36,77.36000061035156,7.88975640375611e-09,487200.0,487200.0,0.0
2010-12-08,77.31,77.30999755859375,3.1579436732265265e-08,78.0583,78.05999755859375,2.174731698922905e-05,76.94,76.94000244140625,3.173130047606776e-08,77.22,77.22000122070312,1.5808121256455365e-08,528400.0,528400.0,0.0
2010-12-09,77.25,77.25,0.0,77.9896,77.98999786376953,5.101497757786788e-06,76.73,76.7300033569336,4.374994899691842e-08,77.78,77.77999877929688,1.5694306076952103e-08,408400.0,408400.0,0.0
2010-12-10,78.0,78.0,0.0,79.02,79.0199966430664,4.248207530199721e-08,77.65,77.6500015258789,1.9650726379438765e-08,78.59,78.58999633789062,4.65976508490229e-08,471300.0,471300.0,0.0
2010-12-13,79.02,79.0199966430664,4.248207530199721e-08,79.72,79.72000122070312,1.5312382473098296e-08,78.82,78.81999969482422,3.8718063199993935e-09,79.5,79.5,0.0,524000.0,524000.0,0.0
2010-12-14,79.89,79.88999938964844,7.639899379796589e-09,80.41,80.41000366210938,4.554295962577726e-08,79.44,79.44000244140625,3.073270704589959e-08,80.4,80.4000015258789,1.8978593363527807e-08,576200.0,576200.0,0.0
2010-12-15,80.08,80.08000183105469,2.28653183054206e-08,80.5925,80.58999633789062,3.106569605582088e-05,79.25,79.25,0.0,79.64,79.63999938964844,7.663881973485331e-09,897600.0,897600.0,0.0
2010-12-16,79.56,79.55999755859375,3.068635312519774e-08,79.6,79.5999984741211,1.916933289880518e-08,78.06,78.05999755859375,3.1276021661419406e-08,78.69,78.69000244140625,3.1025622737601566e-08,780200.0,780200.0,0.0
2010-12-17,78.72,78.72000122070312,1.5506899542216956e-08,79.201,79.19999694824219,1.2664635014814074e-05,77.98,77.9800033569336,4.304864820170451e-08,78.91,78.91000366210938,4.640868556116118e-08,1777600.0,1777600.0,0.0
2010-12-20,79.86,79.86000061035156,7.642769306315245e-09,80.34,80.33999633789062,4.5582640995078805e-08,78.45,78.44999694824219,3.890067323819579e-08,79.5,79.5,0.0,434500.0,434500.0,0.0
2010-12-21,79.97,79.97000122070312,1.5264513208990138e-08,80.64,80.63999938964844,7.568843773952949e-09,79.35,79.3499984741211,1.9229727810099462e-08,79.61,79.61000061035156,7.666770107661591e-09,260100.0,260100.0,0.0
2010-12-22,79.48,79.4800033569336,4.2236205199941423e-08,80.32,80.31999969482422,3.799499159740094e-09,79.48,79.4800033569336,4.2236205199941423e-08,79.94,79.94000244140625,3.05404834755052e-08,203200.0,203200.0,0.0
2010-12-23,79.74,79.73999786376953,2.678994814875324e-08,80.26,80.26000213623047,2.661637754641788e-08,79.27,79.2699966430664,4.234809625192071e-08,79.45,79.44999694824219,3.841104867507994e-08,287500.0,287500.0,0.0
2010-12-27,79.13,79.12999725341797,3.470974374586433e-08,80.42,80.41999816894531,2.2768648189064322e-08,78.39,78.38999938964844,7.78608955087634e-09,80.09,80.08999633789062,4.5724926733825555e-08,260500.0,260500.0,0.0
2010-12-28,80.03,80.02999877929688,1.5253069141074604e-08,80.63,80.62999725341797,3.4064021159352365e-08,79.8,79.80000305175781,3.824257910345352e-08,80.46,80.45999908447266,1.1378664344086076e-08,304700.0,304700.0,0.0
2010-12-29,80.68,80.68000030517578,3.782545610064858e-09,82.16,82.16000366210938,4.457289892734195e-08,80.67,80.66999816894531,2.2698087187578153e-08,81.78,81.77999877929688,1.4926670677262166e-08,495300.0,495300.0,0.0
2010-12-30,81.62,81.62000274658203,3.365084566553378e-08,81.84,81.83999633789062,4.474718207081452e-08,81.34,81.33999633789062,4.5022244599124406e-08,81.42,81.41999816894531,2.2489003770331806e-08,151600.0,151600.0,0.0
2010-12-31,81.22,81.22000122070312,1.5029587796533406e-08,81.48,81.4800033569336,4.119947960568027e-08,80.77,80.7699966430664,4.1561639130272e-08,80.92,80.91999816894531,2.2627962059651452e-08,265900.0,265900.0,0.0
2011-01-03,81.69,81.69000244140625,2.988623148958425e-08,82.21,82.20999908447266,1.1136447319870513e-08,81.41,81.41000366210938,4.4983532454523356e-08,81.65,81.6500015258789,1.8688045333448144e-08,367900.0,367900.0,0.0
2011-01-04,79.85,79.8499984741211,1.910931624049539e-08,80.0,80.0,0.0,77.29,77.29000091552734,1.1845353142803106e-08,79.26,79.26000213623047,2.695218848103309e-08,1237100.0,1237100.0,0.0
2011-01-05,79.45,79.44999694824219,3.841104867507994e-08,79.75,79.75,0.0,78.97,78.97000122070312,1.5457808366647896e-08,79.25,79.25,0.0,671200.0,671200.0,0.0
2011-01-06,79.0,79.0,0.0,79.37,79.37000274658203,3.4604788146097576e-08,78.21,78.20999908447266,1.1706013824941408e-08,78.57,78.56999969482422,3.8841259097921466e-09,376300.0,376300.0,0.0
2011-01-07,78.85,78.8499984741211,1.9351666491473907e-08,79.16,79.16000366210938,4.626211946856529e-08,77.39,77.38999938964844,7.886698072390175e-09,77.74,77.73999786376953,2.7479167274968574e-08,426900.0,426900.0,0.0
2011-01-10,77.41,77.41000366210938,4.730796243634927e-08,77.61,77.61000061035156,7.864341844410205e-09,76.57,76.56999969482422,3.985578866938511e-09,77.0,77.0,0.0,445700.0,445700.0,0.0
2011-01-11,77.19,77.19000244140625,3.162853023930268e-08,77.8,77.80000305175781,3.922567892722384e-08,76.73,76.7300033569336,4.374994899691842e-08,77.3,77.30000305175781,3.9479402635933525e-08,412600.0,412600.0,0.0
2011-01-12,77.72,77.72000122070312,1.5706422162864442e-08,78.64,78.63999938964844,7.761337239564625e-09,77.3,77.30000305175781,3.9479402635933525e-08,78.04,78.04000091552734,1.1731513760437906e-08,355900.0,355900.0,0.0
2011-01-13,78.0,78.0,0.0,78.1,78.0999984741211,1.9537501949606906e-08,77.01,77.01000213623047,2.773965013247448e-08,77.32,77.31999969482422,3.946919013841921e-09,387700.0,387700.0,0.0
2011-01-14,77.03,77.02999877929688,1.584711317725862e-08,78.16,78.16000366210938,4.6854009339014624e-08,76.9,76.9000015258789,1.9842378407020078e-08,78.13,78.12999725341797,3.51540000442796e-08,365100.0,365100.0,0.0
2011-01-18,78.09,78.08999633789062,4.68960094091031e-08,79.01,79.01000213623047,2.7037469374491252e-08,77.76,77.76000213623047,2.7472099484171508e-08,78.78,78.77999877929688,1.54950892117256e-08,443300.0,443300.0,0.0
2011-01-19,78.92,78.91999816894531,2.3201402576944474e-08,79.64,79.63999938964844,7.663881973485331e-09,78.63,78.62999725341797,3.4930459413828885e-08,79.02,79.0199966430664,4.248207530199721e-08,431700.0,431700.0,0.0
2011-01-20,78.71,78.70999908447266,1.1631652085952737e-08,79.78,79.77999877929688,1.5300866462730767e-08,78.3,78.30000305175781,3.8975195515433825e-08,78.64,78.63999938964844,7.761337239564625e-09,372800.0,372800.0,0.0
2011-01-21,78.55,78.55000305175781,3.8851149852803246e-08,79.27,79.2699966430664,4.234809625192071e-08,78.1,78.0999984741211,1.9537501949606906e-08,79.2,79.19999694824219,3.853229568751004e-08,636800.0,636800.0,0.0
2011-01-24,79.27,79.2699966430664,4.234809625192071e-08,80.61,80.61000061035156,7.571660631811028e-09,79.27,79.2699966430664,4.234809625192071e-08,80.27,80.2699966430664,4.1820525598090796e-08,456100.0,456100.0,0.0
2011-01-25,80.03,80.02999877929688,1.5253069141074604e-08,80.45,80.44999694824219,3.793359626413917e-08,79.2,79.19999694824219,3.853229568751004e-08,79.9,79.9000015258789,1.909735791727485e-08,342900.0,342900.0,0.0
2011-01-26,79.74,79.73999786376953,2.678994814875324e-08,80.05,80.05000305175781,3.8123145751356446e-08,79.11,79.11000061035156,7.715226457705171e-09,79.34,79.33999633789062,4.6157163868798534e-08,544700.0,544700.0,0.0
2011-01-27,79.45,79.44999694824219,3.841104867507994e-08,79.6792,79.68000030517578,1.0044091504290975e-05,78.9455,78.94999694824219,5.6962692518203184e-05,79.25,79.25,0.0,645700.0,645700.0,0.0
2011-01-28,79.46,79.45999908447266,1.1521864351493605e-08,79.85,79.8499984741211,1.910931624049539e-08,78.04,78.04000091552734,1.1731513760437906e-08,78.44,78.44000244140625,3.1124506083557435e-08,550700.0,550700.0,0.0
2011-01-31,78.26,78.26000213623047,2.7296581439628653e-08,79.0,79.0,0.0,77.83,77.83000183105469,2.3526335546364407e-08,78.49,78.48999786376953,2.7216593978529602e-08,824300.0,824300.0,0.0
2011-02-01,79.06,79.05999755859375,3.0880423107504384e-08,80.0,80.0,0.0,78.84,78.83999633789062,4.644989060054172e-08,79.7,79.69999694824219,3.829056227644401e-08,648300.0,648300.0,0.0
2011-02-02,79.34,79.33999633789062,4.6157163868798534e-08,79.51,79.51000213623047,2.6867443825295823e-08,77.61,77.61000061035156,7.864341844410205e-09,78.4,78.4000015258789,1.946274097441858e-08,520700.0,520700.0,0.0
2011-02-03,78.0,78.0,0.0,79.16,79.16000366210938,4.626211946856529e-08,77.34,77.33999633789062,4.73507807408069e-08,79.075,79.06999969482422,6.323496902671533e-05,469100.0,469100.0,0.0
2011-02-04,84.15,84.1500015258789,1.8132845003293596e-08,87.91,87.91000366210938,4.165748346274256e-08,82.46,82.45999908447266,1.1102684216446335e-08,83.63,83.62999725341797,3.284206651077426e-08,1740000.0,1740000.0,0.0
2011-02-07,84.1,84.0999984741211,1.814362549090731e-08,85.78,85.77999877929688,1.4230626343980646e-08,84.01,84.01000213623047,2.5428287919737613e-08,84.91,84.91000366210938,4.312930612648813e-08,833900.0,833900.0,0.0
2011-02-08,84.71,84.70999908447266,1.0807783445976327e-08,85.14,85.13999938964844,7.168799220913513e-09,84.01,84.01000213623047,2.5428287919737613e-08,85.0,85.0,0.0,642800.0,642800.0,0.0
2011-02-09,84.83,84.83000183105469,2.1584989795542242e-08,84.83,84.83000183105469,2.1584989795542242e-08,83.94,83.94000244140625,2.9085135189177436e-08,84.31,84.30999755859375,2.895749318110319e-08,436200.0,436200.0,0.0
2011-02-10,83.58,83.58000183105469,2.1907809122367894e-08,84.85,84.8499984741211,1.798325166557646e-08,83.51,83.51000213623047,2.5580534801505905e-08,84.46,84.45999908447266,1.0839774300386296e-08,418300.0,418300.0,0.0
2011-02-11,84.16,84.16000366210938,4.351365712196298e-08,84.75,84.75,0.0,83.58,83.58000183105469,2.1907809122367894e-08,84.28,84.27999877929688,1.4483900412365358e-08,370500.0,370500.0,0.0
2011-02-14,84.28,84.27999877929688,1.4483900412365358e-08,84.83,84.83000183105469,2.1584989795542242e-08,83.6201,83.62000274658203,1.1630387665162445e-06,84.83,84.83000183105469,2.1584989795542242e-08,441200.0,441200.0,0.0
2011-02-15,84.35,84.3499984741211,1.8089850617464265e-08,85.35,85.3499984741211,1.7877901603569057e-08,83.89,83.88999938964844,7.275617663893286e-09,84.9,84.9000015258789,1.797266069303305e-08,294600.0,294600.0,0.0
2011-02-16,84.17,84.16999816894531,2.1754243628713255e-08,85.69,85.69000244140625,2.8491145442899324e-08,84.17,84.16999816894531,2.1754243628713255e-08,85.51,85.51000213623047,2.4982229618331075e-08,635700.0,635700.0,0.0
2011-02-17,85.14,85.13999938964844,7.168799220913513e-09,86.7,86.69999694824219,3.519905211746277e-08,85.13,85.12999725341797,3.2263385740805006e-08,86.28,86.27999877929688,1.4148158644644582e-08,505500.0,505500.0,0.0
2011-02-18,86.2,86.19999694824219,3.5403222908847454e-08,87.38,87.37999725341797,3.143261650961904e-08,86.07,86.06999969482422,3.5456695357538592e-09,87.38,87.37999725341797,3.143261650961904e-08,541700.0,541700.0,0.0
2011-02-22,86.75,86.75,0.0,87.52,87.5199966430664,3.8356188225563415e-08,86.08,86.08000183105469,2.1271546080114945e-08,86.31,86.30999755859375,2.8286481934536312e-08,562600.0,562600.0,0.0
2011-02-23,86.25,86.25,0.0,86.56,86.55999755859375,2.820478572918006e-08,84.66,84.66000366210938,4.325666647098103e-08,84.66,84.66000366210938,4.325666647098103e-08,520500.0,520500.0,0.0
2011-02-24,84.61,84.61000061035156,7.213704744657434e-09,84.66,84.66000366210938,4.325666647098103e-08,84.11,84.11000061035156,7.256587331028186e-09,84.46,84.45999908447266,1.0839774300386296e-08,471800.0,471800.0,0.0
2011-02-25,84.76,84.76000213623047,2.520328523658577e-08,85.95,85.94999694824219,3.5506199091983603e-08,84.46,84.45999908447266,1.0839774300386296e-08,85.86,85.86000061035156,7.1086834196876225e-09,396500.0,396500.0,0.0
2011-02-28,86.3,86.30000305175781,3.536219939093144e-08,87.23,87.2300033569336,3.8483705111502786e-08,85.92,85.91999816894531,2.131115794945515e-08,86.42,86.41999816894531,2.1187858023630213e-08,507200.0,507200.0,0.0
2011-03-01,86.74,86.73999786376953,2.4627973993496255e-08,87.46,87.45999908447266,1.0467954947301905e-08,83.65,83.6500015258789,1.8241230081983417e-08,83.88,83.87999725341797,3.2744182476562855e-08,568100.0,568100.0,0.0
2011-03-02,84.04,84.04000091552734,1.0893947299805973e-08,85.8,85.80000305175781,3.5568272993558026e-08,83.79,83.79000091552734,1.0926451077253319e-08,85.54,85.54000091552734,1.0702914776672401e-08,531100.0,531100.0,0.0
2011-03-03,86.15,86.1500015258789,1.771188506971555e-08,87.33,87.33000183105469,2.0967075409217273e-08,85.81,85.80999755859375,2.845130231410309e-08,86.97,86.97000122070312,1.4035910433918275e-08,487400.0,487400.0,0.0
2011-03-04,86.57,86.56999969482422,3.525190916953136e-09,87.29,87.29000091552734,1.0488341528613887e-08,85.46,85.45999908447266,1.071293398435813e-08,85.9,85.9000015258789,1.7763433168838105e-08,329500.0,329500.0,0.0
2011-03-07,85.85,85.8499984741211,1.7773778671070772e-08,86.65,86.6500015258789,1.7609681490782236e-08,83.38,83.37999725341797,3.2940537630921085e-08,84.71,84.70999908447266,1.0807783445976327e-08,489800.0,489800.0,0.0
2011-03-08,84.74,84.73999786376953,2.520923370052941e-08,87.74,87.73999786376953,2.4347281302183887e-08,83.68,83.68000030517578,3.646938084855833e-09,87.55,87.55000305175781,3.4857313702119086e-08,624100.0,624100.0,0.0
2011-03-09,87.25,87.25,0.0,88.08,88.08000183105469,2.078854088871651e-08,86.24,86.23999786376953,2.4770761442027833e-08,87.69,87.69000244140625,2.7841330352273985e-08,524200.0,524200.0,0.0
2011-03-10,86.75,86.75,0.0,87.16,87.16000366210938,4.201594050456947e-08,85.96,85.95999908447266,1.0650620496654994e-08,86.35,86.3499984741211,1.7670861662821835e-08,507300.0,507300.0,0.0
2011-03-11,85.85,85.8499984741211,1.7773778671070772e-08,87.5299,87.52999877929688,1.1285206185096541e-06,85.85,85.8499984741211,1.7773778671070772e-08,86.87,86.87000274658203,3.161715245170171e-08,323800.0,323800.0,0.0
2011-03-14,86.7,86.69999694824219,3.519905211746277e-08,88.28,88.27999877929688,1.3827629485874127e-08,86.18,86.18000030517578,3.5411438226162772e-09,87.92,87.91999816894531,2.0826372737481336e-08,634900.0,634900.0,0.0
2011-03-15,85.58,85.58000183105469,2.1395824889580695e-08,87.22,87.22000122070312,1.3995679060130328e-08,85.29,85.29000091552734,1.0734287014813049e-08,86.54,86.54000091552734,1.0579239040353627e-08,598300.0,598300.0,0.0
2011-03-16,85.95,85.94999694824219,3.5506199091983603e-08,86.15,86.1500015258789,1.771188506971555e-08,83.55,83.55000305175781,3.6526125901659157e-08,84.81,84.80999755859375,2.878677340945046e-08,509000.0,509000.0,0.0
2011-03-17,85.74,85.73999786376953,2.491521422509635e-08,86.37,86.37000274658203,3.1800185595898256e-08,84.7,84.69999694824219,3.6030198491410204e-08,85.48,85.4800033569336,3.9271567553456066e-08,327700.0,327700.0,0.0
2011-03-18,86.04,86.04000091552734,1.0640717640342245e-08,87.45,87.44999694824219,3.489717337323839e-08,84.94,84.94000244140625,2.874271554098584e-08,85.23,85.2300033569336,3.938676051973289e-08,718400.0,718400.0,0.0
2011-03-21,86.5,86.5,0.0,86.5,86.5,0.0,85.27,85.2699966430664,3.9368284188157077e-08,86.02,86.0199966430664,3.90250358694999e-08,757900.0,757900.0,0.0
2011-03-22,86.12,86.12000274658203,3.18924990860836e-08,86.348,86.3499984741211,2.314441702289116e-05,85.49,85.48999786376953,2.498807416539961e-08,85.7,85.69999694824219,3.560977612782068e-08,283500.0,283500.0,0.0
2011-03-23,85.55,85.55000305175781,3.567221296130185e-08,86.9597,86.95999908447266,3.439345727551668e-06,85.01,85.01000213623047,2.5129166747461795e-08,86.51,86.51000213623047,2.4693451283752665e-08,280100.0,280100.0,0.0
2011-03-24,86.85,86.8499984741211,1.756912959560708e-08,87.97,87.97000122070312,1.387635695238032e-08,86.25,86.25,0.0,87.9,87.9000015258789,1.735925936330318e-08,372600.0,372600.0,0.0
2011-03-25,88.15,88.1500015258789,1.7310027189409993e-08,89.71,89.70999908447266,1.0205410072572363e-08,87.905,87.9000015258789,5.6862227644560726e-05,88.82,88.81999969482422,3.435890238989714e-09,415200.0,415200.0,0.0
2011-03-28,88.89,88.88999938964844,6.866369250957405e-09,89.2189,89.22000122070312,1.2342908320084334e-05,87.6,87.5999984741211,1.7418708919691994e-08,87.69,87.69000244140625,2.7841330352273985e-08,306700.0,306700.0,0.0
2011-03-29,87.45,87.44999694824219,3.489717337323839e-08,88.39,88.38999938964844,6.905210625518521e-09,86.85,86.8499984741211,1.756912959560708e-08,88.3,88.30000305175781,3.456124364475954e-08,310500.0,310500.0,0.0
2011-03-30,88.93,88.93000030517578,3.431640305251449e-09,88.98,88.9800033569336,3.772683299096968e-08,88.18,88.18000030517578,3.4608276244796343e-09,88.18,88.18000030517578,3.4608276244796343e-09,482400.0,482400.0,0.0
2011-03-31,88.41,88.41000366210938,4.1421891028292634e-08,88.97,88.97000122070312,1.3720390379390324e-08,87.72,87.72000122070312,1.3915904206740493e-08,88.67,88.66999816894531,2.0650216425721624e-08,439200.0,439200.0,0.0
2011-04-01,88.99,88.98999786376953,2.400528664736612e-08,91.03,91.02999877929688,1.3409899191074715e-08,88.91,88.91000366210938,4.118894803006867e-08,91.03,91.02999877929688,1.3409899191074715e-08,705000.0,705000.0,0.0
2011-04-04,91.54,91.54000091552734,1.0001391048675146e-08,92.29,92.29000091552734,9.920114285577597e-09,91.17,91.16999816894533,2.0083960494687858e-08,92.22,92.22000122070312,1.3236858942278218e-08,365700.0,365700.0,0.0
2011-04-05,91.91,91.91000366210938,3.984451502070385e-08,92.7,92.6999969482422,3.292079608918641e-08,90.9,90.9000015258789,1.6786346535013763e-08,92.56,92.55999755859376,2.6376471895517284e-08,493600.0,493600.0,0.0
2011-04-06,92.71,92.70999908447266,9.875173567763795e-09,93.03,93.02999877929688,1.3121607245203393e-08,91.86,91.86000061035156,6.644367056551914e-09,92.28,92.27999877929688,1.3228252382369021e-08,488700.0,488700.0,0.0
2011-04-07,91.91,91.91000366210938,3.984451502070385e-08,92.07,92.06999969482422,3.3146060340882855e-09,89.48,89.4800033569336,3.7516021400563204e-08,90.5,90.5,0.0,476600.0,476600.0,0.0
2011-04-08,90.59,90.58999633789062,4.0425095271245937e-08,90.67,90.66999816894533,2.0194713568066902e-08,89.06,89.05999755859375,2.7413050163183073e-08,89.7,89.69999694824219,3.4021826245123066e-08,346300.0,346300.0,0.0
2011-04-11,89.66,89.66000366210938,4.0844405191364785e-08,91.15,91.1500015258789,1.6740306030271768e-08,89.61,89.61000061035156,6.811199160239312e-09,90.35,90.3499984741211,1.6888532350378682e-08,463900.0,463900.0,0.0
2011-04-12,89.68,89.68000030517578,3.4029412621094934e-09,91.336,91.33999633789062,4.375424685365559e-05,89.65,89.6500015258789,1.7020400422396165e-08,90.43,90.43000030517578,3.3747182826004973e-09,425600.0,425600.0,0.0
2011-04-13,90.87,90.87000274658205,3.0225399294536714e-08,91.3,91.3000030517578,3.342560561669927e-08,89.92,89.91999816894531,2.0363152719582445e-08,90.69,90.69000244140624,2.6920346618553026e-08,343900.0,343900.0,0.0
2011-04-14,90.15,90.1500015258789,1.6925999934969127e-08,90.92,90.91999816894533,2.0139184764289553e-08,89.66,89.66000366210938,4.0844405191364785e-08,90.66,90.66000366210938,4.0393882461131625e-08,353400.0,353400.0,0.0
2011-04-15,91.03,91.02999877929688,1.3409899191074715e-08,91.93,91.93000030517578,3.3196538851143487e-09,90.03,90.02999877929688,1.3558848488415265e-08,91.93,91.93000030517578,3.3196538851143487e-09,426800.0,426800.0,0.0
2011-04-18,90.91,90.91000366210938,4.0282800428670384e-08,90.97,90.97000122070312,1.3418743893822693e-08,89.5,89.5,0.0,90.44,90.44000244140624,2.6994761537224576e-08,363000.0,363000.0,0.0
2011-04-19,90.71,90.70999908447266,1.009290417908204e-08,90.8999,90.9000015258789,1.1168975861952646e-06,90.22,90.22000122070312,1.3530293996311116e-08,90.66,90.66000366210938,4.0393882461131625e-08,302800.0,302800.0,0.0
2011-04-20,91.7,91.6999969482422,3.3279801581187485e-08,92.95,92.9499969482422,3.2832251806169666e-08,91.5329,91.52999877929688,3.1695933408903976e-05,92.91,92.91000366210938,3.9415664288000585e-08,340200.0,340200.0,0.0
2011-04-21,93.02,93.0199966430664,3.60882991268241e-08,93.96,93.95999908447266,9.743798878858456e-09,92.9301,92.93000030517578,1.072793682777018e-06,93.16,93.16000366210938,3.930989023182008e-08,278800.0,278800.0,0.0
2011-04-25,93.77,93.7699966430664,3.579965435207555e-08,94.489,94.48999786376952,1.0560634248646394e-05,93.33,93.33000183105467,1.961914364301265e-08,94.24,94.23999786376952,2.2667980492663276e-08,348300.0,348300.0,0.0
2011-04-26,94.42,94.41999816894533,1.9392657035766092e-08,95.71,95.70999908447266,9.56563928067311e-09,93.32,93.31999969482422,3.270207660222013e-09,93.43,93.43000030517578,3.266357406772613e-09,575100.0,575100.0,0.0
2011-04-27,93.94,93.94000244140624,2.5988995400183512e-08,94.63,94.62999725341795,2.9024432413038426e-08,92.8514,92.8499984741211,1.5094289142703055e-05,94.29,94.29000091552734,9.709697046389465e-09,625400.0,625400.0,0.0
2011-04-28,94.0,94.0,0.0,94.91,94.91000366210938,3.8585074024766186e-08,90.82,90.81999969482422,3.360226541460065e-09,91.12,91.12000274658205,3.014247185184615e-08,801700.0,801700.0,0.0
2011-04-29,91.43,91.43000030517578,3.3378078079238094e-09,91.95,91.9499969482422,3.318931807161363e-08,90.78,90.77999877929688,1.3446828872609728e-08,91.28,91.27999877929688,1.3373171792174787e-08,1082500.0,1082500.0,0.0
2011-05-02,91.97,91.97000122070312,1.32728403823279e-08,91.98,91.9800033569336,3.649634261471135e-08,90.51,90.51000213623048,2.360214867991317e-08,90.67,90.66999816894533,2.0194713568066902e-08,534000.0,534000.0,0.0
2011-05-03,90.26,90.26000213623048,2.366752127613836e-08,90.9071,90.91000366210938,3.1940982710754184e-05,88.96,88.95999908447266,1.0291449359378646e-08,89.75,89.75,0.0,579200.0,579200.0,0.0
2011-05-04,89.29,89.29000091552734,1.025341411775571e-08,89.93,89.93000030517578,3.3934812737612674e-09,88.29,88.29000091552734,1.036954744293439e-08,89.76,89.76000213623047,2.3799358928044967e-08,641000.0,641000.0,0.0
2011-05-05,89.53,89.52999877929688,1.3634570805720614e-08,89.84,89.83999633789062,4.076257098528657e-08,88.77,88.7699966430664,3.781608193254016e-08,89.35,89.3499984741211,1.7077547820321115e-08,559200.0,559200.0,0.0
2011-05-06,90.46,90.45999908447266,1.0120797422352723e-08,91.29,91.29000091552734,1.0028780028648043e-08,90.05,90.05000305175781,3.3889592687685877e-08,90.3,90.3000030517578,3.37957675178302e-08,784400.0,784400.0,0.0
2011-05-09,90.48,90.4800033569336,3.710138796186868e-08,91.41,91.41000366210938,4.006245890586513e-08,90.11,90.11000061035156,6.773405392124232e-09,90.97,90.97000122070312,1.3418743893822693e-08,339300.0,339300.0,0.0
2011-05-10,91.01,91.01000213623048,2.347248084788589e-08,92.13,92.12999725341795,2.9812026958175863e-08,90.7,90.6999969482422,3.3646723296421044e-08,91.89,91.88999938964844,6.6421979028064015e-09,399500.0,399500.0,0.0
2011-05-11,92.02,92.0199966430664,3.648047808280097e-08,92.19,92.19000244140624,2.6482332549093712e-08,91.04,91.04000091552734,1.005631955486308e-08,91.67,91.66999816894533,1.997441556600421e-08,405400.0,405400.0,0.0
2011-05-12,91.18,91.18000030517578,3.3469595983603995e-09,93.76,93.76000213623048,2.2784028219646757e-08,90.83,90.83000183105467,2.0159139912934165e-08,93.74,93.73999786376952,2.2788889220137776e-08,552000.0,552000.0,0.0
2011-05-13,93.66,93.66000366210938,3.9100036097750035e-08,93.9293,93.93000030517578,7.455662671684848e-06,92.74,92.73999786376952,2.3034618101824833e-08,93.02,93.0199966430664,3.60882991268241e-08,415100.0,415100.0,0.0
2011-05-16,92.3,92.3000030517578,3.3063464854876656e-08,92.49,92.48999786376952,2.3096880519268836e-08,91.23,91.2300033569336,3.679637816667025e-08,91.35,91.3499984741211,1.6703655125738237e-08,428600.0,428600.0,0.0
2011-05-17,91.56,91.55999755859376,2.6664550456523273e-08,92.2,92.1999969482422,3.3099325391638956e-08,90.891,90.88999938964844,1.1008904639231432e-05,91.79,91.79000091552734,9.974151282676758e-09,498900.0,498900.0,0.0
2011-05-18,92.01,92.01000213623048,2.3217372913109102e-08,92.95,92.9499969482422,3.2832251806169666e-08,91.44,91.44000244140624,2.6699543242969526e-08,92.66,92.66000366210938,3.9522009220860355e-08,408800.0,408800.0,0.0
2011-05-19,92.98,92.9800033569336,3.610382437457815e-08,93.36,93.36000061035156,6.537613117529872e-09,92.195,92.1999969482422,5.419977484910632e-05,92.72,92.72000122070312,1.3165478041088363e-08,286400.0,286400.0,0.0
2011-05-20,92.66,92.66000366210938,3.9522009220860355e-08,92.75,92.75,0.0,91.29,91.29000091552734,1.0028780028648043e-08,91.61,91.61000061035156,6.662499218990092e-09,323100.0,323100.0,0.0
2011-05-23,90.15,90.1500015258789,1.6925999934969127e-08,90.31,90.30999755859376,2.7033620120242574e-08,88.45,88.44999694824219,3.450263219573202e-08,88.77,88.7699966430664,3.781608193254016e-08,565800.0,565800.0,0.0
2011-05-24,88.66,88.66000366210938,4.130509112520997e-08,88.86,88.86000061035156,6.868687396632822e-09,87.16,87.16000366210938,4.201594050456947e-08,87.8,87.80000305175781,3.475806176211904e-08,716400.0,716400.0,0.0
2011-05-25,87.28,87.27999877929688,1.3986057867398927e-08,88.19,88.19000244140625,2.7683481729212644e-08,86.74,86.73999786376953,2.4627973993496255e-08,87.77,87.7699966430664,3.8246936173713664e-08,658100.0,658100.0,0.0
2011-05-26,87.33,87.33000183105469,2.0967075409217273e-08,89.49,89.48999786376953,2.387116393443023e-08,87.21,87.20999908447266,1.0497962832367591e-08,89.15,89.1500015258789,1.711585984054409e-08,568300.0,568300.0,0.0
2011-05-27,88.97,88.97000122070312,1.3720390379390324e-08,89.65,89.6500015258789,1.7020400422396165e-08,88.17,88.16999816894531,2.0767320974002246e-08,88.34,88.33999633789062,4.1454713328725745e-08,371300.0,371300.0,0.0
2011-05-31,88.78,88.77999877929688,1.3749753668967912e-08,89.22,89.22000122070312,1.3681944910359789e-08,87.8944,87.88999938964844,5.006701623277987e-05,89.09,89.08999633789062,4.110572882076724e-08,623800.0,623800.0,0.0
2011-06-01,88.98,88.9800033569336,3.772683299096968e-08,89.09,89.08999633789062,4.110572882076724e-08,87.22,87.22000122070312,1.3995679060130328e-08,87.32,87.31999969482422,3.4949126925809537e-09,427400.0,427400.0,0.0
2011-06-02,87.6,87.5999984741211,1.7418708919691994e-08,88.17,88.16999816894531,2.0767320974002246e-08,86.55,86.55000305175781,3.526005554199685e-08,87.61,87.61000061035156,6.966688337328719e-09,345900.0,345900.0,0.0
2011-06-03,86.37,86.37000274658203,3.1800185595898256e-08,86.72,86.72000122070312,1.4076373622273763e-08,85.67,85.66999816894531,2.137334764729104e-08,85.69,85.69000244140625,2.8491145442899324e-08,420700.0,420700.0,0.0
2011-06-06,85.54,85.05999755859375,0.005611438407835623,86.37,86.37000274658203,3.1800185595898256e-08,85.0,85.0,0.0,85.55,85.55000305175781,3.567221296130185e-08,439300.0,439300.0,0.0
2011-06-07,85.61,85.61000061035156,7.129442369802064e-09,86.29,86.29000091552734,1.0609889189439059e-08,85.16,85.16000366210938,4.3002693406180015e-08,85.7,85.69999694824219,3.560977612782068e-08,332500.0,332500.0,0.0
2011-06-08,85.36,85.36000061035156,7.150323000360004e-09,85.7396,85.73999786376953,4.640373520992114e-06,85.0,85.0,0.0,85.28,85.27999877929688,1.4314061047571158e-08,339200.0,339200.0,0.0
2011-06-09,85.81,85.80999755859375,2.845130231410309e-08,86.37,86.37000274658203,3.1800185595898256e-08,85.07,85.06999969482422,3.5873489734328246e-09,86.08,86.08000183105469,2.1271546080114945e-08,275500.0,275500.0,0.0
2011-06-10,85.6,85.5999984741211,1.782568803676554e-08,85.89,85.88999938964844,7.106200516915351e-09,84.86,84.86000061035156,7.1924530775646645e-09,84.9,84.9000015258789,1.797266069303305e-08,371600.0,371600.0,0.0
2011-06-13,85.72,85.72000122070312,1.424058715393528e-08,85.88,85.87999725341797,3.1981625792099067e-08,84.98,84.9800033569336,3.950263116614394e-08,85.05,85.05000305175781,3.588192609704777e-08,334700.0,334700.0,0.0
2011-06-14,85.57,85.56999969482422,3.5663874076163893e-09,86.0,86.0,0.0,85.19,85.19000244140625,2.865836656873455e-08,85.74,85.73999786376953,2.491521422509635e-08,456500.0,456500.0,0.0
2011-06-15,84.89,84.88999938964844,7.189911221949785e-09,85.57,85.56999969482422,3.5663874076163893e-09,84.39,84.38999938964844,7.2325104794046524e-09,84.39,84.38999938964844,7.2325104794046524e-09,642000.0,642000.0,0.0
2011-06-16,84.79,84.79000091552734,1.0797586158517447e-08,85.83,85.83000183105469,2.1333504518494806e-08,84.41,84.41000366210938,4.338478110099686e-08,85.68,85.68000030517578,3.561808847862835e-09,440600.0,440600.0,0.0
2011-06-17,86.92,86.91999816894531,2.106597662976384e-08,87.51,87.51000213623047,2.4411272558921837e-08,86.37,86.37000274658203,3.1800185595898256e-08,86.41,86.41000366210938,4.23806201244048e-08,584300.0,584300.0,0.0
2011-06-20,86.0,86.0,0.0,87.51,87.51000213623047,2.4411272558921837e-08,86.0,86.0,0.0,86.85,86.8499984741211,1.756912959560708e-08,267200.0,267200.0,0.0
2011-06-21,87.34,87.33999633789062,4.192934943691995e-08,87.38,87.37999725341797,3.143261650961904e-08,86.25,86.25,0.0,87.31,87.30999755859375,2.796250431202907e-08,339800.0,339800.0,0.0
2011-06-22,87.1,87.0999984741211,1.7518701489471766e-08,88.5,88.5,0.0,86.89,86.88999938964844,7.0244166039401534e-09,87.97,87.97000122070312,1.387635695238032e-08,473200.0,473200.0,0.0
2011-06-23,87.16,87.16000366210938,4.201594050456947e-08,87.53,87.52999877929688,1.3946111376839099e-08,86.2,86.19999694824219,3.5403222908847454e-08,86.98,86.9800033569336,3.859431574326777e-08,623900.0,623900.0,0.0
2011-06-24,87.02,87.0199966430664,3.857657537853498e-08,87.44,87.44000244140625,2.792093156678277e-08,85.0,85.0,0.0,85.61,85.61000061035156,7.129442369802064e-09,483000.0,483000.0,0.0
2011-06-27,85.19,85.19000244140625,2.865836656873455e-08,87.05,87.05000305175781,3.505752799171091e-08,84.99,84.98999786376953,2.5135080128357856e-08,86.83,86.83000183105469,2.108781171905605e-08,354100.0,354100.0,0.0
2011-06-28,86.89,86.88999938964844,7.0244166039401534e-09,87.82,87.81999969482422,3.4750144983775044e-09,86.82,86.81999969482422,3.5150400368166856e-09,87.77,87.7699966430664,3.8246936173713664e-08,421900.0,421900.0,0.0
2011-06-29,87.7,87.69999694824219,3.479769461467441e-08,88.5,88.5,0.0,87.5,87.5,0.0,88.15,88.1500015258789,1.7310027189409993e-08,432000.0,432000.0,0.0
2011-06-30,88.15,88.1500015258789,1.7310027189409993e-08,89.34,89.33999633789062,4.099070272101102e-08,88.01,88.01000213623047,2.427258793957776e-08,89.12,89.12000274658203,3.081891852829699e-08,360000.0,360000.0,0.0
2011-07-01,89.56,89.55999755859375,2.7260007251506124e-08,91.25,91.25,0.0,89.36,89.36000061035156,6.830254806189373e-09,91.22,91.22000122070312,1.338196797817659e-08,519500.0,519500.0,0.0
2011-07-05,90.99,90.98999786376952,2.3477640165303626e-08,92.1,92.0999984741211,1.6567631933028792e-08,90.89,90.88999938964844,6.715277445223933e-09,91.72,91.72000122070312,1.330901788776373e-08,537500.0,537500.0,0.0
2011-07-06,91.72,91.72000122070312,1.330901788776373e-08,92.57,92.56999969482422,3.296702799637785e-09,91.34,91.33999633789062,4.0093161568499625e-08,92.5,92.5,0.0,588800.0,588800.0,0.0
2011-07-07,93.09,93.08999633789062,3.933944980882842e-08,93.95,93.9499969482422,3.24827865716415e-08,92.45,92.4499969482422,3.300981932241598e-08,93.0,93.0,0.0,350500.0,350500.0,0.0
2011-07-08,92.35,92.3499984741211,1.65227818094138e-08,92.94,92.94000244140624,2.6268627495440455e-08,91.6,91.5999984741211,1.6658066592789567e-08,92.91,92.91000366210938,3.9415664288000585e-08,222700.0,222700.0,0.0
2011-07-11,92.17,92.16999816894533,1.9866059131068425e-08,92.31,92.30999755859376,2.6447906420479228e-08,91.04,91.04000091552734,1.005631955486308e-08,91.4,91.4000015258789,1.6694517546156362e-08,221400.0,221400.0,0.0
2011-07-12,91.47,91.47000122070312,1.3345393234942549e-08,91.792,91.79000091552734,2.1778417211293366e-05,91.04,91.04000091552734,1.005631955486308e-08,91.33,91.33000183105467,2.0048775528636043e-08,364200.0,364200.0,0.0
2011-07-13,92.19,92.19000244140624,2.6482332549093712e-08,92.74,92.73999786376952,2.3034618101824833e-08,91.33,91.33000183105467,2.0048775528636043e-08,91.49,91.48999786376952,2.3349333022615326e-08,264200.0,264200.0,0.0
2011-07-14,91.66,91.66000366210938,3.99531898676031e-08,92.01,92.01000213623048,2.3217372913109102e-08,89.73,89.7300033569336,3.7411496567330005e-08,89.9,89.9000015258789,1.6973068950321135e-08,301300.0,301300.0,0.0
2011-07-15,90.17,90.16999816894533,2.030669488117809e-08,90.93,90.93000030517578,3.3561615708777026e-09,89.77,89.7699966430664,3.739482667963756e-08,90.91,90.91000366210938,4.0282800428670384e-08,376200.0,376200.0,0.0
2011-07-18,90.46,90.45999908447266,1.0120797422352723e-08,90.46,90.45999908447266,1.0120797422352723e-08,89.51,89.51000213623047,2.3865830200975324e-08,89.8,89.80000305175781,3.398394010645234e-08,223800.0,223800.0,0.0
2011-07-19,90.57,90.56999969482422,3.3695017886969936e-09,92.11,92.11000061035156,6.626333259873718e-09,90.57,90.56999969482422,3.3695017886969936e-09,92.09,92.08999633789062,3.9766634540860935e-08,236300.0,236300.0,0.0
2011-07-20,91.99,91.98999786376952,2.3222420653112863e-08,92.07,92.06999969482422,3.3146060340882855e-09,91.04,91.04000091552734,1.005631955486308e-08,91.35,91.3499984741211,1.6703655125738237e-08,173100.0,173100.0,0.0
2011-07-21,91.36,91.36000061035156,6.680730857411277e-09,93.53,93.52999877929688,1.3051460800994619e-08,91.36,91.36000061035156,6.680730857411277e-09,92.6,92.5999984741211,1.647817382544048e-08,282400.0,282400.0,0.0
2011-07-22,92.61,92.61000061035156,6.590557877217407e-09,92.82,92.81999969482422,3.287823457931438e-09,91.59,91.58999633789062,3.9983725108605483e-08,92.19,92.19000244140624,2.6482332549093712e-08,204700.0,204700.0,0.0
2011-07-25,91.59,91.58999633789062,3.9983725108605483e-08,92.18,92.18000030517578,3.3106506425184534e-09,91.11,91.11000061035156,6.6990621938600725e-09,92.11,92.11000061035156,6.626333259873718e-09,307200.0,307200.0,0.0
2011-07-26,91.84,91.83999633789062,3.9874884394386356e-08,91.84,91.83999633789062,3.9874884394386356e-08,90.35,90.3499984741211,1.6888532350378682e-08,91.52,91.5199966430664,3.667978132337879e-08,304600.0,304600.0,0.0
2011-07-27,90.83,90.83000183105467,2.0159139912934165e-08,91.33,91.33000183105467,2.0048775528636043e-08,88.81,88.80999755859375,2.749021787984418e-08,89.46,89.45999908447266,1.0233929592651236e-08,460900.0,460900.0,0.0
2011-07-28,87.7,87.69999694824219,3.479769461467441e-08,87.97,87.97000122070312,1.387635695238032e-08,83.44,83.44000244140625,2.92594228845644e-08,84.36,84.36000061035156,7.2350825330858015e-09,1667200.0,1667200.0,0.0
2011-07-29,83.35,83.3499984741211,1.8306885452012978e-08,83.61,83.61000061035156,7.299982840436314e-09,82.0,82.0,0.0,82.12,82.12000274658203,3.3445957559052886e-08,1080100.0,1080100.0,0.0
2011-08-01,82.54,82.54000091552734,1.109192315773555e-08,83.0,83.0,0.0,81.18,81.18000030517578,3.759248246026914e-09,81.49,81.48999786376953,2.6214633241927743e-08,863300.0,863300.0,0.0
2011-08-02,80.87,80.87000274658203,3.396292846957749e-08,81.88,81.87999725341797,3.3543991584394917e-08,80.4,80.4000015258789,1.8978593363527807e-08,80.44,80.44000244140625,3.035064954914901e-08,877800.0,877800.0,0.0
2011-08-03,80.6,80.5999984741211,1.893150003429156e-08,82.78,82.77999877929688,1.4746353249606159e-08,78.12,78.12000274658203,3.515850011126531e-08,82.64,82.63999938964844,7.385667522008532e-09,1590100.0,1590100.0,0.0
2011-08-04,81.46,81.45999908447266,1.1238980301975232e-08,81.53,81.52999877929688,1.4972441175764573e-08,78.02,78.0199966430664,4.3026577634108776e-08,78.04,78.04000091552734,1.1731513760437906e-08,921800.0,921800.0,0.0
2011-08-05,78.61,78.61000061035156,7.764299203572023e-09,80.25,80.25,0.0,76.73,76.7300033569336,4.374994899691842e-08,78.81,78.80999755859375,3.097838152665844e-08,1358000.0,1358000.0,0.0
2011-08-08,76.19,76.19000244140625,3.204365728315395e-08,77.84,77.83999633789062,4.7046626150404336e-08,74.01,74.01000213623047,2.886407868274432e-08,74.09,74.08999633789062,4.942784959105495e-08,1150200.0,1150200.0,0.0
2011-08-09,75.1,75.0999984741211,2.0317961424431985e-08,78.72,78.72000122070312,1.5506899542216956e-08,73.05,73.05000305175781,4.1776287762473885e-08,78.72,78.72000122070312,1.5506899542216956e-08,1020800.0,1020800.0,0.0
2011-08-10,77.12,77.12000274658203,3.5614393434357794e-08,78.01,78.01000213623047,2.7384059242407943e-08,74.32,74.31999969482422,4.106240236723124e-09,74.45,74.44999694824219,4.099070272101102e-08,975800.0,975800.0,0.0
2011-08-11,74.89,74.88999938964844,8.149974140003735e-09,80.1,80.0999984741211,1.9049674171434106e-08,74.57,74.56999969482422,4.09247380428468e-09,79.22,79.22000122070312,1.540902716534731e-08,719100.0,719100.0,0.0
2011-08-12,79.45,79.44999694824219,3.841104867507994e-08,80.2,80.19999694824219,3.805184312088983e-08,77.7621,77.76000213623047,2.6977972168107378e-05,79.91,79.91000366210938,4.5827923678132265e-08,472000.0,472000.0,0.0
2011-08-15,80.47,80.47000122070312,1.516966730008562e-08,81.61,81.61000061035156,7.478881958178363e-09,79.83,79.83000183105469,2.2936924581884455e-08,80.84,80.83999633789062,4.5300709738960165e-08,513500.0,513500.0,0.0
2011-08-16,80.23,80.2300033569336,4.1841375919560164e-08,80.85,80.8499984741211,1.8872961082827544e-08,79.55,79.55000305175781,3.836276318835985e-08,80.44,80.44000244140625,3.035064954914901e-08,430900.0,430900.0,0.0
2011-08-17,80.73,80.7300033569336,4.158223210204426e-08,82.14,82.13999938964844,7.430625337256913e-09,80.3108,80.30999755859375,9.991699824296596e-06,80.8,80.80000305175781,3.776927992582557e-08,488200.0,488200.0,0.0
2011-08-18,79.19,79.19000244140625,3.0829729213976975e-08,79.72,79.72000122070312,1.5312382473098296e-08,77.79,77.79000091552734,1.1769216268220362e-08,79.225,79.22000122070312,6.30959835514755e-05,829500.0,829500.0,0.0
2011-08-19,78.09,78.08999633789062,4.68960094091031e-08,80.82,80.81999969482422,3.775993295818125e-09,78.01,78.01000213623047,2.7384059242407943e-08,79.96,79.95999908447266,1.144981665035516e-08,1133400.0,1133400.0,0.0
2011-08-22,81.24,81.23999786376953,2.629530360120924e-08,81.74,81.73999786376953,2.613445637678069e-08,80.021,80.0199966430664,1.253867026895783e-05,81.12,81.12000274658203,3.38582597514403e-08,553400.0,553400.0,0.0
2011-08-23,81.29,81.29000091552734,1.1262484056473454e-08,83.65,83.6500015258789,1.8241230081983417e-08,80.22,80.22000122070312,1.5216942594875604e-08,83.65,83.6500015258789,1.8241230081983417e-08,570600.0,570600.0,0.0
2011-08-24,83.62,83.62000274658203,3.2845994146768476e-08,84.6696,84.66999816894531,4.702619893270921e-06,82.63,82.62999725341797,3.3239525909500856e-08,84.41,84.41000366210938,4.338478110099686e-08,688700.0,688700.0,0.0
2011-08-25,84.82,84.81999969482422,3.597922404452447e-09,85.26,85.26000213623047,2.5055482799629658e-08,82.77,82.7699966430664,4.055737090613576e-08,83.15,83.1500015258789,1.8350918784548753e-08,572100.0,572100.0,0.0
2011-08-26,82.85,82.8499984741211,1.841736751995171e-08,84.46,84.45999908447266,1.0839774300386296e-08,81.38,81.37999725341797,3.3750086392281275e-08,84.34,84.33999633789062,4.342078940844374e-08,409500.0,409500.0,0.0
2011-08-29,84.17,84.16999816894531,2.1754243628713255e-08,87.38,87.37999725341797,3.143261650961904e-08,84.17,84.16999816894531,2.1754243628713255e-08,87.36,87.36000061035156,6.986625056271123e-09,551200.0,551200.0,0.0
2011-08-30,87.16,87.16000366210938,4.201594050456947e-08,87.83,87.83000183105469,2.0847713555482983e-08,86.29,86.29000091552734,1.0609889189439059e-08,87.4,87.4000015258789,1.7458568590811296e-08,355300.0,355300.0,0.0
2011-08-31,88.0,88.0,0.0,88.85,88.8499984741211,1.717365105680102e-08,87.0,87.0,0.0,87.71,87.70999908447266,1.0438118036582011e-08,427200.0,427200.0,0.0
2011-09-01,87.92,87.91999816894531,2.0826372737481336e-08,87.99,87.98999786376953,2.4278105081876333e-08,85.31,85.30999755859375,2.861805481479962e-08,85.5,85.5,0.0,627800.0,627800.0,0.0
2011-09-02,84.2,84.19999694824219,3.624415456648933e-08,84.488,84.48999786376953,2.3646716332814677e-05,82.74,82.73999786376953,2.5818593929471945e-08,82.83,82.83000183105469,2.210617755515898e-08,533100.0,533100.0,0.0
2011-09-06,80.78,80.77999877929688,1.5111452422722493e-08,82.78,82.77999877929688,1.4746353249606159e-08,79.98,79.9800033569336,4.197216285639627e-08,82.68,82.68000030517578,3.6910470235795856e-09,637800.0,637800.0,0.0
2011-09-07,83.79,83.79000091552734,1.0926451077253319e-08,84.31,84.30999755859375,2.895749318110319e-08,83.32,83.31999969482422,3.6626953692220354e-09,84.3,84.30000305175781,3.62011602916823e-08,386100.0,386100.0,0.0
2011-09-08,84.07,84.06999969482422,3.6300199512950826e-09,84.35,84.3499984741211,1.8089850617464265e-08,83.3,83.30000305175781,3.6635747990843015e-08,83.7,83.69999694824219,3.646066681906035e-08,351200.0,351200.0,0.0
2011-09-09,83.0,83.0,0.0,83.0,83.0,0.0,79.314,79.30999755859375,5.046323985979928e-05,80.18,80.18000030517578,3.806133408446044e-09,1118900.0,1118900.0,0.0
2011-09-12,79.26,79.23999786376953,0.00025236104252424063,81.05,81.05000305175781,3.765278000500416e-08,79.02,79.0199966430664,4.248207530199721e-08,80.87,80.87000274658203,3.396292846957749e-08,524100.0,524100.0,0.0
2011-09-13,81.18,81.18000030517578,3.759248246026914e-09,81.9429,81.94000244140625,3.5360703535602944e-05,80.25,80.25,0.0,81.61,81.61000061035156,7.478881958178363e-09,423800.0,423800.0,0.0
2011-09-14,81.89,81.88999938964844,7.453310080229869e-09,84.12,84.12000274658203,3.265076120584354e-08,80.39,80.38999938964844,7.59238172332033e-09,83.3,83.30000305175781,3.6635747990843015e-08,537800.0,537800.0,0.0
2011-09-15,84.14,84.13999938964844,7.254000067291599e-09,84.3,84.30000305175781,3.62011602916823e-08,82.73,82.7300033569336,4.0576980442352806e-08,83.82,83.81999969482422,3.6408467352089247e-09,339500.0,339500.0,0.0
2011-09-16,84.34,84.33999633789062,4.342078940844374e-08,84.97,84.97000122070312,1.4366283718203476e-08,83.35,83.3499984741211,1.8306885452012978e-08,83.92,83.91999816894531,2.1819050122218187e-08,685000.0,685000.0,0.0
2011-09-19,83.06,83.05999755859375,2.9393285028156413e-08,83.65,83.6500015258789,1.8241230081983417e-08,81.58,81.58000183105469,2.2444896830009498e-08,83.09,83.08999633789062,4.407400866490718e-08,389100.0,389100.0,0.0
2011-09-20,83.29,83.29000091552734,1.0992043941726592e-08,85.54,85.54000091552734,1.0702914776672401e-08,83.042,83.04000091552734,2.4073173486405253e-05,83.96,83.95999908447266,1.090432755201931e-08,521100.0,521100.0,0.0
2011-09-21,83.88,83.87999725341797,3.2744182476562855e-08,84.5,84.5,0.0,81.32,81.31999969482422,3.7527764229494665e-09,81.34,81.33999633789062,4.5022244599124406e-08,355000.0,355000.0,0.0
2011-09-22,79.41,79.41000366210938,4.6116476193347467e-08,80.99,80.98999786376953,2.6376472006539586e-08,78.06,78.05999755859375,3.1276021661419406e-08,78.73,78.7300033569336,4.263855690744833e-08,600800.0,600800.0,0.0
2011-09-23,78.0,78.0,0.0,80.76,80.76000213623047,2.6451590695586447e-08,77.85,77.8499984741211,1.960024276215222e-08,80.35,80.3499984741211,1.8990403249929955e-08,570700.0,570700.0,0.0
2011-09-26,80.62,80.62000274658203,3.406824644613948e-08,83.52,83.5199966430664,4.0193170347535556e-08,79.8,79.80000305175781,3.824257910345352e-08,83.42,83.41999816894531,2.1949828399314697e-08,549600.0,549600.0,0.0
2011-09-27,83.69,83.69000244140625,2.9172018800593946e-08,85.19,85.19000244140625,2.865836656873455e-08,83.19,83.19000244140625,2.9347352548114713e-08,83.93,83.93000030517578,3.6360749966490857e-09,467500.0,467500.0,0.0
2011-09-28,84.21,84.20999908447266,1.0871955113955778e-08,85.14,85.13999938964844,7.168799220913513e-09,81.43,81.43000030517578,3.747706811552121e-09,81.57,81.56999969482422,3.741274623436652e-09,521100.0,521100.0,0.0
2011-09-29,82.86,82.86000061035156,7.366057985791485e-09,83.09,83.08999633789062,4.407400866490718e-08,79.37,79.37000274658203,3.4604788146097576e-08,81.21,81.20999908447266,1.127357884822544e-08,325700.0,325700.0,0.0
2011-09-30,80.39,80.38999938964844,7.59238172332033e-09,81.61,81.61000061035156,7.478881958178363e-09,80.15,80.1500015258789,1.903779045520082e-08,80.72,80.72000122070312,1.5122684882129533e-08,535600.0,535600.0,0.0
2011-10-03,79.92,79.91999816894531,2.2911094688105038e-08,81.24,81.23999786376953,2.629530360120924e-08,77.99,77.98999786376953,2.7391081736105605e-08,78.7,78.69999694824219,3.8777100530573705e-08,531500.0,531500.0,0.0
2011-10-04,77.34,77.33999633789062,4.73507807408069e-08,80.35,80.3499984741211,1.8990403249929955e-08,76.23,76.2300033569336,4.4036909230271704e-08,80.23,80.2300033569336,4.1841375919560164e-08,741000.0,741000.0,0.0
2011-10-05,80.5,80.5,0.0,80.6,80.5999984741211,1.893150003429156e-08,79.1,79.0999984741211,1.929050441606961e-08,80.32,80.31999969482422,3.799499159740094e-09,424100.0,424100.0,0.0
2011-10-06,80.54,80.54000091552734,1.1367361940628484e-08,81.22,81.22000122070312,1.5029587796533406e-08,79.47,79.47000122070312,1.5360552829690732e-08,81.22,81.22000122070312,1.5029587796533406e-08,337100.0,337100.0,0.0
2011-10-07,81.6,81.5999984741211,1.869949628474643e-08,81.882,81.87999725341797,2.4458935810489635e-05,79.96,79.95999908447266,1.144981665035516e-08,80.56,80.55999755859375,3.030544004634095e-08,368200.0,368200.0,0.0
2011-10-10,81.83,81.83000183105469,2.2376325237161154e-08,83.74,83.73999786376953,2.5510275447615527e-08,81.64,81.63999938964844,7.476133823125508e-09,83.74,83.73999786376953,2.5510275447615527e-08,341800.0,341800.0,0.0
2011-10-11,83.61,83.61000061035156,7.299982840436314e-09,83.8,83.80000305175781,3.64171577338368e-08,82.81,82.80999755859375,2.9482022156912535e-08,83.26,83.26000213623047,2.5657344027152362e-08,215000.0,215000.0,0.0
2011-10-12,83.64,83.63999938964844,7.297364490455038e-09,84.67,84.66999816894531,2.1625778834355458e-08,83.33,83.33000183105469,2.1973535213604123e-08,83.44,83.44000244140625,2.92594228845644e-08,310900.0,310900.0,0.0
2011-10-13,83.31,83.30999755859375,2.9305080473385203e-08,83.66,83.66000366210938,4.377371953800946e-08,82.8,82.80000305175781,3.6856978358201786e-08,83.57,83.56999969482422,3.651738356147405e-09,239000.0,239000.0,0.0
2011-10-14,84.49,84.48999786376953,2.5283826032840295e-08,84.82,84.81999969482422,3.597922404452447e-09,83.44,83.44000244140625,2.92594228845644e-08,84.82,84.81999969482422,3.597922404452447e-09,215900.0,215900.0,0.0
2011-10-17,84.5,84.5,0.0,85.1,85.0999984741211,1.7930421813971975e-08,83.03,83.02999877929688,1.4701952655293837e-08,83.43,83.43000030517578,3.6578662321318234e-09,329900.0,329900.0,0.0
2011-10-18,83.64,83.63999938964844,7.297364490455038e-09,85.355,85.36000061035156,5.8586027198881396e-05,82.45,82.44999694824219,3.701343620488018e-08,84.95,84.94999694824219,3.592416497610884e-08,317500.0,317500.0,0.0
2011-10-19,84.98,84.9800033569336,3.950263116614394e-08,85.18,85.18000030517578,3.582716345817971e-09,82.67,82.66999816894531,2.2148961997814354e-08,83.02,83.0199966430664,4.043523960106654e-08,288600.0,288600.0,0.0
2011-10-20,82.75,82.75,0.0,83.09,83.08999633789062,4.407400866490718e-08,81.07,81.06999969482422,3.764349054691252e-09,82.45,82.44999694824219,3.701343620488018e-08,531200.0,531200.0,0.0
2011-10-21,83.54,83.54000091552734,1.0959149365774579e-08,84.08,84.08000183105469,2.1777529557454045e-08,82.6,82.5999984741211,1.8473110152683603e-08,84.04,84.04000091552734,1.0893947299805973e-08,424900.0,424900.0,0.0
2011-10-24,84.24,84.23999786376953,2.53588611220934e-08,85.94,85.94000244140625,2.8408264407531192e-08,84.24,84.23999786376953,2.53588611220934e-08,85.86,85.86000061035156,7.1086834196876225e-09,414400.0,414400.0,0.0
2011-10-25,85.68,85.68000030517578,3.561808847862835e-09,86.0,86.0,0.0,84.0,84.0,0.0,84.2,84.19999694824219,3.624415456648933e-08,514600.0,514600.0,0.0
2011-10-26,84.7,84.69999694824219,3.6030198491410204e-08,85.73,85.7300033569336,3.9157046494153747e-08,83.09,83.08999633789062,4.407400866490718e-08,85.46,85.45999908447266,1.071293398435813e-08,424200.0,424200.0,0.0
2011-10-27,87.56,87.55999755859375,2.788266617592683e-08,89.48,89.4800033569336,3.7516021400563204e-08,86.79,86.79000091552734,1.0548765194684506e-08,88.41,88.41000366210938,4.1421891028292634e-08,759800.0,759800.0,0.0
2011-10-28,88.29,88.29000091552734,1.036954744293439e-08,88.38,88.37999725341797,3.107696344706312e-08,84.17,84.16999816894531,2.1754243628713255e-08,84.34,84.33999633789062,4.342078940844374e-08,720700.0,720700.0,0.0
2011-10-31,83.28,83.27999877929688,1.4657818514507426e-08,85.34,85.33999633789062,4.291199173778182e-08,83.28,83.27999877929688,1.4657818514507426e-08,83.58,83.58000183105469,2.1907809122367894e-08,515800.0,515800.0,0.0
2011-11-01,81.15,81.1500015258789,1.8803190338090303e-08,82.99,82.98999786376953,2.574081769957104e-08,80.3,80.30000305175781,3.8004456026641265e-08,80.71,80.70999908447266,1.1343418870879418e-08,592700.0,592700.0,0.0
2011-11-02,81.69,81.69000244140625,2.988623148958425e-08,82.05,82.05000305175781,3.719387953182718e-08,80.7,80.69999694824219,3.781608193254016e-08,81.07,81.06999969482422,3.764349054691252e-09,545700.0,545700.0,0.0
2011-11-03,81.35,81.3499984741211,1.8756962538724054e-08,82.695,82.69999694824219,6.042624393476359e-05,80.86,80.86000061035156,7.548250913202992e-09,82.14,82.13999938964844,7.430625337256913e-09,501200.0,501200.0,0.0
2011-11-04,81.56,81.55999755859375,2.9933867717879536e-08,81.83,81.83000183105469,2.2376325237161154e-08,80.7,80.69999694824219,3.781608193254016e-08,81.09,81.08999633789062,4.5161047901309814e-08,373200.0,373200.0,0.0
2011-11-07,81.02,81.0199966430664,4.1433394049050776e-08,81.49,81.48999786376953,2.6214633241927743e-08,79.95,79.94999694824219,3.817082949719719e-08,81.48,81.4800033569336,4.119947960568027e-08,519000.0,519000.0,0.0
2011-11-08,81.96,81.95999908447266,1.1170416480688061e-08,82.54,82.54000091552734,1.109192315773555e-08,80.72,80.72000122070312,1.5122684882129533e-08,81.4,81.4000015258789,1.87454409772414e-08,449300.0,449300.0,0.0
2011-11-09,79.69,79.69000244140625,3.0636293724128905e-08,80.0,80.0,0.0,77.79,77.79000091552734,1.1769216268220362e-08,78.22,78.22000122070312,1.5606023140435354e-08,976900.0,976900.0,0.0
2011-11-10,79.03,79.02999877929688,1.5446072754166096e-08,79.46,79.45999908447266,1.1521864351493605e-08,77.25,77.25,0.0,77.85,77.8499984741211,1.960024276215222e-08,1037200.0,1037200.0,0.0
2011-11-11,78.9,78.9000015258789,1.9339402967943897e-08,79.89,79.88999938964844,7.639899379796589e-09,78.54,78.54000091552734,1.1656828835526767e-08,79.74,79.73999786376953,2.678994814875324e-08,794600.0,794600.0,0.0
2011-11-14,79.42,79.41999816894531,2.3055334752442036e-08,79.685,79.68000030517578,6.27432367976688e-05,78.15,78.1500015258789,1.952500183755035e-08,78.48,78.4800033569336,4.277438314659321e-08,519900.0,519900.0,0.0
2011-11-15,78.02,78.0199966430664,4.3026577634108776e-08,79.8,79.80000305175781,3.824257910345352e-08,78.0,78.0,0.0,79.32,79.31999969482422,3.847400065204454e-09,447400.0,447400.0,0.0
2011-11-16,78.54,78.54000091552734,1.1656828835526767e-08,78.85,78.8499984741211,1.9351666491473907e-08,77.28,77.27999877929688,1.5795847851940437e-08,77.53,77.52999877929688,1.574491326206129e-08,731100.0,731100.0,0.0
2011-11-17,77.17,77.16999816894531,2.3727545483964718e-08,78.0,78.0,0.0,76.32,76.31999969482422,3.998634312551985e-09,77.15,77.1500015258789,1.9778080284638122e-08,657500.0,657500.0,0.0
2011-11-18,77.04,77.04000091552734,1.1883791950495493e-08,78.2,78.19999694824219,3.9025035980522205e-08,76.76,76.76000213623047,2.7829995641326377e-08,77.87,77.87000274658203,3.5271375820045137e-08,688300.0,688300.0,0.0
2011-11-21,76.98,76.9800033569336,4.3607866873074386e-08,77.44,77.44000244140625,3.1526423693861716e-08,76.53,76.52999877929688,1.595064846870997e-08,76.75,76.75,0.0,516200.0,516200.0,0.0
2011-11-22,76.75,76.75,0.0,77.69,77.69000244140625,3.142497417840673e-08,76.59,76.58999633789062,4.781445850365884e-08,77.33,77.33000183105469,2.3678451865905004e-08,454700.0,454700.0,0.0
2011-11-23,76.75,76.75,0.0,77.1,77.0999984741211,1.9790906580219314e-08,76.0,76.0,0.0,76.49,76.48999786376953,2.7928231949303495e-08,424400.0,424400.0,0.0
2011-11-25,76.0,76.0,0.0,77.43,77.43000030517578,3.941311721433749e-09,75.94,75.94000244140625,3.2149147344284756e-08,77.07,77.06999969482422,3.959721994739596e-09,545300.0,545300.0,0.0
2011-11-28,78.6,78.5999984741211,1.9413217589026033e-08,78.73,78.7300033569336,4.263855690744833e-08,76.4,76.4000015258789,1.997223697536299e-08,77.95,77.94999694824219,3.915019652911411e-08,621100.0,621100.0,0.0
2011-11-29,78.67,78.66999816894531,2.3275132710054436e-08,78.69,78.69000244140625,3.1025622737601566e-08,77.3301,77.33000183105469,1.2694790944012269e-06,77.44,77.44000244140625,3.1526423693861716e-08,384900.0,384900.0,0.0
2011-11-30,79.7,79.69999694824219,3.829056227644401e-08,81.06,81.05999755859375,3.0118507909904224e-08,79.67,79.66999816894531,2.2982988401309967e-08,81.02,81.0199966430664,4.1433394049050776e-08,617800.0,617800.0,0.0
2011-12-01,80.95,80.94999694824219,3.769929357577695e-08,81.89,81.88999938964844,7.453310080229869e-09,80.46,80.45999908447266,1.1378664344086076e-08,80.53,80.52999877929688,1.515836489662803e-08,457000.0,457000.0,0.0
2011-12-02,81.27,81.2699966430664,4.1305938114355456e-08,81.53,81.52999877929688,1.4972441175764573e-08,79.48,79.4800033569336,4.2236205199941423e-08,79.67,79.66999816894531,2.2982988401309967e-08,278800.0,278800.0,0.0
2011-12-05,80.76,80.76000213623047,2.6451590695586447e-08,81.45,81.44999694824219,3.7467867586293835e-08,80.31,80.30999755859375,3.039977902741242e-08,80.77,80.7699966430664,4.1561639130272e-08,467700.0,467700.0,0.0
2011-12-06,80.71,80.70999908447266,1.1343418870879418e-08,81.18,81.18000030517578,3.759248246026914e-09,80.19,80.19000244140625,3.044527052686874e-08,80.24,80.23999786376953,2.662301179512383e-08,272500.0,272500.0,0.0
2011-12-07,79.95,79.94999694824219,3.817082949719719e-08,80.1274,80.12999725341797,3.241404835274686e-05,78.55,78.55000305175781,3.8851149852803246e-08,78.94,78.94000244140625,3.092736577947619e-08,413000.0,413000.0,0.0
2011-12-08,78.22,78.22000122070312,1.5606023140435354e-08,79.1,79.0999984741211,1.929050441606961e-08,77.19,77.19000244140625,3.162853023930268e-08,77.23,77.2300033569336,4.346670445798395e-08,522700.0,522700.0,0.0
2011-12-09,77.65,77.6500015258789,1.9650726379438765e-08,79.59,79.58999633789062,4.601217962196813e-08,77.28,77.27999877929688,1.5795847851940437e-08,79.18,79.18000030517578,3.8542027347432395e-09,485000.0,485000.0,0.0
2011-12-12,78.76,78.76000213623047,2.7123291834740826e-08,79.19,79.19000244140625,3.0829729213976975e-08,78.37,78.37000274658203,3.5046344715183864e-08,78.99,78.98999786376953,2.7044315231705696e-08,430700.0,430700.0,0.0
2011-12-13,79.61,79.61000061035156,7.666770107661591e-09,79.95,79.94999694824219,3.817082949719719e-08,77.51,77.51000213623047,2.756070771603447e-08,77.77,77.7699966430664,4.316489121691802e-08,377500.0,377500.0,0.0
2011-12-14,77.42,77.41999816894531,2.365092599543317e-08,77.61,77.61000061035156,7.864341844410205e-09,76.22,76.22000122070312,1.60155224637748e-08,76.41,76.41000366210938,4.7927095625510674e-08,565900.0,565900.0,0.0
2011-12-15,77.38,77.37999725341797,3.5494727712581664e-08,77.55,77.55000305175781,3.935213177541641e-08,76.04,76.04000091552734,1.2040075381136717e-08,76.22,76.22000122070312,1.60155224637748e-08,501000.0,501000.0,0.0
2011-12-16,76.76,76.76000213623047,2.7829995641326377e-08,78.025,78.02999877929688,6.406637996625442e-05,75.8,75.80000305175781,4.026065725248884e-08,76.51,76.51000213623047,2.7920931344738165e-08,697900.0,697900.0,0.0
2011-12-19,76.84,76.83999633789062,4.765889349833685e-08,77.7,77.69999694824219,3.927616232246578e-08,76.22,76.22000122070312,1.60155224637748e-08,76.38,76.37999725341797,3.5959439981247954e-08,321700.0,321700.0,0.0
2011-12-20,77.52,77.5199966430664,4.3304096863927555e-08,79.0,79.0,0.0,77.475,77.47000122070312,6.452119131161727e-05,78.37,78.37000274658203,3.5046344715183864e-08,357900.0,357900.0,0.0
2011-12-21,78.11,78.11000061035156,7.814000335670812e-09,78.68,78.68000030517578,3.8786955869341e-09,77.63,77.62999725341797,3.538042026018928e-08,78.39,78.38999938964844,7.78608955087634e-09,265800.0,265800.0,0.0
2011-12-22,78.49,78.48999786376953,2.7216593978529602e-08,79.1,79.0999984741211,1.929050441606961e-08,78.14,78.13999938964844,7.81100029101367e-09,78.2,78.19999694824219,3.9025035980522205e-08,252000.0,252000.0,0.0
2011-12-23,78.23,78.2300033569336,4.291107735809874e-08,78.6,78.5999984741211,1.9413217589026033e-08,77.54,77.54000091552734,1.180716191484521e-08,78.21,78.20999908447266,1.1706013824941408e-08,256800.0,256800.0,0.0
2011-12-27,78.2,78.19999694824219,3.9025035980522205e-08,78.94,78.94000244140625,3.092736577947619e-08,78.12,78.12000274658203,3.515850011126531e-08,78.56,78.55999755859375,3.107696344706312e-08,196500.0,196500.0,0.0
2011-12-28,78.86,78.86000061035156,7.739685115026873e-09,78.95,78.94999694824219,3.865431053018398e-08,77.9,77.9000015258789,1.9587662380970983e-08,78.28,78.27999877929688,1.5594061375523438e-08,228300.0,228300.0,0.0
2011-12-29,78.75,78.75,0.0,78.86,78.86000061035156,7.739685115026873e-09,77.5,77.5,0.0,78.51,78.51000213623047,2.720966074676312e-08,296100.0,296100.0,0.0
2011-12-30,78.46,78.45999908447266,1.1668714439139194e-08,78.75,78.75,0.0,77.6,77.5999984741211,1.9663387917923103e-08,77.92,77.91999816894531,2.3499161838635985e-08,217400.0,217400.0,0.0
2012-01-03,78.95,78.94999694824219,3.865431053018398e-08,80.34,80.33999633789062,4.5582640995078805e-08,77.4,77.4000015258789,1.971419760771198e-08,77.49,77.48999786376953,2.756782113699785e-08,517900.0,517900.0,0.0
2012-01-04,77.31,77.30999755859375,3.1579436732265265e-08,77.31,77.30999755859375,3.1579436732265265e-08,76.0505,76.05000305175781,6.534450689876792e-06,76.72,76.72000122070312,1.591114595633769e-08,500400.0,500400.0,0.0
2012-01-05,76.62,76.62000274658203,3.584680285939612e-08,77.04,77.04000091552734,1.1883791950495493e-08,75.75,75.75,0.0,76.93,76.93000030517578,3.96692811932553e-09,283400.0,283400.0,0.0
2012-01-06,76.92,76.91999816894531,2.3804663129567416e-08,77.7,77.69999694824219,3.927616232246578e-08,76.5,76.5,0.0,77.45,77.44999694824219,3.940294146520529e-08,274700.0,274700.0,0.0
2012-01-09,77.84,77.83999633789062,4.7046626150404336e-08,78.14,78.13999938964844,7.81100029101367e-09,77.0,77.0,0.0,77.36,77.36000061035156,7.88975640375611e-09,347600.0,347600.0,0.0
2012-01-10,78.97,78.97000122070312,1.5457808366647896e-08,80.39,80.38999938964844,7.59238172332033e-09,78.56,78.55999755859375,3.107696344706312e-08,79.81,79.80999755859375,3.059022990470339e-08,669500.0,669500.0,0.0
2012-01-11,80.2,80.19999694824219,3.805184312088983e-08,80.92,80.91999816894531,2.2627962059651452e-08,79.51,79.51000213623047,2.6867443825295823e-08,80.77,80.7699966430664,4.1561639130272e-08,582700.0,582700.0,0.0
2012-01-12,81.0,81.0,0.0,83.91,83.91000366210938,4.364330097317293e-08,80.77,80.7699966430664,4.1561639130272e-08,83.66,83.66000366210938,4.377371953800946e-08,822900.0,822900.0,0.0
2012-01-13,83.41,83.41000366210938,4.390491992189993e-08,84.72,84.72000122070312,1.4408677140309578e-08,82.82,82.81999969482422,3.6848076812034947e-09,84.06,84.05999755859375,2.9043614735435597e-08,842400.0,842400.0,0.0
2012-01-17,84.5,84.5,0.0,84.77,84.7699966430664,3.96004906644265e-08,84.0,84.0,0.0,84.17,84.16999816894531,2.1754243628713255e-08,423000.0,423000.0,0.0
2012-01-18,83.98,83.9800033569336,3.997301245561857e-08,84.06,84.05999755859375,2.9043614735435597e-08,82.96,82.95999908447266,1.1035768299194615e-08,84.06,84.05999755859375,2.9043614735435597e-08,542300.0,542300.0,0.0
2012-01-19,84.28,84.27999877929688,1.4483900412365358e-08,84.29,84.29000091552734,1.0861636479120307e-08,83.27,83.2699966430664,4.031384159830509e-08,83.56,83.55999755859375,2.92174037186399e-08,389000.0,389000.0,0.0
2012-01-20,83.75,83.75,0.0,84.8,84.80000305175781,3.5987710145235496e-08,83.48,83.4800033569336,4.0212429164299124e-08,84.3,84.30000305175781,3.62011602916823e-08,344100.0,344100.0,0.0
2012-01-23,84.01,84.01000213623047,2.5428287919737613e-08,84.66,84.66000366210938,4.325666647098103e-08,83.25,83.25,0.0,84.11,84.11000061035156,7.256587331028186e-09,227600.0,227600.0,0.0
2012-01-24,84.16,84.16000366210938,4.351365712196298e-08,84.67,84.66999816894531,2.1625778834355458e-08,83.49,83.48999786376953,2.5586662677490324e-08,84.29,84.29000091552734,1.0861636479120307e-08,317600.0,317600.0,0.0
2012-01-25,83.86,83.86000061035156,7.278220470752217e-09,84.9,84.9000015258789,1.797266069303305e-08,83.84,83.83999633789062,4.367973971408645e-08,84.17,84.16999816894531,2.1754243628713255e-08,426600.0,426600.0,0.0
2012-01-26,84.23,84.2300033569336,3.985437002640424e-08,84.67,84.66999816894531,2.1625778834355458e-08,82.99,82.98999786376953,2.574081769957104e-08,83.72,83.72000122070312,1.458078258131934e-08,501700.0,501700.0,0.0
2012-01-27,83.5,83.5,0.0,83.94,83.94000244140625,2.9085135189177436e-08,83.1,83.0999984741211,1.8361960285595558e-08,83.5,83.5,0.0,356900.0,356900.0,0.0
2012-01-30,82.59,82.58999633789062,4.434083278326284e-08,83.09,83.08999633789062,4.407400866490718e-08,81.77,81.7699966430664,4.105336415261007e-08,82.89,82.88999938964844,7.363392007242453e-09,445700.0,445700.0,0.0
2012-01-31,83.16,83.16000366210938,4.4036909230271704e-08,84.23,84.2300033569336,3.985437002640424e-08,82.79,82.79000091552734,1.1058429061350239e-08,84.02,84.0199966430664,3.9953982233775776e-08,487500.0,487500.0,0.0
2012-02-01,84.39,84.38999938964844,7.2325104794046524e-09,85.39,85.38999938964844,7.147810787699882e-09,84.14,84.13999938964844,7.254000067291599e-09,85.02,85.0199966430664,3.948404603271172e-08,585600.0,585600.0,0.0
2012-02-02,84.89,84.88999938964844,7.189911221949785e-09,86.11,86.11000061035156,7.088045039793656e-09,84.71,84.70999908447266,1.0807783445976327e-08,85.3,85.30000305175781,3.5776762219441594e-08,473300.0,473300.0,0.0
2012-02-03,86.2,86.19999694824219,3.5403222908847454e-08,88.1,88.0999984741211,1.7319851330910296e-08,85.95,85.94999694824219,3.5506199091983603e-08,86.9,86.9000015258789,1.755902068190096e-08,724300.0,724300.0,0.0
2012-02-06,86.93,86.93000030517578,3.5105920392908274e-09,87.16,87.16000366210938,4.201594050456947e-08,85.97,85.97000122070312,1.4199175613072157e-08,86.14,86.13999938964844,7.085576569920704e-09,425400.0,425400.0,0.0
2012-02-07,85.8,85.80000305175781,3.5568272993558026e-08,85.98,85.9800033569336,3.90431913466216e-08,84.03,84.02999877929688,1.4526991831687042e-08,84.76,84.76000213623047,2.520328523658577e-08,652400.0,652400.0,0.0
2012-02-08,84.51,84.51000213623047,2.5277842485849078e-08,84.84,84.83999633789062,4.3164891327940325e-08,84.27,84.2699966430664,3.9835452603220745e-08,84.79,84.79000091552734,1.0797586158517447e-08,408200.0,408200.0,0.0
2012-02-09,85.0,85.0,0.0,85.33,85.33000183105469,2.145851030199708e-08,84.23,84.2300033569336,3.985437002640424e-08,85.27,85.2699966430664,3.9368284188157077e-08,275000.0,275000.0,0.0
2012-02-10,84.56,84.55999755859375,2.8871880886072177e-08,84.99,84.98999786376953,2.5135080128357856e-08,84.33,84.33000183105469,2.1712969200393673e-08,84.53,84.52999877929688,1.4441063789227826e-08,428100.0,428100.0,0.0
2012-02-13,85.02,85.0199966430664,3.948404603271172e-08,86.24,86.23999786376953,2.4770761442027833e-08,84.858,84.86000061035156,2.3575978122858388e-05,86.24,86.23999786376953,2.4770761442027833e-08,356600.0,356600.0,0.0
2012-02-14,86.23,86.2300033569336,3.892999633769989e-08,88.05,88.05000305175781,3.465937314928169e-08,85.88,85.87999725341797,3.1981625792099067e-08,87.94,87.94000244140625,2.7762181664670038e-08,683500.0,683500.0,0.0
2012-02-15,87.95,87.94999694824219,3.469878129269688e-08,88.0,88.0,0.0,86.16,86.16000366210938,4.250359064705833e-08,86.91,86.91000366210938,4.21368009373424e-08,502900.0,502900.0,0.0
2012-02-16,87.01,87.01000213623047,2.455155123648467e-08,87.85,87.8499984741211,1.7369139460043925e-08,86.69,86.69000244140625,2.8162489895677822e-08,87.59,87.58999633789062,4.180967438927041e-08,395200.0,395200.0,0.0
2012-02-17,87.48,87.4800033569336,3.837372641868342e-08,88.42,88.41999816894531,2.0708603165608963e-08,87.48,87.4800033569336,3.837372641868342e-08,88.05,88.05000305175781,3.465937314928169e-08,592600.0,592600.0,0.0
2012-02-21,88.5,88.5,0.0,88.52,88.5199966430664,3.792288283399614e-08,87.685,87.68000030517578,5.7018815352916086e-05,88.09,88.08999633789062,4.157236210833304e-08,335900.0,335900.0,0.0
2012-02-22,87.84,87.83999633789062,4.1690680574468786e-08,88.43,88.43000030517578,3.4510434510082177e-09,87.64,87.63999938964844,6.964303578271824e-09,87.91,87.91000366210938,4.165748346274256e-08,448500.0,448500.0,0.0
2012-02-23,87.49,87.62000274658203,0.0014859154941369024,89.3,89.30000305175781,3.417421967633061e-08,87.22,87.22000122070312,1.3995679060130328e-08,89.27,89.2699966430664,3.760427458310289e-08,273100.0,273100.0,0.0
2012-02-24,89.54,89.54000091552734,1.0224785906842726e-08,89.91,89.91000366210938,4.073083514910536e-08,89.11,89.11000061035156,6.849417255594403e-09,89.23,89.2300033569336,3.762113176541959e-08,503400.0,503400.0,0.0
2012-02-27,88.36,88.36000061035156,6.907554972457319e-09,88.37,88.37000274658203,3.1080480189515924e-08,87.29,87.29000091552734,1.0488341528613887e-08,87.96,87.95999908447266,1.0408450878962583e-08,429000.0,429000.0,0.0
2012-02-28,88.23,88.2300033569336,3.8047530237506066e-08,88.31,88.30999755859375,2.764586404246927e-08,86.52,86.5199966430664,3.879950982721425e-08,86.87,86.87000274658203,3.161715245170171e-08,424300.0,424300.0,0.0
2012-02-29,86.76,86.76000213623047,2.462229664601523e-08,87.01,87.01000213623047,2.455155123648467e-08,86.06,86.05999755859375,2.836865276023559e-08,86.77,86.7699966430664,3.8687721470864744e-08,302500.0,302500.0,0.0
2012-03-01,86.69,86.69000244140625,2.8162489895677822e-08,86.952,86.94999694824219,2.3036293102074445e-05,86.06,86.05999755859375,2.836865276023559e-08,86.59,86.58999633789062,4.2292520818776325e-08,270300.0,270300.0,0.0
2012-03-02,87.64,87.63999938964844,6.964303578271824e-09,87.64,87.63999938964844,6.964303578271824e-09,85.53,85.52999877929688,1.4272221737776647e-08,85.94,85.94000244140625,2.8408264407531192e-08,309500.0,309500.0,0.0
2012-03-05,86.02,86.0199966430664,3.90250358694999e-08,86.71,86.70999908447266,1.0558497742785278e-08,85.7,85.69999694824219,3.560977612782068e-08,86.24,86.23999786376953,2.4770761442027833e-08,231800.0,231800.0,0.0
2012-03-06,85.52,85.5199966430664,3.925319913555825e-08,86.41,86.41000366210938,4.23806201244048e-08,85.35,85.3499984741211,1.7877901603569057e-08,85.41,85.41000366210938,4.287682209280774e-08,400700.0,400700.0,0.0
2012-03-07,85.18,85.18000030517578,3.582716345817971e-09,85.76,85.76000213623047,2.490940365085237e-08,84.7,84.69999694824219,3.6030198491410204e-08,85.45,85.44999694824219,3.57139592344069e-08,225600.0,225600.0,0.0
2012-03-08,85.58,85.58000183105469,2.1395824889580695e-08,86.93,86.93000030517578,3.5105920392908274e-09,85.51,85.51000213623047,2.4982229618331075e-08,86.67,86.66999816894531,2.1126741578392227e-08,259200.0,259200.0,0.0
2012-03-09,86.57,86.56999969482422,3.525190916953136e-09,88.2,88.19999694824219,3.460042874436908e-08,86.46,86.45999908447266,1.0589027765739445e-08,87.75,87.75,0.0,334900.0,334900.0,0.0
2012-03-12,87.6,87.5999984741211,1.7418708919691994e-08,88.21,88.20999908447266,1.0378951809109083e-08,87.22,87.22000122070312,1.3995679060130328e-08,87.8,87.80000305175781,3.475806176211904e-08,180600.0,180600.0,0.0
2012-03-13,88.01,88.01000213623047,2.427258793957776e-08,88.4,88.4000015258789,1.726107345945138e-08,86.92,86.91999816894531,2.106597662976384e-08,87.86,87.86000061035156,6.946865083179432e-09,318400.0,318400.0,0.0
2012-03-14,87.55,87.55000305175781,3.4857313702119086e-08,88.0,88.0,0.0,86.26,86.26000213623047,2.4765018036276842e-08,87.0,87.0,0.0,366100.0,366100.0,0.0
2012-03-15,86.98,86.9800033569336,3.859431574326777e-08,86.98,86.9800033569336,3.859431574326777e-08,86.0,86.0,0.0,86.44,86.44000244140625,2.8243940963790237e-08,305400.0,305400.0,0.0
2012-03-16,86.12,86.12000274658203,3.18924990860836e-08,87.04,87.04000091552734,1.0518466542208671e-08,85.98,85.9800033569336,3.90431913466216e-08,86.88,86.87999725341797,3.1613513251649294e-08,432800.0,432800.0,0.0
2012-03-19,86.64,86.63999938964844,7.0446856126338275e-09,87.43,87.43000030517578,3.4905156542919258e-09,86.17,86.16999816894531,2.1249329074102263e-08,86.81,86.80999755859375,2.8123560147363946e-08,275200.0,275200.0,0.0
2012-03-20,86.62,86.62000274658203,3.1708404790720124e-08,86.63,86.62999725341797,3.170474460745254e-08,85.28,85.27999877929688,1.4314061047571158e-08,85.39,85.38999938964844,7.147810787699882e-09,376400.0,376400.0,0.0
2012-03-21,85.49,85.48999786376953,2.498807416539961e-08,85.78,85.77999877929688,1.4230626343980646e-08,84.56,84.55999755859375,2.8871880886072177e-08,85.43,85.43000030517578,3.572231843662621e-09,311100.0,311100.0,0.0
2012-03-22,85.05,85.05000305175781,3.588192609704777e-08,85.49,85.48999786376953,2.498807416539961e-08,84.4,84.4000015258789,1.8079133967674466e-08,85.435,85.43000030517578,5.852045208898371e-05,292400.0,292400.0,0.0
2012-03-23,85.18,85.18000030517578,3.582716345817971e-09,86.11,86.11000061035156,7.088045039793656e-09,84.17,84.16999816894531,2.1754243628713255e-08,84.66,84.66000366210938,4.325666647098103e-08,444700.0,444700.0,0.0
2012-03-26,84.99,84.98999786376953,2.5135080128357856e-08,86.11,86.11000061035156,7.088045039793656e-09,84.702,84.69999694824219,2.364822268441369e-05,85.9,85.9000015258789,1.7763433168838105e-08,311800.0,311800.0,0.0
2012-03-27,85.67,85.66999816894531,2.137334764729104e-08,86.23,86.2300033569336,3.892999633769989e-08,85.38,85.37999725341797,3.216891575341663e-08,85.47,85.47000122070312,1.4282240945462377e-08,338800.0,338800.0,0.0
2012-03-28,85.15,85.1500015258789,1.7919893124940245e-08,85.45,85.44999694824219,3.57139592344069e-08,84.76,84.76000213623047,2.520328523658577e-08,84.94,84.94000244140625,2.874271554098584e-08,257300.0,257300.0,0.0
2012-03-29,84.48,84.4800033569336,3.973642970223068e-08,84.95,84.94999694824219,3.592416497610884e-08,83.86,83.86000061035156,7.278220470752217e-09,84.18,84.18000030517578,3.6252765234223716e-09,369000.0,369000.0,0.0
2012-03-30,84.68,84.68000030517578,3.603870757373784e-09,84.81,84.80999755859375,2.878677340945046e-08,83.54,83.54000091552734,1.0959149365774579e-08,83.64,83.63999938964844,7.297364490455038e-09,496800.0,496800.0,0.0
2012-04-02,83.54,83.54000091552734,1.0959149365774579e-08,84.45,84.44999694824219,3.613685983783199e-08,83.46,83.45999908447266,1.096965418501128e-08,84.2,84.19999694824219,3.624415456648933e-08,466300.0,466300.0,0.0
2012-04-03,84.06,84.05999755859375,2.9043614735435597e-08,84.55,84.55000305175781,3.60941196930753e-08,83.71,83.70999908447266,1.093689327991143e-08,84.43,84.43000030517578,3.614541999041876e-09,338400.0,338400.0,0.0
2012-04-04,84.0,84.0,0.0,84.7,84.69999694824219,3.6030198491410204e-08,83.642,83.63999938964844,2.3918729245564485e-05,84.65,84.6500015258789,1.8025740011751168e-08,284800.0,284800.0,0.0
2012-04-05,84.15,84.1500015258789,1.8132845003293596e-08,85.62,85.62000274658203,3.207874366140118e-08,84.15,84.1500015258789,1.8132845003293596e-08,85.57,85.56999969482422,3.5663874076163893e-09,306500.0,306500.0,0.0
2012-04-09,84.65,84.6500015258789,1.8025740011751168e-08,85.14,85.13999938964844,7.168799220913513e-09,84.46,84.45999908447266,1.0839774300386296e-08,84.77,84.7699966430664,3.96004906644265e-08,302100.0,302100.0,0.0
2012-04-10,84.41,84.41000366210938,4.338478110099686e-08,85.1,85.0999984741211,1.7930421813971975e-08,84.09,84.08999633789062,4.3549879591431306e-08,84.44,84.44000244140625,2.8912911620437853e-08,641400.0,641400.0,0.0
2012-04-11,84.89,84.88999938964844,7.189911221949785e-09,85.66,85.66000366210938,4.275168552503317e-08,84.6701,84.66999816894531,1.202680222300856e-06,85.57,85.56999969482422,3.5663874076163893e-09,481200.0,481200.0,0.0
2012-04-12,85.45,85.44999694824219,3.57139592344069e-08,87.11,87.11000061035156,7.006676128185063e-09,85.23,85.2300033569336,3.938676051973289e-08,86.67,86.66999816894531,2.1126741578392227e-08,504500.0,504500.0,0.0
2012-04-13,86.66,86.66000366210938,4.22583588122194e-08,86.73,86.7300033569336,3.8705564309182705e-08,85.92,85.91999816894531,2.131115794945515e-08,86.1,86.0999984741211,1.772217073092719e-08,457500.0,457500.0,0.0
2012-04-16,86.84,86.83999633789062,4.217076665646857e-08,86.84,86.83999633789062,4.217076665646857e-08,85.401,85.4000015258789,1.1691597535001819e-05,86.12,86.12000274658203,3.18924990860836e-08,329100.0,329100.0,0.0
2012-04-17,86.32,86.31999969482422,3.535400527887589e-09,87.28,87.27999877929688,1.3986057867398927e-08,85.71,85.70999908447266,1.0681686313240846e-08,87.02,87.0199966430664,3.857657537853498e-08,381200.0,381200.0,0.0
2012-04-18,86.69,86.69000244140625,2.8162489895677822e-08,88.0,88.0,0.0,86.53,86.52999877929688,1.4107282120257025e-08,87.75,87.75,0.0,399500.0,399500.0,0.0
2012-04-19,87.48,87.4800033569336,3.837372641868342e-08,87.88,87.87999725341797,3.125377823209874e-08,86.98,86.9800033569336,3.859431574326777e-08,87.28,87.27999877929688,1.3986057867398927e-08,336300.0,336300.0,0.0
2012-04-20,87.79,87.79000091552734,1.0428606200818535e-08,88.885,88.88999938964844,5.624559428962783e-05,87.46,87.45999908447266,1.0467954947301905e-08,87.91,87.91000366210938,4.165748346274256e-08,402900.0,402900.0,0.0
2012-04-23,86.78,86.77999877929688,1.4066641185195294e-08,87.29,87.29000091552734,1.0488341528613887e-08,86.55,86.55000305175781,3.526005554199685e-08,87.11,87.11000061035156,7.006676128185063e-09,264800.0,264800.0,0.0
2012-04-24,87.39,87.38999938964844,6.984226641471025e-09,87.94,87.94000244140625,2.7762181664670038e-08,86.9,86.9000015258789,1.755902068190096e-08,87.22,87.22000122070312,1.3995679060130328e-08,314000.0,314000.0,0.0
2012-04-25,88.06,88.05999755859375,2.7724349926927516e-08,88.06,88.05999755859375,2.7724349926927516e-08,86.38,86.37999725341797,3.17965040963486e-08,87.1,87.0999984741211,1.7518701489471766e-08,459500.0,459500.0,0.0
2012-04-26,86.0,86.0,0.0,86.89,86.88999938964844,7.0244166039401534e-09,85.42,85.41999816894531,2.1435901276234404e-08,85.97,85.97000122070312,1.4199175613072157e-08,670500.0,670500.0,0.0
2012-04-27,86.0,86.0,0.0,88.0,88.0,0.0,85.48,85.4800033569336,3.9271567553456066e-08,87.64,87.63999938964844,6.964303578271824e-09,444300.0,444300.0,0.0
2012-04-30,86.99,86.98999786376953,2.455719583238647e-08,87.99,87.98999786376953,2.4278105081876333e-08,86.43,86.43000030517578,3.5309009049910856e-09,86.6,86.5999984741211,1.761984869119715e-08,466300.0,466300.0,0.0
2012-05-01,87.07,87.06999969482422,3.504947443389028e-09,87.95,87.94999694824219,3.469878129269688e-08,86.83,86.83000183105469,2.108781171905605e-08,87.54,87.54000091552734,1.045838859958792e-08,504900.0,504900.0,0.0
2012-05-02,87.16,87.16000366210938,4.201594050456947e-08,87.5,87.5,0.0,86.44,86.44000244140625,2.8243940963790237e-08,87.38,87.37999725341797,3.143261650961904e-08,370500.0,370500.0,0.0
2012-05-03,87.2,87.19999694824219,3.499722267541472e-08,87.51,87.51000213623047,2.4411272558921837e-08,86.27,86.2699966430664,3.891194610972093e-08,86.53,86.52999877929688,1.4107282120257025e-08,409800.0,409800.0,0.0
2012-05-04,85.9,85.9000015258789,1.7763433168838105e-08,86.39,86.38999938964844,7.0650719719012045e-09,84.55,84.55000305175781,3.60941196930753e-08,84.62,84.62000274658203,3.245783530836377e-08,489200.0,489200.0,0.0
2012-05-07,84.62,84.62000274658203,3.245783530836377e-08,85.5925,85.58999633789062,2.9250952003678776e-05,84.17,84.16999816894531,2.1754243628713255e-08,85.22,85.22000122070312,1.432413898605489e-08,349300.0,349300.0,0.0
2012-05-08,84.56,84.55999755859375,2.8871880886072177e-08,85.09,85.08999633789062,4.303806999672588e-08,83.99,83.98999786376953,2.5434342965091616e-08,84.87,84.87000274658203,3.2362224899884495e-08,395300.0,395300.0,0.0
2012-05-09,84.11,84.11000061035156,7.256587331028186e-09,84.285,84.29000091552734,5.9333398912508883e-05,83.09,83.08999633789062,4.407400866490718e-08,83.19,83.19000244140625,2.9347352548114713e-08,389900.0,389900.0,0.0
2012-05-10,83.51,83.51000213623047,2.5580534801505905e-08,83.87,83.87000274658203,3.274808668685125e-08,82.9208,82.91999816894531,9.669842243265059e-06,83.32,83.31999969482422,3.6626953692220354e-09,320000.0,320000.0,0.0
2012-05-11,83.25,83.25,0.0,84.0,84.0,0.0,83.0,83.0,0.0,83.24,83.23999786376953,2.5663508651518896e-08,220800.0,220800.0,0.0
2012-05-14,82.8,82.80000305175781,3.6856978358201786e-08,82.86,82.86000061035156,7.366057985791485e-09,81.26,81.26000213623047,2.6288831778131794e-08,81.45,81.44999694824219,3.7467867586293835e-08,503100.0,503100.0,0.0
2012-05-15,81.22,81.22000122070312,1.5029587796533406e-08,82.18,82.18000030517578,3.7135041708324934e-09,81.156,81.16000366210938,4.9332915734723315e-05,81.78,81.77999877929688,1.4926670677262166e-08,548600.0,548600.0,0.0
2012-05-16,82.19,82.19000244140625,2.9704419590714792e-08,83.36,83.36000061035156,7.321875772348108e-09,82.07,82.06999969482422,3.718481522696493e-09,83.07,83.06999969482422,3.6737182185220263e-09,430800.0,430800.0,0.0
2012-05-17,83.14,83.13999938964844,7.341250496395446e-09,83.46,83.45999908447266,1.096965418501128e-08,82.246,82.25,4.863458405268695e-05,82.4,82.4000015258789,1.851794784180072e-08,470000.0,470000.0,0.0
2012-05-18,82.82,82.81999969482422,3.6848076812034947e-09,82.83,82.83000183105469,2.210617755515898e-08,81.18,81.18000030517578,3.759248246026914e-09,81.37,81.37000274658203,3.375423407447897e-08,473700.0,473700.0,0.0
2012-05-21,81.5,81.5,0.0,83.08,83.08000183105469,2.2039656766281723e-08,81.3,81.30000305175781,3.753699640007824e-08,82.82,82.81999969482422,3.6848076812034947e-09,383100.0,383100.0,0.0
2012-05-22,83.3,83.30000305175781,3.6635747990843015e-08,84.7,84.69999694824219,3.6030198491410204e-08,83.01,83.01000213623047,2.5734615771710878e-08,83.95,83.94999694824219,3.635208833951964e-08,352300.0,352300.0,0.0
2012-05-23,83.46,83.45999908447266,1.096965418501128e-08,85.96,85.95999908447266,1.0650620496654994e-08,83.2575,83.26000213623047,3.005298298019987e-05,85.76,85.76000213623047,2.490940365085237e-08,719000.0,719000.0,0.0
2012-05-24,85.89,85.88999938964844,7.106200516915351e-09,86.81,86.80999755859375,2.8123560147363946e-08,85.26,85.26000213623047,2.5055482799629658e-08,86.8,86.80000305175781,3.515850011126531e-08,668800.0,668800.0,0.0
2012-05-25,86.72,86.72000122070312,1.4076373622273763e-08,87.24,87.23999786376953,2.448682323574758e-08,86.03,86.02999877929688,1.4189272645737105e-08,86.31,86.30999755859375,2.8286481934536312e-08,598000.0,598000.0,0.0
2012-05-29,86.89,86.88999938964844,7.0244166039401534e-09,87.45,87.44999694824219,3.489717337323839e-08,86.33,86.33000183105469,2.1209946687861247e-08,87.01,87.01000213623047,2.455155123648467e-08,495400.0,495400.0,0.0
2012-05-30,86.62,86.62000274658203,3.1708404790720124e-08,87.19,87.19000244140625,2.800098930499928e-08,85.85,85.8499984741211,1.7773778671070772e-08,86.93,86.93000030517578,3.5105920392908274e-09,517700.0,517700.0,0.0
2012-05-31,86.77,86.7699966430664,3.8687721470864744e-08,87.59,87.58999633789062,4.180967438927041e-08,86.2301,86.2300033569336,1.1207579070360296e-06,87.26,87.26000213623047,2.4481210836313494e-08,888900.0,888900.0,0.0
2012-06-01,86.15,86.1500015258789,1.771188506971555e-08,86.82,86.81999969482422,3.5150400368166856e-09,85.37,85.37000274658203,3.2172683850362205e-08,85.76,85.76000213623047,2.490940365085237e-08,585100.0,585100.0,0.0
2012-06-04,85.72,85.72000122070312,1.424058715393528e-08,86.13,86.12999725341797,3.1888796270251873e-08,85.29,85.29000091552734,1.0734287014813049e-08,85.84,85.83999633789062,4.266203845748606e-08,333800.0,333800.0,0.0
2012-06-05,85.54,85.54000091552734,1.0702914776672401e-08,86.16,86.16000366210938,4.250359064705833e-08,85.21,85.20999908447266,1.0744364953296781e-08,85.83,85.83000183105469,2.1333504518494806e-08,391400.0,391400.0,0.0
2012-06-06,86.21,86.20999908447266,1.0619734758243737e-08,87.04,87.04000091552734,1.0518466542208671e-08,86.13,86.12999725341797,3.1888796270251873e-08,86.72,86.72000122070312,1.4076373622273763e-08,406400.0,406400.0,0.0
2012-06-07,87.0,87.0,0.0,87.1,87.0999984741211,1.7518701489471766e-08,85.32,85.31999969482422,3.576837492857976e-09,86.04,86.04000091552734,1.0640717640342245e-08,758800.0,758800.0,0.0
2012-06-08,85.61,85.61000061035156,7.129442369802064e-09,87.54,87.54000091552734,1.045838859958792e-08,85.61,85.61000061035156,7.129442369802064e-09,87.54,87.54000091552734,1.045838859958792e-08,385300.0,385300.0,0.0
2012-06-11,87.89,87.88999938964844,6.944493868843438e-09,88.62,88.62000274658203,3.099280099227997e-08,87.16,87.16000366210938,4.201594050456947e-08,87.71,87.70999908447266,1.0438118036582011e-08,642400.0,642400.0,0.0
2012-06-12,87.74,87.73999786376953,2.4347281302183887e-08,88.04,88.04000091552734,1.0398993000038104e-08,86.95,86.94999694824219,3.509784718414011e-08,88.04,88.04000091552734,1.0398993000038104e-08,308100.0,308100.0,0.0
2012-06-13,88.09,88.08999633789062,4.157236210833304e-08,88.15,88.1500015258789,1.7310027189409993e-08,87.13,87.12999725341797,3.152280525497986e-08,87.56,87.55999755859375,2.788266617592683e-08,358200.0,358200.0,0.0
2012-06-14,87.76,87.76000213623047,2.4341732629551416e-08,88.52,88.5199966430664,3.792288283399614e-08,87.45,87.44999694824219,3.489717337323839e-08,88.02,88.0199966430664,3.813830484755698e-08,477900.0,477900.0,0.0
2012-06-15,88.07,88.06999969482422,3.46515016680371e-09,88.63,88.62999725341797,3.0989304122819306e-08,87.32,87.31999969482422,3.4949126925809537e-09,87.77,87.7699966430664,3.8246936173713664e-08,618900.0,618900.0,0.0
2012-06-18,87.5,87.5,0.0,89.21,89.20999908447266,1.0262608873823353e-08,87.31,87.30999755859375,2.796250431202907e-08,89.18,89.18000030517578,3.4220204447876768e-09,432000.0,432000.0,0.0
2012-06-19,89.76,89.76000213623047,2.3799358928044967e-08,91.89,91.88999938964844,6.6421979028064015e-09,89.46,89.45999908447266,1.0233929592651236e-08,90.75,90.75,0.0,969800.0,969800.0,0.0
2012-06-20,91.12,91.12000274658205,3.014247185184615e-08,91.3,91.3000030517578,3.342560561669927e-08,90.05,90.05000305175781,3.3889592687685877e-08,90.36,90.36000061035156,6.754665271557769e-09,507600.0,507600.0,0.0
2012-06-21,90.45,90.4499969482422,3.3739721350123375e-08,90.58,90.58000183105467,2.021477896185786e-08,88.65,88.6500015258789,1.7212395952981296e-08,88.68,88.68000030517578,3.4413145666434275e-09,553400.0,553400.0,0.0
2012-06-22,88.65,88.6500015258789,1.7212395952981296e-08,88.95,88.94999694824219,3.430868822373867e-08,87.63,87.62999725341797,3.134294224160783e-08,88.47,88.47000122070312,1.3797933018366848e-08,626300.0,626300.0,0.0
2012-06-25,87.93,87.93000030517578,3.470667309102282e-09,88.71,88.70999908447266,1.0320452492607046e-08,87.67,87.66999816894531,2.0885761231603794e-08,88.4,88.4000015258789,1.726107345945138e-08,348800.0,348800.0,0.0
2012-06-26,88.41,88.41000366210938,4.1421891028292634e-08,89.395,89.38999938964844,5.593836737582958e-05,88.27,88.2699966430664,3.8030288807000545e-08,88.76,88.76000213623047,2.4067490667079028e-08,396300.0,396300.0,0.0
2012-06-27,89.37,89.37000274658203,3.073270704589959e-08,90.4,90.4000015258789,1.6879191377938696e-08,89.37,89.37000274658203,3.073270704589959e-08,89.78,89.77999877929688,1.35966041758806e-08,400200.0,400200.0,0.0
2012-06-28,89.45,89.44999694824219,3.411691240629011e-08,90.09,90.08999633789062,4.0649454802199614e-08,88.73,88.7300033569336,3.783312951810558e-08,89.55,89.55000305175781,3.407881421502168e-08,275800.0,275800.0,0.0
2012-06-29,90.86,90.86000061035156,6.717494560604109e-09,91.69,91.69000244140624,2.662674480902183e-08,90.67,90.66999816894533,2.0194713568066902e-08,91.67,91.66999816894533,1.997441556600421e-08,457100.0,457100.0,0.0
2012-07-02,91.7,91.6999969482422,3.3279801581187485e-08,92.96,92.95999908447266,9.848615922791737e-09,91.53,91.52999877929688,1.3336645121597712e-08,92.56,92.55999755859376,2.6376471895517284e-08,492900.0,492900.0,0.0
2012-07-03,92.26,92.26000213623048,2.315445990497267e-08,93.0,93.0,0.0,92.13,92.12999725341795,2.9812026958175863e-08,92.93,92.93000030517578,3.2839317931632195e-09,174600.0,174600.0,0.0
2012-07-05,92.4,92.4000015258789,1.651384096135189e-08,93.01,93.01000213623048,2.2967750590296987e-08,92.4,92.4000015258789,1.651384096135189e-08,92.82,92.81999969482422,3.287823457931438e-09,333800.0,333800.0,0.0
2012-07-06,92.5,92.5,0.0,93.166,93.16999816894533,4.2914463917353984e-05,91.872,91.87000274658205,2.1739522574337755e-05,92.47,92.47000122070312,1.320107201330245e-08,253500.0,253500.0,0.0
2012-07-09,92.53,92.52999877929688,1.3192511860715683e-08,92.72,92.72000122070312,1.3165478041088363e-08,92.02,92.0199966430664,3.648047808280097e-08,92.51,92.51000213623048,2.309188706917098e-08,259100.0,259100.0,0.0
2012-07-10,92.65,92.6500015258789,1.646928127208014e-08,93.59,93.58999633789062,3.912928070448629e-08,92.3,92.3000030517578,3.3063464854876656e-08,93.42,93.41999816894533,1.960024276215222e-08,572300.0,572300.0,0.0
2012-07-11,93.0,93.0,0.0,93.41,93.41000366210938,3.920468238938213e-08,91.53,91.52999877929688,1.3336645121597712e-08,92.38,92.37999725341795,2.9731349271422403e-08,473300.0,473300.0,0.0
2012-07-12,92.04,92.04000091552734,9.94705939838525e-09,92.81,92.80999755859376,2.6305422284877977e-08,91.44,91.44000244140624,2.6699543242969526e-08,92.53,92.52999877929688,1.3192511860715683e-08,580800.0,580800.0,0.0
2012-07-13,92.51,92.51000213623048,2.309188706917098e-08,93.3,93.3000030517578,3.270908677244222e-08,92.27,92.2699966430664,3.6381636370208525e-08,92.82,92.81999969482422,3.287823457931438e-09,353000.0,353000.0,0.0
2012-07-16,92.33,92.33000183105467,1.983163300245394e-08,93.75,93.75,0.0,92.33,92.33000183105467,1.983163300245394e-08,93.02,93.0199966430664,3.60882991268241e-08,363800.0,363800.0,0.0
2012-07-17,93.08,93.08000183105467,1.9671837936385828e-08,93.76,93.76000213623048,2.2784028219646757e-08,92.29,92.29000091552734,9.920114285577597e-09,93.32,93.31999969482422,3.270207660222013e-09,449000.0,449000.0,0.0
2012-07-18,93.15,93.1500015258789,1.638087931965515e-08,93.52,93.5199966430664,3.589535491066442e-08,92.77,92.7699966430664,3.6185551222089885e-08,93.16,93.16000366210938,3.930989023182008e-08,473200.0,473200.0,0.0
2012-07-19,93.24,93.23999786376952,2.291109479912734e-08,94.21,94.20999908447266,9.717942228704146e-09,92.61,92.61000061035156,6.590557877217407e-09,94.17,94.16999816894533,1.9444140075819405e-08,450900.0,450900.0,0.0
2012-07-20,94.22,94.22000122070312,1.2955881256715429e-08,94.5572,94.55999755859376,2.9585886571981135e-05,93.16,93.16000366210938,3.930989023182008e-08,93.34,93.33999633789062,3.923408375960946e-08,677900.0,677900.0,0.0
2012-07-23,92.47,92.47000122070312,1.320107201330245e-08,92.85,92.8499984741211,1.6433806093729686e-08,91.8,91.8000030517578,3.324354902467519e-08,92.63,92.62999725341795,2.96511070141392e-08,322900.0,322900.0,0.0
2012-07-24,92.9,92.9000015258789,1.6424961168937102e-08,92.94,92.94000244140624,2.6268627495440455e-08,90.97,90.97000122070312,1.3418743893822693e-08,91.38,91.37999725341795,3.0056708677506094e-08,339900.0,339900.0,0.0
2012-07-25,92.13,92.12999725341795,2.9812026958175863e-08,92.68,92.68000030517578,3.2927900406320987e-09,91.23,91.2300033569336,3.679637816667025e-08,91.72,91.72000122070312,1.330901788776373e-08,385900.0,385900.0,0.0
2012-07-26,92.17,92.16999816894533,1.9866059131068425e-08,92.79,92.79000091552734,9.86665948943255e-09,88.07,88.06999969482422,3.46515016680371e-09,92.22,92.22000122070312,1.3236858942278218e-08,1040600.0,1040600.0,0.0
2012-07-27,92.9,92.9000015258789,1.6424961168937102e-08,94.64,94.63999938964844,6.449192291313466e-09,92.16,92.16000366210938,3.9736429924275285e-08,94.52,94.5199966430664,3.55155902465043e-08,781300.0,781300.0,0.0
2012-07-30,94.23,94.2300033569336,3.562489214736786e-08,94.52,94.5199966430664,3.55155902465043e-08,93.5743,93.56999969482422,4.595604963941735e-05,93.99,93.98999786376952,2.272827404059541e-08,465800.0,465800.0,0.0
2012-07-31,93.45,93.4499969482422,3.2656584325607696e-08,93.98,93.9800033569336,3.571965945248223e-08,91.79,91.79000091552734,9.974151282676758e-09,92.85,92.8499984741211,1.6433806093729686e-08,593800.0,593800.0,0.0
2012-08-01,93.04,93.04000091552734,9.840147585649106e-09,93.29,93.29000091552734,9.813777790412814e-09,91.4,91.4000015258789,1.6694517546156362e-08,91.85,91.8499984741211,1.66127261946869e-08,522400.0,522400.0,0.0
2012-08-02,91.56,91.55999755859376,2.6664550456523273e-08,91.96,91.95999908447266,9.955712698683783e-09,90.37,90.37000274658205,3.039263085646837e-08,90.4,90.4000015258789,1.6879191377938696e-08,449600.0,449600.0,0.0
2012-08-03,91.53,91.52999877929688,1.3336645121597712e-08,92.28,92.27999877929688,1.3228252382369021e-08,91.16,91.16000366210938,4.0172327464560453e-08,91.84,91.83999633789062,3.9874884394386356e-08,303200.0,303200.0,0.0
2012-08-06,92.34,92.33999633789062,3.965897099611482e-08,92.43,92.43000030517578,3.3016962497356417e-09,91.17,91.16999816894533,2.0083960494687858e-08,91.42,91.41999816894533,2.002903820574886e-08,258200.0,258200.0,0.0
2012-08-07,91.91,91.91000366210938,3.984451502070385e-08,91.91,91.91000366210938,3.984451502070385e-08,90.21,90.20999908447266,1.0148845319690736e-08,90.35,90.3499984741211,1.6888532350378682e-08,513000.0,513000.0,0.0
2012-08-08,90.43,90.43000030517578,3.3747182826004973e-09,90.58,90.58000183105467,2.021477896185786e-08,89.21,89.20999908447266,1.0262608873823353e-08,89.67,89.66999816894531,2.041992519519198e-08,441100.0,441100.0,0.0
2012-08-09,90.18,90.18000030517578,3.3840736879398037e-09,90.18,90.18000030517578,3.3840736879398037e-09,88.79,88.79000091552734,1.0311153708641996e-08,89.06,89.05999755859375,2.7413050163183073e-08,549300.0,549300.0,0.0
2012-08-10,88.95,88.94999694824219,3.430868822373867e-08,90.06,90.05999755859375,2.7108663647190667e-08,88.67,88.66999816894531,2.0650216425721624e-08,89.82,89.81999969482422,3.3976371716093468e-09,425400.0,425400.0,0.0
2012-08-13,89.41,89.41000366210938,4.0958610725283506e-08,89.84,89.83999633789062,4.076257098528657e-08,88.96,88.95999908447266,1.0291449359378646e-08,89.77,89.7699966430664,3.739482667963756e-08,407600.0,407600.0,0.0
2012-08-14,89.81,89.80999755859375,2.7184124840040624e-08,90.25,90.25,0.0,89.54,89.54000091552734,1.0224785906842726e-08,90.0,90.0,0.0,242900.0,242900.0,0.0
2012-08-15,89.64,89.63999938964844,6.808919761347454e-09,90.41,90.41000366210938,4.050557889101469e-08,89.64,89.63999938964844,6.808919761347454e-09,90.13,90.12999725341795,3.047356089691533e-08,224200.0,224200.0,0.0
2012-08-16,90.24,90.23999786376952,2.3672766857885108e-08,91.68,91.68000030517578,3.3287061995679323e-09,90.17,90.16999816894533,2.030669488117809e-08,91.51,91.51000213623048,2.3344229882482637e-08,457600.0,457600.0,0.0
2012-08-17,91.75,91.75,0.0,92.0,92.0,0.0,90.74,90.73999786376952,2.3542323979164337e-08,91.47,91.47000122070312,1.3345393234942549e-08,363800.0,363800.0,0.0
2012-08-20,91.46,91.45999908447266,1.0010139273042284e-08,91.484,91.4800033569336,4.368679841726397e-05,90.2,90.1999969482422,3.383323499139834e-08,90.56,90.55999755859376,2.6958991150571876e-08,204300.0,204300.0,0.0
2012-08-21,90.45,90.4499969482422,3.3739721350123375e-08,91.15,91.1500015258789,1.6740306030271768e-08,90.08,90.08000183105467,2.0326983429796996e-08,90.23,90.2300033569336,3.7204184843986354e-08,278500.0,278500.0,0.0
2012-08-22,90.44,90.44000244140624,2.6994761537224576e-08,90.64,90.63999938964844,6.733799184921452e-09,90.0,90.0,0.0,90.29,90.29000091552734,1.0139853179325087e-08,265500.0,265500.0,0.0
2012-08-23,90.28,90.27999877929688,1.3521301744923164e-08,90.36,90.36000061035156,6.754665271557769e-09,90.01,90.01000213623047,2.37332569152926e-08,90.24,90.23999786376952,2.3672766857885108e-08,204200.0,204200.0,0.0
2012-08-24,90.41,90.41000366210938,4.050557889101469e-08,91.46,91.45999908447266,1.0010139273042284e-08,90.215,90.20999908447266,5.543330407742353e-05,91.26,91.26000213623048,2.3408179616879465e-08,264200.0,264200.0,0.0
2012-08-27,91.03,91.02999877929688,1.3409899191074715e-08,91.54,91.54000091552734,1.0001391048675146e-08,90.94,90.94000244140624,2.6846340928088352e-08,91.1,91.0999984741211,1.674949401397896e-08,336100.0,336100.0,0.0
2012-08-28,90.78,90.77999877929688,1.3446828872609728e-08,91.5244,91.5199966430664,4.811128981552226e-05,90.66,90.66000366210938,4.0393882461131625e-08,91.3,91.3000030517578,3.342560561669927e-08,190600.0,190600.0,0.0
2012-08-29,91.49,91.48999786376952,2.3349333022615326e-08,92.47,92.47000122070312,1.320107201330245e-08,91.2101,91.20999908447266,1.1064073752731218e-06,92.42,92.41999816894533,1.9812320672940587e-08,309000.0,309000.0,0.0
2012-08-30,91.65,91.6500015258789,1.6648978640176892e-08,92.9,92.9000015258789,1.6424961168937102e-08,91.04,91.04000091552734,1.005631955486308e-08,91.55,91.5500030517578,3.333432885277432e-08,241400.0,241400.0,0.0
2012-08-31,91.8,91.8000030517578,3.324354902467519e-08,92.28,92.27999877929688,1.3228252382369021e-08,90.94,90.94000244140624,2.6846340928088352e-08,91.52,91.5199966430664,3.667978132337879e-08,192700.0,192700.0,0.0
2012-09-04,91.26,91.26000213623048,2.3408179616879465e-08,91.7,91.6999969482422,3.3279801581187485e-08,90.23,90.2300033569336,3.7204184843986354e-08,91.51,91.51000213623048,2.3344229882482637e-08,249500.0,249500.0,0.0
2012-09-05,91.57,91.56999969482422,3.3327047788134223e-09,92.1,92.0999984741211,1.6567631933028792e-08,90.926,90.93000030517578,4.399517383113505e-05,91.97,91.97000122070312,1.32728403823279e-08,208500.0,208500.0,0.0
2012-09-06,92.49,92.48999786376952,2.3096880519268836e-08,93.88,93.87999725341795,2.9256306377511976e-08,92.49,92.48999786376952,2.3096880519268836e-08,93.4,93.4000015258789,1.633703328174363e-08,354300.0,354300.0,0.0
2012-09-07,93.9,93.9000015258789,1.625004153460452e-08,94.06,94.05999755859376,2.5955839255686897e-08,93.25,93.25,0.0,93.6,93.5999984741211,1.630212498326955e-08,347200.0,347200.0,0.0
2012-09-10,93.33,93.33000183105467,1.961914364301265e-08,93.53,93.52999877929688,1.3051460800994619e-08,93.01,93.01000213623048,2.2967750590296987e-08,93.03,93.02999877929688,1.3121607245203393e-08,291700.0,291700.0,0.0
2012-09-11,92.87,92.87000274658205,2.9574480864269503e-08,93.28,93.27999877929688,1.3086440042719971e-08,92.615,92.61000061035156,5.398034495962545e-05,93.19,93.19000244140624,2.6198156755086188e-08,404600.0,404600.0,0.0
2012-09-12,93.5,93.5,0.0,93.86,93.86000061035156,6.502786753515011e-09,92.93,92.93000030517578,3.2839317931632195e-09,93.28,93.27999877929688,1.3086440042719971e-08,354400.0,354400.0,0.0
2012-09-13,93.13,93.12999725341795,2.9491915021218063e-08,93.6,93.5999984741211,1.630212498326955e-08,92.29,92.29000091552734,9.920114285577597e-09,93.32,93.31999969482422,3.270207660222013e-09,265500.0,265500.0,0.0
2012-09-14,93.02,93.0199966430664,3.60882991268241e-08,93.74,93.73999786376952,2.2788889220137776e-08,92.54,92.54000091552734,9.89331461198617e-09,93.17,93.16999816894533,1.9652835359096343e-08,346500.0,346500.0,0.0
2012-09-17,93.86,93.86000061035156,6.502786753515011e-09,94.06,94.05999755859376,2.5955839255686897e-08,93.1869,93.19000244140624,3.329267747109732e-05,93.9,93.9000015258789,1.625004153460452e-08,358000.0,358000.0,0.0
2012-09-18,94.46,94.45999908447266,9.692222469048772e-09,94.52,94.5199966430664,3.55155902465043e-08,93.71,93.70999908447266,9.769793418712425e-09,94.43,94.43000030517578,3.231767076172787e-09,349000.0,349000.0,0.0
2012-09-19,94.71,94.70999908447266,9.666638600691613e-09,94.71,94.70999908447266,9.666638600691613e-09,93.27,93.2699966430664,3.5991568503312976e-08,93.66,93.66000366210938,3.9100036097750035e-08,252500.0,252500.0,0.0
2012-09-20,93.57,93.56999969482422,3.2614703160405156e-09,93.58,93.58000183105467,1.9566730902198515e-08,91.255,91.25,5.4791518272923057e-05,91.43,91.43000030517578,3.3378078079238094e-09,445700.0,445700.0,0.0
2012-09-21,91.53,91.52999877929688,1.3336645121597712e-08,91.97,91.97000122070312,1.32728403823279e-08,90.99,90.98999786376952,2.3477640165303626e-08,91.6,91.5999984741211,1.6658066592789567e-08,815100.0,815100.0,0.0
2012-09-24,91.5,91.5,0.0,92.34,92.33999633789062,3.965897099611482e-08,91.26,91.26000213623048,2.3408179616879465e-08,92.0,92.0,0.0,309300.0,309300.0,0.0
2012-09-25,92.21,92.20999908447266,9.928720734464491e-09,92.34,92.33999633789062,3.965897099611482e-08,91.4,91.4000015258789,1.6694517546156362e-08,91.44,91.44000244140624,2.6699543242969526e-08,424700.0,424700.0,0.0
2012-09-26,91.75,91.75,0.0,91.75,91.75,0.0,89.92,89.91999816894531,2.0363152719582445e-08,90.05,90.05000305175781,3.3889592687685877e-08,461000.0,461000.0,0.0
2012-09-27,90.09,90.08999633789062,4.0649454802199614e-08,90.532,90.52999877929688,2.2105119771187454e-05,89.75,89.75,0.0,89.995,90.0,5.555864214668027e-05,407000.0,407000.0,0.0
2012-09-28,89.97,89.97000122070312,1.3567890588817022e-08,90.58,90.58000183105467,2.021477896185786e-08,89.7,89.69999694824219,3.4021826245123066e-08,90.4831,90.4800033569336,3.4223441354286344e-05,472800.0,472800.0,0.0
2012-10-01,90.74,90.73999786376952,2.3542323979164337e-08,91.49,91.48999786376952,2.3349333022615326e-08,90.084,90.08000183105467,4.4382675562060214e-05,90.635,90.63999938964844,5.515959230351086e-05,345700.0,345700.0,0.0
2012-10-02,90.68,90.68000030517578,3.3654143916095336e-09,91.26,91.26000213623048,2.3408179616879465e-08,90.25,90.25,0.0,91.025,91.02999877929688,5.4916553659634104e-05,255800.0,255800.0,0.0
2012-10-03,91.2,91.1999969482422,3.3462256632255105e-08,91.3899,91.38999938964844,1.0875342728589033e-06,90.46,90.45999908447266,1.0120797422352723e-08,91.055,91.05999755859376,5.488505401962662e-05,257500.0,257500.0,0.0
2012-10-04,91.14,91.13999938964844,6.6968571799108645e-09,92.29,92.29000091552734,9.920114285577597e-09,90.56,90.55999755859376,2.6958991150571876e-08,92.03,92.02999877929688,1.3264186971007064e-08,259000.0,259000.0,0.0
2012-10-05,92.28,92.27999877929688,1.3228252382369021e-08,93.23,93.2300033569336,3.6007010484340185e-08,91.76,91.76000213623048,2.3280628536070935e-08,91.76,91.76000213623048,2.3280628536070935e-08,377400.0,377400.0,0.0
2012-10-08,91.43,91.43000030517578,3.3378078079238094e-09,91.67,91.66999816894533,1.997441556600421e-08,90.932,90.93000030517578,2.199110130884918e-05,91.17,91.16999816894533,2.0083960494687858e-08,214200.0,214200.0,0.0
2012-10-09,90.79,90.79000091552734,1.008401073754328e-08,91.3299,91.33000183105467,1.1149804683974196e-06,89.65,89.6500015258789,1.7020400422396165e-08,89.65,89.6500015258789,1.7020400422396165e-08,474000.0,474000.0,0.0
2012-10-10,89.78,89.77999877929688,1.35966041758806e-08,90.23,90.2300033569336,3.7204184843986354e-08,89.78,89.77999877929688,1.35966041758806e-08,89.96,89.95999908447266,1.0177049092341406e-08,643300.0,643300.0,0.0
2012-10-11,90.78,90.77999877929688,1.3446828872609728e-08,90.78,90.77999877929688,1.3446828872609728e-08,90.13,90.12999725341795,3.047356089691533e-08,90.24,90.23999786376952,2.3672766857885108e-08,487700.0,487700.0,0.0
2012-10-12,90.38,90.37999725341795,3.038926799092678e-08,91.36,91.36000061035156,6.680730857411277e-09,89.96,89.95999908447266,1.0177049092341406e-08,89.99,89.98999786376953,2.3738531695904896e-08,227500.0,227500.0,0.0
2012-10-15,90.0,90.0,0.0,91.37,91.37000274658205,3.005999826832806e-08,89.67,89.66999816894531,2.041992519519198e-08,91.28,91.27999877929688,1.3373171792174787e-08,375800.0,375800.0,0.0
2012-10-16,90.99,90.98999786376952,2.3477640165303626e-08,92.1,92.0999984741211,1.6567631933028792e-08,90.65,90.6500015258789,1.6832640836739188e-08,92.07,92.06999969482422,3.3146060340882855e-09,216900.0,216900.0,0.0
2012-10-17,91.99,91.98999786376952,2.3222420653112863e-08,93.4,93.4000015258789,1.633703328174363e-08,91.9425,91.94000244140624,2.716435374017223e-05,93.14,93.13999938964844,6.553055209579384e-09,211900.0,211900.0,0.0
2012-10-18,93.18,93.18000030517578,3.2751210632397942e-09,93.94,93.94000244140624,2.5988995400183512e-08,92.84,92.83999633789062,3.944538318201296e-08,93.6108,93.61000061035156,8.539502369786511e-06,263000.0,263000.0,0.0
2012-10-19,93.63,93.62999725341795,2.9334423112814534e-08,93.64,93.63999938964844,6.5180645325568776e-09,91.58,91.58000183105467,1.9994045308280306e-08,91.87,91.87000274658205,2.9896397579776135e-08,358600.0,358600.0,0.0
2012-10-22,90.62,90.62000274658205,3.0308784371158026e-08,92.28,92.27999877929688,1.3228252382369021e-08,90.62,90.62000274658205,3.0308784371158026e-08,92.16,92.16000366210938,3.9736429924275285e-08,142800.0,142800.0,0.0
2012-10-23,91.55,91.5500030517578,3.333432885277432e-08,92.52,92.5199966430664,3.628332889693553e-08,90.79,90.79000091552734,1.008401073754328e-08,92.2,92.1999969482422,3.3099325391638956e-08,220600.0,220600.0,0.0
2012-10-24,92.25,92.18000030517578,0.0007588042799373529,92.25,92.25,0.0,88.76,88.76000213623047,2.4067490667079028e-08,89.06,89.05999755859375,2.7413050163183073e-08,1412500.0,1412500.0,0.0
2012-10-25,89.52,89.94000244140625,0.004691716280230684,95.44,95.44000244140624,2.5580534801505905e-08,89.44,89.44000244140625,2.7296581439628653e-08,95.21,95.20999908447266,9.61587376391293e-09,1770900.0,1770900.0,0.0
2012-10-26,95.2,95.1999969482422,3.205627940872091e-08,95.275,95.27999877929688,5.246685171211851e-05,94.48,94.4800033569336,3.553062644101601e-08,94.57,94.56999969482422,3.226982903115072e-09,785600.0,785600.0,0.0
2012-10-31,94.65,94.6500015258789,1.6121277424119285e-08,94.9,94.9000015258789,1.6078808284802903e-08,93.66,93.66000366210938,3.9100036097750035e-08,94.76,94.76000213623048,2.254358877351592e-08,716000.0,716000.0,0.0
2012-11-01,95.0,95.0,0.0,96.0,96.0,0.0,94.35,94.3499984741211,1.617253742036695e-08,95.76,95.76000213623048,2.2308171310214675e-08,733400.0,733400.0,0.0
2012-11-02,95.98,95.9800033569336,3.497534484253606e-08,95.99,95.98999786376952,2.2254718956560282e-08,94.77,94.7699966430664,3.542190130101375e-08,94.77,94.7699966430664,3.542190130101375e-08,376500.0,376500.0,0.0
2012-11-05,94.25,94.25,0.0,95.02,95.0199966430664,3.532870540556843e-08,93.685,93.68000030517578,5.336707930003737e-05,94.5245,94.5199966430664,4.764221903952315e-05,289400.0,289400.0,0.0
2012-11-06,95.08,95.08000183105467,1.9258042494030292e-08,95.41,95.41000366210938,3.838286732893437e-08,94.6668,94.66999816894533,3.3783427192402016e-05,94.81,94.80999755859376,2.5750514054401208e-08,375500.0,375500.0,0.0
2012-11-07,91.54,91.54000091552734,1.0001391048675146e-08,94.13,94.12999725341795,2.917860453255372e-08,91.54,91.54000091552734,1.0001391048675146e-08,93.7,93.6999969482422,3.2569453578545904e-08,518400.0,518400.0,0.0
2012-11-08,93.35,93.3499984741211,1.6345783615534515e-08,93.648,93.6500015258789,2.1372863050039825e-05,91.97,91.97000122070312,1.32728403823279e-08,91.97,91.97000122070312,1.32728403823279e-08,561800.0,561800.0,0.0
2012-11-09,92.05,92.0500030517578,3.31532623576436e-08,93.416,93.41999816894533,4.279961618269823e-05,91.8,91.8000030517578,3.324354902467519e-08,92.41,92.41000366210938,3.9628929471291485e-08,360800.0,360800.0,0.0
2012-11-12,92.5,92.5,0.0,92.74,92.73999786376952,2.3034618101824833e-08,91.82,91.81999969482422,3.323630703988556e-09,92.38,92.37999725341795,2.9731349271422403e-08,143000.0,143000.0,0.0
2012-11-13,92.02,92.0199966430664,3.648047808280097e-08,93.15,93.1500015258789,1.638087931965515e-08,92.02,92.0199966430664,3.648047808280097e-08,92.33,92.33000183105467,1.983163300245394e-08,217500.0,217500.0,0.0
2012-11-14,92.18,92.18000030517578,3.3106506425184534e-09,92.3208,92.31999969482422,8.66874177640753e-06,90.29,90.29000091552734,1.0139853179325087e-08,90.49,90.48999786376952,2.3607365173816675e-08,260300.0,260300.0,0.0
2012-11-15,90.67,90.66999816894533,2.0194713568066902e-08,90.67,90.66999816894533,2.0194713568066902e-08,89.89,89.88999938964844,6.7899829092610275e-09,90.37,90.37000274658205,3.039263085646837e-08,621800.0,621800.0,0.0
2012-11-16,90.12,90.12000274658205,3.047694230318143e-08,91.09,91.08999633789062,4.020319877007239e-08,89.77,89.7699966430664,3.739482667963756e-08,90.07,90.06999969482422,3.3882067151935757e-09,1117900.0,1117900.0,0.0
2012-11-19,91.07,91.06999969482422,3.351002253459967e-09,91.3,91.3000030517578,3.342560561669927e-08,89.84,89.83999633789062,4.076257098528657e-08,89.9,89.9000015258789,1.6973068950321135e-08,644200.0,644200.0,0.0
2012-11-20,90.06,90.05999755859375,2.7108663647190667e-08,90.54,90.54000091552734,1.0111854908956275e-08,89.9,89.9000015258789,1.6973068950321135e-08,90.54,90.54000091552734,1.0111854908956275e-08,339900.0,339900.0,0.0
2012-11-21,90.47,90.47000122070312,1.3492905015510814e-08,91.7,91.6999969482422,3.3279801581187485e-08,90.375,90.37999725341795,5.529464362874492e-05,91.69,91.69000244140624,2.662674480902183e-08,372700.0,372700.0,0.0
2012-11-23,91.66,91.66000366210938,3.99531898676031e-08,92.32,92.31999969482422,3.305630102978796e-09,91.42,91.41999816894533,2.002903820574886e-08,92.16,92.16000366210938,3.9736429924275285e-08,205800.0,205800.0,0.0
2012-11-26,91.68,91.68000030517578,3.3287061995679323e-09,93.34,93.33999633789062,3.923408375960946e-08,91.64,91.63999938964844,6.660318185858216e-09,92.45,92.4499969482422,3.300981932241598e-08,278900.0,278900.0,0.0
2012-11-27,92.38,92.37999725341795,2.9731349271422403e-08,93.63,93.62999725341795,2.9334423112814534e-08,91.78,91.77999877929688,1.3300317291964348e-08,93.41,93.41000366210938,3.920468238938213e-08,500000.0,500000.0,0.0
2012-11-28,93.06,93.05999755859376,2.6234754368914537e-08,93.42,93.41999816894533,1.960024276215222e-08,92.42,92.41999816894533,1.9812320672940587e-08,92.93,92.93000030517578,3.2839317931632195e-09,584200.0,584200.0,0.0
2012-11-29,93.37,93.37000274658205,2.9416108437985145e-08,93.9,93.9000015258789,1.625004153460452e-08,93.0201,93.0199966430664,1.1111247310013894e-06,93.79,93.79000091552734,9.761460084689588e-09,524300.0,524300.0,0.0
2012-11-30,94.16,94.16000366210938,3.8892410625379625e-08,94.37,94.37000274658205,2.9104398002743892e-08,93.28,93.27999877929688,1.3086440042719971e-08,93.47,93.47000122070312,1.3059838765983045e-08,933000.0,933000.0,0.0
2012-12-03,93.86,93.86000061035156,6.502786753515011e-09,94.19,94.19000244140624,2.5920015245262107e-08,92.6802,92.68000030517578,2.1546654432880175e-06,93.2277,93.2300033569336,2.470678707711116e-05,490500.0,490500.0,0.0
2012-12-04,93.51,93.51000213623048,2.2844941494071236e-08,93.925,93.93000030517578,5.323721241179413e-05,92.82,92.81999969482422,3.287823457931438e-09,93.4231,93.41999816894533,3.32019709758935e-05,470200.0,470200.0,0.0
2012-12-05,93.34,93.33999633789062,3.923408375960946e-08,94.289,94.29000091552734,1.0615400813929199e-05,93.26,93.26000213623048,2.290618139610956e-08,93.9634,93.95999908447266,3.619404499344281e-05,490100.0,490100.0,0.0
2012-12-06,94.1,94.0999984741211,1.621550371755376e-08,94.48,94.4800033569336,3.553062644101601e-08,93.52,93.5199966430664,3.589535491066442e-08,94.36,94.36000061035156,6.4683294276335346e-09,690400.0,690400.0,0.0
2012-12-07,94.66,94.66000366210938,3.8686978509616665e-08,94.94,94.94000244140624,2.571525414829523e-08,93.75,93.75,0.0,94.26,94.26000213623048,2.2663170673453692e-08,459300.0,459300.0,0.0
2012-12-10,94.14,94.13999938964844,6.483445558203016e-09,95.33,95.33000183105467,1.9207538892729303e-08,94.05,94.0500030517578,3.2448248754590736e-08,94.9,94.9000015258789,1.6078808284802903e-08,634600.0,634600.0,0.0
2012-12-11,94.74,94.73999786376952,2.254834785553328e-08,95.19,95.19000244140624,2.5647717505350442e-08,94.27,94.2699966430664,3.560977601679838e-08,94.59,94.58999633789062,3.871560816381958e-08,528400.0,528400.0,0.0
2012-12-12,95.0,95.0,0.0,95.0,95.0,0.0,93.78,93.77999877929688,1.30166679657151e-08,93.87,93.87000274658205,2.9259423106609006e-08,311600.0,311600.0,0.0
2012-12-13,93.68,93.68000030517578,3.257640601717071e-09,94.06,94.05999755859376,2.5955839255686897e-08,93.045,93.04000091552734,5.372759925470483e-05,93.3,93.3000030517578,3.270908677244222e-08,407000.0,407000.0,0.0
2012-12-14,93.42,93.41999816894533,1.960024276215222e-08,93.51,93.51000213623048,2.2844941494071236e-08,92.92,92.91999816894533,1.9705711062911746e-08,93.26,93.26000213623048,2.290618139610956e-08,347200.0,347200.0,0.0
2012-12-17,93.62,93.62000274658205,2.9337556606279236e-08,93.88,93.87999725341795,2.9256306377511976e-08,93.15,93.1500015258789,1.638087931965515e-08,93.65,93.6500015258789,1.62934212788457e-08,387100.0,387100.0,0.0
2012-12-18,93.96,93.95999908447266,9.743798878858456e-09,94.48,94.4800033569336,3.553062644101601e-08,93.37,93.37000274658205,2.9416108437985145e-08,94.0291,94.02999877929688,9.558522807040504e-06,514100.0,514100.0,0.0
2012-12-19,94.19,94.19000244140624,2.5920015245262107e-08,94.5675,94.56999969482422,2.6432916427232556e-05,92.11,92.11000061035156,6.626333259873718e-09,92.47,92.47000122070312,1.320107201330245e-08,631300.0,631300.0,0.0
2012-12-20,92.67,92.66999816894533,1.9758872094044477e-08,93.01,93.01000213623048,2.2967750590296987e-08,91.99,91.98999786376952,2.3222420653112863e-08,92.69,92.69000244140624,2.633947815411375e-08,394900.0,394900.0,0.0
2012-12-21,91.56,91.55999755859376,2.6664550456523273e-08,92.22,92.22000122070312,1.3236858942278218e-08,90.82,90.81999969482422,3.360226541460065e-09,91.66,91.66000366210938,3.99531898676031e-08,911300.0,911300.0,0.0
2012-12-24,91.52,91.5199966430664,3.667978132337879e-08,92.07,92.06999969482422,3.3146060340882855e-09,91.14,91.13999938964844,6.6968571799108645e-09,91.92,91.91999816894533,1.992009002194095e-08,119800.0,119800.0,0.0
2012-12-26,91.87,91.87000274658205,2.9896397579776135e-08,92.19,92.19000244140624,2.6482332549093712e-08,91.32,91.31999969482422,3.3418284806074894e-09,91.47,91.47000122070312,1.3345393234942549e-08,197100.0,197100.0,0.0
2012-12-27,91.71,91.70999908447266,9.982851767453838e-09,92.39,92.38999938964844,6.606251323759693e-09,91.29,91.29000091552734,1.0028780028648043e-08,92.19,92.19000244140624,2.6482332549093712e-08,293200.0,293200.0,0.0
2012-12-28,91.56,91.55999755859376,2.6664550456523273e-08,92.56,92.55999755859376,2.6376471895517284e-08,91.46,91.45999908447266,1.0010139273042284e-08,91.9,91.9000015258789,1.6603687758021124e-08,271600.0,271600.0,0.0
2012-12-31,91.71,91.70999908447266,9.982851767453838e-09,93.28,93.27999877929688,1.3086440042719971e-08,91.2511,91.25,1.2054649204173984e-05,93.28,93.27999877929688,1.3086440042719971e-08,368500.0,368500.0,0.0
2013-01-02,94.39,94.38999938964844,6.466273627658836e-09,95.22,95.22000122070312,1.2819818540066308e-08,93.26,93.26000213623048,2.290618139610956e-08,94.07,94.06999969482422,3.244134960667111e-09,444200.0,444200.0,0.0
2013-01-03,93.75,93.75,0.0,95.42,95.41999816894533,1.918942227341347e-08,93.75,93.75,0.0,95.03,95.02999877929688,1.2845450148013526e-08,336900.0,336900.0,0.0
2013-01-04,95.41,95.41000366210938,3.838286732893437e-08,95.6599,95.66000366210938,1.0836527049029598e-06,94.77,94.7699966430664,3.542190130101375e-08,95.24,95.23999786376952,2.2429971435755647e-08,269600.0,269600.0,0.0
2013-01-07,94.62,94.62000274658205,2.9027499959255465e-08,96.2,96.1999969482422,3.172305407250775e-08,94.41,94.41000366210938,3.878942256285711e-08,95.82,95.81999969482422,3.1848860215788477e-09,361800.0,361800.0,0.0
2013-01-08,95.34,95.33999633789062,3.841104867507994e-08,96.17,96.16999816894533,1.9039769982853727e-08,95.01,95.01000213623048,2.2484269779354804e-08,95.438,95.44000244140624,2.0981594398783443e-05,314500.0,314500.0,0.0
2013-01-09,95.8,95.8000030517578,3.185550934148296e-08,96.08,96.08000183105467,1.905760482756591e-08,94.94,94.94000244140624,2.571525414829523e-08,95.4,95.4000015258789,1.599453769429715e-08,581300.0,581300.0,0.0
2013-01-10,95.72,95.72000122070312,1.2752853439934597e-08,95.85,95.8499984741211,1.591944598366979e-08,94.83,94.83000183105467,1.9308812326812586e-08,95.24,95.23999786376952,2.2429971435755647e-08,335300.0,335300.0,0.0
2013-01-11,95.2,95.1999969482422,3.205627940872091e-08,95.57,95.56999969482422,3.1932172461779373e-09,94.46,94.45999908447266,9.692222469048772e-09,94.85,94.8499984741211,1.6087284171462102e-08,192900.0,192900.0,0.0
2013-01-14,95.04,95.04000091552734,9.633073894121935e-09,95.12,95.12000274658205,2.8874916235821502e-08,94.41,94.41000366210938,3.878942256285711e-08,94.46,94.45999908447266,9.692222469048772e-09,226700.0,226700.0,0.0
2013-01-15,94.5,94.5,0.0,94.57,94.56999969482422,3.226982903115072e-09,93.35,93.3499984741211,1.6345783615534515e-08,94.2,94.1999969482422,3.2396579641158496e-08,347200.0,347200.0,0.0
2013-01-16,94.23,94.2300033569336,3.562489214736786e-08,94.45,94.4499969482422,3.2310829012338615e-08,93.61,93.61000061035156,6.520153528200012e-09,93.91,93.91000366210938,3.89959469160317e-08,323200.0,323200.0,0.0
2013-01-17,94.07,94.06999969482422,3.244134960667111e-09,94.9426,94.94000244140624,2.7359252788183852e-05,93.78,93.77999877929688,1.30166679657151e-08,94.15,94.1500015258789,1.6206892272663254e-08,301500.0,301500.0,0.0
2013-01-18,94.49,94.48999786376952,2.2608005911806117e-08,95.23,95.2300033569336,3.5250798946506734e-08,94.16,94.16000366210938,3.8892410625379625e-08,95.0,95.0,0.0,438900.0,438900.0,0.0
2013-01-22,94.75,94.75,0.0,95.26,95.26000213623048,2.2425262313774397e-08,93.19,93.19000244140624,2.6198156755086188e-08,94.69,94.69000244140624,2.5783147616920132e-08,441000.0,441000.0,0.0
2013-01-23,95.03,95.02999877929688,1.2845450148013526e-08,95.66,95.66000366210938,3.828255668025804e-08,94.88,94.87999725341795,2.8947955699187844e-08,94.91,94.91000366210938,3.8585074024766186e-08,513900.0,513900.0,0.0
2013-01-24,95.39,95.38999938964844,6.398485852265878e-09,95.65,95.6500015258789,1.5952732912438705e-08,94.54,94.54000091552734,9.684020918498959e-09,94.55,94.5500030517578,3.227665579252914e-08,428900.0,428900.0,0.0
2013-01-25,94.98,94.9800033569336,3.534358383738834e-08,95.18,95.18000030517578,3.2063014465677497e-09,93.87,93.87000274658205,2.9259423106609006e-08,94.5,94.5,0.0,322000.0,322000.0,0.0
2013-01-28,94.64,94.63999938964844,6.449192291313466e-09,96.07,96.06999969482422,3.1765980956777184e-09,94.21,94.20999908447266,9.717942228704146e-09,94.3,94.3000030517578,3.2362224899884495e-08,393200.0,393200.0,0.0
2013-01-29,94.21,94.20999908447266,9.717942228704146e-09,95.35,95.3499984741211,1.6002924985158984e-08,94.1,94.0999984741211,1.621550371755376e-08,94.88,94.87999725341795,2.8947955699187844e-08,235100.0,235100.0,0.0
2013-01-30,94.61,94.61000061035156,6.451237322124825e-09,95.26,95.26000213623048,2.2425262313774397e-08,94.52,94.5199966430664,3.55155902465043e-08,94.76,94.76000213623048,2.254358877351592e-08,218600.0,218600.0,0.0
2013-01-31,94.51,94.51000213623048,2.2603221738748402e-08,94.96,94.95999908447266,9.641189291365038e-09,93.74,93.73999786376952,2.2788889220137776e-08,94.35,94.3499984741211,1.617253742036695e-08,356200.0,356200.0,0.0
2013-02-01,94.74,94.73999786376952,2.254834785553328e-08,95.47,95.47000122070312,1.2786248282381507e-08,94.31,94.30999755859376,2.5887034627025685e-08,95.19,95.19000244140624,2.5647717505350442e-08,392400.0,392400.0,0.0
2013-02-04,95.09,95.08999633789062,3.8512034672422146e-08,95.16,95.16000366210938,3.8483705111502786e-08,94.03,94.02999877929688,1.2982060204613788e-08,94.21,94.20999908447266,9.717942228704146e-09,399000.0,399000.0,0.0
2013-02-05,94.84,94.83999633789062,3.861355313272696e-08,95.5998,95.5999984741211,2.0760934760222227e-06,94.18,94.18000030517578,3.2403457694840654e-09,95.25,95.25,0.0,344000.0,344000.0,0.0
2013-02-06,94.86,94.86000061035156,6.434235366725716e-09,95.93,95.93000030517578,3.1812339429393433e-09,94.05,94.0500030517578,3.2448248754590736e-08,95.12,95.12000274658205,2.8874916235821502e-08,374100.0,374100.0,0.0
2013-02-07,95.66,95.66000366210938,3.828255668025804e-08,99.06,99.05999755859376,2.464573223281974e-08,95.66,95.66000366210938,3.828255668025804e-08,98.19,98.19000244140624,2.4864102554644774e-08,2005100.0,2005100.0,0.0
2013-02-08,98.51,98.51000213623048,2.1685417461725365e-08,98.75,98.75,0.0,96.74,96.73999786376952,2.2082183970262292e-08,96.8,96.8000030517578,3.152642347181711e-08,831700.0,831700.0,0.0
2013-02-11,96.76,96.76000213623048,2.2077619732385756e-08,96.8702,96.87000274658205,2.0362652080052612e-06,96.17,96.16999816894533,1.9039769982853727e-08,96.25,96.25,0.0,694900.0,694900.0,0.0
2013-02-12,96.19,96.19000244140624,2.538108168081976e-08,96.55,96.5500030517578,3.160805595037175e-08,96.15,96.1500015258789,1.5869775271681874e-08,96.34,96.33999633789062,3.801234560452116e-08,446200.0,446200.0,0.0
2013-02-13,96.69,96.69000244140624,2.524983178098239e-08,97.0,97.0,0.0,96.12,96.12000274658205,2.8574511423684612e-08,96.13,96.12999725341795,2.857153891255848e-08,339100.0,339100.0,0.0
2013-02-14,95.85,95.8499984741211,1.591944598366979e-08,96.85,96.8499984741211,1.5755073801138053e-08,95.85,95.8499984741211,1.591944598366979e-08,96.44,96.44000244140624,2.53152865337114e-08,586300.0,586300.0,0.0
2013-02-15,96.58,96.58000183105467,1.8958942638036547e-08,97.62,97.62000274658205,2.8135443974619534e-08,96.23,96.2300033569336,3.4884480859531664e-08,97.12,97.12000274658205,2.8280292774240934e-08,1444900.0,1444900.0,0.0
2013-02-19,96.87,96.87000274658205,2.8353277947701372e-08,97.36,97.36000061035156,6.269017749360728e-09,96.65,96.6500015258789,1.5787676055367683e-08,96.7,96.6999969482422,3.1559025837069044e-08,504500.0,504500.0,0.0
2013-02-20,96.66,96.6999969482422,0.0004137900707863462,97.17,97.16999816894533,1.884382705430454e-08,95.86,95.86000061035156,6.367114169236743e-09,95.87,95.87000274658205,2.8649025152205354e-08,538400.0,538400.0,0.0
2013-02-21,95.93,95.93000030517578,3.1812339429393433e-09,96.38,96.37999725341795,2.8497427306817258e-08,95.42,95.41999816894533,1.918942227341347e-08,95.65,95.6500015258789,1.5952732912438705e-08,602500.0,602500.0,0.0
2013-02-22,95.81,95.80999755859376,2.548174760086397e-08,96.55,96.5500030517578,3.160805595037175e-08,95.68,95.68000030517578,3.189546182724712e-09,96.09,96.08999633789062,3.811124338337635e-08,480200.0,480200.0,0.0
2013-02-25,96.74,96.73999786376952,2.2082183970262292e-08,97.11,97.11000061035156,6.285156617380494e-09,94.98,94.9800033569336,3.534358383738834e-08,94.99,94.98999786376952,2.2489003881354108e-08,391100.0,391100.0,0.0
2013-02-26,94.99,94.98999786376952,2.2489003881354108e-08,95.63,95.62999725341795,2.8720924860614616e-08,94.91,94.91000366210938,3.8585074024766186e-08,95.03,95.02999877929688,1.2845450148013526e-08,560800.0,560800.0,0.0
2013-02-27,95.48,95.4800033569336,3.515850011126531e-08,96.415,96.41999816894533,5.184015915915552e-05,95.36,95.36000061035156,6.400498797631826e-09,96.0,96.0,0.0,726300.0,726300.0,0.0
2013-02-28,94.5,94.5,0.0,96.53,96.52999877929688,1.2645841929170842e-08,94.5,94.5,0.0,95.92,95.91999816894533,1.9089394065474607e-08,844200.0,844200.0,0.0
2013-03-01,95.73,95.7300033569336,3.506668333486118e-08,96.14,96.13999938964844,6.348570447123336e-09,95.32,95.31999969482422,3.2015922135641972e-09,95.54,95.54000091552734,9.582659998841336e-09,641200.0,641200.0,0.0
2013-03-04,95.51,95.51000213623048,2.2366563490194835e-08,97.68,97.68000030517578,3.124240199881001e-09,95.37,95.37000274658205,2.8799224560671632e-08,97.67,97.66999816894533,1.874736021978407e-08,1129100.0,1129100.0,0.0
2013-03-05,97.83,97.83000183105467,1.8716699079490695e-08,98.84,98.83999633789062,3.7050884027500786e-08,97.8,97.8000030517578,3.120406755208194e-08,98.17,98.16999816894533,1.8651876043662696e-08,547200.0,547200.0,0.0
2013-03-06,98.17,98.16999816894533,1.8651876043662696e-08,98.48,98.4800033569336,3.4087465294874164e-08,97.35,97.3499984741211,1.5674154085765224e-08,97.7,97.6999969482422,3.123600611498745e-08,304200.0,304200.0,0.0
2013-03-07,97.69,97.69000244140624,2.4991362757020852e-08,97.85,97.8499984741211,1.5594061375523438e-08,96.8,96.8000030517578,3.152642347181711e-08,97.36,97.36000061035156,6.269017749360728e-09,271500.0,271500.0,0.0
2013-03-08,97.76,97.76000213623048,2.1851784826054654e-08,98.68,98.68000030517578,3.0925797478431605e-09,97.5,97.5,0.0,98.49,98.48999786376952,2.1689821050330238e-08,247400.0,247400.0,0.0
2013-03-11,98.61,98.61000061035156,6.1895504277487134e-09,99.15,99.1500015258789,1.5389600704907025e-08,97.95,97.9499969482422,3.115628177674523e-08,99.13,99.12999725341795,2.7706870131538608e-08,390300.0,390300.0,0.0
2013-03-12,98.83,98.83000183105467,1.8527316347771716e-08,99.2,99.1999969482422,3.0763687486334845e-08,98.18,98.18000030517578,3.108329371670493e-09,98.65,98.6500015258789,1.5467601643948115e-08,336900.0,336900.0,0.0
2013-03-13,100.1,100.0999984741211,1.5243545425924765e-08,100.94,100.94000244140624,2.4186707303641697e-08,99.39,99.38999938964844,6.140975616908406e-09,100.63,100.62999725341795,2.729386905375719e-08,507400.0,507400.0,0.0
2013-03-14,101.0,101.0,0.0,101.74,101.73999786376952,2.0996957728058874e-08,100.79,100.79000091552734,9.083513718977088e-09,101.2,101.1999969482422,3.015570948505797e-08,543600.0,543600.0,0.0
2013-03-15,101.38,101.37999725341795,2.7091951460000985e-08,102.21,102.20999908447266,8.95731666616939e-09,100.68,100.68000030517578,3.0311460008647373e-09,102.04,102.04000091552734,8.972239617932587e-09,911200.0,911200.0,0.0
2013-03-18,101.42,101.41999816894533,1.805417737532622e-08,101.72,101.72000122070312,1.2000620497332193e-08,100.8582,100.86000061035156,1.785289001365875e-05,101.1,101.0999984741211,1.509276859046338e-08,441000.0,441000.0,0.0
2013-03-19,101.0,101.0,0.0,102.055,102.05999755859376,4.8969267490539536e-05,100.96,100.95999908447266,9.068218509433734e-09,101.54,101.54000091552734,9.016420499108335e-09,377600.0,377600.0,0.0
2013-03-20,102.08,102.08000183105467,1.7937447749361013e-08,102.8,102.8000030517578,2.9686360036862425e-08,101.74,101.73999786376952,2.0996957728058874e-08,102.4,102.4000015258789,1.4901161193847656e-08,307700.0,307700.0,0.0
2013-03-21,101.85,101.8499984741211,1.4981628826404858e-08,102.4598,102.45999908447266,1.9430495927785785e-06,101.54,101.54000091552734,9.016420499108335e-09,102.25,102.25,0.0,376100.0,376100.0,0.0
2013-03-22,102.67,102.66999816894533,1.783436909263969e-08,104.75,104.75,0.0,102.39,102.38999938964844,5.9610466562887154e-09,104.24,104.23999786376952,2.049338521104005e-08,511900.0,511900.0,0.0
2013-03-25,104.85,104.8499984741211,1.4552969940240246e-08,104.85,104.8499984741211,1.4552969940240246e-08,102.51,102.51000213623048,2.0839239889269834e-08,103.74,103.73999786376952,2.0592158089804968e-08,540700.0,540700.0,0.0
2013-03-26,104.17,104.16999816894533,1.7577562405612923e-08,104.82,104.81999969482422,2.9114269883834254e-09,103.68,103.68000030517578,2.9434392700977696e-09,104.63,104.62999725341795,2.6250425722018633e-08,256800.0,256800.0,0.0
2013-03-27,104.3,104.3000030517578,2.92594228845644e-08,104.98,104.9800033569336,3.1976886916140757e-08,103.3,103.3000030517578,2.9542669865989524e-08,104.75,104.75,0.0,406100.0,406100.0,0.0
2013-03-28,104.55,104.5500030517578,2.918945773977555e-08,106.28,106.27999877929688,1.1485727591242778e-08,104.25,104.25,0.0,106.18,106.18000030517578,2.8741360402761984e-09,572400.0,572400.0,0.0
2013-04-01,106.7,106.6999969482422,2.8601291446328503e-08,106.7,106.6999969482422,2.8601291446328503e-08,104.24,104.23999786376952,2.049338521104005e-08,104.76,104.76000213623048,2.0391661692542584e-08,321800.0,321800.0,0.0
2013-04-02,105.08,105.08000183105467,1.742533939363966e-08,106.18,106.18000030517578,2.8741360402761984e-09,104.91,104.91000366210938,3.490715250187293e-08,105.33,105.33000183105467,1.7383980477347905e-08,236600.0,236600.0,0.0
2013-04-03,105.63,105.62999725341795,2.6001912734052723e-08,105.64,105.63999938964844,5.7776557982336385e-09,104.29,104.29000091552734,8.778668458830907e-09,104.95,104.9499969482422,2.907820673136996e-08,387700.0,387700.0,0.0
2013-04-04,105.12,105.12000274658205,2.6128063490560294e-08,105.46,105.45999908447266,8.6812756983079e-09,104.59,104.58999633789062,3.501395329230661e-08,105.16,105.16000366210938,3.482416688349588e-08,261200.0,261200.0,0.0
2013-04-05,103.8,103.8000030517578,2.940036414322833e-08,104.5325,104.52999877929688,2.3927684721258835e-05,103.73,103.7300033569336,3.2362224899884495e-08,104.13,104.12999725341795,2.637647211756189e-08,334700.0,334700.0,0.0
2013-04-08,104.57,104.56999969482422,2.9183874206140104e-09,105.19,105.19000244140624,2.3209489885545054e-08,103.51,103.51000213623048,2.0637914044385752e-08,105.12,105.12000274658205,2.6128063490560294e-08,300100.0,300100.0,0.0
2013-04-09,105.61,105.61000061035156,5.779297040930942e-09,105.95,105.9499969482422,2.880375460367901e-08,104.48,104.4800033569336,3.212991561696299e-08,105.48,105.4800033569336,3.1825309054767104e-08,328700.0,328700.0,0.0
2013-04-10,105.32,105.31999969482422,2.897605155816052e-09,108.03,108.02999877929688,1.1299667979081107e-08,105.12,105.12000274658205,2.6128063490560294e-08,107.4,107.4000015258789,1.4207438558955232e-08,463000.0,463000.0,0.0
2013-04-11,107.36,107.36000061035156,5.685092840934658e-09,108.66,108.66000366210938,3.370246060008242e-08,106.6325,106.62999725341795,2.347076718667296e-05,108.54,108.54000091552734,8.434930309775268e-09,446900.0,446900.0,0.0
2013-04-12,108.87,108.87000274658205,2.5228088951223526e-08,109.51,109.51000213623048,1.9507172765997893e-08,107.7,107.6999969482422,2.8335726987016585e-08,109.2,109.1999969482422,2.7946500003039887e-08,383600.0,383600.0,0.0
2013-04-15,108.96,108.95999908447266,8.402416873387608e-09,109.47,109.47000122070312,1.1151028767031335e-08,106.09,106.08999633789062,3.4518893188284494e-08,106.84,106.83999633789062,3.427657602195211e-08,660700.0,660700.0,0.0
2013-04-16,107.26,107.26000213623048,1.991637588183437e-08,109.63,109.62999725341795,2.505319751655577e-08,106.9,106.9000015258789,1.4273890514004961e-08,109.21,109.20999908447266,8.383182259485977e-09,516400.0,516400.0,0.0
2013-04-17,108.21,108.20999908447266,8.460653733166623e-09,108.96,108.95999908447266,8.402416873387608e-09,106.08,106.08000183105467,1.726107345945138e-08,106.874,106.87000274658205,3.7401551527538324e-05,508400.0,508400.0,0.0
2013-04-18,106.7,106.6999969482422,2.8601291446328503e-08,107.97,107.97000122070312,1.1305947289486085e-08,105.97,105.97000122070312,1.1519327491882336e-08,106.88,106.87999725341795,2.5697810990266134e-08,308700.0,308700.0,0.0
2013-04-19,106.36,106.36000061035156,5.738544306410631e-09,108.61,108.61000061035156,5.619662735156794e-09,106.36,106.36000061035156,5.738544306410631e-09,107.67,107.66999816894533,1.70061732474025e-08,336900.0,336900.0,0.0
2013-04-22,107.95,107.9499969482422,2.827010470163316e-08,108.49,108.48999786376952,1.969057494832782e-08,107.0827,107.08000183105467,2.519705746428791e-05,107.97,107.97000122070312,1.1305947289486085e-08,303800.0,303800.0,0.0
2013-04-23,108.01,108.01000213623048,1.9778080506682727e-08,108.96,108.95999908447266,8.402416873387608e-09,107.7,107.6999969482422,2.8335726987016585e-08,108.54,108.54000091552734,8.434930309775268e-09,240600.0,240600.0,0.0
2013-04-24,109.28,109.27999877929688,1.1170416591710364e-08,110.3,110.3000030517578,2.766779516605311e-08,107.94,107.94000244140624,2.2618178885380757e-08,109.01,109.01000213623048,1.9596646971820064e-08,559500.0,559500.0,0.0
2013-04-25,109.15,109.1500015258789,1.397965099236842e-08,110.0,110.0,0.0,107.01,107.01000213623048,1.9962905106751805e-08,108.06,108.05999755859376,2.2593061643760848e-08,735100.0,735100.0,0.0
2013-04-26,108.46,108.45999908447266,8.441151888582965e-09,108.66,108.66000366210938,3.370246060008242e-08,107.75,107.75,0.0,108.58,108.58000183105467,1.6863646035147895e-08,369900.0,369900.0,0.0
2013-04-29,108.57,108.56999969482422,2.8108665395265575e-09,108.62,108.62000274658205,2.5286153837456027e-08,107.8,107.8000030517578,2.8309441679752467e-08,108.41,108.41000366210938,3.378018065269828e-08,301600.0,301600.0,0.0
2013-04-30,108.0,108.0,0.0,108.4,108.4000015258789,1.4076373622273763e-08,107.63,107.62999725341795,2.5518740454089084e-08,108.32,108.31999969482422,2.8173539057263497e-09,642200.0,642200.0,0.0
2013-05-01,107.96,107.95999908447266,8.480245838882183e-09,109.0,109.0,0.0,107.68,107.68000030517578,2.834098955517561e-09,107.76,107.76000213623048,1.9823965136112065e-08,432200.0,432200.0,0.0
2013-05-02,107.94,107.94000244140624,2.2618178885380757e-08,108.3,108.3000030517578,2.817874245053531e-08,107.15,107.1500015258789,1.4240586931890675e-08,108.0,108.0,0.0,341700.0,341700.0,0.0
2013-05-03,108.84,108.83999633789062,3.3646723407443346e-08,109.45,109.4499969482422,2.7882666064904527e-08,107.98,107.9800033569336,3.1088475571650065e-08,109.03,109.02999877929688,1.1196029769955373e-08,419500.0,419500.0,0.0
2013-05-06,108.78,108.77999877929688,1.1221760631840993e-08,109.35,109.3499984741211,1.3954082334066698e-08,108.0,108.0,0.0,109.21,109.20999908447266,8.383182259485977e-09,350900.0,350900.0,0.0
2013-05-07,109.0999,109.0999984741211,9.026050535876351e-07,110.97,110.97000122070312,1.100029844991468e-08,109.015,109.0199966430664,4.583445458328228e-05,110.89,110.88999938964844,5.504117273069653e-09,381300.0,381300.0,0.0
2013-05-08,111.0,111.0,0.0,111.5,111.5,0.0,110.276,110.27999877929688,3.62615555231649e-05,110.8,110.8000030517578,2.7542940372882185e-08,279700.0,279700.0,0.0
2013-05-09,110.77,110.7699966430664,3.030544004634095e-08,111.1798,111.18000030517578,1.8016328127146153e-06,109.85,109.8499984741211,1.3890568029140127e-08,110.39,110.38999938964844,5.529047553132216e-09,222400.0,222400.0,0.0
2013-05-10,110.64,110.63999938964844,5.516554213436109e-09,110.99,110.98999786376952,1.9247053617554855e-08,110.23,110.2300033569336,3.0453901844751385e-08,110.65,110.6500015258789,1.379013925273398e-08,202300.0,202300.0,0.0
2013-05-13,110.3,110.3000030517578,2.766779516605311e-08,110.41,110.41000366210938,3.316827612565021e-08,109.72,109.72000122070312,1.1125620869023578e-08,110.0,110.0,0.0,286500.0,286500.0,0.0
2013-05-14,110.19,110.19000244140624,2.2156332102341025e-08,111.01,111.01000213623048,1.9243586057982043e-08,109.59,109.58999633789062,3.3416455713641824e-08,110.76,110.76000213623048,1.9287021313374453e-08,274200.0,274200.0,0.0
2013-05-15,110.43,110.43000030517578,2.763522299886745e-09,112.225,112.22000122070312,4.4542475356346145e-05,110.08,110.08000183105467,1.663385429395703e-08,112.04,112.04000091552734,8.171432863690598e-09,167100.0,167100.0,0.0
2013-05-16,111.48,111.4800033569336,3.011242899475519e-08,111.97,111.97000122070312,1.090205525855481e-08,111.015,111.0199966430664,4.500872014068236e-05,111.2,111.1999969482422,2.744386506936536e-08,255300.0,255300.0,0.0
2013-05-17,111.44,111.44000244140624,2.1907809122367894e-08,113.11,113.11000061035156,5.396088464948434e-09,111.43,111.43000030517578,2.738721915918063e-09,113.01,113.01000213623048,1.8903021592464597e-08,430300.0,430300.0,0.0
2013-05-20,112.57,112.56999969482422,2.7109867684060873e-09,112.744,112.73999786376952,3.5497554020436084e-05,111.165,111.16999816894533,4.496171407653016e-05,111.41,111.41000366210938,3.287056249412501e-08,304000.0,304000.0,0.0
2013-05-21,111.35,111.3499984741211,1.3703447709900729e-08,112.31,112.30999755859376,2.1738101985135927e-08,111.17,111.16999816894533,1.6470762531639593e-08,111.89,111.88999938964844,5.454925067205352e-09,320300.0,320300.0,0.0
2013-05-22,111.82,111.81999969482422,2.7291698900810957e-09,112.5,112.5,0.0,110.295,110.29000091552734,4.532466995477158e-05,110.92,110.91999816894533,1.6507885614025497e-08,461900.0,461900.0,0.0
2013-05-23,110.57,110.56999969482422,2.760023321002336e-09,111.685,111.68000030517578,4.476603683767344e-05,110.39,110.38999938964844,5.529047553132216e-09,111.28,111.27999877929688,1.0969654296033582e-08,352100.0,352100.0,0.0
2013-05-24,110.9,110.9000015258789,1.375905234191066e-08,111.49,111.48999786376952,1.9160736219880903e-08,110.27,110.2699966430664,3.0442854681567155e-08,111.49,111.48999786376952,1.9160736219880903e-08,231800.0,231800.0,0.0
2013-05-28,112.25,112.25,0.0,112.89,112.88999938964844,5.406604386415381e-09,110.82,110.81999969482422,2.7537969682356334e-09,111.08,111.08000183105467,1.6484107634440193e-08,490200.0,490200.0,0.0
2013-05-29,110.59,110.58999633789062,3.3114290420854786e-08,110.71,110.70999908447266,8.269599338639466e-09,108.62,108.62000274658205,2.5286153837456027e-08,108.66,108.66000366210938,3.370246060008242e-08,584600.0,584600.0,0.0
2013-05-30,108.32,108.31999969482422,2.8173539057263497e-09,110.385,110.38999938964844,4.5290480123583166e-05,107.29,107.29000091552734,8.533202811022988e-09,109.65,109.6500015258789,1.3915904206740493e-08,550200.0,550200.0,0.0
2013-05-31,109.06,109.05999755859376,2.238589980052552e-08,111.0,111.0,0.0,108.55,108.5500030517578,2.8113844363630847e-08,109.76,109.76000213623048,1.9462741196463185e-08,950200.0,950200.0,0.0
2013-06-03,110.21,110.20999908447266,8.307116772243717e-09,110.395,110.38999938964844,4.52974351334845e-05,108.93,108.93000030517578,2.8015769704126114e-09,110.27,110.2699966430664,3.0442854681567155e-08,316300.0,316300.0,0.0
2013-06-04,109.88,109.87999725341795,2.499619622398086e-08,110.19,110.19000244140624,2.2156332102341025e-08,107.48,107.4800033569336,3.123310010622049e-08,108.02,108.0199966430664,3.107696344706312e-08,596700.0,596700.0,0.0
2013-06-05,107.41,107.41000366210938,3.409467819182055e-08,108.91,108.91000366210938,3.362509759519128e-08,106.72,106.72000122070312,1.1438372693461929e-08,107.2,107.1999969482422,2.8467889934269408e-08,303100.0,303100.0,0.0
2013-06-06,107.36,107.36000061035156,5.685092840934658e-09,107.65,107.6500015258789,1.4174444062931002e-08,106.57,106.56999969482422,2.8636180093855046e-09,107.57,107.56999969482422,2.8369970817010426e-09,440500.0,440500.0,0.0
2013-06-07,108.23,108.2300033569336,3.1016664348015865e-08,108.71,108.70999908447266,8.421739861041999e-09,106.11,106.11000061035156,5.752064380359911e-09,108.45,108.4499969482422,2.8139767627166634e-08,362600.0,362600.0,0.0
2013-06-10,109.2,109.1999969482422,2.7946500003039887e-08,109.61,109.61000061035156,5.568393079968814e-09,108.44,108.44000244140624,2.2513890085562593e-08,108.47,108.47000122070312,1.125383164435334e-08,339100.0,339100.0,0.0
2013-06-11,107.46,107.45999908447266,8.519703498244269e-09,108.14,108.13999938964844,5.644086975564733e-09,106.27,106.2699966430664,3.158872297071014e-08,106.45,106.4499969482422,2.8668462159764374e-08,437900.0,437900.0,0.0
2013-06-12,106.66,106.66000366210938,3.433442130607034e-08,107.26,107.26000213623048,1.991637588183437e-08,105.67,105.66999816894533,1.732804655318887e-08,105.81,105.80999755859376,2.307349245000978e-08,329100.0,329100.0,0.0
2013-06-13,105.63,105.62999725341795,2.6001912734052723e-08,106.96,106.95999908447266,8.559530084717437e-09,105.5,105.5,0.0,106.87,106.87000274658205,2.5700215511292868e-08,416300.0,416300.0,0.0
2013-06-14,106.81,106.80999755859376,2.2857468806591896e-08,107.04,107.04000091552734,8.553132868627245e-09,106.41,106.41000366210938,3.441508678037053e-08,106.41,106.41000366210938,3.441508678037053e-08,232800.0,232800.0,0.0
2013-06-17,107.22,107.22000122070312,1.1385032028243813e-08,109.99,109.98999786376952,1.9422042751848778e-08,106.87,106.87000274658205,2.5700215511292868e-08,109.33,109.33000183105467,1.6747961906204978e-08,1030900.0,1030900.0,0.0
2013-06-18,109.68,109.68000030517578,2.7824196280334945e-09,111.09,111.08999633789062,3.2965247753757865e-08,109.54,109.54000091552734,8.357927017144107e-09,110.88,110.87999725341795,2.4770761553050136e-08,560100.0,560100.0,0.0
2013-06-19,110.9,110.9000015258789,1.375905234191066e-08,110.95,110.9499969482422,2.7505703492636258e-08,108.5,108.5,0.0,108.59,108.58999633789062,3.37241862213844e-08,262700.0,262700.0,0.0
2013-06-20,107.51,107.51000213623048,1.9870063150406736e-08,108.13,108.12999725341795,2.5400740177872194e-08,106.36,106.36000061035156,5.738544306410631e-09,106.68,106.68000030517578,2.8606652602292115e-09,299500.0,299500.0,0.0
2013-06-21,107.29,107.29000091552734,8.533202811022988e-09,108.172,108.16999816894533,1.8506000209583817e-05,106.66,106.66000366210938,3.433442130607034e-08,107.51,107.51000213623048,1.9870063150406736e-08,714500.0,714500.0,0.0
2013-06-24,106.75,106.75,0.0,108.01,108.01000213623048,1.9778080506682727e-08,106.5,106.5,0.0,107.48,107.4800033569336,3.123310010622049e-08,305400.0,305400.0,0.0
2013-06-25,108.56,108.55999755859376,2.2489003659309503e-08,109.12,109.12000274658205,2.5170290074427726e-08,107.83,107.83000183105467,1.6980939099298098e-08,108.56,108.55999755859376,2.2489003659309503e-08,413400.0,413400.0,0.0
2013-06-26,109.22,109.22000122070312,1.1176553016412072e-08,110.05,110.0500030517578,2.773064800010161e-08,108.69,108.69000244140624,2.2462105508935792e-08,109.89,109.88999938964844,5.554204762781012e-09,229100.0,229100.0,0.0
2013-06-27,110.33,110.33000183105467,1.6596163110449424e-08,111.58,111.58000183105467,1.6410240943898202e-08,110.33,110.33000183105467,1.6596163110449424e-08,110.99,110.98999786376952,1.9247053617554855e-08,297400.0,297400.0,0.0
2013-06-28,110.0,110.0,0.0,111.54,111.54000091552734,8.208062896031265e-09,109.55,109.5500030517578,2.7857214091042692e-08,110.43,110.43000030517578,2.763522299886745e-09,504600.0,504600.0,0.0
2013-07-01,110.72,110.72000122070312,1.10251365814662e-08,112.168,112.16999816894533,1.7814073045130385e-05,110.22,110.22000122070312,1.1075150796457933e-08,111.45,111.4499969482422,2.7382304201850616e-08,263000.0,263000.0,0.0
2013-07-02,110.93,110.93000030517578,2.7510662636842653e-09,112.06,112.05999755859376,2.17865986362753e-08,110.61,110.61000061035156,5.518050461006396e-09,110.87,110.87000274658205,2.4772995876887194e-08,259800.0,259800.0,0.0
2013-07-03,110.31,110.30999755859376,2.213222949354332e-08,111.77,111.7699966430664,3.003429893677634e-08,109.94,109.94000244140624,2.2206714911376935e-08,111.07,111.06999969482422,2.747598593089151e-09,133600.0,133600.0,0.0
2013-07-05,112.27,112.2699966430664,2.990053971085871e-08,112.5,112.5,0.0,110.35,110.3499984741211,1.3827629374851824e-08,112.43,112.43000030517578,2.7143625125347626e-09,183600.0,183600.0,0.0
2013-07-08,113.13,113.12999725341795,2.4278105192898636e-08,114.06,114.05999755859376,2.1404578665062957e-08,112.82,112.81999969482422,2.7049793516198406e-09,113.98,113.9800033569336,2.9451952876513587e-08,344300.0,344300.0,0.0
2013-07-09,114.18,114.18000030517578,2.6727602353560087e-09,115.51,115.51000213623048,1.8493900855176548e-08,113.99,113.98999786376952,1.874050770123148e-08,114.1,114.0999984741211,1.3373171792174787e-08,413400.0,413400.0,0.0
2013-07-10,114.05,114.0500030517578,2.6758069315846456e-08,115.39,115.38999938964844,5.289466753488625e-09,113.83,113.83000183105467,1.6085870857551754e-08,115.31,115.30999755859376,2.1172545605629978e-08,281300.0,281300.0,0.0
2013-07-11,115.91,115.91000366210938,3.159442130140633e-08,116.72,116.72000122070312,1.045838859958792e-08,115.01,115.01000213623048,1.8574302096396877e-08,116.59,116.58999633789062,3.141014992547042e-08,316900.0,316900.0,0.0
2013-07-12,116.71,116.70999908447266,7.844463523198897e-09,117.32,117.31999969482422,2.601225457254941e-09,115.96,115.95999908447266,7.89519949417894e-09,117.31,117.30999755859376,2.0811578238522088e-08,357300.0,357300.0,0.0
2013-07-15,117.27,117.2699966430664,2.8625680825733468e-08,117.86,117.86000061035156,5.1786150923049945e-09,116.05,116.0500030517578,2.6296921973312237e-08,116.44,116.44000244140624,2.0967075187172668e-08,265100.0,265100.0,0.0
2013-07-16,117.01,117.01000213623048,1.8256819833695204e-08,117.02,117.0199966430664,2.868683635082192e-08,115.04,115.04000091552734,7.958339098834699e-09,115.91,115.91000366210938,3.159442130140633e-08,297700.0,297700.0,0.0
2013-07-17,116.64,116.63999938964844,5.2327808752750116e-09,116.98,116.9800033569336,2.869664550431139e-08,115.72,115.72000122070312,1.0548765416729111e-08,115.96,115.95999908447266,7.89519949417894e-09,214900.0,214900.0,0.0
2013-07-18,116.04,116.04000091552734,7.88975640375611e-09,117.91,117.91000366210938,3.1058513982884506e-08,116.02,116.0199966430664,2.8934094009613887e-08,117.41,117.41000366210938,3.1190779070655594e-08,300000.0,300000.0,0.0
2013-07-19,117.74,117.73999786376952,1.8143625601929614e-08,118.12,118.12000274658205,2.325247239198802e-08,116.92,116.91999816894533,1.5660748142742875e-08,117.93,117.93000030517578,2.5877704423749037e-09,411000.0,411000.0,0.0
2013-07-22,119.4,119.4000015258789,1.2779555191855252e-08,119.59,119.58999633789062,3.062220399474569e-08,118.16,118.16000366210938,3.099280121432457e-08,118.71,118.70999908447266,7.712301686169099e-09,260400.0,260400.0,0.0
2013-07-23,118.93,118.93000030517578,2.566011625404485e-09,119.27,119.2699966430664,2.8145666020051863e-08,117.52,117.5199966430664,2.8564785425899686e-08,118.72,118.72000122070312,1.0282202866918055e-08,220900.0,220900.0,0.0
2013-07-24,118.56,118.55999755859376,2.0592157867760363e-08,118.9225,118.91999816894533,2.1037491262587693e-05,116.82,116.81999969482422,2.612358995790487e-09,117.37,117.37000274658205,2.340105687004268e-08,434100.0,434100.0,0.0
2013-07-25,117.25,117.25,0.0,118.11,118.11000061035156,5.167653638338265e-09,116.0,116.0,0.0,116.91,116.91000366210938,3.132417569773338e-08,395800.0,395800.0,0.0
2013-07-26,116.81,116.80999755859376,2.090066120175038e-08,116.81,116.80999755859376,2.090066120175038e-08,115.98,115.9800033569336,2.8944073138248427e-08,116.77,116.7699966430664,2.874825377752188e-08,300700.0,300700.0,0.0
2013-07-29,116.65,116.6500015258789,1.3080830640888053e-08,116.65,116.6500015258789,1.3080830640888053e-08,115.43,115.43000030517578,2.643816721104031e-09,115.49,115.48999786376952,1.8497103404513382e-08,389500.0,389500.0,0.0
2013-07-30,116.25,116.25,0.0,116.25,116.25,0.0,115.5,115.5,0.0,116.1,116.0999984741211,1.314279840514132e-08,335800.0,335800.0,0.0
2013-07-31,116.25,116.25,0.0,116.5165,116.5199966430664,3.0009853251744545e-05,115.8,115.8000030517578,2.635369433789947e-08,115.94,115.94000244140624,2.1057497301413264e-08,330300.0,330300.0,0.0
2013-08-01,116.63,116.62999725341795,2.3549533101352438e-08,116.95,116.9499969482422,2.6094551519584286e-08,115.95,115.9499969482422,2.631960160925928e-08,116.71,116.70999908447266,7.844463523198897e-09,518900.0,518900.0,0.0
2013-08-02,116.34,116.33999633789062,3.147764637834172e-08,117.24,117.23999786376952,1.822100370585389e-08,116.23,116.2300033569336,2.8881816938053362e-08,117.19,117.19000244140624,2.0832888747435163e-08,297500.0,297500.0,0.0
2013-08-05,116.99,116.98999786376952,1.8259940781639727e-08,117.72,117.72000122070312,1.036954744293439e-08,116.2901,116.29000091552734,8.520456397098641e-07,117.38,117.37999725341795,2.339906324255736e-08,220600.0,220600.0,0.0
2013-08-06,116.96,116.95999908447266,7.82769615792489e-09,117.66,117.66000366210938,3.1124506083557435e-08,116.4701,116.47000122070312,8.48108629436517e-07,116.96,116.95999908447266,7.82769615792489e-09,235500.0,235500.0,0.0
2013-08-07,116.91,116.91000366210938,3.132417569773338e-08,116.91,116.91000366210938,3.132417569773338e-08,115.93,115.93000030517578,2.6324140645073157e-09,116.47,116.47000122070312,1.048083730914584e-08,167800.0,167800.0,0.0
2013-08-08,117.3,117.3000030517578,2.60166905796666e-08,117.98,117.9800033569336,2.845341229296139e-08,116.44,116.44000244140624,2.0967075187172668e-08,117.69,117.69000244140624,2.0744381323822836e-08,187300.0,187300.0,0.0
2013-08-09,117.34,117.33999633789062,3.120938618650371e-08,117.73,117.7300033569336,2.851383329449675e-08,116.29,116.29000091552734,7.872795082519701e-09,117.0,117.0,0.0,192800.0,192800.0,0.0
2013-08-12,116.83,116.83000183105467,1.5672812381239964e-08,117.9,117.9000015258789,1.2942145133365557e-08,116.55,116.5500030517578,2.6184108214977186e-08,117.31,117.30999755859376,2.0811578238522088e-08,158000.0,158000.0,0.0
2013-08-13,117.57,117.56999969482422,2.595694215123956e-09,117.57,117.56999969482422,2.595694215123956e-09,116.27,116.2699966430664,2.8871880886072177e-08,117.11,117.11000061035156,5.211780118585807e-09,202600.0,202600.0,0.0
2013-08-14,116.91,116.91000366210938,3.132417569773338e-08,116.91,116.91000366210938,3.132417569773338e-08,116.21,116.20999908447266,7.878214747236711e-09,116.82,116.81999969482422,2.612358995790487e-09,154900.0,154900.0,0.0
2013-08-15,116.11,116.11000061035156,5.256666657516007e-09,116.67,116.66999816894533,1.56943059659298e-08,114.22,114.22000122070312,1.0687297491429604e-08,114.51,114.51000213623048,1.865540544265798e-08,399800.0,399800.0,0.0
2013-08-16,114.55,114.5500030517578,2.6641272743432864e-08,114.96,114.95999908447266,7.96387733537074e-09,114.25,114.25,0.0,114.54,114.54000091552734,7.993079531587455e-09,280200.0,280200.0,0.0
2013-08-19,114.27,114.2699966430664,2.9377208221603723e-08,115.21,115.20999908447266,7.946596158880936e-09,114.0,114.0,0.0,114.78,114.77999877929688,1.0635155311966571e-08,213200.0,213200.0,0.0
2013-08-20,114.93,114.93000030517578,2.6553186316391475e-09,115.69,115.69000244140624,2.110300134638976e-08,114.25,114.25,0.0,115.5,115.5,0.0,188800.0,188800.0,0.0
2013-08-21,114.81,114.80999755859376,2.126475251440496e-08,115.17,115.16999816894533,1.5898712124595704e-08,114.09,114.08999633789062,3.209842558415943e-08,114.24,114.23999786376952,1.8699496506791036e-08,201700.0,201700.0,0.0
2013-08-22,114.13,114.12999725341795,2.4065381909466055e-08,115.67,115.66999816894533,1.582998765403687e-08,114.13,114.12999725341795,2.4065381909466055e-08,115.22,115.22000122070312,1.059454191043585e-08,170900.0,170900.0,0.0
2013-08-23,115.0,115.0,0.0,116.1,116.0999984741211,1.314279840514132e-08,114.53,114.52999877929688,1.0658370075411483e-08,115.92,115.91999816894533,1.5795847740918134e-08,214700.0,214700.0,0.0
2013-08-26,115.71,115.70999908447266,7.912257737885398e-09,116.44,116.44000244140624,2.0967075187172668e-08,115.37,115.37000274658205,2.3806726590080984e-08,115.47,115.47000122070312,1.057160403661328e-08,238300.0,238300.0,0.0
2013-08-27,114.65,114.6500015258789,1.330901788776373e-08,115.32,115.31999969482422,2.6463387037267694e-09,113.48,113.4800033569336,2.958171996247927e-08,113.49,113.48999786376952,1.8823072323037593e-08,264800.0,264800.0,0.0
2013-08-28,111.46,111.45999908447266,8.213954183489136e-09,113.48,113.4800033569336,2.958171996247927e-08,111.32,111.31999969482422,2.741428084540587e-09,112.94,112.94000244140624,2.1616842982297158e-08,278500.0,278500.0,0.0
2013-08-29,112.97,112.97000122070312,1.0805551342585318e-08,113.66,113.66000366210938,3.2219860779392206e-08,112.51,112.51000213623048,1.8987027727845884e-08,112.75,112.75,0.0,192000.0,192000.0,0.0
2013-08-30,112.97,112.97000122070312,1.0805551342585318e-08,113.34,113.33999633789062,3.231082912336092e-08,112.04,112.04000091552734,8.171432863690598e-09,112.56,112.55999755859376,2.1689820828285633e-08,286700.0,286700.0,0.0
2013-09-03,113.26,113.26000213623048,1.8861296746663925e-08,113.85,113.8499984741211,1.340253752424303e-08,111.21,111.20999908447266,8.232419190790097e-09,111.56,111.55999755859376,2.1884243750491805e-08,269800.0,269800.0,0.0
2013-09-04,111.78,111.77999877929688,1.0920586213103434e-08,113.29,113.29000091552734,8.081272317994603e-09,111.5,111.5,0.0,112.97,112.97000122070312,1.0805551342585318e-08,236700.0,236700.0,0.0
2013-09-05,112.5,112.5,0.0,112.98,112.9800033569336,2.9712635685186228e-08,111.73,111.7300033569336,3.004505133574753e-08,112.38,112.37999725341795,2.444013202929085e-08,265900.0,265900.0,0.0
2013-09-06,113.12,113.12000274658205,2.428025136502754e-08,113.39,113.38999938964844,5.382763568206883e-09,111.5,111.5,0.0,112.48,112.4800033569336,2.9844715365712204e-08,178200.0,178200.0,0.0
2013-09-09,112.88,112.87999725341795,2.433187495931577e-08,114.14,114.13999938964844,5.347394083088375e-09,112.71,112.70999908447266,8.122858163872593e-09,113.98,113.9800033569336,2.9451952876513587e-08,153000.0,153000.0,0.0
2013-09-10,115.02,115.0199966430664,2.9185651118091016e-08,115.35,115.3499984741211,1.3228252271346719e-08,114.33,114.33000183105467,1.60155224637748e-08,114.78,114.77999877929688,1.0635155311966571e-08,198300.0,198300.0,0.0
2013-09-11,114.95,114.9499969482422,2.6548567233497522e-08,115.49,115.48999786376952,1.8497103404513382e-08,114.07,114.06999969482422,2.6753377291299785e-09,115.21,115.20999908447266,7.946596158880936e-09,240900.0,240900.0,0.0
2013-09-12,114.85,114.8499984741211,1.328584153803547e-08,115.735,115.7300033569336,4.3173137481367085e-05,114.57,114.56999969482422,2.6636621797138105e-09,114.71,114.70999908447266,7.981233896003914e-09,187100.0,187100.0,0.0
2013-09-13,115.33,115.33000183105467,1.587665554581008e-08,115.49,115.48999786376952,1.8497103404513382e-08,114.33,114.33000183105467,1.60155224637748e-08,114.59,114.58999633789062,3.19583679520008e-08,213600.0,213600.0,0.0
2013-09-16,116.06,116.05999755859376,2.1035724939721945e-08,116.55,116.5500030517578,2.6184108214977186e-08,115.13,115.12999725341795,2.385635400337094e-08,115.85,115.8499984741211,1.3171160162528395e-08,193500.0,193500.0,0.0
2013-09-17,116.14,116.13999938964844,5.255308743734588e-09,116.4,116.4000015258789,1.3108925278615402e-08,115.346,115.3499984741211,3.466504361737677e-05,115.75,115.75,0.0,206100.0,206100.0,0.0
2013-09-18,115.34,115.33999633789062,3.17505581826083e-08,117.52,117.5199966430664,2.8564785425899686e-08,114.92,114.91999816894533,1.5933298569414944e-08,117.05,117.0500030517578,2.6072257908182905e-08,360000.0,360000.0,0.0
2013-09-19,117.5,117.5,0.0,117.58,117.58000183105467,1.5572841238764568e-08,116.51,116.51000213623048,1.8335168494587606e-08,117.11,117.11000061035156,5.211780118585807e-09,272000.0,272000.0,0.0
2013-09-20,116.5,116.5,0.0,117.18,117.18000030517578,2.6043331935454717e-09,115.56,115.55999755859376,2.1126741467369925e-08,116.4,116.4000015258789,1.3108925278615402e-08,558800.0,558800.0,0.0
2013-09-23,115.92,115.91999816894533,1.5795847740918134e-08,116.63,116.62999725341795,2.3549533101352438e-08,115.12,115.12000274658205,2.3858426345668704e-08,115.57,115.56999969482422,2.640614171767197e-09,284800.0,284800.0,0.0
2013-09-24,115.35,115.3499984741211,1.3228252271346719e-08,115.98,115.9800033569336,2.8944073138248427e-08,113.96,113.95999908447266,8.033760434678072e-09,113.99,113.98999786376952,1.874050770123148e-08,946600.0,946600.0,0.0
2013-09-25,113.91,113.91000366210938,3.2149147344284756e-08,115.02,115.0199966430664,2.9185651118091016e-08,113.78,113.77999877929688,1.0728626542721997e-08,114.6,114.5999984741211,1.3314824576227124e-08,393000.0,393000.0,0.0
2013-09-26,114.96,114.95999908447266,7.96387733537074e-09,115.67,115.66999816894533,1.582998765403687e-08,114.62,114.62000274658205,2.3962502648799955e-08,115.65,115.6500015258789,1.319393772014621e-08,172200.0,172200.0,0.0
2013-09-27,114.9,114.9000015258789,1.3280060162657037e-08,116.16,116.16000366210938,3.1526423693861716e-08,114.7856,114.79000091552734,3.8340310346773876e-05,115.67,115.66999816894533,1.582998765403687e-08,238600.0,238600.0,0.0
2013-09-30,115.13,115.12999725341795,2.385635400337094e-08,115.93,115.93000030517578,2.6324140645073157e-09,114.26,114.26000213623048,1.8696223236247533e-08,115.4,115.4000015258789,1.3222520856004394e-08,283100.0,283100.0,0.0
2013-10-01,115.71,115.70999908447266,7.912257737885398e-09,117.36,117.36000061035156,5.2006778883395555e-09,115.15,115.1500015258789,1.3251227892752127e-08,116.99,116.98999786376952,1.8259940781639727e-08,332100.0,332100.0,0.0
2013-10-02,115.98,115.9800033569336,2.8944073138248427e-08,116.115,116.11000061035156,4.305550229022348e-05,114.39,114.38999938964844,5.335707320419658e-09,115.63,115.62999725341795,2.3753195854681053e-08,246700.0,246700.0,0.0
2013-10-03,115.15,115.1500015258789,1.3251227892752127e-08,115.15,115.1500015258789,1.3251227892752127e-08,113.395,113.4000015258789,4.410711123870037e-05,114.22,114.22000122070312,1.0687297491429604e-08,302400.0,302400.0,0.0
2013-10-04,114.26,114.26000213623048,1.8696223236247533e-08,116.186,116.19000244140624,3.444856872802937e-05,113.9501,113.9499969482422,9.043586429724471e-07,115.83,115.83000183105467,1.5808121256455365e-08,298500.0,298500.0,0.0
2013-10-07,114.72,114.72000122070312,1.0640717640342245e-08,115.68,115.68000030517578,2.6381030693301e-09,114.2788,114.27999877929688,1.048995348984505e-05,115.38,115.37999725341795,2.380466324058972e-08,217100.0,217100.0,0.0
2013-10-08,115.02,115.0199966430664,2.9185651118091016e-08,115.64,115.63999938964844,5.278031456334986e-09,114.22,114.22000122070312,1.0687297491429604e-08,114.32,114.31999969482422,2.6694871868571113e-09,252400.0,252400.0,0.0
2013-10-09,115.01,115.01000213623048,1.8574302096396877e-08,115.01,115.01000213623048,1.8574302096396877e-08,113.35,113.3499984741211,1.3461657677460437e-08,113.74,113.73999786376952,1.8781699306913424e-08,284700.0,284700.0,0.0
2013-10-10,114.31,114.30999755859376,2.1357766111229637e-08,116.03,116.02999877929688,1.0520581961159792e-08,113.87,113.87000274658205,2.4120330621713038e-08,115.97,115.97000122070312,1.0526025162604924e-08,160100.0,160100.0,0.0
2013-10-11,114.96,114.95999908447266,7.96387733537074e-09,117.04,117.04000091552734,7.822345660102314e-09,114.93,114.93000030517578,2.6553186316391475e-09,116.88,116.87999725341795,2.3499161838635985e-08,190400.0,190400.0,0.0
2013-10-14,116.38,116.37999725341795,2.3600120635514088e-08,117.2691,117.2699966430664,7.646030083074962e-06,115.88,115.87999725341795,2.3701950624399615e-08,117.1,117.0999984741211,1.3030562739935192e-08,175100.0,175100.0,0.0
2013-10-15,116.63,116.62999725341795,2.3549533101352438e-08,117.5896,117.58999633789062,3.3705182314047732e-06,116.33,116.33000183105467,1.5740176051437516e-08,116.75,116.75,0.0,212700.0,212700.0,0.0
2013-10-16,117.82,117.81999969482422,2.590186509721093e-09,118.91,118.91000366210938,3.079732047162054e-08,117.13,117.12999725341795,2.3449005737141704e-08,118.89,118.88999938964844,5.133750202723775e-09,237500.0,237500.0,0.0
2013-10-17,118.19,118.19000244140624,2.0656622634618316e-08,119.69,119.69000244140624,2.039774615880674e-08,117.99,117.98999786376952,1.810518246436743e-08,119.59,119.58999633789062,3.062220399474569e-08,237200.0,237200.0,0.0
2013-10-18,119.77,119.7699966430664,2.8028167231575196e-08,119.91,119.91000366210938,3.05404834755052e-08,118.65,118.6500015258789,1.2860336351394608e-08,118.69,118.69000244140624,2.05696035759928e-08,318000.0,318000.0,0.0
2013-10-21,118.66,118.66000366210938,3.0862206124027125e-08,119.62,119.62000274658205,2.2960893186763087e-08,118.33,118.33000183105467,1.5474137304849478e-08,119.19,119.19000244140624,2.0483314377983675e-08,169500.0,169500.0,0.0
2013-10-22,119.79,119.79000091552734,7.642769306315245e-09,121.61,121.61000061035156,5.018925719468825e-09,119.67,119.66999816894533,1.5300866351708464e-08,120.97,120.97000122070312,1.009095740300836e-08,253400.0,253400.0,0.0
2013-10-23,120.17,120.16999816894533,1.5237202943829686e-08,121.135,121.13999938964844,4.127122341546219e-05,119.715,119.72000122070312,4.177605732880174e-05,120.87,120.87000274658205,2.272343868625626e-08,202200.0,202200.0,0.0
2013-10-24,113.44,113.44000244140624,2.1521564086413036e-08,119.54,119.54000091552734,7.658752965156168e-09,112.892,112.88999938964844,1.7721453704044876e-05,114.54,114.54000091552734,7.993079531587455e-09,1109200.0,1109200.0,0.0
2013-10-25,117.03,117.02999877929688,1.0430685537521356e-08,117.03,117.02999877929688,1.0430685537521356e-08,115.47,115.47000122070312,1.057160403661328e-08,116.85,116.8499984741211,1.3058441550306554e-08,621500.0,621500.0,0.0
2013-10-28,117.31,117.30999755859376,2.0811578238522088e-08,117.33,117.33000183105467,1.560602291839075e-08,115.78,115.77999877929688,1.0543298678555857e-08,115.908,115.91000366210938,1.7286659327764298e-05,460500.0,460500.0,0.0
2013-10-29,115.78,115.77999877929688,1.0543298678555857e-08,116.82,116.81999969482422,2.612358995790487e-09,115.61,115.61000061035156,5.279401138480466e-09,116.18,116.18000030517578,2.626749706635678e-09,248700.0,248700.0,0.0
2013-10-30,116.08,116.08000183105467,1.5774075379226815e-08,116.65,116.6500015258789,1.3080830640888053e-08,115.3725,115.37000274658205,2.164513569491433e-05,115.46,115.45999908447266,7.92938970040069e-09,196800.0,196800.0,0.0
2013-10-31,115.68,115.68000030517578,2.6381030693301e-09,116.77,116.7699966430664,2.874825377752188e-08,115.48,115.4800033569336,2.9069393781000485e-08,116.2,116.1999969482422,2.62629759051336e-08,229000.0,229000.0,0.0
2013-11-01,116.6,116.5999984741211,1.3086439931697669e-08,117.25,117.25,0.0,116.05,116.0500030517578,2.6296921973312237e-08,116.68,116.68000030517578,2.6154933774336087e-09,263800.0,263800.0,0.0
2013-11-04,116.44,116.44000244140624,2.0967075187172668e-08,116.92,116.91999816894533,1.5660748142742875e-08,115.75,115.75,0.0,116.24,116.23999786376952,1.8377756982879134e-08,252500.0,252500.0,0.0
2013-11-05,115.87,115.87000274658205,2.370399632134479e-08,116.7,116.6999969482422,2.615045247011949e-08,115.5,115.5,0.0,116.18,116.18000030517578,2.626749706635678e-09,195300.0,195300.0,0.0
2013-11-06,116.33,116.33000183105467,1.5740176051437516e-08,116.49,116.48999786376952,1.8338316420951628e-08,115.48,115.4800033569336,2.9069393781000485e-08,115.8,115.8000030517578,2.635369433789947e-08,192300.0,192300.0,0.0
2013-11-07,116.39,116.38999938964844,5.244020662154014e-09,116.74,116.73999786376952,1.8299044723946167e-08,115.2,115.1999969482422,2.649095309781302e-08,115.34,115.33999633789062,3.17505581826083e-08,291200.0,291200.0,0.0
2013-11-08,115.29,115.29000091552734,7.94108201418453e-09,117.395,117.38999938964844,4.25964508842247e-05,115.29,115.29000091552734,7.94108201418453e-09,116.57,116.56999969482422,2.617961514239653e-09,214200.0,214200.0,0.0
2013-11-11,116.07,116.06999969482422,2.6292390487014927e-09,116.435,116.44000244140624,4.2963382198113464e-05,115.44,115.44000244140624,2.1148702789020035e-08,115.51,115.51000213623048,1.8493900855176548e-08,224800.0,224800.0,0.0
2013-11-12,115.27,115.2699966430664,2.9122352640520432e-08,116.5,116.5,0.0,115.1,115.0999984741211,1.3256984399134808e-08,116.39,116.38999938964844,5.244020662154014e-09,267400.0,267400.0,0.0
2013-11-13,115.94,115.94000244140624,2.1057497301413264e-08,117.4,117.4000015258789,1.2997264819958332e-08,115.44,115.44000244140624,2.1148702789020035e-08,117.39,117.38999938964844,5.199348840356777e-09,288700.0,288700.0,0.0
2013-11-14,117.34,117.33999633789062,3.120938618650371e-08,118.195,118.1999969482422,4.2277154213010704e-05,117.06,117.05999755859376,2.0856024574023024e-08,117.87,117.87000274658205,2.3301790497143315e-08,215200.0,215200.0,0.0
2013-11-15,118.1,118.0999984741211,1.2920227776547222e-08,119.15,119.1500015258789,1.2806369298345999e-08,117.47,117.47000122070312,1.039161601212868e-08,119.12,119.12000274658205,2.3057270315263168e-08,348400.0,348400.0,0.0
2013-11-18,118.94,118.94000244140624,2.0526368160744823e-08,119.43,119.43000030517578,2.555268885373607e-09,118.38,118.37999725341795,2.3201402576944474e-08,118.94,118.94000244140624,2.0526368160744823e-08,204900.0,204900.0,0.0
2013-11-19,118.41,118.41000366210938,3.092736577947619e-08,118.66,118.66000366210938,3.0862206124027125e-08,117.61,117.61000061035156,5.189622953594153e-09,118.33,118.33000183105467,1.5474137304849478e-08,129500.0,129500.0,0.0
2013-11-20,118.19,118.19000244140624,2.0656622634618316e-08,118.84,118.83999633789062,3.08154609607314e-08,117.56,117.55999755859376,2.0767320862979943e-08,118.28,118.27999877929688,1.0320452492607046e-08,150700.0,150700.0,0.0
2013-11-21,118.19,118.19000244140624,2.0656622634618316e-08,118.87,118.87000274658205,2.310576285857735e-08,117.51,117.51000213623048,1.8179137750706786e-08,118.66,118.66000366210938,3.0862206124027125e-08,201900.0,201900.0,0.0
2013-11-22,118.98,118.9800033569336,2.8214267810966476e-08,119.89,119.88999938964844,5.0909296778201e-09,118.19,118.19000244140624,2.0656622634618316e-08,119.82,119.81999969482422,2.5469518716292328e-09,205900.0,205900.0,0.0
2013-11-25,120.49,120.48999786376952,1.772952507028691e-08,120.99,120.98999786376952,1.765625656791059e-08,118.1,118.0999984741211,1.2920227776547222e-08,118.44,118.44000244140624,2.0613021289861422e-08,277900.0,277900.0,0.0
2013-11-26,118.41,118.41000366210938,3.092736577947619e-08,119.1705,119.16999816894533,4.211034229761879e-06,118.18,118.18000030517578,2.582296376729687e-09,118.82,118.81999969482422,2.568387280632578e-09,268500.0,268500.0,0.0
2013-11-27,118.94,118.94000244140624,2.0526368160744823e-08,119.38,119.37999725341795,2.300705348456944e-08,118.03,118.02999877929688,1.0342312339872706e-08,118.38,118.37999725341795,2.3201402576944474e-08,203100.0,203100.0,0.0
2013-11-29,118.25,118.25,0.0,118.68,118.68000030517578,2.57141707926678e-09,117.36,117.36000061035156,5.2006778883395555e-09,117.48,117.4800033569336,2.8574511423684612e-08,158500.0,158500.0,0.0
2013-12-02,117.75,117.75,0.0,118.72,118.72000122070312,1.0282202866918055e-08,117.0325,117.02999877929688,2.1372018055854092e-05,118.26,118.26000213623048,1.8063846418669982e-08,246400.0,246400.0,0.0
2013-12-03,117.46,117.45999908447266,7.794375478376026e-09,118.178,118.18000030517578,1.6926206026335322e-05,115.6,115.5999984741211,1.3199644488537388e-08,115.95,115.9499969482422,2.631960160925928e-08,413100.0,413100.0,0.0
2013-12-04,115.56,115.55999755859376,2.1126741467369925e-08,116.48,116.4800033569336,2.881982830160723e-08,114.63,114.62999725341795,2.3960412098844586e-08,115.6,115.5999984741211,1.3199644488537388e-08,277700.0,277700.0,0.0
2013-12-05,115.66,115.66000366210938,3.166271289600786e-08,116.7,116.6999969482422,2.615045247011949e-08,115.334,115.33000183105467,3.46660043467617e-05,116.18,116.18000030517578,2.626749706635678e-09,367600.0,367600.0,0.0
2013-12-06,117.47,117.47000122070312,1.039161601212868e-08,117.49,117.48999786376952,1.8182232386365627e-08,116.59,116.58999633789062,3.141014992547042e-08,117.35,117.3499984741211,1.3002802723427465e-08,331400.0,331400.0,0.0
2013-12-09,117.54,117.54000091552734,7.789070499697459e-09,117.77,117.7699966430664,2.850414870803064e-08,115.78,115.77999877929688,1.0543298678555857e-08,116.1,116.0999984741211,1.314279840514132e-08,513400.0,513400.0,0.0
2013-12-10,115.25,115.25,0.0,115.84,115.83999633789062,3.1613513251649294e-08,115.0,115.0,0.0,115.33,115.33000183105467,1.587665554581008e-08,693100.0,693100.0,0.0
2013-12-11,115.16,115.16000366210938,3.1800185595898256e-08,115.6,115.5999984741211,1.3199644488537388e-08,114.485,114.48999786376952,4.36551842557531e-05,114.58,114.58000183105467,1.598057841611933e-08,351300.0,351300.0,0.0
2013-12-12,114.33,114.33000183105467,1.60155224637748e-08,114.97,114.97000122070312,1.0617579704330637e-08,114.26,114.26000213623048,1.8696223236247533e-08,114.29,114.29000091552734,8.010563767868462e-09,537200.0,537200.0,0.0
2013-12-13,115.0,115.0,0.0,115.33,115.33000183105467,1.587665554581008e-08,113.9,113.9000015258789,1.3396654008346331e-08,114.58,114.58000183105467,1.598057841611933e-08,529200.0,529200.0,0.0
2013-12-16,114.88,114.87999725341795,2.390826980835925e-08,115.78,115.77999877929688,1.0543298678555857e-08,114.88,114.87999725341795,2.390826980835925e-08,115.36,115.36000061035156,5.290842208793833e-09,290700.0,290700.0,0.0
2013-12-17,115.16,115.16000366210938,3.1800185595898256e-08,116.49,116.48999786376952,1.8338316420951628e-08,114.29,114.29000091552734,8.010563767868462e-09,114.6,114.5999984741211,1.3314824576227124e-08,382600.0,382600.0,0.0
2013-12-18,114.45,114.4499969482422,2.6664550456523273e-08,114.85,114.8499984741211,1.328584153803547e-08,113.0,113.0,0.0,114.83,114.83000183105467,1.5945786691062835e-08,571100.0,571100.0,0.0
2013-12-19,114.51,114.51000213623048,1.865540544265798e-08,115.11,115.11000061035156,5.302333017098704e-09,113.87,113.87000274658205,2.4120330621713038e-08,114.53,114.52999877929688,1.0658370075411483e-08,421500.0,421500.0,0.0
2013-12-20,114.75,114.75,0.0,115.09,115.08999633789062,3.181952712427716e-08,113.69,113.69000244140624,2.147423905363155e-08,113.69,113.69000244140624,2.147423905363155e-08,863300.0,863300.0,0.0
2013-12-23,114.3,114.3000030517578,2.6699543242969526e-08,114.66,114.66000366210938,3.1938857336655246e-08,113.8441,113.83999633789062,3.604633098575061e-05,114.53,114.52999877929688,1.0658370075411483e-08,480300.0,480300.0,0.0
2013-12-24,114.93,114.93000030517578,2.6553186316391475e-09,116.02,116.0199966430664,2.8934094009613887e-08,114.83,114.83000183105467,1.5945786691062835e-08,115.54,115.54000091552734,7.923899314477012e-09,194000.0,194000.0,0.0
2013-12-26,116.0,116.0,0.0,116.16,116.16000366210938,3.1526423693861716e-08,114.9,114.9000015258789,1.3280060162657037e-08,115.31,115.30999755859376,2.1172545605629978e-08,250200.0,250200.0,0.0
2013-12-27,115.44,115.44000244140624,2.1148702789020035e-08,115.84,115.83999633789062,3.1613513251649294e-08,115.11,115.11000061035156,5.302333017098704e-09,115.57,115.56999969482422,2.640614171767197e-09,176600.0,176600.0,0.0
2013-12-30,115.5,115.5,0.0,116.04,116.04000091552734,7.88975640375611e-09,115.24,115.23999786376952,1.853723075040392e-08,115.78,115.77999877929688,1.0543298678555857e-08,236200.0,236200.0,0.0
2013-12-31,116.86,116.86000061035156,5.222929644332908e-09,117.57,117.56999969482422,2.595694215123956e-09,115.79,115.79000091552734,7.906790999712143e-09,116.17,116.16999816894533,1.576185482132786e-08,253800.0,253800.0,0.0
2014-01-02,115.28,115.27999877929688,1.0589027765739445e-08,116.23,116.2300033569336,2.8881816938053362e-08,114.81,114.80999755859376,2.126475251440496e-08,114.88,114.87999725341795,2.390826980835925e-08,381600.0,381600.0,0.0
2014-01-03,115.06,115.05999755859376,2.1218548917900648e-08,115.66,115.66000366210938,3.166271289600786e-08,113.98,113.9800033569336,2.9451952876513587e-08,115.05,115.0500030517578,2.6525491580997596e-08,516700.0,516700.0,0.0
2014-01-06,115.12,115.12000274658205,2.3858426345668704e-08,115.53,115.52999877929688,1.0566113761711904e-08,114.2772,114.27999877929688,2.4491143437943563e-05,114.75,114.75,0.0,394700.0,394700.0,0.0
2014-01-07,115.08,115.08000183105467,1.591114595633769e-08,116.41,116.41000366210938,3.145871807497258e-08,114.95,114.9499969482422,2.6548567233497522e-08,116.06,116.05999755859376,2.1035724939721945e-08,363600.0,363600.0,0.0
2014-01-08,116.04,116.04000091552734,7.88975640375611e-09,116.89,116.88999938964844,5.221589161052975e-09,114.97,114.97000122070312,1.0617579704330637e-08,115.91,115.91000366210938,3.159442130140633e-08,437000.0,437000.0,0.0
2014-01-09,116.2,116.1999969482422,2.62629759051336e-08,116.73,116.7300033569336,2.8758105008463986e-08,114.98,114.9800033569336,2.919580444071812e-08,116.01,116.01000213623048,1.841419261516819e-08,364700.0,364700.0,0.0
2014-01-10,116.01,116.01000213623048,1.841419261516819e-08,116.49,116.48999786376952,1.8338316420951628e-08,114.57,114.56999969482422,2.6636621797138105e-09,115.42,115.41999816894533,1.5864275448862486e-08,255100.0,255100.0,0.0
2014-01-13,115.89,115.88999938964844,5.266645675128245e-09,116.4,116.4000015258789,1.3108925278615402e-08,114.83,114.83000183105467,1.5945786691062835e-08,115.02,115.0199966430664,2.9185651118091016e-08,401900.0,401900.0,0.0
2014-01-14,115.07,115.06999969482422,2.6520881046820932e-09,116.69,116.69000244140624,2.0922154675417914e-08,115.07,115.06999969482422,2.6520881046820932e-09,116.55,116.5500030517578,2.6184108214977186e-08,541100.0,541100.0,0.0
2014-01-15,116.71,116.70999908447266,7.844463523198897e-09,117.95,117.9499969482422,2.5873317488489533e-08,115.85,115.8499984741211,1.3171160162528395e-08,117.72,117.72000122070312,1.036954744293439e-08,423600.0,423600.0,0.0
2014-01-16,117.83,117.83000183105467,1.5539800335417908e-08,118.55,118.5500030517578,2.574236868113644e-08,117.53,117.52999877929688,1.038631092242781e-08,118.4,118.4000015258789,1.28874906302201e-08,406400.0,406400.0,0.0
2014-01-17,117.82,117.81999969482422,2.590186509721093e-09,120.72,120.72000122070312,1.0111854908956275e-08,117.12,117.12000274658205,2.345100780232201e-08,120.09,120.08999633789062,3.049470709282076e-08,806400.0,806400.0,0.0
2014-01-21,120.29,120.29000091552734,7.611001162644015e-09,120.74,120.73999786376952,1.7692814990866168e-08,118.07,118.06999969482422,2.584702119001747e-09,119.62,119.62000274658205,2.2960893186763087e-08,552200.0,552200.0,0.0
2014-01-22,119.55,119.5500030517578,2.55270413695996e-08,119.8,119.8000030517578,2.5473771314565852e-08,118.69,118.69000244140624,2.05696035759928e-08,119.59,119.58999633789062,3.062220399474569e-08,360700.0,360700.0,0.0
2014-01-23,119.03,119.02999877929688,1.0255424065519492e-08,119.29,119.29000091552734,7.674803681467779e-09,117.38,117.37999725341795,2.339906324255736e-08,118.12,118.12000274658205,2.325247239198802e-08,448900.0,448900.0,0.0
2014-01-24,117.53,117.52999877929688,1.038631092242781e-08,117.71,117.70999908447266,7.777821275922747e-09,115.88,115.87999725341795,2.3701950624399615e-08,116.36,116.36000061035156,5.2453725807311e-09,489500.0,489500.0,0.0
2014-01-27,116.59,116.58999633789062,3.141014992547042e-08,117.41,117.41000366210938,3.1190779070655594e-08,115.73,115.7300033569336,2.9006598012415452e-08,115.82,115.81999969482422,2.6349142867587716e-09,430600.0,430600.0,0.0
2014-01-28,115.99,115.98999786376952,1.8417367630974013e-08,116.51,116.51000213623048,1.8335168494587606e-08,111.03,111.02999877929688,1.099435398277393e-08,115.18,115.18000030517578,2.6495552418737134e-09,1587700.0,1587700.0,0.0
2014-01-29,114.14,114.13999938964844,5.347394083088375e-09,117.45,117.4499969482422,2.5983463602941015e-08,113.9,113.9000015258789,1.3396654008346331e-08,115.5,115.5,0.0,840300.0,840300.0,0.0
2014-01-30,116.11,116.11000061035156,5.256666657516007e-09,118.37,118.37000274658205,2.3203362786716752e-08,115.62,115.62000274658205,2.375525021136582e-08,117.47,117.47000122070312,1.039161601212868e-08,460900.0,460900.0,0.0
2014-01-31,115.63,115.62999725341795,2.3753195854681053e-08,117.77,117.7699966430664,2.850414870803064e-08,115.63,115.62999725341795,2.3753195854681053e-08,117.06,117.05999755859376,2.0856024574023024e-08,340000.0,340000.0,0.0
2014-02-03,116.97,116.97000122070312,1.0436036035343932e-08,117.74,117.73999786376952,1.8143625601929614e-08,115.5,115.5,0.0,115.9,115.9000015258789,1.3165478041088363e-08,557800.0,557800.0,0.0
2014-02-04,116.07,116.06999969482422,2.6292390487014927e-09,116.77,116.7699966430664,2.874825377752188e-08,115.5,115.5,0.0,116.45,116.4499969482422,2.6206593450872617e-08,457100.0,457100.0,0.0
2014-02-05,115.57,115.56999969482422,2.640614171767197e-09,117.2,117.1999969482422,2.603888904495477e-08,115.01,115.01000213623048,1.8574302096396877e-08,116.48,116.4800033569336,2.881982830160723e-08,522000.0,522000.0,0.0
2014-02-06,113.28,113.27999877929688,1.0775980996413637e-08,115.54,115.54000091552734,7.923899314477012e-09,111.75,111.75,0.0,114.76,114.76000213623048,1.861476550679697e-08,1143500.0,1143500.0,0.0
2014-02-07,115.0,115.0,0.0,116.82,116.81999969482422,2.612358995790487e-09,115.0,115.0,0.0,116.33,116.33000183105467,1.5740176051437516e-08,474000.0,474000.0,0.0
2014-02-10,115.92,115.91999816894533,1.5795847740918134e-08,116.16,116.16000366210938,3.1526423693861716e-08,115.14,115.13999938964844,5.300951566589163e-09,116.05,116.0500030517578,2.6296921973312237e-08,560100.0,560100.0,0.0
2014-02-11,115.62,115.62000274658205,2.375525021136582e-08,117.0,117.0,0.0,115.31,115.30999755859376,2.1172545605629978e-08,115.69,115.69000244140624,2.110300134638976e-08,594900.0,594900.0,0.0
2014-02-12,116.02,116.0199966430664,2.8934094009613887e-08,116.39,116.38999938964844,5.244020662154014e-09,115.57,115.56999969482422,2.640614171767197e-09,115.71,115.70999908447266,7.912257737885398e-09,459100.0,459100.0,0.0
2014-02-13,115.47,115.47000122070312,1.057160403661328e-08,116.5,116.5,0.0,115.081,115.08000183105467,8.673620713550712e-06,115.75,115.75,0.0,712100.0,712100.0,0.0
2014-02-14,115.13,115.12999725341795,2.385635400337094e-08,117.13,117.12999725341795,2.3449005737141704e-08,115.04,115.04000091552734,7.958339098834699e-09,116.87,116.87000274658205,2.3501172563555883e-08,350500.0,350500.0,0.0
2014-02-18,116.87,116.87000274658205,2.3501172563555883e-08,117.0,117.0,0.0,116.02,116.0199966430664,2.8934094009613887e-08,116.36,116.36000061035156,5.2453725807311e-09,331400.0,331400.0,0.0
2014-02-19,115.77,115.7699966430664,2.899657591814986e-08,116.24,116.23999786376952,1.8377756982879134e-08,115.18,115.18000030517578,2.6495552418737134e-09,115.5,115.5,0.0,313900.0,313900.0,0.0
2014-02-20,115.68,115.68000030517578,2.6381030693301e-09,116.42,116.41999816894533,1.572800789606532e-08,115.18,115.18000030517578,2.6495552418737134e-09,115.99,115.98999786376952,1.8417367630974013e-08,320800.0,320800.0,0.0
2014-02-21,116.27,116.2699966430664,2.8871880886072177e-08,116.82,116.81999969482422,2.612358995790487e-09,114.64,114.63999938964844,5.324071516987772e-09,114.65,114.6500015258789,1.330901788776373e-08,414600.0,414600.0,0.0
2014-02-24,114.87,114.87000274658205,2.3910351254485818e-08,116.12,116.12000274658205,2.3652962699571844e-08,114.72,114.72000122070312,1.0640717640342245e-08,115.22,115.22000122070312,1.059454191043585e-08,447200.0,447200.0,0.0
2014-02-25,115.26,115.26000213623048,1.8534014101234675e-08,115.74,115.73999786376952,1.845714947545929e-08,114.34,114.33999633789062,3.202824361281387e-08,114.49,114.48999786376952,1.8658664280302162e-08,328000.0,328000.0,0.0
2014-02-26,114.55,114.5500030517578,2.6641272743432864e-08,115.05,115.0500030517578,2.6525491580997596e-08,113.23,113.2300033569336,2.9647033272794943e-08,113.46,113.45999908447266,8.069163892621134e-09,456800.0,456800.0,0.0
2014-02-27,113.75,113.75,0.0,113.83,113.83000183105467,1.6085870857551754e-08,112.48,112.4800033569336,2.9844715365712204e-08,112.98,112.9800033569336,2.9712635685186228e-08,509700.0,509700.0,0.0
2014-02-28,113.2,113.1999969482422,2.6958991150571876e-08,114.48,114.4800033569336,2.9323319328256048e-08,112.44,112.44000244140624,2.1712968978349068e-08,114.0,114.0,0.0,578700.0,578700.0,0.0
2014-03-03,113.31,113.30999755859376,2.1546255779547607e-08,114.23,114.2300033569336,2.9387495326105295e-08,113.0,113.0,0.0,114.11,114.11000061035156,5.348799847482155e-09,527500.0,527500.0,0.0
2014-03-04,115.05,115.0500030517578,2.6525491580997596e-08,115.46,115.45999908447266,7.92938970040069e-09,114.42,114.41999816894533,1.6002924985158984e-08,115.39,115.38999938964844,5.289466753488625e-09,468100.0,468100.0,0.0
2014-03-05,115.64,115.63999938964844,5.278031456334986e-09,115.89,115.88999938964844,5.266645675128245e-09,114.47,114.47000122070312,1.06639568286937e-08,115.77,115.7699966430664,2.899657591814986e-08,454900.0,454900.0,0.0
2014-03-06,115.88,115.87999725341795,2.3701950624399615e-08,116.95,116.9499969482422,2.6094551519584286e-08,115.51,115.51000213623048,1.8493900855176548e-08,116.78,116.77999877929688,1.0453015342193339e-08,381800.0,381800.0,0.0
2014-03-07,117.02,117.0199966430664,2.868683635082192e-08,117.93,117.93000030517578,2.5877704423749037e-09,116.8,116.8000030517578,2.612806326851569e-08,117.7,117.6999969482422,2.592827363923078e-08,345100.0,345100.0,0.0
2014-03-10,117.55,117.5500030517578,2.5961359506609938e-08,117.75,117.75,0.0,116.46,116.45999908447266,7.861302941947201e-09,116.7,116.6999969482422,2.615045247011949e-08,321500.0,321500.0,0.0
2014-03-11,116.72,116.72000122070312,1.045838859958792e-08,116.84,116.83999633789062,3.134294235263013e-08,115.92,115.91999816894533,1.5795847740918134e-08,116.29,116.29000091552734,7.872795082519701e-09,249400.0,249400.0,0.0
2014-03-12,115.96,115.95999908447266,7.89519949417894e-09,116.22,116.22000122070312,1.0503382608106904e-08,115.54,115.54000091552734,7.923899314477012e-09,115.77,115.7699966430664,2.899657591814986e-08,327000.0,327000.0,0.0
2014-03-13,116.25,116.25,0.0,116.26,116.26000213623048,1.8374595622816514e-08,115.13,115.12999725341795,2.385635400337094e-08,115.61,115.61000061035156,5.279401138480466e-09,476300.0,476300.0,0.0
2014-03-14,115.71,115.70999908447266,7.912257737885398e-09,116.12,116.12000274658205,2.3652962699571844e-08,114.97,114.97000122070312,1.0617579704330637e-08,115.09,115.08999633789062,3.181952712427716e-08,296100.0,296100.0,0.0
2014-03-17,115.83,115.83000183105467,1.5808121256455365e-08,116.17,116.16999816894533,1.576185482132786e-08,114.99,114.98999786376952,1.8577532623353932e-08,115.16,115.16000366210938,3.1800185595898256e-08,341400.0,341400.0,0.0
2014-03-18,115.23,115.2300033569336,2.9132461998315762e-08,115.76,115.76000213623048,1.8453960581865658e-08,114.53,114.52999877929688,1.0658370075411483e-08,115.38,115.37999725341795,2.380466324058972e-08,300700.0,300700.0,0.0
2014-03-19,115.35,115.3499984741211,1.3228252271346719e-08,115.85,115.8499984741211,1.3171160162528395e-08,114.79,114.79000091552734,7.975671456605937e-09,115.33,115.33000183105467,1.587665554581008e-08,479900.0,479900.0,0.0
2014-03-20,115.07,115.06999969482422,2.6520881046820932e-09,115.96,115.95999908447266,7.89519949417894e-09,114.3,114.3000030517578,2.6699543242969526e-08,114.38,114.37999725341795,2.4012782318116876e-08,323900.0,323900.0,0.0
2014-03-21,115.01,115.01000213623048,1.8574302096396877e-08,115.52,115.5199966430664,2.9059328165992326e-08,113.9,113.9000015258789,1.3396654008346331e-08,114.37,114.37000274658205,2.4014881860878745e-08,683900.0,683900.0,0.0
2014-03-24,114.25,114.25,0.0,114.4,114.4000015258789,1.333810217829523e-08,112.33,112.33000183105467,1.630067369973176e-08,112.42,112.41999816894533,1.628762391625571e-08,720500.0,720500.0,0.0
2014-03-25,113.01,113.01000213623048,1.8903021592464597e-08,113.015,113.0199966430664,4.4212211355976194e-05,112.08,112.08000183105467,1.6337033059699024e-08,112.92,112.91999816894533,1.621550371755376e-08,508000.0,508000.0,0.0
2014-03-26,113.26,113.26000213623048,1.8861296746663925e-08,113.76,113.76000213623048,1.8778397281593584e-08,111.96,111.95999908447266,8.177271637599404e-09,111.96,111.95999908447266,8.177271637599404e-09,319600.0,319600.0,0.0
2014-03-27,112.29,112.29000091552734,8.153240083075275e-09,112.5075,112.51000213623048,2.223972828918619e-05,111.73,111.7300033569336,3.004505133574753e-08,112.15,112.1500015258789,1.3605696791429978e-08,244500.0,244500.0,0.0
2014-03-28,112.19,112.19000244140624,2.176135338594065e-08,112.67,112.66999816894533,1.6251483714313508e-08,111.79,111.79000091552734,8.189706912631323e-09,111.99,111.98999786376952,1.9075189539030646e-08,385400.0,385400.0,0.0
2014-03-31,112.55,112.5500030517578,2.7114684941764722e-08,113.69,113.69000244140624,2.147423905363155e-08,112.03,112.02999877929688,1.0896216373623702e-08,113.62,113.62000274658205,2.41734028350038e-08,472100.0,472100.0,0.0
2014-04-01,113.95,113.9499969482422,2.6781551532018e-08,113.95,113.9499969482422,2.6781551532018e-08,112.89,112.88999938964844,5.406604386415381e-09,113.74,113.73999786376952,1.8781699306913424e-08,291900.0,291900.0,0.0
2014-04-02,113.79,113.79000091552734,8.045762722730387e-09,114.01,114.01000213623048,1.873722021983326e-08,113.055,113.05999755859376,4.4204666699965145e-05,113.75,113.75,0.0,338700.0,338700.0,0.0
2014-04-03,114.17,114.16999816894533,1.6037966843462925e-08,114.29,114.29000091552734,8.010563767868462e-09,113.58,113.58000183105467,1.612127720207468e-08,114.24,114.23999786376952,1.8699496506791036e-08,354200.0,354200.0,0.0
2014-04-04,114.65,114.6500015258789,1.330901788776373e-08,114.74,114.73999786376952,1.8618010133586438e-08,112.49,112.48999786376952,1.8990403360952257e-08,112.58,112.58000183105467,1.6264475766192277e-08,391100.0,391100.0,0.0
2014-04-07,112.62,112.62000274658205,2.4388048691648123e-08,113.25,113.25,0.0,111.92,111.91999816894533,1.6360388488401156e-08,112.29,112.29000091552734,8.153240083075275e-09,340300.0,340300.0,0.0
2014-04-08,112.56,112.55999755859376,2.1689820828285633e-08,114.29,114.29000091552734,8.010563767868462e-09,112.26,112.26000213623048,1.9029311237872548e-08,113.88,113.87999725341795,2.4118212538226658e-08,534900.0,534900.0,0.0
2014-04-09,113.88,113.87999725341795,2.4118212538226658e-08,114.08,114.08000183105467,1.6050619500163066e-08,112.95,112.9499969482422,2.7018661419297985e-08,113.31,113.30999755859376,2.1546255779547607e-08,545400.0,545400.0,0.0
2014-04-10,113.0,113.0,0.0,113.75,113.75,0.0,111.47,111.47000122070312,1.095095658598666e-08,111.62,111.62000274658205,2.460654036084975e-08,545900.0,545900.0,0.0
2014-04-11,111.05,111.0500030517578,2.7480934639001475e-08,111.92,111.91999816894533,1.6360388488401156e-08,109.2704,109.2699966430664,3.6913650319769786e-06,109.33,109.33000183105467,1.6747961906204978e-08,732000.0,732000.0,0.0
2014-04-14,109.81,109.80999755859376,2.223300465953315e-08,110.32,110.31999969482422,2.7662778734338644e-09,109.39,109.38999938964844,5.579591899618208e-09,110.14,110.13999938964844,5.541597625224881e-09,488000.0,488000.0,0.0
2014-04-15,110.38,110.37999725341795,2.4882968352457624e-08,110.86,110.86000061035156,5.505606637257188e-09,108.6201,108.62000274658205,8.953537876665862e-07,109.92,109.91999816894533,1.6658066592789567e-08,414300.0,414300.0,0.0
2014-04-16,110.83,110.83000183105467,1.6521291001936333e-08,110.911,110.91000366210938,8.983219794478359e-06,109.68,109.68000030517578,2.7824196280334945e-09,110.82,110.81999969482422,2.7537969682356334e-09,257900.0,257900.0,0.0
2014-04-17,110.99,110.98999786376952,1.9247053617554855e-08,111.61,111.61000061035156,5.468610009273789e-09,110.655,110.66000366210938,4.5218581260497714e-05,111.15,111.1500015258789,1.3728105319188444e-08,425100.0,425100.0,0.0
2014-04-21,111.77,111.7699966430664,3.003429893677634e-08,112.87,112.87000274658205,2.433403056834038e-08,111.22,111.22000122070312,1.0975572006799439e-08,111.64,111.63999938964844,5.467140518078395e-09,251000.0,251000.0,0.0
2014-04-22,111.25,111.25,0.0,112.08,112.08000183105467,1.6337033059699024e-08,110.93,110.93000030517578,2.7510662636842653e-09,111.63,111.62999725341795,2.4604336124056658e-08,513600.0,513600.0,0.0
2014-04-23,111.85,111.8499984741211,1.3642189489182499e-08,113.88,113.87999725341795,2.4118212538226658e-08,111.56,111.55999755859376,2.1884243750491805e-08,112.89,112.88999938964844,5.406604386415381e-09,573100.0,573100.0,0.0
2014-04-24,113.12,113.12000274658205,2.428025136502754e-08,114.46,114.45999908447266,7.998666284869671e-09,112.84,112.83999633789062,3.2454000153947504e-08,113.11,113.11000061035156,5.396088464948434e-09,412900.0,412900.0,0.0
2014-04-25,115.91,115.91000366210938,3.159442130140633e-08,115.99,115.98999786376952,1.8417367630974013e-08,113.2,113.1999969482422,2.6958991150571876e-08,113.96,113.95999908447266,8.033760434678072e-09,655900.0,655900.0,0.0
2014-04-28,114.7,114.6999969482422,2.6606432390607893e-08,115.5,115.5,0.0,114.01,114.01000213623048,1.873722021983326e-08,115.25,115.25,0.0,363900.0,363900.0,0.0
2014-04-29,115.56,115.55999755859376,2.1126741467369925e-08,116.59,116.58999633789062,3.141014992547042e-08,115.05,115.0500030517578,2.6525491580997596e-08,115.86,115.86000061035156,5.268009362069392e-09,397400.0,397400.0,0.0
2014-04-30,115.51,115.51000213623048,1.8493900855176548e-08,116.57,116.56999969482422,2.617961514239653e-09,115.41,115.41000366210938,3.173130047606776e-08,116.44,116.44000244140624,2.0967075187172668e-08,348800.0,348800.0,0.0
2014-05-01,116.25,116.25,0.0,116.54,116.54000091552734,7.855906369869103e-09,115.22,115.22000122070312,1.059454191043585e-08,115.99,115.98999786376952,1.8417367630974013e-08,277400.0,277400.0,0.0
2014-05-02,116.49,116.48999786376952,1.8338316420951628e-08,116.505,116.51000213623048,4.293494897633643e-05,115.25,115.25,0.0,115.53,115.52999877929688,1.0566113761711904e-08,280100.0,280100.0,0.0
2014-05-05,114.81,114.80999755859376,2.126475251440496e-08,115.81,115.80999755859376,2.1081134948808256e-08,114.3265,114.33000183105467,3.06300906147694e-05,115.48,115.4800033569336,2.9069393781000485e-08,431700.0,431700.0,0.0
2014-05-06,115.38,115.37999725341795,2.380466324058972e-08,115.68,115.68000030517578,2.6381030693301e-09,114.77,114.7699966430664,2.9249225264038614e-08,114.93,114.93000030517578,2.6553186316391475e-09,294600.0,294600.0,0.0
2014-05-07,114.79,114.79000091552734,7.975671456605937e-09,116.69,116.69000244140624,2.0922154675417914e-08,112.91,112.91000366210938,3.243387980411683e-08,114.75,114.75,0.0,580500.0,580500.0,0.0
2014-05-08,114.38,114.37999725341795,2.4012782318116876e-08,114.98,114.9800033569336,2.919580444071812e-08,113.84,113.83999633789062,3.216891586443893e-08,114.24,114.23999786376952,1.8699496506791036e-08,226500.0,226500.0,0.0
2014-05-09,114.56,114.55999755859376,2.1311157838432848e-08,114.56,114.55999755859376,2.1311157838432848e-08,113.41,113.41000366210938,3.229088596512497e-08,113.9,113.9000015258789,1.3396654008346331e-08,360200.0,360200.0,0.0
2014-05-12,114.4,114.4000015258789,1.333810217829523e-08,114.9,114.9000015258789,1.3280060162657037e-08,114.0,114.0,0.0,114.27,114.2699966430664,2.9377208221603723e-08,310400.0,310400.0,0.0
2014-05-13,114.28,114.27999877929688,1.0681686424263148e-08,114.53,114.52999877929688,1.0658370075411483e-08,113.88,113.87999725341795,2.4118212538226658e-08,114.09,114.08999633789062,3.209842558415943e-08,544100.0,544100.0,0.0
2014-05-14,113.85,113.8499984741211,1.340253752424303e-08,114.434,114.43000030517578,3.495197951841611e-05,113.23,113.2300033569336,2.9647033272794943e-08,113.35,113.3499984741211,1.3461657677460437e-08,413900.0,413900.0,0.0
2014-05-15,113.15,113.1500015258789,1.3485452088346506e-08,113.64,113.63999938964844,5.370921929426231e-09,112.07,112.06999969482422,2.7230817600809587e-09,112.45,112.4499969482422,2.713879765359195e-08,472700.0,472700.0,0.0
2014-05-16,112.37,112.37000274658205,2.4442307067218394e-08,112.9999,113.0,8.849565353852284e-07,111.03,111.02999877929688,1.099435398277393e-08,112.87,112.87000274658205,2.433403056834038e-08,457100.0,457100.0,0.0
2014-05-19,112.48,112.4800033569336,2.9844715365712204e-08,113.06,113.05999755859376,2.1593899113270254e-08,112.11,112.11000061035156,5.444220629868823e-09,112.97,112.97000122070312,1.0805551342585318e-08,248400.0,248400.0,0.0
2014-05-20,112.63,112.62999725341795,2.4385883312660894e-08,112.74,112.73999786376952,1.894829237958362e-08,111.53,111.52999877929688,1.0945065187506486e-08,111.8,111.8000030517578,2.7296581439628653e-08,415500.0,415500.0,0.0
2014-05-21,112.11,112.11000061035156,5.444220629868823e-09,112.37,112.37000274658205,2.4442307067218394e-08,111.6038,111.5999984741211,3.406269212080648e-05,112.26,112.26000213623048,1.9029311237872548e-08,227800.0,227800.0,0.0
2014-05-22,112.05,112.0500030517578,2.723567882334521e-08,112.47,112.47000122070312,1.0853588694459404e-08,111.51,111.51000213623048,1.9157299524508176e-08,112.14,112.13999938964844,5.442764017260515e-09,299200.0,299200.0,0.0
2014-05-23,112.5,112.5,0.0,112.87,112.87000274658205,2.433403056834038e-08,112.08,112.08000183105467,1.6337033059699024e-08,112.48,112.4800033569336,2.9844715365712204e-08,203300.0,203300.0,0.0
2014-05-27,112.56,112.55999755859376,2.1689820828285633e-08,113.18,113.18000030517578,2.6963755672682055e-09,112.19,112.19000244140624,2.176135338594065e-08,113.05,113.0500030517578,2.6994761537224576e-08,307600.0,307600.0,0.0
2014-05-28,112.89,112.88999938964844,5.406604386415381e-09,114.03,114.02999877929688,1.0705105024655381e-08,112.66,112.66000366210938,3.250585289826802e-08,112.7,112.6999969482422,2.707859625417086e-08,402900.0,402900.0,0.0
2014-05-29,112.91,112.91000366210938,3.243387980411683e-08,113.1232,113.12000274658205,2.8263463356381635e-05,112.15,112.1500015258789,1.3605696791429978e-08,112.62,112.62000274658205,2.4388048691648123e-08,264200.0,264200.0,0.0
2014-05-30,113.2,113.1999969482422,2.6958991150571876e-08,114.55,114.5500030517578,2.6641272743432864e-08,112.46,112.45999908447266,8.140915275234306e-09,114.37,114.37000274658205,2.4014881860878745e-08,870600.0,870600.0,0.0
2014-06-02,114.24,114.23999786376952,1.8699496506791036e-08,114.64,114.63999938964844,5.324071516987772e-09,113.73,113.7300033569336,2.9516693755837764e-08,114.55,114.5500030517578,2.6641272743432864e-08,325200.0,325200.0,0.0
2014-06-03,114.62,114.62000274658205,2.3962502648799955e-08,114.84,114.83999633789062,3.1888796381274176e-08,114.22,114.22000122070312,1.0687297491429604e-08,114.5,114.5,0.0,323800.0,323800.0,0.0
2014-06-04,114.27,114.2699966430664,2.9377208221603723e-08,115.32,115.31999969482422,2.6463387037267694e-09,114.27,114.2699966430664,2.9377208221603723e-08,115.26,115.26000213623048,1.8534014101234675e-08,300500.0,300500.0,0.0
2014-06-05,115.11,115.11000061035156,5.302333017098704e-09,115.38,115.37999725341795,2.380466324058972e-08,114.52,114.5199966430664,2.931307707676467e-08,115.21,115.20999908447266,7.946596158880936e-09,218400.0,218400.0,0.0
2014-06-06,115.77,115.7699966430664,2.899657591814986e-08,115.99,115.98999786376952,1.8417367630974013e-08,115.41,115.41000366210938,3.173130047606776e-08,115.76,115.76000213623048,1.8453960581865658e-08,259700.0,259700.0,0.0
2014-06-09,115.66,115.66000366210938,3.166271289600786e-08,116.51,116.51000213623048,1.8335168494587606e-08,115.66,115.66000366210938,3.166271289600786e-08,116.08,116.08000183105467,1.5774075379226815e-08,238600.0,238600.0,0.0
2014-06-10,116.03,116.02999877929688,1.0520581961159792e-08,116.18,116.18000030517578,2.626749706635678e-09,115.44,115.44000244140624,2.1148702789020035e-08,115.95,115.9499969482422,2.631960160925928e-08,252900.0,252900.0,0.0
2014-06-11,115.42,115.41999816894533,1.5864275448862486e-08,115.95,115.9499969482422,2.631960160925928e-08,115.04,115.04000091552734,7.958339098834699e-09,115.25,115.25,0.0,248400.0,248400.0,0.0
2014-06-12,115.34,115.33999633789062,3.17505581826083e-08,115.34,115.33999633789062,3.17505581826083e-08,114.5,114.5,0.0,114.97,114.97000122070312,1.0617579704330637e-08,252700.0,252700.0,0.0
2014-06-13,116.89,116.88999938964844,5.221589161052975e-09,118.79,118.79000091552734,7.707107840815297e-09,116.25,116.25,0.0,118.47,118.47000122070312,1.0303900843666725e-08,749800.0,749800.0,0.0
2014-06-16,118.03,118.02999877929688,1.0342312339872706e-08,119.04,119.04000091552734,7.690921899339287e-09,117.23,117.2300033569336,2.8635448234837213e-08,117.46,117.45999908447266,7.794375478376026e-09,398500.0,398500.0,0.0
2014-06-17,117.06,117.05999755859376,2.0856024574023024e-08,117.94,117.94000244140624,2.0700408942531112e-08,117.0,117.0,0.0,117.47,117.47000122070312,1.039161601212868e-08,269800.0,269800.0,0.0
2014-06-18,117.41,117.41000366210938,3.1190779070655594e-08,118.05,118.0500030517578,2.5851400353715803e-08,117.02,117.0199966430664,2.868683635082192e-08,117.75,117.75,0.0,354600.0,354600.0,0.0
2014-06-19,118.07,118.06999969482422,2.584702119001747e-09,118.07,118.06999969482422,2.584702119001747e-09,117.18,117.18000030517578,2.6043331935454717e-09,117.7,117.6999969482422,2.592827363923078e-08,370900.0,370900.0,0.0
2014-06-20,118.06,118.05999755859376,2.0679368439857626e-08,119.0,119.0,0.0,117.66,117.66000366210938,3.1124506083557435e-08,118.9,118.9000015258789,1.2833295981451442e-08,658300.0,658300.0,0.0
2014-06-23,118.9,118.9000015258789,1.2833295981451442e-08,119.73,119.7300033569336,2.8037530963587187e-08,118.16,118.16000366210938,3.099280121432457e-08,118.62,118.62000274658205,2.315445990497267e-08,293300.0,293300.0,0.0
2014-06-24,118.49,118.48999786376952,1.8028782799994758e-08,119.0,119.0,0.0,118.07,118.06999969482422,2.584702119001747e-09,118.43,118.43000030517578,2.5768451816787774e-09,224500.0,224500.0,0.0
2014-06-25,118.4,118.4000015258789,1.28874906302201e-08,119.03,119.02999877929688,1.0255424065519492e-08,117.84,117.83999633789062,3.107696344706312e-08,118.66,118.66000366210938,3.0862206124027125e-08,278700.0,278700.0,0.0
2014-06-26,118.74,118.73999786376952,1.7990824274782824e-08,118.74,118.73999786376952,1.7990824274782824e-08,117.52,117.5199966430664,2.8564785425899686e-08,118.34,118.33999633789062,3.094565981243136e-08,195000.0,195000.0,0.0
2014-06-27,118.12,118.12000274658205,2.325247239198802e-08,118.99,118.98999786376952,1.795302528861953e-08,117.86,117.86000061035156,5.1786150923049945e-09,118.44,118.44000244140624,2.0613021289861422e-08,418600.0,418600.0,0.0
2014-06-30,118.42,118.41999816894533,1.546237693439423e-08,118.67,118.66999816894533,1.542980265778482e-08,118.03,118.02999877929688,1.0342312339872706e-08,118.42,118.41999816894533,1.546237693439423e-08,309500.0,309500.0,0.0
2014-07-01,118.79,118.79000091552734,7.707107840815297e-09,119.54,119.54000091552734,7.658752965156168e-09,117.87,117.87000274658205,2.3301790497143315e-08,119.15,119.1500015258789,1.2806369298345999e-08,377200.0,377200.0,0.0
2014-07-02,119.0,119.0,0.0,119.42,119.41999816894533,1.5332897951303437e-08,118.7,118.6999969482422,2.5709838258336504e-08,119.07,119.06999969482422,2.5629947053573687e-09,331600.0,331600.0,0.0
2014-07-03,119.45,119.4499969482422,2.554841194157831e-08,119.57,119.56999969482422,2.5522771673891498e-09,118.66,118.66000366210938,3.0862206124027125e-08,119.23,119.2300033569336,2.81551084668763e-08,140400.0,140400.0,0.0
2014-07-07,119.37,119.37000274658205,2.3008980720717886e-08,119.56,119.55999755859376,2.0419925084169677e-08,118.11,118.11000061035156,5.167653638338265e-09,119.48,119.4800033569336,2.8096196702520615e-08,390800.0,390800.0,0.0
2014-07-08,119.48,119.4800033569336,2.8096196702520615e-08,119.48,119.4800033569336,2.8096196702520615e-08,118.78,118.77999877929688,1.0277009021564254e-08,118.95,118.9499969482422,2.5655803259638787e-08,412300.0,412300.0,0.0
2014-07-09,119.48,119.4800033569336,2.8096196702520615e-08,120.19,120.19000244140624,2.0312889814633195e-08,119.21,119.20999908447266,7.67995422812362e-09,119.43,119.43000030517578,2.555268885373607e-09,337600.0,337600.0,0.0
2014-07-10,118.69,118.69000244140624,2.05696035759928e-08,119.17,119.16999816894533,1.5365063998906692e-08,118.32,118.31999969482422,2.5792408209213136e-09,118.7,118.6999969482422,2.5709838258336504e-08,291100.0,291100.0,0.0
2014-07-11,118.99,118.98999786376952,1.795302528861953e-08,119.06,119.05999755859376,2.050567982081475e-08,118.0,118.0,0.0,119.01,119.01000213623048,1.7950008146527807e-08,297400.0,297400.0,0.0
2014-07-14,119.62,119.62000274658205,2.2960893186763087e-08,119.85,119.8499984741211,1.2731572018864767e-08,118.87,118.87000274658205,2.310576285857735e-08,119.12,119.12000274658205,2.3057270315263168e-08,196200.0,196200.0,0.0
2014-07-15,119.46,119.45999908447266,7.663881973485331e-09,119.8,119.8000030517578,2.5473771314565852e-08,118.72,118.72000122070312,1.0282202866918055e-08,119.31,119.30999755859376,2.046271263544952e-08,288900.0,288900.0,0.0
2014-07-16,119.38,119.37999725341795,2.300705348456944e-08,119.73,119.7300033569336,2.8037530963587187e-08,118.91,118.91000366210938,3.079732047162054e-08,119.44,119.44000244140624,2.044044067339712e-08,212400.0,212400.0,0.0
2014-07-17,118.74,118.73999786376952,1.7990824274782824e-08,119.47,119.47000122070312,1.0217654056177139e-08,117.79,117.79000091552734,7.77253883477158e-09,118.12,118.12000274658205,2.325247239198802e-08,315400.0,315400.0,0.0
2014-07-18,118.32,118.31999969482422,2.5792408209213136e-09,119.1,119.0999984741211,1.2811745553342746e-08,117.51,117.51000213623048,1.8179137750706786e-08,118.82,118.81999969482422,2.568387280632578e-09,238700.0,238700.0,0.0
2014-07-21,118.49,118.48999786376952,1.8028782799994758e-08,118.79,118.79000091552734,7.707107840815297e-09,117.56,117.55999755859376,2.0767320862979943e-08,118.29,118.29000091552734,7.739684892982268e-09,212600.0,212600.0,0.0
2014-07-22,118.72,118.72000122070312,1.0282202866918055e-08,118.88,118.87999725341795,2.310381930215044e-08,117.76,117.76000213623048,1.8140544177924767e-08,117.91,117.91000366210938,3.1058513982884506e-08,323100.0,323100.0,0.0
2014-07-23,117.67,117.66999816894533,1.556093032206718e-08,118.514,118.51000213623048,3.373326163591539e-05,117.51,117.51000213623048,1.8179137750706786e-08,117.73,117.7300033569336,2.851383329449675e-08,182800.0,182800.0,0.0
2014-07-24,118.01,118.01000213623048,1.8102114029971972e-08,118.082,118.08000183105467,1.692187586022076e-05,117.09,117.08999633789062,3.1276021661419406e-08,117.77,117.7699966430664,2.850414870803064e-08,310700.0,310700.0,0.0
2014-07-25,118.87,118.87000274658205,2.310576285857735e-08,119.2761,119.27999877929688,3.268701187297829e-05,117.77,117.7699966430664,2.850414870803064e-08,118.25,118.25,0.0,452800.0,452800.0,0.0
2014-07-28,117.79,117.79000091552734,7.77253883477158e-09,118.41,118.41000366210938,3.092736577947619e-08,117.0,117.0,0.0,118.18,118.18000030517578,2.582296376729687e-09,391500.0,391500.0,0.0
2014-07-29,118.36,118.36000061035156,5.156738369649361e-09,119.68,119.68000030517578,2.5499313771604193e-09,118.03,118.02999877929688,1.0342312339872706e-08,118.8,118.8000030517578,2.568819690296209e-08,506800.0,506800.0,0.0
2014-07-30,124.33,124.33000183105467,1.4727376207446241e-08,125.43,125.43000030517578,2.4330364389868464e-09,118.63,118.62999725341795,2.3152508132895377e-08,119.65,119.6500015258789,1.2752853217889992e-08,315700.0,315700.0,0.0
2014-07-31,119.5,119.5,0.0,119.5,119.5,0.0,117.61,117.61000061035156,5.189622953594153e-09,117.65,117.6500015258789,1.2969646467908547e-08,405600.0,405600.0,0.0
2014-08-01,117.55,117.5500030517578,2.5961359506609938e-08,118.04,118.04000091552734,7.756077113896254e-09,116.32,116.31999969482422,2.623588124528453e-09,116.81,116.80999755859376,2.090066120175038e-08,323900.0,323900.0,0.0
2014-08-04,116.95,116.9499969482422,2.6094551519584286e-08,117.52,117.5199966430664,2.8564785425899686e-08,116.28,116.27999877929688,1.0497962943389894e-08,117.255,117.26000213623048,4.266032348709814e-05,248600.0,248600.0,0.0
2014-08-05,116.83,116.83000183105467,1.5672812381239964e-08,117.55,117.5500030517578,2.5961359506609938e-08,116.32,116.31999969482422,2.623588124528453e-09,117.36,117.36000061035156,5.2006778883395555e-09,384200.0,384200.0,0.0
2014-08-06,117.0,117.0,0.0,117.47,117.47000122070312,1.039161601212868e-08,116.58,116.58000183105467,1.5706421940819837e-08,116.66,116.66000366210938,3.139130266838208e-08,288900.0,288900.0,0.0
2014-08-07,117.16,117.16000366210938,3.125733516462503e-08,117.65,117.6500015258789,1.2969646467908547e-08,116.77,116.7699966430664,2.874825377752188e-08,117.37,117.37000274658205,2.340105687004268e-08,328100.0,328100.0,0.0
2014-08-08,117.61,117.61000061035156,5.189622953594153e-09,118.8,118.8000030517578,2.568819690296209e-08,117.29,117.29000091552734,7.805672552763099e-09,118.7,118.6999969482422,2.5709838258336504e-08,287300.0,287300.0,0.0
2014-08-11,118.45,118.4499969482422,2.5764101296843478e-08,118.57,118.56999969482422,2.573802615479792e-09,117.66,117.66000366210938,3.1124506083557435e-08,117.69,117.69000244140624,2.0744381323822836e-08,189700.0,189700.0,0.0
2014-08-12,117.56,117.55999755859376,2.0767320862979943e-08,118.3,118.3000030517578,2.5796769165253863e-08,116.91,116.91000366210938,3.132417569773338e-08,118.14,118.13999938964844,5.1663413547231585e-09,198300.0,198300.0,0.0
2014-08-13,116.71,116.70999908447266,7.844463523198897e-09,118.89,118.88999938964844,5.133750202723775e-09,116.71,116.70999908447266,7.844463523198897e-09,117.94,117.94000244140624,2.0700408942531112e-08,182500.0,182500.0,0.0
2014-08-14,118.01,118.01000213623048,1.8102114029971972e-08,118.99,118.98999786376952,1.795302528861953e-08,117.55,117.5500030517578,2.5961359506609938e-08,118.87,118.87000274658205,2.310576285857735e-08,153900.0,153900.0,0.0
2014-08-15,119.58,119.58000183105467,1.531238225105369e-08,119.62,119.62000274658205,2.2960893186763087e-08,118.03,118.02999877929688,1.0342312339872706e-08,118.62,118.62000274658205,2.315445990497267e-08,298700.0,298700.0,0.0
2014-08-18,119.08,119.08000183105467,1.537667682072197e-08,119.45,119.4499969482422,2.554841194157831e-08,118.61,118.61000061035156,5.1458692862382804e-09,119.0,119.0,0.0,262800.0,262800.0,0.0
2014-08-19,118.8,118.8000030517578,2.568819690296209e-08,119.54,119.54000091552734,7.658752965156168e-09,118.6,118.5999984741211,1.2865758014513062e-08,119.41,119.41000366210938,3.066836429255204e-08,162200.0,162200.0,0.0
2014-08-20,119.3,119.3000030517578,2.5580534801505905e-08,119.85,119.8499984741211,1.2731572018864767e-08,118.81,118.80999755859376,2.0548827861510688e-08,119.77,119.7699966430664,2.8028167231575196e-08,232300.0,232300.0,0.0
2014-08-21,119.5,119.5,0.0,120.0,120.0,0.0,119.21,119.20999908447266,7.67995422812362e-09,119.98,119.9800033569336,2.7979109695763782e-08,239300.0,239300.0,0.0
2014-08-22,120.0,120.0,0.0,120.41,120.41000366210938,3.041366469780371e-08,119.36,119.36000061035156,5.113535150869097e-09,119.44,119.44000244140624,2.044044067339712e-08,215100.0,215100.0,0.0
2014-08-25,119.7,119.6999969482422,2.549505262461338e-08,119.84,119.83999633789062,3.0558322539064875e-08,118.75,118.75,0.0,119.02,119.0199966430664,2.8204785618157757e-08,193600.0,193600.0,0.0
2014-08-26,119.35,119.3499984741211,1.2784909131369204e-08,119.7652,119.7699966430664,4.005039081822481e-05,118.7,118.6999969482422,2.5709838258336504e-08,119.06,119.05999755859376,2.050567982081475e-08,303300.0,303300.0,0.0
2014-08-27,118.97,118.97000122070312,1.026059615050201e-08,119.66,119.66000366210938,3.0604290213176455e-08,118.42,118.41999816894533,1.546237693439423e-08,118.79,118.79000091552734,7.707107840815297e-09,153700.0,153700.0,0.0
2014-08-28,118.65,118.6500015258789,1.2860336351394608e-08,119.03,119.02999877929688,1.0255424065519492e-08,118.0425,118.04000091552734,2.1171056802882227e-05,118.8,118.8000030517578,2.568819690296209e-08,153300.0,153300.0,0.0
2014-08-29,119.57,119.56999969482422,2.5522771673891498e-09,119.61,119.61000061035156,5.102847255855636e-09,118.47,118.47000122070312,1.0303900843666725e-08,118.85,118.8499984741211,1.2838694996020195e-08,188300.0,188300.0,0.0
2014-09-02,118.73,118.7300033569336,2.8273676289103378e-08,119.43,119.43000030517578,2.555268885373607e-09,118.2901,118.29000091552734,8.376396051223978e-07,119.41,119.41000366210938,3.066836429255204e-08,302600.0,302600.0,0.0
2014-09-03,117.75,117.75,0.0,118.76,118.76000213623048,1.7987794587170924e-08,117.51,117.51000213623048,1.8179137750706786e-08,117.82,117.81999969482422,2.590186509721093e-09,369600.0,369600.0,0.0
2014-09-04,117.84,117.83999633789062,3.107696344706312e-08,118.39,118.38999938964844,5.155431748171679e-09,117.51,117.51000213623048,1.8179137750706786e-08,117.82,117.81999969482422,2.590186509721093e-09,302600.0,302600.0,0.0
2014-09-05,117.87,117.87000274658205,2.3301790497143315e-08,118.37,118.37000274658205,2.3203362786716752e-08,117.64,117.63999938964844,5.1882995677488e-09,118.305,118.30999755859376,4.224300404676029e-05,205000.0,205000.0,0.0
2014-09-08,118.18,118.18000030517578,2.582296376729687e-09,118.59,118.58999633789062,3.0880423107504384e-08,117.88,117.87999725341795,2.329981374504797e-08,118.46,118.45999908447266,7.72857788877701e-09,180500.0,180500.0,0.0
2014-09-09,118.17,118.16999816894533,1.5495089100703296e-08,118.34,118.33999633789062,3.094565981243136e-08,117.36,117.36000061035156,5.2006778883395555e-09,117.5,117.5,0.0,278600.0,278600.0,0.0
2014-09-10,117.57,117.56999969482422,2.595694215123956e-09,117.9399,117.94000244140624,8.685899024474253e-07,117.2,117.1999969482422,2.603888904495477e-08,117.9,117.9000015258789,1.2942145133365557e-08,197900.0,197900.0,0.0
2014-09-11,117.62,117.62000274658205,2.335131821240566e-08,117.81,117.80999755859376,2.0723251337173565e-08,117.24,117.23999786376952,1.822100370585389e-08,117.49,117.48999786376952,1.8182232386365627e-08,164300.0,164300.0,0.0
2014-09-12,117.54,117.54000091552734,7.789070499697459e-09,117.54,117.54000091552734,7.789070499697459e-09,116.66,116.66000366210938,3.139130266838208e-08,117.11,117.11000061035156,5.211780118585807e-09,216000.0,216000.0,0.0
2014-09-15,117.43,117.43000030517578,2.5987887397604936e-09,117.57,117.56999969482422,2.595694215123956e-09,117.11,117.11000061035156,5.211780118585807e-09,117.29,117.29000091552734,7.805672552763099e-09,196100.0,196100.0,0.0
2014-09-16,117.23,117.2300033569336,2.8635448234837213e-08,117.37,117.37000274658205,2.340105687004268e-08,116.29,116.29000091552734,7.872795082519701e-09,117.24,117.23999786376952,1.822100370585389e-08,223700.0,223700.0,0.0
2014-09-17,117.72,117.72000122070312,1.036954744293439e-08,117.72,117.72000122070312,1.036954744293439e-08,116.4,116.4000015258789,1.3108925278615402e-08,116.89,116.88999938964844,5.221589161052975e-09,343000.0,343000.0,0.0
2014-09-18,117.02,117.0199966430664,2.868683635082192e-08,117.125,117.12999725341795,4.2665984358203346e-05,116.5965,116.5999984741211,3.0004966882213324e-05,116.94,116.94000244140624,2.0877426454291026e-08,238500.0,238500.0,0.0
2014-09-19,117.27,117.2699966430664,2.8625680825733468e-08,117.77,117.7699966430664,2.850414870803064e-08,116.76,116.76000213623048,1.829591012025844e-08,117.21,117.20999908447266,7.811000179991368e-09,702500.0,702500.0,0.0
2014-09-22,116.89,116.88999938964844,5.221589161052975e-09,117.36,117.36000061035156,5.2006778883395555e-09,116.35,116.3499984741211,1.3114558661264653e-08,116.5,116.5,0.0,251700.0,251700.0,0.0
2014-09-23,116.02,116.0199966430664,2.8934094009613887e-08,116.44,116.44000244140624,2.0967075187172668e-08,115.52,115.5199966430664,2.9059328165992326e-08,115.55,115.5500030517578,2.6410712283819748e-08,281700.0,281700.0,0.0
2014-09-24,115.86,115.86000061035156,5.268009362069392e-09,116.19,116.19000244140624,2.1012188877733706e-08,115.5,115.5,0.0,115.74,115.73999786376952,1.845714947545929e-08,487529.0,487900.0,0.0007609803724495379
2014-09-25,115.66,115.66000366210938,3.166271289600786e-08,115.88,115.87999725341795,2.3701950624399615e-08,115.08,115.08000183105467,1.591114595633769e-08,115.31,115.30999755859376,2.1172545605629978e-08,508454.0,509000.0,0.0010738434548651643
2014-09-26,115.18,115.18000030517578,2.6495552418737134e-09,115.65,115.6500015258789,1.319393772014621e-08,115.01,115.01000213623048,1.8574302096396877e-08,115.44,115.44000244140624,2.1148702789020035e-08,338606.0,338600.0,1.7719709633046143e-05
2014-09-29,115.3,115.3000030517578,2.646797736538531e-08,116.38,116.37999725341795,2.3600120635514088e-08,115.2,115.1999969482422,2.649095309781302e-08,116.19,116.19000244140624,2.1012188877733706e-08,359146.0,359100.0,0.00012808161583310884
2014-09-30,116.2,116.1999969482422,2.62629759051336e-08,116.88,116.87999725341795,2.3499161838635985e-08,115.79,115.79000091552734,7.906790999712143e-09,116.56,116.55999755859376,2.0945489342949486e-08,410627.0,410600.0,6.575310439893567e-05
2014-10-01,116.87,116.87000274658205,2.3501172563555883e-08,116.99,116.98999786376952,1.8259940781639727e-08,116.02,116.0199966430664,2.8934094009613887e-08,116.37,116.37000274658205,2.360214867991317e-08,546635.0,546600.0,6.402809918870656e-05
2014-10-02,116.49,116.48999786376952,1.8338316420951628e-08,117.16,117.16000366210938,3.125733516462503e-08,116.2,116.1999969482422,2.62629759051336e-08,116.68,116.68000030517578,2.6154933774336087e-09,383327.0,383300.0,7.043594633304728e-05
2014-10-03,116.97,116.97000122070312,1.0436036035343932e-08,117.7,117.6999969482422,2.592827363923078e-08,116.72,116.72000122070312,1.045838859958792e-08,117.25,117.25,0.0,257128.0,257100.0,0.00010889518061041326
2014-10-06,117.68,117.68000030517578,2.5932680447482426e-09,118.02,118.0199966430664,2.8443768784747192e-08,117.29,117.29000091552734,7.805672552763099e-09,117.94,117.94000244140624,2.0700408942531112e-08,276995.0,277000.0,1.805086734418815e-05
2014-10-07,117.49,117.48999786376952,1.8182232386365627e-08,117.71,117.70999908447266,7.777821275922747e-09,116.59,116.58999633789062,3.141014992547042e-08,116.91,116.91000366210938,3.132417569773338e-08,514450.0,514500.0,9.719117504136676e-05
2014-10-08,116.82,116.81999969482422,2.612358995790487e-09,118.79,118.79000091552734,7.707107840815297e-09,116.52,116.5199966430664,2.8809934660145586e-08,118.7,118.6999969482422,2.5709838258336504e-08,402806.0,402800.0,1.489550801125894e-05
2014-10-09,118.75,118.75,0.0,119.5,119.5,0.0,117.42,117.41999816894533,1.5594061264501136e-08,117.89,117.88999938964844,5.177297146552462e-09,485973.0,486000.0,5.555864214668027e-05
2014-10-10,117.89,117.88999938964844,5.177297146552462e-09,118.7,118.6999969482422,2.5709838258336504e-08,116.86,116.86000061035156,5.222929644332908e-09,116.89,116.88999938964844,5.221589161052975e-09,436745.0,436700.0,0.00010303495174535104
2014-10-13,117.02,117.0199966430664,2.868683635082192e-08,117.5,117.5,0.0,116.65,116.6500015258789,1.3080830640888053e-08,116.99,116.98999786376952,1.8259940781639727e-08,373707.0,373700.0,1.873125202367376e-05
2014-10-14,117.73,117.7300033569336,2.851383329449675e-08,118.42,118.41999816894533,1.546237693439423e-08,117.27,117.2699966430664,2.8625680825733468e-08,117.58,117.58000183105467,1.5572841238764568e-08,457981.0,458000.0,4.148643721024747e-05
2014-10-15,117.2,117.1999969482422,2.603888904495477e-08,117.55,117.5500030517578,2.5961359506609938e-08,115.29,115.29000091552734,7.94108201418453e-09,116.15,116.1500015258789,1.313714070860783e-08,803054.0,803100.0,5.7281328528446807e-05
2014-10-16,114.99,114.98999786376952,1.8577532623353932e-08,117.78,117.77999877929688,1.0364265001783224e-08,114.26,114.26000213623048,1.8696223236247533e-08,117.12,117.12000274658205,2.345100780232201e-08,608090.0,608100.0,1.6444934137993528e-05
2014-10-17,117.52,117.5199966430664,2.8564785425899686e-08,118.87,118.87000274658205,2.310576285857735e-08,116.19,116.19000244140624,2.1012188877733706e-08,118.33,118.33000183105467,1.5474137304849478e-08,438621.0,438600.0,4.7877324615086536e-05
2014-10-20,117.83,117.83000183105467,1.5539800335417908e-08,119.01,119.01000213623048,1.7950008146527807e-08,117.79,117.79000091552734,7.77253883477158e-09,118.96,118.95999908447266,7.696093984321806e-09,380797.0,380800.0,7.87821332615124e-06
2014-10-21,119.2,119.1999969482422,2.56019949684827e-08,122.55,122.5500030517578,2.4902144346583555e-08,118.96,118.95999908447266,7.696093984321806e-09,122.385,122.38999938964844,4.084969275996997e-05,490914.0,490900.0,2.8518233336161103e-05
2014-10-22,122.32,122.31999969482422,2.4948967336513306e-09,123.56,123.55999755859376,1.9758872094044477e-08,121.77,121.7699966430664,2.7567821248020152e-08,122.59,122.58999633789062,2.9872823104071244e-08,667475.0,667500.0,3.745458631398968e-05
2014-10-23,123.62,123.62000274658205,2.2217942374780364e-08,124.27,124.2699966430664,2.7013225989414025e-08,123.06,123.05999755859376,1.983915354220045e-08,123.8,123.8000030517578,2.465070925161683e-08,580622.0,580600.0,3.789040029489321e-05
2014-10-24,124.12,124.12000274658205,2.2128440635427182e-08,124.36,124.36000061035156,4.907941164589147e-09,121.96,121.95999908447266,7.506783639144032e-09,123.05,123.0500030517578,2.4800957287851588e-08,546655.0,546700.0,8.231882997500328e-05
2014-10-27,122.32,122.31999969482422,2.4948967336513306e-09,123.33,123.33000183105467,1.4846790463707293e-08,122.3,122.3000030517578,2.4953048294307223e-08,123.14,123.13999938964844,4.956566157510167e-09,560668.0,560700.0,5.707477508964942e-05
2014-10-28,123.19,123.19000244140624,1.9818217733558186e-08,124.13,124.12999725341795,2.212665783929424e-08,122.64,122.63999938964844,4.976773992915184e-09,124.05,124.0500030517578,2.4601030323978534e-08,418570.0,418600.0,7.167259956508687e-05
2014-10-29,124.48,124.4800033569336,2.6967654109810724e-08,125.12,125.12000274658205,2.195158277373821e-08,121.56,121.55999755859376,2.0083960494687858e-08,122.78,122.77999877929688,9.942198508916533e-09,491239.0,491200.0,7.93910906911055e-05
2014-10-30,122.39,122.38999938964844,4.986939861062467e-09,123.8,123.8000030517578,2.465070925161683e-08,122.39,122.38999938964844,4.986939861062467e-09,123.73,123.7300033569336,2.7131120905465878e-08,347651.0,347700.0,0.00014094594866698174
2014-10-31,124.37,124.37000274658205,2.2083959549945575e-08,126.09,126.08999633789062,2.9043614735435597e-08,124.37,124.37000274658205,2.2083959549945575e-08,126.0,126.0,0.0,682988.0,683000.0,1.7569854814381003e-05
2014-11-03,126.37,126.37000274658205,2.173444668684965e-08,127.98,127.9800033569336,2.6230142058381034e-08,125.58,125.58000183105467,1.458078258131934e-08,126.53,126.52999877929688,9.647539100932079e-09,453343.0,453300.0,9.48509186201596e-05
2014-11-04,126.53,126.52999877929688,9.647539100932079e-09,126.53,126.52999877929688,9.647539100932079e-09,125.49,125.48999786376952,1.7023113252356836e-08,125.88,125.87999725341795,2.181905023324049e-08,403927.0,403900.0,6.684376137267023e-05
2014-11-05,126.08,126.08000183105467,1.4522959057572393e-08,126.58,126.58000183105467,1.4465592279577777e-08,125.43,125.43000030517578,2.4330364389868464e-09,126.53,126.52999877929688,9.647539100932079e-09,275609.0,275600.0,3.265495684101616e-05
2014-11-06,126.75,126.75,0.0,127.72,127.72000122070312,9.557650448854815e-09,126.48,126.4800033569336,2.654122055467667e-08,127.59,127.58999633789062,2.8702166199323642e-08,266384.0,266400.0,6.006366748745329e-05
2014-11-07,127.15,127.1500015258789,1.2000620497332193e-08,127.685,127.69000244140624,3.9177988066185776e-05,126.45,126.4499969482422,2.41341068241141e-08,127.54,127.54000091552734,7.1783545774195545e-09,311721.0,311700.0,6.736793478778758e-05
2014-11-10,127.62,127.62000274658205,2.152156430845764e-08,128.1,128.10000610351562,4.7646492085107184e-08,127.27,127.2699966430664,2.6376472006539586e-08,127.74,127.73999786376952,1.6723269768981197e-08,390406.0,390400.0,1.5368616261057788e-05
2014-11-11,127.61,127.61000061035156,4.782944706960279e-09,128.29,128.2899932861328,5.2333519184877275e-08,127.29,127.29000091552734,7.1924528555200595e-09,127.63,127.62999725341795,2.151987810172784e-08,209007.0,209000.0,3.3491701234900084e-05
2014-11-12,127.39,127.38999938964844,4.791204655241188e-09,127.78,127.77999877929688,9.553162705344675e-09,127.06,127.05999755859376,1.9214593360850074e-08,127.69,127.69000244140624,1.9119791971888844e-08,160048.0,160000.0,0.00029991002699192304
2014-11-13,127.97,127.97000122070312,9.538978940071274e-09,128.49,128.49000549316406,4.275168530298856e-08,127.02,127.0199966430664,2.642838603517106e-08,127.94,127.94000244140624,1.908243119075337e-08,326971.0,327000.0,8.869288101998052e-05
2014-11-14,127.56,127.55999755859376,1.913927749619404e-08,128.26,128.25999450683594,4.2828349089418793e-08,127.05,127.0500030517578,2.4020132327606802e-08,127.48,127.4800033569336,2.633302154109174e-08,356905.0,356900.0,1.4009330213893278e-05
2014-11-17,127.1,127.0999984741211,1.2005341498699806e-08,127.65,127.6500015258789,1.1953614542647983e-08,126.85,126.8499984741211,1.2029002016689105e-08,127.47,127.47000122070312,9.576395454402586e-09,243994.0,244000.0,2.459076862537657e-05
2014-11-18,127.59,127.58999633789062,2.8702166199323642e-08,128.24,128.24000549316406,4.2835028413179543e-08,127.16,127.16000366210938,2.8799224338627027e-08,127.19,127.19000244140624,1.9194954292700572e-08,307454.0,307500.0,0.00014961587749717786
2014-11-19,127.56,127.55999755859376,1.913927749619404e-08,127.56,127.55999755859376,1.913927749619404e-08,126.21,126.20999908447266,7.253999956269297e-09,127.05,127.0500030517578,2.4020132327606802e-08,287313.0,287300.0,4.524682141082703e-05
2014-11-20,127.29,127.29000091552734,7.1924528555200595e-09,127.32,127.31999969482422,2.3969193296835556e-09,126.4,126.4000015258789,1.2071826649417972e-08,126.76,126.76000213623048,1.6852559792113198e-08,316385.0,316400.0,4.7410591526242385e-05
2014-11-21,128.24,128.24000549316406,4.2835028413179543e-08,128.24,128.24000549316406,4.2835028413179543e-08,126.11,126.11000061035156,4.8398347551881216e-09,126.98,126.9800033569336,2.6436711264565815e-08,578431.0,578400.0,5.359325485665423e-05
2014-11-24,127.59,127.58999633789062,2.8702166199323642e-08,127.6,127.5999984741211,1.1958298573588877e-08,126.63,126.62999725341795,2.1689821050330238e-08,127.43,127.43000030517578,2.394850318054864e-09,257978.0,258000.0,8.527858964724189e-05
2014-11-25,126.58,126.58000183105467,1.4465592279577777e-08,128.73,128.72999572753906,3.318931818263593e-08,126.17,126.16999816894533,1.4512599455507313e-08,128.73,128.72999572753906,3.318931818263593e-08,846783.0,846800.0,2.007598168596303e-05
2014-11-26,128.25,128.25,0.0,128.475,128.47999572753906,3.888482225389289e-05,127.82,127.81999969482422,2.3875432741959912e-09,128.1,128.10000610351562,4.7646492085107184e-08,272214.0,272200.0,5.143012482822229e-05
2014-11-28,133.48,133.47999572753906,3.200824783000655e-08,133.48,133.47999572753906,3.200824783000655e-08,128.37,128.3699951171875,3.803702197657799e-08,128.92,128.9199981689453,1.4203030418435958e-08,223915.0,223900.0,6.698970591523246e-05
2014-12-01,129.1,129.10000610351562,4.727742553001235e-08,130.09,130.08999633789062,2.815058330885023e-08,128.34,128.33999633789062,2.85344349260086e-08,129.61,129.61000061035156,4.709139300729248e-09,457823.0,457800.0,5.023775563917088e-05
2014-12-02,129.66,129.66000366210938,2.8243940963790237e-08,130.36,130.36000061035156,4.6820463062147155e-09,128.77,128.77000427246094,3.3179008429584655e-08,130.03,130.02999877929688,9.387857602405347e-09,500329.0,500300.0,5.796186109541246e-05
2014-12-03,129.66,129.66000366210938,2.8243940963790237e-08,130.715,130.72000122070312,3.826049575894608e-05,128.03,128.02999877929688,9.534508516040319e-09,130.58,130.5800018310547,1.4022474070785051e-08,320603.0,320600.0,9.357367211193512e-06
2014-12-04,130.22,130.22000122070312,9.374160114816732e-09,130.88,130.8800048828125,3.7307552824827894e-08,129.66,129.66000366210938,2.8243940963790237e-08,130.26,130.25999450683594,4.217076654544627e-08,321808.0,321800.0,2.4859543578781285e-05
2014-12-05,130.09,130.08999633789062,2.815058330885023e-08,130.87,130.8699951171875,3.731040343346592e-08,129.72,129.72000122070312,9.410292323153158e-09,130.86,130.86000061035156,4.664156616485116e-09,361621.0,361600.0,5.807184870343374e-05
2014-12-08,130.71,130.7100067138672,5.136460234922424e-08,131.63,131.6300048828125,3.70949821970612e-08,130.27,130.27000427246094,3.2796967364134844e-08,130.91,130.91000366210938,2.7974252470031047e-08,294503.0,294400.0,0.00034974176833513226
2014-12-09,129.89,129.88999938964844,4.698987976503588e-09,131.0,131.0,0.0,129.71,129.7100067138672,5.176059802991517e-08,130.98,130.97999572753906,3.261918557484478e-08,274471.0,274400.0,0.000258679423327024
2014-12-10,130.92,130.9199981689453,1.3986057756376624e-08,131.1299,131.1300048828125,7.998390336716454e-07,129.77,129.77000427246094,3.292333294879768e-08,130.11,130.11000061035156,4.691042665427858e-09,570060.0,569000.0,0.0018594533908711242
2014-12-11,130.47,130.47000122070312,9.356197816501322e-09,131.92,131.9199981689453,1.3880038451929977e-08,130.34,130.33999633789062,2.809658872227061e-08,130.53,130.52999877929688,9.351897034548529e-09,406721.0,406400.0,0.000789238814814075
2014-12-12,129.07,129.07000732421875,5.6746097154558583e-08,131.578,131.5800018310547,1.5214025556486988e-05,128.0,128.0,0.0,128.0,128.0,0.0,508599.0,507300.0,0.002554075017843105
2014-12-15,128.27,128.27000427246094,3.3308341196303104e-08,128.74,128.74000549316406,4.266866593383156e-08,127.11,127.11000061035156,4.801758768380182e-09,128.07,128.07000732421875,5.7189183610972805e-08,406923.0,402900.0,0.00988639128287172
2014-12-16,127.8,127.8000030517578,2.3879169086526986e-08,129.34,129.33999633789062,2.8313819178116262e-08,126.79,126.79000091552734,7.220816611308578e-09,127.77,127.7699966430664,2.627325346171716e-08,516867.0,515500.0,0.002644780959124904
2014-12-17,127.7,127.6999969482422,2.3897868461908445e-08,128.5,128.5,0.0,126.25,126.25,0.0,128.48,128.47999572753906,3.325389885677765e-08,564064.0,560200.0,0.006850286492312896
2014-12-18,130.11,130.11000061035156,4.691042665427858e-09,132.5,132.5,0.0,129.73,129.72999572753906,3.293348438404564e-08,132.5,132.5,0.0,610446.0,610400.0,7.535474063224967e-05
2014-12-19,132.08,132.0800018310547,1.3863224346266634e-08,133.63,133.6300048828125,3.653979274709229e-08,131.64,131.63999938964844,4.636520389844634e-09,132.07,132.07000732421875,5.545709669263488e-08,760473.0,760500.0,3.550421908471435e-05
2014-12-22,132.07,132.07000732421875,5.545709669263488e-08,132.96,132.9600067138672,5.049539097967681e-08,131.84,131.83999633789062,2.777692187372338e-08,132.95,132.9499969482422,2.2954176781553315e-08,344794.0,340400.0,0.012743841250137722
2014-12-23,133.59,133.58999633789062,2.7413050163183073e-08,134.14,134.13999938964844,4.5501085121912865e-09,132.87,132.8699951171875,3.674879589521396e-08,133.43,133.42999267578125,5.4891844070148466e-08,230630.0,230600.0,0.00013007848068335992
2014-12-24,133.44,133.44000244140625,1.829591012025844e-08,133.86,133.86000061035156,4.559626010092188e-09,132.84,132.83999633789062,2.7567821248020152e-08,133.27,133.27000427246094,3.2058684817926064e-08,108840.0,108800.0,0.0003675119441381991
2014-12-26,133.49,133.49000549316406,4.115037866014859e-08,134.0,134.0,0.0,132.4601,132.4600067138672,7.042583602956398e-07,133.085,133.08999633789062,3.754245700582359e-05,126055.0,126100.0,0.0003569870294712896
2014-12-29,132.72,132.72000122070312,9.19758225137457e-09,133.75,133.75,0.0,132.64,132.63999938964844,4.601564795869706e-09,133.28,133.27999877929688,9.158937053221905e-09,172330.0,171800.0,0.003075494690419567
2014-12-30,133.28,133.27999877929688,9.158937053221905e-09,133.47,133.47000122070312,9.145898927087615e-09,131.96,131.9600067138672,5.087804777481608e-08,132.59,132.58999633789062,2.7619800779810078e-08,216677.0,216700.0,0.00010614878367332103
2014-12-31,133.24,133.24000549316406,4.122758978652996e-08,133.77,133.77000427246094,3.193885711461064e-08,131.07,131.07000732421875,5.588020712821162e-08,131.08,131.0800018310547,1.3968985967949266e-08,239817.0,239300.0,0.0021558104721516314
2015-01-02,131.51,131.50999450683594,4.176993428917086e-08,132.266,132.27000427246094,3.027438994873677e-05,130.75,130.75,0.0,131.64,131.63999938964844,4.636520389844634e-09,233026.0,230800.0,0.009552582115300412
2015-01-05,131.02,131.02000427246094,3.2609227096358495e-08,132.15,132.14999389648438,4.618627036379053e-08,129.92,129.9199981689453,1.4093708977647168e-08,130.1,130.10000610351562,4.691403243661796e-08,421779.0,420900.0,0.00208402978811173
2015-01-06,130.36,130.36000061035156,4.6820463062147155e-09,131.94,131.94000244140625,1.8503912846412618e-08,129.975,129.97999572753906,3.843606492837104e-05,130.5,130.5,0.0,522154.0,519900.0,0.004316734143566814
2015-01-07,130.74,130.74000549316406,4.201594050456947e-08,131.87,131.8699951171875,3.702747031208986e-08,130.635,130.63999938964844,3.8269909660160195e-05,131.3,131.3000030517578,2.3242633595543793e-08,441001.0,441000.0,2.2675685542594692e-06
2015-01-08,131.87,131.8699951171875,3.702747031208986e-08,133.68,133.67999267578125,5.478918874146643e-08,131.826,131.8300018310547,3.0356917866791733e-05,133.27,133.27000427246094,3.2058684817926064e-08,445998.0,443900.0,0.004704056968865333
2015-01-09,133.16,133.16000366210938,2.7501572352761627e-08,133.99,133.99000549316406,4.0996821049077425e-08,131.72,131.72000122070312,9.267409062374554e-09,131.92,131.9199981689453,1.3880038451929977e-08,237738.0,240200.0,0.010355938049449342
2015-01-12,131.7,131.6999969482422,2.3172041063723725e-08,132.69,132.69000244140625,1.839932362024399e-08,131.25,131.25,0.0,132.325,132.32000732421875,3.773040454368992e-05,354954.0,354800.0,0.0004338590352552796
2015-01-13,133.57,133.57000732421875,5.4834309759499433e-08,136.8,136.8000030517578,2.230817108817007e-08,132.33,132.3300018310547,1.3837033741026517e-08,135.205,135.2100067138672,3.703053782899701e-05,824566.0,824200.0,0.0004438698660871321
2015-01-14,134.52,134.52000427246094,3.176078600120036e-08,135.115,135.1199951171875,3.6969375624362755e-05,133.98,133.97999572753906,3.1888796270251873e-08,134.75,134.75,0.0,539475.0,539500.0,4.6341350387058e-05
2015-01-15,134.82,134.82000732421875,5.432590688414507e-08,136.16,136.16000366210938,2.6895632831980265e-08,133.45,133.4499969482422,2.286817391006224e-08,133.51,133.50999450683594,4.1144214368848964e-08,446369.0,446400.0,6.944926731033974e-05
2015-01-16,133.16,133.16000366210938,2.7501572352761627e-08,134.38,134.3800048828125,3.633585721196653e-08,132.68,132.67999267578125,5.5202131088449846e-08,134.15,134.14999389648438,4.5497693834661845e-08,379330.0,379300.0,7.908681095614156e-05
2015-01-20,134.24,134.24000549316406,4.092047123371856e-08,134.98,134.97999572753906,3.16525480270613e-08,133.03,133.02999877929688,9.176149173839576e-09,134.2,134.1999969482422,2.2740371141694027e-08,296600.0,296600.0,0.0
2015-01-21,134.03,134.02999877929688,9.107685827736134e-09,134.9,134.89999389648438,4.524474150890967e-08,133.4302,133.42999267578125,1.5538028029782325e-06,134.29,134.2899932861328,4.999528768756534e-08,308525.0,308500.0,8.103071063936262e-05
2015-01-22,134.59,134.58999633789062,2.7209371977754415e-08,135.37,135.3699951171875,3.6070122666487237e-08,133.5,133.5,0.0,135.36,135.36000061035156,4.509098427973868e-09,426174.0,424900.0,0.002989389310469437
2015-01-23,134.76,134.75999450683594,4.076257087426427e-08,135.45,135.4499969482422,2.2530511678553466e-08,134.0,134.0,0.0,135.1,135.10000610351562,4.517776197587864e-08,212693.0,211700.0,0.004668700897537792
2015-01-26,135.47,135.47000122070312,9.010874268966518e-09,135.47,135.47000122070312,9.010874268966518e-09,133.81,133.80999755859375,1.824531992156153e-08,135.275,135.27999877929688,3.695272073089839e-05,342989.0,342900.0,0.0002594835402884854
2015-01-27,134.19,134.19000244140625,1.819365258448613e-08,135.38,135.3800048828125,3.606745835327274e-08,133.87,133.8699951171875,3.64742848146804e-08,134.44,134.44000244140625,1.815982031416752e-08,331817.0,331800.0,5.123305918619536e-05
2015-01-28,134.6,134.60000610351562,4.53455841764594e-08,135.87,135.8699951171875,3.593738506779687e-08,133.34,133.33999633789062,2.7464447160951977e-08,133.445,133.4499969482422,3.744575099995373e-05,389639.0,389600.0,0.00010009264986310384
2015-01-29,133.0,133.0,0.0,133.63,133.6300048828125,3.653979274709229e-08,132.1,132.10000610351562,4.6203751935536275e-08,133.33,133.3300018310547,1.373325342335363e-08,297636.0,297600.0,0.00012095311051085744
2015-01-30,132.29,132.2899932861328,5.075113140851073e-08,133.17,133.1699981689453,1.374975355794561e-08,131.01,131.00999450683594,4.192934932589765e-08,131.29,131.2899932861328,5.113768897224702e-08,501751.0,501800.0,9.765800167804706e-05
2015-02-02,133.71,133.7100067138672,5.021215443434812e-08,133.71,133.7100067138672,5.021215443434812e-08,130.38,130.3800048828125,3.745062504556529e-08,131.98,131.97999572753906,3.2372033054173244e-08,474655.0,474700.0,9.480570098285845e-05
2015-02-03,132.65,132.64999389648438,4.601217962196813e-08,133.61,133.61000061035156,4.568157629947223e-09,132.05,132.0500030517578,2.3110623192934554e-08,133.49,133.49000549316406,4.115037866014859e-08,539340.0,539300.0,7.416471984278417e-05
2015-02-04,133.31,133.30999755859375,1.8313751848353377e-08,134.48,134.47999572753906,3.1770232999939196e-08,132.87,132.8699951171875,3.674879589521396e-08,133.34,133.33999633789062,2.7464447160951977e-08,478672.0,478700.0,5.849516997025184e-05
2015-02-05,133.14,133.13999938964844,4.584283841424508e-09,135.165,135.1699981689453,3.697827799586939e-05,129.76,129.75999450683594,4.2333261784932574e-08,134.97,134.97000122070312,9.044255122603317e-09,484041.0,483100.0,0.0019440501940951593
2015-02-06,134.88,134.8800048828125,3.62011602916823e-08,134.88,134.8800048828125,3.62011602916823e-08,129.58,129.5800018310547,1.41306890633075e-08,130.19,130.19000244140625,1.8752640329466885e-08,812065.0,812100.0,4.3099998152884567e-05
2015-02-09,129.67,129.6699981689453,1.4120881242085659e-08,131.97,131.97000122070312,9.249853105686157e-09,129.67,129.6699981689453,1.4120881242085659e-08,130.83,130.8300018310547,1.3995678838085723e-08,541081.0,541100.0,3.5114890376775065e-05
2015-02-10,130.9,130.89999389648438,4.662731578619628e-08,131.88,131.8800048828125,3.7024662669082886e-08,130.63,130.6300048828125,3.737895193367535e-08,131.47,131.47000122070312,9.285031854489034e-09,461475.0,461500.0,5.417411560748597e-05
2015-02-11,131.54,131.5399932861328,5.10404986053814e-08,131.92,131.9199981689453,1.3880038451929977e-08,130.48,130.47999572753906,3.2744182476562855e-08,131.59,131.58999633789062,2.7829693549641377e-08,389538.0,389400.0,0.00035426582258979433
2015-02-12,131.97,131.97000122070312,9.249853105686157e-09,132.32,132.32000732421875,5.5352318284462854e-08,131.47,131.47000122070312,9.285031854489034e-09,131.805,131.80999755859375,3.791630510030508e-05,447974.0,448000.0,5.8039082625249705e-05
2015-02-13,132.39,132.38999938964844,4.61025417841654e-09,132.39,132.38999938964844,4.61025417841654e-09,130.72,130.72000122070312,9.338304129968833e-09,131.07,131.07000732421875,5.588020712821162e-08,494441.0,494400.0,8.292192597292303e-05
2015-02-17,131.04,131.0399932861328,5.123525015360286e-08,133.322,133.32000732421875,1.4946338798171865e-05,130.72,130.72000122070312,9.338304129968833e-09,131.91,131.91000366210938,2.7762181664670038e-08,566149.0,566100.0,8.654965388965596e-05
2015-02-18,131.67,131.6699981689453,1.3906392259954714e-08,135.34,135.33999633789062,2.7058588591977184e-08,131.02,131.02000427246094,3.2609227096358495e-08,134.65,134.64999389648438,4.532874586793412e-08,521072.0,521100.0,5.3735376301267124e-05
2015-02-19,134.79,134.7899932861328,4.980983148161755e-08,135.23,135.22999572753906,3.159403183516929e-08,133.02,133.02000427246094,3.2118936399427866e-08,134.09,134.08999633789062,2.7310831374194322e-08,503892.0,503900.0,1.5876417962523703e-05
2015-02-20,133.87,133.8699951171875,3.64742848146804e-08,134.62,134.6199951171875,3.62710779189257e-08,132.85,132.85000610351562,4.594291036497111e-08,134.61,134.61000061035156,4.5342214427535055e-09,595841.0,594700.0,0.001914940395172593
2015-02-23,134.74,134.74000549316406,4.076862136770387e-08,136.0,136.0,0.0,134.2301,134.22999572753906,7.76818768200016e-07,134.86,134.86000061035156,4.525815944234068e-09,345659.0,345600.0,0.0001706884530707775
2015-02-24,134.25,134.25,0.0,135.085,135.08999633789062,3.698662242745954e-05,134.04,134.0399932861328,5.008853465326979e-08,134.57,134.57000732421875,5.442683170819862e-08,293569.0,293600.0,0.00010559698060763623
2015-02-25,134.77,134.77000427246094,3.1701869351863365e-08,135.69,135.69000244140625,1.7992529022237136e-08,134.34,134.33999633789062,2.7260007251506124e-08,135.4,135.39999389648438,4.507766349082232e-08,275104.0,274100.0,0.003649528905432131
2015-02-26,135.31,135.30999755859375,1.80430586027569e-08,135.33,135.3300018310547,1.3530293996311116e-08,134.34,134.33999633789062,2.7260007251506124e-08,135.0,135.0,0.0,283171.0,283200.0,0.00010241161700874635
2015-02-27,134.85,134.85000610351562,4.5261517422900965e-08,135.65,135.64999389648438,4.4994586279045734e-08,134.05,134.0500030517578,2.276581723137383e-08,134.97,134.97000122070312,9.044255122603317e-09,370072.0,369000.0,0.0028967336085951034
2015-03-02,135.37,135.3699951171875,3.6070122666487237e-08,137.19,137.19000244140625,1.7795803275433286e-08,135.03,135.02999877929688,9.040236448321082e-09,137.145,137.14999389648438,3.641325957470798e-05,525057.0,525100.0,8.189587035323243e-05
2015-03-03,132.01,132.00999450683594,4.161172684202796e-08,136.53,136.52999877929688,8.940915008359696e-09,132.01,132.00999450683594,4.161172684202796e-08,136.295,136.2899932861328,3.6734391336223915e-05,380785.0,379700.0,0.0028493769449952078
2015-03-04,134.98,134.97999572753906,3.16525480270613e-08,135.82,135.82000732421875,5.392592217212666e-08,134.75,134.75,0.0,135.11,135.11000061035156,4.517441754003926e-09,530942.0,530600.0,0.0006441381544499691
2015-03-05,135.37,135.3699951171875,3.6070122666487237e-08,136.45,136.4499969482422,2.236539242694846e-08,134.75,134.75,0.0,136.285,136.2899932861328,3.6638559876900345e-05,324249.0,323600.0,0.0020015481929011036
2015-03-06,136.63,136.6300048828125,3.57374845272318e-08,136.63,136.6300048828125,3.57374845272318e-08,134.75,134.75,0.0,136.19,136.19000244140625,1.7926472306584174e-08,633550.0,633600.0,7.892036934742386e-05
2015-03-09,136.88,136.8800048828125,3.567221296130185e-08,137.56,137.55999755859375,1.77479372309719e-08,136.38,136.3800048828125,3.580299523520125e-08,137.54,137.5399932861328,4.881392456912437e-08,432071.0,432100.0,6.711859856367575e-05
2015-03-10,135.27,135.27000427246094,3.158468930841707e-08,137.04,137.0399932861328,4.899202554753401e-08,135.27,135.27000427246094,3.158468930841707e-08,136.06,136.05999755859375,1.7943600272296578e-08,532216.0,532200.0,3.0062981947187595e-05
2015-03-11,135.98,135.97999572753906,3.1419774448870896e-08,136.3,136.3000030517578,2.2390005849359795e-08,135.02,135.02000427246094,3.164317075032841e-08,135.67,135.6699981689453,1.3496385897759922e-08,392488.0,392200.0,0.0007337803958337163
2015-03-12,136.51,136.50999450683594,4.0240012100234424e-08,137.03,137.02999877929688,8.908291104781085e-09,135.85,135.85000610351562,4.4928344822281474e-08,136.88,136.8800048828125,3.567221296130185e-08,254489.0,254500.0,4.3223872151720855e-05
2015-03-13,137.26,137.25999450683594,4.002013731518872e-08,137.26,137.25999450683594,4.002013731518872e-08,135.61,135.61000061035156,4.500785744099289e-09,136.41,136.41000366210938,2.6846340928088352e-08,358034.0,358000.0,9.496304820211243e-05
2015-03-16,136.83,136.8300018310547,1.338196797817659e-08,138.83,138.8300018310547,1.3189185965600814e-08,136.83,136.8300018310547,1.338196797817659e-08,138.68,138.67999267578125,5.2813806994400636e-08,350510.0,350500.0,2.8529856494818873e-05
2015-03-17,138.05,138.0500030517578,2.210617755515898e-08,139.15,139.14999389648438,4.3862850351850113e-08,137.77,137.77000427246094,3.101154777418458e-08,138.81,138.80999755859375,1.7588115075461985e-08,298965.0,298600.0,0.0012208786981753317
2015-03-18,138.5,138.5,0.0,140.9527,140.9499969482422,1.9177012982374286e-05,138.01,138.00999450683594,3.9802652396225824e-08,140.51,140.50999450683594,3.909447054972759e-08,332413.0,332400.0,3.910797712480818e-05
2015-03-19,140.51,140.50999450683594,3.909447054972759e-08,140.9,140.89999389648438,4.3318066911268716e-08,139.64,139.63999938964844,4.370893313954127e-09,140.0,140.0,0.0,372457.0,372500.0,0.00011544956867504119
2015-03-20,140.45,140.4499969482422,2.1728428611922368e-08,141.0,141.0,0.0,139.53,139.52999877929688,8.74867855937822e-09,139.79,139.7899932861328,4.8028236498964816e-08,612175.0,612200.0,4.08379956711169e-05
2015-03-23,139.93,139.92999267578125,5.234201927439841e-08,141.32,141.32000732421875,5.182719187146745e-08,139.18,139.17999267578125,5.262407498651811e-08,140.525,140.52999877929688,3.557217076588515e-05,422556.0,422600.0,0.00010412821022542929
2015-03-24,140.24,140.24000549316406,3.9169737897637447e-08,140.85,140.85000610351562,4.3333444388338194e-08,139.26,139.25999450683594,3.944538307099066e-08,140.335,140.33999633789062,3.560293505278089e-05,310664.0,310700.0,0.00011588082301128289
2015-03-25,140.71,140.7100067138672,4.77142148014309e-08,140.71,140.7100067138672,4.77142148014309e-08,138.52,138.52000427246094,3.084363942029711e-08,138.6,138.60000610351562,4.4036909230271704e-08,622729.0,621700.0,0.001652404175813249
2015-03-26,138.03,138.02999877929688,8.84375228604739e-09,138.79,138.7899932861328,4.8374286132357724e-08,137.33,137.3300018310547,1.333324606278552e-08,138.285,138.2899932861328,3.610866061265483e-05,366760.0,366700.0,0.00016359472134364061
2015-03-27,138.09,138.08999633789062,2.651972896838828e-08,139.52,139.52000427246094,3.06225698132323e-08,137.52,137.52000427246094,3.106792423324123e-08,138.96,138.9600067138672,4.8315106360163895e-08,313017.0,312900.0,0.00037378161569501245
2015-03-30,139.34,139.33999633789062,2.6281824161422662e-08,141.25,141.25,0.0,139.0,139.0,0.0,140.86,140.86000061035156,4.333036596193551e-09,283016.0,283000.0,5.6533906210298746e-05
2015-03-31,140.72,140.72000122070312,8.674695406440946e-09,141.44,141.44000244140625,1.7261073681495986e-08,140.29,140.2899932861328,4.7857061646894294e-08,140.43,140.42999267578125,5.21556559052172e-08,383513.0,383500.0,3.389715602863941e-05
2015-04-01,139.73,139.72999572753906,3.05765470720587e-08,139.98,139.97999572753906,3.052193831010186e-08,138.36,138.36000061035156,4.411329523890117e-09,138.8,138.8000030517578,2.198672777176114e-08,426805.0,426300.0,0.001183210131090351
2015-04-02,139.04,139.0399932861328,4.82873071527834e-08,140.42,140.4199981689453,1.3039842428064219e-08,138.56,138.55999755859375,1.761984880221945e-08,140.14,140.13999938964844,4.3552986772610325e-09,337102.0,336900.0,0.00059922516033728
2015-04-06,139.47,139.47000122070312,8.752442326454002e-09,141.35,141.35000610351562,4.318016011417569e-08,139.0,139.0,0.0,141.29,141.2899932861328,4.751834647986897e-08,387357.0,387100.0,0.0006634706485232345
2015-04-07,141.2,141.1999969482422,2.1613015599442065e-08,141.2,141.1999969482422,2.1613015599442065e-08,139.9,139.89999389648438,4.3627702894788456e-08,139.915,139.9199981689453,3.572289565312303e-05,283987.0,284000.0,4.577674330152881e-05
2015-04-08,139.92,139.9199981689453,1.3086439931697669e-08,141.7,141.6999969482422,2.1536752270456816e-08,139.8073,139.80999755859375,1.9294833629945884e-05,140.66,140.66000366210938,2.6035186895256857e-08,299436.0,299100.0,0.0011221095659840197
2015-04-09,140.76,140.75999450683594,3.90250358694999e-08,141.58,141.5800018310547,1.2933003779025398e-08,140.21,140.2100067138672,4.788436758218495e-08,141.54,141.5399932861328,4.743441561760875e-08,415125.0,414700.0,0.0010237880156579449
2015-04-10,141.64,141.63999938964844,4.309175016814493e-09,142.68,142.67999267578125,5.133318448091728e-08,141.0,141.0,0.0,141.93,141.92999267578125,5.160444416230092e-08,359125.0,359100.0,6.961364427426897e-05
2015-04-13,141.63,141.6300048828125,3.4475834853608944e-08,142.69,142.69000244140625,1.7109862415765065e-08,141.12,141.1199951171875,3.460042874436908e-08,141.56,141.55999755859375,1.724644149714294e-08,293831.0,293800.0,0.00010550282305132885
2015-04-14,140.92,140.9199981689453,1.2993575659869805e-08,141.65,141.64999389648438,4.3088709045235873e-08,139.9,139.89999389648438,4.3627702894788456e-08,140.81,140.80999755859375,1.7338301683267332e-08,243449.0,243400.0,0.00020127418884452464
2015-04-15,141.2,141.1999969482422,2.1613015599442065e-08,141.72,141.72000122070312,8.613485258379683e-09,140.85,140.85000610351562,4.3333444388338194e-08,141.19,141.19000244140625,1.7291637233185497e-08,189775.0,189200.0,0.003029903833487002
2015-04-16,141.07,141.07000732421875,5.191903840184864e-08,141.07,141.07000732421875,5.191903840184864e-08,139.88,139.8800048828125,3.490715250187293e-08,140.83,140.8300018310547,1.3001879350937884e-08,245069.0,244200.0,0.0035459401229858134
2015-04-17,139.71,139.7100067138672,4.8055738277597015e-08,140.24,140.24000549316406,3.9169737897637447e-08,137.5,137.5,0.0,138.06,138.05999755859375,1.768366109100583e-08,522323.0,521400.0,0.0017671057946903046
2015-04-20,138.33,138.3300018310547,1.3236858720233613e-08,139.93,139.92999267578125,5.234201927439841e-08,138.33,138.3300018310547,1.3236858720233613e-08,138.92,138.9199981689453,1.3180641245114089e-08,231756.0,231800.0,0.00018985484733935465
2015-04-21,139.62,139.6199951171875,3.4972156615076244e-08,139.856,139.86000061035156,2.860521072789446e-05,138.865,138.8699951171875,3.597103076713459e-05,139.38,139.3800048828125,3.503237544499882e-08,258113.0,257600.0,0.001987501598137209
2015-04-22,140.28,140.27999877929688,8.701904197216948e-09,140.94,140.94000244140625,1.732230914264221e-08,138.71,138.7100067138672,4.840218581492195e-08,139.66,139.66000366210938,2.622160510945548e-08,302657.0,302200.0,0.0015099601198717005
2015-04-23,138.85,138.85000610351562,4.3957620654566654e-08,141.01,141.00999450683594,3.895584743673908e-08,138.85,138.85000610351562,4.3957620654566654e-08,140.5,140.5,0.0,382733.0,382600.0,0.00034750073811251614
2015-04-24,133.33,133.3300018310547,1.373325342335363e-08,138.11,138.11000061035156,4.419314691972431e-09,131.0,131.0,0.0,136.94,136.94000244140625,1.7828291509758287e-08,1313324.0,1313300.0,1.8274241542881597e-05
2015-04-27,137.5,137.5,0.0,138.99,138.99000549316406,3.9522009220860355e-08,134.94,134.94000244140625,1.8092531917091037e-08,135.06,135.05999755859375,1.8076456775872884e-08,642476.0,642500.0,3.735548098293684e-05
2015-04-28,134.31,134.30999755859375,1.8177397476115686e-08,135.96,135.9600067138672,4.938119424480192e-08,134.31,134.30999755859375,1.8177397476115686e-08,135.29,135.2899932861328,4.962574606803827e-08,587064.0,587100.0,6.132210457465703e-05
2015-04-29,134.5,134.5,0.0,135.341,135.33999633789062,7.415802376065095e-06,133.31,133.30999755859375,1.8313751848353377e-08,134.065,134.07000732421875,3.734997366011683e-05,642002.0,641100.0,0.0014049800467911266
2015-04-30,133.28,133.27999877929688,9.158937053221905e-09,134.85,134.85000610351562,4.5261517422900965e-08,133.016,133.02000427246094,3.010369023992432e-05,133.43,133.42999267578125,5.4891844070148466e-08,586828.0,586800.0,4.771415133564272e-05
2015-05-01,133.87,133.8699951171875,3.64742848146804e-08,134.55,134.5500030517578,2.2681217348718974e-08,133.38,133.3800048828125,3.6608280851169184e-08,134.18,134.17999267578125,5.458502572164292e-08,628109.0,628100.0,1.432872319928613e-05
2015-05-04,134.93,134.92999267578125,5.428161831133593e-08,136.17,136.1699981689453,1.3446828761587426e-08,134.58,134.5800018310547,1.3605696791429978e-08,135.24,135.24000549316406,4.06178946033009e-08,397236.0,396500.0,0.0018528028678166386
2015-05-05,134.91,134.91000366210938,2.7144832603909208e-08,135.33,135.3300018310547,1.3530293996311116e-08,132.64,132.63999938964844,4.601564795869706e-09,132.76,132.75999450683594,4.137664999515067e-08,606900.0,606900.0,0.0
2015-05-06,133.08,133.0800018310547,1.375905234191066e-08,133.3537,133.35000610351562,2.7699992458996014e-05,132.152,132.14999389648438,1.518027359115326e-05,132.8,132.8000030517578,2.2980103819847386e-08,392768.0,392800.0,8.147303242633797e-05
2015-05-07,132.74,132.74000549316406,4.138288423050085e-08,133.34,133.33999633789062,2.7464447160951977e-08,132.35,132.35000610351562,4.6116476193347467e-08,133.1,133.10000610351562,4.585661628198068e-08,372396.0,372300.0,0.00025779009441562195
2015-05-08,134.0,134.0,0.0,135.279,135.27999877929688,7.383106741531975e-06,132.79,132.7899932861328,5.0560036046753964e-08,134.01,134.00999450683594,4.0990702609988716e-08,288056.0,288100.0,0.0001527480767629097
2015-05-11,133.81,133.80999755859375,1.824531992156153e-08,134.8,134.8000030517578,2.2639152774672766e-08,133.48,133.47999572753906,3.200824783000655e-08,133.57,133.57000732421875,5.4834309759499433e-08,360682.0,360000.0,0.0018908623108444544
2015-05-12,132.8,132.8000030517578,2.2980103819847386e-08,134.54,134.5399932861328,4.990238722246687e-08,132.53,132.52999877929688,9.210768370238043e-09,134.34,134.33999633789062,2.7260007251506124e-08,333050.0,333100.0,0.00015012760846722095
2015-05-13,134.5,134.5,0.0,135.355,135.35000610351562,3.6894806134668556e-05,133.93,133.92999267578125,5.46869167727948e-08,134.42,134.4199981689453,1.3621891614690185e-08,496525.0,496500.0,5.034993202757132e-05
2015-05-14,135.47,135.47000122070312,9.010874268966518e-09,136.82,136.82000732421875,5.3531784560689744e-08,135.04,135.0399932861328,4.971761835559363e-08,136.71,136.7100067138672,4.911028583798327e-08,357974.0,357800.0,0.0004860688206406172
2015-05-15,137.02,137.02000427246094,3.1181294213311617e-08,137.77,137.77000427246094,3.101154777418458e-08,136.18,136.17999267578125,5.378336576100651e-08,136.8,136.8000030517578,2.230817108817007e-08,473185.0,472100.0,0.002292972093367318
2015-05-18,136.36,136.36000061035156,4.476030657230012e-09,138.75,138.75,0.0,136.36,136.36000061035156,4.476030657230012e-09,138.2,138.1999969482422,2.2082183748217687e-08,693002.0,692500.0,0.0007243846338105264
2015-05-19,138.41,138.41000366210938,2.6458416124697237e-08,138.91,138.91000366210938,2.636318030546647e-08,137.89,137.88999938964844,4.426365607379523e-09,138.46,138.4600067138672,4.848957946279597e-08,263732.0,263200.0,0.002017199278054993
2015-05-20,138.67,138.6699981689453,1.320440379259935e-08,138.75,138.75,0.0,137.39,137.38999938964844,4.442474388355322e-09,137.8,137.8000030517578,2.2146283029655933e-08,315123.0,314800.0,0.001024996588633642
2015-05-21,137.5,137.5,0.0,138.61,138.61000061035156,4.403373221606444e-09,137.5,137.5,0.0,138.25,138.25,0.0,325154.0,325100.0,0.00016607515208177936
2015-05-22,138.61,138.61000061035156,4.403373221606444e-09,139.22,139.22000122070312,8.76815930972441e-09,137.91,137.91000366210938,2.655434250264932e-08,138.24,138.24000549316406,3.973642970223068e-08,277939.0,277900.0,0.00014031855910834334
2015-05-26,137.59,137.58999633789062,2.6616101322929353e-08,138.0,138.0,0.0,136.68,136.67999267578125,5.358661658849684e-08,137.36,137.36000061035156,4.443444501234239e-09,333678.0,333300.0,0.0011328286551705036
2015-05-27,137.89,137.88999938964844,4.426365607379523e-09,138.53,138.52999877929688,8.811832263866393e-09,137.4201,137.4199981689453,7.410200886237561e-07,138.45,138.4499969482422,2.204230986624367e-08,215006.0,214200.0,0.003748732593509052
2015-05-28,138.18,138.17999267578125,5.300491212612002e-08,138.38,138.3800048828125,3.528553627063502e-08,137.71,137.7100067138672,4.8753664882994485e-08,138.17,138.1699981689453,1.32521870144231e-08,314824.0,314800.0,7.623306990567347e-05
2015-05-29,138.25,138.25,0.0,138.65,138.64999389648438,4.402102871114977e-08,136.99,136.99000549316406,4.0099014997352356e-08,137.3,137.3000030517578,2.2226932294699964e-08,494320.0,494300.0,4.045962129795022e-05
2015-06-01,137.37,137.3699951171875,3.5544969856360353e-08,138.08,138.0800018310547,1.3260824660576986e-08,136.41,136.41000366210938,2.6846340928088352e-08,137.58,137.5800018310547,1.330901788776373e-08,288115.0,288000.0,0.00039914617427072585
2015-06-02,137.15,137.14999389648438,4.4502483587116615e-08,137.5,137.5,0.0,136.39,136.38999938964844,4.475046222474077e-09,136.88,136.8800048828125,3.567221296130185e-08,284157.0,284100.0,0.00020059333396682533
2015-06-03,137.42,137.4199981689453,1.3324513714607633e-08,137.87,137.8699951171875,3.5416062305060336e-08,136.9955,137.0,3.284779427059625e-05,137.53,137.52999877929688,8.875904344840535e-09,295814.0,295200.0,0.0020756286044608663
2015-06-04,137.53,137.52999877929688,8.875904344840535e-09,137.74,137.74000549316406,3.9880674096437474e-08,136.63,136.6300048828125,3.57374845272318e-08,136.715,136.72000122070312,3.658136051720717e-05,313939.0,313100.0,0.0026724937010056404
2015-06-05,135.41,135.41000366210938,2.704460078106763e-08,136.87,136.8699951171875,3.567481920985216e-08,135.2,135.1999969482422,2.2572173130619433e-08,136.4,136.39999389648438,4.474718207081452e-08,332297.0,332300.0,9.028068264305134e-06
2015-06-08,136.13,136.1300048828125,3.586874686156705e-08,136.81,136.80999755859375,1.7845232402891043e-08,135.92,135.9199981689453,1.3471561755018513e-08,136.4,136.39999389648438,4.474718207081452e-08,285915.0,285900.0,5.246314464091295e-05
2015-06-09,135.98,135.97999572753906,3.1419774448870896e-08,136.4,136.39999389648438,4.474718207081452e-08,135.12,135.1199951171875,3.613685983783199e-08,135.34,135.33999633789062,2.7058588591977184e-08,480618.0,480600.0,3.7451780832142845e-05
2015-06-10,135.38,135.3800048828125,3.606745835327274e-08,136.99,136.99000549316406,4.0099014997352356e-08,135.18,135.17999267578125,5.41812306131817e-08,136.61,136.61000061035156,4.467839431754328e-09,393739.0,392800.0,0.002384828528543048
2015-06-11,136.63,136.6300048828125,3.57374845272318e-08,137.59,137.58999633789062,2.6616101322929353e-08,136.4,136.39999389648438,4.474718207081452e-08,137.09,137.08999633789062,2.6713176559667318e-08,372144.0,371100.0,0.0028053656649038583
2015-06-12,136.69,136.69000244140625,1.7860898759991528e-08,136.911,136.91000366210938,7.277266915184377e-06,135.46,135.4600067138672,4.956346666418199e-08,135.82,135.82000732421875,5.392592217212666e-08,275838.0,275400.0,0.0015878885432754064
2015-06-15,135.2,135.1999969482422,2.2572173130619433e-08,135.2,135.1999969482422,2.2572173130619433e-08,133.87,133.8699951171875,3.64742848146804e-08,134.75,134.75,0.0,409045.0,408700.0,0.0008434279846960546
2015-06-16,134.3,134.3000030517578,2.272343868625626e-08,135.59,135.58999633789062,2.7008698166852696e-08,134.075,134.07000732421875,3.72379323605454e-05,135.46,135.4600067138672,4.956346666418199e-08,346521.0,346400.0,0.00034918518646775976
2015-06-17,135.12,135.1199951171875,3.613685983783199e-08,136.01,136.00999450683594,4.038794243488297e-08,134.92,134.9199981689453,1.3571410328871991e-08,135.61,135.61000061035156,4.500785744099289e-09,368682.0,368600.0,0.00022241389598620653
2015-06-18,136.29,136.2899932861328,4.926162722185268e-08,138.32,138.32000732421875,5.295126337401257e-08,136.065,136.07000732421875,3.6800971732198207e-05,137.475,137.47999572753906,3.633917104250983e-05,305172.0,304900.0,0.0008913006435714577
2015-06-19,137.56,137.55999755859375,1.77479372309719e-08,137.81,137.80999755859375,1.7715740874280073e-08,136.41,136.41000366210938,2.6846340928088352e-08,137.09,137.08999633789062,2.6713176559667318e-08,467369.0,466800.0,0.0012174534468482046
2015-06-22,137.51,137.50999450683594,3.994737873824761e-08,138.12,138.1199951171875,3.535195847170769e-08,136.97,136.97000122070312,8.91219342769034e-09,137.52,137.52000427246094,3.106792423324123e-08,193982.0,193100.0,0.004546813621882473
2015-06-23,137.97,137.97000122070312,8.847598209626995e-09,138.03,138.02999877929688,8.84375228604739e-09,136.843,136.83999633789062,2.194969497426591e-05,137.39,137.38999938964844,4.442474388355322e-09,307163.0,307200.0,0.00012045721652675923
2015-06-24,137.25,137.25,0.0,137.56,137.55999755859375,1.77479372309719e-08,135.69,135.69000244140625,1.7992529022237136e-08,135.71,135.7100067138672,4.947216258877063e-08,366313.0,365500.0,0.0022194134524300413
2015-06-25,135.71,135.7100067138672,4.947216258877063e-08,136.1,136.10000610351562,4.484581661579057e-08,134.98,134.97999572753906,3.16525480270613e-08,135.01,135.00999450683594,4.068709025251138e-08,547856.0,547600.0,0.0004672760725445979
2015-06-26,135.77,135.77000427246094,3.1468372352350116e-08,136.04,136.0399932861328,4.935215514034752e-08,135.0,135.0,0.0,135.73,135.72999572753906,3.1477646267319415e-08,315047.0,315000.0,0.00014918408999287092
2015-06-29,134.92,134.9199981689453,1.3571410328871991e-08,135.3,135.3000030517578,2.2555489920250693e-08,133.11,133.11000061035156,4.585317014971224e-09,133.27,133.27000427246094,3.2058684817926064e-08,451023.0,450600.0,0.0009378679136097245
2015-06-30,134.6,134.60000610351562,4.53455841764594e-08,134.86,134.86000061035156,4.525815944234068e-09,133.19,133.19000244140625,1.8330251982945356e-08,133.91,133.91000366210938,2.7347542230771182e-08,506545.0,506500.0,8.883712207208294e-05
2015-07-01,134.89,134.88999938964844,4.524809416039943e-09,135.0,135.0,0.0,134.11,134.11000061035156,4.551126364660263e-09,134.855,134.85000610351562,3.7031600492065664e-05,315282.0,315200.0,0.00026008462265525445
2015-07-02,135.05,135.0500030517578,2.2597244075939216e-08,135.1,135.10000610351562,4.517776197587864e-08,134.3,134.3000030517578,2.272343868625626e-08,134.64,134.63999938964844,4.5332111398010966e-09,281652.0,281500.0,0.0005396730717338594
2015-07-06,133.53,133.52999877929688,9.141789325539662e-09,137.53,137.52999877929688,8.875904344840535e-09,133.11,133.11000061035156,4.585317014971224e-09,136.93,136.92999267578125,5.3488780848987005e-08,699148.0,698800.0,0.0004977486884035764
2015-07-07,137.14,137.13999938964844,4.450572799186148e-09,137.36,137.36000061035156,4.443444501234239e-09,135.129,135.1300048828125,7.436470428334729e-06,136.35,136.35000610351562,4.4763591056096175e-08,369993.0,370000.0,1.891927685115924e-05
2015-07-08,135.94,135.94000244140625,1.7959439935211208e-08,136.21,136.2100067138672,4.929056007796362e-08,133.62,133.6199951171875,3.6542527337424247e-08,133.79,133.7899932861328,5.018213000695937e-08,612358.0,612400.0,6.858732963399561e-05
2015-07-09,135.07,135.07000732421875,5.42253553170724e-08,135.25,135.25,0.0,133.46,133.4600067138672,5.0306212973083575e-08,133.85,133.85000610351562,4.559966848560748e-08,407878.0,407700.0,0.0004364050034568745
2015-07-10,135.07,135.07000732421875,5.42253553170724e-08,135.41,135.41000366210938,2.704460078106763e-08,134.06,134.05999755859375,1.8211295360615054e-08,134.77,134.77000427246094,3.1701869351863365e-08,236004.0,236000.0,1.6948865273480607e-05
2015-07-13,135.58,135.5800018310547,1.350534506450174e-08,136.12,136.1199951171875,3.587138186489369e-08,134.91,134.91000366210938,2.7144832603909208e-08,135.52,135.52000427246094,3.1526423693861716e-08,229041.0,229000.0,0.00017900725197672607
2015-07-14,135.61,135.61000061035156,4.500785744099289e-09,135.6899,135.69000244140625,7.549670701934019e-07,134.88,134.8800048828125,3.62011602916823e-08,135.16,135.16000366210938,2.7094624099888165e-08,445948.0,445900.0,0.0001076358678590017
2015-07-15,135.48,135.47999572753906,3.153573169267787e-08,135.85,135.85000610351562,4.4928344822281474e-08,134.45,134.4499969482422,2.269808707655585e-08,134.56,134.55999755859375,1.814362549090731e-08,578043.0,577200.0,0.0014583690140699268
2015-07-16,139.56,139.55999755859375,1.7493595905193615e-08,140.71,140.7100067138672,4.77142148014309e-08,137.95,137.9499969482422,2.2122202292251814e-08,138.92,138.9199981689453,1.3180641245114089e-08,1294498.0,1294200.0,0.0002302050679104939
2015-07-17,138.92,138.9199981689453,1.3180641245114089e-08,139.71,139.7100067138672,4.8055738277597015e-08,136.35,136.35000610351562,4.4763591056096175e-08,136.42,136.4199981689453,1.3422186473377451e-08,877574.0,877600.0,2.9627131159282172e-05
2015-07-20,136.76,136.75999450683594,4.016645260840335e-08,137.0,137.0,0.0,134.99,134.99000549316406,4.069311843046819e-08,135.18,135.17999267578125,5.41812306131817e-08,834373.0,834400.0,3.235962812797588e-05
2015-07-21,135.13,135.1300048828125,3.613418564363258e-08,135.64,135.63999938964844,4.499790207113108e-09,133.37,133.3699951171875,3.661102576657527e-08,133.42,133.4199981689453,1.3723989500391554e-08,463212.0,463200.0,2.5906064609726442e-05
2015-07-22,134.52,134.52000427246094,3.176078600120036e-08,135.24,135.24000549316406,4.06178946033009e-08,133.1,133.10000610351562,4.585661628198068e-08,133.24,133.24000549316406,4.122758978652996e-08,730371.0,730400.0,3.970584812384992e-05
2015-07-23,133.12,133.1199951171875,3.667978143440109e-08,134.075,134.07000732421875,3.72379323605454e-05,132.5,132.5,0.0,132.63,132.6300048828125,3.681529436860842e-08,783889.0,783500.0,0.0004962437283849708
2015-07-24,132.12,132.1199951171875,3.695740613540721e-08,134.16,134.16000366210938,2.7296581439628653e-08,130.9,130.89999389648438,4.662731578619628e-08,132.92,132.9199981689453,1.3775614426947413e-08,1641244.0,1641200.0,2.6808932736432922e-05
2015-07-27,132.35,132.35000610351562,4.6116476193347467e-08,132.85,132.85000610351562,4.594291036497111e-08,131.86,131.86000061035156,4.628784688875953e-09,132.33,132.3300018310547,1.3837033741026517e-08,811649.0,810800.0,0.0010460186607758049
2015-07-28,132.84,132.83999633789062,2.7567821248020152e-08,134.87,134.8699951171875,3.6203844477888936e-08,132.43,132.42999267578125,5.5306341173455564e-08,134.61,134.61000061035156,4.5342214427535055e-09,1342586.0,1342600.0,1.042763741021524e-05
2015-07-29,135.48,135.47999572753906,3.153573169267787e-08,140.54,140.5399932861328,4.7771930966611365e-08,135.07,135.07000732421875,5.42253553170724e-08,140.26,140.25999450683594,3.9164152698667465e-08,1673883.0,1673900.0,1.0156026436725085e-05
2015-07-30,139.44,139.44000244140625,1.7508650751452137e-08,140.68,140.67999267578125,5.2062970934407815e-08,138.56,138.55999755859375,1.761984880221945e-08,140.41,140.41000366210938,2.608154248129324e-08,895731.0,895700.0,3.4608604592256675e-05
2015-07-31,140.48,140.47999572753906,3.041330387532071e-08,141.45,141.4499969482422,2.1574816599922997e-08,139.75,139.75,0.0,140.97,140.97000122070312,8.659311490077926e-09,937872.0,937900.0,2.9854820273955696e-05
2015-08-03,141.22,141.22000122070312,8.643981974643111e-09,141.29,141.2899932861328,4.751834647986897e-08,139.8501,139.85000610351562,6.714080602598926e-07,140.93,140.92999267578125,5.1970614922680625e-08,505367.0,504600.0,0.001517708912532889
2015-08-04,140.47,140.47000122070312,8.690133945776779e-09,142.76,142.75999450683594,3.84783136464506e-08,140.07,140.07000732421875,5.2289703456054326e-08,141.63,141.6300048828125,3.4475834853608944e-08,557004.0,557000.0,7.1812769746326666e-06
2015-08-05,142.72,142.72000122070312,8.553132868627245e-09,143.54,143.5399932861328,4.677349296766664e-08,142.01,142.00999450683594,3.868152986807871e-08,143.3,143.3000030517578,2.1296286067951087e-08,513211.0,515400.0,0.004265302185650688
2015-08-06,143.3,143.3000030517578,2.1296286067951087e-08,143.3,143.3000030517578,2.1296286067951087e-08,141.02,141.02000427246094,3.029684392252818e-08,141.86,141.86000061035156,4.302492140340064e-09,349747.0,349700.0,0.00013438285389155702
2015-08-07,141.62,141.6199951171875,3.447826935065734e-08,143.04,143.0399932861328,4.693699096058879e-08,141.385,141.38999938964844,3.536011350879775e-05,142.95,142.9499969482422,2.1348428136391817e-08,405946.0,405000.0,0.0023303592103383064
2015-08-10,143.7,143.6999969482422,2.123700626466274e-08,144.34,144.33999633789062,2.537141041702995e-08,143.07,143.07000732421875,5.119325341418346e-08,144.3,144.3000030517578,2.1148702789020035e-08,436279.0,436300.0,4.8134336055660754e-05
2015-08-11,143.46,143.4600067138672,4.679957599229567e-08,144.38,144.3800048828125,3.3819175015992187e-08,142.63,142.6300048828125,3.4234119761222814e-08,144.28,144.27999877929688,8.460653733166623e-09,378619.0,378600.0,5.0182373309337613e-05
2015-08-12,143.12,143.1199951171875,3.411691240629011e-08,145.335,145.33999633789062,3.437807748052357e-05,142.88,142.8800048828125,3.417421967633061e-08,144.78,144.77999877929688,8.431434772582236e-09,439711.0,439700.0,2.501643124686037e-05
2015-08-13,144.52,144.52000427246094,2.9563111958452737e-08,145.88,145.8800048828125,3.347143207044212e-08,144.0711,144.07000732421875,7.5842815197013635e-06,144.97,144.97000122070312,8.420384389751234e-09,368644.0,368400.0,0.0006618851791972968
2015-08-14,144.7,144.6999969482422,2.109024055396702e-08,145.59,145.58999633789062,2.515357766519344e-08,144.285,144.2899932861328,3.460710491598462e-05,145.53,145.52999877929688,8.387982752822154e-09,307093.0,307100.0,2.279439778818393e-05
2015-08-17,145.5,145.5,0.0,146.67,146.6699981689453,1.2484179912064519e-08,144.15,144.14999389648438,4.234141959269522e-08,146.62,146.6199951171875,3.3302499646836736e-08,338138.0,337500.0,0.0018868036127261956
2015-08-18,146.8,146.8000030517578,2.078854088871651e-08,148.37,148.3699951171875,3.290970207459054e-08,146.77,146.77000427246094,2.9109906263258267e-08,148.25,148.25,0.0,532625.0,531900.0,0.0013611828209340038
2015-08-19,147.54,147.5399932861328,4.550540311232254e-08,148.865,148.8699951171875,3.355467831589465e-05,147.38,147.3800048828125,3.313076746280785e-08,148.26,148.25999450683594,3.705088391647848e-08,867162.0,867100.0,7.149759791136301e-05
2015-08-20,147.51,147.50999450683594,3.7239265449073855e-08,147.77,147.77000427246094,2.891291139839325e-08,146.62,146.6199951171875,3.3302499646836736e-08,146.62,146.6199951171875,3.3302499646836736e-08,796716.0,796700.0,2.0082438409674275e-05
2015-08-21,145.66,145.66000366210938,2.514148955690132e-08,146.51,146.50999450683594,3.7493441129576865e-08,143.42,143.4199981689453,1.2767080392883656e-08,143.43,143.42999267578125,5.1064761641406164e-08,986985.0,987000.0,1.5197799358546149e-05
2015-08-24,139.35,139.35000610351562,4.379989682057328e-08,141.85,141.85000610351562,4.302795653110536e-08,136.89,136.88999938964844,4.4587007419494284e-09,138.03,138.02999877929688,8.84375228604739e-09,1153378.0,1146100.0,0.006310160242348983
2015-08-25,140.1,140.10000610351562,4.3565422158664546e-08,140.47,140.47000122070312,8.690133945776779e-09,135.63,135.6300048828125,3.600097686629056e-08,135.68,135.67999267578125,5.398156510683094e-08,908693.0,908200.0,0.0005425374686500728
2015-08-26,139.05,139.0500030517578,2.194719739279094e-08,140.19,140.19000244140625,1.7414981456909118e-08,136.0,136.0,0.0,139.25,139.25,0.0,787086.0,787100.0,1.778712872546606e-05
2015-08-27,140.15,140.14999389648438,4.3549879591431306e-08,141.91,141.91000366210938,2.580585856115647e-08,139.27,139.27000427246094,3.067753939767215e-08,141.84,141.83999633789062,2.5818594040494247e-08,618075.0,618100.0,4.0448165675721626e-05
2015-08-28,141.7,141.6999969482422,2.1536752270456816e-08,142.41,142.41000366210938,2.5715254370339835e-08,140.5601,140.55999755859375,7.288085754897367e-07,142.0,142.0,0.0,476684.0,476600.0,0.00017621736831952006
2015-08-31,141.35,141.35000610351562,4.318016011417569e-08,141.85,141.85000610351562,4.302795653110536e-08,140.82,140.82000732421875,5.201121111575446e-08,141.14,141.13999938964844,4.3244405834030886e-09,491192.0,491200.0,1.628691021027251e-05
2015-09-01,139.28,139.27999877929688,8.764381997927728e-09,140.95,140.9499969482422,2.165135015719244e-08,138.57,138.57000732421875,5.2855731791368044e-08,139.07,139.07000732421875,5.2665698913045844e-08,904728.0,904700.0,3.094852817642213e-05
2015-09-02,140.59,140.58999633789062,2.6048149748270077e-08,141.25,141.25,0.0,139.02,139.02000427246094,3.073270704589959e-08,141.22,141.22000122070312,8.643981974643111e-09,575521.0,575300.0,0.0003839998887964491
2015-09-03,141.42,141.4199981689453,1.2947635963378445e-08,143.28,143.27999877929688,8.519703609266571e-09,141.33,141.3300018310547,1.2955881034670824e-08,142.1,142.10000610351562,4.2952256418260504e-08,473183.0,473200.0,3.592690354481398e-05
2015-09-04,140.98,140.97999572753906,3.0305439935318645e-08,142.03,142.02999877929688,8.594685074747588e-09,140.26,140.25999450683594,3.9164152698667465e-08,141.56,141.55999755859375,1.724644149714294e-08,434320.0,434300.0,4.604899613191993e-05
2015-09-08,144.6,144.60000610351562,4.220965177381686e-08,145.7,145.6999969482422,2.0945489342949486e-08,143.7,143.6999969482422,2.123700626466274e-08,145.61,145.61000061035156,4.191686997501165e-09,584508.0,584500.0,1.3686724561479124e-05
2015-09-09,145.63,145.6300048828125,3.3528891663081595e-08,146.16,146.16000366210938,2.5055482799629658e-08,136.0801,136.0800018310547,7.214055934845476e-07,136.25,136.25,0.0,3099862.0,3099900.0,1.2258610222026789e-05
2015-09-10,135.41,135.41000366210938,2.704460078106763e-08,139.85,139.85000610351562,4.364330097317293e-08,135.21,135.2100067138672,4.965510824739283e-08,138.51,138.50999450683594,3.9658970885092515e-08,3312330.0,3311500.0,0.00025057889763402397
2015-09-11,138.95,138.9499969482422,2.196299242473998e-08,140.2,140.1999969482422,2.1767174063214156e-08,138.22,138.22000122070312,8.831595454950047e-09,140.02,140.02000427246094,3.051321906255566e-08,689561.0,689500.0,8.846207949697593e-05
2015-09-14,140.19,140.19000244140625,1.7414981456909118e-08,140.19,140.19000244140625,1.7414981456909118e-08,136.74,136.74000549316406,4.0172327464560453e-08,137.06,137.05999755859375,1.7812682440165872e-08,706967.0,707000.0,4.6678274940648024e-05
2015-09-15,137.52,137.52000427246094,3.106792423324123e-08,138.5799,138.5800018310547,7.348183588273827e-07,137.0,137.0,0.0,138.34,138.33999633789062,2.6471804082106587e-08,695103.0,695100.0,4.315907138896513e-06
2015-09-16,137.72,137.72000122070312,8.863659139990432e-09,138.38,138.3800048828125,3.528553627063502e-08,136.52,136.52000427246094,3.1295494640204424e-08,137.15,137.14999389648438,4.4502483587116615e-08,1151415.0,1151400.0,1.3027448834690425e-05
2015-09-17,137.71,137.7100067138672,4.8753664882994485e-08,140.0,140.0,0.0,136.88,136.8800048828125,3.567221296130185e-08,138.18,138.17999267578125,5.300491212612002e-08,1019877.0,1019900.0,2.2551739082166122e-05
2015-09-18,136.5,136.5,0.0,138.5599,138.55999755859375,7.040896663479401e-07,136.3101,136.30999755859375,7.51532030718316e-07,137.05,137.0500030517578,2.2267477639559274e-08,723994.0,724000.0,8.287361497494317e-06
2015-09-21,137.56,137.55999755859375,1.77479372309719e-08,139.14,139.13999938964844,4.386600194195012e-09,137.11,137.11000061035156,4.451546464778744e-09,139.07,139.07000732421875,5.2665698913045844e-08,580977.0,580900.0,0.00013253536714874503
2015-09-22,137.51,137.50999450683594,3.994737873824761e-08,138.6,138.60000610351562,4.4036909230271704e-08,136.915,136.9199981689453,3.650563448354127e-05,138.29,138.2899932861328,4.854918778107731e-08,645427.0,644500.0,0.0014362584769462838
2015-09-23,137.83,137.8300018310547,1.328487764240549e-08,138.98,138.97999572753906,3.0741552192736776e-08,137.575,137.57000732421875,3.6290574459307834e-05,138.5,138.5,0.0,456118.0,455800.0,0.0006971880083662674
2015-09-24,138.05,138.0500030517578,2.210617755515898e-08,139.21,139.2100067138672,4.822833976625418e-08,137.65,137.64999389648438,4.434083278326284e-08,138.89,138.88999938964844,4.394495989323843e-09,510073.0,510100.0,5.29335997003777e-05
2015-09-25,139.43,139.42999267578125,5.2529719241078965e-08,141.56,141.55999755859375,1.724644149714294e-08,139.07,139.07000732421875,5.2665698913045844e-08,140.05,140.0500030517578,2.179048763650826e-08,694005.0,694000.0,7.20455904501538e-06
2015-09-28,139.69,139.69000244140625,1.7477315816805117e-08,139.99,139.99000549316406,3.9239688831571584e-08,137.82,137.82000732421875,5.3143366374186485e-08,138.26,138.25999450683594,3.973068174456529e-08,642053.0,711300.0,0.1078524670081753
2015-09-29,138.19,138.19000244140625,1.7667025398182545e-08,138.62,138.6199951171875,3.5224444583370484e-08,137.17,137.1699981689453,1.3348798399981376e-08,138.21,138.2100067138672,4.8577289524232015e-08,703955.0,704000.0,6.392454063108843e-05
2015-09-30,138.63,138.6300048828125,3.5221903615934025e-08,139.48,139.47999572753906,3.063135167735709e-08,137.05,137.0500030517578,2.2267477639559274e-08,139.25,139.30999755859375,0.0004308621802064927,838336.0,901500.0,0.07534449194595005
2015-10-01,140.08,140.0800018310547,1.307149255502793e-08,141.39,141.38999938964844,4.316794366410193e-09,138.77,138.77000427246094,3.078807320200383e-08,140.48,140.47999572753906,3.041330387532071e-08,930871.0,930900.0,3.115361849270748e-05
2015-10-02,139.05,139.0500030517578,2.194719739279094e-08,141.93,141.92999267578125,5.160444416230092e-08,138.495,138.5,3.6102386367753425e-05,141.87,141.8699951171875,3.441751250665703e-08,793332.0,793300.0,4.033620224574985e-05
2015-10-05,142.4,142.39999389648438,4.2861767024504616e-08,144.25,144.25,0.0,141.97,141.97000122070312,8.598317391417254e-09,144.13,144.1300048828125,3.387783609198891e-08,521099.0,521100.0,1.9190211457686956e-06
2015-10-06,144.81,144.80999755859375,1.6859376117395186e-08,144.9,144.89999389648438,4.2122261123545e-08,142.715,142.72000122070312,3.5043413117996636e-05,143.28,143.27999877929688,8.519703609266571e-09,684611.0,679700.0,0.007173416728624038
2015-10-07,144.11,144.11000061035156,4.235317208056699e-09,144.78,144.77999877929688,8.431434772582236e-09,143.34,143.33999633789062,2.554841205260061e-08,144.7,144.6999969482422,2.109024055396702e-08,765137.0,764500.0,0.0008325306448387915
2015-10-08,144.67,144.6699981689453,1.2656768300089993e-08,146.98,146.97999572753906,2.9068314977287457e-08,144.06,144.05999755859375,1.6947148795409817e-08,146.83,146.8300018310547,1.2470575905254577e-08,748959.0,748000.0,0.0012804439228315534
2015-10-09,147.15,147.14999389648438,4.147818977173756e-08,148.87,148.8699951171875,3.279917049070491e-08,146.68,146.67999267578125,4.993331581548688e-08,148.63,148.6300048828125,3.285213279191623e-08,407931.0,407200.0,0.0017919697203693241
2015-10-12,147.9,147.89999389648438,4.126785413394174e-08,150.07,150.07000732421875,4.8805349317504465e-08,146.9627,146.9600067138672,1.8326324521922288e-05,149.62,149.6199951171875,3.263475811809968e-08,399737.0,399600.0,0.00034272534191226445
2015-10-13,149.54,149.5399932861328,4.4896798057081355e-08,149.95,149.9499969482422,2.0351835994247836e-08,148.01,148.00999450683594,3.711346563406437e-08,149.28,149.27999877929688,8.177271748621706e-09,490942.0,490900.0,8.554982054909122e-05
2015-10-14,149.61,149.61000061035156,4.079617310637218e-09,149.89,149.88999938964844,4.0719964067292835e-09,147.34,147.33999633789062,2.4854821312203512e-08,147.51,147.50999450683594,3.7239265449073855e-08,288841.0,288800.0,0.00014194660730293407
2015-10-15,148.16,148.16000366210938,2.471726090469417e-08,148.88,148.8800048828125,3.2796967364134844e-08,146.93,146.92999267578125,4.984835466625981e-08,148.52,148.52000427246094,2.8766906412514004e-08,553087.0,552800.0,0.0005189057056123048
2015-10-16,148.74,148.74000549316406,3.693131667148464e-08,151.02,151.02000427246094,2.829069600807088e-08,148.54,148.5399932861328,4.519905194566576e-08,149.48,149.47999572753906,2.8582157640677508e-08,829487.0,829500.0,1.567233723975825e-05
2015-10-19,148.67,148.6699981689453,1.2316235142861842e-08,150.99,150.99000549316406,3.638097911817795e-08,148.5,148.5,0.0,150.84,150.83999633789062,2.4278105081876333e-08,813001.0,813000.0,1.2300107872231791e-06
2015-10-20,150.91,150.91000366210938,2.426684364564835e-08,151.57,151.57000732421875,4.8322351009488784e-08,149.46,149.4600067138672,4.492082950058318e-08,149.93,149.92999267578125,4.885092219630849e-08,425127.0,425100.0,6.351043335284245e-05
2015-10-21,150.65,150.64999389648438,4.051454116638098e-08,150.96,150.9600067138672,4.447447787825354e-08,148.75,148.75,0.0,148.91,148.91000366210938,2.4592770042630718e-08,717239.0,716400.0,0.0011697634958500736
2015-10-22,149.23,149.22999572753906,2.8630040338484264e-08,149.95,149.9499969482422,2.0351835994247836e-08,148.68,148.67999267578125,4.926162733287498e-08,149.04,149.0399932861328,4.504741801802936e-08,890483.0,890500.0,1.9090763102802555e-05
2015-10-23,124.56,124.55999755859376,1.960024276215222e-08,125.0,125.0,0.0,110.56,110.55999755859376,2.2082183748217687e-08,120.31,120.30999755859376,2.029262935465681e-08,8070202.0,8070200.0,2.478252713045137e-07
2015-10-26,120.11,120.11000061035156,5.081604914636273e-09,125.18,125.18000030517578,2.4378956631210258e-09,118.65,118.6500015258789,1.2860336351394608e-08,123.09,123.08999633789062,2.9751477614858857e-08,3402346.0,3402300.0,1.3520082907447772e-05
2015-10-27,122.05,122.0500030517578,2.500416051987031e-08,123.43,123.43000030517578,2.4724602365466808e-09,121.08,121.08000183105467,1.5122684882129533e-08,121.92,121.91999816894533,1.501849311580372e-08,1575943.0,1575900.0,2.728525079909172e-05
2015-10-28,122.24,122.23999786376952,1.7475707436709342e-08,122.52,122.5199966430664,2.7399066238054104e-08,120.0,120.0,0.0,121.5,121.5,0.0,1182561.0,1182600.0,3.297927125966993e-05
2015-10-29,121.44,121.44000244140624,2.0103806397386847e-08,123.57,123.56999969482422,2.4696591438555515e-09,120.54,120.54000091552734,7.595216011679895e-09,122.45,122.4499969482422,2.492248096785943e-08,981813.0,981800.0,1.3240810622816568e-05
2015-10-30,122.38,122.37999725341795,2.2443062963617422e-08,123.979,123.9800033569336,8.092958755812063e-06,121.23,121.2300033569336,2.7690617798725725e-08,121.37,121.37000274658205,2.2629826457176705e-08,993267.0,993300.0,3.322369513947265e-05
2015-11-02,121.12,121.12000274658205,2.267653598231334e-08,124.64,124.63999938964844,4.896915650753897e-09,121.1114,121.11000061035156,1.155456586610093e-05,124.32,124.31999969482422,2.4547600618873844e-09,1240298.0,1240300.0,1.612515701854278e-06
2015-11-03,124.17,124.16999816894533,1.4746353138583856e-08,125.92,125.91999816894533,1.45414126295762e-08,123.31,123.30999755859376,1.979893149428591e-08,125.0,125.0,0.0,920289.0,920100.0,0.00020537026955658177
2015-11-04,125.38,125.37999725341795,2.190606185337174e-08,125.38,125.37999725341795,2.190606185337174e-08,123.28,123.27999877929688,9.901874764572938e-09,123.92,123.91999816894533,1.4776102896796317e-08,917146.0,917100.0,5.015559136711811e-05
2015-11-05,123.92,123.91999816894533,1.4776102896796317e-08,125.48,125.4800033569336,2.675273824692681e-08,123.92,123.91999816894533,1.4776102896796317e-08,124.09,124.08999633789062,2.9511720400776653e-08,918091.0,918100.0,9.802949816561934e-06
2015-11-06,123.57,123.56999969482422,2.4696591438555515e-09,125.95,125.9499969482422,2.422991507433636e-08,123.25,123.25,0.0,125.88,125.87999725341795,2.181905023324049e-08,825160.0,824900.0,0.00031509040670896216
2015-11-09,125.46,125.45999908447266,7.297364379432736e-09,126.65,126.6500015258789,1.2047997710595837e-08,123.09,123.08999633789062,2.9751477614858857e-08,123.94,123.94000244140624,1.9698291442438176e-08,571782.0,571600.0,0.00031830312951441897
2015-11-10,124.04,124.04000091552734,7.380904110121378e-09,125.1,125.0999984741211,1.2197273413505627e-08,123.26,123.26000213623048,1.733109256107923e-08,124.53,124.52999877929688,9.802482381360278e-09,642967.0,642000.0,0.0015039652112783797
2015-11-11,124.67,124.66999816894533,1.4687211669084377e-08,125.43,125.43000030517578,2.4330364389868464e-09,123.89,123.88999938964844,4.926560381868228e-09,123.97,123.97000122070312,9.846762294429823e-09,527120.0,527100.0,3.79420245864015e-05
2015-11-12,123.15,123.1500015258789,1.2390409365181654e-08,123.8999,123.9000015258789,8.194185701082546e-07,122.78,122.77999877929688,9.942198508916533e-09,122.99,122.98999786376952,1.7369139571066228e-08,643032.0,643000.0,4.9764241903949014e-05
2015-11-13,122.86,122.86000061035156,4.967862343718821e-09,124.1,124.0999984741211,1.2295559237429643e-08,121.61,121.61000061035156,5.018925719468825e-09,122.77,122.7699966430664,2.7343272757107684e-08,605512.0,605500.0,1.981793919858532e-05
2015-11-16,122.85,122.8499984741211,1.2420666717360973e-08,123.01,123.01000213623048,1.736631549675849e-08,122.0,122.0,0.0,122.81,122.80999755859376,1.9879539459033424e-08,585273.0,585300.0,4.61323177389783e-05
2015-11-17,122.79,122.8499984741211,0.0004886267132591104,123.12,123.12000274658205,2.2308171310214675e-08,122.0,122.0,0.0,122.31,122.30999755859376,1.9960806452168356e-08,727160.0,727200.0,5.500852632156494e-05
2015-11-18,122.37,122.37000274658205,2.2444897052054102e-08,122.99,122.98999786376952,1.7369139571066228e-08,121.74,121.73999786376952,1.754748213400603e-08,122.21,122.20999908447266,7.491427367334325e-09,1042371.0,1042400.0,2.7821188425258825e-05
2015-11-19,122.5,122.5,0.0,122.82,122.81999969482422,2.4847400803551523e-09,120.52,120.5199966430664,2.785374697555909e-08,120.82,120.81999969482422,2.5258712899045577e-09,1095068.0,1095100.0,2.922192959697867e-05
2015-11-20,121.09,121.08999633789062,3.024287209552057e-08,122.24,122.23999786376952,1.7475707436709342e-08,119.89,119.88999938964844,5.0909296778201e-09,121.91,121.91000366210938,3.0039450260588296e-08,2236298.0,2236300.0,8.943351914592057e-07
2015-11-23,121.89,121.88999938964844,5.007396497447303e-09,124.14,124.13999938964844,4.916638984830968e-09,121.53,121.52999877929688,1.0044459153313312e-08,123.3,123.3000030517578,2.475067151230803e-08,874086.0,874100.0,1.601673061912834e-05
2015-11-24,123.24,123.23999786376952,1.7333905200089816e-08,123.74,123.73999786376952,1.7263863560934567e-08,121.86,121.86000061035156,5.008629289093847e-09,123.6,123.5999984741211,1.234529856120048e-08,837899.0,837800.0,0.00011815266517800627
2015-11-25,123.64,123.63999938964844,4.936521857956677e-09,124.22,124.22000122070312,9.826945257529474e-09,121.91,121.91000366210938,3.0039450260588296e-08,122.41,122.41000366210938,2.9916750188263563e-08,533272.0,532500.0,0.0014476664816454043
2015-11-27,121.53,121.52999877929688,1.0044459153313312e-08,122.07,122.06999969482422,2.500006313077563e-09,119.91,119.91000366210938,3.05404834755052e-08,120.69,120.69000244140624,2.0228736685723447e-08,701186.0,701200.0,1.996617160071601e-05
2015-11-30,120.62,120.62000274658205,2.2770535901273092e-08,121.03,121.02999877929688,1.0085954960104004e-08,120.0,120.0,0.0,120.72,120.72000122070312,1.0111854908956275e-08,3196972.0,3197000.0,8.758287529664344e-06
2015-12-01,120.99,120.98999786376952,1.765625656791059e-08,122.28,122.27999877929688,9.98285187847614e-09,119.99,119.98999786376952,1.780340430634908e-08,120.63,120.62999725341795,2.2768648300086625e-08,1121836.0,1121400.0,0.0003886486081744467
2015-12-02,120.13,120.12999725341795,2.2863414939067184e-08,120.57,120.56999969482422,2.5311086560009244e-09,118.57,118.56999969482422,2.573802615479792e-09,118.77,118.7699966430664,2.8264154128265773e-08,1165305.0,1165300.0,4.290722171451655e-06
2015-12-03,118.07,118.06999969482422,2.584702119001747e-09,118.65,118.6500015258789,1.2860336351394608e-08,113.26,113.26000213623048,1.8861296746663925e-08,113.64,113.63999938964844,5.370921929426231e-09,1675889.0,1675800.0,5.310614247122647e-05
2015-12-04,113.6,113.5999984741211,1.3432032597293642e-08,117.19,117.19000244140624,2.0832888747435163e-08,112.95,112.9499969482422,2.7018661419297985e-08,116.64,116.63999938964844,5.2327808752750116e-09,1590242.0,1590200.0,2.641107454082192e-05
2015-12-07,115.64,115.63999938964844,5.278031456334986e-09,116.43,116.43000030517578,2.6211095516259775e-09,115.25,115.25,0.0,115.99,115.98999786376952,1.8417367630974013e-08,1028440.0,1027700.0,0.0007195363852047221
2015-12-08,114.74,114.73999786376952,1.8618010133586438e-08,116.18,116.18000030517578,2.626749706635678e-09,114.07,114.06999969482422,2.6753377291299785e-09,115.96,115.95999908447266,7.89519949417894e-09,901051.0,901100.0,5.438093959164725e-05
2015-12-09,114.98,114.9800033569336,2.919580444071812e-08,116.76,116.76000213623048,1.829591012025844e-08,114.87,114.87000274658205,2.3910351254485818e-08,116.55,116.5500030517578,2.6184108214977186e-08,939942.0,939400.0,0.0005766313240603838
2015-12-10,116.47,116.47000122070312,1.048083730914584e-08,118.0,118.0,0.0,115.7476,115.75,2.073477117447986e-05,117.58,117.58000183105467,1.5572841238764568e-08,1259805.0,1259200.0,0.00048023305194055954
2015-12-11,115.81,115.80999755859376,2.1081134948808256e-08,116.54,116.54000091552734,7.855906369869103e-09,115.32,115.31999969482422,2.6463387037267694e-09,116.2,116.1999969482422,2.62629759051336e-08,1482929.0,1482300.0,0.00042416056331762153
2015-12-14,117.34,117.33999633789062,3.120938618650371e-08,118.15,118.1500015258789,1.2914760150195548e-08,115.78,115.77999877929688,1.0543298678555857e-08,117.09,117.08999633789062,3.1276021661419406e-08,1139824.0,1135900.0,0.0034426367579556416
2015-12-15,118.41,118.41000366210938,3.092736577947619e-08,119.56,119.55999755859376,2.0419925084169677e-08,117.3,117.3000030517578,2.60166905796666e-08,118.53,118.52999877929688,1.0298684904874733e-08,1123858.0,1123900.0,3.73712693240158e-05
2015-12-16,119.75,119.75,0.0,120.0,120.0,0.0,116.915,116.91999816894533,4.275045071477912e-05,118.61,118.61000061035156,5.1458692862382804e-09,707564.0,707600.0,5.087878976328675e-05
2015-12-17,119.16,119.16000366210938,3.073270704589959e-08,119.85,119.8499984741211,1.2731572018864767e-08,118.4901,118.48999786376952,8.619811315835335e-07,118.66,118.66000366210938,3.0862206124027125e-08,791721.0,791700.0,2.6524495371438306e-05
2015-12-18,118.01,118.01000213623048,1.8102114029971972e-08,118.08,118.08000183105467,1.550689932017235e-08,115.77,115.7699966430664,2.899657591814986e-08,116.75,116.75,0.0,1219008.0,1219000.0,6.562713288138511e-06
2015-12-21,117.84,117.83999633789062,3.107696344706312e-08,118.34,118.33999633789062,3.094565981243136e-08,117.06,117.05999755859376,2.0856024574023024e-08,118.29,118.29000091552734,7.739684892982268e-09,584511.0,584500.0,1.8819149682380854e-05
2015-12-22,118.42,118.41999816894533,1.546237693439423e-08,120.1,120.0999984741211,1.2705069996066243e-08,118.13,118.12999725341795,2.3250504077587664e-08,119.66,119.66000366210938,3.0604290213176455e-08,601861.0,601900.0,6.479901505507257e-05
2015-12-23,120.21,120.20999908447266,7.616066333149263e-09,121.339,121.33999633789062,8.211192531915046e-06,119.73,119.7300033569336,2.8037530963587187e-08,121.18,121.18000030517578,2.518367514525721e-09,407780.0,407500.0,0.0006866447594291447
2015-12-24,121.62,121.62000274658205,2.258330900062333e-08,121.62,121.62000274658205,2.258330900062333e-08,120.38,120.37999725341795,2.2815933253816922e-08,120.99,120.98999786376952,1.765625656791059e-08,159610.0,159600.0,6.265271599525946e-05
2015-12-28,120.3,120.3000030517578,2.5367895339911684e-08,121.94,121.94000244140624,2.002137322598685e-08,120.01,120.01000213623048,1.780043734633807e-08,121.64,121.63999938964844,5.017687931818671e-09,456395.0,456400.0,1.0955422386382807e-05
2015-12-29,122.02,122.0199966430664,2.7511339095731557e-08,123.62,123.62000274658205,2.2217942374780364e-08,121.73,121.7300033569336,2.7576879890744976e-08,123.15,123.1500015258789,1.2390409365181654e-08,393604.0,393500.0,0.0002642249570634636
2015-12-30,122.73,122.7300033569336,2.7352184295281745e-08,123.8499,123.8499984741211,7.951086038460176e-07,121.76,121.76000213623048,1.75445997729895e-08,121.78,121.77999877929688,1.0023839092099252e-08,286821.0,286800.0,7.321639628898868e-05
2015-12-31,121.78,121.77999877929688,1.0023839092099252e-08,122.49,122.48999786376952,1.7440039856708722e-08,120.58,120.58000183105467,1.518539294309562e-08,120.6,120.5999984741211,1.2652395575685205e-08,333943.0,333900.0,0.0001287644897483009
2016-01-04,119.21,119.20999908447266,7.67995422812362e-09,119.44,119.44000244140624,2.044044067339712e-08,116.9,116.9000015258789,1.3052856351336573e-08,117.87,117.87000274658205,2.3301790497143315e-08,847370.0,847400.0,3.540366073861989e-05
2016-01-05,118.43,118.43000030517578,2.5768451816787774e-09,120.97,120.97000122070312,1.009095740300836e-08,117.9,117.9000015258789,1.2942145133365557e-08,120.53,120.52999877929688,1.012779493603233e-08,632414.0,632400.0,2.2137397337806952e-05
2016-01-06,118.94,118.94000244140624,2.0526368160744823e-08,120.58,120.58000183105467,1.518539294309562e-08,118.13,118.12999725341795,2.3250504077587664e-08,120.01,120.01000213623048,1.780043734633807e-08,738461.0,737700.0,0.0010305215847553617
2016-01-07,118.22,118.22000122070312,1.0325690524837228e-08,120.19,120.19000244140624,2.0312889814633195e-08,118.01,118.01000213623048,1.8102114029971972e-08,119.51,119.51000213623048,1.7874909774562298e-08,863213.0,863200.0,1.5060014156409451e-05
2016-01-08,120.0,120.0,0.0,120.3,120.3000030517578,2.5367895339911684e-08,118.05,118.0500030517578,2.5851400353715803e-08,118.24,118.23999786376952,1.8066901863456053e-08,648240.0,648200.0,6.17055411575862e-05
2016-01-11,118.66,118.66000366210938,3.0862206124027125e-08,119.85,119.8499984741211,1.2731572018864767e-08,118.2,118.1999969482422,2.5818593929471945e-08,119.42,119.41999816894533,1.5332897951303437e-08,717809.0,717800.0,1.2538154300134607e-05
2016-01-12,119.52,119.5199966430664,2.8086793779635855e-08,121.44,121.44000244140624,2.0103806397386847e-08,118.35,118.3499984741211,1.2892935385977466e-08,121.02,121.0199966430664,2.7738667918164595e-08,656590.0,656600.0,1.5230204541749615e-05
2016-01-13,121.01,121.01000213623048,1.765333834669036e-08,121.32,121.31999969482422,2.5154613947364624e-09,116.04,116.04000091552734,7.88975640375611e-09,116.31,116.30999755859376,2.0990510218865666e-08,784997.0,785000.0,3.821670656156684e-06
2016-01-14,117.0,117.0,0.0,117.0,117.0,0.0,114.55,114.5500030517578,2.6641272743432864e-08,116.41,116.41000366210938,3.145871807497258e-08,826784.0,826800.0,1.935209196113341e-05
2016-01-15,113.55,113.5500030517578,2.687589439887006e-08,115.25,115.25,0.0,113.49,113.48999786376952,1.8823072323037593e-08,115.16,115.16000366210938,3.1800185595898256e-08,958226.0,958200.0,2.7133473731622004e-05
2016-01-19,116.48,116.4800033569336,2.881982830160723e-08,118.2883,118.29000091552734,1.4379406309217302e-05,115.47,115.47000122070312,1.057160403661328e-08,115.82,115.81999969482422,2.6349142867587716e-09,518173.0,518200.0,5.210614987660733e-05
2016-01-20,114.16,114.16000366210938,3.207874366140118e-08,115.73,115.7300033569336,2.9006598012415452e-08,111.25,111.25,0.0,115.12,115.12000274658205,2.3858426345668704e-08,814671.0,814500.0,0.0002099006838343076
2016-01-21,115.78,115.77999877929688,1.0543298678555857e-08,116.44,116.44000244140624,2.0967075187172668e-08,114.04,114.04000091552734,8.028124609538168e-09,114.99,114.98999786376952,1.8577532623353932e-08,508147.0,508000.0,0.0002892863679211377
2016-01-22,115.95,115.9499969482422,2.631960160925928e-08,118.31,118.30999755859376,2.0635671060809102e-08,115.49,115.48999786376952,1.8497103404513382e-08,117.95,117.9499969482422,2.5873317488489533e-08,396202.0,396200.0,5.047930096258035e-06
2016-01-25,117.81,117.80999755859376,2.0723251337173565e-08,117.9,117.9000015258789,1.2942145133365557e-08,116.67,116.66999816894533,1.56943059659298e-08,116.91,116.91000366210938,3.132417569773338e-08,562751.0,562800.0,8.707225753479264e-05
2016-01-26,116.93,116.93000030517578,2.6099014061031767e-09,118.41,118.41000366210938,3.092736577947619e-08,116.93,116.93000030517578,2.6099014061031767e-09,118.17,118.16999816894533,1.5495089100703296e-08,290809.0,290700.0,0.000374816460288363
2016-01-27,118.17,118.16999816894533,1.5495089100703296e-08,119.83,119.83000183105467,1.5280436249653917e-08,117.16,117.16000366210938,3.125733516462503e-08,117.87,117.87000274658205,2.3301790497143315e-08,574052.0,574100.0,8.361611840035366e-05
2016-01-28,118.01,118.01000213623048,1.8102114029971972e-08,118.86,118.86000061035156,5.135045944015815e-09,116.52,116.5199966430664,2.8809934660145586e-08,116.93,116.93000030517578,2.6099014061031767e-09,727975.0,727900.0,0.00010302551598617704
2016-01-29,117.19,117.19000244140624,2.0832888747435163e-08,120.45,120.4499969482422,2.5336303832723672e-08,117.0,117.0,0.0,120.35,120.3499984741211,1.2678677996369458e-08,794351.0,794400.0,6.168557728258861e-05
2016-02-01,119.29,119.29000091552734,7.674803681467779e-09,121.11,121.11000061035156,5.039646255866614e-09,118.69,118.69000244140624,2.05696035759928e-08,120.65,120.6500015258789,1.26471519923399e-08,586198.0,586200.0,3.4118164851104638e-06
2016-02-02,119.51,119.51000213623048,1.7874909774562298e-08,120.57,120.56999969482422,2.5311086560009244e-09,117.81,117.80999755859376,2.0723251337173565e-08,118.32,118.31999969482422,2.5792408209213136e-09,709727.0,709700.0,3.8042796737358664e-05
2016-02-03,118.14,118.13999938964844,5.1663413547231585e-09,118.565,118.56999969482422,4.216838716497584e-05,115.01,115.01000213623048,1.8574302096396877e-08,117.2,117.1999969482422,2.603888904495477e-08,1366943.0,1366900.0,3.145705417129108e-05
2016-02-04,117.42,117.41999816894533,1.5594061264501136e-08,118.4799,118.4800033569336,8.723583797554113e-07,115.79,115.79000091552734,7.906790999712143e-09,115.94,115.94000244140624,2.1057497301413264e-08,1862062.0,1862100.0,2.0407483746431865e-05
2016-02-05,111.69,111.69000244140624,2.185877190363783e-08,114.695,114.6999969482422,4.3567271827082976e-05,108.75,108.75,0.0,111.12,111.12000274658205,2.471726090469417e-08,2597870.0,2597900.0,1.1547921951349238e-05
2016-02-08,109.64,109.63999938964844,5.566869409889819e-09,110.09,110.08999633789062,3.3264686893907935e-08,105.16,105.16000366210938,3.482416688349588e-08,105.99,105.98999786376952,2.0155019098133664e-08,1288756.0,1288300.0,0.00035382958449858837
2016-02-09,105.11,105.11000061035156,5.80678882755592e-09,107.36,107.36000061035156,5.685092840934658e-09,104.91,104.91000366210938,3.490715250187293e-08,106.03,106.02999877929688,1.1512808928415552e-08,903292.0,903300.0,8.856493802777976e-06
2016-02-10,106.8,106.8000030517578,2.8574511201640007e-08,108.39,108.38999938964844,5.631068944467188e-09,106.58,106.58000183105467,1.7180096456570482e-08,107.91,107.91000366210938,3.393670078288835e-08,945923.0,945900.0,2.4314875523678836e-05
2016-02-11,106.16,106.16000366210938,3.449613195094514e-08,107.975,107.9800033569336,4.6338105428089804e-05,105.38,105.37999725341795,2.6063598834724644e-08,106.05,106.0500030517578,2.8776593996582278e-08,881112.0,881100.0,1.3619153978128296e-05
2016-02-12,107.84,107.83999633789062,3.3958729384053754e-08,108.35,108.3499984741211,1.4082869426168543e-08,105.635,105.63999938964844,4.732701896559277e-05,106.92,106.91999816894533,1.7125464601974727e-08,1138482.0,1138500.0,1.5810526648563084e-05
2016-02-16,109.44,109.44000244140624,2.230817108817007e-08,109.885,109.88999938964844,4.549656139074543e-05,108.17,108.16999816894533,1.6927564683300034e-08,109.47,109.47000122070312,1.1151028767031335e-08,755968.0,756000.0,4.232983406704527e-05
2016-02-17,109.92,109.91999816894533,1.6658066592789567e-08,111.53,111.52999877929688,1.0945065187506486e-08,109.26,109.26000213623048,1.9551807506346108e-08,111.41,111.41000366210938,3.287056249412501e-08,871619.0,871600.0,2.1798515176918443e-05
2016-02-18,110.83,110.83000183105467,1.6521291001936333e-08,113.0,113.0,0.0,110.5,110.5,0.0,111.54,111.54000091552734,8.208062896031265e-09,845025.0,845000.0,2.9584923523007234e-05
2016-02-19,111.3,111.3000030517578,2.7419207571099946e-08,111.65,111.6500015258789,1.366662694124443e-08,109.3,109.3000030517578,2.7920931344738165e-08,109.66,109.66000366210938,3.3395124665602793e-08,898932.0,898500.0,0.00048057027672843144
2016-02-22,110.65,110.6500015258789,1.379013925273398e-08,111.6599,111.66000366210938,9.283736541743082e-07,110.24,110.23999786376952,1.9377997761971244e-08,111.24,111.23999786376952,1.9203797885225526e-08,742203.0,742100.0,0.00013877604914014352
2016-02-23,110.81,110.80999755859376,2.2032363822255263e-08,113.84,113.83999633789062,3.216891586443893e-08,110.7424,110.73999786376952,2.1691206172902433e-05,112.3,112.3000030517578,2.7175047101479777e-08,876781.0,876800.0,2.167017761567358e-05
2016-02-24,111.22,111.22000122070312,1.0975572006799439e-08,113.34,113.33999633789062,3.231082912336092e-08,110.01,110.01000213623048,1.9418511687518958e-08,113.14,113.13999938964844,5.394657609514297e-09,923233.0,923200.0,3.574395629268867e-05
2016-02-25,113.61,113.61000061035156,5.372340128317887e-09,115.19,115.19000244140624,2.1194602295437903e-08,112.185,112.19000244140624,4.45910006350303e-05,114.52,114.5199966430664,2.931307707676467e-08,740340.0,740300.0,5.4029229813346014e-05
2016-02-26,114.77,114.7699966430664,2.9249225264038614e-08,116.42,116.41999816894533,1.572800789606532e-08,113.792,113.79000091552734,1.7567882387714562e-05,115.54,115.54000091552734,7.923899314477012e-09,1038561.0,1038400.0,0.00015502218935625756
2016-02-29,115.36,115.36000061035156,5.290842208793833e-09,116.6238,116.62000274658205,3.255984985872651e-05,113.93,113.93000030517578,2.6786253215504985e-09,113.93,113.93000030517578,2.6786253215504985e-09,581237.0,579500.0,0.002988453935313773
2016-03-01,114.59,114.58999633789062,3.19583679520008e-08,117.99,117.98999786376952,1.810518246436743e-08,114.34,114.33999633789062,3.202824361281387e-08,117.95,117.9499969482422,2.5873317488489533e-08,961026.0,960600.0,0.0004432762485093722
2016-03-02,117.12,117.12000274658205,2.345100780232201e-08,117.12,117.12000274658205,2.345100780232201e-08,113.43,113.43000030517578,2.690432543417387e-09,114.65,114.6500015258789,1.330901788776373e-08,1566244.0,1566200.0,2.809268543091381e-05
2016-03-03,114.61,114.61000061035156,5.325465179950584e-09,115.65,115.6500015258789,1.319393772014621e-08,114.3,114.3000030517578,2.6699543242969526e-08,115.55,115.5500030517578,2.6410712283819748e-08,716618.0,716600.0,2.511798475612892e-05
2016-03-04,116.05,116.0500030517578,2.6296921973312237e-08,116.275,116.27999877929688,4.299100663840427e-05,114.4,114.4000015258789,1.333810217829523e-08,114.87,114.87000274658205,2.3910351254485818e-08,568400.0,568000.0,0.0007037297677692234
2016-03-07,114.18,114.18000030517578,2.6727602353560087e-09,114.99,114.98999786376952,1.8577532623353932e-08,113.42,113.41999816894533,1.614401934357801e-08,114.71,114.70999908447266,7.981233896003914e-09,852575.0,852200.0,0.0004398440019939276
2016-03-08,114.04,114.04000091552734,8.028124609538168e-09,114.93,114.93000030517578,2.6553186316391475e-09,113.21,113.20999908447266,8.086982972166368e-09,113.72,113.72000122070312,1.0734287014813049e-08,567754.0,571400.0,0.006421795355030513
2016-03-09,113.96,113.95999908447266,8.033760434678072e-09,114.68,114.68000030517578,2.661107112444938e-09,113.82,113.81999969482422,2.681214028577017e-09,114.09,114.08999633789062,3.209842558415943e-08,759035.0,759000.0,4.611118064379305e-05
2016-03-10,112.54,112.54000091552734,8.13512834874075e-09,114.47,114.47000122070312,1.06639568286937e-08,112.4,112.4000015258789,1.357543499835856e-08,113.52,113.5199966430664,2.9571296633612576e-08,1431569.0,1431600.0,2.165456223202078e-05
2016-03-11,114.74,114.73999786376952,1.8618010133586438e-08,116.01,116.01000213623048,1.841419261516819e-08,112.885,112.88999938964844,4.428745757567576e-05,116.01,116.01000213623048,1.841419261516819e-08,1464799.0,1464700.0,6.758606470924633e-05
2016-03-14,115.96,115.95999908447266,7.89519949417894e-09,116.46,116.45999908447266,7.861302941947201e-09,115.2401,115.23999786376952,8.86290713708604e-07,115.95,115.9499969482422,2.631960160925928e-08,653221.0,653200.0,3.214838469678405e-05
2016-03-15,114.92,114.91999816894533,1.5933298569414944e-08,119.23,119.2300033569336,2.81551084668763e-08,114.81,114.80999755859376,2.126475251440496e-08,118.46,118.45999908447266,7.72857788877701e-09,1200115.0,1200000.0,9.58241501856083e-05
2016-03-16,117.44,117.44000244140624,2.078854088871651e-08,119.29,119.29000091552734,7.674803681467779e-09,117.38,117.37999725341795,2.339906324255736e-08,118.88,118.87999725341795,2.310381930215044e-08,757800.0,757800.0,0.0
2016-03-17,118.76,118.76000213623048,1.7987794587170924e-08,121.24,121.23999786376952,1.7619848913241754e-08,118.3401,118.33999633789062,8.759677352365713e-07,120.69,120.69000244140624,2.0228736685723447e-08,1233148.0,1233100.0,3.892476815436918e-05
2016-03-18,121.14,121.13999938964844,5.038398254164633e-09,122.66,122.66000366210938,2.9855775185438915e-08,119.99,119.98999786376952,1.780340430634908e-08,122.1,122.0999984741211,1.2496960688501701e-08,1817917.0,1817700.0,0.0001193673858597144
2016-03-21,121.89,121.88999938964844,5.007396497447303e-09,123.41,123.41000366210938,2.967433254674745e-08,121.63,121.62999725341795,2.2581452263636947e-08,123.0,123.0,0.0,733376.0,733100.0,0.00037634174011691446
2016-03-22,123.34,123.33999633789062,2.9691173852874897e-08,123.8383,123.83999633789062,1.3698006922080452e-05,122.85,122.8499984741211,1.2420666717360973e-08,123.62,123.62000274658205,2.2217942374780364e-08,717767.0,717800.0,4.597592254862448e-05
2016-03-23,123.7,123.6999969482422,2.4670637088775038e-08,123.99,123.98999786376952,1.7229054627421192e-08,123.05,123.0500030517578,2.4800957287851588e-08,123.81,123.80999755859376,1.9718974564320035e-08,960600.0,960600.0,0.0
2016-03-24,123.57,123.56999969482422,2.4696591438555515e-09,124.41,124.41000366210938,2.9435812010092377e-08,123.04,123.04000091552734,7.440891902632529e-09,124.11,124.11000061035156,4.917827478578829e-09,761818.0,761800.0,2.3627690603267304e-05
2016-03-28,124.11,124.11000061035156,4.917827478578829e-09,124.46,124.45999908447266,7.35599658963082e-09,123.6968,123.6999969482422,2.5845035944493944e-05,124.34,124.33999633789062,2.9452383643047142e-08,612503.0,612300.0,0.00033142694811294504
2016-03-29,123.83,123.83000183105467,1.4786842195135819e-08,125.47,125.47000122070312,9.729043792816583e-09,123.69,123.69000244140624,1.973810515032426e-08,125.33,125.33000183105467,1.460986731594005e-08,431793.0,431800.0,1.6211471700611213e-05
2016-03-30,126.0,126.0,0.0,126.53,126.52999877929688,9.647539100932079e-09,124.73,124.7300033569336,2.6913602013678428e-08,125.68,125.68000030517578,2.4281967547779004e-09,987984.0,988000.0,1.6194594244511862e-05
2016-03-31,125.54,125.54000091552734,7.292714210294093e-09,126.3,126.3000030517578,2.416276956296315e-08,125.164,125.16000366210938,3.192881252300772e-05,126.19,126.19000244140624,1.934706572725986e-08,1052702.0,1052400.0,0.0002868808076739171
2016-04-01,125.9,125.9000015258789,1.211976896620115e-08,127.74,127.73999786376952,1.6723269768981197e-08,125.59,125.58999633789062,2.9159243353227282e-08,127.63,127.62999725341795,2.151987810172784e-08,882290.0,882300.0,1.1334141835517286e-05
2016-04-04,127.33,127.33000183105467,1.438038688128529e-08,128.21,128.2100067138672,5.236617406367827e-08,126.82,126.81999969482422,2.4063694370468625e-09,127.48,127.4800033569336,2.633302154109174e-08,818511.0,818500.0,1.3439037471751902e-05
2016-04-05,126.84,126.83999633789062,2.8871880886072177e-08,126.94,126.94000244140624,1.9232757608733664e-08,125.98,125.9800033569336,2.664655962547613e-08,126.8,126.8000030517578,2.4067490445034423e-08,1100737.0,1100700.0,3.361384236200138e-05
2016-04-06,126.4,126.4000015258789,1.2071826649417972e-08,127.29,127.29000091552734,7.1924528555200595e-09,125.95,125.9499969482422,2.422991507433636e-08,127.25,127.25,0.0,743932.0,743500.0,0.0005806982358602664
2016-04-07,126.36,126.36000061035156,4.8302593036453345e-09,127.29,127.29000091552734,7.1924528555200595e-09,125.75,125.75,0.0,127.24,127.23999786376952,1.678898520207639e-08,747258.0,747300.0,5.620548726148478e-05
2016-04-08,127.69,127.69000244140624,1.9119791971888844e-08,128.94,128.94000244140625,1.8934436685213996e-08,127.47,127.47000122070312,9.576395454402586e-09,128.2,128.1999969482422,2.3804663018545114e-08,742032.0,742000.0,4.3124824805396145e-05
2016-04-11,128.58,128.5800018310547,1.4240586931890675e-08,128.75,128.75,0.0,126.09,126.08999633789062,2.9043614735435597e-08,126.1,126.0999984741211,1.2100546342708185e-08,737815.0,737100.0,0.00096907761430709
2016-04-12,126.11,126.11000061035156,4.8398347551881216e-09,126.69,126.69000244140624,1.927070991669666e-08,125.26,125.26000213623048,1.705437080445904e-08,125.53,125.52999877929688,9.72439362367794e-09,1050866.0,1050900.0,3.235426781333928e-05
2016-04-13,126.06,126.05999755859376,1.93670175452354e-08,126.56,126.55999755859376,1.929050441606961e-08,125.48,125.4800033569336,2.675273824692681e-08,126.34,126.33999633789062,2.8986143596476666e-08,700714.0,700000.0,0.0010189606601266332
2016-04-14,126.18,126.18000030517578,2.418574895912684e-09,126.97,126.97000122070312,9.614106621924634e-09,125.18,125.18000030517578,2.4378956631210258e-09,125.37,125.37000274658205,2.1907809122367894e-08,583772.0,583800.0,4.7963931123717884e-05
2016-04-15,125.61,125.61000061035156,4.859100011245232e-09,125.8367,125.83999633789062,2.6195361851000243e-05,125.1,125.0999984741211,1.2197273413505627e-08,125.42,125.41999816894533,1.4599383479918515e-08,717881.0,717400.0,0.0006700274836637377
2016-04-18,125.62,125.62000274658205,2.1864209776012444e-08,125.96,125.95999908447266,7.2683974394749384e-09,124.99,124.98999786376952,1.7091211113040572e-08,125.85,125.8499984741211,1.2124584003458949e-08,1701020.0,1700700.0,0.00018812242066523766
2016-04-19,125.91,125.91000366210938,2.9085135189177436e-08,126.5,126.5,0.0,125.11,125.11000061035156,4.8785193662581605e-09,125.37,125.37000274658205,2.1907809122367894e-08,660563.0,660500.0,9.537318923402704e-05
2016-04-20,125.5,125.5,0.0,126.17,126.16999816894533,1.4512599455507313e-08,125.085,125.08999633789062,3.9943541516818115e-05,125.44,125.44000244140624,1.946274097441858e-08,659990.0,660000.0,1.5151744723329585e-05
2016-04-21,125.27,125.2699966430664,2.679758592805115e-08,125.98,125.9800033569336,2.664655962547613e-08,123.61,123.61000061035156,4.937720010644853e-09,123.71,123.70999908447266,7.4005928052400805e-09,427287.0,426800.0,0.001139749161570558
2016-04-22,123.78,123.77999877929688,9.861876981709372e-09,125.04,125.04000091552734,7.321875772348108e-09,122.99,122.98999786376952,1.7369139571066228e-08,123.98,123.9800033569336,2.707641222343682e-08,947805.0,947800.0,5.275346722122265e-06
2016-04-25,123.85,123.8499984741211,1.2320378717234348e-08,124.57,124.56999969482422,2.449833669260215e-09,122.65,122.6500015258789,1.244092051599921e-08,122.8,122.8000030517578,2.4851447788520886e-08,767155.0,767200.0,5.8658289393997975e-05
2016-04-26,123.3,123.3000030517578,2.475067151230803e-08,123.69,123.69000244140624,1.973810515032426e-08,121.7211,121.72000122070312,9.02702404825817e-06,122.6,122.5999984741211,1.244599434624405e-08,1158113.0,1157700.0,0.0003566145963304068
2016-04-27,122.41,122.41000366210938,2.9916750188263563e-08,123.7,123.6999969482422,2.4670637088775038e-08,122.09,122.08999633789062,2.9995162353912974e-08,122.99,122.98999786376952,1.7369139571066228e-08,1443059.0,1442800.0,0.00017947984108757087
2016-04-28,121.58,121.58000183105467,1.506049240873608e-08,124.32,124.31999969482422,2.4547600618873844e-09,121.47,121.47000122070312,1.004942062898806e-08,121.74,121.73999786376952,1.754748213400603e-08,1251050.0,1251100.0,3.996642820025542e-05
2016-04-29,99.94,99.94000244140624,2.442871971375382e-08,101.0,101.0,0.0,91.05,91.0500030517578,3.3517383757342145e-08,95.56,95.55999755859376,2.5548411830556006e-08,8670339.0,8670000.0,3.9098817243510275e-05
2016-05-02,96.16,96.16000366210938,3.808350013123629e-08,96.21,96.20999908447266,9.515927046344075e-09,94.275,94.27999877929688,5.302338156321085e-05,95.74,95.73999786376952,2.2312831360338237e-08,3332312.0,3332300.0,3.6011033780480872e-06
2016-05-03,95.04,95.04000091552734,9.633073894121935e-09,95.755,95.76000213623048,5.223890376981899e-05,94.04,94.04000091552734,9.735509731712e-09,94.55,94.5500030517578,3.227665579252914e-08,2784183.0,2784200.0,6.105920480115046e-06
2016-05-04,94.29,94.29000091552734,9.709697046389465e-09,97.88,97.87999725341795,2.806070742433775e-08,94.13,94.12999725341795,2.917860453255372e-08,97.59,97.58999633789062,3.7525457297071796e-08,3603786.0,3603800.0,3.884803370768353e-06
2016-05-05,97.71,97.70999908447266,9.369842790540872e-09,98.24,98.23999786376952,2.1745017120267107e-08,94.8,94.8000030517578,3.2191537879810994e-08,95.1,95.0999984741211,1.6044993667030383e-08,1838998.0,1839000.0,1.0875487630457314e-06
2016-05-06,94.62,94.62000274658205,2.9027499959255465e-08,95.435,95.44000244140624,5.241726207616537e-05,94.49,94.48999786376952,2.2608005911806117e-08,95.16,95.16000366210938,3.8483705111502786e-08,1421727.0,1421700.0,1.8990987721290153e-05
2016-05-09,95.42,95.41999816894533,1.918942227341347e-08,96.91,96.91000366210938,3.77887667823984e-08,94.96,94.95999908447266,9.641189291365038e-09,96.01,96.01000213623048,2.2250083109298657e-08,890675.0,890700.0,2.8068599657649074e-05
2016-05-10,96.26,96.26000213623048,2.2192296667000733e-08,96.88,96.87999725341795,2.835035139980846e-08,95.32,95.31999969482422,3.2015922135641972e-09,96.04,96.04000091552734,9.53277101700678e-09,1138014.0,1138000.0,1.230213336567143e-05
2016-05-11,95.85,95.8499984741211,1.591944598366979e-08,96.04,96.04000091552734,9.53277101700678e-09,94.38,94.37999725341795,2.9101314247270693e-08,94.51,94.51000213623048,2.2603221738748402e-08,1245567.0,1245600.0,2.6493958173334775e-05
2016-05-12,95.17,95.16999816894533,1.9239830617578946e-08,95.54,95.54000091552734,9.582659998841336e-09,93.12,93.12000274658205,2.949508215444041e-08,93.27,93.2699966430664,3.5991568503312976e-08,1832068.0,1832000.0,3.711652624249773e-05
2016-05-13,93.02,93.0199966430664,3.60882991268241e-08,94.54,94.54000091552734,9.684020918498959e-09,93.0,93.0,0.0,93.7,93.6999969482422,3.2569453578545904e-08,1882198.0,1882200.0,1.062587464240039e-06
2016-05-16,94.11,94.11000061035156,6.485512349385658e-09,95.83,95.83000183105467,1.910732216892086e-08,93.68,93.68000030517578,3.257640601717071e-09,95.47,95.47000122070312,1.2786248282381507e-08,2261377.0,2261200.0,7.827089423828593e-05
2016-05-17,95.71,95.70999908447266,9.56563928067311e-09,99.59,99.58999633789062,3.6771858447082195e-08,95.51,95.51000213623048,2.2366563490194835e-08,97.67,97.66999816894533,1.874736021978407e-08,2668397.0,2668200.0,7.382709544345722e-05
2016-05-18,97.12,97.12000274658205,2.8280292774240934e-08,99.53,99.52999877929688,1.2264675275375225e-08,96.8,96.8000030517578,3.152642347181711e-08,98.37,98.37000274658205,2.792093156678277e-08,2284911.0,2284300.0,0.00026740647666367856
2016-05-19,97.99,97.98999786376952,2.180049474276302e-08,98.71,98.70999908447266,9.274919832158446e-09,96.63,96.62999725341795,2.8423699061086438e-08,97.3,97.3000030517578,3.1364417285573154e-08,1228083.0,1227500.0,0.0004747236139577282
2016-05-20,98.2,98.1999969482422,3.107696333604082e-08,98.58,98.58000183105467,1.8574301874352273e-08,96.06,96.05999755859376,2.5415430315867127e-08,96.41,96.41000366210938,3.7984746237285094e-08,1529177.0,1529200.0,1.5040770296792516e-05
2016-05-23,96.24,96.23999786376952,2.2196908533445026e-08,97.24,97.23999786376952,2.196863924108783e-08,95.885,95.88999938964844,5.213943420168121e-05,96.11,96.11000061035156,6.35055208419999e-09,1046952.0,1047000.0,4.584737409163431e-05
2016-05-24,96.74,96.73999786376952,2.2082183970262292e-08,98.48,98.4800033569336,3.4087465294874164e-08,96.31,96.30999755859376,2.534945731103022e-08,97.98,97.9800033569336,3.426141659268467e-08,1475364.0,1475400.0,2.440075805032471e-05
2016-05-25,98.48,98.4800033569336,3.4087465294874164e-08,99.37,99.37000274658205,2.763995210486314e-08,97.08,97.08000183105467,1.886129652461932e-08,97.47,97.47000122070312,1.2523885484228003e-08,1519272.0,1519200.0,4.739111890428305e-05
2016-05-26,95.88,95.87999725341795,2.8646037097956878e-08,98.92,98.91999816894533,1.851045972056653e-08,95.88,95.87999725341795,2.8646037097956878e-08,98.34,98.33999633789062,3.723926556009616e-08,982108.0,981800.0,0.0003136111303441158
2016-05-27,98.72,98.72000122070312,1.2365307222594879e-08,99.04,99.04000091552734,9.244015997111887e-09,97.28,97.27999877929688,1.2548346250973452e-08,97.57,97.56999969482422,3.1277623824266243e-09,912341.0,912300.0,4.493933737492739e-05
2016-05-31,97.41,97.41000366210938,3.759479905163232e-08,98.38,98.37999725341795,2.791809350366492e-08,96.83,96.83000183105467,1.8909993571014638e-08,97.99,97.98999786376952,2.180049474276302e-08,3244338.0,3244300.0,1.1712713040346046e-05
2016-06-01,98.07,98.06999969482422,3.1118158050347233e-09,98.66,98.66000366210938,3.711848139964502e-08,97.6201,97.62000274658205,9.962437853561212e-07,98.56,98.55999755859376,2.477076133100553e-08,1015177.0,1015200.0,2.2656147647071023e-05
2016-06-02,98.16,98.16000366210938,3.7307552824827894e-08,98.99,98.98999786376952,2.1580265463505555e-08,98.16,98.16000366210938,3.7307552824827894e-08,98.73,98.7300033569336,3.400115056173547e-08,834385.0,834400.0,1.7977312631423104e-05
2016-06-03,98.61,98.61000061035156,6.1895504277487134e-09,98.7,98.6999969482422,3.091953193479213e-08,97.8725,97.87000274658205,2.5515373756279658e-05,98.55,98.5500030517578,3.0966593511649876e-08,1211060.0,1210900.0,0.00013211566726667456
2016-06-06,99.03,99.02999877929688,1.2326599296841323e-08,99.45,99.4499969482422,3.0686352903153136e-08,98.46,98.45999908447266,9.298469771934492e-09,99.36,99.36000061035156,6.142829800381833e-09,760772.0,760700.0,9.464070707121408e-05
2016-06-07,99.52,99.5199966430664,3.3731245907553387e-08,102.04,102.04000091552734,8.972239617932587e-09,99.41,99.41000366210938,3.683844052027041e-08,102.0,102.0,0.0,2014118.0,2014100.0,8.936914321799883e-06
2016-06-08,101.69,101.69000244140624,2.400832177507084e-08,102.42,102.41999816894533,1.7877901492546755e-08,101.34,101.33999633789062,3.613685983783199e-08,102.14,102.13999938964844,5.975636985233734e-09,961353.0,961400.0,4.8889429793197436e-05
2016-06-09,101.65,101.6500015258789,1.5011105691797866e-08,101.965,101.97000122070312,4.904840585617798e-05,100.53,100.52999877929688,1.2142675087645216e-08,100.86,100.86000061035156,6.0514728783545024e-09,835403.0,835400.0,3.591081190745804e-06
2016-06-10,100.16,100.16000366210938,3.6562593619393624e-08,100.6099,100.61000061035156,1.0000044883273773e-06,99.66,99.66000366210938,3.6746030218637316e-08,100.08,100.08000183105467,1.829591012025844e-08,1169296.0,1169300.0,3.420861783398621e-06
2016-06-13,99.64,99.63999938964844,6.125567719728053e-09,100.71,100.70999908447266,9.090729169436429e-09,99.63,99.62999725341795,2.7567821359042455e-08,100.37,100.37000274658205,2.7364571497656698e-08,1061912.0,1061400.0,0.0004821491799696931
2016-06-14,100.51,100.51000213623048,2.1253909743279564e-08,100.6699,100.66999816894533,9.751568774696295e-07,99.67,99.66999816894533,1.8371171583986268e-08,100.57,100.56999969482422,3.034461348860873e-09,727758.0,727800.0,5.771149200706205e-05
2016-06-15,100.9,100.9000015258789,1.5122684882129533e-08,101.94,101.94000244140624,2.394944309536129e-08,100.52,100.5199966430664,3.3395678333825174e-08,101.21,101.20999908447266,9.045818982755804e-09,1251720.0,1251000.0,0.0005752085130860118
2016-06-16,100.78,100.77999877929688,1.2112553293697204e-08,102.97,102.97000122070312,1.1854939474531534e-08,100.62,100.62000274658205,2.7296581661673258e-08,102.89,102.88999938964844,5.932078606107893e-09,1532106.0,1532100.0,3.916178123453129e-06
2016-06-17,103.0,103.0,0.0,103.03,103.02999877929688,1.1848035774697507e-08,100.94,100.94000244140624,2.4186707303641697e-08,101.48,101.4800033569336,3.307975560140619e-08,1894415.0,1894400.0,7.9180116289157e-06
2016-06-20,102.47,102.47000122070312,1.1912785424783578e-08,103.0,103.0,0.0,101.6,101.5999984741211,1.501849311580372e-08,101.97,101.97000122070312,1.1971198699001206e-08,679157.0,679200.0,6.331378458890313e-05
2016-06-21,101.91,101.91000366210938,3.5934740294507606e-08,102.435,102.44000244140624,4.8835275113345844e-05,101.25,101.25,0.0,101.41,101.41000366210938,3.611191567998162e-08,624950.0,625000.0,8.000640051197827e-05
2016-06-22,101.76,101.76000213623048,2.0992831029076342e-08,102.26,102.26000213623048,2.0890186469557648e-08,101.51,101.51000213623048,2.1044532338976296e-08,101.88,101.87999725341795,2.695899137261648e-08,457483.0,457500.0,3.7159850748480494e-05
2016-06-23,102.52,102.5199966430664,3.2744182476562855e-08,103.43,103.43000030517578,2.9505538012841726e-09,102.09,102.08999633789062,3.587138186489369e-08,103.38,103.37999725341795,2.656782782661793e-08,481444.0,481400.0,9.139172987926436e-05
2016-06-24,99.49,99.48999786376952,2.1471810995876695e-08,101.81,101.80999755859376,2.3980023966529984e-08,99.24,99.23999786376952,2.1525901616747944e-08,100.72,100.72000122070312,1.211976896620115e-08,1188709.0,1188700.0,7.571239050041534e-06
2016-06-27,100.0,100.0,0.0,100.38,100.37999725341795,2.736184534501973e-08,98.54,98.54000091552734,9.290920921500856e-09,99.17,99.16999816894533,1.8463796269685417e-08,982575.0,982000.0,0.0005851970587487099
2016-06-28,99.43,99.43000030517578,3.0692524077835515e-09,99.99,99.98999786376952,2.1364441216142893e-08,98.92,98.91999816894533,1.851045972056653e-08,99.95,99.9499969482422,3.053284447496196e-08,654812.0,654800.0,1.8325870631552554e-05
2016-06-29,100.52,100.5199966430664,3.3395678333825174e-08,102.1,102.0999984741211,1.49449451702921e-08,100.03,100.02999877929688,1.2203370203245356e-08,101.98,101.9800033569336,3.291756800472001e-08,902547.0,902500.0,5.2074850395600336e-05
2016-06-30,102.45,102.4499969482422,2.9787777466872e-08,104.12,104.12000274658205,2.637900542445948e-08,101.47,101.47000122070312,1.20301875128348e-08,104.12,104.12000274658205,2.637900542445948e-08,740938.0,740600.0,0.00045617851966017753
2016-07-01,104.12,104.12000274658205,2.637900542445948e-08,104.68,104.68000030517578,2.9153206515530883e-09,103.86,103.86000061035156,5.876676034688444e-09,104.33,104.33000183105467,1.7550605635463512e-08,834564.0,834600.0,4.313629631758076e-05
2016-07-05,104.11,104.11000061035156,5.8625642118670385e-09,104.41,104.41000366210938,3.5074316340200085e-08,101.73,101.7300033569336,3.299846240700788e-08,102.55,102.5500030517578,2.9758730368811825e-08,657043.0,657000.0,6.544472736180751e-05
2016-07-06,102.47,102.47000122070312,1.1912785424783578e-08,102.928,102.93000030517578,1.9434023548425827e-05,101.31,101.30999755859376,2.4098373629932723e-08,102.82,102.81999969482422,2.9680584656688325e-09,439779.0,439800.0,4.775125688127879e-05
2016-07-07,102.79,102.79000091552734,8.906774429107145e-09,103.63,103.62999725341795,2.6503734873450924e-08,101.71,101.70999908447266,9.001350331772073e-09,102.06,102.05999755859376,2.392128395367621e-08,484251.0,484300.0,0.00010118719424423439
2016-07-08,102.56,102.55999755859376,2.3804663018545114e-08,104.78,104.77999877929688,1.1650153952658115e-08,102.49,102.48999786376952,2.084330641416443e-08,104.7,104.6999969482422,2.9147638969106993e-08,477291.0,477300.0,1.8856420925583706e-05
2016-07-11,105.0,105.0,0.0,105.16,105.16000366210938,3.482416688349588e-08,104.28,104.27999877929688,1.1706013824941408e-08,104.42,104.41999816894533,1.753547862470839e-08,656334.0,656300.0,5.1802893039187836e-05
2016-07-12,104.69,104.69000244140624,2.3320338549126518e-08,105.6,105.5999984741211,1.4449610841182903e-08,103.72,103.72000122070312,1.1769216490264967e-08,105.21,105.20999908447266,8.701904197216948e-09,576574.0,576100.0,0.0008220974237478362
2016-07-13,105.66,105.66000366210938,3.465937314928169e-08,105.68,105.68000030517578,2.887734495971017e-09,104.76,104.76000213623048,2.0391661692542584e-08,104.9,104.9000015258789,1.4546033266782388e-08,321410.0,321400.0,3.111290874580064e-05
2016-07-14,105.82,105.81999969482422,2.883913996498677e-09,106.32,106.31999969482422,2.870351512029856e-09,105.53,105.52999877929688,1.1567356406061435e-08,106.19,106.19000244140624,2.2990924275489988e-08,474623.0,474600.0,4.845951418286365e-05
2016-07-15,106.52,106.5199966430664,3.151458494166093e-08,106.52,106.5199966430664,3.151458494166093e-08,105.49,105.48999786376952,2.0250549570555165e-08,105.91,105.91000366210938,3.4577559926418644e-08,691418.0,691400.0,2.6033455883367473e-05
2016-07-18,105.91,105.91000366210938,3.4577559926418644e-08,106.32,106.31999969482422,2.870351512029856e-09,105.46,105.45999908447266,8.6812756983079e-09,105.86,105.86000061035156,5.765648625200015e-09,524866.0,524900.0,6.477843868712974e-05
2016-07-19,105.78,105.77999877929688,1.1540018163280763e-08,106.53,106.52999877929688,1.1458773374606324e-08,105.06,105.05999755859376,2.3238209023723755e-08,106.37,106.37000274658205,2.5821021321092985e-08,913165.0,913000.0,0.00018069023670419515
2016-07-20,106.5,106.5,0.0,106.98,106.9800033569336,3.13790764483457e-08,106.16,106.16000366210938,3.449613195094514e-08,106.52,106.5199966430664,3.151458494166093e-08,638473.0,638500.0,4.228839747333346e-05
2016-07-21,106.05,106.0500030517578,2.8776593996582278e-08,106.42,106.41999816894533,1.7205926239327596e-08,105.86,105.86000061035156,5.765648625200015e-09,106.27,106.2699966430664,3.158872297071014e-08,507688.0,507700.0,2.363656418902238e-05
2016-07-22,106.57,106.56999969482422,2.8636180093855046e-09,107.39,107.38999938964844,5.683504666897932e-09,106.04,106.04000091552734,8.633792347723102e-09,107.25,107.25,0.0,763962.0,764000.0,4.974069390883962e-05
2016-07-25,107.36,107.36000061035156,5.685092840934658e-09,107.56,107.55999755859376,2.2698086965533548e-08,106.105,106.11000061035156,4.712888508140445e-05,106.41,106.41000366210938,3.441508678037053e-08,970589.0,970400.0,0.00019472711930590414
2016-07-26,106.28,106.27999877929688,1.1485727591242778e-08,107.3,107.3000030517578,2.8441358823627638e-08,106.23,106.2300033569336,3.160061745610676e-08,107.08,107.08000183105467,1.709987551556935e-08,557344.0,557100.0,0.00043779066429350255
2016-07-27,107.4,107.4000015258789,1.4207438558955232e-08,107.74,107.73999786376952,1.9827645081349488e-08,106.09,106.08999633789062,3.4518893188284494e-08,106.48,106.4800033569336,3.1526423693861716e-08,801296.0,800700.0,0.0007437950520157166
2016-07-28,106.45,106.4499969482422,2.8668462159764374e-08,106.815,106.81999969482422,4.680704792603407e-05,105.365,105.37000274658205,4.74801554790627e-05,105.93,105.93000030517578,2.880919280912053e-09,1103153.0,1103200.0,4.260515087217698e-05
2016-07-29,96.71,96.70999908447266,9.466728734253138e-09,97.1,97.0999984741211,1.571450980453193e-08,81.99,81.98999786376953,2.6054768453853683e-08,90.27,90.2699966430664,3.718769903127139e-08,11315962.0,11316000.0,3.3580883358474978e-06
2016-08-01,89.86,89.86000061035156,6.792249651610405e-09,90.27,90.2699966430664,3.718769903127139e-08,88.39,88.38999938964844,6.905210625518521e-09,89.37,89.37000274658203,3.073270704589959e-08,2582639.0,2582600.0,1.5100832907788408e-05
2016-08-02,88.82,88.81999969482422,3.435890238989714e-09,88.95,88.94999694824219,3.430868822373867e-08,87.52,87.5199966430664,3.8356188225563415e-08,87.69,87.69000244140625,2.7841330352273985e-08,2476987.0,2477000.0,5.248311759409319e-06
2016-08-03,87.74,87.73999786376953,2.4347281302183887e-08,88.05,88.05000305175781,3.465937314928169e-08,87.0901,87.08999633789062,1.1902858003676187e-06,87.99,87.98999786376953,2.4278105081876333e-08,1876708.0,1876600.0,5.754757799292243e-05
2016-08-04,88.15,88.1500015258789,1.7310027189409993e-08,88.54,88.54000091552734,1.0340268197239766e-08,87.241,87.23999786376953,1.1486986972508717e-05,88.19,88.19000244140625,2.7683481729212644e-08,1372363.0,1372400.0,2.696079681552277e-05
2016-08-05,88.4,88.4000015258789,1.726107345945138e-08,90.45,90.4499969482422,3.3739721350123375e-08,88.19,88.19000244140625,2.7683481729212644e-08,89.94,89.94000244140625,2.7144832603909208e-08,1650535.0,1650500.0,2.1205245571920273e-05
2016-08-08,90.13,90.12999725341795,3.047356089691533e-08,90.43,90.43000030517578,3.3747182826004973e-09,89.11,89.11000061035156,6.849417255594403e-09,89.49,89.48999786376953,2.387116393443023e-08,1159727.0,1159700.0,2.328134121221126e-05
2016-08-09,89.48,89.4800033569336,3.7516021400563204e-08,89.48,89.4800033569336,3.7516021400563204e-08,87.45,87.44999694824219,3.489717337323839e-08,87.67,87.66999816894531,2.0885761231603794e-08,968642.0,968600.0,4.335967261381857e-05
2016-08-10,87.66,87.66000366210938,4.1776287762473885e-08,88.36,88.36000061035156,6.907554972457319e-09,87.3,87.30000305175781,3.4957134298352344e-08,87.85,87.8499984741211,1.7369139460043925e-08,710238.0,709800.0,0.000616694685443453
2016-08-11,88.68,88.68000030517578,3.4413145666434275e-09,88.68,88.68000030517578,3.4413145666434275e-09,86.76,86.76000213623047,2.462229664601523e-08,86.96,86.95999908447266,1.0528143246091304e-08,1160878.0,1160800.0,6.719052303516548e-05
2016-08-12,86.76,86.76000213623047,2.462229664601523e-08,87.21,87.20999908447266,1.0497962832367591e-08,86.5,86.5,0.0,87.02,87.0199966430664,3.857657537853498e-08,1188339.0,1188300.0,3.281891783402102e-05
2016-08-15,87.53,87.52999877929688,1.3946111376839099e-08,87.85,87.8499984741211,1.7369139460043925e-08,86.81,86.80999755859375,2.8123560147363946e-08,87.04,87.04000091552734,1.0518466542208671e-08,1044246.0,1043400.0,0.0008101539292465487
2016-08-16,86.85,86.8499984741211,1.756912959560708e-08,87.72,87.72000122070312,1.3915904206740493e-08,85.76,85.76000213623047,2.490940365085237e-08,85.88,85.87999725341797,3.1981625792099067e-08,878336.0,878300.0,4.0986592830027924e-05
2016-08-17,86.15,86.1500015258789,1.771188506971555e-08,86.3885,86.38999938964844,1.7356357020270607e-05,84.52,84.5199966430664,3.9717624078505764e-08,85.56,85.55999755859375,2.85344349260086e-08,1356971.0,1357000.0,2.1371127312264093e-05
2016-08-18,85.48,85.4800033569336,3.9271567553456066e-08,85.85,85.8499984741211,1.7773778671070772e-08,84.97,84.97000122070312,1.4366283718203476e-08,84.99,84.98999786376953,2.5135080128357856e-08,1074066.0,1074100.0,3.165541037519759e-05
2016-08-19,84.33,84.33000183105469,2.1712969200393673e-08,85.22,85.22000122070312,1.432413898605489e-08,84.24,84.23999786376953,2.53588611220934e-08,85.13,85.12999725341797,3.2263385740805006e-08,890983.0,890800.0,0.0002053911241852724
2016-08-22,84.89,84.88999938964844,7.189911221949785e-09,86.03,86.02999877929688,1.4189272645737105e-08,84.55,84.55000305175781,3.60941196930753e-08,85.79,85.79000091552734,1.0671725503286211e-08,760488.0,760500.0,1.5779341685950854e-05
2016-08-23,86.27,86.2699966430664,3.891194610972093e-08,86.44,86.44000244140625,2.8243940963790237e-08,84.94,84.94000244140625,2.874271554098584e-08,85.35,85.3499984741211,1.7877901603569057e-08,767581.0,767600.0,2.4753087947804175e-05
2016-08-24,85.32,85.31999969482422,3.576837492857976e-09,85.89,85.88999938964844,7.106200516915351e-09,84.73,84.7300033569336,3.961918548789356e-08,84.94,84.94000244140625,2.874271554098584e-08,536444.0,536400.0,8.202160896575439e-05
2016-08-25,84.63,84.62999725341797,3.24540000429252e-08,85.32,85.31999969482422,3.576837492857976e-09,84.15,84.1500015258789,1.8132845003293596e-08,84.71,84.70999908447266,1.0807783445976327e-08,1049562.0,1049000.0,0.0005354614591610574
2016-08-26,84.53,84.52999877929688,1.4441063789227826e-08,85.58,85.58000183105469,2.1395824889580695e-08,83.01,83.01000213623047,2.5734615771710878e-08,83.65,83.6500015258789,1.8241230081983417e-08,789056.0,788800.0,0.0003244383161651321
2016-08-29,83.74,83.73999786376953,2.5510275447615527e-08,85.09,85.08999633789062,4.303806999672588e-08,83.74,83.73999786376953,2.5510275447615527e-08,84.68,84.68000030517578,3.603870757373784e-09,788642.0,788600.0,5.3256103529908394e-05
2016-08-30,84.73,84.7300033569336,3.961918548789356e-08,85.08,85.08000183105469,2.152156430845764e-08,84.33,84.33000183105469,2.1712969200393673e-08,84.84,84.83999633789062,4.3164891327940325e-08,839904.0,839900.0,4.762449041795236e-06
2016-08-31,84.88,84.87999725341797,3.235841217197333e-08,86.02,86.0199966430664,3.90250358694999e-08,84.29,84.29000091552734,1.0861636479120307e-08,85.98,85.9800033569336,3.90431913466216e-08,1559179.0,1559200.0,1.3468626758106339e-05
2016-09-01,86.03,86.02999877929688,1.4189272645737105e-08,86.03,86.02999877929688,1.4189272645737105e-08,84.6,84.5999984741211,1.803639360087317e-08,85.36,85.36000061035156,7.150323000360004e-09,1119749.0,1119400.0,0.0003116769918972695
2016-09-02,85.36,85.36000061035156,7.150323000360004e-09,86.05,86.05000305175781,3.546493676509499e-08,84.14,84.13999938964844,7.254000067291599e-09,84.15,84.1500015258789,1.8132845003293596e-08,992389.0,992000.0,0.00039198338554735646
2016-09-06,84.4,84.4000015258789,1.8079133967674466e-08,84.41,84.41000366210938,4.338478110099686e-08,83.26,83.26000213623047,2.5657344027152362e-08,83.49,83.48999786376953,2.5586662677490324e-08,1102992.0,1102300.0,0.0006273844234591097
2016-09-07,83.22,83.22000122070312,1.4668386505434228e-08,83.77,83.7699966430664,4.00732194094644e-08,82.02,82.0199966430664,4.0928232025727596e-08,82.79,82.79000091552734,1.1058429061350239e-08,1701361.0,1701400.0,2.2922824726823166e-05
2016-09-08,82.85,82.8499984741211,1.841736751995171e-08,83.18,83.18000030517578,3.6688601046108715e-09,82.48,82.4800033569336,4.0699970726976176e-08,82.64,82.63999938964844,7.385667522008532e-09,724029.0,723800.0,0.0003162856736401709
2016-09-09,81.57,81.56999969482422,3.741274623436652e-09,82.4419,82.44000244140625,2.301691971862141e-05,81.56,81.55999755859375,2.9933867717879536e-08,82.07,82.06999969482422,3.718481522696493e-09,1350270.0,1350300.0,2.221777866640018e-05
2016-09-12,82.14,82.13999938964844,7.430625337256913e-09,83.11,83.11000061035156,7.3439003767106215e-09,81.91,81.91000366210938,4.470894121588742e-08,82.89,82.88999938964844,7.363392007242453e-09,831023.0,831000.0,2.767673096892853e-05
2016-09-13,82.07,82.06999969482422,3.718481522696493e-09,82.63,82.62999725341797,3.3239525909500856e-08,81.7101,81.70999908447266,1.2350434932528742e-06,82.14,82.13999938964844,7.430625337256913e-09,1292872.0,1292900.0,2.165720968516638e-05
2016-09-14,82.0,82.0,0.0,82.5,82.5,0.0,81.23,81.2300033569336,4.132627839936731e-08,81.6,81.5999984741211,1.869949628474643e-08,1284286.0,1283700.0,0.0004562846593360037
2016-09-15,81.19,81.19000244140625,3.007028270829437e-08,81.96,81.95999908447266,1.1170416480688061e-08,81.02,81.0199966430664,4.1433394049050776e-08,81.76,81.76000213623047,2.6128063490560294e-08,660732.0,658900.0,0.0027726824188929466
2016-09-16,82.38,82.37999725341797,3.3340398442049946e-08,82.39,82.38999938964844,7.408078150916708e-09,80.73,80.7300033569336,4.158223210204426e-08,81.24,81.23999786376953,2.629530360120924e-08,1818195.0,1817800.0,0.00021724842494896812
2016-09-19,80.88,80.87999725341797,3.395872927303145e-08,80.9,80.9000015258789,1.8861296746663925e-08,77.0,77.0,0.0,78.0,78.0,0.0,2361382.0,2361400.0,7.622654869088308e-06
2016-09-20,77.89,77.88999938964844,7.836070903266545e-09,78.24,78.23999786376953,2.730355908031612e-08,76.76,76.76000213623047,2.7829995641326377e-08,77.01,77.01000213623047,2.773965013247448e-08,1957215.0,1957200.0,7.663951073322295e-06
2016-09-21,77.0,77.0,0.0,78.765,78.7699966430664,6.343735245861737e-05,77.0,77.0,0.0,78.0,78.0,0.0,1254100.0,1254100.0,0.0
2016-09-22,78.05,78.05000305175781,3.9100036097750035e-08,79.34,79.33999633789062,4.6157163868798534e-08,77.58,77.58000183105469,2.360214867991317e-08,79.26,79.26000213623047,2.695218848103309e-08,1353883.0,1353700.0,0.000135166775858786
2016-09-23,78.94,78.94000244140625,3.092736577947619e-08,79.9499,79.94999694824219,1.2126124258049487e-06,78.94,78.94000244140625,3.092736577947619e-08,79.54,79.54000091552734,1.1510275843562567e-08,1071073.0,1071100.0,2.5208365816320466e-05
2016-09-26,79.03,79.02999877929688,1.5446072754166096e-08,79.82,79.81999969482422,3.823299565830496e-09,78.87,78.87000274658203,3.482416666145127e-08,79.74,79.73999786376953,2.678994814875324e-08,1069654.0,1069700.0,4.300456035322142e-05
2016-09-27,79.95,79.94999694824219,3.817082949719719e-08,80.54,80.54000091552734,1.1367361940628484e-08,79.78,79.77999877929688,1.5300866462730767e-08,80.26,80.26000213623047,2.661637754641788e-08,1322625.0,1322600.0,1.8901805122428783e-05
2016-09-28,80.59,80.58999633789062,4.5441238105681236e-08,81.96,81.95999908447266,1.1170416480688061e-08,80.5,80.5,0.0,81.53,81.52999877929688,1.4972441175764573e-08,1554533.0,1554500.0,2.1228240249637764e-05
2016-09-29,81.43,81.43000030517578,3.747706811552121e-09,81.64,81.63999938964844,7.476133823125508e-09,80.39,80.38999938964844,7.59238172332033e-09,80.5,80.5,0.0,1261573.0,1261400.0,0.00013713039197893462
2016-09-30,80.64,80.63999938964844,7.568843773952949e-09,80.91,80.91000366210938,4.5261517422900965e-08,79.6,79.5999984741211,1.916933289880518e-08,80.14,80.13999938964844,7.616066444171565e-09,1389965.0,1390000.0,2.518049015631796e-05
2016-10-03,80.09,80.08999633789062,4.5724926733825555e-08,80.33,80.33000183105469,2.2794157672478832e-08,79.56,79.55999755859375,3.068635312519774e-08,79.76,79.76000213623047,2.678323052229814e-08,600071.0,600100.0,4.832761456552426e-05
2016-10-04,79.87,79.87000274658203,3.43881561004622e-08,79.96,79.95999908447266,1.144981665035516e-08,77.1,77.0999984741211,1.9790906580219314e-08,77.34,77.33999633789062,4.73507807408069e-08,1370591.0,1370400.0,0.0001393559420717061
2016-10-05,77.45,77.44999694824219,3.940294146520529e-08,77.9636,77.95999908447266,4.618713768145266e-05,76.5,76.5,0.0,76.58,76.58000183105469,2.3910351032441213e-08,935963.0,935900.0,6.731035308016331e-05
2016-10-06,76.91,76.91000366210938,4.761551664067554e-08,77.12,77.12000274658203,3.5614393434357794e-08,75.31,75.30999755859375,3.241808854692607e-08,76.4,76.4000015258789,1.997223697536299e-08,2045763.0,2045800.0,1.8086161495789455e-05
2016-10-07,76.52,76.5199966430664,4.387001550920644e-08,76.52,76.5199966430664,4.387001550920644e-08,74.9501,74.94999694824219,1.3749382298255952e-06,75.1,75.0999984741211,2.0317961424431985e-08,1574872.0,1574900.0,1.7779222692304586e-05
2016-10-10,75.36,75.36000061035156,8.099144910289624e-09,76.99,76.98999786376953,2.7746856257060415e-08,75.36,75.36000061035156,8.099144910289624e-09,76.86,76.86000061035156,7.94108201418453e-09,1204008.0,1204000.0,6.64447412312974e-06
2016-10-11,77.18,77.18000030517578,3.9540783980385186e-09,77.26,77.26000213623047,2.7649889489111956e-08,76.0,76.0,0.0,76.16,76.16000366210938,4.808441933512597e-08,1106796.0,1106800.0,3.6140354682245857e-06
2016-10-12,76.1,76.0999984741211,2.005097110568954e-08,76.3,76.30000305175781,3.999682585131836e-08,75.12,75.12000274658203,3.6562593619393624e-08,75.13,75.12999725341797,3.655772695676518e-08,971655.0,971100.0,0.0005711903916513217
2016-10-13,74.64,74.63999938964844,8.177271748621706e-09,74.98,74.9800033569336,4.4771053531178495e-08,72.89,72.88999938964844,8.373598037181296e-09,74.38,74.37999725341797,3.692635153207391e-08,1839842.0,1839800.0,2.282804719100362e-05
2016-10-14,74.83,74.83000183105469,2.446952684920234e-08,75.88,75.87999725341797,3.619638944130088e-08,74.46,74.45999908447266,1.2295559237429643e-08,75.47,75.47000122070312,1.617468026182678e-08,977444.0,977400.0,4.501536660928007e-05
2016-10-17,75.01,75.01000213623047,2.8479275604453846e-08,75.426,75.43000030517578,5.3036156972163795e-05,73.98,73.9800033569336,4.537623121692036e-08,74.19,74.19000244140625,3.290748429307655e-08,1071370.0,1071400.0,2.8001530750332293e-05
2016-10-18,74.98,74.9800033569336,4.4771053531178495e-08,75.85,75.8499984741211,2.0117058685542588e-08,74.5,74.5,0.0,74.85,74.8499984741211,2.0385823695789895e-08,988250.0,988300.0,5.0594485201171935e-05
2016-10-19,75.0,75.0,0.0,75.455,75.45999908447266,6.625252763448053e-05,74.69,74.69000244140625,3.268719050986135e-08,75.05,75.05000305175781,4.0662995637319455e-08,662253.0,662300.0,7.096985593113558e-05
2016-10-20,75.4,75.4000015258789,2.0237120645916207e-08,75.4,75.4000015258789,2.0237120645916207e-08,74.12,74.12000274658203,3.705588280666916e-08,74.68,74.68000030517578,4.0864458483724775e-09,1012210.0,1012200.0,9.879372857457547e-06
2016-10-21,74.37,74.37000274658203,3.693131667148464e-08,75.09,75.08999633789062,4.8769601468379165e-08,73.78,73.77999877929688,1.6545176562132724e-08,74.78,74.77999877929688,1.6323925211558787e-08,1187737.0,1187700.0,3.115167751788217e-05
2016-10-24,74.78,74.77999877929688,1.6323925211558787e-08,75.39,75.38999938964844,8.09592204387144e-09,74.0,74.0,0.0,74.47,74.47000122070312,1.6391877633026297e-08,1327711.0,1327700.0,8.284935501756685e-06
2016-10-25,74.16,74.16000366210938,4.938119446684652e-08,76.02,76.0199966430664,4.415855814343672e-08,74.03,74.02999877929688,1.6489303367173136e-08,75.9,75.9000015258789,2.0103806397386847e-08,1034141.0,1034100.0,3.964643119269695e-05
2016-10-26,76.04,76.04000091552734,1.2040075381136717e-08,77.61,77.61000061035156,7.864341844410205e-09,75.75,75.75,0.0,76.57,76.56999969482422,3.985578866938511e-09,1599186.0,1599200.0,8.754453828307973e-06
2016-10-27,76.73,76.7300033569336,4.374994899691842e-08,77.3,77.30000305175781,3.9479402635933525e-08,73.54,73.54000091552734,1.2449379083179224e-08,73.96,73.95999908447266,1.237868219039484e-08,2135918.0,2135900.0,8.427289811652194e-06
2016-10-28,78.0,78.0,0.0,83.1,83.0999984741211,1.8361960285595558e-08,77.08,77.08000183105469,2.375525021136582e-08,79.73,79.7300033569336,4.210377002600296e-08,5090734.0,5090700.0,6.678801131587697e-06
2016-10-31,80.3,80.30000305175781,3.8004456026641265e-08,81.24,81.23999786376953,2.629530360120924e-08,79.16,79.16000366210938,4.626211946856529e-08,80.09,80.08999633789062,4.5724926733825555e-08,1792981.0,1792900.0,4.51761619336688e-05
2016-11-01,79.92,79.91999816894531,2.2911094688105038e-08,79.95,79.94999694824219,3.817082949719719e-08,76.88,76.87999725341797,3.572557272235599e-08,77.87,77.87000274658203,3.5271375820045137e-08,2791028.0,2791000.0,1.0032145861704755e-05
2016-11-02,78.04,78.04000091552734,1.1731513760437906e-08,78.25,78.25,0.0,75.92,75.91999816894531,2.4118212427204355e-08,76.03,76.02999877929688,1.6055545559723328e-08,1347297.0,1346500.0,0.0005915547945256616
2016-11-03,74.33,74.33000183105469,2.463412740461024e-08,75.35,75.3499984741211,2.0250549459532863e-08,72.89,72.88999938964844,8.373598037181296e-09,73.05,73.05000305175781,4.1776287762473885e-08,2319210.0,2319200.0,4.3118130742536565e-06
2016-11-04,72.85,72.8499984741211,2.0945489342949486e-08,74.1,74.0999984741211,2.0592157867760363e-08,72.59,72.58999633789062,5.044922690711218e-08,72.64,72.63999938964844,8.402416873387608e-09,1366221.0,1366200.0,1.537086606051563e-05
2016-11-07,74.02,74.0199966430664,4.5351710165064674e-08,75.0,75.0,0.0,73.3,73.30000305175781,4.1633803737894937e-08,73.91,73.91000366210938,4.9548225966589143e-08,1422252.0,1422300.0,3.374929337418564e-05
2016-11-08,74.26,74.26000213623047,2.8766906412514004e-08,74.63,74.62999725341797,3.680265348027234e-08,73.3825,73.37999725341797,3.410549629712101e-05,74.23,74.2300033569336,4.522340812940229e-08,1042559.0,1042600.0,3.9326311508602885e-05
2016-11-09,73.09,73.08999633789062,5.010410975003765e-08,74.48,74.4800033569336,4.507161111000357e-08,72.2,72.19999694824219,4.226811378682527e-08,74.08,74.08000183105469,2.471726090469417e-08,1441944.0,1441900.0,3.051436116796591e-05
2016-11-10,74.2,74.19999694824219,4.1128811578694524e-08,76.06,76.05999755859375,3.209842558415943e-08,73.5,73.5,0.0,74.72,74.72000122070312,1.633703328174363e-08,1606555.0,1606600.0,2.8010245525456057e-05
2016-11-11,74.66,74.66000366210938,4.9050487227475514e-08,75.24,75.23999786376953,2.8392217799044772e-08,74.55,74.55000305175781,4.093571859264955e-08,75.0,75.0,0.0,1160562.0,1160600.0,3.274275738829324e-05
2016-11-14,74.91,74.91000366210938,4.8886789283386634e-08,75.7,75.69999694824219,4.031384170932739e-08,74.57,74.56999969482422,4.09247380428468e-09,74.88,74.87999725341797,3.667978132337879e-08,1010989.0,1011000.0,1.0880434900828462e-05
2016-11-15,75.05,75.05000305175781,4.0662995637319455e-08,75.3499,75.3499984741211,1.306891198149529e-06,74.02,74.0199966430664,4.5351710165064674e-08,75.21,75.20999908447266,1.2172946872723855e-08,1368657.0,1368500.0,0.00011471099040882837
2016-11-16,75.31,75.30999755859375,3.241808854692607e-08,75.65,75.6500015258789,2.017024325340344e-08,74.47,74.47000122070312,1.6391877633026297e-08,74.89,74.88999938964844,8.149974140003735e-09,731475.0,731500.0,3.4177518028588594e-05
2016-11-17,74.73,74.7300033569336,4.492082950058318e-08,75.41,75.41000366210938,4.856264923525089e-08,74.27,74.2699966430664,4.519905194566576e-08,75.27,75.2699966430664,4.459855973415472e-08,720994.0,720800.0,0.0002690729742549358
2016-11-18,75.21,75.20999908447266,1.2172946872723855e-08,76.42,76.41999816894531,2.3960412098844586e-08,74.9,74.9000015258789,2.037221502604325e-08,76.09,76.08999633789062,4.812865528336374e-08,1027188.0,1026600.0,0.0005724365938853948
2016-11-21,76.18,76.18000030517578,4.005982878751979e-09,76.97,76.97000122070312,1.585946640680902e-08,75.67,75.66999816894531,2.4197894687993937e-08,75.81,75.80999755859375,3.2204277133907055e-08,883080.0,883100.0,2.2648004710745795e-05
2016-11-22,75.72,75.72000122070312,1.6121277424119285e-08,76.12,76.12000274658203,3.608226517570756e-08,74.66,74.66000366210938,4.9050487227475514e-08,75.63,75.62999725341797,3.631603895382085e-08,953952.0,953900.0,5.451008017176573e-05
2016-11-23,75.7,75.69999694824219,4.031384170932739e-08,76.6,76.5999984741211,1.9920090132963253e-08,75.3,75.30000305175781,4.052799229548043e-08,75.59,75.58999633789062,4.8447008627050536e-08,712365.0,712400.0,4.913211626056402e-05
2016-11-25,75.78,75.77999877929688,1.610851319000517e-08,76.8701,76.87000274658203,1.2651657531614902e-06,75.43,75.43000030517578,4.045814350206456e-09,76.77,76.7699966430664,4.372715367573221e-08,450970.0,451000.0,6.652327205802777e-05
2016-11-28,76.45,76.44999694824219,3.9918349403755826e-08,76.985,76.98999786376953,6.491996842927783e-05,75.87,75.87000274658203,3.62011602916823e-08,76.07,76.06999969482422,4.011775689427566e-09,995259.0,995300.0,4.11953069503479e-05
2016-11-29,76.07,76.06999969482422,4.011775689427566e-09,76.54,76.54000091552734,1.1961423185269382e-08,75.42,75.41999816894531,2.4278105081876333e-08,75.83,75.83000183105469,2.4146837418470568e-08,793824.0,793800.0,3.0233401862367337e-05
2016-11-30,75.63,75.62999725341797,3.631603895382085e-08,75.63,75.62999725341797,3.631603895382085e-08,72.97,72.97000122070312,1.6728835428025945e-08,72.97,72.97000122070312,1.6728835428025945e-08,1284246.0,1284200.0,3.58186827134066e-05
2016-12-01,72.97,72.97000122070312,1.6728835428025945e-08,73.6,73.5999984741211,2.073205029873293e-08,72.955,72.95999908447266,6.852284932712394e-05,73.44,73.44000244140625,3.3243549246719795e-08,1130628.0,1130600.0,2.4764997859638704e-05
2016-12-02,73.51,73.51000213623047,2.906040630357154e-08,74.07,74.06999969482422,4.12009959482873e-09,72.13,72.12999725341797,3.807822024359808e-08,72.49,72.48999786376953,2.946931254577123e-08,1249527.0,1248700.0,0.0006618504442080786
2016-12-05,72.62,72.62000274658203,3.782128921159256e-08,72.85,72.8499984741211,2.0945489342949486e-08,71.59,71.58999633789062,5.1153923430469206e-08,71.61,71.61000061035156,8.523272754246136e-09,1113887.0,1113200.0,0.000616759150613988
2016-12-06,71.94,71.94000244140625,3.393670078288835e-08,72.2,72.19999694824219,4.226811378682527e-08,71.65,71.6500015258789,2.1296286067951087e-08,71.82,71.81999969482422,4.249175344916978e-09,944175.0,944200.0,2.647814229361778e-05
2016-12-07,71.63,71.62999725341797,3.834401829383438e-08,72.3946,72.38999938964844,6.354908172101492e-05,71.52,71.5199966430664,4.693699096058879e-08,72.0,72.0,0.0,1719666.0,1719700.0,1.9771281167368926e-05
2016-12-08,71.99,71.98999786376953,2.967398893272133e-08,73.88,73.87999725341797,3.717625918220335e-08,71.93,71.93000030517578,4.242677320576149e-09,73.49,73.48999786376953,2.9068314977287457e-08,1650626.0,1650600.0,1.5751599696134377e-05
2016-12-09,73.58,73.58000183105469,2.4885222771331428e-08,74.55,74.55000305175781,4.093571859264955e-08,73.4,73.4000015258789,2.078854088871651e-08,74.37,74.37000274658203,3.693131667148464e-08,1453468.0,1453500.0,2.2016308580674604e-05
2016-12-12,74.56,74.55999755859375,3.274418258758516e-08,75.04,75.04000091552734,1.220052414652173e-08,74.07,74.06999969482422,4.12009959482873e-09,74.92,74.91999816894531,2.444013202929085e-08,1148794.0,1148800.0,5.222868503906852e-06
2016-12-13,75.34,75.33999633789062,4.860776980919468e-08,76.77,76.7699966430664,4.372715367573221e-08,75.05,75.05000305175781,4.0662995637319455e-08,76.28,76.27999877929688,1.6002925096181286e-08,1203923.0,1203900.0,1.9104211814169325e-05
2016-12-14,76.31,76.30999755859375,3.1993267590735286e-08,76.71,76.70999908447266,1.1934915056244222e-08,75.13,75.12999725341797,3.655772695676518e-08,75.43,75.43000030517578,4.045814350206456e-09,910241.0,910200.0,4.5043016080326126e-05
2016-12-15,75.4,75.4000015258789,2.0237120645916207e-08,77.93,77.93000030517578,3.916024393646467e-09,75.33,75.33000183105469,2.43071112127069e-08,77.5,77.5,0.0,1287754.0,1287800.0,3.572110822402941e-05
2016-12-16,77.51,77.51000213623047,2.756070771603447e-08,77.585,77.58000183105469,6.442184630151004e-05,76.05,76.05000305175781,4.012830778776788e-08,77.16,77.16000366210938,4.7461241381441255e-08,4039658.0,4039700.0,1.0396919739141808e-05
2016-12-19,77.42,77.41999816894531,2.365092599543317e-08,77.7892,77.79000091552734,1.0295973314367046e-05,76.93,76.93000030517578,3.96692811932553e-09,77.12,77.12000274658203,3.5614393434357794e-08,1373578.0,1373600.0,1.6016564039267323e-05
2016-12-20,77.21,77.20999908447266,1.1857626436295732e-08,77.735,77.73999786376953,6.429360995086064e-05,76.4,76.4000015258789,1.997223697536299e-08,76.88,76.87999725341797,3.572557272235599e-08,625147.0,625100.0,7.51823171190047e-05
2016-12-21,76.64,76.63999938964844,7.96387733537074e-09,76.99,76.98999786376953,2.7746856257060415e-08,76.2,76.19999694824219,4.0049315197521196e-08,76.51,76.51000213623047,2.7920931344738165e-08,474301.0,474300.0,2.1083657846254766e-06
2016-12-22,76.54,76.54000091552734,1.1961423185269382e-08,77.45,77.44999694824219,3.940294146520529e-08,75.87,75.87000274658203,3.62011602916823e-08,77.28,77.27999877929688,1.5795847851940437e-08,1079561.0,1079500.0,5.65044494937883e-05
2016-12-23,77.26,77.26000213623047,2.7649889489111956e-08,77.5,77.5,0.0,76.83,76.83000183105469,2.383254837923232e-08,77.46,77.45999908447266,1.1819356271480785e-08,643591.0,643600.0,1.3984036445480186e-05
2016-12-27,77.49,77.48999786376953,2.756782113699785e-08,77.73,77.7300033569336,4.318710389306091e-08,77.061,77.05999755859375,1.3008414194715101e-05,77.17,77.16999816894531,2.3727545483964718e-08,741341.0,741300.0,5.530518344454283e-05
2016-12-28,77.09,77.08999633789062,4.750433746369964e-08,77.6,77.5999984741211,1.9663387917923103e-08,76.05,76.05000305175781,4.012830778776788e-08,76.11,76.11000061035156,8.019334751807605e-09,629640.0,629600.0,6.352836541512197e-05
2016-12-29,76.2,76.19999694824219,4.0049315197521196e-08,77.04,77.04000091552734,1.1883791950495493e-08,76.17,76.16999816894531,2.4039053303503977e-08,76.86,76.86000061035156,7.94108201418453e-09,501284.0,501300.0,3.191803448743258e-05
2016-12-30,77.13,77.12999725341797,3.560977601679838e-08,77.84,77.83999633789062,4.7046626150404336e-08,76.78,76.77999877929688,1.5898712235618007e-08,77.04,77.04000091552734,1.1883791950495493e-08,703338.0,703300.0,5.4028077538847974e-05
2017-01-03,77.4,77.4000015258789,1.971419760771198e-08,77.4,77.4000015258789,1.971419760771198e-08,75.715,75.72000122070312,6.605323519948136e-05,75.84,75.83999633789062,4.82873071527834e-08,917110.0,917100.0,1.0903817426521911e-05
2017-01-04,75.69,75.69000244140625,3.225533418138582e-08,78.16,78.16000366210938,4.6854009339014624e-08,75.65,75.6500015258789,2.017024325340344e-08,77.84,77.83999633789062,4.7046626150404336e-08,1136088.0,1135400.0,0.0006055868911563067
2017-01-05,77.88,77.87999725341797,3.526684677623848e-08,78.08,78.08000183105469,2.345100780232201e-08,77.24,77.23999786376953,2.7657048984330856e-08,77.65,77.6500015258789,1.9650726379438765e-08,777339.0,777300.0,5.0171160844936225e-05
2017-01-06,77.91,77.91000366210938,4.700435596305397e-08,80.33,80.33000183105469,2.2794157672478832e-08,77.83,77.83000183105469,2.3526335546364407e-08,79.38,79.37999725341797,3.460042863334678e-08,1556280.0,1556300.0,1.2851157889404163e-05
2017-01-09,80.39,80.38999938964844,7.59238172332033e-09,81.1,81.0999984741211,1.8814782953846532e-08,78.528,78.52999877929688,2.5453077843184957e-05,78.84,78.83999633789062,4.644989060054172e-08,1252628.0,1252600.0,2.2353005042163865e-05
2017-01-10,78.85,78.8499984741211,1.9351666491473907e-08,79.27,79.2699966430664,4.234809625192071e-08,77.71,77.70999908447266,1.1781332354132701e-08,78.04,78.04000091552734,1.1731513760437906e-08,979240.0,979100.0,0.0001429680160124347
2017-01-11,78.19,78.19000244140625,3.1224021590503526e-08,80.34,80.33999633789062,4.5582640995078805e-08,78.05,78.05000305175781,3.9100036097750035e-08,80.16,80.16000366210938,4.5684997340700306e-08,1318437.0,1318200.0,0.0001797583047199458
2017-01-12,79.56,79.55999755859375,3.068635312519774e-08,79.82,79.81999969482422,3.823299565830496e-09,78.22,78.22000122070312,1.5606023140435354e-08,79.53,79.52999877929688,1.5348964210737392e-08,539069.0,539100.0,5.750655296443696e-05
2017-01-13,79.45,79.44999694824219,3.841104867507994e-08,80.23,80.2300033569336,4.1841375919560164e-08,79.01,79.01000213623047,2.7037469374491252e-08,79.66,79.66000366210938,4.597174707576812e-08,440550.0,440500.0,0.00011349449551700808
2017-01-17,79.69,79.69000244140625,3.0636293724128905e-08,80.8,80.80000305175781,3.776927992582557e-08,79.04,79.04000091552734,1.1583088710409584e-08,80.63,80.62999725341797,3.4064021159352365e-08,895243.0,895200.0,4.803165174149804e-05
2017-01-18,80.49,80.48999786376953,2.6540321274026724e-08,81.16,81.16000366210938,4.512209672569156e-08,80.0781,80.08000183105469,2.3749702536379758e-05,80.51,80.51000213623047,2.653372832561729e-08,637057.0,637100.0,6.749788480475694e-05
2017-01-19,80.74,80.73999786376953,2.645814300983318e-08,80.98,80.9800033569336,4.145386012233132e-08,79.75,79.75,0.0,79.96,79.95999908447266,1.144981665035516e-08,999738.0,999700.0,3.8009958609142025e-05
2017-01-20,79.63,79.62999725341797,3.4491799860703054e-08,80.43,80.43000030517578,3.7943028718956384e-09,79.53,79.52999877929688,1.5348964210737392e-08,80.35,80.3499984741211,1.8990403249929955e-08,696064.0,696100.0,5.171938212589211e-05
2017-01-23,79.56,79.55999755859375,3.068635312519774e-08,80.005,80.01000213623047,6.252279520624349e-05,79.28,79.27999877929688,1.5397365382696648e-08,79.92,79.91999816894531,2.2911094688105038e-08,844665.0,844400.0,0.0003137338471465023
2017-01-24,79.99,79.98999786376953,2.67062191250389e-08,80.94,80.94000244140625,3.016316107995465e-08,79.6401,79.63999938964844,1.2633127226546748e-06,80.9,80.9000015258789,1.8861296746663925e-08,638297.0,638300.0,4.700006423385972e-06
2017-01-25,81.12,81.12000274658203,3.38582597514403e-08,81.82,81.81999969482422,3.729843212063599e-09,81.075,81.08000183105469,6.169387671528526e-05,81.51,81.51000213623047,2.6208200942789972e-08,669217.0,669200.0,2.540282150631512e-05
2017-01-26,81.63,81.62999725341797,3.3646723296421044e-08,81.85,81.8499984741211,1.8642381194311497e-08,80.19,80.19000244140625,3.044527052686874e-08,80.99,80.98999786376953,2.6376472006539586e-08,590581.0,590500.0,0.0001371530746840932
2017-01-27,80.65,80.6500015258789,1.891976308954213e-08,80.65,80.6500015258789,1.891976308954213e-08,77.42,77.41999816894531,2.365092599543317e-08,77.58,77.58000183105469,2.360214867991317e-08,1844283.0,1844300.0,9.217674294070832e-06
2017-01-30,77.15,77.1500015258789,1.9778080284638122e-08,78.43,78.43000030517578,3.891059252580931e-09,76.06,76.05999755859375,3.209842558415943e-08,76.3,76.30000305175781,3.999682585131836e-08,1088154.0,1088200.0,4.227342820950497e-05
2017-01-31,76.1,76.0999984741211,2.005097110568954e-08,77.155,77.16000366210938,6.485207840545293e-05,76.0,76.0,0.0,77.14,77.13999938964844,7.912257737885398e-09,872867.0,872900.0,3.780644703033076e-05
2017-02-01,77.11,77.11000061035156,7.915336164288078e-09,77.59,77.58999633789062,4.71982134486737e-08,76.06,76.05999755859375,3.209842558415943e-08,76.48,76.4800033569336,4.389296015538946e-08,772475.0,772500.0,3.236350690971612e-05
2017-02-02,76.45,76.44999694824219,3.9918349403755826e-08,76.8985,76.9000015258789,1.9526075006659482e-05,75.91,75.91000366210938,4.8242779326912455e-08,76.8,76.80000305175781,3.9736429924275285e-08,519146.0,519100.0,8.860705851532202e-05
2017-02-03,76.91,76.91000366210938,4.761551664067554e-08,77.03,77.02999877929688,1.584711317725862e-08,72.0,72.0,0.0,73.71,73.70999908447266,1.242066660633867e-08,3443433.0,3443300.0,3.862424504852413e-05
2017-02-06,73.83,73.83000183105469,2.4800957509896193e-08,75.98,75.9800033569336,4.418180554743856e-08,73.3501,73.3499984741211,1.3841273414083588e-06,75.31,75.30999755859375,3.241808854692607e-08,1539570.0,1539600.0,1.9485960365495103e-05
2017-02-07,75.29,75.29000091552734,1.2160012552442367e-08,76.56,76.55999755859375,3.1888796381274176e-08,74.475,74.47000122070312,6.712023225063923e-05,74.84,74.83999633789062,4.893251437376733e-08,898208.0,898200.0,8.906622964821587e-06
2017-02-08,74.8,74.80000305175781,4.0798901368432894e-08,75.715,75.72000122070312,6.605323519948136e-05,74.37,74.37000274658203,3.693131667148464e-08,75.45,75.44999694824219,4.04474196358251e-08,565001.0,564200.0,0.0014176966058466745
2017-02-09,75.71,75.70999908447266,1.2092554957376933e-08,76.56,76.55999755859375,3.1888796381274176e-08,75.4,75.4000015258789,2.0237120645916207e-08,76.18,76.18000030517578,4.005982878751979e-09,563642.0,563600.0,7.451538387837076e-05
2017-02-10,76.23,76.2300033569336,4.4036909230271704e-08,77.05,77.05000305175781,3.9607499280336356e-08,75.56,75.55999755859375,3.231082912336092e-08,76.77,76.7699966430664,4.372715367573221e-08,483274.0,483300.0,5.379970782626309e-05
2017-02-13,76.85,76.8499984741211,1.9855288191372722e-08,78.32,78.31999969482422,3.8965242143973455e-09,76.2301,76.2300033569336,1.2677809211325552e-06,78.19,78.19000244140625,3.1224021590503526e-08,986757.0,986600.0,0.00015910705472577114
2017-02-14,78.12,78.12000274658203,3.515850011126531e-08,78.36,78.36000061035156,7.789070499697459e-09,77.46,77.45999908447266,1.1819356271480785e-08,77.56,77.55999755859375,3.147764637834172e-08,696656.0,696700.0,6.31588617625578e-05
2017-02-15,77.25,77.25,0.0,78.31,78.30999755859375,3.117617486392277e-08,76.8,76.80000305175781,3.9736429924275285e-08,77.39,77.38999938964844,7.886698072390175e-09,861458.0,861500.0,4.875455332697953e-05
2017-02-16,81.46,81.45999908447266,1.1238980301975232e-08,86.77,86.7699966430664,3.8687721470864744e-08,80.87,80.87000274658203,3.396292846957749e-08,83.35,83.3499984741211,1.8306885452012978e-08,4370541.0,4370500.0,9.380989676066598e-06
2017-02-17,83.18,83.18000030517578,3.6688601046108715e-09,85.29,85.29000091552734,1.0734287014813049e-08,82.79,82.79000091552734,1.1058429061350239e-08,85.15,85.1500015258789,1.7919893124940245e-08,2140505.0,2140100.0,0.00018920768697106016
2017-02-21,84.79,84.79000091552734,1.0797586158517447e-08,85.89,85.88999938964844,7.106200516915351e-09,84.5001,84.5,1.183430552220699e-06,85.76,85.76000213623047,2.490940365085237e-08,1241613.0,1241600.0,1.0470251197380875e-05
2017-02-22,85.85,85.8499984741211,1.7773778671070772e-08,86.75,86.75,0.0,84.97,84.97000122070312,1.4366283718203476e-08,85.41,85.41000366210938,4.287682209280774e-08,808928.0,808400.0,0.0006527156928676225
2017-02-23,85.25,85.25,0.0,85.8,85.80000305175781,3.5568272993558026e-08,84.36,84.36000061035156,7.2350825330858015e-09,84.69,84.69000244140625,2.8827562337241375e-08,1111691.0,1111700.0,8.095774815197743e-06
2017-02-24,84.4,84.4000015258789,1.8079133967674466e-08,84.4,84.4000015258789,1.8079133967674466e-08,82.1,82.0999984741211,1.8585613936750178e-08,82.93,82.93000030517578,3.6799201463821873e-09,1021898.0,1021900.0,1.957142493624886e-06
2017-02-27,83.25,83.25,0.0,83.79,83.79000091552734,1.0926451077253319e-08,82.96,82.95999908447266,1.1035768299194615e-08,83.42,83.41999816894531,2.1949828399314697e-08,753109.0,753100.0,1.1950461354159891e-05
2017-02-28,83.64,83.63999938964844,7.297364490455038e-09,83.98,83.9800033569336,3.997301245561857e-08,82.76,82.76000213623047,2.581235447607355e-08,82.88,82.87999725341797,3.313926189019156e-08,711619.0,711500.0,0.00016722431525861836
2017-03-01,83.3,83.30000305175781,3.6635747990843015e-08,83.435,83.44000244140625,5.99561503715762e-05,82.57,82.56999969482422,3.695964312377953e-09,82.64,82.63999938964844,7.385667522008532e-09,512885.0,512500.0,0.0007506556050577151
2017-03-02,82.53,82.52999877929688,1.479102296197965e-08,83.11,83.11000061035156,7.3439003767106215e-09,81.65,81.6500015258789,1.8688045333448144e-08,82.13,82.12999725341797,3.344188514997626e-08,1026427.0,1026400.0,2.6304841941993118e-05
2017-03-03,81.9,81.9000015258789,1.863100007604146e-08,82.29,82.29000091552734,1.1125620869023578e-08,80.1,80.0999984741211,1.9049674171434106e-08,80.73,80.7300033569336,4.158223210204426e-08,886794.0,886800.0,6.7659456424173925e-06
2017-03-06,80.75,80.75,0.0,80.79,80.79000091552734,1.1332186300450076e-08,79.26,79.26000213623047,2.695218848103309e-08,79.85,79.8499984741211,1.910931624049539e-08,785306.0,785300.0,7.640333831604451e-06
2017-03-07,81.19,81.19000244140625,3.007028270829437e-08,82.24,82.23999786376953,2.597556492123232e-08,80.49,80.48999786376953,2.6540321274026724e-08,80.86,80.86000061035156,7.548250913202992e-09,1125052.0,1124500.0,0.0004906439880112412
2017-03-08,80.64,80.63999938964844,7.568843773952949e-09,81.85,81.8499984741211,1.8642381194311497e-08,80.51,80.51000213623047,2.653372832561729e-08,81.64,81.63999938964844,7.476133823125508e-09,839572.0,839600.0,3.335032611850863e-05
2017-03-09,81.74,81.73999786376953,2.613445637678069e-08,81.925,81.93000030517578,6.103515625e-05,80.88,80.87999725341797,3.395872927303145e-08,81.76,81.76000213623047,2.6128063490560294e-08,637046.0,637000.0,7.220828637177767e-05
2017-03-10,81.94,81.94000244140625,2.979504820643797e-08,82.359,82.36000061035156,1.2149374707837168e-05,81.49,81.48999786376953,2.6214633241927743e-08,81.82,81.81999969482422,3.729843212063599e-09,546254.0,546000.0,0.0004649851534267446
2017-03-13,81.92,81.91999816894531,2.2351741790771484e-08,82.35,82.3499984741211,1.8529191292415703e-08,81.49,81.48999786376953,2.6214633241927743e-08,82.23,82.2300033569336,4.082370907987354e-08,806256.0,806300.0,5.4573237284527565e-05
2017-03-14,82.06,82.05999755859375,2.9751477614858857e-08,82.56,82.55999755859375,2.9571296633612576e-08,81.985,81.98999786376953,6.0960709514334965e-05,82.31,82.30999755859375,2.9661113454260146e-08,546863.0,546900.0,6.765862748081553e-05
2017-03-15,82.25,82.25,0.0,83.51,83.51000213623047,2.5580534801505905e-08,82.0,82.0,0.0,83.03,83.02999877929688,1.4701952655293837e-08,598066.0,598100.0,5.6849912885903464e-05
2017-03-16,82.98,82.9800033569336,4.045473112057607e-08,83.46,83.45999908447266,1.096965418501128e-08,82.79,82.79000091552734,1.1058429061350239e-08,83.28,83.27999877929688,1.4657818514507426e-08,512462.0,512500.0,7.415183955106208e-05
2017-03-17,83.38,83.37999725341797,3.2940537630921085e-08,84.68,84.68000030517578,3.603870757373784e-09,83.05,83.05000305175781,3.6746030218637316e-08,84.15,84.1500015258789,1.8132845003293596e-08,1067864.0,1067300.0,0.0005281571436063226
2017-03-20,84.53,84.52999877929688,1.4441063789227826e-08,84.86,84.86000061035156,7.1924530775646645e-09,83.39,83.38999938964844,7.319241657199882e-09,83.51,83.51000213623047,2.5580534801505905e-08,866378.0,866400.0,2.539307323123907e-05
2017-03-21,83.7,83.69999694824219,3.646066681906035e-08,83.7,83.69999694824219,3.646066681906035e-08,81.96,81.95999908447266,1.1170416480688061e-08,82.38,82.37999725341797,3.3340398442049946e-08,1230011.0,1230000.0,8.94300945275539e-06
2017-03-22,81.0,81.0,0.0,82.69,82.69000244140625,2.952480659956791e-08,81.0,81.0,0.0,82.09,82.08999633789062,4.461090730156769e-08,864983.0,864800.0,0.00021156485156359484
2017-03-23,82.25,82.25,0.0,83.36,83.36000061035156,7.321875772348108e-09,81.64,81.63999938964844,7.476133823125508e-09,82.04,82.04000091552734,1.1159523749526556e-08,1226835.0,1226800.0,2.8528693752583045e-05
2017-03-24,82.24,82.23999786376953,2.597556492123232e-08,82.44,82.44000244140625,2.961434075743341e-08,81.7,81.69999694824219,3.735321685294224e-08,82.05,82.05000305175781,3.719387953182718e-08,536712.0,536700.0,2.2358359790697335e-05
2017-03-27,81.67,81.66999816894531,2.2420162726355386e-08,82.225,82.2300033569336,6.084958265240026e-05,81.11,81.11000061035156,7.524985301543552e-09,81.61,81.61000061035156,7.478881958178363e-09,589739.0,589700.0,6.613094945395748e-05
2017-03-28,81.75,81.75,0.0,81.75,81.75,0.0,80.51,80.51000213623047,2.653372832561729e-08,81.13,81.12999725341797,3.385408631206843e-08,550520.0,550500.0,3.632928867247642e-05
2017-03-29,80.9,80.9000015258789,1.8861296746663925e-08,81.0,81.0,0.0,80.29,80.29000091552734,1.1402756738831954e-08,80.65,80.6500015258789,1.891976308954213e-08,670183.0,670000.0,0.0002730597463678208
2017-03-30,80.43,80.43000030517578,3.7943028718956384e-09,81.47,81.47000122070312,1.4983467799822847e-08,80.35,80.3499984741211,1.8990403249929955e-08,81.36,81.36000061035156,7.501862908654289e-09,676645.0,676600.0,6.65045925115626e-05
2017-03-31,81.43,81.43000030517578,3.747706811552121e-09,83.22,83.22000122070312,1.4668386505434228e-08,81.39,81.38999938964844,7.499097676166855e-09,82.89,82.88999938964844,7.363392007242453e-09,754850.0,754900.0,6.623832549523812e-05
2017-04-03,82.93,82.93000030517578,3.6799201463821873e-09,83.25,83.25,0.0,81.35,81.3499984741211,1.8756962538724054e-08,81.85,81.8499984741211,1.8642381194311497e-08,1022169.0,1022200.0,3.0327665972995632e-05
2017-04-04,81.98,81.9800033569336,4.0948201940338436e-08,82.64,82.63999938964844,7.385667522008532e-09,80.95,80.94999694824219,3.769929357577695e-08,81.07,81.06999969482422,3.764349054691252e-09,470809.0,470800.0,1.91160321914019e-05
2017-04-05,81.16,81.16000366210938,4.512209672569156e-08,83.32,83.31999969482422,3.6626953692220354e-09,80.97,80.97000122070312,1.5075992676472083e-08,82.3,82.30000305175781,3.708089679754778e-08,839770.0,839700.0,8.335615704302413e-05
2017-04-06,82.41,82.41000366210938,4.443768197859299e-08,82.99,82.98999786376953,2.574081769957104e-08,81.83,81.83000183105469,2.2376325237161154e-08,82.51,82.51000213623047,2.5890564359087875e-08,658876.0,658900.0,3.6425670384199194e-05
2017-04-07,82.47,82.47000122070312,1.4801784020690434e-08,82.99,82.98999786376953,2.574081769957104e-08,81.65,81.6500015258789,1.8688045333448144e-08,81.87,81.87000274658203,3.354808875144499e-08,628894.0,628500.0,0.0006264966751153844
2017-04-10,81.95,81.94999694824219,3.723926556009616e-08,82.69,82.69000244140625,2.952480659956791e-08,81.8955,81.9000015258789,5.496670609383969e-05,82.57,82.56999969482422,3.695964312377953e-09,417527.0,417500.0,6.466647665903658e-05
2017-04-11,82.24,82.23999786376953,2.597556492123232e-08,82.55,82.55000305175781,3.6968598626785365e-08,81.19,81.19000244140625,3.007028270829437e-08,81.82,81.81999969482422,3.729843212063599e-09,350358.0,349900.0,0.0013072343146153242
2017-04-12,81.62,81.62000274658203,3.365084566553378e-08,81.76,81.76000213623047,2.6128063490560294e-08,80.85,80.8499984741211,1.8872961082827544e-08,81.27,81.2699966430664,4.1305938114355456e-08,433084.0,433100.0,3.6944334124600076e-05
2017-04-13,81.72,81.72000122070312,1.4937630021805148e-08,83.11,83.11000061035156,7.3439003767106215e-09,81.31,81.30999755859375,3.0025903985375635e-08,81.92,81.91999816894531,2.2351741790771484e-08,856037.0,856000.0,4.3222430806122425e-05
2017-04-17,82.3,82.30000305175781,3.708089679754778e-08,83.05,83.05000305175781,3.6746030218637316e-08,81.67,81.66999816894531,2.2420162726355386e-08,82.95,82.94999694824219,3.6790329338565186e-08,514564.0,514600.0,6.996214270715839e-05
2017-04-18,82.49,82.48999786376953,2.5896841560069106e-08,83.4,83.4000015258789,1.829591012025844e-08,82.21,82.20999908447266,1.1136447319870513e-08,83.26,83.26000213623047,2.5657344027152362e-08,471883.0,471900.0,3.602587929640855e-05
2017-04-19,83.54,83.54000091552734,1.0959149365774579e-08,84.115,84.12000274658203,5.947508270853774e-05,83.22,83.22000122070312,1.4668386505434228e-08,83.82,83.81999969482422,3.6408467352089247e-09,621763.0,621800.0,5.950820489486475e-05
2017-04-20,84.32,84.31999969482422,3.619257338272064e-09,85.24,85.23999786376953,2.5061361652589653e-08,83.87,83.87000274658203,3.274808668685125e-08,85.12,85.12000274658203,3.2267176042211076e-08,790629.0,790500.0,0.0001631612298562679
2017-04-21,85.25,85.25,0.0,85.88,85.87999725341797,3.1981625792099067e-08,85.11,85.11000061035156,7.1713259774952576e-09,85.56,85.55999755859375,2.85344349260086e-08,727966.0,727900.0,9.066357494713628e-05
2017-04-24,86.3,86.30000305175781,3.536219939093144e-08,86.94,86.94000244140625,2.80815073416818e-08,85.7,85.69999694824219,3.560977612782068e-08,86.2,86.19999694824219,3.5403222908847454e-08,1116148.0,1116100.0,4.300504950960349e-05
2017-04-25,86.45,86.44999694824219,3.530084224934171e-08,86.88,86.87999725341797,3.1613513251649294e-08,86.0,86.0,0.0,86.79,86.79000091552734,1.0548765194684506e-08,690645.0,693100.0,0.0035546481911836736
2017-04-26,86.71,86.70999908447266,1.0558497742785278e-08,87.35,87.3499984741211,1.7468562152345157e-08,86.29,86.29000091552734,1.0609889189439059e-08,86.54,86.54000091552734,1.0579239040353627e-08,582474.0,582800.0,0.0005596816338584443
2017-04-27,86.57,86.56999969482422,3.525190916953136e-09,87.3261,87.33000183105469,4.468115551592433e-05,85.4556,85.45999908447266,5.147801282356923e-05,85.63,85.62999725341797,3.2074997435849184e-08,498053.0,498300.0,0.0004959311559211699
2017-04-28,85.49,85.48999786376953,2.498807416539961e-08,85.92,85.91999816894531,2.131115794945515e-08,84.78,84.77999877929688,1.4398479852850699e-08,85.32,85.33999633789062,0.0002343687047658971,790509.0,797600.0,0.008970169852588583
2017-05-01,85.69,85.69000244140625,2.8491145442899324e-08,86.08,86.08000183105469,2.1271546080114945e-08,84.9,84.9000015258789,1.797266069303305e-08,85.98,85.9800033569336,3.90431913466216e-08,408990.0,409300.0,0.0007579647424142966
2017-05-02,86.25,86.25,0.0,86.612,86.61000061035156,2.308444151422062e-05,85.79,85.79000091552734,1.0671725503286211e-08,86.27,86.2699966430664,3.891194610972093e-08,436960.0,438000.0,0.0023800805565727945
2017-05-03,86.24,86.23999786376953,2.4770761442027833e-08,86.3647,86.36000061035156,5.441331526001569e-05,85.32,85.31999969482422,3.576837492857976e-09,85.59,85.58999633789062,4.2786650111814595e-08,338143.0,342700.0,0.013476546904712006
2017-05-04,85.94,85.94000244140625,2.8408264407531192e-08,86.64,86.63999938964844,7.0446856126338275e-09,85.12,85.12000274658203,3.2267176042211076e-08,85.73,85.7300033569336,3.9157046494153747e-08,632591.0,634300.0,0.0027015875976736936
2017-05-05,84.09,84.08999633789062,4.3549879591431306e-08,88.0,88.0,0.0,84.0,84.0,0.0,87.0,87.0,0.0,1007411.0,1008600.0,0.001180253143950205
2017-05-08,86.85,86.8499984741211,1.756912959560708e-08,87.37,87.37000274658203,3.1436214076308033e-08,85.34,85.33999633789062,4.291199173778182e-08,85.75,85.75,0.0,994596.0,998800.0,0.00422684185337574
2017-05-09,86.08,86.08000183105469,2.1271546080114945e-08,86.88,86.87999725341797,3.1613513251649294e-08,85.81,85.80999755859375,2.845130231410309e-08,86.27,86.2699966430664,3.891194610972093e-08,709228.0,710100.0,0.001229505885272486
2017-05-10,86.33,86.33000183105469,2.1209946687861247e-08,86.88,86.87999725341797,3.1613513251649294e-08,85.53,85.52999877929688,1.4272221737776647e-08,85.75,85.75,0.0,392393.0,392600.0,0.0005275323463975745
2017-05-11,85.58,85.58000183105469,2.1395824889580695e-08,85.58,85.58000183105469,2.1395824889580695e-08,84.31,84.30999755859375,2.895749318110319e-08,84.98,84.9800033569336,3.950263116614394e-08,485681.0,488200.0,0.005186531900568392
2017-05-12,84.84,84.83999633789062,4.3164891327940325e-08,84.84,84.83999633789062,4.3164891327940325e-08,83.83,83.83000183105469,2.1842475161903963e-08,84.47,84.47000122070312,1.4451321472819245e-08,1069186.0,1073100.0,0.0036607288161274454
2017-05-15,84.35,84.3499984741211,1.8089850617464265e-08,84.62,84.62000274658203,3.245783530836377e-08,83.76,83.76000213623047,2.550418409796862e-08,84.14,84.13999938964844,7.254000067291599e-09,820822.0,825500.0,0.005699164983394622
2017-05-16,84.02,84.0199966430664,3.9953982233775776e-08,84.65,84.6500015258789,1.8025740011751168e-08,83.45,83.44999694824219,3.656989588929349e-08,83.75,83.75,0.0,734405.0,759300.0,0.033898189690974245
2017-05-17,83.23,83.2300033569336,4.033321632235243e-08,84.08,84.08000183105469,2.1777529557454045e-08,83.23,83.2300033569336,4.033321632235243e-08,83.32,83.31999969482422,3.6626953692220354e-09,628086.0,650000.0,0.034890126511337716
2017-05-18,83.25,83.25,0.0,83.96,83.95999908447266,1.090432755201931e-08,83.14,83.13999938964844,7.341250496395446e-09,83.76,83.76000213623047,2.550418409796862e-08,606574.0,600800.0,0.009519036424245009
2017-05-19,83.92,83.91999816894531,2.1819050122218187e-08,83.92,83.91999816894531,2.1819050122218187e-08,83.08,83.08000183105469,2.2039656766281723e-08,83.56,83.55999755859375,2.92174037186399e-08,647261.0,647500.0,0.0003692482630655025
2017-05-22,83.58,83.58000183105469,2.1907809122367894e-08,84.74,84.73999786376953,2.520923370052941e-08,83.58,83.58000183105469,2.1907809122367894e-08,84.18,84.18000030517578,3.6252765234223716e-09,588491.0,588700.0,0.0003551456181998258
2017-05-23,84.5,84.5,0.0,84.5,84.5,0.0,82.41,82.41000366210938,4.443768197859299e-08,83.05,83.05000305175781,3.6746030218637316e-08,614271.0,615700.0,0.0023263347936008927
2017-05-24,83.04,83.04000091552734,1.10251365814662e-08,83.72,83.72000122070312,1.458078258131934e-08,82.87,82.87000274658203,3.314326080250396e-08,82.99,82.98999786376953,2.574081769957104e-08,347905.0,347900.0,1.4371739411656037e-05
2017-05-25,83.47,83.47000122070312,1.4624453426037576e-08,83.472,83.47000122070312,2.3945506240075076e-05,82.95,82.94999694824219,3.6790329338565186e-08,83.35,83.3499984741211,1.8306885452012978e-08,1052449.0,1057500.0,0.00479928243553851
2017-05-26,83.37,83.37000274658203,3.294448869262112e-08,83.55,83.55000305175781,3.6526125901659157e-08,82.34,82.33999633789062,4.447545998154112e-08,82.4,82.4000015258789,1.851794784180072e-08,464498.0,472400.0,0.0170119139371967
2017-05-30,82.1,82.0999984741211,1.8585613936750178e-08,82.56,82.55999755859375,2.9571296633612576e-08,81.3279,81.33000183105469,2.5843911556577837e-05,81.48,81.4800033569336,4.119947960568027e-08,710542.0,719700.0,0.012888752529758962
2017-05-31,81.49,81.48999786376953,2.6214633241927743e-08,81.91,81.91000366210938,4.470894121588742e-08,80.68,80.68000030517578,3.782545610064858e-09,81.77,81.7699966430664,4.105336415261007e-08,925947.0,946600.0,0.022304732344291756
2017-06-01,81.96,81.95999908447266,1.1170416480688061e-08,84.6,84.5999984741211,1.803639360087317e-08,81.47,81.47000122070312,1.4983467799822847e-08,84.19,84.19000244140625,2.899876760942277e-08,781340.0,785300.0,0.005068216141500548
2017-06-02,83.88,83.87999725341797,3.2744182476562855e-08,83.95,83.94999694824219,3.635208833951964e-08,82.27,82.2699966430664,4.0803860290594685e-08,82.32,82.31999969482422,3.707188667156913e-09,673699.0,676000.0,0.0034154718947185803
2017-06-05,82.15,82.1500015258789,1.8574301874352273e-08,82.15,82.1500015258789,1.8574301874352273e-08,81.11,81.11000061035156,7.524985301543552e-09,81.16,81.16000366210938,4.512209672569156e-08,798311.0,865000.0,0.08353761879768662
2017-06-06,80.69,80.69000244140625,3.0256614769186285e-08,80.8,80.80000305175781,3.776927992582557e-08,79.171,79.16999816894531,1.2654015418500641e-05,79.23,79.2300033569336,4.236947614977282e-08,847640.0,851600.0,0.0046717946297956114
2017-06-07,79.23,79.2300033569336,4.236947614977282e-08,80.53,80.52999877929688,1.515836489662803e-08,78.56,78.55999755859375,3.107696344706312e-08,80.48,80.4800033569336,4.171140144393348e-08,1064998.0,1071300.0,0.005917382004473337
2017-06-08,80.23,78.80000305175781,0.017823718661874488,80.49,80.48999786376953,2.6540321274026724e-08,78.45,78.44999694824219,3.890067323819579e-08,78.98,78.9800033569336,4.250359064705833e-08,1004903.0,1015300.0,0.010346272227269804
2017-06-09,78.99,78.98999786376953,2.7044315231705696e-08,79.22,79.22000122070312,1.540902716534731e-08,78.51,78.51000213623047,2.720966074676312e-08,79.01,79.01000213623047,2.7037469374491252e-08,750465.0,754900.0,0.005909669338343582
2017-06-12,79.09,79.08999633789062,4.6303064604735766e-08,80.19,80.19000244140625,3.044527052686874e-08,78.83,78.83000183105469,2.322789161013361e-08,79.15,79.1500015258789,1.927831849712902e-08,588105.0,592100.0,0.00679300465053001
2017-06-13,79.48,79.4800033569336,4.2236205199941423e-08,79.67,79.66999816894531,2.2982988401309967e-08,78.59,78.58999633789062,4.65976508490229e-08,78.7,78.69999694824219,3.8777100530573705e-08,628936.0,636400.0,0.011867662210463426
2017-06-14,78.72,78.72000122070312,1.5506899542216956e-08,79.23,79.2300033569336,4.236947614977282e-08,78.16,78.16000366210938,4.6854009339014624e-08,78.24,78.23999786376953,2.730355908031612e-08,752763.0,759400.0,0.008816852050379742
2017-06-15,77.68,77.68000030517578,3.9286274233774066e-09,78.23,78.2300033569336,4.291107735809874e-08,77.3,77.30000305175781,3.9479402635933525e-08,78.17,78.16999816894531,2.342400784449694e-08,617350.0,623400.0,0.009799951405199625
2017-06-16,78.47,78.47000122070312,1.555630335658975e-08,78.95,78.94999694824219,3.865431053018398e-08,78.02,78.0199966430664,4.3026577634108776e-08,78.43,78.43000030517578,3.891059252580931e-09,792765.0,815900.0,0.02918267077885628
2017-06-19,78.49,78.48999786376953,2.7216593978529602e-08,79.2,79.19999694824219,3.853229568751004e-08,78.01,78.01000213623047,2.7384059242407943e-08,79.07,79.06999969482422,3.859564667862969e-09,458847.0,482100.0,0.050677023059974236
2017-06-20,79.09,79.08999633789062,4.6303064604735766e-08,79.627,79.62999725341797,3.764116967830411e-05,78.12,78.12000274658203,3.515850011126531e-08,78.13,78.12999725341797,3.51540000442796e-08,410565.0,417900.0,0.017865624200796404
2017-06-21,78.18,78.18000030517578,3.90350174406251e-09,78.38,78.37999725341797,3.5041873291952186e-08,76.19,76.19000244140625,3.204365728315395e-08,76.34,76.33999633789062,4.797104247167283e-08,709622.0,715100.0,0.007719602830802863
2017-06-22,76.34,76.33999633789062,4.797104247167283e-08,77.55,77.55000305175781,3.935213177541641e-08,75.9,75.9000015258789,2.0103806397386847e-08,77.21,77.20999908447266,1.1857626436295732e-08,724172.0,727200.0,0.004181327088039755
2017-06-23,77.14,77.13999938964844,7.912257737885398e-09,77.76,77.76000213623047,2.7472099484171508e-08,76.396,76.4000015258789,5.2378735521552144e-05,76.88,76.87999725341797,3.572557272235599e-08,1193649.0,2468300.0,1.0678608200568176
2017-06-26,76.8,76.80000305175781,3.9736429924275285e-08,78.87,78.87000274658203,3.482416666145127e-08,76.76,76.76000213623047,2.7829995641326377e-08,78.25,78.25,0.0,712077.0,713300.0,0.0017175108871652078
2017-06-27,78.4,78.4000015258789,1.946274097441858e-08,78.58,78.58000183105469,2.3301790497143315e-08,77.01,77.01000213623047,2.773965013247448e-08,77.24,77.23999786376953,2.7657048984330856e-08,638766.0,639300.0,0.0008359868872169773
2017-06-28,77.5,77.5,0.0,78.2,78.19999694824219,3.9025035980522205e-08,77.0001,77.0,1.2986996120734062e-06,77.72,77.72000122070312,1.5706422162864442e-08,797605.0,804300.0,0.008393879175782493
2017-06-29,77.72,77.72000122070312,1.5706422162864442e-08,78.41,78.41000366210938,4.6704621503579347e-08,76.59,76.58999633789062,4.781445850365884e-08,77.22,77.22000122070312,1.5808121256455365e-08,688296.0,691800.0,0.005090833013703389
2017-06-30,77.23,77.2300033569336,4.346670445798395e-08,77.77,77.7699966430664,4.316489121691802e-08,76.135,76.13999938964844,6.566480131908747e-05,76.32,76.31999969482422,3.998634312551985e-09,666091.0,675600.0,0.01427582717676712
2017-07-03,76.6,76.5999984741211,1.9920090132963253e-08,77.14,77.13999938964844,7.912257737885398e-09,75.91,75.91000366210938,4.8242779326912455e-08,76.37,76.37000274658203,3.596414854811769e-08,548982.0,549000.0,3.278796026107145e-05
2017-07-05,76.12,76.12000274658203,3.608226517570756e-08,76.245,76.25,6.557807069307309e-05,75.39,75.38999938964844,8.09592204387144e-09,75.65,75.6500015258789,2.017024325340344e-08,1242486.0,1242800.0,0.0002527191453263189
2017-07-06,75.25,75.25,0.0,75.7399,75.73999786376953,1.2921032312984693e-06,74.22,74.22000122070312,1.644709146653156e-08,75.23,75.2300033569336,4.462227298773769e-08,1494247.0,1494300.0,3.5469370191165694e-05
2017-07-07,75.39,75.38999938964844,8.09592204387144e-09,77.06,77.05999755859375,3.168188755786616e-08,75.18,75.18000030517578,4.0592680328188635e-09,76.48,76.4800033569336,4.389296015538946e-08,810849.0,821900.0,0.0136289247443111
2017-07-10,76.42,76.41999816894531,2.3960412098844586e-08,76.44,76.44000244140625,3.1938857336655246e-08,75.38,75.37999725341797,3.6436482164781125e-08,75.39,75.38999938964844,8.09592204387144e-09,636835.0,636800.0,5.495929086807294e-05
2017-07-11,75.31,75.30999755859375,3.241808854692607e-08,75.94,75.94000244140625,3.2149147344284756e-08,75.05,75.05000305175781,4.0662995637319455e-08,75.73,75.7300033569336,4.432765865480803e-08,466787.0,468300.0,0.003241307062964438
2017-07-12,76.12,76.12000274658203,3.608226517570756e-08,76.64,76.63999938964844,7.96387733537074e-09,75.47,75.47000122070312,1.617468026182678e-08,75.65,75.6500015258789,2.017024325340344e-08,515109.0,516900.0,0.003476934008141974
2017-07-13,75.36,75.36000061035156,8.099144910289624e-09,76.5,76.5,0.0,75.33,75.33000183105469,2.43071112127069e-08,75.97,75.97000122070312,1.606822586097678e-08,914052.0,914600.0,0.0005995282544100089
2017-07-14,76.06,76.05999755859375,3.209842558415943e-08,76.4661,76.47000122070312,5.101895746117968e-05,75.53,75.52999877929688,1.6161831428718187e-08,76.3,76.30000305175781,3.999682585131836e-08,516048.0,516600.0,0.0010696679378663365
2017-07-17,76.25,76.25,0.0,76.49,76.48999786376953,2.7928231949303495e-08,75.28,75.27999877929688,1.621550382857606e-08,75.48,75.4800033569336,4.447447787825354e-08,423180.0,423500.0,0.0007561794035635394
2017-07-18,75.41,75.41000366210938,4.856264923525089e-08,76.26,76.26000213623047,2.801246345995878e-08,74.87,74.87000274658203,3.6684680404519554e-08,75.89,75.88999938964844,8.042582155809441e-09,569248.0,569200.0,8.432177188144596e-05
2017-07-19,75.84,75.83999633789062,4.82873071527834e-08,76.31,76.30999755859375,3.1993267590735286e-08,75.6,75.5999984741211,2.018358336020043e-08,76.2,76.19999694824219,4.0049315197521196e-08,285862.0,285900.0,0.00013293127453106734
2017-07-20,76.32,76.31999969482422,3.998634312551985e-09,76.8,76.80000305175781,3.9736429924275285e-08,76.2,76.19999694824219,4.0049315197521196e-08,76.65,76.6500015258789,1.9907095971660738e-08,340919.0,345600.0,0.013730534232471614
2017-07-21,76.48,76.4800033569336,4.389296015538946e-08,77.6,77.5999984741211,1.9663387917923103e-08,76.47,76.47000122070312,1.5963163679799663e-08,77.54,77.54000091552734,1.180716191484521e-08,528591.0,537500.0,0.01685424080243525
2017-07-24,77.58,77.58000183105469,2.360214867991317e-08,77.76,77.76000213623047,2.7472099484171508e-08,76.21,76.20999908447266,1.2013217864925707e-08,76.41,76.41000366210938,4.7927095625510674e-08,426833.0,428600.0,0.0041397923778152546
2017-07-25,76.83,76.83000183105469,2.383254837923232e-08,77.7,77.69999694824219,3.927616232246578e-08,76.31,76.30999755859375,3.1993267590735286e-08,77.46,77.45999908447266,1.1819356271480785e-08,742196.0,743000.0,0.0010832718042135259
2017-07-26,77.54,77.54000091552734,1.180716191484521e-08,77.54,77.54000091552734,1.180716191484521e-08,76.36,76.36000061035156,7.99307975363206e-09,76.55,76.55000305175781,3.9866202783400695e-08,583415.0,584300.0,0.0015169304868747346
2017-07-27,76.49,76.48999786376953,2.7928231949303495e-08,76.81,76.80999755859375,3.178500518341565e-08,75.91,75.91000366210938,4.8242779326912455e-08,76.56,76.55999755859375,3.1888796381274176e-08,700040.0,700000.0,5.713959202335861e-05
2017-07-28,76.39,76.38999938964844,7.989940598029932e-09,76.96,76.95999908447266,1.1896145291068194e-08,75.52,75.5199966430664,4.445092149918395e-08,75.93,75.93000030517578,4.019172550329131e-09,469472.0,469900.0,0.0009116624633631609
2017-07-31,76.32,76.31999969482422,3.998634312551985e-09,77.65,77.6500015258789,1.9650726379438765e-08,76.26,76.26000213623047,2.801246345995878e-08,77.08,77.08000183105469,2.375525021136582e-08,538017.0,539400.0,0.0025705507446791565
2017-08-01,77.33,77.33000183105469,2.3678451865905004e-08,77.56,77.55999755859375,3.147764637834172e-08,76.66,76.66000366210938,4.7770797984014735e-08,77.06,77.05999755859375,3.168188755786616e-08,773898.0,803600.0,0.038379734797092224
2017-08-02,77.07,77.06999969482422,3.959721994739596e-09,77.2,77.19999694824219,3.9530541617871506e-08,75.5,75.5,0.0,76.02,76.0199966430664,4.415855814343672e-08,569070.0,577100.0,0.014110742087968031
2017-08-03,79.69,79.69000244140625,3.0636293724128905e-08,83.25,83.25,0.0,78.1,78.0999984741211,1.9537501949606906e-08,82.76,82.76000213623047,2.581235447607355e-08,2666052.0,2753200.0,0.03268803459197356
2017-08-04,80.5,80.5,0.0,82.16,82.16000366210938,4.457289892734195e-08,77.04,77.04000091552734,1.1883791950495493e-08,78.45,78.44999694824219,3.890067323819579e-08,2646791.0,2662100.0,0.005783985210770393
2017-08-07,78.45,78.44999694824219,3.890067323819579e-08,79.18,79.18000030517578,3.8542027347432395e-09,77.64,77.63999938964844,7.861302941947201e-09,78.66,78.66000366210938,4.6556183352919334e-08,1104502.0,1124300.0,0.01792482041680321
2017-08-08,78.5,78.5,0.0,78.9199,78.91999816894531,1.2439061036761956e-06,77.0,77.0,0.0,77.06,77.05999755859375,3.168188755786616e-08,621630.0,621700.0,0.00011260717790317898
2017-08-09,76.94,76.94000244140625,3.173130047606776e-08,76.94,76.94000244140625,3.173130047606776e-08,74.65,74.6500015258789,2.044044067339712e-08,75.06,75.05999755859375,3.2526062510029874e-08,1056407.0,1067700.0,0.010690008680366514
2017-08-10,74.0,74.0,0.0,74.0,74.0,0.0,70.24,70.23999786376953,3.041330387532071e-08,71.44,71.44000244140625,3.417421967633061e-08,2769344.0,2810700.0,0.01493350049686848
2017-08-11,71.92,71.91999816894531,2.5459603536504005e-08,73.36,73.36000061035156,8.319950506319174e-09,70.97,70.97000122070312,1.7200269430972526e-08,71.03,71.02999877929688,1.718574016429386e-08,1337714.0,1349900.0,0.009109570506102171
2017-08-14,71.16,71.16000366210938,5.1463032280096854e-08,72.46,72.45999908447266,1.2634934321020808e-08,71.05,71.05000305175781,4.2952256418260504e-08,71.95,71.94999694824219,4.2414980083727016e-08,985710.0,986700.0,0.001004352192835567
2017-08-15,71.87,71.87000274658203,3.8215973718891405e-08,72.48,72.4800033569336,4.631530892140745e-08,71.18,71.18000030517578,4.287380894751891e-09,72.07,72.06999969482422,4.234435579952844e-09,716223.0,718400.0,0.003039556115902453
2017-08-16,72.44,72.44000244140625,3.370246060008242e-08,73.32,73.31999969482422,4.162244660044223e-09,71.97,71.97000122070312,1.696127727157659e-08,72.27,72.2699966430664,4.644989060054172e-08,883297.0,896900.0,0.015400256086005149
2017-08-17,71.97,71.97000122070312,1.696127727157659e-08,73.0116,73.01000213623047,2.1885067161053762e-05,71.0,71.0,0.0,71.05,71.05000305175781,4.2952256418260504e-08,658442.0,696700.0,0.05810382691262106
2017-08-18,70.95,70.94999694824219,4.3012795103436474e-08,71.48,71.4800033569336,4.696325661690537e-08,70.34,70.33999633789062,5.2062970934407815e-08,70.7,70.69999694824219,4.3164891327940325e-08,632118.0,633200.0,0.001711705725829571
2017-08-21,70.73,70.7300033569336,4.746124115939665e-08,71.49,71.48999786376953,2.988152836280733e-08,70.26,70.26000213623047,3.0404646578219285e-08,71.3,71.30000305175781,4.280165244452405e-08,845600.0,858700.0,0.015491958372753079
2017-08-22,71.65,71.6500015258789,2.1296286067951087e-08,72.3,72.30000305175781,4.220965177381686e-08,71.53,71.52999877929688,1.7065610591338043e-08,71.9,71.9000015258789,2.1222237744922268e-08,401991.0,407000.0,0.012460477970899886
2017-08-23,71.86,71.86000061035156,8.493620473615238e-09,72.03,72.02999877929688,1.6947148795409817e-08,70.88,70.87999725341797,3.874974641160378e-08,70.91,70.91000366210938,5.1644470255851616e-08,383490.0,385500.0,0.005241336149573561
2017-08-24,70.93,70.93000030517578,4.302492140340064e-09,71.57,71.56999969482422,4.2640181385777964e-09,70.86,70.86000061035156,8.613485258379683e-09,71.41,71.41000366210938,5.1282864843571474e-08,521894.0,523300.0,0.0026940336543435084
2017-08-25,71.87,71.87000274658203,3.8215973718891405e-08,72.02,72.0199966430664,4.661113006676487e-08,71.05,71.05000305175781,4.2952256418260504e-08,71.72,71.72000122070312,1.7020400422396165e-08,533595.0,553400.0,0.03711616488160496
2017-08-28,71.82,71.81999969482422,4.249175344916978e-09,72.36,72.36000061035156,8.434930309775268e-09,71.72,71.72000122070312,1.7020400422396165e-08,72.1,72.0999984741211,2.1163368946197636e-08,475821.0,493000.0,0.03610391302611693
2017-08-29,71.77,71.7699966430664,4.677349296766664e-08,72.3,72.30000305175781,4.220965177381686e-08,71.52,71.5199966430664,4.693699096058879e-08,72.02,72.0199966430664,4.661113006676487e-08,438377.0,438600.0,0.0005086945711112456
2017-08-30,72.29,72.29000091552734,1.2664647108806548e-08,72.54,72.54000091552734,1.262100002286104e-08,71.842,71.83999633789062,2.7889843119299762e-05,72.26,72.26000213623047,2.9563111958452737e-08,488711.0,489200.0,0.001000591351534963
2017-08-31,72.36,72.36000061035156,8.434930309775268e-09,72.58,72.58000183105469,2.5228088951223526e-08,71.76,71.76000213623047,2.976909785346038e-08,71.89,71.88999938964844,8.49007597558682e-09,629621.0,632800.0,0.005049069201948475
2017-09-01,71.97,71.97000122070312,1.696127727157659e-08,72.35,72.3499984741211,2.109024055396702e-08,71.58,71.58000183105469,2.558053502355051e-08,71.74,71.73999786376953,2.9777396992614058e-08,741722.0,781400.0,0.05349443592073588
2017-09-05,71.83,71.83000183105469,2.5491503352625955e-08,71.9999,72.0,1.388890817910493e-06,70.04,70.04000091552734,1.307149255502793e-08,70.34,70.33999633789062,5.2062970934407815e-08,948713.0,950400.0,0.0017781984646567661
2017-09-06,70.63,70.62999725341797,3.8886903919177485e-08,71.515,71.5199966430664,6.986846209056097e-05,70.28,70.27999877929688,1.7369139571066228e-08,70.5,70.5,0.0,1008507.0,1012000.0,0.0034635357017849255
2017-09-07,70.64,70.63999938964844,8.640310911189886e-09,70.99,70.98999786376953,3.009199134318408e-08,68.92,68.91999816894531,2.6567827715595627e-08,69.0,69.0,0.0,1373795.0,1379700.0,0.004298312339177324
2017-09-08,69.0,69.0,0.0,70.62,70.62000274658203,3.889241040333502e-08,68.62,68.62000274658203,4.002596942775938e-08,70.26,70.26000213623047,3.0404646578219285e-08,734001.0,737300.0,0.004494544285362112
2017-09-11,70.71,70.70999908447266,1.2947635963378445e-08,71.45,71.44999694824219,4.27117958778922e-08,70.47,70.47000122070312,1.732230914264221e-08,70.95,70.94999694824219,4.3012795103436474e-08,614676.0,630700.0,0.02606901847477361
2017-09-12,71.05,71.05000305175781,4.2952256418260504e-08,72.49,72.48999786376953,2.946931254577123e-08,70.9,70.9000015258789,2.1521564086413036e-08,72.18,72.18000030517578,4.227982408622211e-09,603749.0,607200.0,0.005715951496400029
2017-09-13,71.98,71.9800033569336,4.6637032458107797e-08,72.69,72.69000244140625,3.358654909746406e-08,71.94,71.94000244140625,3.393670078288835e-08,72.13,72.12999725341797,3.807822024359808e-08,413362.0,413500.0,0.0003338478137806522
2017-09-14,71.85,71.8499984741211,2.123700626466274e-08,72.7,72.69999694824219,4.197741143574518e-08,71.5,71.5,0.0,71.87,71.87000274658203,3.8215973718891405e-08,487943.0,488100.0,0.0003217588939692373
2017-09-15,71.46,71.45999908447266,1.2811745553342746e-08,72.22,72.22000122070312,1.6902563348963895e-08,71.04,71.04000091552734,1.28874906302201e-08,72.12,72.12000274658203,3.808350013123629e-08,750514.0,797700.0,0.06287157867807935
2017-09-18,72.43,72.43000030517578,4.213389193097328e-09,72.43,72.43000030517578,4.213389193097328e-09,70.91,70.91000366210938,5.1644470255851616e-08,71.0,71.0,0.0,454265.0,455900.0,0.0035992207191837267
2017-09-19,71.06,71.05999755859375,3.4356969491611267e-08,71.24,71.23999786376953,2.998639059281771e-08,70.01,70.01000213623047,3.051321906255566e-08,70.19,70.19000244140625,3.4782821733969627e-08,547653.0,548300.0,0.0011814050137586296
2017-09-20,70.09,70.08999633789062,5.224867138942102e-08,70.5,70.5,0.0,69.23,69.2300033569336,4.848957946279597e-08,70.02,70.0199966430664,4.794249630624137e-08,892065.0,900800.0,0.009791887362468055
2017-09-21,70.18,70.18000030517578,4.348472026904915e-09,70.46,70.45999908447266,1.2993575659869805e-08,69.38,69.37999725341797,3.958751837451757e-08,69.97,69.97000122070312,1.7446093014683584e-08,571318.0,576200.0,0.008545153487199864
2017-09-22,70.12,70.12000274658203,3.9169737897637447e-08,71.04,71.04000091552734,1.28874906302201e-08,69.83,69.83000183105469,2.622160510945548e-08,70.34,70.33999633789062,5.2062970934407815e-08,523068.0,526500.0,0.006561288398449161
2017-09-25,70.4,70.4000015258789,2.1674416261774354e-08,71.13,71.12999725341797,3.861355302170466e-08,70.02,70.0199966430664,4.794249630624137e-08,70.73,70.7300033569336,4.746124115939665e-08,518462.0,521200.0,0.005281004200886397
2017-09-26,70.54,70.54000091552734,1.2978839558641653e-08,71.12,71.12000274658203,3.861898245638429e-08,69.96,69.95999908447266,1.3086439931697669e-08,71.11,71.11000061035156,8.583203037204612e-09,499083.0,500200.0,0.0022381046839905494
2017-09-27,71.23,71.2300033569336,4.712808632234555e-08,72.28,72.27999877929688,1.6888532461400985e-08,70.79,70.79000091552734,1.2933003779025398e-08,71.9,71.9000015258789,2.1222237744922268e-08,714665.0,733600.0,0.02649493119153723
2017-09-28,71.74,71.73999786376953,2.9777396992614058e-08,72.45,72.44999694824219,4.2122261123545e-08,71.45,71.44999694824219,4.27117958778922e-08,71.72,71.72000122070312,1.7020400422396165e-08,441685.0,441700.0,3.3960854455061806e-05
2017-09-29,71.77,71.7699966430664,4.677349296766664e-08,72.1,72.0999984741211,2.1163368946197636e-08,71.315,71.31999969482422,7.010719798383747e-05,71.62,71.62000274658203,3.834937212232603e-08,483407.0,488500.0,0.010535635603125426
2017-10-02,71.83,71.83000183105469,2.5491503352625955e-08,72.73,72.7300033569336,4.615610604830067e-08,71.83,71.83000183105469,2.5491503352625955e-08,72.66,72.66000366210938,5.040062456274086e-08,590432.0,590800.0,0.000623272451357737
2017-10-03,72.62,72.62000274658203,3.782128921159256e-08,72.62,72.62000274658203,3.782128921159256e-08,71.22,71.22000122070312,1.7139892172224336e-08,71.82,71.81999969482422,4.249175344916978e-09,508816.0,508900.0,0.0001650891481399519
2017-10-04,71.92,71.91999816894531,2.5459603536504005e-08,71.92,71.91999816894531,2.5459603536504005e-08,71.09,71.08999633789062,5.151370630063212e-08,71.48,71.4800033569336,4.696325661690537e-08,473744.0,473700.0,9.287716572659033e-05
2017-10-05,71.48,71.4800033569336,4.696325661690537e-08,72.3599,72.36000061035156,1.3904158457922478e-06,71.17,71.16999816894531,2.5727900698768735e-08,71.64,71.63999938964844,8.519703609266571e-09,585537.0,586100.0,0.0009615105450211381
2017-10-06,71.57,71.56999969482422,4.2640181385777964e-09,72.07,72.06999969482422,4.234435579952844e-09,71.39,71.38999938964844,8.549538632607323e-09,71.58,71.58000183105469,2.558053502355051e-08,674454.0,674600.0,0.00021647139760450074
2017-10-09,72.03,72.02999877929688,1.6947148795409817e-08,72.03,72.02999877929688,1.6947148795409817e-08,69.91,69.91000366210938,5.238319800149327e-08,70.27,70.2699966430664,4.7771930966611365e-08,539012.0,539000.0,2.2262955184704225e-05
2017-10-10,70.4,70.4000015258789,2.1674416261774354e-08,70.82,70.81999969482422,4.309175016814493e-09,70.01,70.01000213623047,3.051321906255566e-08,70.8,70.80000305175781,4.3103923985654546e-08,574896.0,575100.0,0.00035484678968011885
2017-10-11,70.84,70.83999633789062,5.169550221229002e-08,70.84,70.83999633789062,5.169550221229002e-08,70.07,70.06999969482422,4.3552986772610325e-09,70.71,70.70999908447266,1.2947635963378445e-08,504693.0,522700.0,0.03567911581892358
2017-10-12,70.5,70.5,0.0,71.93,71.93000030517578,4.242677320576149e-09,70.255,70.26000213623047,7.119971860336527e-05,71.27,71.2699966430664,4.710163592491767e-08,816704.0,816700.0,4.8977352872237034e-06
2017-10-13,71.11,71.11000061035156,8.583203037204612e-09,71.36,71.36000061035156,8.553132868627245e-09,70.17,70.16999816894531,2.6094551630606588e-08,70.61,70.5999984741211,0.00014164460952992286,454046.0,454100.0,0.0001189306810323032
2017-10-16,70.59,70.58999633789062,5.1878585871634186e-08,70.8205,70.81999969482422,7.064411798540782e-06,69.9,69.9000015258789,2.182945491036037e-08,70.07,70.06999969482422,4.3552986772610325e-09,408871.0,409600.0,0.0017829584392143882
2017-10-17,70.04,70.04000091552734,1.307149255502793e-08,71.39,71.38999938964844,8.549538632607323e-09,70.03,70.02999877929688,1.7431145638013845e-08,71.27,71.2699966430664,4.710163592491767e-08,824855.0,828000.0,0.003812791339083743
2017-10-18,71.43,71.43000030517578,4.272375342395662e-09,71.78,71.77999877929688,1.7006173358424803e-08,70.815,70.81999969482422,7.06022004408613e-05,71.65,71.6500015258789,2.1296286067951087e-08,554025.0,557800.0,0.006813771941699409
2017-10-19,71.63,71.62999725341797,3.834401829383438e-08,71.92,71.91999816894531,2.5459603536504005e-08,70.71,70.70999908447266,1.2947635963378445e-08,71.9,71.9000015258789,2.1222237744922268e-08,468619.0,468700.0,0.00017284830533981221
2017-10-20,72.19,72.19000244140625,3.3819175015992187e-08,72.8,72.80000305175781,4.191975011558213e-08,71.96,71.95999908447266,1.2722725650782252e-08,72.69,72.69000244140625,3.358654909746406e-08,557609.0,560800.0,0.005722647948652293
2017-10-23,72.69,72.69000244140625,3.358654909746406e-08,72.94,72.94000244140625,3.347143207044212e-08,72.08,72.08000183105469,2.54030894097923e-08,72.64,72.63999938964844,8.402416873387608e-09,567570.0,567900.0,0.0005814260796024318
2017-10-24,72.5,72.5,0.0,72.76,72.76000213623047,2.9359956910113283e-08,71.7705,71.7699966430664,7.013423810486863e-06,72.08,72.08000183105469,2.54030894097923e-08,525649.0,533400.0,0.014745581176792921
2017-10-25,71.63,71.62999725341797,3.834401829383438e-08,71.97,71.97000122070312,1.696127727157659e-08,71.1,71.0999984741211,2.1461025290214764e-08,71.4,71.4000015258789,2.1370852865132406e-08,520746.0,527200.0,0.012393758185372583
2017-10-26,71.8,71.80000305175781,4.250359064705833e-08,72.23,72.2300033569336,4.647561380188847e-08,71.51,71.51000213623047,2.987317104796716e-08,71.78,71.77999877929688,1.7006173358424803e-08,486471.0,486700.0,0.0004707372073566862
2017-10-27,71.58,71.58000183105469,2.558053502355051e-08,71.74,71.73999786376953,2.9777396992614058e-08,70.32,70.31999969482422,4.339814729803493e-09,71.0,71.0,0.0,752308.0,753200.0,0.001185684586632041
2017-10-30,70.64,70.63999938964844,8.640310911189886e-09,70.96,70.95999908447266,1.2902020007921067e-08,70.23,70.2300033569336,4.7799139757387366e-08,70.85,70.8499984741211,2.1536752270456816e-08,663618.0,663800.0,0.000274254164293275
2017-10-31,71.03,71.02999877929688,1.718574016429386e-08,71.25,71.25,0.0,70.65,70.6500015258789,2.15977198347872e-08,70.85,70.8499984741211,2.1536752270456816e-08,549964.0,551200.0,0.002247419831116204
2017-11-01,70.94,70.94000244140625,3.441508678037053e-08,71.48,71.4800033569336,4.696325661690537e-08,68.38,68.37999725341797,4.016645260840335e-08,68.71,68.70999908447266,1.3324513714607633e-08,1034231.0,1034900.0,0.0006468574235349855
2017-11-02,68.64,68.63999938964844,8.892068192878355e-09,69.03,69.02999877929688,1.768366109100583e-08,67.46,67.45999908447266,1.3571410328871991e-08,67.92,67.91999816894531,2.695899126159418e-08,1341138.0,1342400.0,0.0009409919038905201
2017-11-03,67.99,67.98999786376953,3.1419774448870896e-08,68.0078,68.01000213623047,3.238064208033187e-05,66.68,66.68000030517578,4.576721224225366e-09,67.32,67.31999969482422,4.5332111398010966e-09,777425.0,789700.0,0.01578930443451143
2017-11-06,67.27,67.2699966430664,4.990238722246687e-08,67.36,67.36000061035156,9.061038586111181e-09,66.27,66.2699966430664,5.065540353843545e-08,67.26,67.26000213623047,3.176078600120036e-08,825591.0,832900.0,0.008853051934917033
2017-11-07,67.1,67.0999984741211,2.2740371141694027e-08,67.37,67.37000274658203,4.076862136770387e-08,66.65,66.6500015258789,2.289390699239391e-08,67.16,67.16000366210938,5.452813245376831e-08,690021.0,696200.0,0.008954799926379042
2017-11-09,62.3,62.29999923706055,1.2246219149858462e-08,64.76,64.76000213623047,3.298688167063801e-08,61.62,61.619998931884766,1.7333905089067514e-08,64.06,64.05999755859375,3.811124338337635e-08,4525590.0,4637100.0,0.02463988120885885
2017-11-10,63.72,63.720001220703125,1.9157299524508176e-08,65.24,65.23999786376953,3.2744182476562855e-08,63.66,63.65999984741211,2.3969193296835556e-09,64.02,64.0199966430664,5.243570122548391e-08,1734219.0,1737200.0,0.0017189293855044419
2017-11-13,63.95,63.95000076293945,1.1930249455005537e-08,64.4299,64.43000030517578,1.5568109803520969e-06,63.78,63.779998779296875,1.9139277607216343e-08,64.06,64.05999755859375,3.811124338337635e-08,823413.0,827100.0,0.004477704384069803
2017-11-14,63.77,63.77000045776367,7.1783545774195545e-09,64.0245,64.0199966430664,7.033802581191129e-05,63.39,63.38999938964844,9.628514985315917e-09,63.54,63.540000915527344,1.4408677140309578e-08,1065546.0,1084900.0,0.01816345798304342
2017-11-15,63.23,63.22999954223633,7.239659427504819e-09,63.57,63.56999969482422,4.800625785783552e-09,62.47,62.470001220703125,1.9540629558889577e-08,63.06,63.060001373291016,2.1777529557454045e-08,956550.0,959200.0,0.0027703726935339734
2017-11-16,63.14,63.13999938964844,9.666638600691613e-09,64.14,64.13999938964844,9.515927046344075e-09,62.625,62.630001068115234,7.98573750935283e-05,62.68,62.68000030517578,4.86879048189337e-09,1201478.0,1203100.0,0.0013500039118485851
2017-11-17,62.61,62.61000061035156,9.748467810766215e-09,63.45,63.45000076293945,1.202426247459698e-08,62.34,62.34000015258789,2.447672287075875e-09,62.76,62.7599983215332,2.6744212844320714e-08,848829.0,850500.0,0.0019685943812004503
2017-11-20,62.81,62.810001373291016,2.1864209776012444e-08,62.99,62.9900016784668,2.664655962547613e-08,61.25,61.25,0.0,62.5,62.5,0.0,1141681.0,1142400.0,0.0006297731152571373
2017-11-21,62.93,62.93000030517578,4.849448398402956e-09,62.955,62.959999084472656,7.940726666122444e-05,62.11,62.11000061035156,9.826945257529474e-09,62.75,62.75,0.0,585396.0,586800.0,0.0023983764836110755
2017-11-22,62.68,62.68000030517578,4.86879048189337e-09,62.97,62.970001220703125,1.9385471228261508e-08,62.21,62.209999084472656,1.471672306241345e-08,62.82,62.81999969482422,4.857939828184499e-09,506474.0,512600.0,0.012095388904465043
2017-11-24,63.02,63.02000045776367,7.263784018718411e-09,63.32,63.31999969482422,4.819579624282255e-09,62.67,62.66999816894531,2.92174037186399e-08,63.05,63.04999923706055,1.2100546342708185e-08,263556.0,263600.0,0.00016694744190992594
2017-11-27,63.04,63.040000915527344,1.4522959057572393e-08,63.55,63.54999923706055,1.2005341498699806e-08,62.79,62.790000915527344,1.458078258131934e-08,63.36,63.36000061035156,9.633073894121935e-09,631428.0,635200.0,0.005973761062227245
2017-11-28,63.38,63.380001068115234,1.6852559570068593e-08,63.95,63.95000076293945,1.1930249455005537e-08,63.29,63.290000915527344,1.4465592501622382e-08,63.86,63.86000061035156,9.557650448854815e-09,740543.0,746300.0,0.007774025276047425
2017-11-29,63.9,63.900001525878906,2.3879169086526986e-08,65.5379,65.54000091552734,3.20564974976012e-05,63.76,63.7599983215332,2.6324761481788528e-08,65.29,65.29000091552734,1.4022474070785051e-08,1070723.0,1076800.0,0.005675604241246246
2017-11-30,65.7,65.69999694824219,4.644989060054172e-08,66.641,66.63999938964844,1.5014936023849401e-05,65.43,65.43000030517578,4.664156616485116e-09,66.31,66.30999755859375,3.6818070481281495e-08,880529.0,972400.0,0.10433614338653241
2017-12-01,66.31,66.30999755859375,3.6818070481281495e-08,67.04,67.04000091552734,1.3656433983655347e-08,65.46,65.45999908447266,1.3986057756376624e-08,66.94,66.94000244140625,3.6471560438400275e-08,850595.0,855500.0,0.00576655164913964
2017-12-04,67.33,67.33000183105469,2.7195227847442993e-08,68.04,68.04000091552734,1.3455722092103883e-08,66.8,66.80000305175781,4.5684997340700306e-08,67.36,67.36000061035156,9.061038586111181e-09,1276588.0,1281800.0,0.004082758102065709
2017-12-05,67.46,67.45999908447266,1.3571410328871991e-08,67.63,67.62999725341797,4.061188862980458e-08,65.86,65.86000061035156,9.267409062374554e-09,66.5,66.5,0.0,1091656.0,1249600.0,0.14468294041346352
2017-12-06,66.46,66.45999908447266,1.3775614426947413e-08,66.59,66.58999633789062,5.4994884757242346e-08,64.88,64.87999725341797,4.2333261784932574e-08,65.78,65.77999877929688,1.855735975997419e-08,1149098.0,1168700.0,0.017058597264985265
2017-12-07,67.51,67.51000213623047,3.164317075032841e-08,68.23,68.2300033569336,4.920025786780968e-08,66.59,66.58999633789062,5.4994884757242346e-08,66.95,66.94999694824219,4.5582640995078805e-08,1216610.0,1312100.0,0.07848858713967499
2017-12-08,67.15,67.1500015258789,2.272343868625626e-08,67.2974,67.30000305175781,3.8679826528387196e-05,66.2,66.19999694824219,4.6099060679871684e-08,66.58,66.58000183105469,2.7501572352761627e-08,766484.0,778600.0,0.015807244508691642
2017-12-11,66.93,66.93000030517578,4.559626010092188e-09,67.58,67.58000183105469,2.7094624099888165e-08,66.59,66.58999633789062,5.4994884757242346e-08,67.17,67.16999816894531,2.7260007251506124e-08,632892.0,659100.0,0.0414099087996056
2017-12-12,67.38,67.37999725341797,4.076257087426427e-08,67.6,67.5999984741211,2.2572173130619433e-08,66.97,66.97000122070312,1.8227611198184945e-08,67.3,67.30000305175781,4.53455841764594e-08,706300.0,709200.0,0.004105904006795891
2017-12-13,67.64,67.63999938964844,9.023529923268825e-09,67.86,67.86000061035156,8.994275990659162e-09,66.0,66.0,0.0,66.04,66.04000091552734,1.3863224346266634e-08,812995.0,840600.0,0.03395469836837872
2017-12-14,66.06,66.05999755859375,3.695740613540721e-08,66.59,66.58999633789062,5.4994884757242346e-08,65.73,65.7300033569336,5.107155920391904e-08,65.86,65.86000061035156,9.267409062374554e-09,988529.0,994600.0,0.0061414485563904275
2017-12-15,66.09,66.08999633789062,5.5410945387635024e-08,67.73,67.7300033569336,4.956346666418199e-08,66.09,66.08999633789062,5.5410945387635024e-08,66.88,66.87999725341797,4.106731499309291e-08,1144107.0,1191100.0,0.041073955495421366
2017-12-18,67.07,67.06999969482422,4.5501085121912865e-09,68.19,68.19000244140625,3.580299523520125e-08,67.07,67.06999969482422,4.5501085121912865e-09,67.83,67.83000183105469,2.699476175926918e-08,683975.0,715200.0,0.04565225337183376
2017-12-19,67.96,67.95999908447266,1.3471561755018513e-08,68.74,68.73999786376953,3.107696344706312e-08,67.37,67.37000274658203,4.076862136770387e-08,67.78,67.77999877929688,1.8009783553374348e-08,743800.0,799000.0,0.07421349825221824
2017-12-20,67.99,67.98999786376953,3.1419774448870896e-08,69.1199,69.12000274658203,1.486497839708889e-06,67.98,67.9800033569336,4.938119424480192e-08,68.76,68.76000213623047,3.106792423324123e-08,783693.0,788100.0,0.0056233754799392965
2017-12-21,68.95,68.94999694824219,4.426044697414255e-08,68.988,68.98999786376953,2.895958383386521e-05,68.5125,68.51000213623047,3.645851150568813e-05,68.83,68.83000183105469,2.6602567038125358e-08,417772.0,425000.0,0.01730130310312794
2017-12-22,69.0,69.0,0.0,69.01,69.01000213623047,3.095537559616446e-08,68.21,68.20999908447266,1.3422186473377451e-08,68.31,68.30999755859375,3.574010032370012e-08,623882.0,623900.0,2.885160975951706e-05
2017-12-26,68.3,68.30000305175781,4.4681666366841455e-08,68.72,68.72000122070312,1.7763433168838105e-08,67.55,67.55000305175781,4.517776197587864e-08,67.84,67.83999633789062,5.398156510683094e-08,292953.0,293300.0,0.0011844903448676725
2017-12-27,68.04,68.04000091552734,1.3455722092103883e-08,68.26,68.26000213623047,3.1295494640204424e-08,67.38,67.37999725341797,4.076257087426427e-08,67.82,67.81999969482422,4.499790207113108e-09,333100.0,339700.0,0.019813869708796172
2017-12-28,67.74,67.73999786376953,3.153573169267787e-08,67.94,67.94000244140625,3.5934740294507606e-08,67.0,67.0,0.0,67.87,67.87000274658203,4.046827806192255e-08,439500.0,442500.0,0.006825938566553003
2017-12-29,67.99,67.98999786376953,3.1419774448870896e-08,68.93,68.93000030517578,4.4273287258533855e-09,67.54,67.54000091552734,1.3555335076631536e-08,67.99,67.98999786376953,3.1419774448870896e-08,441806.0,444300.0,0.005645011611431272
2018-01-02,68.29,68.29000091552734,1.340646260672429e-08,68.65,68.6500015258789,2.2226932294699964e-08,67.39,67.38999938964844,9.057004923818113e-09,68.56,68.55999755859375,3.560977612782068e-08,654561.0,659200.0,0.0070871927902822485
2018-01-03,68.46,68.45999908447266,1.3373171792174787e-08,68.65,68.6500015258789,2.2226932294699964e-08,67.56,67.55999755859375,3.613685983783199e-08,67.63,67.62999725341797,4.061188862980458e-08,696083.0,700100.0,0.005770863532078785
2018-01-04,68.09,68.08999633789062,5.378336576100651e-08,71.04,71.04000091552734,1.28874906302201e-08,67.92,67.91999816894531,2.695899126159418e-08,70.85,70.8499984741211,2.1536752270456816e-08,837980.0,841900.0,0.00467791594071465
2018-01-05,70.92,70.91999816894531,2.5818594040494247e-08,71.41,71.41000366210938,5.1282864843571474e-08,70.41,70.41000366210938,5.201121111575446e-08,71.17,71.16999816894531,2.5727900698768735e-08,583962.0,589500.0,0.009483493788979391
2018-01-08,71.09,71.08999633789062,5.151370630063212e-08,71.27,71.2699966430664,4.710163592491767e-08,70.09,70.08999633789062,5.224867138942102e-08,70.76,70.76000213623047,3.018980310187658e-08,504983.0,505000.0,3.366449959707474e-05
2018-01-09,70.87,70.87000274658203,3.875521414897776e-08,71.22,71.22000122070312,1.7139892172224336e-08,70.02,70.0199966430664,4.794249630624137e-08,70.125,70.12999725341797,7.126208082675056e-05,513373.0,514700.0,0.0025848651954816226
2018-01-10,70.1,70.0999984741211,2.1767174063214156e-08,70.71,70.70999908447266,1.2947635963378445e-08,69.84,69.83999633789062,5.243570133650621e-08,70.27,70.2699966430664,4.7771930966611365e-08,583021.0,583100.0,0.00013550112260096725
2018-01-11,70.37,70.37000274658203,3.903058165555251e-08,71.6588,71.66000366210938,1.6797129025025725e-05,70.06,70.05999755859375,3.4847362995193976e-08,71.58,71.58000183105469,2.558053502355051e-08,627048.0,627400.0,0.000561360533802846
2018-01-12,71.46,71.45999908447266,1.2811745553342746e-08,71.76,71.76000213623047,2.976909785346038e-08,70.94,70.94000244140625,3.441508678037053e-08,71.59,71.5999984741211,0.00013966299931689186,699516.0,857500.0,0.2258475860452085
2018-01-16,71.94,71.94000244140625,3.393670078288835e-08,72.69,72.69000244140625,3.358654909746406e-08,71.6,71.5999984741211,2.1311157838432848e-08,72.16,72.16000366210938,5.074985276465327e-08,744856.0,748300.0,0.004623712502819233
2018-01-17,72.56,72.55999755859375,3.3646723407443346e-08,72.66,72.66000366210938,5.040062456274086e-08,71.8,71.80000305175781,4.250359064705833e-08,72.2,72.19999694824219,4.226811378682527e-08,611622.0,634200.0,0.036914957277534244
2018-01-18,72.04,72.04000091552734,1.2708597063593174e-08,72.24,72.23999786376953,2.9571296522590274e-08,71.38,71.37999725341797,3.84783136464506e-08,71.53,71.52999877929688,1.7065610591338043e-08,568389.0,737300.0,0.29717499810868975
2018-01-19,71.88,71.87999725341797,3.821065697184878e-08,72.36,72.36000061035156,8.434930309775268e-09,71.37,71.37000274658203,3.8483705111502786e-08,72.0,72.0,0.0,800528.0,806300.0,0.007210241240781068
2018-01-22,72.0,72.0,0.0,72.49,72.48999786376953,2.946931254577123e-08,70.73,70.7300033569336,4.746124115939665e-08,70.99,70.98999786376953,3.009199134318408e-08,889643.0,928000.0,0.043115047271770734
2018-01-23,70.85,70.8499984741211,2.1536752270456816e-08,70.85,70.8499984741211,2.1536752270456816e-08,69.79,69.79000091552734,1.3118316877225311e-08,70.56,70.55999755859375,3.460042874436908e-08,948406.0,955900.0,0.007901679238638382
2018-01-24,70.71,70.70999908447266,1.2947635963378445e-08,71.2199,71.22000122070312,1.4212418597558951e-06,70.31,70.30999755859375,3.472345688759759e-08,70.69,70.69000244140625,3.453679808806953e-08,746788.0,756800.0,0.013406749974557597
2018-01-25,70.84,70.83999633789062,5.169550221229002e-08,70.84,70.83999633789062,5.169550221229002e-08,69.79,69.79000091552734,1.3118316877225311e-08,70.48,70.4800033569336,4.7629591160003315e-08,391477.0,405100.0,0.03479897925037734
2018-01-26,70.64,70.63999938964844,8.640310911189886e-09,72.02,72.0199966430664,4.661113006676487e-08,70.56,70.55999755859375,3.460042874436908e-08,72.0,72.0,0.0,427087.0,443700.0,0.03889839775034121
2018-01-29,71.87,71.87000274658203,3.8215973718891405e-08,73.35,73.3499984741211,2.0802711664380524e-08,71.24,71.23999786376953,2.998639059281771e-08,73.01,73.01000213623047,2.92594228845644e-08,719721.0,739500.0,0.027481482407766267
2018-01-30,72.7,72.69999694824219,4.197741143574518e-08,73.21,73.20999908447266,1.250549563902581e-08,72.41,72.41000366210938,5.057463581259469e-08,72.455,72.45999908447266,6.89957142041564e-05,751292.0,761700.0,0.013853468425059745
2018-01-31,72.99,72.98999786376953,2.926744024911443e-08,75.45,75.44999694824219,4.04474196358251e-08,72.78,72.77999877929688,1.6772507938078718e-08,75.36,75.36000061035156,8.099144910289624e-09,1414870.0,1424400.0,0.006735601150635651
2018-02-01,75.31,75.30999755859375,3.241808854692607e-08,75.58,75.58000183105469,2.4226709305352756e-08,73.65,73.6500015258789,2.0717975557360546e-08,74.25,74.25,0.0,992273.0,1035400.0,0.043462837344158345
2018-02-02,74.14,74.13999938964844,8.2324193018124e-09,74.44,74.44000244140625,3.2796967364134844e-08,73.01,73.01000213623047,2.92594228845644e-08,73.39,73.37999725341797,0.00013629577029616868,812304.0,819600.0,0.008981859008450055
2018-02-05,73.15,73.1500015258789,2.0859588500954374e-08,73.89,73.88999938964844,8.260272910121103e-09,70.78,70.72000122070312,0.0008476798431319432,70.91,70.72000122070312,0.0026794356127044505,1051250.0,1225300.0,0.16556480380499417
2018-02-06,69.91,69.91000366210938,5.238319800149327e-08,71.91,71.91000366210938,5.092628807545907e-08,69.26,69.26000213623047,3.084363942029711e-08,71.31,71.30999755859375,3.4236520174424356e-08,1114276.0,1149000.0,0.031162835778568265
2018-02-07,71.26,71.26000213623047,2.997797454717954e-08,73.45,73.44999694824219,4.1548778972888556e-08,71.0,71.0,0.0,72.84,72.83999633789062,5.027607608010243e-08,1299518.0,1318600.0,0.014683905878948966
2018-02-08,72.99,72.98999786376953,2.926744024911443e-08,73.2,73.19999694824219,4.1690680574468786e-08,70.53,70.52999877929688,1.730757304141406e-08,70.53,70.55000305175781,0.0002836105452688198,904285.0,1070300.0,0.18358703284915712
2018-02-09,71.32,71.31999969482422,4.27896484911372e-09,71.44,71.44000244140625,3.417421967633061e-08,68.4,68.4000015258789,2.230817108817007e-08,70.14,70.1500015258789,0.0001425937536199129,729875.0,943900.0,0.29323514300393905
2018-02-12,70.51,70.51000213623047,3.029684392252818e-08,71.68,71.68000030517578,4.257474595092958e-09,70.09,70.08999633789062,5.224867138942102e-08,71.37,71.37000274658203,3.8483705111502786e-08,521531.0,521500.0,5.94403784243136e-05
2018-02-13,71.99,71.98999786376953,2.967398893272133e-08,72.6,72.5999984741211,2.1017615758900376e-08,71.13,71.12999725341797,3.861355302170466e-08,72.17,72.16999816894531,2.537141041702995e-08,646315.0,647600.0,0.001988194610986982
2018-02-14,71.94,71.94000244140625,3.393670078288835e-08,74.87,74.87000274658203,3.6684680404519554e-08,71.63,71.62999725341797,3.834401829383438e-08,74.29,74.29000091552734,1.2323695397498113e-08,760257.0,769000.0,0.011500058532838198
2018-02-15,74.68,74.68000030517578,4.0864458483724775e-09,75.88,75.87999725341797,3.619638944130088e-08,74.05,74.05000305175781,4.121212437979693e-08,75.62,75.62000274658203,3.632084144555847e-08,608912.0,615700.0,0.011147752056126281
2018-02-16,75.5,75.5,0.0,76.73,76.7300033569336,4.374994899691842e-08,75.5,75.5,0.0,76.02,76.0199966430664,4.415855814343672e-08,671782.0,840000.0,0.2504056375431316
2018-02-20,75.83,75.83000183105469,2.4146837418470568e-08,76.53,76.52999877929688,1.595064846870997e-08,74.98,74.9800033569336,4.4771053531178495e-08,75.22,75.22000122070312,1.6228438370902154e-08,1233849.0,1238600.0,0.0038505522150602545
2018-02-21,75.41,75.41000366210938,4.856264923525089e-08,76.64,76.63999938964844,7.96387733537074e-09,74.81,74.80999755859375,3.263475811809968e-08,74.91,74.91000366210938,4.8886789283386634e-08,959596.0,964400.0,0.005006273473419975
2018-02-22,68.26,68.26000213623047,3.1295494640204424e-08,68.26,68.26000213623047,3.1295494640204424e-08,60.06,60.060001373291016,2.28653183054206e-08,60.63,60.630001068115234,1.761694257140789e-08,7420381.0,7423300.0,0.0003933760274572595
2018-02-23,60.57,60.56999969482422,5.038398254164633e-09,60.6,60.599998474121094,2.5179519913542947e-08,58.53,58.529998779296875,2.0856024685045327e-08,60.05,60.04999923706055,1.2705069996066243e-08,2790318.0,2805100.0,0.005297604072367346
2018-02-26,60.56,60.560001373291016,2.267653598231334e-08,61.98,61.97999954223633,7.38566741098623e-09,60.11,60.11000061035156,1.0153910601218286e-08,61.91,61.90999984741211,2.46467268816275e-09,1756005.0,1762700.0,0.0038126315130082578
2018-02-27,61.72,61.720001220703125,1.9778080506682727e-08,62.85,62.849998474121094,2.4278105081876333e-08,61.55,61.54999923706055,1.2395441895129977e-08,62.54,62.540000915527344,1.4639068401933741e-08,2701879.0,2714500.0,0.004671193639685489
2018-02-28,62.58,62.58000183105469,2.92594228845644e-08,63.47,63.470001220703125,1.9232757608733664e-08,62.03,62.029998779296875,1.967923790591186e-08,62.67,62.66999816894531,2.92174037186399e-08,1442661.0,1483500.0,0.02830810564644093
2018-03-01,62.68,62.68000030517578,4.86879048189337e-09,62.81,62.810001373291016,2.1864209776012444e-08,61.9,61.900001525878906,2.465070925161683e-08,62.04,62.040000915527344,1.4757049360270003e-08,1381909.0,1381400.0,0.00036833105508393693
2018-03-02,61.79,61.790000915527344,1.4816755822266714e-08,61.9403,61.939998626708984,4.8655445811229825e-06,60.93,60.93000030517578,5.008629289093847e-09,61.32,61.31999969482422,4.976773992915184e-09,1019957.0,1020000.0,4.215864002099501e-05
2018-03-05,60.91,60.90999984741211,2.5051368757189607e-09,63.02,63.02000045776367,7.263784018718411e-09,60.91,60.90999984741211,2.5051368757189607e-09,63.0,63.0,0.0,1079251.0,1079300.0,4.540185739920766e-05
2018-03-06,63.21,63.209999084472656,1.4483900412365358e-08,63.21,63.209999084472656,1.4483900412365358e-08,62.43,62.43000030517578,4.8882873304734176e-09,63.12,63.119998931884766,1.6921977707973213e-08,950269.0,950300.0,3.262234167378253e-05
2018-03-07,62.86,62.86000061035156,9.709697046389465e-09,63.81,63.810001373291016,2.152156430845764e-08,62.67,62.66999816894531,2.92174037186399e-08,63.76,63.7599983215332,2.6324761481788528e-08,1027322.0,1027300.0,2.1414902046323903e-05
2018-03-08,63.92,63.91999816894531,2.8646037097956878e-08,63.92,63.91999816894531,2.8646037097956878e-08,63.42,63.41999816894531,2.8871880886072177e-08,63.81,63.810001373291016,2.152156430845764e-08,755715.0,763200.0,0.00990452750044657
2018-03-09,64.25,64.25,0.0,64.7,64.69999694824219,4.716781787372781e-08,63.63,63.630001068115234,1.6786346535013763e-08,64.67,64.66999816894531,2.8313819178116262e-08,1291644.0,1292600.0,0.0007401420205568332
2018-03-12,64.71,64.70999908447266,1.414815853362228e-08,65.15,65.1500015258789,2.3421011574598083e-08,64.39,64.38999938964844,9.478980600441389e-09,64.87,64.87000274658203,4.233978767587132e-08,598984.0,599300.0,0.0005275600016028115
2018-03-13,65.2,64.70999908447266,0.007515351465143372,65.2,65.1500015258789,0.0007668477625935033,64.43,64.43000030517578,4.736547820627379e-09,64.62,64.62000274658203,4.250359064705833e-08,688629.0,698800.0,0.01476992691274992
2018-03-14,64.76,64.76000213623047,3.298688167063801e-08,65.28,65.27999877929688,1.8699496395768733e-08,64.01,64.01000213623047,3.337338649878063e-08,64.38,64.37999725341797,4.266203834646376e-08,560572.0,567700.0,0.012715583368416494
2018-03-15,64.52,64.5199966430664,5.2029348829307764e-08,64.52,64.5199966430664,5.2029348829307764e-08,62.51,62.5099983215332,2.685117250766922e-08,63.31,63.310001373291016,2.169153390241263e-08,847768.0,848500.0,0.0008634437723529231
2018-03-16,63.34,63.34000015258789,2.409028754257747e-09,63.8,63.79999923706055,1.1958298573588877e-08,63.18,63.18000030517578,4.8302593036453345e-09,63.59,63.59000015258789,2.3995578857238797e-09,806218.0,849600.0,0.053809267468600375
2018-03-19,63.69,63.689998626708984,2.1562113539097538e-08,63.92,63.91999816894531,2.8646037097956878e-08,62.79,62.790000915527344,1.458078258131934e-08,62.97,62.970001220703125,1.9385471228261508e-08,450971.0,452500.0,0.0033904619144025094
2018-03-20,63.05,63.04999923706055,1.2100546342708185e-08,63.25,63.25,0.0,61.97,61.970001220703125,1.9698291442438176e-08,62.29,62.290000915527344,1.4697822292575324e-08,1198894.0,1225000.0,0.02177506935558937
2018-03-21,62.36,62.36000061035156,9.787549215545255e-09,62.78,62.779998779296875,1.944414029786401e-08,61.65,61.650001525878906,2.4750671734352636e-08,61.69,61.689998626708984,2.2261160803616065e-08,909248.0,914300.0,0.005556239881748359
2018-03-22,61.24,61.2400016784668,2.7408014302565675e-08,61.24,61.2400016784668,2.7408014302565675e-08,59.3,59.29999923706055,1.2865758014513062e-08,59.41,59.40999984741211,2.568387280632578e-09,1339076.0,1341700.0,0.001959560174329189
2018-03-23,59.41,59.40999984741211,2.568387280632578e-09,59.94,59.939998626708984,2.2911094688105038e-08,58.43,58.43000030517578,5.222929644332908e-09,58.49,58.4900016784668,2.869664550431139e-08,770511.0,773200.0,0.003489891773122089
2018-03-26,59.0,59.0,0.0,59.1,59.099998474121094,2.5818594040494247e-08,56.64,56.63999938964844,1.0775980996413637e-08,58.84,58.84000015258789,2.5932680447482426e-09,1595529.0,1598200.0,0.0016740529316610075
2018-03-27,59.17,59.16999816894531,3.094565981243136e-08,59.73,59.72999954223633,7.663881973485331e-09,58.495,58.5,8.547739122999332e-05,58.94,58.939998626708984,2.3299813634025668e-08,1378732.0,1388400.0,0.007012240232329381
