signal_date,execution_date,ticker,side,quantity,price,notional,cost,reason,event_type,realized_pnl
2005-01-03,2005-01-04,ADBE,buy,162.03173745559803,31.09889880624707,5039.0086065320365,12.597521516330092,rebalance,rebalance,0.0
2005-01-03,2005-01-04,ADSK,buy,134.55049340617865,37.45068842906704,5039.008606532036,12.59752151633009,rebalance,rebalance,0.0
2005-01-03,2005-01-04,AMD,buy,234.59072224949475,21.479999542236328,5039.0086065320365,12.597521516330092,rebalance,rebalance,0.0
2005-01-03,2005-01-04,CACI,buy,76.67389703189244,65.72000122070312,5039.0086065320365,12.597521516330092,rebalance,rebalance,0.0
2005-01-03,2005-01-04,CTSH,buy,550.987073337943,9.145420737378,5039.0086065320365,12.597521516330092,rebalance,rebalance,0.0
2005-01-03,2005-01-04,FFIV,buy,213.56256635616924,23.594999313354492,5039.0086065320365,12.597521516330092,rebalance,rebalance,0.0
2005-01-03,2005-01-04,GEN,buy,538.6554008625352,9.354790833737487,5039.0086065320365,12.597521516330092,rebalance,rebalance,0.0
2005-01-03,2005-01-04,MRVL,buy,345.49365016794064,14.584952875639335,5039.0086065320365,12.597521516330092,rebalance,rebalance,0.0
2005-01-03,2005-01-04,NTAP,buy,210.87508205900247,23.895704306695333,5039.0086065320365,12.597521516330092,rebalance,rebalance,0.0
2005-01-03,2005-01-04,ORCL,buy,471.50107931716803,10.687162400199746,5039.0086065320365,12.597521516330092,rebalance,rebalance,0.0
2005-01-03,2005-01-04,QCOM,buy,189.89178788952935,26.536211294526908,5039.0086065320365,12.597521516330092,rebalance,rebalance,0.0
2005-01-03,2005-01-04,STX,buy,595.4072438512411,8.46312949425755,5039.0086065320365,12.597521516330092,rebalance,rebalance,0.0
2005-01-03,2005-01-04,SWKS,buy,709.9108536969032,7.098086443235933,5039.0086065320365,12.597521516330092,rebalance,rebalance,0.0
2005-01-03,2005-01-04,VRSN,buy,185.56138221663224,27.15548109384788,5039.0086065320365,12.597521516330092,rebalance,rebalance,0.0
2005-01-03,2005-01-04,WDC,buy,773.8623963121705,6.51150466871805,5039.0086065320365,12.597521516330092,rebalance,rebalance,0.0
2005-02-01,2005-02-02,ADBE,sell,31.946126610353105,29.844145164127408,953.4048399909715,2.3835120999774286,rebalance,rebalance,-44.95175421270113
2005-02-01,2005-02-02,ADSK,sell,0.4242414932038514,28.945070770699143,12.279700044652559,0.0306992501116314,rebalance,rebalance,-3.6788555260703237
2005-02-01,2005-02-02,CACI,sell,2.851994720324683,52.59000015258789,149.98640277705493,0.3749660069426373,rebalance,rebalance,-38.29024247231765
2005-02-01,2005-02-02,CTSH,sell,89.81463528056418,8.41831283366211,756.0876968330551,1.8902192420826378,rebalance,rebalance,-69.24863199397812
2005-02-01,2005-02-02,FFIV,sell,49.23266778136812,23.625,1163.1217763348218,2.9078044408370545,rebalance,rebalance,-4.3349025082458175
2005-02-01,2005-02-02,GEN,sell,538.6554008625352,8.289413884149328,4465.137558681921,11.162843896704803,rebalance,rebalance,-597.6314132631494
2005-02-01,2005-02-02,MRVL,sell,74.88689402666955,14.346625742791556,1074.3742416407206,2.6859356041018017,rebalance,rebalance,-23.264068896308352
2005-02-01,2005-02-02,NTAP,sell,46.39165002265605,23.602947760548883,1094.9796920104172,2.7374492300260433,rebalance,rebalance,-19.090311338796326
2005-02-01,2005-02-02,ORCL,sell,113.81462994606443,10.85390251896782,1235.332898666979,3.0883322466674477,rebalance,rebalance,12.848244083703122
2005-02-01,2005-02-02,QCOM,sell,189.89178788952935,22.701201235715438,4310.771689889997,10.776929224724993,rebalance,rebalance,-751.6113673830943
2005-02-01,2005-02-02,STX,sell,114.17128586151694,8.067339502324918,921.058524461846,2.302646311154615,rebalance,rebalance,-49.90611456315248
2005-02-01,2005-02-02,SWKS,sell,709.9108536969032,5.806815373876127,4122.3212593287035,10.30580314832176,rebalance,rebalance,-939.5906718679845
2005-02-01,2005-02-02,VRSN,sell,5.555446171048942,21.567587931358858,119.81757379202894,0.2995439344800723,rebalance,rebalance,-31.719935641924774
2005-02-01,2005-02-02,WDC,sell,202.0421825066569,6.789360991617752,1371.737312572011,3.4293432814300275,rebalance,rebalance,49.42035808382493
2005-02-01,2005-02-02,AMD,buy,2.423566684570204,16.3799991607666,39.69802025932184,0.09924505064830459,rebalance,rebalance,0.0
2005-02-01,2005-02-02,CHKP,buy,160.22674070060495,24.229999542236328,3882.2938538296767,9.705734634574192,rebalance,rebalance,0.0
2005-02-01,2005-02-02,CIEN,buy,224.53982928035416,17.290000915527344,3882.2938538296767,9.705734634574192,rebalance,rebalance,0.0
2005-02-01,2005-02-02,TXN,buy,268.65445052252966,14.450882337064069,3882.2938538296767,9.705734634574192,rebalance,rebalance,0.0
2005-03-02,2005-03-03,CACI,sell,73.82190231156775,54.400001525878906,4015.9115983925694,10.039778995981424,rebalance,rebalance,-857.8326294093483
2005-03-02,2005-03-03,CTSH,sell,8.948060491032265,10.440713433145262,93.42413536931697,0.23356033842329244,rebalance,rebalance,11.152212611959428
2005-03-02,2005-03-03,ADBE,buy,21.10604440253968,31.22887388139693,659.1179987820752,1.6477949969551882,rebalance,rebalance,0.0
2005-03-02,2005-03-03,ADSK,buy,25.467669147764582,29.584742966843645,753.4544457012291,1.8836361142530729,rebalance,rebalance,0.0
2005-03-02,2005-03-03,AMD,buy,28.98825380693279,17.75,514.541505073057,1.2863537626826425,rebalance,rebalance,0.0
2005-03-02,2005-03-03,CHKP,buy,49.80641009113239,22.479999542236328,1119.648076049091,2.7991201901227276,rebalance,rebalance,0.0
2005-03-02,2005-03-03,CIEN,buy,107.72935586937464,14.210000038146973,1530.8341510133625,3.8270853775334066,rebalance,rebalance,0.0
2005-03-02,2005-03-03,FFIV,buy,7.70672689993458,27.44499969482422,211.51111741679816,0.5287777935419954,rebalance,rebalance,0.0
2005-03-02,2005-03-03,IBM,buy,100.99710537890192,46.74931143758334,4721.545133652709,11.803862834131774,rebalance,rebalance,0.0
2005-03-02,2005-03-03,MRVL,buy,21.113683986297815,16.185170746307612,341.7285804018109,0.8543214510045273,rebalance,rebalance,0.0
2005-03-02,2005-03-03,NTAP,buy,50.8471962518758,21.926955636486944,1114.9242164546258,2.7873105411365646,rebalance,rebalance,0.0
2005-03-02,2005-03-03,ORCL,buy,96.94450646822969,10.385445762125588,1006.8119138618327,2.5170297846545817,rebalance,rebalance,0.0
2005-03-02,2005-03-03,STX,buy,62.567800085344174,8.682443001802376,543.2413579891667,1.3581033949729167,rebalance,rebalance,0.0
2005-03-02,2005-03-03,TXN,buy,16.69014798449882,16.546817982035186,276.1688407927334,0.6904221019818335,rebalance,rebalance,0.0
2005-03-02,2005-03-03,VRSN,buy,19.75530759721471,23.635941825109555,466.93530110491173,1.1673382527622793,rebalance,rebalance,0.0
2005-03-02,2005-03-03,WDC,buy,85.59500232483845,7.181983345996244,614.7418811974995,1.536854702993749,rebalance,rebalance,0.0
2005-03-31,2005-04-01,CIEN,sell,332.2691851497288,12.319999694824219,4093.5562596441505,10.233890649110377,rebalance,rebalance,-1343.338455860107
2005-03-31,2005-04-01,IBM,sell,100.99710537890192,45.916204201770604,4637.403714365405,11.593509285913512,rebalance,rebalance,-107.53879140734941
2005-03-31,2005-04-01,ORCL,sell,454.6309558393333,9.97256705136975,4533.837690736072,11.33459422684018,rebalance,rebalance,-319.0356528490146
2005-03-31,2005-04-01,ADBE,buy,10.85605068680681,33.90999984741211,368.12867713311704,0.9203216928327926,rebalance,rebalance,0.0
2005-03-31,2005-04-01,ADSK,buy,25.486496072028245,29.690000534057617,756.694081989776,1.89173520497444,rebalance,rebalance,0.0
2005-03-31,2005-04-01,AMD,buy,70.90964999021014,16.309999465942383,1156.5363534704886,2.8913408836762216,rebalance,rebalance,0.0
2005-03-31,2005-04-01,CHKP,buy,41.45598365128262,21.850000381469727,905.813258594728,2.26453314648682,rebalance,rebalance,0.0
2005-03-31,2005-04-01,CTSH,buy,88.28429602126937,10.166419064179435,897.5351501382935,2.2438378753457338,rebalance,rebalance,0.0
2005-03-31,2005-04-01,FFIV,buy,44.43127422862878,25.385000228881836,1127.887906463253,2.819719766158133,rebalance,rebalance,0.0
2005-03-31,2005-04-01,INTC,buy,405.86895775162304,13.538945461501,5495.0376835154775,13.737594208788694,rebalance,rebalance,0.0
2005-03-31,2005-04-01,MRVL,buy,43.29740029298546,16.402224062507987,710.1736609296464,1.7754341523241162,rebalance,rebalance,0.0
2005-03-31,2005-04-01,NTAP,buy,55.03921203516609,20.32415182456329,1118.6253017070467,2.7965632542676166,rebalance,rebalance,0.0
2005-03-31,2005-04-01,SNPS,buy,301.2630346748418,18.239999771118164,5495.0376835154775,13.737594208788694,rebalance,rebalance,0.0
2005-03-31,2005-04-01,STX,buy,46.91584539022267,9.3022775125125,436.4242135539816,1.091060533884954,rebalance,rebalance,0.0
2005-03-31,2005-04-01,TER,buy,406.98116067920836,13.501946071274755,5495.0376835154775,13.737594208788694,rebalance,rebalance,0.0
2005-03-31,2005-04-01,TXN,buy,62.46144563877971,15.799143735443058,986.8373575706436,2.467093393926609,rebalance,rebalance,0.0
2005-03-31,2005-04-01,VRSN,buy,28.062659469032326,24.11967141489173,676.8621254210598,1.6921553135526495,rebalance,rebalance,0.0
2005-03-31,2005-04-01,WDC,buy,51.090168200521475,7.755816405975658,396.2459647136603,0.9906149117841508,rebalance,rebalance,0.0
2005-04-28,2005-04-29,ADBE,sell,162.04770593459142,29.524999618530273,4784.458455902518,11.961146139756295,market_trend_exit,risk_exit,-312.95052878688995
2005-04-28,2005-04-29,ADSK,sell,185.08041713276762,31.530000686645508,5835.5856792808,14.588964198202,market_trend_exit,risk_exit,-728.6054556553894
2005-04-28,2005-04-29,AMD,sell,336.9121927312079,14.25,4800.998746419712,12.002496866049281,market_trend_exit,risk_exit,-1977.662696994578
2005-04-28,2005-04-29,CHKP,sell,251.48913444301996,20.6200008392334,5185.706163273153,12.964265408182882,market_trend_exit,risk_exit,-749.7826785797097
2005-04-28,2005-04-29,CTSH,sell,540.5086735876159,9.239028574966625,4993.7750802932915,12.48443770073323,market_trend_exit,risk_exit,-64.6100014655628
2005-04-28,2005-04-29,FFIV,sell,216.46789970336448,20.93000030517578,4530.673206852179,11.326683017130447,market_trend_exit,risk_exit,-710.4582512508383
2005-04-28,2005-04-29,INTC,sell,405.86895775162304,13.591156165296576,5516.228387448467,13.790570968621168,market_trend_exit,risk_exit,-6.33746124442018
2005-04-28,2005-04-29,MRVL,sell,335.01784042055436,14.287040832574714,4786.41356572946,11.966033914323651,market_trend_exit,risk_exit,-236.7382182350893
2005-04-28,2005-04-29,NTAP,sell,270.3698403233883,19.42394949103145,5251.650122339733,13.129125305849332,market_trend_exit,risk_exit,-940.8859688523719
2005-04-28,2005-04-29,SNPS,sell,301.2630346748418,16.549999237060547,4985.902994023177,12.464757485057943,market_trend_exit,risk_exit,-535.337041186147
2005-04-28,2005-04-29,STX,sell,590.719603465291,8.39854729307844,4961.18652665179,12.402966316629474,market_trend_exit,risk_exit,-116.27531047136868
2005-04-28,2005-04-29,TER,sell,406.98116067920836,10.218429363472188,4158.708242664416,10.39677060666104,market_trend_exit,risk_exit,-1360.4638056665117
2005-04-28,2005-04-29,TXN,sell,347.8060441458082,15.213954538707135,5291.505343921893,13.228763359804733,market_trend_exit,risk_exit,120.11327823855189
2005-04-28,2005-04-29,VRSN,sell,227.82390311183033,22.701845283564957,5172.023000342665,12.930057500856663,market_trend_exit,risk_exit,-887.9321397993708
2005-04-28,2005-04-29,WDC,sell,708.5053843308735,7.713533795318442,5465.080226201275,13.662700565503187,market_trend_exit,risk_exit,705.1836932682226
2005-05-26,2005-05-27,ADBE,buy,174.92948081501305,33.099998474121094,5790.165548055727,14.475413870139318,rebalance,rebalance,0.0
2005-05-26,2005-05-27,ADSK,buy,152.77481042057696,37.900001525878906,5790.165548055727,14.475413870139318,rebalance,rebalance,0.0
2005-05-26,2005-05-27,CACI,buy,92.12674126698454,62.849998474121094,5790.165548055727,14.475413870139318,rebalance,rebalance,0.0
2005-05-26,2005-05-27,CDNS,buy,413.58325343255194,14.0,5790.165548055727,14.475413870139318,rebalance,rebalance,0.0
2005-05-26,2005-05-27,CTSH,buy,560.3002788840232,10.33404009647876,5790.165548055728,14.47541387013932,rebalance,rebalance,0.0
2005-05-26,2005-05-27,FFIV,buy,230.13376721666748,25.15999984741211,5790.165548055727,14.475413870139318,rebalance,rebalance,0.0
2005-05-26,2005-05-27,GLW,buy,573.3860214044919,10.09819795375006,5790.165548055727,14.475413870139318,rebalance,rebalance,0.0
2005-05-26,2005-05-27,HPQ,buy,939.3138924720608,6.164249879044508,5790.165548055727,14.475413870139318,rebalance,rebalance,0.0
2005-05-26,2005-05-27,INTC,buy,366.0135369316048,15.819539344354109,5790.165548055727,14.475413870139318,rebalance,rebalance,0.0
2005-05-26,2005-05-27,INTU,buy,307.13132271852817,18.852409766626604,5790.165548055727,14.475413870139318,rebalance,rebalance,0.0
2005-05-26,2005-05-27,MRVL,buy,333.45702805942165,17.36405311878425,5790.165548055727,14.475413870139318,rebalance,rebalance,0.0
2005-05-26,2005-05-27,MSFT,buy,325.4333365190429,17.792170925048772,5790.165548055727,14.475413870139318,rebalance,rebalance,0.0
2005-05-26,2005-05-27,STX,buy,581.7443223962646,9.953110542111423,5790.165548055727,14.475413870139318,rebalance,rebalance,0.0
2005-05-26,2005-05-27,TXN,buy,338.5384985064591,17.10341829245531,5790.165548055727,14.475413870139318,rebalance,rebalance,0.0
2005-05-26,2005-05-27,WDC,buy,645.5084237132274,8.969930267909342,5790.165548055727,14.475413870139318,rebalance,rebalance,0.0
2005-06-24,2005-06-27,ADSK,sell,152.77481042057696,33.959999084472656,5188.232422013277,12.970581055033193,rebalance,rebalance,-629.3791209676225
2005-06-24,2005-06-27,CACI,sell,92.12674126698454,60.5099983215332,5574.588959433558,13.936472398583895,rebalance,rebalance,-243.98847489089215
2005-06-24,2005-06-27,CDNS,sell,5.045993007246352,13.600000381469727,68.62550682344396,0.1715637670586099,rebalance,rebalance,-2.366568800317201
2005-06-24,2005-06-27,CTSH,sell,5.467892855455716,10.014027727182237,54.755630663795195,0.136889076659488,rebalance,rebalance,-2.0279459844222245
2005-06-24,2005-06-27,GLW,sell,64.13014157576669,10.910245944528718,699.675617049061,1.7491890426226524,rebalance,rebalance,48.70856641124434
2005-06-24,2005-06-27,HPQ,sell,75.15059974449946,6.429464135293221,483.1780858030352,1.207945214507588,rebalance,rebalance,17.5649475149117
2005-06-24,2005-06-27,INTC,sell,0.9617582061983398,15.22005156919967,14.638009495439702,0.036595023738599256,rebalance,rebalance,-0.6511937404657392
2005-06-24,2005-06-27,INTU,sell,307.13132271852817,19.30272751609283,5928.47223409292,14.8211805852323,rebalance,rebalance,109.01009158182163
2005-06-24,2005-06-27,MRVL,sell,0.1641718197711839,16.670344994234433,2.736800873916913,0.006842002184792283,rebalance,rebalance,-0.1278560478799763
2005-06-24,2005-06-27,MSFT,sell,325.4333365190429,17.268672843878722,5619.801820839241,14.049504552098103,rebalance,rebalance,-198.8886456387233
2005-06-24,2005-06-27,TXN,sell,14.961722845450595,17.170907542046667,256.90635964895955,0.6422658991223988,rebalance,rebalance,-0.2722519621928484
2005-06-24,2005-06-27,ADBE,buy,14.50478144483833,29.329999923706055,425.4252386704812,1.0635630966762029,rebalance,rebalance,0.0
2005-06-24,2005-06-27,ADI,buy,238.40546077518988,23.30528369426914,5556.106897628753,13.890267244071884,rebalance,rebalance,0.0
2005-06-24,2005-06-27,AKAM,buy,409.74238390073793,13.5600004196167,5556.106897628753,13.890267244071884,rebalance,rebalance,0.0
2005-06-24,2005-06-27,CSCO,buy,448.9967462947927,12.374492562538178,5556.106897628753,13.890267244071884,rebalance,rebalance,0.0
2005-06-24,2005-06-27,FFIV,buy,13.501699710633972,22.80500030517578,307.90626602139946,0.7697656650534986,rebalance,rebalance,0.0
2005-06-24,2005-06-27,MCHP,buy,683.325186629753,8.130985080518078,5556.106897628753,13.890267244071884,rebalance,rebalance,0.0
2005-06-24,2005-06-27,STX,buy,52.50950296789529,8.76006840705878,459.98683801941877,1.149967095048547,rebalance,rebalance,0.0
2005-06-24,2005-06-27,WDC,buy,44.019923058568565,8.057836815036096,354.70535661639013,0.8867633915409754,rebalance,rebalance,0.0
2005-07-25,2005-07-26,ADBE,sell,189.43426225985138,29.360000610351562,5561.790055570735,13.904475138926838,rebalance,rebalance,-683.2441832612159
2005-07-25,2005-07-26,ADI,sell,33.99502963521297,25.061169985163257,851.9552163387348,2.129888040846837,rebalance,rebalance,55.580858929553585
2005-07-25,2005-07-26,AKAM,sell,56.44827620836065,14.5,818.5000050212295,2.046250012553074,rebalance,rebalance,49.101509313986625
2005-07-25,2005-07-26,CDNS,sell,408.5372604253056,14.75,6025.924591273258,15.064811478183145,rebalance,rebalance,277.0393297259103
2005-07-25,2005-07-26,CSCO,sell,448.9967462947927,12.182146745964072,5469.744251823565,13.674360629558912,rebalance,rebalance,-113.92727367881915
2005-07-25,2005-07-26,CTSH,sell,74.78936758909879,10.671469774089482,798.1124756503353,1.9952811891258384,rebalance,rebalance,21.30868019653352
2005-07-25,2005-07-26,FFIV,sell,243.63546692730145,21.0,5116.344805473331,12.790862013683327,rebalance,rebalance,-1009.7630501526727
2005-07-25,2005-07-26,GLW,sell,76.35685598847556,11.833624654764517,903.578373585528,2.25894593396382,rebalance,rebalance,128.32511413670832
2005-07-25,2005-07-26,HPQ,sell,85.47061691422084,6.5786731025674134,562.283248553428,1.4057081213835703,rebalance,rebalance,32.698144856760834
2005-07-25,2005-07-26,INTC,sell,34.91061646625644,15.516891400286124,541.7042444239418,1.3542606110598545,rebalance,rebalance,-13.300561587527257
2005-07-25,2005-07-26,MCHP,sell,88.87109914441317,8.617594982330415,765.8551380610837,1.9146378451527093,rebalance,rebalance,39.52439503038352
2005-07-25,2005-07-26,MRVL,sell,54.79065067419742,18.393982019418974,1007.8182433334534,2.5195456083336336,rebalance,rebalance,51.53245958380502
2005-07-25,2005-07-26,STX,sell,634.2538253641599,8.802846270831061,5583.2389213672295,13.958097303418073,rebalance,rebalance,-696.4969429765225
2005-07-25,2005-07-26,TXN,sell,62.13243890379164,19.59409266645001,1217.428765473437,3.0435719136835924,rebalance,rebalance,149.05140872752682
2005-07-25,2005-07-26,WDC,sell,90.17161651988499,8.547104425416832,770.7062226040985,1.9267655565102462,rebalance,rebalance,-36.81204290721033
2005-07-25,2005-07-26,ADSK,buy,143.73638185379338,35.63999938964844,5122.76456153947,12.806911403848677,rebalance,rebalance,0.0
2005-07-25,2005-07-26,AMD,buy,260.03880015967565,19.700000762939453,5122.76456153947,12.806911403848677,rebalance,rebalance,0.0
2005-07-25,2005-07-26,CRM,buy,928.9467081977565,5.514594665476681,5122.76456153947,12.806911403848677,rebalance,rebalance,0.0
2005-07-25,2005-07-26,INTU,buy,247.35060611945184,20.710539755320262,5122.76456153947,12.806911403848677,rebalance,rebalance,0.0
2005-07-25,2005-07-26,VRSN,buy,236.78892416761317,21.63430819050166,5122.76456153947,12.806911403848677,rebalance,rebalance,0.0
2005-08-22,2005-08-23,ADSK,sell,8.961446275387686,40.130001068115234,359.62284860316515,0.899057121507913,rebalance,rebalance,38.53938684700989
2005-08-22,2005-08-23,CRM,sell,928.9467081977565,4.939544001769901,4588.573140442123,11.471432851105307,rebalance,rebalance,-558.4697653523014
2005-08-22,2005-08-23,CTSH,sell,480.0430184394687,9.657005757126122,4635.77819273815,11.589445481845376,rebalance,rebalance,-348.9970128333277
2005-08-22,2005-08-23,HPQ,sell,29.195202359816676,7.216192849583986,210.6782105110666,0.5266955262776665,rebalance,rebalance,29.73507606307111
2005-08-22,2005-08-23,MRVL,sell,2.474976659262495,19.594147759077416,48.495058361857126,0.12123764590464282,rebalance,rebalance,5.290755471319373
2005-08-22,2005-08-23,VRSN,sell,236.78892416761317,19.324091890212944,4575.730929199622,11.439327322999054,rebalance,rebalance,-571.2798710666957
2005-08-22,2005-08-23,ADI,buy,35.3032945216022,22.56240561023265,796.5272503738929,1.9913181259347323,rebalance,rebalance,0.0
2005-08-22,2005-08-23,AKAM,buy,7.273779555394867,15.0,109.10669333092301,0.27276673332730755,rebalance,rebalance,0.0
2005-08-22,2005-08-23,AMD,buy,0.9900843939389006,20.719999313354492,20.51454796257702,0.05128636990644255,rebalance,rebalance,0.0
2005-08-22,2005-08-23,CACI,buy,87.51647856774039,61.79999923706055,5408.518308716582,13.521295771791456,rebalance,rebalance,0.0
2005-08-22,2005-08-23,GLW,buy,2.234615618330679,12.42955684935366,27.77528186449475,0.06943820466123687,rebalance,rebalance,0.0
2005-08-22,2005-08-23,INTC,buy,23.370971031508702,15.299385224409491,357.56148887956647,0.8939037221989162,rebalance,rebalance,0.0
2005-08-22,2005-08-23,INTU,buy,23.103697644338553,19.997900693199096,462.02545113718026,1.1550636278429507,rebalance,rebalance,0.0
2005-08-22,2005-08-23,MCHP,buy,46.8030604869266,8.434242527851703,394.74836319245196,0.98687090798113,rebalance,rebalance,0.0
2005-08-22,2005-08-23,ON,buy,983.3669652211968,5.5,5408.518308716582,13.521295771791456,rebalance,rebalance,0.0
2005-08-22,2005-08-23,QCOM,buy,215.65787055877271,25.0791603139873,5408.518308716582,13.521295771791456,rebalance,rebalance,0.0
2005-08-22,2005-08-23,TXN,buy,14.71252286136206,19.584950075789152,288.1440257286825,0.7203600643217063,rebalance,rebalance,0.0
2005-08-22,2005-08-23,WDC,buy,26.795061656575626,8.637711140667067,231.44800258586423,0.5786200064646606,rebalance,rebalance,0.0
2005-09-20,2005-09-21,ADI,sell,239.7137256615791,22.458041606667503,5383.500824597023,13.458752061492557,rebalance,rebalance,-204.2291914687888
2005-09-20,2005-09-21,AMD,sell,3.1311143943609636,22.31999969482422,69.88647232659643,0.1747161808164911,rebalance,rebalance,7.862448665033215
2005-09-20,2005-09-21,INTC,sell,353.5121332906587,14.488009273903137,5121.687065552345,12.804217663880863,rebalance,rebalance,-485.3103530265911
2005-09-20,2005-09-21,INTU,sell,270.4543037637904,19.62626673510354,5308.008305324867,13.270020763312168,rebalance,rebalance,-304.0137031467865
2005-09-20,2005-09-21,QCOM,sell,215.65787055877271,27.168264220903065,5859.05000865805,14.647625021645124,rebalance,rebalance,422.36277914803026
2005-09-20,2005-09-21,ADSK,buy,2.573624961038689,41.90999984741211,107.86062172442746,0.26965155431106863,rebalance,rebalance,0.0
2005-09-20,2005-09-21,AKAM,buy,55.64890111124504,13.829999923706055,769.6242981228447,1.924060745307112,rebalance,rebalance,0.0
2005-09-20,2005-09-21,AMAT,buy,464.4204689613474,12.39454015479552,5756.278151250387,14.390695378125969,rebalance,rebalance,0.0
2005-09-20,2005-09-21,CACI,buy,7.299502951894112,60.709999084472656,443.152817526597,1.1078820438164925,rebalance,rebalance,0.0
2005-09-20,2005-09-21,CRM,buy,1002.2873349295446,5.743141662719925,5756.278151250387,14.390695378125969,rebalance,rebalance,0.0
2005-09-20,2005-09-21,GLW,buy,2.3906131335073155,13.156477880134972,31.452048810949147,0.07863012202737286,rebalance,rebalance,0.0
2005-09-20,2005-09-21,GOOGL,buy,752.4416201288598,7.650132578079071,5756.278151250387,14.390695378125969,rebalance,rebalance,0.0
2005-09-20,2005-09-21,HPQ,buy,6.127289595697107,7.617905649388341,46.677114026499396,0.11669278506624849,rebalance,rebalance,0.0
2005-09-20,2005-09-21,MCHP,buy,82.70101713779036,7.951119869440677,657.5657005872389,1.6439142514680973,rebalance,rebalance,0.0
2005-09-20,2005-09-21,MRVL,buy,18.067437348710087,19.57287503562288,353.63169344024806,0.8840792336006201,rebalance,rebalance,0.0
2005-09-20,2005-09-21,ON,buy,136.5315368747115,5.139999866485596,701.7720813070903,1.7544302032677257,rebalance,rebalance,0.0
2005-09-20,2005-09-21,SWKS,buy,1078.508162458531,5.337259699665665,5756.278151250387,14.390695378125969,rebalance,rebalance,0.0
2005-09-20,2005-09-21,TXN,buy,11.798844045379838,19.990151533750836,235.8606803902367,0.5896517009755917,rebalance,rebalance,0.0
2005-09-20,2005-09-21,WDC,buy,115.45906074761979,7.7618580292266035,896.1768377108748,2.240442094277187,rebalance,rebalance,0.0
2005-10-18,2005-10-19,ADSK,sell,137.34856053944438,42.2599983215332,5804.349937861921,14.510874844654802,market_trend_exit,risk_exit,866.3217214298559
2005-10-18,2005-10-19,AKAM,sell,416.2167883590172,16.440000534057617,6842.6042229059885,17.106510557264972,market_trend_exit,risk_exit,1141.9249742381855
2005-10-18,2005-10-19,AMAT,sell,464.4204689613474,12.314855122374258,5719.270791124104,14.298176977810261,market_trend_exit,risk_exit,-65.6962324822181
2005-10-18,2005-10-19,AMD,sell,257.8977701592536,20.6299991607666,5320.4307819489795,13.30107695487245,market_trend_exit,risk_exit,212.84170519905095
2005-10-18,2005-10-19,CACI,sell,94.8159815196345,56.939998626708984,5398.821857518054,13.497054643795135,market_trend_exit,risk_exit,-480.97550118452733
2005-10-18,2005-10-19,CRM,sell,1002.2873349295446,5.563744324874955,5576.470471608297,13.941176179020744,market_trend_exit,risk_exit,-208.1395511992365
2005-10-18,2005-10-19,GLW,sell,437.52425259208763,11.689552409940012,5114.46268129504,12.7861567032376,market_trend_exit,risk_exit,659.8723387738522
2005-10-18,2005-10-19,GOOGL,sell,752.4416201288598,7.540742385181135,5673.968417280055,14.184921043200138,market_trend_exit,risk_exit,-110.88535039165743
2005-10-18,2005-10-19,HPQ,sell,755.624763049221,7.45466362514837,5632.928435364384,14.08232108841096,market_trend_exit,risk_exit,940.4123731091584
2005-10-18,2005-10-19,MCHP,sell,723.9581651100568,7.596278149539517,5499.387590806246,13.748468977015616,market_trend_exit,risk_exit,-414.88678679718583
2005-10-18,2005-10-19,MRVL,sell,294.09466625490063,18.653586613780742,5485.92032963673,13.714800824091824,market_trend_exit,risk_exit,312.7559125184823
2005-10-18,2005-10-19,ON,sell,1119.8985020959083,4.610000133514404,5162.732244184718,12.906830610461796,market_trend_exit,risk_exit,-975.7407024244741
2005-10-18,2005-10-19,SWKS,sell,1078.508162458531,4.2259844927801975,4557.758769886617,11.394396924716544,market_trend_exit,risk_exit,-1224.3044736666122
2005-10-18,2005-10-19,TXN,sell,287.9557036639588,18.11147729766691,5215.3031896434895,13.038257974108724,market_trend_exit,risk_exit,194.179382403555
2005-10-18,2005-10-19,WDC,sell,741.6108526561064,7.188024128672602,5330.716702977555,13.326791757443887,market_trend_exit,risk_exit,-1167.6955731563694
2005-11-15,2005-11-16,ADSK,buy,99.2915927154132,45.7400016784668,4541.597617460641,11.353994043651603,rebalance,rebalance,0.0
2005-11-15,2005-11-16,AKAM,buy,266.2132332727929,17.059999465942383,4541.597617460641,11.353994043651603,rebalance,rebalance,0.0
2005-11-15,2005-11-16,AMAT,buy,352.0211956580484,12.901489096333638,4541.597617460641,11.353994043651603,rebalance,rebalance,0.0
2005-11-15,2005-11-16,AMD,buy,180.15064587042775,25.209999084472656,4541.597617460641,11.353994043651603,rebalance,rebalance,0.0
2005-11-15,2005-11-16,CDNS,buy,266.3693736471757,17.049999237060547,4541.597617460641,11.353994043651603,rebalance,rebalance,0.0
2005-11-15,2005-11-16,CIEN,buy,252.45123264269833,17.989999771118164,4541.597617460641,11.353994043651603,rebalance,rebalance,0.0
2005-11-15,2005-11-16,CRM,buy,672.0247069285883,6.758081318494213,4541.597617460641,11.353994043651603,rebalance,rebalance,0.0
2005-11-15,2005-11-16,GLW,buy,345.71482408405626,13.136832154922024,4541.597617460641,11.353994043651603,rebalance,rebalance,0.0
2005-11-15,2005-11-16,GOOGL,buy,462.1188351558322,9.827769984595323,4541.597617460641,11.353994043651603,rebalance,rebalance,0.0
2005-11-15,2005-11-16,HPQ,buy,592.9972552400471,7.658716085662468,4541.597617460641,11.353994043651603,rebalance,rebalance,0.0
2005-11-15,2005-11-16,MRVL,buy,214.9306625698545,21.130524435919323,4541.597617460641,11.353994043651603,rebalance,rebalance,0.0
2005-11-15,2005-11-16,MU,buy,348.86840639784236,13.018082274499506,4541.597617460641,11.353994043651603,rebalance,rebalance,0.0
2005-11-15,2005-11-16,ON,buy,878.4521374158727,5.170000076293945,4541.597617460641,11.353994043651603,rebalance,rebalance,0.0
2005-11-15,2005-11-16,QCOM,buy,161.79696545380898,28.069732981223375,4541.597617460641,11.353994043651603,rebalance,rebalance,0.0
2005-11-15,2005-11-16,TER,buy,337.055068350924,13.474348983033742,4541.597617460641,11.353994043651603,rebalance,rebalance,0.0
2005-12-14,2005-12-15,AMAT,sell,352.0211956580484,13.779483330540474,4850.670197567005,12.126675493917512,rebalance,rebalance,285.5919105687943
2005-12-14,2005-12-15,CIEN,sell,252.45123264269833,20.229999542236328,5107.088320798784,12.767720801996958,rebalance,rebalance,541.3689884924945
2005-12-14,2005-12-15,ON,sell,878.4521374158727,6.150000095367432,5402.480728883341,13.506201822208352,rebalance,rebalance,836.0229155568403
2005-12-14,2005-12-15,TER,sell,337.055068350924,14.246939704720646,4802.00323596611,12.005008089915275,rebalance,rebalance,237.04661637190222
2005-12-14,2005-12-15,ADSK,buy,33.9590441142266,43.13999938964844,1464.99314236078,3.66248285590195,rebalance,rebalance,0.0
2005-12-14,2005-12-15,AKAM,buy,11.220771649974495,20.719999313354492,232.49438088277907,0.5812359522069477,rebalance,rebalance,0.0
2005-12-14,2005-12-15,AMD,buy,28.5796446307574,27.540000915527344,787.0834392965049,1.9677085982412623,rebalance,rebalance,0.0
2005-12-14,2005-12-15,CDNS,buy,51.57489713590786,18.079999923706055,932.4741362823618,2.3311853407059044,rebalance,rebalance,0.0
2005-12-14,2005-12-15,CRM,buy,6.97477643912589,8.466033527727806,59.04869118204574,0.14762172795511436,rebalance,rebalance,0.0
2005-12-14,2005-12-15,FFIV,buy,216.92197703777083,26.5,5748.432391500927,14.371080978752317,rebalance,rebalance,0.0
2005-12-14,2005-12-15,GLW,buy,65.04258589900621,13.9947137940566,910.2523740819336,2.275630935204834,rebalance,rebalance,0.0
2005-12-14,2005-12-15,GOOGL,buy,90.82491539270592,10.396052737368487,944.2206102896016,2.360551525724004,rebalance,rebalance,0.0
2005-12-14,2005-12-15,HPQ,buy,117.21997610764174,8.093907241018158,948.767613409617,2.3719190335240423,rebalance,rebalance,0.0
2005-12-14,2005-12-15,IBM,buy,137.17401637312338,41.906131667565745,5748.432391500927,14.371080978752317,rebalance,rebalance,0.0
2005-12-14,2005-12-15,MRVL,buy,12.459652498506586,25.280022985028,314.98030154770805,0.7874507538692701,rebalance,rebalance,0.0
2005-12-14,2005-12-15,MSFT,buy,306.36467274286656,18.763365697603184,5748.432391500928,14.371080978752321,rebalance,rebalance,0.0
2005-12-14,2005-12-15,MU,buy,89.09586350843307,13.12534557380924,1169.413997745124,2.9235349943628104,rebalance,rebalance,0.0
2005-12-14,2005-12-15,QCOM,buy,36.48217434936993,28.991614534978762,1057.6771361348226,2.6441928403370567,rebalance,rebalance,0.0
2005-12-14,2005-12-15,TXN,buy,276.55551615183583,20.78581715341702,5748.432391500927,14.371080978752317,rebalance,rebalance,0.0
2006-01-13,2006-01-17,ADSK,sell,33.146555163691446,42.34000015258789,1403.4251506884586,3.5085628767211468,rebalance,rebalance,-97.97896597264825
2006-01-13,2006-01-17,AKAM,sell,89.89388273382733,22.600000381469727,2031.6017840762925,5.079004460190731,rebalance,rebalance,475.7591284731737
2006-01-13,2006-01-17,AMD,sell,78.15706337381965,32.459999084472656,2536.9782055592573,6.342445513898143,rebalance,rebalance,530.3738564808663
2006-01-13,2006-01-17,CDNS,sell,71.66843937790156,17.209999084472656,1233.41377607927,3.083534440198175,rebalance,rebalance,-6.67577238287665
2006-01-13,2006-01-17,CRM,sell,225.60998930750588,9.34826873700801,2109.0628098000684,5.272657024500171,rebalance,rebalance,571.3197026497131
2006-01-13,2006-01-17,FFIV,sell,216.92197703777083,29.045000076293945,6300.498839611887,15.751247099029717,rebalance,rebalance,521.9441200331781
2006-01-13,2006-01-17,GLW,sell,143.86794445540386,15.880757318882203,2284.7319118626933,5.711829779656734,rebalance,rebalance,364.73369605223934
2006-01-13,2006-01-17,GOOGL,sell,183.94504233344117,11.486237590133431,2112.836459769057,5.282091149422643,rebalance,rebalance,278.05220352802706
2006-01-13,2006-01-17,HPQ,sell,215.41415506049032,8.565845759921721,1845.2044267520212,4.613011066880053,rebalance,rebalance,171.1597392676463
2006-01-13,2006-01-17,IBM,sell,137.17401637312338,41.8656741283367,5742.882668352307,14.357206670880768,rebalance,rebalance,-34.27801079825426
2006-01-13,2006-01-17,MRVL,sell,72.33964858565247,27.33562472937577,1977.4494867923145,4.943623716980786,rebalance,rebalance,423.62086445965116
2006-01-13,2006-01-17,MSFT,sell,306.36467274286656,18.63865555168819,5710.225608459965,14.275564021149913,rebalance,rebalance,-66.85342804086517
2006-01-13,2006-01-17,MU,sell,130.79308232224474,13.798191380991591,1804.707981192121,4.511769952980303,rebalance,rebalance,90.40327648220178
2006-01-13,2006-01-17,QCOM,sell,54.79795760379241,29.539809806704024,1618.7212454118585,4.046803113529647,rebalance,rebalance,63.34689005938836
2006-01-13,2006-01-17,TXN,sell,276.55551615183583,20.066737158012852,5549.566852217467,13.873917130543669,rebalance,rebalance,-227.11053739275556
2006-01-13,2006-01-17,ADBE,buy,109.51955424946085,38.70000076293945,4238.406833010924,10.59601708252731,rebalance,rebalance,0.0
2006-01-13,2006-01-17,CIEN,buy,179.66963991502809,23.59000015258789,4238.406833010924,10.59601708252731,rebalance,rebalance,0.0
2006-01-13,2006-01-17,ON,buy,613.3729271496679,6.909999847412109,4238.406833010924,10.59601708252731,rebalance,rebalance,0.0
2006-01-13,2006-01-17,SNPS,buy,199.73642649194363,21.219999313354492,4238.406833010924,10.59601708252731,rebalance,rebalance,0.0
2006-02-13,2006-02-14,ADBE,sell,10.427703679302184,38.25,398.85966573330853,0.9971491643332714,rebalance,rebalance,-6.698504126587517
2006-02-13,2006-02-14,ADSK,sell,100.10408166594836,37.29999923706055,3733.8821697665203,9.3347054244163,rebalance,rebalance,-799.1642185944845
2006-02-13,2006-02-14,AKAM,sell,35.92959081659728,25.0,898.2397704149321,2.24559942603733,rebalance,rebalance,276.17108910246884
2006-02-13,2006-02-14,AMD,sell,34.12886687571725,39.29999923706055,1341.264442177429,3.353161105443572,rebalance,rebalance,464.4563522857445
2006-02-13,2006-02-14,CDNS,sell,246.27583140518198,16.950000762939453,4174.375530211382,10.435938825528456,rebalance,rebalance,-86.81132771955747
2006-02-13,2006-02-14,CIEN,sell,37.55253179857161,26.670000076293945,1001.5260259329356,2.503815064832339,rebalance,rebalance,110.94331943259151
2006-02-13,2006-02-14,CRM,sell,15.847785912679342,8.66263310155241,137.28355483349205,0.34320888708373015,rebalance,rebalance,29.293234727410926
2006-02-13,2006-02-14,GLW,sell,266.8894655276586,15.644994708868948,4175.48427603308,10.4387106900827,rebalance,rebalance,613.8523348523647
2006-02-13,2006-02-14,HPQ,sell,57.883118869485486,8.674960298700489,502.1337581577477,1.2553343953943692,rebalance,rebalance,52.29178309603716
2006-02-13,2006-02-14,MRVL,sell,14.99859038630592,27.06324240205907,405.91048731378993,1.0147762182844748,rebalance,rebalance,83.75658332901821
2006-02-13,2006-02-14,MU,sell,67.09075442346432,15.787472699924828,1059.193453877804,2.64798363469451,rebalance,rebalance,179.50139525044804
2006-02-13,2006-02-14,ON,sell,56.799752971115595,6.809999942779541,386.8063144831893,0.9670157862079732,rebalance,rebalance,-7.62820137738158
2006-02-13,2006-02-14,QCOM,sell,143.4811821993865,28.879485929801934,4143.66278251853,10.359156956296324,rebalance,rebalance,71.35823732172167
2006-02-13,2006-02-14,SNPS,sell,27.60821552398147,22.020000457763672,607.9329184761101,1.5198322961902753,rebalance,rebalance,19.102155931935652
2006-02-13,2006-02-14,FFIV,buy,124.70022132670958,30.395000457763672,3790.263284308569,9.475658210771423,rebalance,rebalance,0.0
2006-02-13,2006-02-14,GOOGL,buy,73.48214198226822,8.565937447050988,629.4434316954289,1.5736085792385723,rebalance,rebalance,0.0
2006-02-13,2006-02-14,NTAP,buy,163.5251983244694,23.178466212821014,3790.2632843085694,9.475658210771424,rebalance,rebalance,0.0
2006-02-13,2006-02-14,STX,buy,302.21915965659446,12.541439426326805,3790.2632843085694,9.475658210771424,rebalance,rebalance,0.0
2006-02-13,2006-02-14,WDC,buy,268.15812964279473,14.134433624509029,3790.2632843085694,9.475658210771424,rebalance,rebalance,0.0
2006-03-14,2006-03-15,CIEN,sell,23.376149798731916,34.29999923706055,801.8019202619178,2.0045048006547943,rebalance,rebalance,246.97542969896222
2006-03-14,2006-03-15,CRM,sell,20.92269652196302,9.775873558468836,204.53763570092616,0.5113440892523154,rebalance,rebalance,61.9075217146682
2006-03-14,2006-03-15,FFIV,sell,6.063036285211851,34.33000183105469,208.14404677307385,0.5203601169326847,rebalance,rebalance,22.876981015028086
2006-03-14,2006-03-15,GOOGL,sell,442.48085019736516,8.700875207294006,3849.9706591846275,9.62492664796157,rebalance,rebalance,-460.7019159660128
2006-03-14,2006-03-15,HPQ,sell,436.9199574177131,9.119912597475636,3984.67182374232,9.961679559355801,rebalance,rebalance,588.6373173193415
2006-03-14,2006-03-15,NTAP,sell,0.42698141111372934,24.971546941371127,10.662386350719375,0.02665596587679844,rebalance,rebalance,0.7142142383128574
2006-03-14,2006-03-15,ACLS,buy,147.1392606503776,27.68000030517578,4072.8147797057904,10.182036949264477,rebalance,rebalance,0.0
2006-03-14,2006-03-15,ADBE,buy,9.112582101162673,37.63999938964844,342.9975847258843,0.8574939618147107,rebalance,rebalance,0.0
2006-03-14,2006-03-15,AKAM,buy,3.2493506753570216,26.299999237060547,85.45792028283184,0.21364480070707959,rebalance,rebalance,0.0
2006-03-14,2006-03-15,AMD,buy,19.359307412515506,35.16999816894531,680.8668062502197,1.7021670156255493,rebalance,rebalance,0.0
2006-03-14,2006-03-15,MCHP,buy,417.971795851058,9.744233510811137,4072.814779705791,10.182036949264477,rebalance,rebalance,0.0
2006-03-14,2006-03-15,MRVL,buy,22.1482149552223,25.109787123683386,556.1369626952127,1.3903424067380317,rebalance,rebalance,0.0
2006-03-14,2006-03-15,MU,buy,35.788630801377735,14.763579218391927,528.3682859539215,1.3209207148848037,rebalance,rebalance,0.0
2006-03-14,2006-03-15,ON,buy,10.671237670994742,7.179999828338623,76.6194846459029,0.19154871161475726,rebalance,rebalance,0.0
2006-03-14,2006-03-15,SNPS,buy,10.182207648305905,22.34000015258789,227.4705204168355,0.5686763010420888,rebalance,rebalance,0.0
2006-03-14,2006-03-15,STX,buy,33.74997052444053,12.122586314734269,409.1369308022677,1.0228423270056692,rebalance,rebalance,0.0
2006-03-14,2006-03-15,WDC,buy,74.10955075834102,11.899501509848886,881.8667111431015,2.204666777857754,rebalance,rebalance,0.0
2006-04-11,2006-04-12,ACLS,sell,147.1392606503776,23.1200008392334,3401.859829720912,8.50464957430228,rebalance,rebalance,-689.6416365084453
2006-04-11,2006-04-12,AKAM,sell,2.4809156829617223,32.150001525878906,79.76144299279628,0.1994036074819907,rebalance,rebalance,36.28917114172948
2006-04-11,2006-04-12,MU,sell,275.8690639619441,14.870841914534843,4102.405239288772,10.25601309822193,rebalance,rebalance,424.00788502756456
2006-04-11,2006-04-12,SNPS,sell,182.31041861626807,21.3700008392334,3895.9737988306406,9.739934497076602,rebalance,rebalance,-3.4972522297797966
2006-04-11,2006-04-12,ADBE,buy,24.200540332413226,37.0,895.4199922992893,2.2385499807482234,rebalance,rebalance,0.0
2006-04-11,2006-04-12,AMD,buy,25.377424365391136,34.70000076293945,880.5966448405106,2.2014916121012766,rebalance,rebalance,0.0
2006-04-11,2006-04-12,CIEN,buy,46.7093591478384,29.610000610351562,1383.0641528766253,3.457660382191563,rebalance,rebalance,0.0
2006-04-11,2006-04-12,CRM,buy,185.281861934622,8.139187391706448,1508.0437945701701,3.7701094864254254,rebalance,rebalance,0.0
2006-04-11,2006-04-12,CTSH,buy,385.07465454648883,12.722166840369757,4898.984001138179,12.247460002845449,rebalance,rebalance,0.0
2006-04-11,2006-04-12,FFIV,buy,35.394695295914005,31.80500030517578,1125.7282946881487,2.8143207367203718,rebalance,rebalance,0.0
2006-04-11,2006-04-12,GLW,buy,285.52546099040404,17.157783351947113,4898.984001138179,12.247460002845449,rebalance,rebalance,0.0
2006-04-11,2006-04-12,HPQ,buy,548.1875651048588,8.936693046295366,4898.984001138179,12.247460002845449,rebalance,rebalance,0.0
2006-04-11,2006-04-12,MCHP,buy,70.94680539559573,10.02004012252072,710.8898366285388,1.777224591571347,rebalance,rebalance,0.0
2006-04-11,2006-04-12,MRVL,buy,41.715593018490495,24.02453356430874,1002.1976646277683,2.5054941615694206,rebalance,rebalance,0.0
2006-04-11,2006-04-12,NTAP,buy,22.118946310815232,26.44994619212946,585.0449397476633,1.4626123493691583,rebalance,rebalance,0.0
2006-04-11,2006-04-12,ON,buy,175.02590207872458,6.599999904632568,1155.1709370278115,2.887927342569529,rebalance,rebalance,0.0
2006-04-11,2006-04-12,STX,buy,48.747096278126946,12.73401968569738,620.746483626254,1.551866209065635,rebalance,rebalance,0.0
2006-04-11,2006-04-12,WDC,buy,64.06606599709767,12.05655214355949,772.4158653267316,1.931039663316829,rebalance,rebalance,0.0
2006-05-10,2006-05-11,ADBE,sell,132.40497300373457,33.29999923706055,4409.085500007383,11.02271375001846,rebalance,rebalance,-687.892664108259
2006-05-10,2006-05-11,AKAM,sell,7.01562254453782,36.400001525878906,255.3686713261671,0.6384216783154177,rebalance,rebalance,132.36167738985114
2006-05-10,2006-05-11,CTSH,sell,30.92131305775598,14.94049417865082,461.9796977356428,1.154949244339107,rebalance,rebalance,66.45517958811803
2006-05-10,2006-05-11,FFIV,sell,154.03188033741174,28.854999542236328,4444.589836625816,11.11147459156454,rebalance,rebalance,-310.05649026884424
2006-05-10,2006-05-11,HPQ,sell,548.1875651048588,8.991388594687214,4928.967420633182,12.322418551582956,rebalance,rebalance,5.413540940574112
2006-05-10,2006-05-11,ACLS,buy,197.72891971620294,26.760000228881836,5291.225936862149,13.228064842155373,rebalance,rebalance,0.0
2006-05-10,2006-05-11,AMD,buy,18.674683824907504,33.099998474121094,618.1320061091322,1.5453300152728306,rebalance,rebalance,0.0
2006-05-10,2006-05-11,CACI,buy,83.61608784659559,63.279998779296875,5291.225936862149,13.228064842155373,rebalance,rebalance,0.0
2006-05-10,2006-05-11,CIEN,buy,11.572969416624687,29.889999389648438,345.9160487993319,0.8647901219983298,rebalance,rebalance,0.0
2006-05-10,2006-05-11,CRM,buy,58.56132291956328,8.011398631237737,469.1581022812604,1.1728952557031511,rebalance,rebalance,0.0
2006-05-10,2006-05-11,GLW,buy,11.960807272677528,17.786454372350594,212.740352811958,0.531850882029895,rebalance,rebalance,0.0
2006-05-10,2006-05-11,MCHP,buy,40.98315962534383,9.985296006857942,409.22898015536737,1.0230724503884185,rebalance,rebalance,0.0
2006-05-10,2006-05-11,MRVL,buy,17.898489948395962,23.854296910535524,426.95589347927296,1.0673897336981824,rebalance,rebalance,0.0
2006-05-10,2006-05-11,NTAP,buy,15.88682828920497,26.310894662228613,417.9966656341856,1.044991664085464,rebalance,rebalance,0.0
2006-05-10,2006-05-11,ON,buy,57.00854231528649,6.619999885559082,377.3965436030866,0.9434913590077166,rebalance,rebalance,0.0
2006-05-10,2006-05-11,STX,buy,41.31842057887491,12.419708053438534,513.1627208188131,1.282906802047033,rebalance,rebalance,0.0
2006-05-10,2006-05-11,SWKS,buy,1001.65592266375,5.282478560892394,5291.225936862149,13.228064842155373,rebalance,rebalance,0.0
2006-05-10,2006-05-11,WDC,buy,12.394316969903116,12.636425402923662,156.61986181037156,0.39154965452592894,rebalance,rebalance,0.0
2006-06-08,2006-06-09,ACLS,sell,96.71846830889108,25.200000762939453,2437.3054751743903,6.093263687935976,rebalance,rebalance,-163.44448818177884
2006-06-08,2006-06-09,AKAM,sell,61.048557218671135,30.190000534057617,1843.0559750351285,4.607639937587821,rebalance,rebalance,773.6212669600286
2006-06-08,2006-06-09,AMD,sell,66.95564855637102,27.399999618530273,1834.584744903013,4.586461862257533,rebalance,rebalance,-119.0507982238958
2006-06-08,2006-06-09,CACI,sell,41.75679833756531,60.810001373291016,2539.2309642515825,6.348077410628957,rebalance,rebalance,-116.0931863570962
2006-06-08,2006-06-09,CIEN,sell,95.49018282986678,31.219999313354492,2981.2034423805358,7.453008605951339,rebalance,rebalance,524.0187312924245
2006-06-08,2006-06-09,CRM,sell,660.4621964797512,6.573770695336639,4341.727032596258,10.854317581490646,rebalance,rebalance,-481.18377975122655
2006-06-08,2006-06-09,CTSH,sell,164.49026042813824,13.420974911379188,2207.619658372272,5.519049145930681,rebalance,rebalance,104.19639110173914
2006-06-08,2006-06-09,GLW,sell,126.63206537581084,14.898453825034725,1886.6219787702964,4.716554946925741,rebalance,rebalance,-299.4607511359801
2006-06-08,2006-06-09,MCHP,sell,529.9017608719976,9.172606789506988,4860.580489546193,12.151451223865484,rebalance,rebalance,-357.4868921585925
2006-06-08,2006-06-09,MRVL,sell,221.81437401851144,20.38574208600514,4521.850619710054,11.304626549275136,rebalance,rebalance,-478.4029913671802
2006-06-08,2006-06-09,NTAP,sell,89.01875812027811,22.710069609275294,2021.622193442756,5.0540554836068905,rebalance,rebalance,-106.10272220177895
2006-06-08,2006-06-09,ON,sell,367.84437973774124,5.900000095367432,2170.2818755330472,5.425704688832618,rebalance,rebalance,-351.971593017997
2006-06-08,2006-06-09,STX,sell,198.32818188502918,11.178705228324063,2217.0522837621816,5.542630709405454,rebalance,rebalance,-277.46614242443326
2006-06-08,2006-06-09,SWKS,sell,1001.65592266375,4.460760370086212,4468.147044280596,11.17036761070149,rebalance,rebalance,-847.4773250344103
2006-06-08,2006-06-09,WDC,sell,208.75821360927338,12.122995065493539,2530.7747934664676,6.326936983666169,rebalance,rebalance,-275.0124049673289
2006-06-08,2006-06-09,CSCO,buy,199.5003354095581,12.759193849491464,2545.4634525291176,6.363658631322794,rebalance,rebalance,0.0
2006-06-08,2006-06-09,ENTG,buy,262.0720146479067,9.712839640466546,2545.4634525291176,6.363658631322794,rebalance,rebalance,0.0
2006-06-08,2006-06-09,MU,buy,166.47734671187436,15.29014909718979,2545.4634525291176,6.363658631322794,rebalance,rebalance,0.0
2006-06-08,2006-06-09,QCOM,buy,90.390903894241,28.160615093608932,2545.4634525291176,6.363658631322794,rebalance,rebalance,0.0
2006-07-07,2006-07-10,AKAM,sell,8.395637110077402,35.4900016784668,297.9611751284451,0.7449029378211128,rebalance,rebalance,150.77707597754744
2006-07-07,2006-07-10,AMD,sell,92.90012729809138,23.709999084472656,2202.66193318514,5.50665483296285,rebalance,rebalance,-507.1260132743399
2006-07-07,2006-07-10,CTSH,sell,1.309052665882291,14.304821435690792,18.725764635361173,0.04681441158840294,rebalance,rebalance,1.9833288395419948
2006-07-07,2006-07-10,ENTG,sell,262.0720146479067,8.928929831409828,2340.022629567368,5.85005657391842,rebalance,rebalance,-217.65453816699102
2006-07-07,2006-07-10,NTAP,sell,1.1977346400431514,24.298237160887997,29.10284033957931,0.07275710084894828,rebalance,rebalance,0.4698508527677846
2006-07-07,2006-07-10,ON,sell,431.4344765058169,5.760000228881836,2485.0626834210207,6.212656708552552,rebalance,rebalance,-473.0674921344021
2006-07-07,2006-07-10,QCOM,sell,90.390903894241,23.87394328210766,2157.9873127895544,5.3949682819738864,rebalance,rebalance,-399.23476665286
2006-07-07,2006-07-10,WDC,sell,209.96984975886315,11.89950066425563,2498.536366679247,6.246340916698117,rebalance,rebalance,-323.4183496825668
2006-07-07,2006-07-10,ACLS,buy,13.351637045800928,23.559999465942383,314.5645616685264,0.7864114041713159,rebalance,rebalance,0.0
2006-07-07,2006-07-10,CACI,buy,5.493446354323879,56.900001525878906,312.57710594336265,0.7814427648584067,rebalance,rebalance,0.0
2006-07-07,2006-07-10,CIEN,buy,6.749029056035596,30.520000457763672,205.9803698796667,0.5149509246991668,rebalance,rebalance,0.0
2006-07-07,2006-07-10,CSCO,buy,16.223507933369632,12.489907008546373,202.63010544020105,0.5065752636005026,rebalance,rebalance,0.0
2006-07-07,2006-07-10,GLW,buy,16.41561694146091,14.387639958982927,236.1819862583201,0.5904549656458002,rebalance,rebalance,0.0
2006-07-07,2006-07-10,HPQ,buy,299.1335173672908,9.007251232134955,2694.3707428793928,6.735926857198482,rebalance,rebalance,0.0
2006-07-07,2006-07-10,INTU,buy,105.34485042945545,25.576672536866788,2694.3707428793928,6.735926857198482,rebalance,rebalance,0.0
2006-07-07,2006-07-10,IT,buy,192.8683386813164,13.970000267028809,2694.3707428793928,6.735926857198482,rebalance,rebalance,0.0
2006-07-07,2006-07-10,MU,buy,19.212731340946448,14.510041522589919,278.77752951949765,0.6969438237987441,rebalance,rebalance,0.0
2006-07-07,2006-07-10,ORCL,buy,229.59662245558152,11.735236843044824,2694.3707428793928,6.735926857198482,rebalance,rebalance,0.0
2006-07-07,2006-07-10,STX,buy,17.020693088891534,11.009692435590484,187.39259594927634,0.4684814898731909,rebalance,rebalance,0.0
2006-07-07,2006-07-10,VRSN,buy,145.06545991159754,18.57348223706273,2694.3707428793928,6.735926857198482,rebalance,rebalance,0.0
2006-08-04,2006-08-07,ACLS,sell,114.36208845311279,22.200000762939453,2538.838450910453,6.347096127276132,rebalance,rebalance,-492.65692032559184
2006-08-04,2006-08-07,GLW,sell,187.26981982873164,11.918758372076157,2232.023732920889,5.5800593323022225,rebalance,rebalance,-953.4662575110412
2006-08-04,2006-08-07,STX,sell,244.7271582418992,10.51233003931485,2572.6526570224755,6.431631642556189,rebalance,rebalance,-479.3069496868147
2006-08-04,2006-08-07,VRSN,sell,145.06545991159754,14.520174470231524,2106.3757875207734,5.265939468801934,rebalance,rebalance,-599.9968216846195
2006-08-04,2006-08-07,AKAM,buy,11.071564796452805,39.029998779296875,432.1231604904592,1.080307901226148,rebalance,rebalance,0.0
2006-08-04,2006-08-07,CACI,buy,14.83128551672575,54.599998474121094,809.7881665824802,2.0244704164562006,rebalance,rebalance,0.0
2006-08-04,2006-08-07,CDNS,buy,213.13543047227276,15.930000305175781,3395.2474724670765,8.488118681167691,rebalance,rebalance,0.0
2006-08-04,2006-08-07,CIEN,buy,45.33642229721811,25.40999984741211,1151.998483654523,2.8799962091363076,rebalance,rebalance,0.0
2006-08-04,2006-08-07,CSCO,buy,90.7246056811338,11.079342980132004,1005.1690230785139,2.512922557696285,rebalance,rebalance,0.0
2006-08-04,2006-08-07,CTSH,buy,40.63231374949473,14.827292495588564,602.4672007362832,1.506168001840708,rebalance,rebalance,0.0
2006-08-04,2006-08-07,GOOGL,buy,368.44452340880326,9.215084651156342,3395.2474724670765,8.488118681167691,rebalance,rebalance,0.0
2006-08-04,2006-08-07,HPQ,buy,84.70640506123482,8.84547769545598,749.2686166314121,1.8731715415785304,rebalance,rebalance,0.0
2006-08-04,2006-08-07,IBM,buy,88.24564202674068,38.4749591536569,3395.247472467076,8.48811868116769,rebalance,rebalance,0.0
2006-08-04,2006-08-07,INTU,buy,23.22714249340177,26.407364428925156,613.3676164658339,1.5334190411645847,rebalance,rebalance,0.0
2006-08-04,2006-08-07,IT,buy,33.4814928164887,15.0,502.22239224733045,1.255555980618326,rebalance,rebalance,0.0
2006-08-04,2006-08-07,MU,buy,37.503194949237184,15.212140701192952,570.5038783120649,1.4262596957801623,rebalance,rebalance,0.0
2006-08-04,2006-08-07,NTAP,buy,43.64653984251491,21.970871293623322,958.9525092918975,2.397381273229744,rebalance,rebalance,0.0
2006-08-04,2006-08-07,ORCL,buy,62.490855746883454,11.62407746255253,726.3985479029692,1.815996369757423,rebalance,rebalance,0.0
2006-08-04,2006-08-07,TXN,buy,184.72317817242612,18.380191950237297,3395.2474724670765,8.488118681167691,rebalance,rebalance,0.0
2006-09-01,2006-09-05,CDNS,sell,213.13543047227276,16.260000228881836,3465.5821482619835,8.663955370654959,rebalance,rebalance,53.18260174308466
2006-09-01,2006-09-05,CIEN,sell,133.61855540557457,27.93000030517578,3731.966293254845,9.329915733137112,rebalance,rebalance,269.5896542600575
2006-09-01,2006-09-05,CSCO,sell,306.4484490240615,14.18898845360129,4348.193504826432,10.870483762066081,rebalance,rebalance,574.6772835639143
2006-09-01,2006-09-05,IT,sell,226.3498314978051,15.699999809265137,3553.692311342736,8.88423077835684,rebalance,rebalance,340.22346259983925
2006-09-01,2006-09-05,AKAM,buy,40.436042664107646,40.81999969482422,1650.5992492087732,4.126498123021933,rebalance,rebalance,0.0
2006-09-01,2006-09-05,CACI,buy,35.99567331294904,52.97999954223633,1907.0507556425284,4.767626889106321,rebalance,rebalance,0.0
2006-09-01,2006-09-05,CTSH,buy,112.05936586757466,15.251797802169918,1709.1067900516298,4.272766975129074,rebalance,rebalance,0.0
2006-09-01,2006-09-05,GEN,buy,789.2545036576065,6.59047259887428,5201.560179893576,13.00390044973394,rebalance,rebalance,0.0
2006-09-01,2006-09-05,GOOGL,buy,183.57972304556864,9.42270237820707,1729.817092932075,4.324542732330188,rebalance,rebalance,0.0
2006-09-01,2006-09-05,HPQ,buy,135.89742726128816,10.008055382200139,1360.0689783294868,3.400172445823717,rebalance,rebalance,0.0
2006-09-01,2006-09-05,IBM,buy,37.18919816967099,41.46822503021276,1542.170038393093,3.8554250959827323,rebalance,rebalance,0.0
2006-09-01,2006-09-05,INTU,buy,63.62866900164639,27.06317516188757,1721.9938145093222,4.304984536273306,rebalance,rebalance,0.0
2006-09-01,2006-09-05,MCHP,buy,545.9344457933695,9.527810930366376,5201.560179893576,13.00390044973394,rebalance,rebalance,0.0
2006-09-01,2006-09-05,MSFT,buy,289.0358485698202,17.996245813906626,5201.560179893576,13.00390044973394,rebalance,rebalance,0.0
2006-09-01,2006-09-05,MU,buy,84.96289689997076,16.879623671164182,1434.1417256834284,3.585354314208571,rebalance,rebalance,0.0
2006-09-01,2006-09-05,NTAP,buy,52.6721708803739,25.10330261360954,1322.2454449257784,3.305613612314446,rebalance,rebalance,0.0
2006-09-01,2006-09-05,ON,buy,878.6419109558308,5.920000076293945,5201.560179893576,13.00390044973394,rebalance,rebalance,0.0
2006-09-01,2006-09-05,ORCL,buy,127.85669855007598,12.386313390788322,1583.6731373527919,3.9591828433819796,rebalance,rebalance,0.0
2006-09-01,2006-09-05,TXN,buy,81.4914101651168,19.538974976451453,1592.2586240119588,3.980646560029897,rebalance,rebalance,0.0
2006-10-02,2006-10-03,AKAM,sell,16.92372964329273,50.040000915527344,846.8634468445055,2.1171586171112637,rebalance,rebalance,391.5759537690311
2006-10-02,2006-10-03,CACI,sell,98.17969469302895,54.02000045776367,5303.667152260521,13.259167880651303,rebalance,rebalance,-402.0595123651773
2006-10-02,2006-10-03,GEN,sell,35.265956524070475,7.333760716550436,258.6320865878036,0.646580216469509,rebalance,rebalance,24.98513792599355
2006-10-02,2006-10-03,MCHP,sell,545.9344457933695,8.927081815673866,4873.601463591978,12.184003658979947,rebalance,rebalance,-353.14662041031124
2006-10-02,2006-10-03,MSFT,sell,0.6334292294773718,19.173110961914062,12.144808903289375,0.030362022258223438,rebalance,rebalance,0.6866003913444308
2006-10-02,2006-10-03,NTAP,sell,2.176153720567328,26.96956583913855,58.68992104292686,0.14672480260731716,rebalance,rebalance,6.755687380596237
2006-10-02,2006-10-03,ON,sell,878.6419109558308,5.789999961853027,5087.336630916731,12.71834157729183,rebalance,rebalance,-139.94579100387048
2006-10-02,2006-10-03,ORCL,sell,23.572825190836,13.950482460224045,328.8522843626851,0.8221307109067127,rebalance,rebalance,46.412321570106755
2006-10-02,2006-10-03,AMAT,buy,431.6734581106001,12.80961681521804,5529.571587696863,13.823928969242159,rebalance,rebalance,0.0
2006-10-02,2006-10-03,CSCO,buy,377.0986797599844,14.66346047993677,5529.571587696863,13.823928969242159,rebalance,rebalance,0.0
2006-10-02,2006-10-03,CTSH,buy,8.148527636587346,15.835231579438274,129.03382215681347,0.3225845553920337,rebalance,rebalance,0.0
2006-10-02,2006-10-03,GOOGL,buy,3.4866870987674474,9.954028361474029,34.70658226871677,0.08676645567179193,rebalance,rebalance,0.0
2006-10-02,2006-10-03,HPQ,buy,21.179059612460264,10.222599079272593,216.50503529419566,0.5412625882354892,rebalance,rebalance,0.0
2006-10-02,2006-10-03,IBM,buy,6.786256535918142,41.82064530058318,283.80562750739693,0.7095140687684923,rebalance,rebalance,0.0
2006-10-02,2006-10-03,INTC,buy,455.63099078882203,12.136074366064653,5529.571587696863,13.823928969242159,rebalance,rebalance,0.0
2006-10-02,2006-10-03,INTU,buy,4.31065921977725,28.13869224174107,121.29631314433571,0.3032407828608393,rebalance,rebalance,0.0
2006-10-02,2006-10-03,MU,buy,16.618065891262916,17.025893615576877,282.93742196128915,0.7073435549032229,rebalance,rebalance,0.0
2006-10-02,2006-10-03,TXN,buy,8.80591309935312,20.106034127661694,177.05198930081698,0.44262997325204245,rebalance,rebalance,0.0
2006-10-30,2006-10-31,AMAT,sell,12.530869533325642,12.758434823057062,159.87428221716667,0.39968570554291666,rebalance,rebalance,-1.4423296644763033
2006-10-30,2006-10-31,CSCO,sell,31.88170416393774,15.490557463744308,493.86537039357376,1.2346634259839344,rebalance,rebalance,23.96585765405085
2006-10-30,2006-10-31,CTSH,sell,32.84502332329481,16.90411478703315,555.2160444397565,1.3880401110993912,rebalance,rebalance,97.73634535448313
2006-10-30,2006-10-31,GOOGL,sell,104.5526839500896,11.858311501425547,1239.8182945902577,3.099545736475644,rebalance,rebalance,263.17068850706664
2006-10-30,2006-10-31,HPQ,sell,40.661897392333856,10.689765450617857,434.6661459011388,1.086665364752847,rebalance,rebalance,55.255351245044345
2006-10-30,2006-10-31,IBM,sell,132.2210967323298,46.73411773086574,6179.236301192889,15.448090752982223,rebalance,rebalance,929.5120142264232
2006-10-30,2006-10-31,INTC,sell,34.00837356095752,12.683388365383832,431.34140954867576,1.0783535238716895,rebalance,rebalance,16.503085043604905
2006-10-30,2006-10-31,INTU,sell,22.919853307728715,30.805681088921375,706.0616916027506,1.7651542290068765,rebalance,rebalance,102.01078274125217
2006-10-30,2006-10-31,MSFT,sell,22.044767275059712,20.076777807832244,442.5878944067453,1.1064697360168634,rebalance,rebalance,43.76656625140853
2006-10-30,2006-10-31,NTAP,sell,8.083294716584817,27.15253284555056,219.48192529233455,0.5487048132308364,rebalance,rebalance,26.569191782749787
2006-10-30,2006-10-31,ORCL,sell,33.09915285656939,14.720651393065106,487.2410906073331,1.2181027265183328,rebalance,rebalance,90.59683103515047
2006-10-30,2006-10-31,TXN,sell,275.02050143689604,18.576982133696873,5109.050941593573,12.772627353983934,rebalance,rebalance,-81.19116675471183
2006-10-30,2006-10-31,AKAM,buy,5.547389041886447,46.08000183105469,255.6236972077002,0.6390592430192504,rebalance,rebalance,0.0
2006-10-30,2006-10-31,CRM,buy,545.5121890916381,9.80290359200802,5347.603397930578,13.369008494826444,rebalance,rebalance,0.0
2006-10-30,2006-10-31,ENTG,buy,496.3438827350058,10.773988728265685,5347.603397930578,13.369008494826444,rebalance,rebalance,0.0
2006-10-30,2006-10-31,GEN,buy,17.248029228528708,6.933804181273803,119.59445718350513,0.2989861429587628,rebalance,rebalance,0.0
2006-10-30,2006-10-31,MU,buy,55.7913754631399,14.051725220982386,783.9650777087007,1.959912694271752,rebalance,rebalance,0.0
2006-11-28,2006-11-29,AMAT,sell,419.14258857727447,13.34365366486778,5592.893538171316,13.982233845428292,rebalance,rebalance,196.43271383588302
2006-11-28,2006-11-29,CSCO,sell,11.745850684912284,17.343527045076396,203.7144790212053,0.5092861975530133,rebalance,rebalance,30.539788458899153
2006-11-28,2006-11-29,ENTG,sell,496.3438827350058,10.257752980325755,5091.372942391463,12.728432355978658,rebalance,rebalance,-282.3278963899197
2006-11-28,2006-11-29,MU,sell,380.56561125643157,14.354016763779542,5462.645163692827,13.656612909232066,rebalance,rebalance,-461.5400076447899
2006-11-28,2006-11-29,NTAP,sell,196.94676103879127,29.092007911950652,5729.57673037357,14.323941825933925,rebalance,rebalance,1028.36783377927
2006-11-28,2006-11-29,ADBE,buy,144.3005291772991,40.08000183105469,5783.565473648308,14.458913684120771,rebalance,rebalance,0.0
2006-11-28,2006-11-29,AKAM,buy,3.692141931063489,48.29999923706055,178.33045245348578,0.44582613113371444,rebalance,rebalance,0.0
2006-11-28,2006-11-29,CRM,buy,52.41704956934154,9.672658735672796,507.01223241508546,1.2675305810377138,rebalance,rebalance,0.0
2006-11-28,2006-11-29,CTSH,buy,17.618542872411012,17.317736169554188,305.11327715639334,0.7627831928909834,rebalance,rebalance,0.0
2006-11-28,2006-11-29,FFIV,buy,155.82824227659376,37.1150016784668,5783.5654736483075,14.45891368412077,rebalance,rebalance,0.0
2006-11-28,2006-11-29,GEN,buy,6.130129492884521,7.43994491928688,45.60782577515685,0.11401956443789212,rebalance,rebalance,0.0
2006-11-28,2006-11-29,GOOGL,buy,20.797569601120244,12.259658997752085,254.97111129174905,0.6374277782293727,rebalance,rebalance,0.0
2006-11-28,2006-11-29,HPQ,buy,37.328170763218566,10.758466855534145,401.59388793380566,1.0039847198345142,rebalance,rebalance,0.0
2006-11-28,2006-11-29,INTC,buy,34.52095574422401,12.67926551275163,437.7003636349648,1.094250909087412,rebalance,rebalance,0.0
2006-11-28,2006-11-29,INTU,buy,33.8153997823363,27.885120391845703,942.9464940288407,2.3573662350721016,rebalance,rebalance,0.0
2006-11-28,2006-11-29,IT,buy,307.14633547964496,18.829999923706055,5783.565473648309,14.458913684120773,rebalance,rebalance,0.0
2006-11-28,2006-11-29,MSFT,buy,13.126883346566444,20.693686915899026,271.64361415537485,0.6791090353884371,rebalance,rebalance,0.0
2006-11-28,2006-11-29,ORCL,buy,19.298009952382586,15.117657733840513,291.7407094043678,0.7293517735109195,rebalance,rebalance,0.0
2006-11-28,2006-11-29,SWKS,buy,1078.8746250074876,5.360739180985158,5783.565473648308,14.458913684120771,rebalance,rebalance,0.0
2006-12-27,2006-12-28,AKAM,sell,5.406401013933802,54.279998779296875,293.4594404367162,0.7336486010917905,rebalance,rebalance,139.48589461699416
2006-12-27,2006-12-28,GOOGL,sell,471.75581920417,11.5869458223061,5466.209118476349,13.665522796190874,rebalance,rebalance,997.8125414198579
2006-12-27,2006-12-28,INTC,sell,456.1435729720885,12.195049296237759,5562.693358556645,13.906733396391612,rebalance,rebalance,-19.64353506870469
2006-12-27,2006-12-28,INTU,sell,207.40686761888844,26.853316718413733,5569.562305744121,13.923905764360303,rebalance,rebalance,48.714236131958316
2006-12-27,2006-12-28,IT,sell,0.5175535081064027,20.239999771118164,10.475282885614993,0.026188207214037484,rebalance,rebalance,0.6791983289481989
2006-12-27,2006-12-28,ADBE,buy,4.243431048891864,41.779998779296875,177.29054404273253,0.44322636010683136,rebalance,rebalance,0.0
2006-12-27,2006-12-28,ADSK,buy,152.67321633361232,40.650001525878906,6206.166476922181,15.515416192305452,rebalance,rebalance,0.0
2006-12-27,2006-12-28,CHKP,buy,282.7410597361217,21.950000762939453,6206.166476922181,15.515416192305452,rebalance,rebalance,0.0
2006-12-27,2006-12-28,CRM,buy,89.07143293388117,9.033712387084961,804.6457070302097,2.011614267575524,rebalance,rebalance,0.0
2006-12-27,2006-12-28,CSCO,buy,21.21945439621811,17.497409965163776,371.28549280772506,0.9282137320193127,rebalance,rebalance,0.0
2006-12-27,2006-12-28,CTSH,buy,34.35746949024718,16.84969168805583,578.9127680924498,1.4472819202311247,rebalance,rebalance,0.0
2006-12-27,2006-12-28,FFIV,buy,10.200818707462219,37.380001068115234,381.3066141805876,0.953266535451469,rebalance,rebalance,0.0
2006-12-27,2006-12-28,GEN,buy,54.427356432018996,7.461181509108993,406.09238540026456,1.0152309635006613,rebalance,rebalance,0.0
2006-12-27,2006-12-28,HPQ,buy,6.565752014727195,11.405282237891452,74.8842548319681,0.18721063707992025,rebalance,rebalance,0.0
2006-12-27,2006-12-28,MSFT,buy,16.20328769118953,20.988914632306326,340.0894221130769,0.8502235552826923,rebalance,rebalance,0.0
2006-12-27,2006-12-28,ORCL,buy,73.72788120438526,13.601123070229047,1002.7819859680708,2.506954964920177,rebalance,rebalance,0.0
2006-12-27,2006-12-28,STX,buy,476.49027554304496,13.024749497456495,6206.166476922182,15.515416192305453,rebalance,rebalance,0.0
2006-12-27,2006-12-28,SWKS,buy,34.93102110025643,5.572037184952309,194.63694847898256,0.4865923711974564,rebalance,rebalance,0.0
2007-01-29,2007-01-30,ADBE,sell,14.929205358867023,39.54999923706055,590.450060553111,1.4761251513827776,rebalance,rebalance,-11.611376689774664
2007-01-29,2007-01-30,ADSK,sell,27.892492757154997,42.349998474121094,1181.2470257049479,2.95311756426237,rebalance,rebalance,41.629460318921176
2007-01-29,2007-01-30,AKAM,sell,18.68975992723432,55.25,1032.6092359796962,2.5815230899492407,rebalance,rebalance,500.2821607361255
2007-01-29,2007-01-30,CHKP,sell,56.909284556178164,23.399999618530273,1331.6772369054,3.3291930922635,rebalance,rebalance,76.0663072881211
2007-01-29,2007-01-30,CRM,sell,185.16754064759635,10.530319995189826,1949.8734557415087,4.874683639353772,rebalance,rebalance,145.63846127056132
2007-01-29,2007-01-30,CSCO,sell,41.188674104390145,16.85624031420642,694.2861889271312,1.735715472317828,rebalance,rebalance,80.07139933973153
2007-01-29,2007-01-30,CTSH,sell,368.32522468773243,18.308257010531463,6743.392877044754,16.858482192611884,rebalance,rebalance,1447.4185582582568
2007-01-29,2007-01-30,FFIV,sell,20.311053483658696,36.26499938964844,736.5803421879993,1.8414508554699984,rebalance,rebalance,-21.322026970210047
2007-01-29,2007-01-30,GEN,sell,831.7940622869683,6.211755410736155,5166.901267029281,12.917253167573204,rebalance,rebalance,-400.30260306608506
2007-01-29,2007-01-30,HPQ,sell,92.5877530119559,11.702665151115118,1083.5234705930702,2.7088086764826755,rebalance,rebalance,207.57783733674836
2007-01-29,2007-01-30,IT,sell,65.76901331020312,21.940000534057617,1442.972187150299,3.607430467875748,rebalance,rebalance,197.83816478004263
2007-01-29,2007-01-30,MSFT,sell,49.7613239733935,21.48797901716509,1069.2702854066338,2.6731757135165846,rebalance,rebalance,154.68645175850338
2007-01-29,2007-01-30,ORCL,sell,456.2980898619034,13.751981753032268,6275.003005724374,15.687507514310935,rebalance,rebalance,621.6469508210376
2007-01-29,2007-01-30,STX,sell,476.49027554304496,13.477578118460313,6421.934911318068,16.05483727829517,rebalance,rebalance,184.19818092528584
2007-01-29,2007-01-30,SWKS,sell,96.85753896681763,5.196394403957905,503.3099734683059,1.2582749336707648,rebalance,rebalance,-19.117825983735475
2007-01-29,2007-01-30,IBM,buy,104.62518046100654,50.50852414091841,5284.463453062694,13.211158632656733,rebalance,rebalance,0.0
2007-01-29,2007-01-30,NTAP,buy,194.51648224963685,27.1671757166612,5284.463453062694,13.211158632656733,rebalance,rebalance,0.0
2007-01-29,2007-01-30,SNPS,buy,200.39678744342118,26.3700008392334,5284.463453062694,13.211158632656733,rebalance,rebalance,0.0
2007-01-29,2007-01-30,VRSN,buy,265.22330554313737,19.924581824515418,5284.4634530626945,13.211158632656737,rebalance,rebalance,0.0
2007-02-27,2007-02-28,ADBE,sell,21.055462624147196,38.209999084472656,804.5292075918126,2.0113230189795313,rebalance,rebalance,-44.519937426427866
2007-02-27,2007-02-28,ADSK,sell,16.172374604642613,39.599998474121094,640.4260096667622,1.6010650241669055,rebalance,rebalance,-20.2256253441017
2007-02-27,2007-02-28,AKAM,sell,12.825476325948301,51.93000030517578,666.02698952052,1.6650674738013,rebalance,rebalance,300.8345645860024
2007-02-27,2007-02-28,CHKP,sell,34.42587464640215,22.469999313354492,773.5493796662842,1.9338734491657104,rebalance,rebalance,14.078411526849807
2007-02-27,2007-02-28,CRM,sell,113.00414555147006,11.061136425266078,1249.954270565435,3.1248856764135877,rebalance,rebalance,148.7148138707057
2007-02-27,2007-02-28,CSCO,sell,53.50467269716455,16.542062437009847,885.0776364282721,2.2126940910706803,rebalance,rebalance,87.24592553333292
2007-02-27,2007-02-28,FFIV,sell,28.30358412751879,36.630001068115234,1036.7603168225025,2.5919007920562565,rebalance,rebalance,-19.40735363248605
2007-02-27,2007-02-28,HPQ,sell,451.56068167593,10.645297064644351,4806.99759915358,12.017493997883951,rebalance,rebalance,536.1078143368661
2007-02-27,2007-02-28,IBM,sell,15.326392059298456,48.1629205786448,738.1638035091639,1.8454095087729099,rebalance,rebalance,-39.73033292816594
2007-02-27,2007-02-28,IT,sell,35.27227163095341,20.920000076293945,737.8959252106062,1.8447398130265154,rebalance,rebalance,70.21387109748817
2007-02-27,2007-02-28,MSFT,sell,245.92649912964558,19.71447951474818,4848.312929225134,12.120782323062835,rebalance,rebalance,329.4190605432599
2007-02-27,2007-02-28,NTAP,sell,194.51648224963685,27.8405015880643,5415.436432975695,13.53859108243924,rebalance,rebalance,104.22323019790711
2007-02-27,2007-02-28,SNPS,sell,32.196141964679015,25.56999969482422,823.2553402113597,2.058138350528399,rebalance,rebalance,-29.937619494403684
2007-02-27,2007-02-28,SWKS,sell,196.69172261349104,5.243348951241013,1031.3233374832364,2.578308343708091,rebalance,rebalance,-29.610702842172174
2007-02-27,2007-02-28,VRSN,sell,57.117611821646506,20.666856233720264,1180.4414719314093,2.9511036798285235,rebalance,rebalance,36.60072656437273
2007-02-27,2007-02-28,GOOGL,buy,384.95487681322703,11.172453481209917,4300.890453560673,10.752226133901685,rebalance,rebalance,0.0
2007-02-27,2007-02-28,ON,buy,427.0993628501544,10.069999694824219,4300.890453560673,10.752226133901685,rebalance,rebalance,0.0
2007-02-27,2007-02-28,STX,buy,327.42180372740916,13.135626291831576,4300.890453560673,10.752226133901685,rebalance,rebalance,0.0
2007-03-27,2007-03-28,ADBE,sell,112.55929224317674,42.599998474121094,4795.025677807479,11.987564194518697,rebalance,rebalance,254.9030899684568
2007-03-27,2007-03-28,ADSK,sell,108.6083489718147,37.72999954223633,4097.792956989612,10.244482392474032,rebalance,rebalance,-338.41840070888685
2007-03-27,2007-03-28,CSCO,sell,259.9972325057978,16.535661774954782,4299.226299140151,10.748065747850378,rebalance,rebalance,422.2973547836936
2007-03-27,2007-03-28,GOOGL,sell,384.95487681322703,11.456719703999685,4410.32012233687,11.025800305842175,rebalance,rebalance,87.65164233645265
2007-03-27,2007-03-28,IT,sell,6.602680595722006,23.43000030517578,154.7008083727448,0.386752020931862,rebalance,rebalance,29.674760050327876
2007-03-27,2007-03-28,SWKS,sell,820.2563845274353,4.711190287373441,3864.3839119417075,9.660959779854268,rebalance,rebalance,-558.8997195206852
2007-03-27,2007-03-28,ADI,buy,209.40526198255776,22.264074291398497,4662.214309789431,11.655535774473579,rebalance,rebalance,0.0
2007-03-27,2007-03-28,AKAM,buy,10.033378822134608,50.209999084472656,503.775941473546,1.2594398536838651,rebalance,rebalance,0.0
2007-03-27,2007-03-28,CDNS,buy,222.22184992919549,20.979999542236328,4662.214309789431,11.655535774473579,rebalance,rebalance,0.0
2007-03-27,2007-03-28,CHKP,buy,12.006590490467772,22.920000076293945,275.1910549575515,0.6879776373938787,rebalance,rebalance,0.0
2007-03-27,2007-03-28,CRM,buy,55.46823099967588,10.493458292656914,582.0535685625582,1.4551339214063956,rebalance,rebalance,0.0
2007-03-27,2007-03-28,CTSH,buy,232.2540504311124,20.073769654976438,4662.214309789431,11.655535774473579,rebalance,rebalance,0.0
2007-03-27,2007-03-28,FFIV,buy,20.991814410033456,33.685001373291016,707.1092972298471,1.7677732430746178,rebalance,rebalance,0.0
2007-03-27,2007-03-28,IBM,buy,7.306275703023516,48.26055810837231,352.60494312155515,0.8815123578038879,rebalance,rebalance,0.0
2007-03-27,2007-03-28,MCHP,buy,452.1759764117301,10.310619212428568,4662.214309789431,11.655535774473579,rebalance,rebalance,0.0
2007-03-27,2007-03-28,ON,buy,59.05436349064428,9.59000015258789,566.3313548862594,1.4158283872156485,rebalance,rebalance,0.0
2007-03-27,2007-03-28,SNPS,buy,8.19792644546743,26.43000030517578,216.6711984555128,0.541677996138782,rebalance,rebalance,0.0
2007-03-27,2007-03-28,STX,buy,64.38483336635716,11.899273438478481,766.1327375171568,1.915331843792892,rebalance,rebalance,0.0
2007-03-27,2007-03-28,TER,buy,302.8074340976183,15.396630943632772,4662.214309789431,11.655535774473579,rebalance,rebalance,0.0
2007-03-27,2007-03-28,VRSN,buy,15.319343915893484,20.86701812424505,319.6690271444925,0.7991725678612313,rebalance,rebalance,0.0
2007-04-25,2007-04-26,AKAM,sell,92.85429983668755,49.709999084472656,4615.787159871087,11.539467899677717,rebalance,rebalance,1751.7228456354003
2007-04-25,2007-04-26,CHKP,sell,203.41249102400917,23.649999618530273,4810.705335122109,12.026763337805274,rebalance,rebalance,310.9364772901567
2007-04-25,2007-04-26,CRM,sell,444.2972163954703,10.493458530120282,4662.214415293744,11.655536038234361,rebalance,rebalance,288.6155679021432
2007-04-25,2007-04-26,IBM,sell,96.6050641047316,51.909623328070055,5014.732489260678,12.536831223151696,rebalance,rebalance,127.08331779137427
2007-04-25,2007-04-26,ACLS,buy,205.48080836046455,30.68000030517578,6304.151263206819,15.760378158017048,rebalance,rebalance,0.0
2007-04-25,2007-04-26,ADBE,buy,148.1934914793518,42.540000915527344,6304.151263206819,15.760378158017048,rebalance,rebalance,0.0
2007-04-25,2007-04-26,ADI,buy,39.85744742488819,25.29119288718805,1008.0423908138039,2.52010597703451,rebalance,rebalance,0.0
2007-04-25,2007-04-26,CDNS,buy,62.004983996308255,22.18000030517578,1375.2705639605365,3.438176409901341,rebalance,rebalance,0.0
2007-04-25,2007-04-26,CIEN,buy,208.67763834018214,30.209999084472656,6304.151263206819,15.760378158017048,rebalance,rebalance,0.0
2007-04-25,2007-04-26,CTSH,buy,91.95630680093595,19.444632543601077,1788.0565958108443,4.470141489527111,rebalance,rebalance,0.0
2007-04-25,2007-04-26,FFIV,buy,22.742827537450808,39.119998931884766,889.699388973115,2.2242484724327873,rebalance,rebalance,0.0
2007-04-25,2007-04-26,IT,buy,50.28964125570127,25.290000915527344,1271.8250733982268,3.179562683495567,rebalance,rebalance,0.0
2007-04-25,2007-04-26,MCHP,buy,122.85289292426268,10.96319089246155,1346.8597168198307,3.367149292049577,rebalance,rebalance,0.0
2007-04-25,2007-04-26,ON,buy,117.114348134902,10.449999809265137,1223.8449156719366,3.059612289179842,rebalance,rebalance,0.0
2007-04-25,2007-04-26,QCOM,buy,216.01046421055293,29.184471623846626,6304.151263206819,15.760378158017048,rebalance,rebalance,0.0
2007-04-25,2007-04-26,SNPS,buy,48.348359793263484,28.049999237060547,1356.1714553141696,3.390428638285424,rebalance,rebalance,0.0
2007-04-25,2007-04-26,STX,buy,195.37853669727508,10.736223502554315,2097.6276375839557,5.244069093959889,rebalance,rebalance,0.0
2007-04-25,2007-04-26,TER,buy,100.3804964445315,15.635763835315936,1569.5257360784656,3.923814340196164,rebalance,rebalance,0.0
2007-04-25,2007-04-26,VRSN,buy,57.46729109039492,22.443301644297843,1289.7557486224032,3.224389371556008,rebalance,rebalance,0.0
2007-05-23,2007-05-24,ADBE,sell,148.1934914793518,43.349998474121094,6424.187629504578,16.060469073761446,rebalance,rebalance,88.21551906598086
2007-05-23,2007-05-24,ADI,sell,1.6695950995982116,22.908691287722817,38.24823871219026,0.09562059678047564,rebalance,rebalance,0.07752695815400716
2007-05-23,2007-05-24,CDNS,sell,26.991712977695443,22.049999237060547,595.1672505651418,1.4879181264128545,rebalance,rebalance,18.89382851510967
2007-05-23,2007-05-24,CIEN,sell,18.914027217168837,29.889999389648438,565.3402619769705,1.4133506549424264,rebalance,rebalance,-8.894315454619312
2007-05-23,2007-05-24,CTSH,sell,324.21035723204835,16.56016139466767,5368.975841585581,13.422439603963953,rebalance,rebalance,-1110.8431808826597
2007-05-23,2007-05-24,FFIV,sell,161.14906532036275,38.80500030517578,6253.389528935469,15.633473822338672,rebalance,rebalance,266.3077671118634
2007-05-23,2007-05-24,IT,sell,47.422708806232464,28.100000381469727,1332.57813554546,3.3314453388636505,rebalance,rebalance,372.085708488806
2007-05-23,2007-05-24,MCHP,sell,78.4175380196275,11.421475634898457,895.6439998398988,2.239109999599747,rebalance,rebalance,71.88990491921015
2007-05-23,2007-05-24,ON,sell,81.46179293381101,10.869999885559082,885.4896798679633,2.213724199669908,rebalance,rebalance,58.71767003536202
2007-05-23,2007-05-24,QCOM,sell,15.361961814554093,28.26851012049945,434.25977302544845,1.0856494325636212,rebalance,rebalance,-16.277441917243152
2007-05-23,2007-05-24,SNPS,sell,7.177530603500571,26.06999969482422,187.11822064285138,0.4677955516071285,rebalance,rebalance,-5.710485876937903
2007-05-23,2007-05-24,STX,sell,587.1851737910414,10.27066062814084,6030.779645883686,15.076949114709214,rebalance,rebalance,-1166.8597589644653
2007-05-23,2007-05-24,TER,sell,38.712701305920916,15.562193986489303,602.4545674637591,1.5061364186593977,rebalance,rebalance,1.1025740172044112
2007-05-23,2007-05-24,VRSN,sell,26.938231285733764,22.334879719508198,601.6621556231563,1.5041553890578907,rebalance,rebalance,46.77913040210042
2007-05-23,2007-05-24,ACLS,buy,22.128910872244433,24.920000076293945,551.4524606246332,1.378631151561583,rebalance,rebalance,0.0
2007-05-23,2007-05-24,AKAM,buy,130.2119844312535,43.560001373291016,5672.034220644351,14.180085551610878,rebalance,rebalance,0.0
2007-05-23,2007-05-24,ENTG,buy,521.3676151829582,10.879145645925712,5672.034220644352,14.18008555161088,rebalance,rebalance,0.0
2007-05-23,2007-05-24,GLW,buy,354.67743214636226,15.992092269078208,5672.034220644351,14.180085551610878,rebalance,rebalance,0.0
2007-05-23,2007-05-24,TXN,buy,260.6056371074822,21.7648178435412,5672.034220644351,14.180085551610878,rebalance,rebalance,0.0
2007-06-21,2007-06-22,ACLS,sell,227.60971923270898,25.959999084472656,5908.748102898204,14.77187025724551,rebalance,rebalance,-978.7665005000715
2007-06-21,2007-06-22,ADI,sell,18.528701434057893,24.318146450891145,450.58367501825666,1.1264591875456416,rebalance,rebalance,26.91045805865925
2007-06-21,2007-06-22,AKAM,sell,130.2119844312535,47.66999816894531,6207.20505941259,15.518012648531476,rebalance,rebalance,505.4727405680968
2007-06-21,2007-06-22,CDNS,sell,1.593922925517802,21.790000915527344,34.73158200631293,0.08682895501578232,rebalance,rebalance,0.7023429228169825
2007-06-21,2007-06-22,CIEN,sell,189.7636111230133,36.4900016784668,6924.474488390676,17.31118622097669,rebalance,rebalance,1160.0728875815112
2007-06-21,2007-06-22,ENTG,sell,521.3676151829582,11.424060860208106,5956.135366391674,14.890338415979187,rebalance,rebalance,255.03072177973226
2007-06-21,2007-06-22,GLW,sell,23.05713090360763,16.797590250286046,387.3042372660086,0.9682605931650216,rebalance,rebalance,16.68238238995901
2007-06-21,2007-06-22,ON,sell,15.404287091688161,11.0,169.44715800856977,0.42361789502142444,rebalance,rebalance,13.100964654888328
2007-06-21,2007-06-22,SNPS,sell,217.5694011139725,26.690000534057617,5806.927431926522,14.517318579816306,rebalance,rebalance,-38.543526429334776
2007-06-21,2007-06-22,TER,sell,31.88608581959545,16.748658364876828,534.0491579855477,1.3351228949638694,rebalance,rebalance,38.6452713384943
2007-06-21,2007-06-22,TXN,sell,20.58368065863837,23.2079682266045,477.7054067122529,1.1942635167806324,rebalance,rebalance,27.391082960373787
2007-06-21,2007-06-22,VRSN,sell,253.9540974420455,24.311492387666906,6174.003106779109,15.435007766947772,rebalance,rebalance,941.7136611297043
2007-06-21,2007-06-22,ADSK,buy,118.74700398788258,46.90999984741211,5570.421938952217,13.926054847380541,rebalance,rebalance,0.0
2007-06-21,2007-06-22,CHKP,buy,237.74741213817603,23.43000030517578,5570.421938952217,13.926054847380541,rebalance,rebalance,0.0
2007-06-21,2007-06-22,CRM,buy,534.3510478273994,10.424648667951182,5570.421938952217,13.926054847380541,rebalance,rebalance,0.0
2007-06-21,2007-06-22,HPQ,buy,442.94938894081014,12.575752621021392,5570.421938952217,13.926054847380541,rebalance,rebalance,0.0
2007-06-21,2007-06-22,IBM,buy,101.8901752732045,54.67084460318078,5570.421938952217,13.926054847380541,rebalance,rebalance,0.0
2007-06-21,2007-06-22,INTC,buy,381.18652955400523,14.613375623398094,5570.421938952217,13.926054847380541,rebalance,rebalance,0.0
2007-06-21,2007-06-22,IT,buy,22.762045886796272,24.799999237060547,564.4987206264847,1.4112468015662116,rebalance,rebalance,0.0
2007-06-21,2007-06-22,MCHP,buy,10.246986183828199,10.99009673240706,112.61536937591057,0.2815384234397764,rebalance,rebalance,0.0
2007-06-21,2007-06-22,QCOM,buy,2.5480262926401736,27.41396211294463,69.85149624922448,0.17462874062306122,rebalance,rebalance,0.0
2007-07-20,2007-07-23,ADI,sell,5.964159476388403,24.29275137976474,144.88584334917132,0.3622146083729283,rebalance,rebalance,8.511061505456377
2007-07-20,2007-07-23,ADSK,sell,118.74700398788258,44.849998474121094,5325.802947662985,13.314507369157464,rebalance,rebalance,-271.85955350576984
2007-07-20,2007-07-23,CDNS,sell,16.042666304054535,22.6200008392334,362.8851252612549,0.9072128131531373,rebalance,rebalance,20.351130795737383
2007-07-20,2007-07-23,CHKP,sell,237.74741213817603,23.530000686645508,5594.196770859475,13.985491927148686,rebalance,rebalance,-4.136714867271293
2007-07-20,2007-07-23,CRM,sell,534.3510478273994,10.677769392761178,5705.67726348127,14.264193158703174,rebalance,rebalance,107.06507652296908
2007-07-20,2007-07-23,GLW,sell,26.009663467049506,17.734065240632255,461.25706881154525,1.1531426720288631,rebalance,rebalance,43.11511574165628
2007-07-20,2007-07-23,HPQ,sell,442.94938894081014,13.407692378111424,5938.929145990813,14.847322864977032,rebalance,rebalance,339.73382932623866
2007-07-20,2007-07-23,IBM,sell,101.8901752732045,59.273193718339854,6039.356096964252,15.09839024241063,rebalance,rebalance,439.9097129222445
2007-07-20,2007-07-23,INTC,sell,16.790410852724847,14.873152348223801,249.72633860184695,0.6243158465046174,rebalance,rebalance,3.1240306416391443
2007-07-20,2007-07-23,IT,sell,0.2876762785808751,24.15999984741211,6.950258846618025,0.017375647116545063,rebalance,rebalance,0.9901522708642608
2007-07-20,2007-07-23,MCHP,sell,506.8583175001935,10.861540669047749,5505.262228973468,13.763155572433671,rebalance,rebalance,176.0204388469863
2007-07-20,2007-07-23,ON,sell,39.98899600594001,11.619999885559082,464.6721290126455,1.1616803225316137,rebalance,rebalance,58.740840714122896
2007-07-20,2007-07-23,QCOM,sell,4.440539538620641,27.268204654979506,121.08554091763591,0.30271385229408976,rebalance,rebalance,-9.03712617756734
2007-07-20,2007-07-23,TXN,sell,11.375250785224324,23.703464140519785,269.6328490769843,0.6740821226924608,rebalance,rebalance,20.759555036122915
2007-07-20,2007-07-23,CIEN,buy,138.54087772298593,39.119998931884766,5419.718988545587,13.54929747136397,rebalance,rebalance,0.0
2007-07-20,2007-07-23,ENTG,buy,486.6293915538804,11.137261913505911,5419.718988545587,13.54929747136397,rebalance,rebalance,0.0
2007-07-20,2007-07-23,FFIV,buy,121.54561493606634,44.59000015258789,5419.718988545587,13.54929747136397,rebalance,rebalance,0.0
2007-07-20,2007-07-23,LRCX,buy,1069.513605776864,5.067461469654571,5419.718988545587,13.54929747136397,rebalance,rebalance,0.0
2007-07-20,2007-07-23,ORCL,buy,328.01019994452093,16.523019678846172,5419.718988545587,13.54929747136397,rebalance,rebalance,0.0
2007-07-20,2007-07-23,TER,buy,3.3625456651944887,16.13243559917183,54.246051393024494,0.13561512848256124,rebalance,rebalance,0.0
2007-07-20,2007-07-23,VRSN,buy,202.37806033623727,26.780170634806442,5419.718988545587,13.54929747136397,rebalance,rebalance,0.0
2007-08-17,2007-08-20,ADI,sell,63.29040947826883,23.981537750492667,1517.8013441472428,3.794503360368107,rebalance,rebalance,70.67000370281359
2007-08-17,2007-08-20,CDNS,sell,239.59853171823596,20.260000228881836,4854.266307451212,12.13566576862803,rebalance,rebalance,-260.0932485472937
2007-08-17,2007-08-20,CIEN,sell,33.742249425774475,36.56999969482422,1233.9540512032552,3.084885128008138,rebalance,rebalance,-92.42758732417883
2007-08-17,2007-08-20,ENTG,sell,486.6293915538804,9.043651075671619,4400.906420379676,11.00226605094919,rebalance,rebalance,-1043.364131688224
2007-08-17,2007-08-20,FFIV,sell,15.661215511826143,36.19499969482422,566.8576906711236,1.417144226677809,rebalance,rebalance,-134.63888962274885
2007-08-17,2007-08-20,GLW,sell,53.68529151331808,15.212783714328538,816.7027284327853,2.041756821081963,rebalance,rebalance,-46.02551410007396
2007-08-17,2007-08-20,INTC,sell,99.07943363802912,14.444948322542768,1431.197298728136,3.5779932468203404,rebalance,rebalance,-23.885387275513082
2007-08-17,2007-08-20,IT,sell,224.32611849234422,22.959999084472656,5150.527475207528,12.876318688018822,rebalance,rebalance,503.5889771771426
2007-08-17,2007-08-20,LRCX,sell,1069.513605776864,4.583873926856356,4902.515531938694,12.256288829846735,rebalance,rebalance,-543.0090429081029
2007-08-17,2007-08-20,ON,sell,121.45476952625711,11.109999656677246,1349.3624477385306,3.3734061193463267,rebalance,rebalance,116.62085641506036
2007-08-17,2007-08-20,ORCL,sell,77.26529258322634,15.284401367022973,1180.9537435824946,2.9523843589562366,rebalance,rebalance,-101.84623049552863
2007-08-17,2007-08-20,QCOM,sell,198.75598915001837,23.700455223816398,4710.607421315348,11.77651855328837,rebalance,rebalance,-1111.8353448395862
2007-08-17,2007-08-20,TER,sell,335.9516890818279,14.27453425539823,4795.553893957448,11.98888473489362,rebalance,rebalance,-424.221432501534
2007-08-17,2007-08-20,TXN,sell,42.6855834507507,20.609070106922626,879.7101818914174,2.1992754547285434,rebalance,rebalance,-53.855651785054
2007-08-17,2007-08-20,VRSN,sell,46.44889567012902,24.57837706662212,1141.6384721086226,2.8540961802715565,rebalance,rebalance,-108.234749295637
2007-08-17,2007-08-20,AMAT,buy,250.148190130121,15.320861617481436,3832.4858048470196,9.58121451211755,rebalance,rebalance,0.0
2007-08-17,2007-08-20,GOOGL,buy,307.49532098106624,12.463558120557552,3832.485804847019,9.581214512117548,rebalance,rebalance,0.0
2007-08-17,2007-08-20,HPQ,buy,293.03064363729743,13.07878847507406,3832.4858048470196,9.58121451211755,rebalance,rebalance,0.0
2007-08-17,2007-08-20,IBM,buy,66.74246848770925,57.421996693945765,3832.4858048470196,9.58121451211755,rebalance,rebalance,0.0
2007-08-17,2007-08-20,SWKS,buy,635.9980314244399,6.025939728560843,3832.4858048470196,9.58121451211755,rebalance,rebalance,0.0
2007-08-17,2007-08-20,WDC,buy,309.50245173404426,12.382731650023496,3832.485804847019,9.581214512117548,rebalance,rebalance,0.0
2007-09-17,2007-09-18,FFIV,sell,105.8843994242402,39.5,4182.433777257488,10.456084443143721,rebalance,rebalance,-561.2111571354121
2007-09-17,2007-09-18,GLW,sell,251.92534626238705,15.605522656767278,3931.4266989116227,9.828566747279057,rebalance,rebalance,-117.28728363909578
2007-09-17,2007-09-18,TXN,sell,185.96112221286882,21.453300647808174,3989.4798636364735,9.973699659091183,rebalance,rebalance,-78.0223118435693
2007-09-17,2007-09-18,ADI,buy,34.794051376805044,22.62851715442337,787.337788451921,1.9683444711298026,rebalance,rebalance,0.0
2007-09-17,2007-09-18,ADSK,buy,92.70731753729969,47.5,4403.597583021735,11.008993957554337,rebalance,rebalance,0.0
2007-09-17,2007-09-18,AMAT,buy,40.36148657157764,15.158178663850292,611.8066245905683,1.5295165614764208,rebalance,rebalance,0.0
2007-09-17,2007-09-18,CIEN,buy,12.756035094306,37.459999084472656,477.84106295420384,1.1946026573855095,rebalance,rebalance,0.0
2007-09-17,2007-09-18,CSCO,buy,217.48297136747541,20.248010937744127,4403.597583021735,11.008993957554337,rebalance,rebalance,0.0
2007-09-17,2007-09-18,GEN,buy,638.0224892277978,6.9019472783027345,4403.597583021735,11.008993957554337,rebalance,rebalance,0.0
2007-09-17,2007-09-18,GOOGL,buy,29.67721410405244,13.060368579279606,387.59535460512006,0.9689883865128002,rebalance,rebalance,0.0
2007-09-17,2007-09-18,HPQ,buy,28.636622352141046,13.689915165835746,392.03293063688665,0.9800823265922166,rebalance,rebalance,0.0
2007-09-17,2007-09-18,IBM,buy,7.211766595091348,59.54490068204183,429.42392564678124,1.0735598141169531,rebalance,rebalance,0.0
2007-09-17,2007-09-18,INTC,buy,25.48580876752436,15.142915471640643,385.9294478930194,0.9648236197325486,rebalance,rebalance,0.0
2007-09-17,2007-09-18,ON,buy,28.228000899123572,11.800000190734863,333.09041599372205,0.8327260399843052,rebalance,rebalance,0.0
2007-09-17,2007-09-18,ORCL,buy,25.456882352801784,15.943407128462177,405.86943957208297,1.0146735989302074,rebalance,rebalance,0.0
2007-09-17,2007-09-18,SWKS,buy,21.35667047154209,6.698967194302579,143.06763486839105,0.3576690871709776,rebalance,rebalance,0.0
2007-09-17,2007-09-18,VRSN,buy,8.813676853870646,26.730130076624278,235.590728757295,0.5889768218932375,rebalance,rebalance,0.0
2007-09-17,2007-09-18,WDC,buy,21.123176904755837,13.318984378650667,281.3392632219175,0.7033481580547938,rebalance,rebalance,0.0
2007-10-15,2007-10-16,ADI,sell,194.60389529593766,22.79447408042458,4435.89344727291,11.089733618182274,rebalance,rebalance,-8.963508374356334
2007-10-15,2007-10-16,AMAT,sell,290.50967670169865,15.320851104673947,4450.855501213691,11.12713875303423,rebalance,rebalance,-15.67479805052449
2007-10-15,2007-10-16,ORCL,sell,276.2017897140964,17.467881125965338,4824.660029504711,12.061650073761777,rebalance,rebalance,252.29356996205257
2007-10-15,2007-10-16,ADSK,buy,28.28805621264,49.970001220703125,1413.5542034769394,3.5338855086923484,rebalance,rebalance,0.0
2007-10-15,2007-10-16,CIEN,buy,17.857179102588773,44.650001525878906,797.3230741784816,1.9933076854462042,rebalance,rebalance,0.0
2007-10-15,2007-10-16,CSCO,buy,73.47405457703101,20.780178634136448,1526.803979084995,3.8170099477124877,rebalance,rebalance,0.0
2007-10-15,2007-10-16,FFIV,buy,145.86583504697506,41.45000076293945,6046.138973983917,15.115347434959792,rebalance,rebalance,0.0
2007-10-15,2007-10-16,GEN,buy,192.41466063974553,7.280670156613646,1400.9076774147377,3.5022691935368444,rebalance,rebalance,0.0
2007-10-15,2007-10-16,GOOGL,buy,56.92612262078086,15.34168882781609,873.3428594221225,2.1833571485553063,rebalance,rebalance,0.0
2007-10-15,2007-10-16,HPQ,buy,105.88860996080257,14.141166837074568,1497.388499601625,3.7434712490040627,rebalance,rebalance,0.0
2007-10-15,2007-10-16,IBM,buy,24.986681984663775,61.10858028394122,1526.9006620891341,3.8172516552228353,rebalance,rebalance,0.0
2007-10-15,2007-10-16,INTC,buy,96.51604371750005,15.610249414489543,1506.6395149299524,3.766598787324881,rebalance,rebalance,0.0
2007-10-15,2007-10-16,ON,buy,111.2800518940083,12.479999542236328,1388.7749966972583,3.471937491743146,rebalance,rebalance,0.0
2007-10-15,2007-10-16,STX,buy,461.00804186955264,13.115040140004194,6046.138973983917,15.115347434959792,rebalance,rebalance,0.0
2007-10-15,2007-10-16,SWKS,buy,203.93973775320137,7.019828174493487,1431.621916978736,3.57905479244684,rebalance,rebalance,0.0
2007-10-15,2007-10-16,TXN,buy,284.129873750135,21.279490587114104,6046.138973983917,15.115347434959792,rebalance,rebalance,0.0
2007-10-15,2007-10-16,VRSN,buy,51.78793350975903,27.92276974556412,1446.0625429915858,3.6151563574789645,rebalance,rebalance,0.0
2007-10-15,2007-10-16,WDC,buy,67.84469143851732,15.173373446761984,1029.4328395769587,2.573582098942397,rebalance,rebalance,0.0
2007-11-12,2007-11-13,ADSK,sell,120.99537374993969,46.65999984741211,5645.644120709757,14.114110301774392,market_trend_exit,risk_exit,-200.16465555693827
2007-11-12,2007-11-13,CIEN,sell,135.41184249410622,44.11000061035156,5973.016455063856,14.932541137659639,market_trend_exit,risk_exit,569.7603338331536
2007-11-12,2007-11-13,CSCO,sell,290.9570259445064,18.984909201844342,5523.792719195123,13.809481797987807,market_trend_exit,risk_exit,-435.2443286148615
2007-11-12,2007-11-13,FFIV,sell,145.86583504697506,31.5,4594.773803979714,11.486934509949286,market_trend_exit,risk_exit,-1477.9674519491111
2007-11-12,2007-11-13,GEN,sell,830.4371498675433,6.059556889097841,5032.081152442649,12.580202881106622,market_trend_exit,risk_exit,-799.5155740260205
2007-11-12,2007-11-13,GOOGL,sell,394.09865770589954,15.999024084855183,6305.193916445785,15.762984791114464,market_trend_exit,risk_exit,1183.273352733224
2007-11-12,2007-11-13,HPQ,sell,427.55587595024105,13.357692761566009,5711.160029345549,14.277900073363874,market_trend_exit,risk_exit,-39.32987390105981
2007-11-12,2007-11-13,IBM,sell,98.94091706746437,53.3804096704345,5281.5066862297335,13.203766715574334,market_trend_exit,risk_exit,-534.9794990502336
2007-11-12,2007-11-13,INTC,sell,387.3185375482757,15.597116789249743,6041.0524647818675,15.102631161954669,market_trend_exit,risk_exit,241.78413946081713
2007-11-12,2007-11-13,ON,sell,484.4662817111363,8.989999771118164,4355.351761697583,10.888379404243958,market_trend_exit,risk_exit,-873.3824305868284
2007-11-12,2007-11-13,STX,sell,461.00804186955264,12.931228205058973,5961.400193782567,14.903500484456417,market_trend_exit,risk_exit,-114.75762812076582
2007-11-12,2007-11-13,SWKS,sell,861.2944396491833,6.338977373488933,5459.725964848002,13.649314912120005,market_trend_exit,risk_exit,25.383354850000465
2007-11-12,2007-11-13,TXN,sell,284.129873750135,19.671673100850377,5589.309994598544,13.97327498649636,market_trend_exit,risk_exit,-485.91760180682786
2007-11-12,2007-11-13,VRSN,sell,216.53077502973792,27.105436760377415,5869.1612292440705,14.672903073110177,market_trend_exit,risk_exit,-17.618239550256522
2007-11-12,2007-11-13,WDC,sell,398.4703200773174,15.354582800776791,6118.345523279201,15.295863808198003,market_trend_exit,risk_exit,946.9336070559928
2007-12-11,2007-12-12,AAPL,buy,513.3314993386781,5.785715275793624,2969.9898972698347,7.424974743174587,rebalance,rebalance,0.0
2007-12-11,2007-12-12,CIEN,buy,69.58739165964029,42.68000030517578,2969.9898972698343,7.424974743174586,rebalance,rebalance,0.0
2007-12-11,2007-12-12,CRM,buy,207.72583368108857,14.297643411216326,2969.9898972698343,7.424974743174586,rebalance,rebalance,0.0
2007-12-11,2007-12-12,CSCO,buy,160.17195434732412,18.54250895153326,2969.9898972698343,7.424974743174586,rebalance,rebalance,0.0
2007-12-11,2007-12-12,GOOGL,buy,167.6935254725288,17.710820312835345,2969.9898972698343,7.424974743174586,rebalance,rebalance,0.0
2007-12-11,2007-12-12,HPQ,buy,206.70567666815552,14.36820674275842,2969.9898972698343,7.424974743174586,rebalance,rebalance,0.0
2007-12-11,2007-12-12,INTC,buy,177.64589839610124,16.718595386016613,2969.9898972698343,7.424974743174586,rebalance,rebalance,0.0
2007-12-11,2007-12-12,LDOS,buy,115.78208942843196,25.651548628388376,2969.9898972698343,7.424974743174586,rebalance,rebalance,0.0
2007-12-11,2007-12-12,MRVL,buy,232.6177225024308,12.767685390947797,2969.9898972698343,7.424974743174586,rebalance,rebalance,0.0
2007-12-11,2007-12-12,MSFT,buy,120.44600973961568,24.65826724928838,2969.9898972698343,7.424974743174586,rebalance,rebalance,0.0
2007-12-11,2007-12-12,ORCL,buy,174.7111713610049,16.999427535935627,2969.9898972698343,7.424974743174586,rebalance,rebalance,0.0
2007-12-11,2007-12-12,STX,buy,213.11881268511382,13.935841044957575,2969.9898972698343,7.424974743174586,rebalance,rebalance,0.0
2007-12-11,2007-12-12,SWKS,buy,413.4073926772673,7.184172198846966,2969.9898972698343,7.424974743174586,rebalance,rebalance,0.0
2007-12-11,2007-12-12,VRSN,buy,91.61516105170466,32.41810485486859,2969.9898972698343,7.424974743174586,rebalance,rebalance,0.0
2007-12-11,2007-12-12,WDC,buy,159.58821593355543,18.6103333500914,2969.9898972698343,7.424974743174586,rebalance,rebalance,0.0
2008-01-10,2008-01-11,AAPL,sell,513.3314993386781,5.264094641667048,2702.225595067647,6.7555639876691185,market_trend_exit,risk_exit,-281.94484093303083
2008-01-10,2008-01-11,CIEN,sell,69.58739165964029,29.31999969482422,2040.3023022242667,5.100755755560667,market_trend_exit,risk_exit,-942.2133255443024
2008-01-10,2008-01-11,CRM,sell,207.72583368108857,13.653782524648113,2836.2433578328078,7.09060839458202,market_trend_exit,risk_exit,-148.26212257478306
2008-01-10,2008-01-11,CSCO,sell,160.17195434732412,16.644655980029018,2666.007077760123,6.665017694400308,market_trend_exit,risk_exit,-318.07281194728597
2008-01-10,2008-01-11,GOOGL,sell,167.6935254725288,15.942219407585744,2673.406976314623,6.683517440786558,market_trend_exit,risk_exit,-310.69141313917265
2008-01-10,2008-01-11,HPQ,sell,206.70567666815552,12.615850578372358,2607.7679305467996,6.519419826366999,market_trend_exit,risk_exit,-376.1663612925762
2008-01-10,2008-01-11,INTC,sell,177.64589839610124,13.561388155165373,2409.124982322599,6.0228124558064975,market_trend_exit,risk_exit,-574.3127021462168
2008-01-10,2008-01-11,LDOS,sell,115.78208942843196,24.326875963113146,2816.6165282755383,7.041541320688846,market_trend_exit,risk_exit,-167.83988505815915
2008-01-10,2008-01-11,MRVL,sell,232.6177225024308,9.67790609004661,2251.2524732590477,5.6281311831476195,market_trend_exit,risk_exit,-731.7905299371091
2008-01-10,2008-01-11,MSFT,sell,120.44600973961568,24.323409637906703,2929.6576341479727,7.324144085369932,market_trend_exit,risk_exit,-55.08138195040605
2008-01-10,2008-01-11,ORCL,sell,174.7111713610049,17.094696497102802,2986.634449069698,7.4665861226742445,market_trend_exit,risk_exit,1.7529909340143623
2008-01-10,2008-01-11,STX,sell,213.11881268511382,11.72867425907599,2499.601132464732,6.24900283116183,market_trend_exit,risk_exit,-484.0627423794385
2008-01-10,2008-01-11,SWKS,sell,413.4073926772673,6.088547569874409,2517.0505760532915,6.292626440133229,market_trend_exit,risk_exit,-466.6569223998505
2008-01-10,2008-01-11,VRSN,sell,91.61516105170466,29.724239128338965,2723.1909548821554,6.807977387205389,market_trend_exit,risk_exit,-261.0318945180583
2008-01-10,2008-01-11,WDC,sell,159.58821593355543,15.25189522310157,2434.022748260296,6.08505687065074,market_trend_exit,risk_exit,-549.4771806233633
2008-05-06,2008-05-07,ADI,buy,137.30787890120342,22.171103058148237,3044.267133814319,7.610667834535798,rebalance,rebalance,0.0
2008-05-06,2008-05-07,AMAT,buy,212.70271091923772,14.312309987295903,3044.267133814319,7.610667834535798,rebalance,rebalance,0.0
2008-05-06,2008-05-07,CRM,buy,176.28771245610764,17.268742621935633,3044.267133814319,7.610667834535798,rebalance,rebalance,0.0
2008-05-06,2008-05-07,GEN,buy,439.4959378737046,6.926724166194985,3044.267133814319,7.610667834535798,rebalance,rebalance,0.0
2008-05-06,2008-05-07,GLW,buy,170.42413854652,17.862887028666645,3044.267133814319,7.610667834535798,rebalance,rebalance,0.0
2008-05-06,2008-05-07,IBM,buy,47.341473584291506,64.3044439331615,3044.267133814319,7.610667834535798,rebalance,rebalance,0.0
2008-05-06,2008-05-07,IT,buy,130.26388637109608,23.3700008392334,3044.2671338143195,7.610667834535799,rebalance,rebalance,0.0
2008-05-06,2008-05-07,LDOS,buy,127.014582483343,23.967855298926416,3044.267133814319,7.610667834535798,rebalance,rebalance,0.0
2008-05-06,2008-05-07,MCHP,buy,277.0072134340826,10.989847867404874,3044.2671338143195,7.610667834535799,rebalance,rebalance,0.0
2008-05-06,2008-05-07,ORCL,buy,178.91354425210167,17.01529722939664,3044.2671338143186,7.610667834535796,rebalance,rebalance,0.0
2008-05-06,2008-05-07,QCOM,buy,106.80425712035392,28.503237753752106,3044.267133814319,7.610667834535798,rebalance,rebalance,0.0
2008-05-06,2008-05-07,TER,buy,238.1210084108812,12.784538223361597,3044.267133814319,7.610667834535798,rebalance,rebalance,0.0
2008-05-06,2008-05-07,TXN,buy,163.77973190300526,18.587569404602615,3044.267133814319,7.610667834535798,rebalance,rebalance,0.0
2008-05-06,2008-05-07,VRSN,buy,96.8207325510946,31.44230634908476,3044.267133814319,7.610667834535798,rebalance,rebalance,0.0
2008-05-06,2008-05-07,WDC,buy,170.49660338124568,17.85529490582909,3044.2671338143186,7.610667834535796,rebalance,rebalance,0.0
2008-06-04,2008-06-05,ADI,sell,137.30787890120342,23.411755693894417,3214.618515681814,8.036546289204535,market_trend_exit,risk_exit,154.70416774375528
2008-06-04,2008-06-05,AMAT,sell,212.70271091923772,14.490037061600495,3082.0701643226507,7.705175410806627,market_trend_exit,risk_exit,22.487187262989046
2008-06-04,2008-06-05,CRM,sell,176.28771245610764,17.84625008743665,3146.0746038338184,7.865186509584547,market_trend_exit,risk_exit,86.33161567537869
2008-06-04,2008-06-05,GEN,sell,439.4959378737046,7.4718005470907665,3283.8259890489153,8.209564972622289,market_trend_exit,risk_exit,223.73862242743832
2008-06-04,2008-06-05,GLW,sell,170.42413854652,17.618044122285436,3002.5399924150756,7.5063499810376895,market_trend_exit,risk_exit,-56.844159214816855
2008-06-04,2008-06-05,IBM,sell,47.341473584291506,66.72935526144936,3159.066009406708,7.89766502351677,market_trend_exit,risk_exit,99.29054273433647
2008-06-04,2008-06-05,IT,sell,130.26388637109608,22.579999923706055,2941.3585443210036,7.353396360802509,market_trend_exit,risk_exit,-117.87265368865404
2008-06-04,2008-06-05,LDOS,sell,127.014582483343,26.332456720345842,3344.6059960954267,8.361514990238566,market_trend_exit,risk_exit,284.36667945633354
2008-06-04,2008-06-05,MCHP,sell,277.0072134340826,10.55105159726347,2922.71740175718,7.30679350439295,market_trend_exit,risk_exit,-136.46719339606798
2008-06-04,2008-06-05,ORCL,sell,178.91354425210167,18.14277466074691,3245.988117121451,8.114970292803628,market_trend_exit,risk_exit,185.99534517979288
2008-06-04,2008-06-05,QCOM,sell,106.80425712035392,30.999789820913904,3310.9095227098187,8.277273806774547,market_trend_exit,risk_exit,250.7544472541894
2008-06-04,2008-06-05,TER,sell,238.1210084108812,11.956760180567347,2847.1557915237663,7.117889478809416,market_trend_exit,risk_exit,-211.83989960389766
2008-06-04,2008-06-05,TXN,sell,163.77973190300526,20.079601287841797,3288.6317156419686,8.221579289104922,market_trend_exit,risk_exit,228.53233470400892
2008-06-04,2008-06-05,VRSN,sell,96.8207325510946,34.528160311671385,3343.0417750176543,8.357604437544136,market_trend_exit,risk_exit,282.8063689312555
2008-06-04,2008-06-05,WDC,sell,170.49660338124568,23.436583202624618,3995.857830909454,9.989644577273635,market_trend_exit,risk_exit,933.9903846833259
2009-06-16,2009-06-17,AKAM,buy,115.66528083012577,21.389999389648438,2474.080286359905,6.185200715899763,rebalance,rebalance,0.0
2009-06-16,2009-06-17,CDNS,buy,413.7257990750354,5.980000019073486,2474.080286359905,6.185200715899763,rebalance,rebalance,0.0
2009-06-16,2009-06-17,CIEN,buy,247.1608621168105,10.010000228881836,2474.080286359905,6.185200715899763,rebalance,rebalance,0.0
2009-06-16,2009-06-17,CRM,buy,250.7480003471466,9.86679966713465,2474.080286359905,6.185200715899763,rebalance,rebalance,0.0
2009-06-16,2009-06-17,CTSH,buy,221.7959732818452,11.154757454572858,2474.080286359905,6.185200715899763,rebalance,rebalance,0.0
2009-06-16,2009-06-17,GLW,buy,238.01071164080577,10.394827481939835,2474.080286359905,6.185200715899763,rebalance,rebalance,0.0
2009-06-16,2009-06-17,GOOGL,buy,239.65230297285316,10.323624082344658,2474.080286359905,6.185200715899763,rebalance,rebalance,0.0
2009-06-16,2009-06-17,IBM,buy,43.08493089167534,57.423331897183914,2474.080286359905,6.185200715899763,rebalance,rebalance,0.0
2009-06-16,2009-06-17,MRVL,buy,243.2342686188247,10.171594242902778,2474.080286359905,6.185200715899763,rebalance,rebalance,0.0
2009-06-16,2009-06-17,MU,buy,494.57343150750773,5.002452879077367,2474.080286359905,6.185200715899763,rebalance,rebalance,0.0
2009-06-16,2009-06-17,NTAP,buy,175.1540284491538,14.12516919117345,2474.080286359905,6.185200715899763,rebalance,rebalance,0.0
2009-06-16,2009-06-17,ON,buy,376.5723320725997,6.570000171661377,2474.080286359905,6.185200715899763,rebalance,rebalance,0.0
2009-06-16,2009-06-17,SWKS,buy,326.59088256145884,7.575472612571557,2474.080286359905,6.185200715899763,rebalance,rebalance,0.0
2009-06-16,2009-06-17,TER,buy,397.3332426823763,6.226713550715053,2474.080286359905,6.185200715899763,rebalance,rebalance,0.0
2009-06-16,2009-06-17,WDC,buy,169.8141650387291,14.569339876892176,2474.080286359905,6.185200715899763,rebalance,rebalance,0.0
2009-07-15,2009-07-16,CDNS,sell,6.377843226967968,5.75,36.67259855506582,0.09168149638766454,rebalance,rebalance,-1.6539343167852913
2009-07-15,2009-07-16,CIEN,sell,11.995125454609024,9.960000038146973,119.4714499854836,0.298678624963709,rebalance,rebalance,-1.1986152069480331
2009-07-15,2009-07-16,CRM,sell,8.22659614628597,9.65791351012669,79.45175406357144,0.1986293851589286,rebalance,rebalance,-2.119976879707661
2009-07-15,2009-07-16,CTSH,sell,221.7959732818452,12.169219791464942,2699.08394772866,6.74770986932165,rebalance,rebalance,212.0707507835337
2009-07-15,2009-07-16,GLW,sell,19.180722926466444,10.703518105025184,205.30121511090522,0.513253037777263,rebalance,rebalance,4.909205509122353
2009-07-15,2009-07-16,GOOGL,sell,239.65230297285316,10.831879011868713,2595.88475071765,6.489711876794125,rebalance,rebalance,109.12955176505136
2009-07-15,2009-07-16,IBM,sell,43.08493089167534,57.092034330395386,2459.806353590241,6.149515883975603,rebalance,rebalance,-26.60864936953926
2009-07-15,2009-07-16,MRVL,sell,26.388576599790696,10.801463124850978,285.0352370599446,0.7125880926498616,rebalance,rebalance,15.237720411912683
2009-07-15,2009-07-16,MU,sell,63.339975285445576,5.431514443814985,344.0319906337818,0.8600799765844545,rebalance,rebalance,25.524530825512457
2009-07-15,2009-07-16,NTAP,sell,22.465797183758184,15.340086964889887,344.62728253442884,0.8615682063360721,rebalance,rebalance,25.63919512733248
2009-07-15,2009-07-16,ON,sell,55.716073863296515,7.300000190734863,406.7273498290623,1.0168183745726558,rebalance,rebalance,38.740780071218175
2009-07-15,2009-07-16,SWKS,sell,58.88524708332176,8.749351659866996,515.2077343101394,1.2880193357753484,rebalance,rebalance,66.72092946874045
2009-07-15,2009-07-16,TER,sell,46.55996740259002,6.677392239355022,310.8991649986774,0.7772479124966936,rebalance,rebalance,19.481548189755898
2009-07-15,2009-07-16,WDC,sell,29.012762982682347,16.635137945530133,482.6313143978911,1.2065782859947278,rebalance,rebalance,57.67118943782524
2009-07-15,2009-07-16,AKAM,buy,4.388574559327893,19.510000228881836,85.62109065695219,0.21405272664238048,rebalance,rebalance,0.0
2009-07-15,2009-07-16,FFIV,buy,67.19020955584448,34.86000061035156,2342.2507461263876,5.855626865315969,rebalance,rebalance,0.0
2009-07-15,2009-07-16,STX,buy,417.0520601706839,5.616207111332316,2342.2507461263876,5.855626865315969,rebalance,rebalance,0.0
2009-07-15,2009-07-16,TXN,buy,168.58834169549178,13.893313870759913,2342.2507461263876,5.855626865315969,rebalance,rebalance,0.0
2009-08-12,2009-08-13,AKAM,sell,120.05385538945366,18.579999923706055,2230.6006239766666,5.576501559941667,rebalance,rebalance,-341.0765080426744
2009-08-12,2009-08-13,CDNS,sell,407.34795584806744,5.829999923706055,2374.8385515160503,5.937096378790126,rebalance,rebalance,-73.12918056308094
2009-08-12,2009-08-13,ADBE,buy,134.80051582656762,33.31999969482422,4491.5531462033805,11.228882865508451,rebalance,rebalance,0.0
2009-08-12,2009-08-13,CIEN,buy,139.44253956335405,11.989999771118164,1671.9160174487506,4.1797900436218764,rebalance,rebalance,0.0
2009-08-12,2009-08-13,CRM,buy,137.6166234515074,11.815584917778486,1626.0209004892317,4.065052251223079,rebalance,rebalance,0.0
2009-08-12,2009-08-13,CTSH,buy,296.35445110060346,15.156017159595937,4491.5531462033805,11.228882865508451,rebalance,rebalance,0.0
2009-08-12,2009-08-13,FFIV,buy,54.170324081091664,37.0099983215332,2004.8436033181122,5.012109008295281,rebalance,rebalance,0.0
2009-08-12,2009-08-13,GLW,buy,193.05625363899253,10.90483896849935,2105.24735779498,5.26311839448745,rebalance,rebalance,0.0
2009-08-12,2009-08-13,MRVL,buy,163.88022872254845,11.797340032574299,1933.3507828559534,4.833376957139883,rebalance,rebalance,0.0
2009-08-12,2009-08-13,MU,buy,240.20570323662446,6.689441750499725,1606.8420599392225,4.0171051498480566,rebalance,rebalance,0.0
2009-08-12,2009-08-13,NTAP,buy,104.95464506153345,17.433251833844395,1829.7007584894657,4.5742518962236645,rebalance,rebalance,0.0
2009-08-12,2009-08-13,ON,buy,250.58815272038134,7.860000133514404,1969.6229138393253,4.924057284598313,rebalance,rebalance,0.0
2009-08-12,2009-08-13,STX,buy,270.70616070500824,6.530715315164803,1767.9048696256618,4.419762174064155,rebalance,rebalance,0.0
2009-08-12,2009-08-13,SWKS,buy,237.07416222917146,8.89804458618164,2109.496465746827,5.273741164367068,rebalance,rebalance,0.0
2009-08-12,2009-08-13,TER,buy,258.89523490239753,7.3672054094793165,1907.3343750613615,4.768335937653403,rebalance,rebalance,0.0
2009-08-12,2009-08-13,TXN,buy,119.55796483186217,15.587751931767324,1863.6398972660293,4.659099743165073,rebalance,rebalance,0.0
2009-08-12,2009-08-13,WDC,buy,87.92539655867569,19.63719674916253,1726.6083114708526,4.316520778677131,rebalance,rebalance,0.0
2009-09-10,2009-09-11,ADBE,sell,39.395049579171385,34.11000061035156,1343.765165190366,3.3594129129759147,rebalance,rebalance,24.481104721925817
2009-09-10,2009-09-11,CIEN,sell,166.93243091061288,15.670000076293945,2615.8312051052376,6.539578012763094,rebalance,rebalance,810.7792897206358
2009-09-10,2009-09-11,CRM,sell,380.138027652368,13.941309079529727,5299.621736384481,13.249054340961202,rebalance,rebalance,1257.3943437853802
2009-09-10,2009-09-11,CTSH,sell,96.93176674534283,16.318507207195335,1581.781734240054,3.954454335600135,rebalance,rebalance,105.05501100183145
2009-09-10,2009-09-11,FFIV,sell,38.57548153208769,39.310001373291016,1516.4022320017293,3.7910055800043234,rebalance,rebalance,127.39577868276909
2009-09-10,2009-09-11,GLW,sell,411.88624235333185,10.979307897992397,4522.225873744347,11.305564684360869,rebalance,rebalance,120.02310235871964
2009-09-10,2009-09-11,MRVL,sell,152.06191964097067,14.231713327266073,2164.101648324065,5.410254120810163,rebalance,rebalance,501.43526850706365
2009-09-10,2009-09-11,MU,sell,265.44723380297836,8.015628652401515,2127.7264529718773,5.319316132429694,rebalance,rebalance,630.5979540584051
2009-09-10,2009-09-11,NTAP,sell,77.69544314523452,18.084617570752922,1405.092376271743,3.5127309406793574,rebalance,rebalance,196.41084944022492
2009-09-10,2009-09-11,ON,sell,211.85541166522017,9.050000190734863,1917.2915159784557,4.79322878994614,rebalance,rebalance,396.9849968120767
2009-09-10,2009-09-11,STX,sell,267.0126975210169,7.734557663222728,2065.2251057889534,5.163062764472384,rebalance,rebalance,460.3612119130068
2009-09-10,2009-09-11,SWKS,sell,504.77979770730855,11.402331287357232,5755.666480623899,14.389166201559746,rebalance,rebalance,1593.4404059409628
2009-09-10,2009-09-11,TER,sell,200.62583928425528,7.955846036272401,1596.1482882434661,3.9903707206086656,rebalance,rebalance,242.38738730702647
2009-09-10,2009-09-11,TXN,sell,85.81775432873323,16.084138776097788,1380.3046700764119,3.4507616751910297,rebalance,rebalance,121.0944834275104
2009-09-10,2009-09-11,WDC,sell,78.236174340135,21.624473468803956,1691.81607631897,4.229540190797425,rebalance,rebalance,392.09092546075857
2009-09-10,2009-09-11,AAPL,buy,629.2508084223376,5.171674741409896,3254.280511929561,8.135701279823902,rebalance,rebalance,0.0
2009-09-10,2009-09-11,ADSK,buy,137.2535064356347,23.709999084472656,3254.280511929561,8.135701279823902,rebalance,rebalance,0.0
2009-09-10,2009-09-11,AMD,buy,592.7651452828297,5.489999771118164,3254.2805119295604,8.135701279823902,rebalance,rebalance,0.0
2009-10-08,2009-10-09,ADBE,sell,95.40546624739623,34.08000183105469,3251.4184644038896,8.128546161009725,rebalance,rebalance,56.43253672945622
2009-10-08,2009-10-09,ADSK,sell,137.2535064356347,23.8700008392334,3276.241313806327,8.190603284515818,rebalance,rebalance,5.634497312426673
2009-10-08,2009-10-09,TER,sell,0.02930949235872049,9.031950832303215,0.26472189390373024,0.0006618047347593256,rebalance,rebalance,0.06687168521002146
2009-10-08,2009-10-09,AAPL,buy,24.35361611321173,5.652025034247984,137.64724794633779,0.34411811986584445,rebalance,rebalance,0.0
2009-10-08,2009-10-09,ADI,buy,206.47966153934448,17.891295164033618,3694.188569970172,9.23547142492543,rebalance,rebalance,0.0
2009-10-08,2009-10-09,AMD,buy,77.68647295963387,5.510000228881836,428.05248378860523,1.0701312094715132,rebalance,rebalance,0.0
2009-10-08,2009-10-09,CIEN,buy,77.8101430749229,12.9399995803833,1006.863218739067,2.5171580468476673,rebalance,rebalance,0.0
2009-10-08,2009-10-09,CRM,buy,248.51046599950382,14.865323901398776,3694.188569970172,9.23547142492543,rebalance,rebalance,0.0
2009-10-08,2009-10-09,CTSH,buy,20.218266989422318,16.819215849110375,340.05539659003693,0.8501384914750924,rebalance,rebalance,0.0
2009-10-08,2009-10-09,FFIV,buy,8.452004374079735,40.4900016784668,342.22167129289716,0.8555541782322429,rebalance,rebalance,0.0
2009-10-08,2009-10-09,MRVL,buy,61.64257887602744,12.725128621843297,784.4097447795698,1.9610243619489245,rebalance,rebalance,0.0
2009-10-08,2009-10-09,MU,buy,57.70189609501227,7.966870371536133,459.70352638080976,1.1492588159520245,rebalance,rebalance,0.0
2009-10-08,2009-10-09,NTAP,buy,0.387345211540179,20.48516987618823,7.934832459128632,0.01983708114782158,rebalance,rebalance,0.0
2009-10-08,2009-10-09,ON,buy,123.94354452201884,7.639999866485596,946.9286635999754,2.3673216589999386,rebalance,rebalance,0.0
2009-10-08,2009-10-09,STX,buy,63.015617836858326,7.63638964649198,481.2118116166803,1.2030295290417008,rebalance,rebalance,0.0
2009-10-08,2009-10-09,TXN,buy,52.586484591759245,14.49184252323237,762.0750535541604,1.905187633885401,rebalance,rebalance,0.0
2009-10-08,2009-10-09,WDC,buy,16.92917396966584,22.065422421430828,373.54937488656776,0.9338734372164195,rebalance,rebalance,0.0
2009-11-05,2009-11-06,AAPL,sell,167.8343521300277,5.757903521493571,966.3740071570785,2.4159350178926964,rebalance,rebalance,90.79200773976451
2009-11-05,2009-11-06,ADI,sell,52.662540220107246,18.184043405252115,957.6179171932655,2.3940447929831636,rebalance,rebalance,10.667318606637384
2009-11-05,2009-11-06,AMD,sell,670.4516182424636,4.840000152587891,3244.985934596322,8.112464836490805,rebalance,rebalance,-454.6653584476299
2009-11-05,2009-11-06,CIEN,sell,285.48598838986555,11.819999694824219,3374.4442956448015,8.436110739112005,rebalance,rebalance,119.15023749090363
2009-11-05,2009-11-06,CRM,sell,59.163795415211695,14.771937641727806,873.9638965214486,2.184909741303622,rebalance,rebalance,-9.908717758276655
2009-11-05,2009-11-06,CTSH,sell,66.06390931837862,18.21246960897237,1203.1869407108773,3.007967351777193,rebalance,rebalance,186.27040566350766
2009-11-05,2009-11-06,FFIV,sell,31.395013045101543,46.7400016784668,1467.4029624235332,3.6685074060588327,rebalance,rebalance,322.74703769800703
2009-11-05,2009-11-06,MRVL,sell,65.23472242795842,12.427218760279583,810.6861663783561,2.0267154159458904,rebalance,rebalance,71.95313459630104
2009-11-05,2009-11-06,MU,sell,65.86691415241984,7.0307391408632,463.0930914192944,1.157732728548236,rebalance,rebalance,72.36495998179439
2009-11-05,2009-11-06,NTAP,sell,47.31292682143871,21.0267499473972,994.8370815538939,2.4870927038847346,rebalance,rebalance,257.94734654207116
2009-11-05,2009-11-06,ON,sell,97.20418757605728,7.239999771118164,703.7582958023818,1.7593957395059545,rebalance,rebalance,-5.950834692758037
2009-11-05,2009-11-06,STX,sell,128.54186707024576,7.8740581221527775,1012.1461324411513,2.530365331102878,rebalance,rebalance,211.63958750707744
2009-11-05,2009-11-06,TER,sell,47.842452914873945,7.74430372099583,370.50648613022605,0.9262662153255652,rebalance,rebalance,47.70576312451259
2009-11-05,2009-11-06,TXN,sell,75.49244326743275,15.588991083122519,1176.8510249391418,2.9421275623478547,rebalance,rebalance,70.87027480049278
2009-11-05,2009-11-06,WDC,sell,38.54281215202664,21.70299985552382,836.494646566916,2.09123661641729,rebalance,rebalance,174.50500633822998
2009-11-05,2009-11-06,HPQ,buy,204.2953858972752,13.69104445631655,2797.01721053994,6.992543026349851,rebalance,rebalance,0.0
2009-11-05,2009-11-06,SWKS,buy,316.2880015588454,8.843260562381957,2797.0172105399406,6.992543026349852,rebalance,rebalance,0.0
2009-12-04,2009-12-07,ADI,sell,153.81712131923723,20.881346761058044,3211.9086480547267,8.029771620136817,rebalance,rebalance,445.0113888331375
2009-12-04,2009-12-07,ON,sell,386.3283562104259,8.319999694824219,3214.2518057726857,8.035629514431715,rebalance,rebalance,392.54050931488746
2009-12-04,2009-12-07,SWKS,sell,316.2880015588454,10.643216242645545,3366.3215955450028,8.415803988862507,rebalance,rebalance,553.8960379898504
2009-12-04,2009-12-07,TER,sell,361.17090849069587,9.004360418981387,3252.1130329011703,8.130282582252926,rebalance,rebalance,814.0970965506999
2009-12-04,2009-12-07,AAPL,buy,343.8089651338166,5.782131068223812,1987.9484988341185,4.969871247085297,rebalance,rebalance,0.0
2009-12-04,2009-12-07,AMZN,buy,695.1789362617371,6.900000095367432,4796.734726503416,11.991836816258541,rebalance,rebalance,0.0
2009-12-04,2009-12-07,CHKP,buy,144.6978734754746,33.150001525878906,4796.734726503416,11.991836816258541,rebalance,rebalance,0.0
2009-12-04,2009-12-07,CRM,buy,105.81263402522174,16.251341738487085,1719.5972757933448,4.298993189483362,rebalance,rebalance,0.0
2009-12-04,2009-12-07,CTSH,buy,97.09498536870845,19.13550058357588,1857.961149185212,4.64490287296303,rebalance,rebalance,0.0
2009-12-04,2009-12-07,FFIV,buy,34.93635349672608,50.61000061035156,1768.1288717927648,4.4203221794819125,rebalance,rebalance,0.0
2009-12-04,2009-12-07,GOOGL,buy,331.0062600203872,14.491371632089308,4796.734726503416,11.991836816258541,rebalance,rebalance,0.0
2009-12-04,2009-12-07,HPQ,buy,140.3956969774473,13.916039505573119,1953.7520655506291,4.884380163876573,rebalance,rebalance,0.0
2009-12-04,2009-12-07,MRVL,buy,88.00590419126965,15.321224669057438,1348.358230317986,3.370895575794965,rebalance,rebalance,0.0
2009-12-04,2009-12-07,MSFT,buy,216.89598733393126,22.11536868645893,4796.734726503416,11.991836816258541,rebalance,rebalance,0.0
2009-12-04,2009-12-07,MU,buy,184.9974829699434,8.230154406933243,1522.5578497366373,3.806394624341593,rebalance,rebalance,0.0
2009-12-04,2009-12-07,NTAP,buy,67.89905866859462,23.873745747838743,1621.0048631716143,4.052512157929035,rebalance,rebalance,0.0
2009-12-04,2009-12-07,STX,buy,204.05398174844066,8.576728238227647,1750.1155473846397,4.3752888684616,rebalance,rebalance,0.0
2009-12-04,2009-12-07,TXN,buy,97.74945425674665,17.30598292622938,1691.6503864154972,4.229125966038743,rebalance,rebalance,0.0
2009-12-04,2009-12-07,WDC,buy,71.45462635792211,23.943973034695425,1710.907646718324,4.27726911679581,rebalance,rebalance,0.0
2010-01-05,2010-01-06,HPQ,sell,344.6910828747225,14.797488446458003,5100.562316435804,12.75140579108951,rebalance,rebalance,325.16471136391925
2010-01-05,2010-01-06,MSFT,sell,216.89598733393126,22.932250805602326,4973.913180270457,12.434782950676142,rebalance,rebalance,152.75183400010687
2010-01-05,2010-01-06,TXN,sell,277.17204777969386,16.781168500584773,4651.270837443176,11.62817709360794,rebalance,rebalance,322.1755843291011
2010-01-05,2010-01-06,AAPL,buy,228.4691413331418,6.412026041547941,1464.9500839182024,3.6623752097955062,rebalance,rebalance,0.0
2010-01-05,2010-01-06,AMD,buy,700.8504403161297,9.680000305175781,6784.232476142716,16.96058119035679,rebalance,rebalance,0.0
2010-01-05,2010-01-06,AMZN,buy,312.87937828737574,6.730000019073486,2105.6782218417393,5.264195554604348,rebalance,rebalance,0.0
2010-01-05,2010-01-06,CHKP,buy,55.722592756728574,33.849998474121094,1886.2096797893332,4.715524199473333,rebalance,rebalance,0.0
2010-01-05,2010-01-06,CRM,buy,74.15723835116921,18.36969560517346,1362.245895431274,3.405614738578185,rebalance,rebalance,0.0
2010-01-05,2010-01-06,CTSH,buy,77.16044418640132,20.694205315954846,1596.7740742636634,3.9919351856591585,rebalance,rebalance,0.0
2010-01-05,2010-01-06,FFIV,buy,35.18774055960863,52.20000076293945,1836.8000840576858,4.5920002101442146,rebalance,rebalance,0.0
2010-01-05,2010-01-06,GOOGL,buy,105.9953134664213,15.5245035435725,1645.5246195115353,4.1138115487788385,rebalance,rebalance,0.0
2010-01-05,2010-01-06,MRVL,buy,57.121773690922396,18.3258805774745,1046.8068030333686,2.6170170075834216,rebalance,rebalance,0.0
2010-01-05,2010-01-06,MU,buy,45.08240920382809,10.804521433125691,487.0938564997036,1.217734641249259,rebalance,rebalance,0.0
2010-01-05,2010-01-06,NTAP,buy,76.03363593421744,24.49583359381126,1862.5072933770186,4.656268233442547,rebalance,rebalance,0.0
2010-01-05,2010-01-06,STX,buy,153.18907534253356,9.522233217016925,1458.7021017107813,3.6467552542769535,rebalance,rebalance,0.0
2010-01-05,2010-01-06,SWKS,buy,579.4754459901754,11.707540885619746,6784.232476142716,16.96058119035679,rebalance,rebalance,0.0
2010-01-05,2010-01-06,TER,buy,676.0920431814573,10.034480577849202,6784.232476142716,16.96058119035679,rebalance,rebalance,0.0
2010-01-05,2010-01-06,WDC,buy,40.99868299217505,28.111814406509517,1152.5473671873433,2.8813684179683583,rebalance,rebalance,0.0
2010-02-03,2010-02-04,AAPL,sell,560.1917402299434,5.884120218095248,3296.2355446969714,8.24058886174243,rebalance,rebalance,117.19340987039186
2010-02-03,2010-02-04,AMD,sell,317.41494456748995,7.639999866485596,2425.050134116156,6.062625335290391,rebalance,rebalance,-661.2706934004922
2010-02-03,2010-02-04,AMZN,sell,514.2203076030473,5.932000160217285,3050.3549470882585,7.6258873677206465,rebalance,rebalance,-487.06109271384025
2010-02-03,2010-02-04,CHKP,sell,200.42046623220318,32.459999084472656,6505.648150406898,16.264120376017246,rebalance,rebalance,-210.26773727759905
2010-02-03,2010-02-04,CRM,sell,185.47150636262302,15.934328119665743,2955.3638392307075,7.388409598076769,rebalance,rebalance,-20.683273669539066
2010-02-03,2010-02-04,CTSH,sell,177.47961570341087,19.48381438595625,3457.9798896561038,8.64494972414026,rebalance,rebalance,298.3395984773227
2010-02-03,2010-02-04,FFIV,sell,71.29505560711603,49.93000030517578,3559.7621482208274,8.899405370552069,rebalance,rebalance,375.3338112546726
2010-02-03,2010-02-04,GOOGL,sell,217.07847270993238,13.320324813433443,2891.5557665003466,7.228889416250866,rebalance,rebalance,-323.8355054836633
2010-02-03,2010-02-04,MRVL,sell,187.6195456254831,16.044732719329843,3010.3054624829874,7.525763656207468,rebalance,rebalance,497.6724801545032
2010-02-03,2010-02-04,MU,sell,298.144110565844,8.88350086960086,2648.5634654780506,6.621408663695127,rebalance,rebalance,568.0959662618691
2010-02-03,2010-02-04,NTAP,sell,146.74429258286483,22.49782221844321,3301.4270061005077,8.25356751525127,rebalance,rebalance,348.7888525659673
2010-02-03,2010-02-04,STX,sell,400.41745193186085,9.387903249945873,3759.080298326162,9.397700745815404,rebalance,rebalance,702.4101395164693
2010-02-03,2010-02-04,SWKS,sell,579.4754459901754,10.666696487741156,6181.088704475645,15.452721761189112,rebalance,rebalance,-635.5570746186173
2010-02-03,2010-02-04,TER,sell,342.9285225065097,8.792820805803569,3015.309047598716,7.53827261899679,rebalance,rebalance,-441.9415976990805
2010-02-03,2010-02-04,WDC,sell,119.72066578622254,24.088940527239515,2883.9439980058332,7.209859995014583,rebalance,rebalance,358.0344486594633
2010-02-03,2010-02-04,AKAM,buy,114.52099863419487,25.579999923706055,2929.447136325446,7.323617840813616,rebalance,rebalance,0.0
2010-02-03,2010-02-04,MSFT,buy,138.99648869041317,21.075691651824403,2929.447136325446,7.323617840813616,rebalance,rebalance,0.0
2010-03-04,2010-03-05,AAPL,sell,497.85643864253666,6.428777521222013,3200.6082815407863,8.001520703851966,rebalance,rebalance,374.6359627164026
2010-03-04,2010-03-05,GOOGL,sell,219.92310077687608,13.92432842967074,3062.281484488799,7.655703711221998,rebalance,rebalance,-195.57683103465328
2010-03-04,2010-03-05,MSFT,sell,138.99648869041317,21.383157314666995,2972.1837838534366,7.430459459633592,rebalance,rebalance,27.98257022754382
2010-03-04,2010-03-05,AKAM,buy,12.407467851723624,28.450000762939453,352.9924698476838,0.8824811746192096,rebalance,rebalance,0.0
2010-03-04,2010-03-05,AMD,buy,38.91712270817277,8.550000190734863,332.74140657772926,0.8318535164443231,rebalance,rebalance,0.0
2010-03-04,2010-03-05,AMZN,buy,65.4611394170289,6.456500053405762,422.6498501420491,1.0566246253551228,rebalance,rebalance,0.0
2010-03-04,2010-03-05,CRM,buy,22.536390234507223,17.497286571687162,394.32567822454496,0.9858141955613624,rebalance,rebalance,0.0
2010-03-04,2010-03-05,CTSH,buy,15.525722740490949,21.769628112550663,337.9892102390589,0.8449730255976472,rebalance,rebalance,0.0
2010-03-04,2010-03-05,FFIV,buy,0.3630047028261387,61.16999816894531,22.204997007193445,0.05551249251798361,rebalance,rebalance,0.0
2010-03-04,2010-03-05,GLW,buy,301.2647869633809,11.986515267056589,3611.114968363116,9.02778742090779,rebalance,rebalance,0.0
2010-03-04,2010-03-05,IT,buy,149.21962208750327,24.200000762939453,3611.114968363116,9.02778742090779,rebalance,rebalance,0.0
2010-03-04,2010-03-05,MRVL,buy,33.32255426287281,16.725671223315363,557.3420869218965,1.3933552173047412,rebalance,rebalance,0.0
2010-03-04,2010-03-05,MU,buy,57.59993356057231,9.322311333422261,536.9645134360925,1.3424112835902313,rebalance,rebalance,0.0
2010-03-04,2010-03-05,NTAP,buy,26.57600589893528,23.032088271598884,612.1009137708099,1.530252284427025,rebalance,rebalance,0.0
2010-03-04,2010-03-05,STX,buy,40.23346833503763,10.250743461261928,412.4229624592758,1.0310574061481896,rebalance,rebalance,0.0
2010-03-04,2010-03-05,SWKS,buy,295.9791320309827,12.200572870066763,3611.114968363116,9.02778742090779,rebalance,rebalance,0.0
2010-03-04,2010-03-05,TER,buy,35.839033892993484,9.786151677435704,350.72622164959324,0.8768155541239832,rebalance,rebalance,0.0
2010-03-04,2010-03-05,WDC,buy,29.434176737089203,23.907732826613383,703.7044334016475,1.759261083504119,rebalance,rebalance,0.0
2010-04-01,2010-04-05,GLW,sell,301.2647869633809,13.875910722149872,4180.323287631374,10.450808219078436,rebalance,rebalance,549.7297236282718
2010-04-01,2010-04-05,MU,sell,387.3626227668005,10.11217049245632,3917.0768838229287,9.792692209557321,rebalance,rebalance,1075.1970459042852
2010-04-01,2010-04-05,TER,sell,369.00255456794105,10.36559430776851,3824.930779181489,9.562326947953723,rebalance,rebalance,112.28473037554421
2010-04-01,2010-04-05,WDC,sell,151.04380639319047,23.76275669230967,3589.2172212017126,8.973043053004282,rebalance,rebalance,316.34051487911614
2010-04-01,2010-04-05,ADSK,buy,234.34055837168412,29.200000762939453,6842.744483240834,17.106861208102085,rebalance,rebalance,0.0
2010-04-01,2010-04-05,AKAM,buy,90.71607444939032,31.440000534057617,2852.1134291364424,7.1302835728411065,rebalance,rebalance,0.0
2010-04-01,2010-04-05,AMD,buy,300.2180563366032,9.470000267028809,2843.065073674502,7.107662684186255,rebalance,rebalance,0.0
2010-04-01,2010-04-05,AMZN,buy,470.8468170294134,6.642499923706055,3127.599946195117,7.818999865487792,rebalance,rebalance,0.0
2010-04-01,2010-04-05,CHKP,buy,194.17548687070732,35.2400016784668,6842.744483240834,17.106861208102085,rebalance,rebalance,0.0
2010-04-01,2010-04-05,CRM,buy,160.4280496306949,18.654764727503352,2992.7475215528443,7.481868803882111,rebalance,rebalance,0.0
2010-04-01,2010-04-05,CTSH,buy,141.4999792243788,22.261619454727015,3150.0186903448994,7.875046725862249,rebalance,rebalance,0.0
2010-04-01,2010-04-05,FFIV,buy,50.100592839609895,62.70000076293945,3141.307209267259,7.853268023168148,rebalance,rebalance,0.0
2010-04-01,2010-04-05,INTU,buy,226.4979389752837,30.21106732449137,6842.744483240834,17.106861208102085,rebalance,rebalance,0.0
2010-04-01,2010-04-05,IT,buy,154.90235494542267,22.5,3485.30298627201,8.713257465680025,rebalance,rebalance,0.0
2010-04-01,2010-04-05,MRVL,buy,176.05913137680528,17.45768760548076,3073.5853156685625,7.683963289171406,rebalance,rebalance,0.0
2010-04-01,2010-04-05,NTAP,buy,115.55907490915328,25.12524952307411,2903.4505917480888,7.258626479370222,rebalance,rebalance,0.0
2010-04-01,2010-04-05,ORCL,buy,334.65123933429925,20.447390234838743,6842.744483240834,17.106861208102085,rebalance,rebalance,0.0
2010-04-01,2010-04-05,STX,buy,370.6432921618744,9.465402758380083,3508.288040004081,8.770720100010202,rebalance,rebalance,0.0
2010-04-01,2010-04-05,SWKS,buy,263.4399967113315,12.231874334767006,3222.3649345244403,8.055912336311101,rebalance,rebalance,0.0
2010-04-30,2010-05-03,ADSK,sell,234.34055837168412,34.06999969482422,7983.982752208215,19.959956880520537,rebalance,rebalance,1104.1714508787593
2010-04-30,2010-05-03,AKAM,sell,115.85060588366083,39.33000183105469,4556.404541533176,11.391011353832939,rebalance,rebalance,1271.4721304308928
2010-04-30,2010-05-03,AMD,sell,286.4535158741148,9.180000305175781,2629.6433631430496,6.574108407857624,rebalance,rebalance,-114.19946502884358
2010-04-30,2010-05-03,AMZN,sell,1030.1459633925078,6.860000133514404,7066.801446411929,17.667003616029824,rebalance,rebalance,100.13019368624995
2010-04-30,2010-05-03,CHKP,sell,194.17548687070732,35.779998779296875,6947.598683203284,17.36899670800821,rebalance,rebalance,70.3783420463411
2010-04-30,2010-05-03,CRM,sell,177.55208510208482,21.15402533648592,3755.9413067954065,9.389853266988517,rebalance,rebalance,678.5973419348637
2010-04-30,2010-05-03,CTSH,sell,127.95844626654315,22.31386223538471,2855.247141845521,7.138117854613803,rebalance,rebalance,281.2220046580305
2010-04-30,2010-05-03,FFIV,sell,49.67299008797991,67.33000183105469,3344.4825135776487,8.361206283944123,rebalance,rebalance,703.210796030214
2010-04-30,2010-05-03,INTU,sell,226.4979389752837,32.14352971448583,7280.44323172183,18.201108079304575,rebalance,rebalance,402.39077919358937
2010-04-30,2010-05-03,IT,sell,138.75412063596718,24.209999084472656,3359.237133563574,8.398092833908935,rebalance,rebalance,105.03982005638763
2010-04-30,2010-05-03,MRVL,sell,166.80416342771264,17.781132932677732,2965.9670036322595,7.414917509080649,rebalance,rebalance,372.05874544441883
2010-04-30,2010-05-03,NTAP,sell,272.3453343998318,25.432634176339842,6926.459259423866,17.316148148559666,rebalance,rebalance,772.16916646966
2010-04-30,2010-05-03,ORCL,sell,334.65123933429925,20.920250710727423,7000.987827529187,17.502469568822967,rebalance,rebalance,123.63401351142872
2010-04-30,2010-05-03,STX,sell,304.9732651101471,9.579067403144743,2921.35946264723,7.303398656618075,rebalance,rebalance,254.1103334761549
2010-04-30,2010-05-03,SWKS,sell,266.25133812007607,13.65619205122832,3635.9794072642867,9.089948518160718,rebalance,rebalance,366.4150981687305
2010-04-30,2010-05-03,AAPL,buy,507.3341663894208,7.891358235271145,4003.555651971577,10.008889129928942,rebalance,rebalance,0.0
2010-04-30,2010-05-03,CIEN,buy,214.8983270167166,18.6299991607666,4003.555651971577,10.008889129928942,rebalance,rebalance,0.0
2010-04-30,2010-05-03,GLW,buy,303.6409151607071,13.185165279365027,4003.555651971577,10.008889129928942,rebalance,rebalance,0.0
2010-04-30,2010-05-03,MU,buy,435.8421779645175,9.185792138496316,4003.555651971577,10.008889129928942,rebalance,rebalance,0.0
2010-04-30,2010-05-03,ON,buy,500.4444564964471,8.0,4003.555651971577,10.008889129928942,rebalance,rebalance,0.0
2010-04-30,2010-05-03,TER,buy,349.34748136841915,11.460095937401244,4003.555651971577,10.008889129928942,rebalance,rebalance,0.0
2010-05-28,2010-06-01,AAPL,sell,507.3341663894208,7.767233124196545,3940.5827422165503,9.851456855541375,market_trend_exit,risk_exit,-82.8332557404966
2010-05-28,2010-06-01,AKAM,sell,101.79393505164798,39.13999938964844,3984.2145557914146,9.960536389478536,market_trend_exit,risk_exit,1097.9060012525406
2010-05-28,2010-06-01,AMD,sell,436.1171589193009,8.430000305175781,3676.467782782101,9.191169456955253,market_trend_exit,risk_exit,-500.1355185153953
2010-05-28,2010-06-01,CIEN,sell,214.8983270167166,15.289999961853027,3285.795411887876,8.21448852971969,market_trend_exit,risk_exit,-735.9836177433496
2010-05-28,2010-06-01,CRM,sell,189.25739136117735,20.719049172818075,3921.233197931508,9.80308299482877,market_trend_exit,risk_exit,641.2179310462149
2010-05-28,2010-06-01,CTSH,sell,179.42011157632982,21.247151966002374,3812.1663764193813,9.530415941048453,market_trend_exit,risk_exit,203.41161187074815
2010-05-28,2010-06-01,FFIV,sell,59.46168933750144,70.0199966430664,4163.507287802909,10.408768219507271,market_trend_exit,risk_exit,1001.3392516814637
2010-05-28,2010-06-01,GLW,sell,303.6409151607071,11.594075849762675,3520.4358014645913,8.801089503661478,market_trend_exit,risk_exit,-501.92982914057603
2010-05-28,2010-06-01,IT,sell,165.36785639695876,24.459999084472656,4044.897616070817,10.112244040177043,market_trend_exit,risk_exit,166.42559318220407
2010-05-28,2010-06-01,MRVL,sell,225.1575120173552,16.053239202676817,3614.507398694183,9.036268496735458,market_trend_exit,risk_exit,114.14097710407952
2010-05-28,2010-06-01,MU,sell,435.8421779645175,8.717726978272626,3799.553113110373,9.498882782775933,market_trend_exit,risk_exit,-223.51031077390866
2010-05-28,2010-06-01,ON,sell,500.4444564964471,7.28000020980835,3643.2357482915604,9.108089370728901,market_trend_exit,risk_exit,-379.4368821806741
2010-05-28,2010-06-01,STX,sell,417.9483746671661,7.858558385665644,3284.4717045159846,8.211179261289962,market_trend_exit,risk_exit,-369.04259457735213
2010-05-28,2010-06-01,SWKS,sell,293.16779062223816,12.388394812329901,3631.8783364867536,9.079695841216884,market_trend_exit,risk_exit,32.70939857815658
2010-05-28,2010-06-01,TER,sell,349.34748136841915,10.006890723882053,3495.882070717192,8.739705176792981,market_trend_exit,risk_exit,-526.4221755611065
2010-07-27,2010-07-28,AAPL,buy,366.32512580636507,7.886269171216666,2888.9385462888035,7.222346365722009,rebalance,rebalance,0.0
2010-07-27,2010-07-28,ADI,buy,134.5510760096615,21.470943465969473,2888.9385462888035,7.222346365722009,rebalance,rebalance,0.0
2010-07-27,2010-07-28,ADSK,buy,99.24213279684687,29.110000610351562,2888.9385462888035,7.222346365722009,rebalance,rebalance,0.0
2010-07-27,2010-07-28,AKAM,buy,65.13954105262357,44.349998474121094,2888.9385462888035,7.222346365722009,rebalance,rebalance,0.0
2010-07-27,2010-07-28,CIEN,buy,215.43166138412127,13.40999984741211,2888.9385462888035,7.222346365722009,rebalance,rebalance,0.0
2010-07-27,2010-07-28,CRM,buy,119.2985129819525,24.21604824802672,2888.9385462888035,7.222346365722009,rebalance,rebalance,0.0
2010-07-27,2010-07-28,CTSH,buy,121.70307563049676,23.737596862875698,2888.9385462888035,7.222346365722009,rebalance,rebalance,0.0
2010-07-27,2010-07-28,FFIV,buy,33.68631616519436,85.76000213623047,2888.9385462888035,7.222346365722009,rebalance,rebalance,0.0
2010-07-27,2010-07-28,INTU,buy,83.51491799048672,34.591886285727846,2888.9385462888035,7.222346365722009,rebalance,rebalance,0.0
2010-07-27,2010-07-28,IT,buy,114.77705751021092,25.170000076293945,2888.9385462888035,7.222346365722009,rebalance,rebalance,0.0
2010-07-27,2010-07-28,LSCC,buy,505.05920493958774,5.71999979019165,2888.9385462888035,7.222346365722009,rebalance,rebalance,0.0
2010-07-27,2010-07-28,MCHP,buy,278.7377499241771,10.364360575755024,2888.938546288804,7.22234636572201,rebalance,rebalance,0.0
2010-07-27,2010-07-28,NTAP,buy,90.43102052900606,31.94632250514265,2888.9385462888035,7.222346365722009,rebalance,rebalance,0.0
2010-07-27,2010-07-28,SWKS,buy,196.35697844856634,14.712685890333818,2888.9385462888035,7.222346365722009,rebalance,rebalance,0.0
2010-07-27,2010-07-28,VRSN,buy,120.44156891523595,23.986224791890358,2888.9385462888035,7.222346365722009,rebalance,rebalance,0.0
2010-08-24,2010-08-25,AAPL,sell,366.32512580636507,7.119690904340076,2608.1216662348115,6.520304165587029,market_trend_exit,risk_exit,-294.559530585301
2010-08-24,2010-08-25,ADI,sell,134.5510760096615,20.316223081548195,2733.5696760746305,6.833924190186576,market_trend_exit,risk_exit,-169.42514077008155
2010-08-24,2010-08-25,ADSK,sell,99.24213279684687,27.209999084472656,2700.378342543317,6.7509458563582925,market_trend_exit,risk_exit,-202.53349596756615
2010-08-24,2010-08-25,AKAM,sell,65.13954105262357,45.029998779296875,2933.233454083598,7.333083635208996,market_trend_exit,risk_exit,29.73947779386339
2010-08-24,2010-08-25,CIEN,sell,215.43166138412127,12.050000190734863,2595.9515607689896,6.489878901922474,market_trend_exit,risk_exit,-306.69921078745807
2010-08-24,2010-08-25,CRM,sell,119.2985129819525,27.479588993473453,3278.2741042766115,8.19568526069153,market_trend_exit,risk_exit,373.9175263613947
2010-08-24,2010-08-25,CTSH,sell,121.70307563049676,25.048130903849582,3048.434569793789,7.6210864244844725,market_trend_exit,risk_exit,144.6525907147788
2010-08-24,2010-08-25,FFIV,sell,33.68631616519436,85.62999725341797,2884.5591607033625,7.2113979017584064,market_trend_exit,risk_exit,-18.81312985292095
2010-08-24,2010-08-25,INTU,sell,83.51491799048672,36.94407022302727,3085.380994910905,7.713452487277262,market_trend_exit,risk_exit,181.5066497691022
2010-08-24,2010-08-25,IT,sell,114.77705751021092,27.790000915527344,3189.654533290296,7.97413633322574,market_trend_exit,risk_exit,285.519504302545
2010-08-24,2010-08-25,LSCC,sell,505.05920493958774,4.239999771118164,2141.4509133449737,5.353627283362434,market_trend_exit,risk_exit,-760.063606592914
2010-08-24,2010-08-25,MCHP,sell,278.7377499241771,9.51688561415138,2652.715282374326,6.631788205935814,market_trend_exit,risk_exit,-250.07739848613542
2010-08-24,2010-08-25,NTAP,sell,90.43102052900606,28.733387242004724,2598.38953154961,6.495973828874026,market_trend_exit,risk_exit,-304.26733493378913
2010-08-24,2010-08-25,SWKS,sell,196.35697844856634,13.335329120924598,2618.4849328019304,6.546212332004826,market_trend_exit,risk_exit,-284.22217218459974
2010-08-24,2010-08-25,VRSN,sell,120.44156891523595,23.53585846030465,2834.6957187260214,7.086739296815054,market_trend_exit,risk_exit,-68.55191322531891
2010-09-22,2010-09-23,AAPL,buy,640.3631379710242,8.564026155089026,5484.086662338735,13.710216655846837,rebalance,rebalance,0.0
2010-09-22,2010-09-23,ADI,buy,269.84337524711725,20.32322141433532,5484.086662338735,13.710216655846837,rebalance,rebalance,0.0
2010-09-22,2010-09-23,AKAM,buy,107.82710571227472,50.86000061035156,5484.086662338735,13.710216655846837,rebalance,rebalance,0.0
2010-09-22,2010-09-23,CDNS,buy,725.4082941596469,7.559999942779541,5484.086662338735,13.710216655846837,rebalance,rebalance,0.0
2010-09-22,2010-09-23,CHKP,buy,161.15447719836934,34.029998779296875,5484.086662338735,13.710216655846837,rebalance,rebalance,0.0
2010-09-22,2010-09-23,CRM,buy,189.27781990725015,28.973741693696837,5484.086662338735,13.710216655846837,rebalance,rebalance,0.0
2010-09-22,2010-09-23,CTSH,buy,202.96050647405627,27.020462047574494,5484.086662338735,13.710216655846837,rebalance,rebalance,0.0
2010-09-22,2010-09-23,FFIV,buy,55.29985644444687,99.16999816894531,5484.086662338735,13.710216655846837,rebalance,rebalance,0.0
2010-09-22,2010-09-23,INTU,buy,137.65834480367445,39.83838880352679,5484.086662338735,13.710216655846837,rebalance,rebalance,0.0
2010-09-22,2010-09-23,IT,buy,195.0244131816406,28.1200008392334,5484.086662338735,13.710216655846837,rebalance,rebalance,0.0
2010-09-22,2010-09-23,MCHP,buy,561.6093625646348,9.764948784498904,5484.086662338735,13.710216655846837,rebalance,rebalance,0.0
2010-09-22,2010-09-23,NTAP,buy,155.52517800972447,35.26172888865514,5484.086662338735,13.710216655846837,rebalance,rebalance,0.0
2010-09-22,2010-09-23,SNPS,buy,225.58974836761243,24.309999465942383,5484.086662338735,13.710216655846837,rebalance,rebalance,0.0
2010-09-22,2010-09-23,SWKS,buy,354.9956736955331,15.448319708375477,5484.086662338735,13.710216655846837,rebalance,rebalance,0.0
2010-09-22,2010-09-23,VRSN,buy,207.6267079852413,26.413204329804042,5484.086662338735,13.710216655846837,rebalance,rebalance,0.0
2010-10-20,2010-10-21,AAPL,sell,70.6932598337603,9.34257325869384,660.4569588927842,1.6511423972319605,rebalance,rebalance,51.873342975212616
2010-10-20,2010-10-21,ADI,sell,269.84337524711725,22.179700299653927,5985.045190828114,14.962612977070284,rebalance,rebalance,472.285698856462
2010-10-20,2010-10-21,CDNS,sell,39.56004508872229,7.760000228881836,306.9859589430607,0.7674648973576518,rebalance,rebalance,6.396870592088764
2010-10-20,2010-10-21,CHKP,sell,161.15447719836934,40.02000045776367,6449.402251249406,16.123505628123514,rebalance,rebalance,935.4818666267008
2010-10-20,2010-10-21,CTSH,sell,19.968414006181547,29.08422160756984,580.7657781074856,1.451914445268714,rebalance,rebalance,38.40920142592277
2010-10-20,2010-10-21,INTU,sell,5.65754712738817,40.31932127274335,228.1084602448499,0.5702711506121247,rebalance,rebalance,1.5871580537338368
2010-10-20,2010-10-21,IT,sell,22.39442346580526,30.829999923706055,690.4200737422173,1.7260501843555431,rebalance,rebalance,57.388488888638214
2010-10-20,2010-10-21,MCHP,sell,561.6093625646348,10.358287317393264,5817.311137582572,14.54327784395643,rebalance,rebalance,304.9709807440342
2010-10-20,2010-10-21,NTAP,sell,16.53458800862643,38.291675499230095,633.1370785397844,1.582842696349461,rebalance,rebalance,47.058480798527036
2010-10-20,2010-10-21,SNPS,sell,13.21214728259821,25.059999465942383,331.0964038458632,0.827741009614658,rebalance,rebalance,8.278401218874237
2010-10-20,2010-10-21,SWKS,sell,40.14687549671862,16.90393166566205,678.6400399863737,1.6966000999659343,rebalance,rebalance,55.19116750083893
2010-10-20,2010-10-21,VRSN,sell,10.487047407152488,26.997015994457474,283.1189865855295,0.7077974664638238,rebalance,rebalance,4.722171822651692
2010-10-20,2010-10-21,AKAM,buy,7.44650877420726,46.16999816894531,343.8052964701844,0.8595132411754609,rebalance,rebalance,0.0
2010-10-20,2010-10-21,CRM,buy,17.353563841756227,25.756893619961414,446.97389779932405,1.1174347444983102,rebalance,rebalance,0.0
2010-10-20,2010-10-21,FFIV,buy,2.2372524179161672,92.5,206.94584865724548,0.5173646216431137,rebalance,rebalance,0.0
2010-10-20,2010-10-21,IBM,buy,69.57274341992373,76.49809836655736,5322.182569768581,13.305456424421452,rebalance,rebalance,0.0
2010-10-20,2010-10-21,ORCL,buy,229.19754813031003,23.22094024645787,5322.182569768581,13.305456424421452,rebalance,rebalance,0.0
2010-10-20,2010-10-21,QCOM,buy,179.35606649969608,29.673836372730662,5322.182569768581,13.305456424421452,rebalance,rebalance,0.0
2010-11-17,2010-11-18,IBM,sell,69.57274341992373,78.61321287461264,5469.33688874127,13.673342221853176,rebalance,rebalance,120.17552032641404
2010-11-17,2010-11-18,SNPS,sell,212.37760108501422,24.8700008392334,5281.8311172186795,13.204577793046699,rebalance,rebalance,92.81992204842606
2010-11-17,2010-11-18,VRSN,sell,197.1396605780888,28.94026264709603,5705.273555289254,14.263183888223134,rebalance,rebalance,470.90250970286286
2010-11-17,2010-11-18,AAPL,buy,196.6875525239617,9.12841782117455,1795.4461596629371,4.488615399157343,rebalance,rebalance,0.0
2010-11-17,2010-11-18,AKAM,buy,28.847331032488043,48.540000915527344,1400.24947472749,3.500623686818725,rebalance,rebalance,0.0
2010-11-17,2010-11-18,AMZN,buy,870.428155584201,8.036999702453613,6995.630827437471,17.48907706859368,rebalance,rebalance,0.0
2010-11-17,2010-11-18,CDNS,buy,166.23832765659654,8.210000038146973,1364.8166764021464,3.412041691005366,rebalance,rebalance,0.0
2010-11-17,2010-11-18,CHKP,buy,161.8984257269129,43.209999084472656,6995.6308274374705,17.489077068593677,rebalance,rebalance,0.0
2010-11-17,2010-11-18,CRM,buy,44.95177940543883,27.80643481751162,1249.9487239684959,3.1248718099212396,rebalance,rebalance,0.0
2010-11-17,2010-11-18,CTSH,buy,69.28315889222063,27.730151054143526,1921.2324615895052,4.803081153973763,rebalance,rebalance,0.0
2010-11-17,2010-11-18,FFIV,buy,1.7529238022241813,117.98999786376953,206.8274756797819,0.5170686891994548,rebalance,rebalance,0.0
2010-11-17,2010-11-18,GOOGL,buy,478.8186072119076,14.610190001119696,6995.630827437471,17.48907706859368,rebalance,rebalance,0.0
2010-11-17,2010-11-18,INTU,buy,33.56931949228638,42.25177192038209,1418.3632307105208,3.545908076776302,rebalance,rebalance,0.0
2010-11-17,2010-11-18,IT,buy,47.08203270602638,31.84000015258789,1499.091928544028,3.74772982136007,rebalance,rebalance,0.0
2010-11-17,2010-11-18,NTAP,buy,42.799321785515616,38.48195292403791,1647.0014861309621,4.1175037153274054,rebalance,rebalance,0.0
2010-11-17,2010-11-18,ORCL,buy,76.63262913178929,22.874233308383268,1752.9126377953564,4.382281594488391,rebalance,rebalance,0.0
2010-11-17,2010-11-18,QCOM,buy,36.97187187100934,32.33808300548572,1195.5994614328827,2.9889986535822066,rebalance,rebalance,0.0
2010-11-17,2010-11-18,SWKS,buy,69.46238287756609,18.20303746522304,1264.4263579440028,3.161065894860007,rebalance,rebalance,0.0
2010-12-16,2010-12-17,AAPL,sell,766.3574306612256,9.619830754320741,7372.228780277083,18.43057195069271,rebalance,rebalance,662.9990277900552
2010-12-16,2010-12-17,AKAM,sell,144.12094551897002,50.11000061035156,7221.900667920032,18.05475166980008,rebalance,rebalance,-42.36587087001734
2010-12-16,2010-12-17,AMZN,sell,196.35183714808397,8.920499801635742,1751.5565243302967,4.378891310825742,rebalance,rebalance,165.15277714226139
2010-12-16,2010-12-17,CDNS,sell,132.81649157937284,8.359999656677246,1110.3458240046332,2.775864560011583,rebalance,rebalance,84.0822076225446
2010-12-16,2010-12-17,CHKP,sell,29.945436805131237,45.56999969482422,1364.6135460712085,3.411533865178021,rebalance,rebalance,64.02485952984138
2010-12-16,2010-12-17,CRM,sell,74.27511635639124,33.9132812835358,2518.912913361647,6.297282283404118,rebalance,rebalance,387.2598672848511
2010-12-16,2010-12-17,CTSH,sell,252.27525136009535,30.930286756972123,7802.9458662549705,19.507364665637425,rebalance,rebalance,900.5107420875675
2010-12-16,2010-12-17,FFIV,sell,14.75186579137641,135.00999450683594,1991.6493194593102,4.979123298648275,rebalance,rebalance,515.5637359796186
2010-12-16,2010-12-17,GOOGL,sell,68.64259666504313,14.659798501818306,1006.2866357511175,2.515716589377794,rebalance,rebalance,-1.6176637333817991
2010-12-16,2010-12-17,INTU,sell,25.969939208583583,43.07371059813514,1118.621645721692,2.79655411430423,rebalance,rebalance,65.89885458094535
2010-12-16,2010-12-17,IT,sell,36.77627979049004,32.869998931884766,1208.8362774321029,3.022090693580257,rebalance,rebalance,139.6900099584266
2010-12-16,2010-12-17,NTAP,sell,28.591649972071195,39.25043008762085,1122.234558318507,2.8055863957962677,rebalance,rebalance,86.98663054797603
2010-12-16,2010-12-17,ORCL,sell,72.1896668886672,25.73653710688221,1857.9120406136494,4.644780101534123,rebalance,rebalance,179.05171141528854
2010-12-16,2010-12-17,QCOM,sell,35.67072855252786,33.28457065703946,1187.2848848946885,2.9682122122367214,rebalance,rebalance,106.90027219826747
2010-12-16,2010-12-17,SWKS,sell,109.01236810397205,21.842076251521608,2381.0564564858996,5.952641141214749,rebalance,rebalance,632.4225992459267
2010-12-16,2010-12-17,ADSK,buy,155.17671393281893,38.75,6013.0976648967335,15.032744162241833,rebalance,rebalance,0.0
2010-12-16,2010-12-17,TXN,buy,279.72971119808255,21.496099356563274,6013.097664896733,15.032744162241832,rebalance,rebalance,0.0
2010-12-16,2010-12-17,VRSN,buy,194.97968345918426,30.83961138010297,6013.0976648967335,15.032744162241833,rebalance,rebalance,0.0
2011-01-14,2011-01-18,GOOGL,sell,410.17601054686446,15.529464462871033,6369.813779309746,15.924534448274365,rebalance,rebalance,346.15792325052803
2011-01-14,2011-01-18,NTAP,sell,153.19826181454246,43.45870942234841,6657.798744207055,16.644496860517638,rebalance,rebalance,1109.1764749253114
2011-01-14,2011-01-18,TXN,sell,279.72971119808255,22.420382014647316,6271.646985907978,15.679117464769945,rebalance,rebalance,227.8374593842339
2011-01-14,2011-01-18,AAPL,buy,824.384223792157,9.85582445950358,8124.986196879614,20.312465492199035,rebalance,rebalance,0.0
2011-01-14,2011-01-18,ADSK,buy,40.79497869373816,41.459999084472656,1691.3597792934656,4.228399448233664,rebalance,rebalance,0.0
2011-01-14,2011-01-18,AMZN,buy,187.2601102742467,9.432999610900879,1766.4245473542248,4.416061368385562,rebalance,rebalance,0.0
2011-01-14,2011-01-18,CDNS,buy,201.9301958050977,8.819999694824219,1781.0242653767564,4.452560663441891,rebalance,rebalance,0.0
2011-01-14,2011-01-18,CHKP,buy,43.419035161185036,46.33000183105469,2011.6039785203307,5.029009946300826,rebalance,rebalance,0.0
2011-01-14,2011-01-18,CIEN,buy,319.881351137979,25.399999618530273,8124.986196879615,20.31246549219904,rebalance,rebalance,0.0
2011-01-14,2011-01-18,CRM,buy,50.502962378604025,35.665467732417724,1801.211775105608,4.50302943776402,rebalance,rebalance,0.0
2011-01-14,2011-01-18,FFIV,buy,11.721259105834335,144.4199981689453,1692.784218602328,4.23196054650582,rebalance,rebalance,0.0
2011-01-14,2011-01-18,INTU,buy,58.85989341104366,40.94015557260118,2409.73319323485,6.024332983087126,rebalance,rebalance,0.0
2011-01-14,2011-01-18,IT,buy,51.4839409418891,34.65999984741211,1784.4333851900503,4.461083462975126,rebalance,rebalance,0.0
2011-01-14,2011-01-18,ORCL,buy,88.20644871751807,25.244874830660084,2226.7607571307813,5.566901892826953,rebalance,rebalance,0.0
2011-01-14,2011-01-18,QCOM,buy,50.77103209842903,35.10801503563852,1782.4701582865325,4.456175395716332,rebalance,rebalance,0.0
2011-01-14,2011-01-18,SWKS,buy,43.76015901268073,25.465468487936214,1114.372950364499,2.7859323759112478,rebalance,rebalance,0.0
2011-01-14,2011-01-18,TER,buy,607.1407220595243,13.382377267198095,8124.986196879614,20.312465492199035,rebalance,rebalance,0.0
2011-01-14,2011-01-18,VRSN,buy,75.15765774918961,30.077242044861556,2260.535063647241,5.651337659118102,rebalance,rebalance,0.0
2011-02-14,2011-02-15,AAPL,sell,330.2895001512628,10.743239897654027,3548.379335801252,8.87094833950313,rebalance,rebalance,276.0948648179519
2011-02-14,2011-02-15,ADSK,sell,70.09599002460097,42.16999816894531,2955.9477709878315,7.389869427469579,rebalance,rebalance,185.9053274715414
2011-02-14,2011-02-15,AMZN,sell,298.8208375805144,9.43649959564209,2819.822712997955,7.0495567824948875,rebalance,rebalance,314.2274386577426
2011-02-14,2011-02-15,CDNS,sell,921.200280953246,10.0600004196167,9267.275212940676,23.16818803235169,rebalance,rebalance,1915.9139770560844
2011-02-14,2011-02-15,CHKP,sell,175.3720240829667,49.59000015258789,8696.698701033965,21.741746752584913,rebalance,rebalance,942.381213984875
2011-02-14,2011-02-15,CIEN,sell,129.76035780939324,27.920000076293945,3622.909199938189,9.057272999845473,rebalance,rebalance,309.69910548225613
2011-02-14,2011-02-15,CRM,sell,78.9375615440614,35.65564063068653,2814.569326677754,7.036423316694385,rebalance,rebalance,423.8166168293791
2011-02-14,2011-02-15,FFIV,sell,15.263300528060128,129.47999572753906,1976.29208716137,4.940730217903425,rebalance,rebalance,305.9595088220776
2011-02-14,2011-02-15,INTU,sell,198.46007137103274,44.105533816224536,8753.18738902542,21.882968472563547,rebalance,rebalance,671.718144619987
2011-02-14,2011-02-15,IT,sell,234.41968357326078,37.88999938964844,8882.161667512431,22.20540416878108,rebalance,rebalance,1767.8549687799755
2011-02-14,2011-02-15,ORCL,sell,123.38789916922047,26.746968116913823,3300.2522050921175,8.250630512730293,rebalance,rebalance,358.8439324195984
2011-02-14,2011-02-15,QCOM,sell,94.93256044341982,38.888982354228794,3691.8306679259117,9.22957666981478,rebalance,rebalance,711.260169770914
2011-02-14,2011-02-15,SWKS,sell,135.24222296710533,28.87755428489197,3905.464635342048,9.76366158835512,rebalance,rebalance,1556.693180405684
2011-02-14,2011-02-15,TER,sell,288.63509747045225,16.66588511611898,4810.359374922361,12.025898437305903,rebalance,rebalance,926.0531501637082
2011-02-14,2011-02-15,VRSN,sell,270.13734120837387,33.09041125646406,8938.955716312847,22.347389290782118,rebalance,rebalance,622.2915166567316
2011-02-14,2011-02-15,GEN,buy,814.6195542891842,6.516143787968572,5308.178148239194,13.270445370597987,rebalance,rebalance,0.0
2011-02-14,2011-02-15,MRVL,buy,316.4009772971695,16.77674384442137,5308.178148239194,13.270445370597987,rebalance,rebalance,0.0
2011-02-14,2011-02-15,NTAP,buy,122.14307028396107,43.45869262905065,5308.178148239194,13.270445370597987,rebalance,rebalance,0.0
2011-02-14,2011-02-15,ON,buy,455.6376242103995,11.649999618530273,5308.178148239194,13.270445370597987,rebalance,rebalance,0.0
2011-02-14,2011-02-15,TXN,buy,224.30151515423174,23.665369110811593,5308.178148239194,13.270445370597987,rebalance,rebalance,0.0
2011-03-15,2011-03-16,AAPL,sell,109.01668245391102,10.229092827242614,1115.1417645390868,2.787854411347717,rebalance,rebalance,35.21850149099027
2011-03-15,2011-03-16,ADSK,sell,125.87570260195612,38.88999938964844,4895.305997361642,12.238264993404105,rebalance,rebalance,-77.99828134361543
2011-03-15,2011-03-16,AMZN,sell,562.5155911298493,8.234999656677246,4632.315699829907,11.580789249574769,rebalance,rebalance,-82.65502921341508
2011-03-15,2011-03-16,CIEN,sell,30.582761500647422,24.690000534057617,755.0883977839416,1.8877209944598539,rebalance,rebalance,-25.54345898669022
2011-03-15,2011-03-16,CRM,sell,148.8734476325966,30.814398377250058,4587.445723145506,11.468614307863765,rebalance,rebalance,80.37254730252153
2011-03-15,2011-03-16,FFIV,sell,40.99612545098501,111.22000122070312,4559.589122702651,11.398972806756628,rebalance,rebalance,75.06764240704261
2011-03-15,2011-03-16,GEN,sell,814.6195542891842,6.16220035696651,5019.84890823271,12.549622270581775,rebalance,rebalance,-314.1493076476636
2011-03-15,2011-03-16,MRVL,sell,316.4009772971695,13.125184003946389,4152.821046053814,10.382052615134535,rebalance,rebalance,-1179.0096001711136
2011-03-15,2011-03-16,NTAP,sell,122.14307028396107,33.77601678090868,4125.506391582777,10.313765978956942,rebalance,rebalance,-1206.2559680059726
2011-03-15,2011-03-16,ON,sell,53.28838576476005,9.789999961853027,521.6932946042103,1.3042332365105258,rebalance,rebalance,-101.97263664842767
2011-03-15,2011-03-16,ORCL,sell,198.4590599217297,24.97030079238042,4955.582421218641,12.388956053046602,rebalance,rebalance,225.45605181575488
2011-03-15,2011-03-16,QCOM,sell,24.94206742151475,35.31036679107363,880.713549181374,2.201783872953435,rebalance,rebalance,97.83772418045713
2011-03-15,2011-03-16,SWKS,sell,24.535487288429152,24.729833165953128,606.7585072882166,1.5168962682205416,rebalance,rebalance,180.901529038459
2011-03-15,2011-03-16,TER,sell,65.39211329726436,15.562183974024368,1017.6440975822732,2.544110243955683,rebalance,rebalance,137.8103020688563
2011-03-15,2011-03-16,TXN,sell,48.398176216209094,22.39297475997464,1083.7791384383752,2.709447846095938,rebalance,rebalance,-67.15441561552858
2011-03-15,2011-03-16,ADI,buy,148.37064760146677,26.548371208938935,3938.999029034405,9.847497572586013,rebalance,rebalance,0.0
2011-03-15,2011-03-16,AMAT,buy,337.73061939839386,11.663138616365377,3938.999029034405,9.847497572586013,rebalance,rebalance,0.0
2011-03-15,2011-03-16,CACI,buy,67.58749333456879,58.279998779296875,3938.999029034405,9.847497572586013,rebalance,rebalance,0.0
2011-03-15,2011-03-16,CHKP,buy,80.9660617778006,48.650001525878906,3938.9990290344053,9.847497572586013,rebalance,rebalance,0.0
2011-03-15,2011-03-16,ENTG,buy,549.3789941847575,7.169911974664451,3938.999029034405,9.847497572586013,rebalance,rebalance,0.0
2011-03-15,2011-03-16,IT,buy,102.55139402974501,38.40999984741211,3938.999029034405,9.847497572586013,rebalance,rebalance,0.0
2011-03-15,2011-03-16,LSCC,buy,652.1521612437145,6.039999961853027,3938.9990290344053,9.847497572586013,rebalance,rebalance,0.0
2011-03-15,2011-03-16,MU,buy,391.03883491007616,10.073165827481617,3938.999029034405,9.847497572586013,rebalance,rebalance,0.0
2011-04-12,2011-04-13,AAPL,sell,385.0780411869831,10.020323968820545,3858.606725972392,9.64651681493098,rebalance,rebalance,44.210478066194995
2011-04-12,2011-04-13,ADI,sell,148.37064760146677,26.902820045694295,3991.5888324853845,9.978972081213461,rebalance,rebalance,32.76333379718027
2011-04-12,2011-04-13,QCOM,sell,111.55361405167203,35.55250279107452,3966.010174926519,9.915025437316299,rebalance,rebalance,464.523692624818
2011-04-12,2011-04-13,ADBE,buy,182.9435813805603,34.29999923706055,6274.964701778342,15.687411754445854,rebalance,rebalance,0.0
2011-04-12,2011-04-13,ADSK,buy,147.47273359086037,42.54999923706055,6274.964701778342,15.687411754445854,rebalance,rebalance,0.0
2011-04-12,2011-04-13,AMAT,buy,189.58295421799608,11.89987327415784,2256.013130134621,5.640032825336553,rebalance,rebalance,0.0
2011-04-12,2011-04-13,CACI,buy,36.42318976387466,60.33000183105469,2197.4111051474106,5.493527762868527,rebalance,rebalance,0.0
2011-04-12,2011-04-13,CDNS,buy,648.9105121272388,9.670000076293945,6274.964701778343,15.687411754445858,rebalance,rebalance,0.0
2011-04-12,2011-04-13,CHKP,buy,40.75973443263109,51.54999923706055,2101.1642789049233,5.252910697262308,rebalance,rebalance,0.0
2011-04-12,2011-04-13,CIEN,buy,81.89942715778835,25.989999771118164,2128.566093085628,5.32141523271407,rebalance,rebalance,0.0
2011-04-12,2011-04-13,ENTG,buy,278.34497742222607,7.5809870403968365,2110.129666597446,5.275324166493615,rebalance,rebalance,0.0
2011-04-12,2011-04-13,IT,buy,50.5712211940791,40.97999954223633,2072.4086213836936,5.181021553459234,rebalance,rebalance,0.0
2011-04-12,2011-04-13,LSCC,buy,398.93074031479637,5.96999979019165,2381.6164359803342,5.954041089950835,rebalance,rebalance,0.0
2011-04-12,2011-04-13,MU,buy,214.3192265335058,10.365707671943102,2221.5704507232726,5.553926126808181,rebalance,rebalance,0.0
2011-04-12,2011-04-13,ON,buy,251.97449481155172,9.59000015258789,2416.4354436910376,6.041088609227594,rebalance,rebalance,0.0
2011-04-12,2011-04-13,SWKS,buy,141.25117257605677,20.879492478995886,2949.2527954511274,7.373131988627819,rebalance,rebalance,0.0
2011-04-12,2011-04-13,TER,buy,149.15421884673583,15.598976083955842,2326.653092611348,5.81663273152837,rebalance,rebalance,0.0
2011-04-12,2011-04-13,TXN,buy,100.79585067879012,22.67792945280481,2285.8411908290504,5.7146029770726265,rebalance,rebalance,0.0
2011-05-11,2011-05-12,ADBE,sell,7.009789692073241,35.31999969482422,247.58576978480883,0.618964424462022,rebalance,rebalance,5.929934817554581
2011-05-11,2011-05-12,ADSK,sell,9.292139860169954,44.970001220703125,417.86754085478697,1.0446688521369674,rebalance,rebalance,20.453876681856396
2011-05-11,2011-05-12,CACI,sell,4.682336993265935,62.560001373291016,292.9270087289282,0.7323175218223205,rebalance,rebalance,15.25610019418534
2011-05-11,2011-05-12,CDNS,sell,59.907539956316555,10.550000190734863,632.024557965596,1.5800613949139901,rebalance,rebalance,49.690315832648075
2011-05-11,2011-05-12,CHKP,sell,9.051611317966263,55.150001525878906,499.19637799750217,1.2479909449937554,rebalance,rebalance,47.67494220144633
2011-05-11,2011-05-12,CIEN,sell,12.224035642099324,27.110000610351562,331.3936137182719,0.8284840342956798,rebalance,rebalance,16.845801422337004
2011-05-11,2011-05-12,ENTG,sell,93.25380719432121,8.460495428995129,788.9734095039477,1.9724335237598691,rebalance,rebalance,103.7846367447044
2011-05-11,2011-05-12,LSCC,sell,1051.082901558511,6.739999771118164,7084.298515930579,17.71074628982645,rebalance,rebalance,730.1707659634762
2011-05-11,2011-05-12,ON,sell,116.31668857061709,11.550000190734863,1343.4577751762752,3.358644437940688,rebalance,rebalance,74.12537298585923
2011-05-11,2011-05-12,SWKS,sell,300.53243430561156,22.2881483692897,6698.31148558728,16.7457787139682,rebalance,rebalance,970.1779576735754
2011-05-11,2011-05-12,TXN,sell,276.69918961681276,23.159422532832444,6408.193446828091,16.020483617070227,rebalance,rebalance,-72.60731799708657
2011-05-11,2011-05-12,AMAT,buy,0.8290940279775896,11.765725152376639,9.754892458661187,0.02438723114665297,rebalance,rebalance,0.0
2011-05-11,2011-05-12,CRM,buy,187.99960086237937,33.05316309312501,6213.9814687466305,15.534953671866576,rebalance,rebalance,0.0
2011-05-11,2011-05-12,CTSH,buy,186.5882811978637,33.303171179100694,6213.9814687466305,15.534953671866576,rebalance,rebalance,0.0
2011-05-11,2011-05-12,IT,buy,6.537758904991591,38.91999816894531,254.44956461127865,0.6361239115281966,rebalance,rebalance,0.0
2011-05-11,2011-05-12,MU,buy,7.96406318008701,10.131676682232024,80.68931321751018,0.20172328304377543,rebalance,rebalance,0.0
2011-05-11,2011-05-12,ORCL,buy,220.08107453824115,28.23496514538733,6213.9814687466305,15.534953671866576,rebalance,rebalance,0.0
2011-05-11,2011-05-12,TER,buy,16.848671751056372,14.82638579814747,249.80490756751067,0.6245122689187766,rebalance,rebalance,0.0
2011-06-09,2011-06-10,AMAT,sell,528.1426676443675,10.12058940787741,5345.115088009706,13.362787720024265,rebalance,rebalance,-888.5266689670746
2011-06-09,2011-06-10,CACI,sell,2.366299474315383,60.2599983215332,142.5932023504899,0.3564830058762247,rebalance,rebalance,2.2810426656417264
2011-06-09,2011-06-10,CDNS,sell,15.604247162496677,10.1899995803833,159.00727203803845,0.39751818009509615,rebalance,rebalance,7.339449927961288
2011-06-09,2011-06-10,CHKP,sell,4.870998822707648,54.20000076293945,264.0081399070317,0.6600203497675793,rebalance,rebalance,21.03972354685831
2011-06-09,2011-06-10,CRM,sell,187.99960086237937,34.88644745930747,6558.638197856173,16.396595494640433,rebalance,rebalance,312.7251799430366
2011-06-09,2011-06-10,CTSH,sell,186.5882811978637,31.962165782996774,5963.76557681054,14.90941394202635,rebalance,rebalance,-280.6602595499832
2011-06-09,2011-06-10,ENTG,sell,34.36385455116533,8.345779326548408,286.79314689363207,0.7169828672340802,rebalance,rebalance,34.31221341851868
2011-06-09,2011-06-10,ADBE,buy,5.354847784535906,32.22999954223633,172.58674164433745,0.4314668541108436,rebalance,rebalance,0.0
2011-06-09,2011-06-10,ADSK,buy,15.702276413709768,37.970001220703125,596.2154545963778,1.4905386364909443,rebalance,rebalance,0.0
2011-06-09,2011-06-10,CIEN,buy,81.2503969525616,18.81999969482422,1529.132445851556,3.8228311146288902,rebalance,rebalance,0.0
2011-06-09,2011-06-10,IBM,buy,64.0601965082664,91.21003502501273,5842.932767228177,14.607331918070443,rebalance,rebalance,0.0
2011-06-09,2011-06-10,IT,buy,0.5956026662173315,36.459999084472656,21.71567266499338,0.054289181662483456,rebalance,rebalance,0.0
2011-06-09,2011-06-10,MU,buy,82.60227801752103,8.395930283595357,693.5229675012679,1.7338074187531698,rebalance,rebalance,0.0
2011-06-09,2011-06-10,ON,buy,18.993231263418465,10.489999771118164,199.23899160605407,0.4980974790151352,rebalance,rebalance,0.0
2011-06-09,2011-06-10,ORCL,buy,9.778594858067038,25.419564826547255,248.56762590717673,0.6214190647679418,rebalance,rebalance,0.0
2011-06-09,2011-06-10,STX,buy,728.8723784611626,8.016400319029941,5842.932767228176,14.607331918070441,rebalance,rebalance,0.0
2011-06-09,2011-06-10,TER,buy,17.197766819271806,13.391572372078622,230.30513899841077,0.5757628474960269,rebalance,rebalance,0.0
2011-06-09,2011-06-10,VRSN,buy,175.07313867994156,33.37423896826276,5842.932767228176,14.607331918070441,rebalance,rebalance,0.0
2011-07-08,2011-07-11,ADBE,sell,181.28863947302295,31.18000030517578,5652.579834093758,14.131449585234396,rebalance,rebalance,-584.1850669799206
2011-07-08,2011-07-11,ADSK,sell,153.8828701444002,39.72999954223633,6113.766360395031,15.284415900987579,rebalance,rebalance,-393.5071669508179
2011-07-08,2011-07-11,CIEN,sell,310.46402029618895,17.299999237060547,5371.027314258819,13.427568285647048,rebalance,rebalance,-2057.9254161892695
2011-07-08,2011-07-11,MU,sell,695.92440264119,7.362285857551286,5123.5943874900595,12.80898596872515,rebalance,rebalance,-1841.3333133563133
2011-07-08,2011-07-11,ON,sell,557.0002759499926,10.319999694824219,5748.242677820929,14.370606694552324,rebalance,rebalance,-321.4546881001473
2011-07-08,2011-07-11,ORCL,sell,229.8596693963082,27.239480438265478,6261.257968066907,15.653144920167268,rebalance,rebalance,-233.1006442437015
2011-07-08,2011-07-11,CACI,buy,9.859960245361165,64.93000030517578,640.2072217403215,1.600518054350804,rebalance,rebalance,0.0
2011-07-08,2011-07-11,CDNS,buy,90.96461003473712,10.4399995803833,949.6704905923862,2.3741762264809654,rebalance,rebalance,0.0
2011-07-08,2011-07-11,CHKP,buy,10.963128276982872,58.400001525878906,640.2467081042059,1.600616770260515,rebalance,rebalance,0.0
2011-07-08,2011-07-11,ENTG,buy,26.146904059545022,9.550323229036673,249.71138520726612,0.6242784630181654,rebalance,rebalance,0.0
2011-07-08,2011-07-11,FTNT,buy,1256.0581573897823,5.521999835968018,6935.952939072668,17.339882347681673,rebalance,rebalance,0.0
2011-07-08,2011-07-11,GEN,buy,1003.8970939888708,6.909027808331877,6935.952939072668,17.339882347681673,rebalance,rebalance,0.0
2011-07-08,2011-07-11,IBM,buy,7.492214054822568,96.9352798108335,726.2598658068852,1.8156496645172129,rebalance,rebalance,0.0
2011-07-08,2011-07-11,INTC,buy,447.6350883052531,15.494658752807323,6935.952939072668,17.339882347681673,rebalance,rebalance,0.0
2011-07-08,2011-07-11,INTU,buy,155.07524981841237,44.726369599239234,6935.952939072668,17.339882347681673,rebalance,rebalance,0.0
2011-07-08,2011-07-11,IT,buy,9.90970585192764,40.7599983215332,403.91959389145836,1.009798984728646,rebalance,rebalance,0.0
2011-07-08,2011-07-11,MCHP,buy,536.5609827330353,12.926681518554688,6935.952939072668,17.339882347681673,rebalance,rebalance,0.0
2011-07-08,2011-07-11,QCOM,buy,174.92098776012332,39.65191957745081,6935.9529390726675,17.33988234768167,rebalance,rebalance,0.0
2011-07-08,2011-07-11,STX,buy,69.31283522895035,8.689653504111991,602.3045215271854,1.5057613038179636,rebalance,rebalance,0.0
2011-07-08,2011-07-11,TER,buy,77.73635602240677,13.492745567565485,1048.8768731600214,2.622192182900054,rebalance,rebalance,0.0
2011-07-08,2011-07-11,VRSN,buy,31.95830903882748,33.50192937110911,1070.665012238876,2.67666253059719,rebalance,rebalance,0.0
2011-08-05,2011-08-08,CACI,sell,106.8220068762233,50.34000015258789,5377.419842448826,13.443549606122065,market_trend_exit,risk_exit,-1012.6883387773461
2011-08-05,2011-08-08,CDNS,sell,664.3633350431627,8.789999961853027,5839.75368968595,14.599384224214875,market_trend_exit,risk_exit,-685.5179902219031
2011-08-05,2011-08-08,CHKP,sell,118.76631434674066,50.25,5968.007295923718,14.920018239809295,market_trend_exit,risk_exit,-51.44192253826678
2011-08-05,2011-08-08,ENTG,sell,726.2532139210421,6.950034255822302,5047.4847151522845,12.618711787880711,market_trend_exit,risk_exit,-344.7408878334485
2011-08-05,2011-08-08,FTNT,sell,1256.0581573897823,3.700000047683716,4647.415242235715,11.618538105589288,market_trend_exit,risk_exit,-2317.496117290224
2011-08-05,2011-08-08,GEN,sell,1003.8970939888708,5.900279355827024,5923.273299037276,14.80818324759319,market_trend_exit,risk_exit,-1044.8277056306663
2011-08-05,2011-08-08,IBM,sell,71.55241056308897,93.9785507681765,6724.391848688665,16.810979621721664,market_trend_exit,risk_exit,121.96525444929495
2011-08-05,2011-08-08,INTC,sell,447.6350883052531,13.864868398345253,6206.40158983399,15.516003974584976,market_trend_exit,risk_exit,-762.4072355609451
2011-08-05,2011-08-08,INTU,sell,155.07524981841237,37.22388276524686,5772.502919031952,14.43125729757988,market_trend_exit,risk_exit,-1195.2211596859775
2011-08-05,2011-08-08,IT,sell,170.16568264696068,34.5,5870.716051320143,14.67679012830036,market_trend_exit,risk_exit,-852.1819515979506
2011-08-05,2011-08-08,MCHP,sell,536.5609827330353,10.498617400584637,5633.148469795838,14.082871174489595,market_trend_exit,risk_exit,-1334.227222799002
2011-08-05,2011-08-08,QCOM,sell,174.92098776012332,33.25819475457912,5817.556277589532,14.54389069397383,market_trend_exit,risk_exit,-1150.2804345247903
2011-08-05,2011-08-08,STX,sell,798.185213690113,6.164205191116213,4920.177437700798,12.300443594251995,market_trend_exit,risk_exit,-1553.4733878707032
2011-08-05,2011-08-08,TER,sell,514.0505247312784,10.595529823845483,5446.63766575368,13.616594164384201,market_trend_exit,risk_exit,-1827.9866915598425
2011-08-05,2011-08-08,VRSN,sell,207.03144771876904,27.61871152884935,5717.941831944738,14.294854579861845,market_trend_exit,risk_exit,-1227.2347965508418
2011-12-28,2011-12-29,AAPL,buy,316.87202153841156,12.065542141303485,3823.2327292717305,9.558081823179327,rebalance,rebalance,0.0
2011-12-28,2011-12-29,AMZN,buy,450.79975867787226,8.480999946594238,3823.23272927173,9.558081823179325,rebalance,rebalance,0.0
2011-12-28,2011-12-29,CDNS,buy,375.1945914337239,10.1899995803833,3823.23272927173,9.558081823179325,rebalance,rebalance,0.0
2011-12-28,2011-12-29,CHKP,buy,72.08206378730448,53.040000915527344,3823.23272927173,9.558081823179325,rebalance,rebalance,0.0
2011-12-28,2011-12-29,CSCO,buy,324.86317323393877,11.768747719885639,3823.23272927173,9.558081823179325,rebalance,rebalance,0.0
2011-12-28,2011-12-29,FFIV,buy,35.996918955163295,106.20999908447266,3823.23272927173,9.558081823179325,rebalance,rebalance,0.0
2011-12-28,2011-12-29,GOOGL,buy,240.2704457120333,15.91220558958764,3823.23272927173,9.558081823179325,rebalance,rebalance,0.0
2011-12-28,2011-12-29,IBM,buy,37.16432702762089,102.87372421489742,3823.23272927173,9.558081823179325,rebalance,rebalance,0.0
2011-12-28,2011-12-29,INTC,buy,227.09478556809023,16.835405179857833,3823.23272927173,9.558081823179325,rebalance,rebalance,0.0
2011-12-28,2011-12-29,INTU,buy,82.811000457097,46.168174616517085,3823.23272927173,9.558081823179325,rebalance,rebalance,0.0
2011-12-28,2011-12-29,MSFT,buy,189.31473926210234,20.19511393657809,3823.23272927173,9.558081823179325,rebalance,rebalance,0.0
2011-12-28,2011-12-29,QCOM,buy,103.1148264050782,37.07742972142989,3823.23272927173,9.558081823179325,rebalance,rebalance,0.0
2011-12-28,2011-12-29,SNPS,buy,141.4440485442031,27.030000686645508,3823.2327292717305,9.558081823179327,rebalance,rebalance,0.0
2011-12-28,2011-12-29,STX,buy,455.9770416716676,8.384704447520628,3823.23272927173,9.558081823179325,rebalance,rebalance,0.0
2011-12-28,2011-12-29,VRSN,buy,108.88463002248982,35.112694312154545,3823.23272927173,9.558081823179325,rebalance,rebalance,0.0
2012-01-27,2012-01-30,AMZN,sell,450.79975867787226,9.684000015258789,4365.544869915173,10.913862174787933,rebalance,rebalance,521.8401966454763
2012-01-27,2012-01-30,CHKP,sell,72.08206378730448,55.63999938964844,4010.6459851302207,10.026614962825551,rebalance,rebalance,167.82855907248612
2012-01-27,2012-01-30,MSFT,sell,189.31473926210234,22.54537432694366,4268.171662271835,10.670429155679587,rebalance,rebalance,424.710422021246
2012-01-27,2012-01-30,QCOM,sell,103.1148264050782,38.97011547629353,4018.3966923238586,10.045991730809646,rebalance,rebalance,175.55988949813994
2012-01-27,2012-01-30,AAPL,buy,211.2993814887052,13.331023540988467,2816.8370288222313,7.042092572055578,rebalance,rebalance,0.0
2012-01-27,2012-01-30,ADBE,buy,229.42539214418449,30.690000534057617,7041.0654074314,17.6026635185785,rebalance,rebalance,0.0
2012-01-27,2012-01-30,ADI,buy,249.79312406452652,28.187586963412784,7041.0654074314,17.6026635185785,rebalance,rebalance,0.0
2012-01-27,2012-01-30,AKAM,buy,224.02371425595888,31.43000030517578,7041.0654074314,17.6026635185785,rebalance,rebalance,0.0
2012-01-27,2012-01-30,CDNS,buy,292.204961185711,10.550000190734863,3082.7623962429243,7.706905990607311,rebalance,rebalance,0.0
2012-01-27,2012-01-30,CSCO,buy,233.01507008550692,12.621150747045046,2940.9183258824496,7.352295814706125,rebalance,rebalance,0.0
2012-01-27,2012-01-30,FFIV,buy,23.171697914008135,119.0,2757.432051766968,6.89358012941742,rebalance,rebalance,0.0
2012-01-27,2012-01-30,GOOGL,buy,250.78718375029186,14.338572470894892,3595.9302089751936,8.989825522437984,rebalance,rebalance,0.0
2012-01-27,2012-01-30,IBM,buy,29.356831564900496,105.84700501928702,3107.3326980003867,7.768331745000967,rebalance,rebalance,0.0
2012-01-27,2012-01-30,INTC,buy,157.2159241749033,18.32128334945463,2880.397493854778,7.2009937346369455,rebalance,rebalance,0.0
2012-01-27,2012-01-30,INTU,buy,58.17257227158417,49.94245266419605,2905.280937028116,7.26320234257029,rebalance,rebalance,0.0
2012-01-27,2012-01-30,MCHP,buy,548.3579487998893,12.840272349185689,7041.065407431401,17.602663518578503,rebalance,rebalance,0.0
2012-01-27,2012-01-30,SNPS,buy,101.93878357321321,28.93000030517578,2949.089039882306,7.3727225997057655,rebalance,rebalance,0.0
2012-01-27,2012-01-30,STX,buy,179.41167072860685,11.081508484519244,1988.1519514008296,4.970379878502074,rebalance,rebalance,0.0
2012-01-27,2012-01-30,VRSN,buy,90.58291444393028,35.299303584783175,3197.5137965507356,7.993784491376839,rebalance,rebalance,0.0
2012-02-27,2012-02-28,AAPL,sell,528.1714030271168,15.791094996371728,8340.404799568138,20.851011998920345,rebalance,rebalance,1662.8838550800217
2012-02-27,2012-02-28,ADBE,sell,69.068436235548,33.36000061035156,2304.1230749739093,5.760307687434773,rebalance,rebalance,173.35314646859337
2012-02-27,2012-02-28,ADI,sell,249.79312406452652,28.209324879719052,7046.495389456196,17.61623847364049,rebalance,rebalance,-29.78891996742262
2012-02-27,2012-02-28,AKAM,sell,80.02619266071122,37.150001525878906,2972.973179455701,7.432432948639253,rebalance,rebalance,444.0294286094819
2012-02-27,2012-02-28,CDNS,sell,667.3995526194349,11.869999885559082,7922.032613214875,19.80508153303719,rebalance,rebalance,978.9674183533956
2012-02-27,2012-02-28,CSCO,sell,150.00425541531303,13.11559036768873,1967.3943674373995,4.918485918593499,rebalance,rebalance,139.16034030129518
2012-02-27,2012-02-28,FFIV,sell,17.541440963396482,128.50999450683594,2254.250481848069,5.635626204620173,rebalance,rebalance,292.7988380194334
2012-02-27,2012-02-28,GOOGL,sell,491.05762946232517,15.131095907896286,7430.240087698639,18.5756002192466,rebalance,rebalance,-26.046358113148656
2012-02-27,2012-02-28,IBM,sell,66.52115859252139,110.94961885275951,7380.497191484216,18.451242978710543,rebalance,rebalance,414.15410766520876
2012-02-27,2012-02-28,INTC,sell,99.15987665224827,18.76027535674015,1860.266590336566,4.650666475841415,rebalance,rebalance,121.62059919679642
2012-02-27,2012-02-28,INTU,sell,36.1236034799127,51.01573255562498,1842.8720940766702,4.6071802351916755,rebalance,rebalance,109.93727698449796
2012-02-27,2012-02-28,MCHP,sell,548.3579487998893,12.97065430362937,7112.561388530658,17.781403471326648,rebalance,rebalance,36.11191410935312
2012-02-27,2012-02-28,SNPS,sell,243.3828321174163,30.75,7484.022087610551,18.71005521902638,rebalance,rebalance,676.0594588146049
2012-02-27,2012-02-28,STX,sell,266.45467914210366,14.499904223373123,3863.5673274301193,9.6589183185753,rebalance,rebalance,1410.771181827645
2012-02-27,2012-02-28,VRSN,sell,199.4675444664201,37.05739107524969,7391.746802111887,18.479367005279716,rebalance,rebalance,334.9690429695857
2012-02-27,2012-02-28,ADSK,buy,140.7024745549119,38.02000045776367,5349.508146986232,13.37377036746558,rebalance,rebalance,0.0
2012-02-27,2012-02-28,CIEN,buy,345.7988399901732,15.470000267028809,5349.508146986232,13.37377036746558,rebalance,rebalance,0.0
2012-02-27,2012-02-28,FTNT,buy,986.9941091668925,5.420000076293945,5349.508146986232,13.37377036746558,rebalance,rebalance,0.0
2012-02-27,2012-02-28,MU,buy,623.3980366898295,8.58120788347601,5349.508146986232,13.37377036746558,rebalance,rebalance,0.0
2012-02-27,2012-02-28,NXPI,buy,245.21674858871125,21.815427281268914,5349.508146986232,13.37377036746558,rebalance,rebalance,0.0
2012-02-27,2012-02-28,TER,buy,351.01141572487194,15.240268285688057,5349.508146986232,13.37377036746558,rebalance,rebalance,0.0
2012-02-27,2012-02-28,TXN,buy,238.70973181479607,22.41009659018288,5349.508146986232,13.37377036746558,rebalance,rebalance,0.0
2012-02-27,2012-02-28,WDC,buy,227.1423097796289,23.55135048233096,5349.508146986232,13.37377036746558,rebalance,rebalance,0.0
2012-03-26,2012-03-27,INTC,sell,285.15083309074527,19.67286202923868,5609.7329969166985,14.024332492291746,rebalance,rebalance,609.3146904040121
2012-03-26,2012-03-27,INTU,sell,104.85996924876846,51.860257810512735,5438.06503924357,13.595162598108926,rebalance,rebalance,407.4625630368458
2012-03-26,2012-03-27,MU,sell,623.3980366898295,8.122893904805712,5063.796112495664,12.65949028123916,rebalance,rebalance,-311.74529513927183
2012-03-26,2012-03-27,TXN,sell,238.70973181479607,22.970514133167498,5483.285268376397,13.708213170940992,rebalance,rebalance,106.69513785175836
2012-03-26,2012-03-27,AAPL,buy,329.75185736693624,18.130625634704092,5978.607478268262,14.946518695670655,rebalance,rebalance,0.0
2012-03-26,2012-03-27,ADBE,buy,13.794141073247573,34.33000183105469,473.55288830241585,1.1838822207560395,rebalance,rebalance,0.0
2012-03-26,2012-03-27,ADSK,buy,1.1724083321744274,42.13999938964844,49.40528640224911,0.12351321600562278,rebalance,rebalance,0.0
2012-03-26,2012-03-27,AKAM,buy,13.957768214234676,37.849998474121094,528.3015056109184,1.3207537640272962,rebalance,rebalance,0.0
2012-03-26,2012-03-27,CIEN,buy,27.39762114793416,16.020000457763672,438.9099033315409,1.0972747583288522,rebalance,rebalance,0.0
2012-03-26,2012-03-27,CSCO,buy,31.195615122161485,13.616536961476303,424.77624634690096,1.0619406158672524,rebalance,rebalance,0.0
2012-03-26,2012-03-27,FFIV,buy,2.6784960232314035,134.94000244140625,361.4362599141425,0.9035906497853563,rebalance,rebalance,0.0
2012-03-26,2012-03-27,FTNT,buy,116.47714113258212,5.418000221252441,631.0731764271818,1.5776829410679545,rebalance,rebalance,0.0
2012-03-26,2012-03-27,MSFT,buy,233.75349955003082,25.576547473201128,5978.607478268262,14.946518695670655,rebalance,rebalance,0.0
2012-03-26,2012-03-27,NXPI,buy,6.847872422681775,23.718550641020087,162.42160884062258,0.40605402210155644,rebalance,rebalance,0.0
2012-03-26,2012-03-27,SNPS,buy,195.763172856638,30.540000915527344,5978.607478268262,14.946518695670655,rebalance,rebalance,0.0
2012-03-26,2012-03-27,STX,buy,26.304528108079126,15.126579394484114,397.8975328612979,0.9947438321532448,rebalance,rebalance,0.0
2012-03-26,2012-03-27,TER,buy,27.570108609688702,15.792126910516735,435.3906541009341,1.0884766352523354,rebalance,rebalance,0.0
2012-03-26,2012-03-27,VRSN,buy,157.77918302767898,37.892245120951365,5978.607478268262,14.946518695670655,rebalance,rebalance,0.0
2012-03-26,2012-03-27,WDC,buy,4.384564696193536,25.822520568309177,113.22051205053985,0.2830512801263496,rebalance,rebalance,0.0
2012-04-24,2012-04-25,AAPL,sell,23.958054811305942,18.41356402324981,441.1531761405101,1.1028829403512752,rebalance,rebalance,4.589834173850788
2012-04-24,2012-04-25,ADBE,sell,174.15109698188405,32.63999938964844,5684.291699195302,14.210729247988255,rebalance,rebalance,261.68574929204345
2012-04-24,2012-04-25,AKAM,sell,9.894444634372007,38.029998779296875,376.28571736698797,0.9407142934174699,rebalance,rebalance,57.957947068492906
2012-04-24,2012-04-25,CIEN,sell,20.392341600970724,15.960000038146973,325.46177272939883,0.8136544318234971,rebalance,rebalance,7.564466577090158
2012-04-24,2012-04-25,CSCO,sell,439.06960302629415,12.793055034125302,5617.04159532693,14.042603988317326,rebalance,rebalance,219.41491280129114
2012-04-24,2012-04-25,FFIV,sell,0.8919950303237201,129.6999969482422,115.6917527108337,0.28922938177708424,rebalance,rebalance,14.665483005868763
2012-04-24,2012-04-25,FTNT,sell,74.83519169247415,5.473999977111816,409.64783761176193,1.0241195940294048,rebalance,rebalance,2.0187933106039884
2012-04-24,2012-04-25,MSFT,sell,233.75349955003082,25.004697184064085,5844.935471963781,14.612338679909454,rebalance,rebalance,-163.23086368006022
2012-04-24,2012-04-25,SNPS,sell,195.763172856638,29.219999313354492,5720.199776451059,14.300499441127647,rebalance,rebalance,-287.6547199540009
2012-04-24,2012-04-25,STX,sell,46.65041978761741,16.15302728248705,753.5455035688577,1.8838637589221443,rebalance,rebalance,305.30739736364546
2012-04-24,2012-04-25,TER,sell,5.058586128759146,15.07472014521558,76.25677022151358,0.19064192555378395,rebalance,rebalance,-1.4246246009201602
2012-04-24,2012-04-25,VRSN,sell,157.77918302767898,40.70125843143449,6421.811303510165,16.054528258775413,rebalance,rebalance,412.20277828745697
2012-04-24,2012-04-25,WDC,sell,8.087538698433775,25.200369226307572,203.8089613325821,0.5095224033314553,rebalance,rebalance,12.002080456937591
2012-04-24,2012-04-25,ADSK,buy,1.6203648300161433,39.2400016784668,63.58311864956203,0.15895779662390508,rebalance,rebalance,0.0
2012-04-24,2012-04-25,AMD,buy,758.8616850909107,7.420000076293945,5630.753761271109,14.076884403177774,rebalance,rebalance,0.0
2012-04-24,2012-04-25,MU,buy,869.6264644145384,6.474910771099775,5630.753761271109,14.076884403177774,rebalance,rebalance,0.0
2012-04-24,2012-04-25,NXPI,buy,8.889781214462147,21.577538885117985,191.81959983524837,0.4795489995881209,rebalance,rebalance,0.0
2012-04-24,2012-04-25,ON,buy,708.2709303601343,7.949999809265137,5630.753761271109,14.076884403177774,rebalance,rebalance,0.0
2012-04-24,2012-04-25,QCOM,buy,130.76601216253147,43.0597650578542,5630.753761271109,14.076884403177774,rebalance,rebalance,0.0
2012-04-24,2012-04-25,SWKS,buy,282.0472981158616,19.96386350404982,5630.753761271109,14.076884403177774,rebalance,rebalance,0.0
2012-05-22,2012-05-23,AAPL,sell,89.09051633729908,16.674619304705086,1485.550443584071,3.7138761089601777,rebalance,rebalance,-137.46839883723268
2012-05-22,2012-05-23,ADSK,sell,30.610368328075936,32.0099983215332,979.8378388032238,2.4495945970080597,rebalance,rebalance,-190.78322275291288
2012-05-22,2012-05-23,AKAM,sell,22.419510995270343,28.760000228881836,644.7851413553939,1.6119628533884847,rebalance,rebalance,-75.98417239603683
2012-05-22,2012-05-23,AMD,sell,154.6067037792103,5.980000019073486,924.5480915485665,2.311370228871416,rebalance,rebalance,-227.81298690219404
2012-05-22,2012-05-23,CIEN,sell,52.18476328450794,12.020000457763672,627.2608785680743,1.5681521964201859,rebalance,rebalance,-185.73617327139644
2012-05-22,2012-05-23,FFIV,sell,12.046967736418594,115.19999694824219,1387.8106464709942,3.4695266161774856,rebalance,rebalance,23.822469660862424
2012-05-22,2012-05-23,FTNT,sell,1028.6360586070005,4.599999904632568,4731.725771493823,11.829314428734559,rebalance,rebalance,-869.0313949497312
2012-05-22,2012-05-23,MU,sell,869.6264644145384,5.490022620797311,4774.268961279804,11.93567240319951,rebalance,rebalance,-882.4973567976825
2012-05-22,2012-05-23,NXPI,sell,63.87722220497383,18.335176093885423,1171.2001175164432,2.9280002937911083,rebalance,rebalance,-231.39966849975934
2012-05-22,2012-05-23,ON,sell,708.2709303601343,6.670000076293945,4724.16715953888,11.8104178988472,rebalance,rebalance,-932.473904034254
2012-05-22,2012-05-23,QCOM,sell,130.76601216253147,39.2818769990418,5136.734405423765,12.841836013559412,rebalance,rebalance,-520.9380762640817
2012-05-22,2012-05-23,STX,sell,91.32965002485383,14.045969009399416,1282.8134338883915,3.2070335847209788,rebalance,rebalance,405.75838488776355
2012-05-22,2012-05-23,SWKS,sell,96.9854734540163,19.525608841109683,1893.7004179329492,4.734251044832373,rebalance,rebalance,-52.07909890829086
2012-05-22,2012-05-23,TER,sell,111.43347846880692,13.787066459655762,1536.3407734800605,3.840851933700151,rebalance,rebalance,-174.51146951683057
2012-05-22,2012-05-23,WDC,sell,47.23399454522024,20.507010596280036,968.6280266434649,2.421570066608662,rebalance,rebalance,-151.03560228910356
2012-05-22,2012-05-23,ADBE,buy,113.98879220197699,31.700000762939453,3613.4447997692173,9.033611999423043,rebalance,rebalance,0.0
2012-05-22,2012-05-23,CRM,buy,100.00567756385902,36.13239655780381,3613.4447997692173,9.033611999423043,rebalance,rebalance,0.0
2012-05-22,2012-05-23,MSFT,buy,156.14002606060606,23.14233506254605,3613.4447997692178,9.033611999423044,rebalance,rebalance,0.0
2012-05-22,2012-05-23,VRSN,buy,93.80495220730548,38.520831946949215,3613.4447997692173,9.033611999423043,rebalance,rebalance,0.0
2012-06-20,2012-06-21,AAPL,sell,9.918572646507755,17.510292917154743,173.6771123604295,0.43419278090107377,rebalance,rebalance,-7.036582723630994
2012-06-20,2012-06-21,ADBE,sell,0.19680791036384448,31.81999969482422,6.262427647716524,0.01565606911929131,rebalance,rebalance,-0.007636357360872972
2012-06-20,2012-06-21,ADSK,sell,112.88487938902654,34.689998626708984,3915.97631098154,9.78994077745385,rebalance,rebalance,-401.7949562549238
2012-06-20,2012-06-21,AKAM,sell,125.64133417983999,31.68000030517578,3980.3175051600233,9.950793762900059,rebalance,rebalance,-59.86789412710091
2012-06-20,2012-06-21,AMD,sell,4.774695169162214,6.039999961853027,28.83915863959961,0.07209789659899903,rebalance,rebalance,-6.749748372762013
2012-06-20,2012-06-21,CIEN,sell,68.95839151039712,15.630000114440918,1077.8196671991686,2.6945491679979217,rebalance,rebalance,2.880496753996227
2012-06-20,2012-06-21,MSFT,sell,7.815922104170994,24.411817154790107,190.80086130310465,0.47700215325776163,rebalance,rebalance,8.992974271968095
2012-06-20,2012-06-21,NXPI,sell,5.129817950549608,18.863822176966657,96.76797361937935,0.2419199340484484,rebalance,rebalance,-15.878042852191554
2012-06-20,2012-06-21,SWKS,sell,20.466716608130525,21.998593689983316,450.2389828302969,1.1255974570757423,rebalance,rebalance,39.497161790581906
2012-06-20,2012-06-21,VRSN,sell,93.80495220730548,42.89150160033813,4023.435257719285,10.058588144298213,rebalance,rebalance,390.8982578063466
2012-06-20,2012-06-21,AMZN,buy,323.5222283372371,11.192000389099121,3620.860905432572,9.05215226358143,rebalance,rebalance,0.0
2012-06-20,2012-06-21,CRM,buy,8.860998976351198,33.25958888893974,294.7131830987567,0.7367829577468917,rebalance,rebalance,0.0
2012-06-20,2012-06-21,FFIV,buy,4.540282477243132,100.83999633789062,457.84206837818635,1.1446051709454659,rebalance,rebalance,0.0
2012-06-20,2012-06-21,INTC,buy,187.57791026274074,19.303237254113906,3620.8609054325725,9.052152263581432,rebalance,rebalance,0.0
2012-06-20,2012-06-21,IT,buy,84.3433701302823,42.93000030517578,3620.860905432573,9.052152263581432,rebalance,rebalance,0.0
2012-06-20,2012-06-21,STX,buy,20.225296404201913,13.048909747407945,263.91806739300523,0.6597951684825131,rebalance,rebalance,0.0
2012-06-20,2012-06-21,TER,buy,2.8355109247598307,13.667495730538525,38.75433345805033,0.09688583364512583,rebalance,rebalance,0.0
2012-06-20,2012-06-21,WDC,buy,20.3339469997199,18.423089541061497,374.6141262990385,0.9365353157475963,rebalance,rebalance,0.0
2012-07-19,2012-07-20,AAPL,sell,14.351900267429158,18.335502607087566,263.1493047701081,0.6578732619252702,rebalance,rebalance,1.6319782855767593
2012-07-19,2012-07-20,ADBE,sell,3.289249674978066,31.93000030517578,105.02574312584899,0.2625643578146225,rebalance,rebalance,0.23328851871557083
2012-07-19,2012-07-20,AMD,sell,599.4802861425381,4.619999885559082,2769.598853373452,6.92399713343363,rebalance,rebalance,-1696.5892720966167
2012-07-19,2012-07-20,AMZN,sell,10.391907080077374,11.267999649047852,117.09600533124973,0.2927400133281243,rebalance,rebalance,0.20627166400447072
2012-07-19,2012-07-20,CRM,sell,4.841344777931596,33.91820329008898,164.20971637529456,0.4105242909382364,rebalance,rebalance,-10.432654566054358
2012-07-19,2012-07-20,FFIV,sell,35.90699163950717,101.51000213623047,3644.918798031982,9.112296995079955,rebalance,rebalance,-365.56475792629493
2012-07-19,2012-07-20,IT,sell,6.57496737300805,45.369998931884766,298.30626269055244,0.7457656567263812,rebalance,rebalance,14.591487325745286
2012-07-19,2012-07-20,MSFT,sell,3.9759806344461026,24.443354501820753,97.18630414014028,0.2429657603503507,rebalance,rebalance,4.699828645132432
2012-07-19,2012-07-20,NXPI,sell,17.226671297644486,20.194244507780283,347.8796122397934,0.8696990305994835,rebalance,rebalance,-30.45931517797288
2012-07-19,2012-07-20,STX,sell,38.34259045480621,14.754263953140406,565.7167002173727,1.4142917505434318,rebalance,rebalance,187.61884933131677
2012-07-19,2012-07-20,SWKS,sell,6.621778169520468,22.335114114632194,147.89817105801993,0.3697454276450498,rebalance,rebalance,15.001659411145393
2012-07-19,2012-07-20,TER,sell,264.9249706617544,12.591386498392852,3335.772698677537,8.339431746693842,rebalance,rebalance,-726.2768564906653
2012-07-19,2012-07-20,WDC,sell,196.53928823188832,19.655314690456915,3863.0415592361805,9.657603898090452,rebalance,rebalance,-690.0127696227856
2012-07-19,2012-07-20,CDNS,buy,302.862872580681,11.649999618530273,3528.352350031917,8.820880875079792,rebalance,rebalance,0.0
2012-07-19,2012-07-20,CIEN,buy,3.562525259896205,15.0,53.437878898443074,0.1335946972461077,rebalance,rebalance,0.0
2012-07-19,2012-07-20,IBM,buy,32.26591935688299,109.35229556009058,3528.3523500319166,8.820880875079792,rebalance,rebalance,0.0
2012-07-19,2012-07-20,INTC,buy,6.795074640150574,18.152483236261872,123.34747849448146,0.30836869623620367,rebalance,rebalance,0.0
2012-07-19,2012-07-20,INTU,buy,66.96697316817084,52.68794725381033,3528.3523500319166,8.820880875079792,rebalance,rebalance,0.0
2012-07-19,2012-07-20,VRSN,buy,81.66385734740528,43.205800762288185,3528.3523500319166,8.820880875079792,rebalance,rebalance,0.0
2012-08-16,2012-08-17,CDNS,sell,302.862872580681,12.640000343322754,3828.1868133995235,9.57046703349881,rebalance,rebalance,281.4431154590287
2012-08-16,2012-08-17,CIEN,sell,235.22349000212776,17.43000030517578,4099.945502521599,10.249863756303998,rebalance,rebalance,433.99224236674934
2012-08-16,2012-08-17,NXPI,sell,174.72069077268725,22.846289843802026,3991.719543102119,9.979298857755298,rebalance,rebalance,153.27662584020757
2012-08-16,2012-08-17,AAPL,buy,85.76036599390454,19.224350331775444,1648.6873204481024,4.121718301120256,rebalance,rebalance,0.0
2012-08-16,2012-08-17,ADBE,buy,48.05294908695072,33.72999954223633,1620.8259507059533,4.0520648767648835,rebalance,rebalance,0.0
2012-08-16,2012-08-17,AMZN,buy,131.4318780322693,12.029999732971191,1581.125457632102,3.9528136440802553,rebalance,rebalance,0.0
2012-08-16,2012-08-17,CRM,buy,42.6118848484584,36.47152654934751,1554.1204895682895,3.885301223920724,rebalance,rebalance,0.0
2012-08-16,2012-08-17,GOOGL,buy,319.83089762884276,16.72159625098904,5348.083138740917,13.370207846852294,rebalance,rebalance,0.0
2012-08-16,2012-08-17,IBM,buy,14.740177577278729,113.77424392907197,1677.0525592351473,4.192631398087868,rebalance,rebalance,0.0
2012-08-16,2012-08-17,INTC,buy,89.994021889501,18.806974828290784,1692.5153043724952,4.231288260931238,rebalance,rebalance,0.0
2012-08-16,2012-08-17,INTU,buy,33.6765535464598,53.138868572293994,1789.5339528731486,4.473834882182872,rebalance,rebalance,0.0
2012-08-16,2012-08-17,IT,buy,32.77485934830605,48.380001068115234,1585.6477302783733,3.964119325695933,rebalance,rebalance,0.0
2012-08-16,2012-08-17,MSFT,buy,73.56931444208956,24.54178607097451,1805.5223764260174,4.513805941065043,rebalance,rebalance,0.0
2012-08-16,2012-08-17,ORCL,buy,203.9302213738126,26.225064155339968,5348.083138740917,13.370207846852294,rebalance,rebalance,0.0
2012-08-16,2012-08-17,SNPS,buy,171.41291692189873,31.200000762939453,5348.083138740917,13.370207846852294,rebalance,rebalance,0.0
2012-08-16,2012-08-17,STX,buy,42.217899924629535,19.008033461982592,802.4792544619905,2.0061981361549766,rebalance,rebalance,0.0
2012-08-16,2012-08-17,SWKS,buy,72.04439747018066,23.25074332423707,1675.085793528485,4.187714483821213,rebalance,rebalance,0.0
2012-08-16,2012-08-17,VRSN,buy,31.98992910550004,47.05591697076454,1505.3154478890538,3.7632886197226343,rebalance,rebalance,0.0
2012-09-14,2012-09-17,ADBE,sell,158.5556837035858,33.290000915527344,5278.3188556544355,13.19579713913609,rebalance,rebalance,128.55092934921717
2012-09-14,2012-09-17,CRM,sell,146.63721661073703,39.076460536279704,5730.063408039364,14.32515852009841,rebalance,rebalance,414.0359275523221
2012-09-14,2012-09-17,IBM,sell,47.00609693416172,116.30346767692104,5466.972075400495,13.667430188501237,rebalance,rebalance,234.88622367176234
2012-09-14,2012-09-17,INTC,sell,284.3670067923923,16.485308506467657,4687.877836033371,11.719694590083428,rebalance,rebalance,-774.1573560770107
2012-09-14,2012-09-17,MSFT,sell,217.91743776407853,24.756091800133216,5394.784094137345,13.486960235343362,rebalance,rebalance,222.3569343788149
2012-09-14,2012-09-17,AAPL,buy,69.38143868873397,21.007100571651772,1457.5028603401256,3.643757150850314,rebalance,rebalance,0.0
2012-09-14,2012-09-17,ADI,buy,237.47206513093766,30.746921547092764,7301.534956207043,18.25383739051761,rebalance,rebalance,0.0
2012-09-14,2012-09-17,AKAM,buy,187.4110659082905,38.959999084472656,7301.534956207043,18.25383739051761,rebalance,rebalance,0.0
2012-09-14,2012-09-17,AMZN,buy,114.40698396087089,13.0625,1494.4412279888759,3.7361030699721898,rebalance,rebalance,0.0
2012-09-14,2012-09-17,CDNS,buy,538.4612632934886,13.5600004196167,7301.534956207044,18.25383739051761,rebalance,rebalance,0.0
2012-09-14,2012-09-17,CIEN,buy,495.0193190648843,14.75,7301.534956207043,18.25383739051761,rebalance,rebalance,0.0
2012-09-14,2012-09-17,GOOGL,buy,95.86228632847974,17.564721381038236,1683.7943503090576,4.209485875772644,rebalance,rebalance,0.0
2012-09-14,2012-09-17,INTU,buy,36.761214872785985,53.138886415806994,1953.4500216320491,4.883625054080123,rebalance,rebalance,0.0
2012-09-14,2012-09-17,IT,buy,36.428052535219976,49.68000030517578,1809.7456610666877,4.5243641526667195,rebalance,rebalance,0.0
2012-09-14,2012-09-17,ORCL,buy,68.37835389028001,26.813459506832668,1833.4602231808972,4.583650557952243,rebalance,rebalance,0.0
2012-09-14,2012-09-17,SNPS,buy,46.60842050018152,33.4900016784668,1560.9160807817655,3.902290201954414,rebalance,rebalance,0.0
2012-09-14,2012-09-17,STX,buy,157.3731699063904,16.64234773651892,2619.0590179804235,6.547647544951059,rebalance,rebalance,0.0
2012-09-14,2012-09-17,SWKS,buy,84.44019451387845,23.219433979679238,1960.6535217462738,4.901633804365685,rebalance,rebalance,0.0
2012-09-14,2012-09-17,VRSN,buy,42.32732887440132,46.81037791585023,1981.3582607792052,4.953395651948013,rebalance,rebalance,0.0
2012-09-14,2012-09-17,WDC,buy,293.3961400684681,24.886267946480576,7301.534956207044,18.25383739051761,rebalance,rebalance,0.0
2012-10-12,2012-10-15,AKAM,sell,187.4110659082905,37.54999923706055,7037.285381873013,17.593213454682534,rebalance,rebalance,-300.09662517923
2012-10-12,2012-10-15,CIEN,sell,495.0193190648843,12.779999732971191,6326.346765464803,15.815866913662008,rebalance,rebalance,-1009.25789504642
2012-10-12,2012-10-15,GOOGL,sell,46.42424858582774,18.40387783223411,854.3861994268408,2.135965498567102,rebalance,rebalance,64.97306586726687
2012-10-12,2012-10-15,INTU,sell,137.40474158741662,53.1187599694365,7298.769487044433,18.246923717611082,rebalance,rebalance,-8.992102021635349
2012-10-12,2012-10-15,IT,sell,1.6649150833884505,46.77000045776367,77.86807921221548,0.1946701980305387,rebalance,rebalance,1.198949139560955
2012-10-12,2012-10-15,ORCL,sell,5.098414703884373,25.433091165277226,129.66844596228114,0.3241711149057029,rebalance,rebalance,-5.4514158615541515
2012-10-12,2012-10-15,SNPS,sell,7.1624956492084095,32.22999954223633,230.84723149525672,0.5771180787381418,rebalance,rebalance,2.7263710061171342
2012-10-12,2012-10-15,VRSN,sell,12.038325959264142,47.213065716266804,568.3662746285786,1.4209156865714465,rebalance,rebalance,24.18546742895927
2012-10-12,2012-10-15,AAPL,buy,10.210848497902589,18.994568003511365,193.9506561669626,0.4848766404174065,rebalance,rebalance,0.0
2012-10-12,2012-10-15,ADI,buy,1.606645372470723,28.425702813547908,45.67002388461476,0.1141750597115369,rebalance,rebalance,0.0
2012-10-12,2012-10-15,AMZN,buy,0.7162535639271255,12.142499923706055,8.697108845339312,0.02174277211334828,rebalance,rebalance,0.0
2012-10-12,2012-10-15,CDNS,buy,5.652467559505112,12.489999771118164,70.5993185244717,0.17649829631117925,rebalance,rebalance,0.0
2012-10-12,2012-10-15,GEN,buy,1074.4608828054086,6.325014230459366,6795.980373816142,16.989950934540353,rebalance,rebalance,0.0
2012-10-12,2012-10-15,LDOS,buy,486.931413878507,13.956750745828424,6795.980373816142,16.989950934540353,rebalance,rebalance,0.0
2012-10-12,2012-10-15,NXPI,buy,349.0171750925941,19.47176488381459,6795.980373816142,16.989950934540353,rebalance,rebalance,0.0
2012-10-12,2012-10-15,STX,buy,1.1797559806070126,15.448498821667654,18.225458876262802,0.04556364719065701,rebalance,rebalance,0.0
2012-10-12,2012-10-15,SWKS,buy,75.13220522117939,17.44392350131625,1310.6004403634465,3.2765011009086162,rebalance,rebalance,0.0
2012-10-12,2012-10-15,WDC,buy,17.160008196675278,21.883258186258608,375.5168898461591,0.9387922246153977,rebalance,rebalance,0.0
2012-11-13,2012-11-14,AAPL,sell,34.196029166943504,16.460590333291748,562.8868271423529,1.4072170678558822,rebalance,rebalance,-89.02073632237703
2012-11-13,2012-11-14,ADI,sell,239.0787105034084,30.034983167433047,7180.725045661469,17.951812614153674,rebalance,rebalance,-202.7997594945713
2012-11-13,2012-11-14,AMZN,sell,89.35667270120757,11.324999809265137,1011.964301297743,2.5299107532443577,rebalance,rebalance,-45.134379857069504
2012-11-13,2012-11-14,CDNS,sell,122.04770770137122,12.619999885559082,1540.242057224053,3.850605143060133,rebalance,rebalance,-121.35290938989084
2012-11-13,2012-11-14,GEN,sell,234.21367949848081,6.339173927516406,1484.7212505444534,3.7118031263611333,rebalance,rebalance,-4.098920517538322
2012-11-13,2012-11-14,GOOGL,sell,44.240528188987696,16.38771580011768,725.0012028082252,1.8125030070205632,rebalance,rebalance,-27.056243458513357
2012-11-13,2012-11-14,IT,sell,30.363086084539674,46.34000015258789,1407.0254137906077,3.517563534476519,rebalance,rebalance,8.841760910525714
2012-11-13,2012-11-14,LDOS,sell,486.931413878507,14.173827780786546,6901.682001368854,17.254205003422136,rebalance,rebalance,71.45747161475006
2012-11-13,2012-11-14,NXPI,sell,349.0171750925941,21.815426944412945,7613.958685577867,19.03489671394467,rebalance,rebalance,781.9534641132417
2012-11-13,2012-11-14,ORCL,sell,51.09984441694718,24.647010188726465,1259.4583859868344,3.148645964967086,rebalance,rebalance,-94.70606064522751
2012-11-13,2012-11-14,SNPS,sell,44.45854676602326,32.0099983215332,1423.11800735821,3.557795018395525,rebalance,rebalance,7.166458999549484
2012-11-13,2012-11-14,STX,sell,439.91202331480133,15.611712479018244,6867.780024053849,17.169450060134622,rebalance,rebalance,1052.8871959991689
2012-11-13,2012-11-14,SWKS,sell,389.5901270894328,16.39525032357134,6387.427657223223,15.968569143058058,rebalance,rebalance,-1748.8889070231464
2012-11-13,2012-11-14,VRSN,sell,16.39927752655423,41.7620080156772,684.8667595152727,1.712166898788182,rebalance,rebalance,-56.22313492836869
2012-11-13,2012-11-14,WDC,sell,310.5561482651434,21.15989600139972,6571.335799885706,16.428339499714266,rebalance,rebalance,-1141.337015282343
2012-11-13,2012-11-14,AKAM,buy,145.9307716129275,36.5,5326.473163871853,13.316182909679632,rebalance,rebalance,0.0
2012-11-13,2012-11-14,CACI,buy,104.46112940845883,50.9900016784668,5326.473163871853,13.316182909679632,rebalance,rebalance,0.0
2012-11-13,2012-11-14,CRM,buy,151.87788255717746,35.07076260341328,5326.473163871853,13.316182909679632,rebalance,rebalance,0.0
2012-11-13,2012-11-14,CSCO,buy,446.4668350127397,11.930277337889756,5326.473163871853,13.316182909679632,rebalance,rebalance,0.0
2012-11-13,2012-11-14,CTSH,buy,187.34652967452385,28.43112799113764,5326.473163871853,13.316182909679632,rebalance,rebalance,0.0
2012-11-13,2012-11-14,INTU,buy,101.03371077006236,52.719761783214224,5326.473163871853,13.316182909679632,rebalance,rebalance,0.0
2012-12-12,2012-12-13,AAPL,sell,323.5894373179919,16.02758324946547,5186.356645261803,12.96589161315451,rebalance,rebalance,-982.1497051015706
2012-12-12,2012-12-13,AMZN,sell,470.3287641130195,12.555500030517578,5905.212812174311,14.763032030435777,rebalance,rebalance,339.72803255072364
2012-12-12,2012-12-13,CACI,sell,104.46112940845883,54.09000015258789,5650.3025056430415,14.125756264107604,rebalance,rebalance,296.38740259740155
2012-12-12,2012-12-13,CSCO,sell,446.4668350127397,13.110543186641777,5853.422721837793,14.633556804594482,rebalance,rebalance,498.99981825166594
2012-12-12,2012-12-13,INTU,sell,101.03371077006236,53.52661946563286,5407.99298958994,13.519982473974851,rebalance,rebalance,54.68366033443297
2012-12-12,2012-12-13,ADI,buy,216.3347692672746,31.15481185687885,6739.869034623237,16.849672586558093,rebalance,rebalance,0.0
2012-12-12,2012-12-13,AKAM,buy,23.32761829859433,39.81999969482422,928.9057535310021,2.3222643838275054,rebalance,rebalance,0.0
2012-12-12,2012-12-13,CDNS,buy,93.60874287704519,13.069999694824219,1223.4662408358595,3.0586656020896488,rebalance,rebalance,0.0
2012-12-12,2012-12-13,CRM,buy,13.169302897051523,40.83601314420683,537.7818262040371,1.3444545655100928,rebalance,rebalance,0.0
2012-12-12,2012-12-13,CTSH,buy,28.342294763669884,31.248114278422275,885.6432656878858,2.2141081642197147,rebalance,rebalance,0.0
2012-12-12,2012-12-13,GEN,buy,171.55333666761953,6.661262539742056,1142.7618151117713,2.856904537779428,rebalance,rebalance,0.0
2012-12-12,2012-12-13,GOOGL,buy,54.501918321972596,17.758446642345277,967.8694084262107,2.4196735210655267,rebalance,rebalance,0.0
2012-12-12,2012-12-13,IT,buy,27.94134406905829,47.16999816894531,1317.9931485753505,3.294982871438376,rebalance,rebalance,0.0
2012-12-12,2012-12-13,NXPI,buy,306.47410073125116,21.991643073727346,6739.869034623236,16.84967258655809,rebalance,rebalance,0.0
2012-12-12,2012-12-13,ORCL,buy,40.23815838932501,26.291824232277573,1057.9345878026784,2.644836469506696,rebalance,rebalance,0.0
2012-12-12,2012-12-13,SNPS,buy,41.23584869986135,32.459999084472656,1338.5156110449525,3.3462890276123813,rebalance,rebalance,0.0
2012-12-12,2012-12-13,STX,buy,431.1361648486166,15.632808342556428,6739.869034623237,16.849672586558093,rebalance,rebalance,0.0
2012-12-12,2012-12-13,TER,buy,442.2406971261826,15.240273177979772,6739.869034623237,16.849672586558093,rebalance,rebalance,0.0
2012-12-12,2012-12-13,VRSN,buy,59.030742197015556,36.12432524174698,2132.4457303867075,5.331114325966769,rebalance,rebalance,0.0
2012-12-12,2012-12-13,WDC,buy,291.9447352918089,23.086112609246076,6739.869034623238,16.849672586558096,rebalance,rebalance,0.0
2013-01-11,2013-01-14,ADI,sell,29.265679534416478,31.9841381842404,936.0375382844729,2.3400938457111824,rebalance,rebalance,19.65128783091042
2013-01-11,2013-01-14,AKAM,sell,17.74551673587041,39.4900016784668,700.7704856847831,1.7519262142119578,rebalance,rebalance,41.54779152621665
2013-01-11,2013-01-14,CDNS,sell,85.22557320714702,13.899999618530273,1184.6354350683675,2.961588587670919,rebalance,rebalance,31.502810225006833
2013-01-11,2013-01-14,CRM,sell,24.264104876004893,42.49973499259592,1031.2180270627623,2.5780450676569058,rebalance,rebalance,164.36213956172202
2013-01-11,2013-01-14,CTSH,sell,39.66491327095471,33.991084372231484,1348.2534136102659,3.370633534025665,rebalance,rebalance,199.62609976611674
2013-01-11,2013-01-14,GEN,sell,161.90677200573566,7.0399899864136515,1139.8220536529373,2.849555134132343,rebalance,rebalance,101.09604010709499
2013-01-11,2013-01-14,GOOGL,sell,52.24333433355571,18.281336494951255,955.0779745699718,2.38769493642493,rebalance,rebalance,60.395301041421924
2013-01-11,2013-01-14,IT,sell,142.88465754193044,49.650001525878906,7094.223464981531,17.735558662453826,rebalance,rebalance,475.51440128102115
2013-01-11,2013-01-14,NXPI,sell,64.72114988980758,24.749412965552505,1601.8104662282708,4.004526165570677,rebalance,rebalance,170.92320129559928
2013-01-11,2013-01-14,ORCL,sell,256.34847453258607,28.679746503502372,7352.009266154102,18.380023165385257,rebalance,rebalance,559.3640897659366
2013-01-11,2013-01-14,SNPS,sell,207.63614370670993,31.84000015258789,6611.134847304405,16.527837118261015,rebalance,rebalance,-33.58911170724284
2013-01-11,2013-01-14,STX,sell,114.67996941771344,18.90701999962019,2168.2564753365396,5.420641188341349,rebalance,rebalance,365.58392655425826
2013-01-11,2013-01-14,TER,sell,60.69899325632997,15.681755245441636,951.866755890479,2.3796668897261974,rebalance,rebalance,22.10517704879511
2013-01-11,2013-01-14,VRSN,sell,186.57425403850382,37.34222923859991,6967.098564326586,17.417746410816466,rebalance,rebalance,-938.5220315859306
2013-01-11,2013-01-14,WDC,sell,69.60482633861358,26.91034481477336,1873.08987754451,4.682724693861275,rebalance,rebalance,257.4850317028981
2013-01-11,2013-01-14,ADBE,buy,157.49521852238237,37.9900016784668,5983.243616015801,14.958109040039503,rebalance,rebalance,0.0
2013-01-11,2013-01-14,CSCO,buy,434.52132399617824,13.76973530548394,5983.243616015801,14.958109040039503,rebalance,rebalance,0.0
2013-01-11,2013-01-14,NTAP,buy,249.39705438725997,23.99083513923589,5983.243616015801,14.958109040039503,rebalance,rebalance,0.0
2013-01-11,2013-01-14,QCOM,buy,134.55580307801787,44.46663376195384,5983.243616015801,14.958109040039503,rebalance,rebalance,0.0
2013-02-11,2013-02-12,ADI,sell,187.06908973285812,34.47951468243468,6450.051426073773,16.125128565184433,rebalance,rebalance,591.2537469066449
2013-02-11,2013-02-12,NTAP,sell,249.39705438725997,26.347478308420378,6570.9834806522695,16.427458701630673,rebalance,rebalance,556.354296894798
2013-02-11,2013-02-12,QCOM,sell,134.55580307801787,45.898371501827434,6175.8922374016,15.439730593504,rebalance,rebalance,162.25078175225462
2013-02-11,2013-02-12,STX,sell,316.45619543090316,19.791787177703558,6263.233671034201,15.658084177585502,rebalance,rebalance,1288.1087872407597
2013-02-11,2013-02-12,WDC,sell,222.33990895319533,29.657668057667475,6594.083215705876,16.48520803926469,rebalance,rebalance,1431.8014216045672
2013-02-11,2013-02-12,ADBE,buy,38.259265748823026,38.54999923706055,1474.8946654276244,3.687236663569061,rebalance,rebalance,0.0
2013-02-11,2013-02-12,AKAM,buy,61.901580700149026,35.36000061035156,2188.839931338996,5.47209982834749,rebalance,rebalance,0.0
2013-02-11,2013-02-12,AMZN,buy,582.3014033843324,12.959500312805176,7546.335219306148,18.86583804826537,rebalance,rebalance,0.0
2013-02-11,2013-02-12,CDNS,buy,101.732404985053,14.180000305175781,1442.5655337343176,3.606413834335794,rebalance,rebalance,0.0
2013-02-11,2013-02-12,CRM,buy,39.07731321371497,41.95662569290093,1639.5522035920906,4.098880508980226,rebalance,rebalance,0.0
2013-02-11,2013-02-12,CSCO,buy,98.81615998942846,14.149268419899403,1398.176371914147,3.4954409297853677,rebalance,rebalance,0.0
2013-02-11,2013-02-12,CTSH,buy,48.720132083630205,33.57746488027092,1635.8985240002535,4.089746310000634,rebalance,rebalance,0.0
2013-02-11,2013-02-12,GEN,buy,92.66016100906324,8.00626360710156,741.8616749150341,1.8546541872875852,rebalance,rebalance,0.0
2013-02-11,2013-02-12,GLW,buy,852.555060078286,8.851434438279218,7546.335219306149,18.865838048265374,rebalance,rebalance,0.0
2013-02-11,2013-02-12,GOOGL,buy,61.87254021906335,19.39136680618459,1199.7931226182661,2.9994828065456653,rebalance,rebalance,0.0
2013-02-11,2013-02-12,NXPI,buy,25.900678820722533,28.194406438019076,730.2542656920438,1.8256356642301095,rebalance,rebalance,0.0
2013-02-11,2013-02-12,ON,buy,882.6122866621305,8.550000190734863,7546.335219306149,18.865838048265374,rebalance,rebalance,0.0
2013-02-11,2013-02-12,ORCL,buy,262.67175793601336,28.72914575439218,7546.335219306149,18.865838048265374,rebalance,rebalance,0.0
2013-02-11,2013-02-12,TER,buy,96.31265479379653,15.792123860520949,1520.9813738392315,3.8024534345980787,rebalance,rebalance,0.0
2013-02-11,2013-02-12,TXN,buy,324.4156906042801,23.26131391872508,7546.335219306149,18.865838048265374,rebalance,rebalance,0.0
2013-03-12,2013-03-13,ADBE,sell,41.927899836061925,41.5,1740.0078431965699,4.350019607991425,rebalance,rebalance,134.2343048271187
2013-03-12,2013-03-13,AKAM,sell,213.41445387580043,34.88999938964844,7446.030165468832,18.61507541367208,rebalance,rebalance,-380.44353786419157
2013-03-12,2013-03-13,AMZN,sell,582.3014033843324,13.76200008392334,8013.6319622438605,20.03407990560965,rebalance,rebalance,428.39682498383837
2013-03-12,2013-03-13,CDNS,sell,532.1815978065737,14.039999961853027,7471.829612903178,18.679574032257946,rebalance,rebalance,197.80397217254784
2013-03-12,2013-03-13,CRM,sell,36.73650347163169,44.60333798761113,1638.570680828238,4.096426702070595,rebalance,rebalance,274.5180847755338
2013-03-12,2013-03-13,CSCO,sell,533.3374839856067,14.415607680233645,7688.3839302994,19.2209598257485,rebalance,rebalance,269.28943257387897
2013-03-12,2013-03-13,CTSH,sell,39.7322859589498,34.504851732129744,1370.9566359921434,3.427391589980359,rebalance,rebalance,179.0863673457997
2013-03-12,2013-03-13,GEN,sell,207.58686617706985,8.685835838317871,1803.0654418048891,4.507663604512223,rebalance,rebalance,437.191683624369
2013-03-12,2013-03-13,GLW,sell,852.555060078286,9.102467589421597,7760.354802559981,19.40088700639995,rebalance,rebalance,175.75285819916746
2013-03-12,2013-03-13,GOOGL,sell,78.30221122274622,20.53612007793148,1608.0236120378702,4.020059030094676,rebalance,rebalance,237.25009405151636
2013-03-12,2013-03-13,NXPI,sell,36.906293052334064,27.66577221583602,1021.0410969167657,2.5526027422919144,rebalance,rebalance,182.62146770530373
2013-03-12,2013-03-13,ON,sell,103.14908994244456,8.1899995803833,844.7910033455403,2.1119775083638506,rebalance,rebalance,-41.45052469155718
2013-03-12,2013-03-13,ORCL,sell,262.67175793601336,29.49492524311087,7747.483863799229,19.368709659498073,rebalance,rebalance,162.91409678531647
2013-03-12,2013-03-13,TER,sell,477.8543586636492,15.53458784001151,7423.270509392823,18.558176273482058,rebalance,rebalance,50.59171058767414
2013-03-12,2013-03-13,TXN,sell,62.529520437214046,24.376251903588532,1524.2353415881169,3.8105883539702923,rebalance,rebalance,62.26965214658178
2013-03-12,2013-03-13,ADI,buy,182.71946838494497,34.93772891572424,6383.803254058454,15.959508135146134,rebalance,rebalance,0.0
2013-03-12,2013-03-13,ADSK,buy,158.48568638337701,40.279998779296875,6383.803254058454,15.959508135146134,rebalance,rebalance,0.0
2013-03-12,2013-03-13,AMAT,buy,567.6357591771257,11.246302141557726,6383.803254058454,15.959508135146134,rebalance,rebalance,0.0
2013-03-12,2013-03-13,CIEN,buy,373.32181939458957,17.100000381469727,6383.803254058454,15.959508135146134,rebalance,rebalance,0.0
2013-03-12,2013-03-13,MU,buy,700.1678972991518,9.117532064357025,6383.803254058454,15.959508135146134,rebalance,rebalance,0.0
2013-03-12,2013-03-13,STX,buy,323.28445280951775,19.74670664976225,6383.803254058454,15.959508135146134,rebalance,rebalance,0.0
2013-03-12,2013-03-13,WDC,buy,208.66292393639634,30.59385507319132,6383.803254058454,15.959508135146134,rebalance,rebalance,0.0
2013-04-10,2013-04-11,ADBE,sell,23.411517561717318,45.040000915527344,1054.4547724136326,2.6361369310340814,rebalance,rebalance,157.62276638770436
2013-04-10,2013-04-11,ADI,sell,9.864691938315161,33.98167439816905,335.21874948606893,0.8380468737151724,rebalance,rebalance,-11.130854997576668
2013-04-10,2013-04-11,ADSK,sell,9.741840302949896,39.4900016784668,384.7052899148469,0.9617632247871173,rebalance,rebalance,-9.638792109644406
2013-04-10,2013-04-11,AMAT,sell,55.99136148670436,11.480424212387778,642.8045820965173,1.6070114552412933,rebalance,rebalance,9.927562623128402
2013-04-10,2013-04-11,CIEN,sell,12.738983221831575,16.290000915527344,207.5180483465238,0.5187951208663095,rebalance,rebalance,-11.381956272081002
2013-04-10,2013-04-11,CRM,sell,0.44204448831240484,41.16777924427799,18.197989910994902,0.045494974777487256,rebalance,rebalance,1.7883592075103598
2013-04-10,2013-04-11,CTSH,sell,185.01175729191942,33.30317216205168,6161.478405096513,15.403696012741282,rebalance,rebalance,612.1392755063663
2013-04-10,2013-04-11,GEN,sell,48.63725647367494,8.558414157781689,416.2577843999587,1.0406444609998968,rebalance,rebalance,96.25133484809487
2013-04-10,2013-04-11,GOOGL,sell,310.8573201672411,19.667449681101623,6113.770702391311,15.284426755978277,rebalance,rebalance,672.5179543597541
2013-04-10,2013-04-11,MU,sell,92.33137730146996,9.66360943794571,892.2543691090112,2.230635922772528,rebalance,rebalance,46.08485436110914
2013-04-10,2013-04-11,NXPI,sell,6.956364953146846,26.24723726741193,182.58536144395413,0.45646340360988535,rebalance,rebalance,24.578637433678704
2013-04-10,2013-04-11,ON,sell,88.41675773407712,8.5,751.5424407396556,1.878856101849139,rebalance,rebalance,-8.189619091437487
2013-04-10,2013-04-11,STX,sell,323.28445280951775,20.84562302613286,6739.065833476845,16.84766458369211,rebalance,rebalance,322.4554066995525
2013-04-10,2013-04-11,TXN,sell,22.61755514196213,24.54937406128835,555.246821531844,1.3881170538296101,rebalance,rebalance,26.42936912118064
2013-04-10,2013-04-11,WDC,sell,26.319896375117935,32.213432067775045,847.8541939107403,2.119635484776851,rebalance,rebalance,38.49439544608731
2013-04-10,2013-04-11,CSCO,buy,410.26410441520534,14.317349892821806,5873.894731377674,14.684736828444187,rebalance,rebalance,0.0
2013-04-10,2013-04-11,HPQ,buy,938.8635255835536,6.256388251664944,5873.894731377674,14.684736828444187,rebalance,rebalance,0.0
2013-04-10,2013-04-11,TER,buy,401.407776273783,14.633236022242238,5873.894731377674,14.684736828444187,rebalance,rebalance,0.0
2013-05-08,2013-05-09,ADBE,sell,6.9974520914969816,45.220001220703125,316.42479211930515,0.7910619802982629,rebalance,rebalance,48.36815293278294
2013-05-08,2013-05-09,ADI,sell,172.8547764466298,34.59143903841906,5979.29546195315,14.948238654882875,rebalance,rebalance,-89.9039812854023
2013-05-08,2013-05-09,ADSK,sell,9.045608670819888,39.95000076293945,361.37207330050626,0.9034301832512657,rebalance,rebalance,-4.799355866913829
2013-05-08,2013-05-09,AMAT,sell,62.484018076463826,12.425282692769546,776.3815883801855,1.9409539709504637,rebalance,rebalance,69.96970273700212
2013-05-08,2013-05-09,CIEN,sell,360.582836172758,15.029999732971191,5419.559931390548,13.548899828476369,rebalance,rebalance,-775.3705211337905
2013-05-08,2013-05-09,CRM,sell,142.68184583199496,41.629781697085654,5939.814094123181,14.849535235307954,rebalance,rebalance,642.9959947484459
2013-05-08,2013-05-09,CSCO,sell,8.985286218514943,13.90789754658706,124.9664401538665,0.3124161003846663,rebalance,rebalance,-4.313076340840396
2013-05-08,2013-05-09,GEN,sell,42.74695781095113,8.671680272341513,370.6879507518399,0.9267198768795997,rebalance,rebalance,89.4243286334634
2013-05-08,2013-05-09,HPQ,sell,48.9439967749596,6.271291403804521,306.94206624264035,0.7673551656066009,rebalance,rebalance,-0.8034669513813757
2013-05-08,2013-05-09,MU,sell,47.832545419419944,9.965901930067739,476.69445671545003,1.1917361417886252,rebalance,rebalance,38.29766707583291
2013-05-08,2013-05-09,NXPI,sell,223.7909716566852,25.401400181184865,5684.604027987661,14.211510069969151,rebalance,rebalance,601.8939351945593
2013-05-08,2013-05-09,TER,sell,401.407776273783,15.194286891507328,6099.104913185847,15.247762282964619,rebalance,rebalance,195.2776826967645
2013-05-08,2013-05-09,TXN,sell,23.145461239418125,25.822983763365485,597.6848697810995,1.4942121744527486,rebalance,rebalance,56.450833323648546
2013-05-08,2013-05-09,WDC,sell,25.9111041311524,35.67650751023314,924.4177011334914,2.3110442528337285,rebalance,rebalance,127.4042908943752
2013-05-08,2013-05-09,IT,buy,96.89140345381344,57.599998474121094,5580.944691095106,13.952361727737765,rebalance,rebalance,0.0
2013-05-08,2013-05-09,LDOS,buy,284.87052922751104,19.591162013947397,5580.944691095106,13.952361727737765,rebalance,rebalance,0.0
2013-05-08,2013-05-09,MRVL,buy,594.6481648897906,9.385288680962217,5580.944691095106,13.952361727737765,rebalance,rebalance,0.0
2013-05-08,2013-05-09,NTAP,buy,212.8852262839436,26.21574445777328,5580.944691095106,13.952361727737765,rebalance,rebalance,0.0
2013-05-08,2013-05-09,ON,buy,7.4447814107689965,7.989999771118164,59.48380176806904,0.1487095044201726,rebalance,rebalance,0.0
2013-05-08,2013-05-09,STX,buy,242.07368536448817,23.054735101388353,5580.944691095106,13.952361727737765,rebalance,rebalance,0.0
2013-06-06,2013-06-07,ADSK,sell,139.69823740960723,36.31999969482422,5073.8399400844155,12.68459985021104,rebalance,rebalance,-579.957104175521
2013-06-06,2013-06-07,CSCO,sell,401.2788181966904,16.525701034190586,6631.413780871822,16.578534452179557,rebalance,rebalance,855.2228786078472
2013-06-06,2013-06-07,IT,sell,96.89140345381344,57.5,5571.255698594273,13.928139246485683,rebalance,rebalance,-37.56949347505584
2013-06-06,2013-06-07,NTAP,sell,212.8852262839436,27.57703373722797,5870.743067389723,14.676857668474309,rebalance,rebalance,261.1691568984069
2013-06-06,2013-06-07,ON,sell,698.4912203963778,8.15999984741211,5699.688251853141,14.249220629632854,rebalance,rebalance,-297.41178314541776
2013-06-06,2013-06-07,ADBE,buy,58.756878467357566,43.86000061035156,2577.0767254406555,6.442691813601639,rebalance,rebalance,0.0
2013-06-06,2013-06-07,AKAM,buy,177.6778556418121,44.970001220703125,7990.173385104204,19.97543346276051,rebalance,rebalance,0.0
2013-06-06,2013-06-07,AMAT,buy,182.35978023973507,12.65228553741709,2307.2680101337587,5.768170025334397,rebalance,rebalance,0.0
2013-06-06,2013-06-07,GEN,buy,379.74202554090243,7.808051565702985,2965.045317087866,7.412613292719665,rebalance,rebalance,0.0
2013-06-06,2013-06-07,GOOGL,buy,370.07249422184026,21.59083290398364,7990.173385104204,19.97543346276051,rebalance,rebalance,0.0
2013-06-06,2013-06-07,HPQ,buy,211.8808044134338,7.251925003270148,1536.5437032387724,3.841359258096931,rebalance,rebalance,0.0
2013-06-06,2013-06-07,LDOS,buy,127.35473361114447,19.383026964632073,2468.5202356583477,6.171300589145869,rebalance,rebalance,0.0
2013-06-06,2013-06-07,MCHP,buy,586.2298529056907,13.629762021671757,7990.173385104204,19.97543346276051,rebalance,rebalance,0.0
2013-06-06,2013-06-07,MRVL,buy,254.33739484539933,9.41143614691921,2393.6801513612545,5.984200378403137,rebalance,rebalance,0.0
2013-06-06,2013-06-07,MSFT,buy,278.9720132541627,28.64148733738609,7990.1733851042045,19.975433462760513,rebalance,rebalance,0.0
2013-06-06,2013-06-07,MU,buy,92.3763936016012,12.247721995983316,1131.4003878239434,2.8285009695598586,rebalance,rebalance,0.0
2013-06-06,2013-06-07,STX,buy,74.3335229040853,25.252817180833524,1877.1308643041675,4.692827160760419,rebalance,rebalance,0.0
2013-06-06,2013-06-07,TXN,buy,102.06946116091663,25.111121408160514,2563.0786312773016,6.407696578193254,rebalance,rebalance,0.0
2013-06-06,2013-06-07,VRSN,buy,177.50812541943782,45.013000763903335,7990.173385104204,19.97543346276051,rebalance,rebalance,0.0
2013-06-06,2013-06-07,WDC,buy,46.31164712499924,39.41024301400327,1825.1532675749859,4.562883168937465,rebalance,rebalance,0.0
2013-07-05,2013-07-08,ADBE,sell,45.79683777575485,47.029998779296875,2153.8252246894076,5.384563061723519,rebalance,rebalance,313.9430544131572
2013-07-05,2013-07-08,AKAM,sell,177.6778556418121,43.27000045776367,7688.120894955678,19.220302237389195,rebalance,rebalance,-341.2482258486757
2013-07-05,2013-07-08,AMAT,sell,135.4797098909376,12.930076510746565,1751.7630145435714,4.379407536358928,rebalance,rebalance,164.78697496801462
2013-07-05,2013-07-08,GEN,sell,1023.3248740570814,8.220684447773992,8412.430877181328,21.031077192953322,rebalance,rebalance,1198.290124360944
2013-07-05,2013-07-08,GOOGL,sell,82.52041742296825,22.30497182230309,1840.615585383996,4.60153896345999,rebalance,rebalance,49.875291314882595
2013-07-05,2013-07-08,HPQ,sell,269.7316450601478,7.7083070925458905,2079.174352701208,5.19793588175302,rebalance,rebalance,330.4435487678332
2013-07-05,2013-07-08,LDOS,sell,83.73657123297107,19.52530219257199,1634.9818578935906,4.087454644733977,rebalance,rebalance,-8.30566677192404
2013-07-05,2013-07-08,MCHP,sell,586.2298529056907,14.38218637972078,8431.26700584594,21.07816751461485,rebalance,rebalance,400.0400197643623
2013-07-05,2013-07-08,MRVL,sell,240.46226412035764,10.540008930904177,2534.4744113740085,6.336186028435021,rebalance,rebalance,263.80014097350823
2013-07-05,2013-07-08,MSFT,sell,49.16929433065704,27.910204894392688,1372.3250792813387,3.430812698203347,rebalance,rebalance,-42.90815867898704
2013-07-05,2013-07-08,MU,sell,194.34598977014707,14.002968494880822,2721.4207718578,6.8035519296445,rebalance,rebalance,851.8758836794368
2013-07-05,2013-07-08,STX,sell,71.31147678796697,26.168717552517137,1866.1298943171896,4.665324735792974,rebalance,rebalance,176.37022320412675
2013-07-05,2013-07-08,TXN,sell,63.83459645219398,25.215800187500555,1609.6404291882552,4.024101072970638,rebalance,rebalance,79.05473776831242
2013-07-05,2013-07-08,VRSN,sell,177.50812541943782,44.76745722514622,7946.587411830572,19.86646852957643,rebalance,rebalance,-83.42787526596744
2013-07-05,2013-07-08,WDC,sell,42.03000987839772,39.90852385720519,1677.3556519506053,4.193389129876513,rebalance,rebalance,299.23253017838795
2013-07-05,2013-07-08,CSCO,buy,384.777365687522,16.668966374836767,6413.840970443574,16.034602426108936,rebalance,rebalance,0.0
2013-07-05,2013-07-08,GLW,buy,609.1640832817814,10.528921757648538,6413.8409704435735,16.034602426108933,rebalance,rebalance,0.0
2013-07-05,2013-07-08,INTC,buy,368.42859041385395,17.408640744299838,6413.840970443574,16.034602426108936,rebalance,rebalance,0.0
2013-07-05,2013-07-08,IT,buy,107.72322592912354,59.540000915527344,6413.840970443574,16.034602426108936,rebalance,rebalance,0.0
2013-08-02,2013-08-05,IT,sell,107.72322592912354,56.529998779296875,6089.593830275276,15.22398457568819,rebalance,rebalance,-355.5057271700963
2013-08-02,2013-08-05,TXN,sell,254.35801849440844,27.921227213384245,7101.98802792857,17.754970069821425,rebalance,rebalance,1001.4315237232076
2013-08-02,2013-08-05,ADBE,buy,39.781973600069705,47.45000076293945,1887.6546776745447,4.7191366941863615,rebalance,rebalance,0.0
2013-08-02,2013-08-05,AMAT,buy,117.65654893455911,13.620360778952001,1602.5246444951158,4.0063116112377894,rebalance,rebalance,0.0
2013-08-02,2013-08-05,CIEN,buy,365.17146163497154,22.889999389648438,8358.774533941527,20.896936334853816,rebalance,rebalance,0.0
2013-08-02,2013-08-05,CSCO,buy,88.83167323012623,17.649102629130695,1567.7993175558995,3.919498293889749,rebalance,rebalance,0.0
2013-08-02,2013-08-05,GLW,buy,145.98428496528265,11.069049322512425,1615.9072505924228,4.039768126481057,rebalance,rebalance,0.0
2013-08-02,2013-08-05,GOOGL,buy,84.63941318839676,22.45826344451736,1900.8542391743715,4.752135597935929,rebalance,rebalance,0.0
2013-08-02,2013-08-05,HPQ,buy,210.15687792633514,8.020120409552524,1685.4834658648388,4.213708664662097,rebalance,rebalance,0.0
2013-08-02,2013-08-05,INTC,buy,124.84921543031038,16.945369191376553,2115.6160487203156,5.289040121800789,rebalance,rebalance,0.0
2013-08-02,2013-08-05,LDOS,buy,52.69408189184293,21.92852121108707,1155.5032924640366,2.8887582311600917,rebalance,rebalance,0.0
2013-08-02,2013-08-05,MRVL,buy,123.66529171159175,11.416149716923984,1411.7814849666102,3.5294537124165255,rebalance,rebalance,0.0
2013-08-02,2013-08-05,MSFT,buy,92.68668227229202,25.919532558115122,2402.3954788603446,6.005988697150862,rebalance,rebalance,0.0
2013-08-02,2013-08-05,MU,buy,176.45089354040238,13.174103329854239,2324.582304146371,5.811455760365927,rebalance,rebalance,0.0
2013-08-02,2013-08-05,NOW,buy,921.3817183296981,9.071999549865723,8358.774533941527,20.896936334853816,rebalance,rebalance,0.0
2013-08-02,2013-08-05,STX,buy,113.3726978931926,23.318021474145695,2643.627004055297,6.609067510138243,rebalance,rebalance,0.0
2013-08-02,2013-08-05,WDC,buy,46.9987739442185,40.24207107967586,1891.3280017208585,4.728320004302146,rebalance,rebalance,0.0
2013-08-30,2013-09-03,ADBE,sell,176.1596290736016,46.209999084472656,8140.336298212173,20.35084074553043,rebalance,rebalance,764.691170973726
2013-08-30,2013-09-03,AMAT,sell,613.6969988973141,12.878209818806836,7903.3187169716775,19.758296792429196,rebalance,rebalance,482.5680934497793
2013-08-30,2013-09-03,CIEN,sell,55.81326128834081,20.309999465942383,1133.5673069587046,2.833918267396762,rebalance,rebalance,-150.02604192516307
2013-08-30,2013-09-03,CSCO,sell,79.4129674970959,15.938933285618191,1265.7579909491774,3.1643949773729436,rebalance,rebalance,-79.08340531282242
2013-08-30,2013-09-03,GLW,sell,139.00069049768751,10.19733598084039,1417.4367425737278,3.5435918564343196,rebalance,rebalance,-67.84334725341276
2013-08-30,2013-09-03,GOOGL,sell,372.19148998726877,21.192463320505944,7887.654499759648,19.71913624939912,rebalance,rebalance,-261.6810747233687
2013-08-30,2013-09-03,HPQ,sell,110.42030544301883,6.742894839930905,744.5525077953262,1.8613812694883154,rebalance,rebalance,-6.155745106966675
2013-08-30,2013-09-03,INTC,sell,493.27780584416433,16.36333626696074,8071.6706100566325,20.179176525141582,rebalance,rebalance,-499.28922818030884
2013-08-30,2013-09-03,LDOS,sell,87.8852247271156,21.42215272567191,1882.690706434268,4.70672676608567,rebalance,rebalance,128.32021690868223
2013-08-30,2013-09-03,MRVL,sell,142.44580039436948,10.653907132142425,1517.6043287653094,3.7940108219132735,rebalance,rebalance,123.66116188140695
2013-08-30,2013-09-03,MSFT,sell,322.48940119579765,25.979439792307197,8378.093982023425,20.945234955058563,rebalance,rebalance,-649.5991137939703
2013-08-30,2013-09-03,MU,sell,166.90457448125596,13.437391487366463,2242.762108336951,5.606905270842377,rebalance,rebalance,469.29349508987593
2013-08-30,2013-09-03,NOW,sell,254.38969784800872,9.420000076293945,2396.3509731366357,5.9908774328415895,rebalance,rebalance,76.76731327526322
2013-08-30,2013-09-03,STX,sell,76.22950478531487,22.261510856399163,1696.983948356219,4.242459870890547,rebalance,rebalance,-102.4486671387961
2013-08-30,2013-09-03,WDC,sell,45.4280007875837,38.716398160013256,1758.8085661054863,4.3970214152637155,rebalance,rebalance,190.7350506409822
2013-08-30,2013-09-03,AKAM,buy,135.4108766638872,46.400001525878906,6283.064883824966,15.707662209562416,rebalance,rebalance,0.0
2013-08-30,2013-09-03,CACI,buy,91.99216109937291,68.30000305175781,6283.064883824966,15.707662209562416,rebalance,rebalance,0.0
2013-08-30,2013-09-03,EPAM,buy,194.58236933042696,32.290000915527344,6283.064883824966,15.707662209562416,rebalance,rebalance,0.0
2013-08-30,2013-09-03,META,buy,151.48755602379273,41.47578222753916,6283.064883824966,15.707662209562416,rebalance,rebalance,0.0
2013-08-30,2013-09-03,UI,buy,194.55152063065515,32.29512091942475,6283.064883824966,15.707662209562416,rebalance,rebalance,0.0
2013-09-30,2013-10-01,CSCO,sell,394.1960714205523,15.885207297942955,6261.8863105502,15.654715776375498,rebalance,rebalance,-413.68579266102086
2013-09-30,2013-10-01,GLW,sell,616.1476777493765,10.588988210813167,6524.380495808058,16.310951239520147,rebalance,rebalance,-60.01654904934195
2013-09-30,2013-10-01,HPQ,sell,931.8052606451963,6.322061267965304,5890.92994761131,14.727324869028276,rebalance,rebalance,-443.1011647773653
2013-09-30,2013-10-01,STX,sell,282.2389245884842,25.086541788818835,7080.398576120298,17.700996440300745,rebalance,rebalance,416.02526582818507
2013-09-30,2013-10-01,AKAM,buy,27.57800157280829,51.7400016784668,1426.8858476658609,3.5672146191646523,rebalance,rebalance,0.0
2013-09-30,2013-10-01,CACI,buy,30.08433875600197,69.08000183105469,2078.2261763506854,5.195565440876713,rebalance,rebalance,0.0
2013-09-30,2013-10-01,CHKP,buy,148.80968953620476,56.66999816894531,8433.044833538044,21.08261208384511,rebalance,rebalance,0.0
2013-09-30,2013-10-01,CIEN,buy,27.29030625538411,25.049999237060547,683.6221508765207,1.7090553771913017,rebalance,rebalance,0.0
2013-09-30,2013-10-01,EPAM,buy,49.78289417861464,34.5099983215332,1718.0075945450562,4.295018986362641,rebalance,rebalance,0.0
2013-09-30,2013-10-01,LDOS,buy,35.305279046252224,25.663336160463775,906.0512444029487,2.2651281110073715,rebalance,rebalance,0.0
2013-09-30,2013-10-01,META,buy,18.756587160769215,49.53500705393293,929.1076773164109,2.3227691932910273,rebalance,rebalance,0.0
2013-09-30,2013-10-01,MRVL,buy,248.33606230519945,10.062352535460194,2498.8450061829244,6.247112515457311,rebalance,rebalance,0.0
2013-09-30,2013-10-01,MU,buy,25.467262380042825,17.10390371784999,435.5896037054757,1.0889740092636893,rebalance,rebalance,0.0
2013-09-30,2013-10-01,NOW,buy,150.1635108084388,10.319999694824219,1549.6873857168216,3.874218464292054,rebalance,rebalance,0.0
2013-09-30,2013-10-01,NTAP,buy,268.98692468589616,31.35113293475345,8433.044833538044,21.08261208384511,rebalance,rebalance,0.0
2013-09-30,2013-10-01,NXPI,buy,255.30297204317432,33.03151845843742,8433.044833538044,21.08261208384511,rebalance,rebalance,0.0
2013-09-30,2013-10-01,SWKS,buy,432.2430219916146,19.509961767992735,8433.044833538044,21.08261208384511,rebalance,rebalance,0.0
2013-09-30,2013-10-01,UI,buy,76.24421460488986,31.141719518598652,2374.375946141323,5.9359398653533075,rebalance,rebalance,0.0
2013-09-30,2013-10-01,WDC,buy,51.695080847285965,39.41054258010691,2037.331184914033,5.093327962285082,rebalance,rebalance,0.0
2013-10-28,2013-10-29,AKAM,sell,162.98887823669548,46.08000183105469,7510.527807588477,18.776319518971192,rebalance,rebalance,-237.47412025004775
2013-10-28,2013-10-29,CACI,sell,122.07649985537488,71.12000274658203,8682.081005007381,21.705202512518454,rebalance,rebalance,278.18151466877316
2013-10-28,2013-10-29,CHKP,sell,58.24762467180159,58.650001525878906,3416.223275879985,8.540558189699963,rebalance,rebalance,98.53770223513418
2013-10-28,2013-10-29,CIEN,sell,118.33920700728947,24.329999923706055,2879.192897458788,7.197982243646971,rebalance,rebalance,135.66561385784925
2013-10-28,2013-10-29,EPAM,sell,106.40512734062625,38.5,4096.59740261411,10.241493506535276,rebalance,rebalance,593.7010550318472
2013-10-28,2013-10-29,LDOS,sell,328.602827816664,27.102300408087093,8905.892554434145,22.264731386085366,rebalance,rebalance,2136.1946435488503
2013-10-28,2013-10-29,META,sell,64.6240360677105,50.2883909841875,3249.838792749261,8.124596981873152,rebalance,rebalance,497.15634944837603
2013-10-28,2013-10-29,MRVL,sell,838.078849237254,10.520131447885053,8816.699657668152,22.04174914417038,rebalance,rebalance,534.1806870181266
2013-10-28,2013-10-29,MU,sell,173.0191746012049,16.596835932658205,2871.5708540601413,7.178927135150353,rebalance,rebalance,973.1860868750292
2013-10-28,2013-10-29,NOW,sell,332.6212041383456,10.961999893188477,3646.193604236767,9.115484010591917,rebalance,rebalance,535.5217677478123
2013-10-28,2013-10-29,NTAP,sell,88.70463674577624,29.461936073543587,2613.410337230965,6.533525843077413,rebalance,rebalance,-181.0665243043237
2013-10-28,2013-10-29,NXPI,sell,108.26911438288235,36.12409636123155,3911.123920912443,9.777809802281107,rebalance,rebalance,316.11212776776904
2013-10-28,2013-10-29,SWKS,sell,432.2430219916146,19.110844253275854,8260.529072847037,20.651322682117595,rebalance,rebalance,-214.2496954569703
2013-10-28,2013-10-29,UI,sell,118.1484642228825,34.79567769045403,4111.055880721558,10.277639701803896,rebalance,rebalance,314.08457092018693
2013-10-28,2013-10-29,WDC,sell,213.9794146806483,44.786401400653375,9583.367957364377,23.95841989341094,rebalance,rebalance,1930.9985455897026
2013-10-28,2013-10-29,AMAT,buy,351.2078372880818,15.123424589546408,5311.465242483991,13.278663106209976,rebalance,rebalance,0.0
2013-10-28,2013-10-29,AMZN,buy,295.9363302892178,17.947999954223633,5311.465242483991,13.278663106209976,rebalance,rebalance,0.0
2013-10-28,2013-10-29,CRM,buy,100.52755296136067,52.83591499064475,5311.465242483991,13.278663106209976,rebalance,rebalance,0.0
2013-10-28,2013-10-29,CTSH,buy,137.14733327981438,38.72817003045398,5311.4652424839915,13.27866310620998,rebalance,rebalance,0.0
2013-10-28,2013-10-29,MPWR,buy,186.51658023807244,28.477174713928168,5311.465242483991,13.278663106209976,rebalance,rebalance,0.0
2013-10-28,2013-10-29,STX,buy,189.55528850836257,28.020665022224723,5311.465242483991,13.278663106209976,rebalance,rebalance,0.0
2013-11-25,2013-11-26,CHKP,sell,90.56206486440317,60.540000915527344,5482.627489803014,13.706568724507536,rebalance,rebalance,323.9384909117687
2013-11-25,2013-11-26,NTAP,sell,180.28228794011991,30.162537182529707,5437.771213345394,13.594428033363485,rebalance,rebalance,-242.0073246176484
2013-11-25,2013-11-26,STX,sell,189.55528850836257,28.242521942522046,5353.519395018527,13.383798487546317,rebalance,rebalance,15.391690940779997
2013-11-25,2013-11-26,ADBE,buy,120.82549649560933,56.869998931884766,6871.345856649749,17.178364641624373,rebalance,rebalance,0.0
2013-11-25,2013-11-26,AMAT,buy,115.90055021775567,14.710388510340927,1704.9421222654646,4.262355305663662,rebalance,rebalance,0.0
2013-11-25,2013-11-26,AMZN,buy,68.00241963159942,18.88050079345703,1283.9197378114109,3.2097993445285273,rebalance,rebalance,0.0
2013-11-25,2013-11-26,CIEN,buy,99.80855852089582,21.600000381469727,2155.864902125293,5.389662255313233,rebalance,rebalance,0.0
2013-11-25,2013-11-26,CRM,buy,32.46756126328262,51.66615252529724,1677.4739723531923,4.193684930882981,rebalance,rebalance,0.0
2013-11-25,2013-11-26,CTSH,buy,33.28418829409165,40.317341494073645,1341.9299858059414,3.3548249645148536,rebalance,rebalance,0.0
2013-11-25,2013-11-26,EPAM,buy,58.757464650831764,34.93000030517578,2052.3982581849086,5.130995645462272,rebalance,rebalance,0.0
2013-11-25,2013-11-26,INTU,buy,105.62651794161076,65.05322707360436,6871.345856649749,17.178364641624373,rebalance,rebalance,0.0
2013-11-25,2013-11-26,LDOS,buy,247.81563511389385,27.727652670065552,6871.345856649749,17.178364641624373,rebalance,rebalance,0.0
2013-11-25,2013-11-26,META,buy,49.59008531693257,44.271228254428024,2195.4139862224815,5.488534965556204,rebalance,rebalance,0.0
2013-11-25,2013-11-26,MPWR,buy,51.63899201994744,28.85234131412752,1489.905822877031,3.7247645571925774,rebalance,rebalance,0.0
2013-11-25,2013-11-26,MU,buy,33.535739685909334,19.434488960508723,651.7499627082992,1.6293749067707481,rebalance,rebalance,0.0
2013-11-25,2013-11-26,NOW,buy,161.02615971153017,10.644000053405762,1713.9624525692518,4.28490613142313,rebalance,rebalance,0.0
2013-11-25,2013-11-26,NXPI,buy,39.9881741557318,36.740836306436826,1469.1989608490296,3.672997402122574,rebalance,rebalance,0.0
2013-11-25,2013-11-26,UI,buy,43.32260946426558,35.06327523355675,1519.0325794814348,3.7975814487035873,rebalance,rebalance,0.0
2013-12-24,2013-12-26,ADBE,sell,120.82549649560933,59.529998779296875,7192.741658891562,17.981854147228905,rebalance,rebalance,286.23558345296
2013-12-24,2013-12-26,AMAT,sell,467.10838750583747,14.838231953042468,6931.062601023261,17.327656502558153,rebalance,rebalance,-120.21343864062497
2013-12-24,2013-12-26,CIEN,sell,318.1178581156212,23.950000762939453,7618.922944573792,19.04730736143448,rebalance,rebalance,390.70712827542224
2013-12-24,2013-12-26,INTU,sell,105.62651794161076,68.31619785813328,7216.002098764745,18.040005246911864,rebalance,rebalance,309.43787222645904
2013-12-24,2013-12-26,AAPL,buy,519.448367727308,17.573204494428257,9128.372390368952,22.82093097592238,rebalance,rebalance,0.0
2013-12-24,2013-12-26,ADSK,buy,183.9285148884163,49.630001068115234,9128.37239036895,22.820930975922376,rebalance,rebalance,0.0
2013-12-24,2013-12-26,AMZN,buy,90.44648596034625,20.089500427246094,1817.024718343284,4.54256179585821,rebalance,rebalance,0.0
2013-12-24,2013-12-26,CRM,buy,36.215842136326955,53.94669817299417,1953.7251048092346,4.884312762023087,rebalance,rebalance,0.0
2013-12-24,2013-12-26,CTSH,buy,42.18224799040931,42.934060240193574,1811.0551762870175,4.527637940717544,rebalance,rebalance,0.0
2013-12-24,2013-12-26,EPAM,buy,64.54092090808345,34.939998626708984,2255.059687894969,5.637649219737423,rebalance,rebalance,0.0
2013-12-24,2013-12-26,LDOS,buy,100.72728811297503,26.190095342797225,2638.0572793002216,6.595143198250554,rebalance,rebalance,0.0
2013-12-24,2013-12-26,META,buy,2.686482715643649,57.8123154381192,155.31178617584573,0.38827946543961434,rebalance,rebalance,0.0
2013-12-24,2013-12-26,MPWR,buy,63.02769199507739,30.308365283862468,1910.26631198558,4.77566577996395,rebalance,rebalance,0.0
2013-12-24,2013-12-26,MRVL,buy,770.3520179062981,11.849611837427913,9128.37239036895,22.820930975922376,rebalance,rebalance,0.0
2013-12-24,2013-12-26,MU,buy,75.25428087788731,21.28724828915656,1601.956561869514,4.004891404673785,rebalance,rebalance,0.0
2013-12-24,2013-12-26,NOW,buy,185.19783677055727,10.98799991607666,2034.9538148924623,5.087384537231156,rebalance,rebalance,0.0
2013-12-24,2013-12-26,NXPI,buy,42.853459110683104,39.71007241167535,1701.7139643759947,4.254284910939987,rebalance,rebalance,0.0
2013-12-24,2013-12-26,UI,buy,24.60800895032793,41.38389579332419,1018.37527808156,2.5459381952039,rebalance,rebalance,0.0
2013-12-24,2013-12-26,VRSN,buy,156.67658740597054,58.262517339084525,9128.37239036895,22.820930975922376,rebalance,rebalance,0.0
2014-01-24,2014-01-27,AAPL,sell,104.97738188361842,17.01547007035964,1786.2394995054235,4.465598748763559,rebalance,rebalance,-67.627070871681
2014-01-24,2014-01-27,ADSK,sell,44.63524003409108,50.630001068115234,2259.8822506016113,5.649705626504028,rebalance,rebalance,33.44741688116824
2014-01-24,2014-01-27,AMZN,sell,93.18580989179594,19.524999618530273,1819.4529025897502,4.5486322564743755,rebalance,rebalance,85.36523191687277
2014-01-24,2014-01-27,CRM,sell,46.592093215033415,57.514957109512615,2679.7422429050607,6.699355607262652,rebalance,rebalance,204.5319694551637
2014-01-24,2014-01-27,CTSH,sell,46.02073239622203,42.333213767750834,1948.2055022777233,4.870513755694309,rebalance,rebalance,106.60513669851183
2014-01-24,2014-01-27,EPAM,sell,261.25852172733056,39.83000183105469,10405.927398778216,26.01481849694554,rebalance,rebalance,1533.2656838459754
2014-01-24,2014-01-27,LDOS,sell,79.4773049023346,26.210776012821743,2083.1618368978316,5.207904592244579,rebalance,rebalance,-95.87068531009557
2014-01-24,2014-01-27,META,sell,27.906713839381865,54.253563764317654,1514.03867873747,3.785096696843675,rebalance,rebalance,300.9523138295679
2014-01-24,2014-01-27,MPWR,sell,301.18326425309726,30.004659085640892,9036.901166214677,22.592252915536694,rebalance,rebalance,280.892442509173
2014-01-24,2014-01-27,MRVL,sell,770.3520179062981,13.131845021277513,10116.143310973906,25.290358277434766,rebalance,rebalance,939.6596313516006
2014-01-24,2014-01-27,MU,sell,115.73515604866861,22.52566897057129,2607.0118134097206,6.517529533524302,rebalance,rebalance,1046.5988102204658
2014-01-24,2014-01-27,NOW,sell,830.75832363387,11.812000274658203,9812.91754693786,24.532293867344652,rebalance,rebalance,1512.012755389549
2014-01-24,2014-01-27,NXPI,sell,55.60309542962909,40.46778971815998,2250.134373525012,5.62533593381253,rebalance,rebalance,297.8948012010322
2014-01-24,2014-01-27,UI,sell,33.29304059735978,37.65610885620117,1253.6863608881047,3.134215902220262,rebalance,rebalance,128.17409173111187
2014-01-24,2014-01-27,VRSN,sell,37.7954286965402,59.323266455480095,2242.148287363953,5.605370718409882,rebalance,rebalance,28.98095482581134
2014-01-24,2014-01-27,ADBE,buy,121.36325211807784,58.11000061035156,7052.418654655754,17.631046636639386,rebalance,rebalance,0.0
2014-01-24,2014-01-27,GOOGL,buy,252.47629775051956,27.932992987818956,7052.418654655754,17.631046636639386,rebalance,rebalance,0.0
2014-01-24,2014-01-27,STX,buy,207.84242973208194,33.931563751187056,7052.418654655755,17.631046636639386,rebalance,rebalance,0.0
2014-01-24,2014-01-27,WDC,buy,133.3248029417467,52.89652412040055,7052.418654655754,17.631046636639386,rebalance,rebalance,0.0
2014-02-24,2014-02-25,AAPL,sell,414.47098584368956,16.47348428399188,6827.781271466641,17.069453178666603,rebalance,rebalance,-491.0805314285578
2014-02-24,2014-02-25,ADBE,sell,27.45044680490807,68.70999908447266,1886.1201748335986,4.715300437083997,rebalance,rebalance,282.27153010741483
2014-02-24,2014-02-25,ADSK,sell,20.785493831847845,54.45000076293945,1131.7701550021884,2.829425387505471,rebalance,rebalance,94.77768833608204
2014-02-24,2014-02-25,CRM,sell,19.921982602611735,62.83295785567615,1251.7570932714166,3.1293927331785416,rebalance,rebalance,193.134629371596
2014-02-24,2014-02-25,CTSH,sell,23.99194694347773,45.25034666231668,1085.6439162962763,2.714109790740691,rebalance,rebalance,125.38908822550464
2014-02-24,2014-02-25,GOOGL,sell,38.53622900452794,30.161478422022114,1162.3096395861721,2.90577409896543,rebalance,rebalance,80.28057039034121
2014-02-24,2014-02-25,LDOS,sell,269.0656183245343,25.991298008081152,6993.364669601591,17.483411674003978,rebalance,rebalance,-383.4707682465764
2014-02-24,2014-02-25,META,sell,38.24345656443194,70.33236617547156,2689.752790905369,6.724381977263422,rebalance,rebalance,1025.7977944486163
2014-02-24,2014-02-25,MU,sell,46.25814251808259,24.183402980170733,1118.6793016289612,2.796698254072403,rebalance,rebalance,494.8066854546387
2014-02-24,2014-02-25,NXPI,sell,43.30459814390704,49.26973574799861,2133.606107223571,5.334015268058928,rebalance,rebalance,612.2171565828793
2014-02-24,2014-02-25,UI,sell,51.993684383985254,47.695271110390536,2479.8528727222556,6.199632181805639,rebalance,rebalance,720.8373603030568
2014-02-24,2014-02-25,VRSN,sell,118.88115870943034,53.891847409445695,6406.7252650267155,16.016813162566788,rebalance,rebalance,-552.9229076609912
2014-02-24,2014-02-25,WDC,sell,16.161065204172772,55.07462369919583,890.0645846979829,2.2251614617449573,rebalance,rebalance,30.838087413887198
2014-02-24,2014-02-25,AMZN,buy,4.395412908735409,17.649999618530273,77.57903616246301,0.19394759040615753,rebalance,rebalance,0.0
2014-02-24,2014-02-25,GLW,buy,457.99140011511753,14.089235661338261,6452.748767088154,16.131871917720385,rebalance,rebalance,0.0
2014-02-24,2014-02-25,HPQ,buy,713.317600665864,9.046108999784494,6452.748767088154,16.131871917720385,rebalance,rebalance,0.0
2014-02-24,2014-02-25,NOW,buy,467.5904839059672,13.800000190734863,6452.748767088154,16.131871917720385,rebalance,rebalance,0.0
2014-02-24,2014-02-25,STX,buy,6.498448686987871,30.105077550685525,195.63630168092038,0.48909075420230097,rebalance,rebalance,0.0
2014-03-24,2014-03-25,AMZN,sell,365.5948388981029,17.701499938964844,6471.577018440631,16.178942546101577,rebalance,rebalance,-326.2765923272191
2014-03-24,2014-03-25,CRM,sell,102.6968805433251,55.84387093698882,5734.991342692805,14.337478356732014,rebalance,rebalance,279.6368728998152
2014-03-24,2014-03-25,CTSH,sell,142.60109022461558,42.921001233181805,6120.581569383795,15.301453923459487,rebalance,rebalance,413.93915497549364
2014-03-24,2014-03-25,STX,sell,214.3408784190698,31.11617860319171,6669.469054852776,16.67367263713194,rebalance,rebalance,-613.3797115118728
2014-03-24,2014-03-25,ADBE,buy,28.375573749504994,65.75,1865.6939740299533,4.664234935074884,rebalance,rebalance,0.0
2014-03-24,2014-03-25,ADSK,buy,42.72063477021149,49.869998931884766,2130.478010359886,5.326195025899715,rebalance,rebalance,0.0
2014-03-24,2014-03-25,GLW,buy,98.77320591374956,14.441400973239999,1426.4234720128577,3.5660586800321443,rebalance,rebalance,0.0
2014-03-24,2014-03-25,GOOGL,buy,64.0580862558879,28.922713257994484,1852.7336606349231,4.631834151587308,rebalance,rebalance,0.0
2014-03-24,2014-03-25,HPQ,buy,115.66637009247086,9.699175384556161,1121.8684096218562,2.804671024054641,rebalance,rebalance,0.0
2014-03-24,2014-03-25,META,buy,33.25071323157452,64.32511901855469,2138.856086072862,5.347140215182155,rebalance,rebalance,0.0
2014-03-24,2014-03-25,MRVL,buy,569.6522551319547,14.11468286298343,8040.460923370866,20.101152308427167,rebalance,rebalance,0.0
2014-03-24,2014-03-25,MU,buy,81.96749670833009,23.052242539969555,1889.5346145145813,4.723836536286454,rebalance,rebalance,0.0
2014-03-24,2014-03-25,NOW,buy,182.93226259161588,12.359999656677246,2261.042702827564,5.65260675706891,rebalance,rebalance,0.0
2014-03-24,2014-03-25,NXPI,buy,28.60091434107096,50.38870614420721,1441.1630681878664,3.602907670469666,rebalance,rebalance,0.0
2014-03-24,2014-03-25,ON,buy,852.6469420109936,9.430000305175781,8040.460923370866,20.101152308427167,rebalance,rebalance,0.0
2014-03-24,2014-03-25,PANW,buy,643.2368738696692,12.5,8040.460923370865,20.101152308427164,rebalance,rebalance,0.0
2014-03-24,2014-03-25,SWKS,buy,271.73172018349635,29.5897031010633,8040.460923370867,20.101152308427167,rebalance,rebalance,0.0
2014-03-24,2014-03-25,UI,buy,38.8473026652926,46.17280177524639,1793.6888054675562,4.484222013668891,rebalance,rebalance,0.0
2014-03-24,2014-03-25,WDC,buy,29.69129102368744,54.75100846864459,1625.6281262829023,4.064070315707256,rebalance,rebalance,0.0
2014-04-22,2014-04-23,ADBE,sell,49.92801575295471,64.2300033569336,3206.876619417314,8.017191548543286,rebalance,rebalance,201.5568633415495
2014-04-22,2014-04-23,ADSK,sell,65.69488583339479,48.650001525878906,3196.056296037097,7.990140740092743,rebalance,rebalance,-84.71031493958581
2014-04-22,2014-04-23,GLW,sell,257.7144315755672,15.541560498297072,4005.2844296159183,10.013211074039797,rebalance,rebalance,339.05310799701317
2014-04-22,2014-04-23,GOOGL,sell,277.9981550018795,26.944575674108055,7490.542324710564,18.72635581177641,rebalance,rebalance,-376.47593208325094
2014-04-22,2014-04-23,HPQ,sell,350.0994286679637,9.70527542610715,3397.8113817453414,8.494528454363353,rebalance,rebalance,182.38051605679817
2014-04-22,2014-04-23,META,sell,51.104067576773986,62.897661733288196,3214.326355639031,8.035815889097577,rebalance,rebalance,704.2127885899798
2014-04-22,2014-04-23,MRVL,sell,238.70544179437582,14.043665601189547,3352.2994017444294,8.380748504361074,rebalance,rebalance,-33.75608437738653
2014-04-22,2014-04-23,MU,sell,166.80723561824104,25.538845266960422,4260.064179863667,10.650160449659168,rebalance,rebalance,1630.2109787251507
2014-04-22,2014-04-23,NOW,sell,650.5227464975831,11.017999649047852,7167.459392608014,17.918648481520037,rebalance,rebalance,-1586.0352044640106
2014-04-22,2014-04-23,NXPI,sell,73.09267852926996,53.745601043305825,3928.4099394207487,9.821024848551872,rebalance,rebalance,1156.540792881232
2014-04-22,2014-04-23,ON,sell,375.4696845664904,9.739999771118164,3657.0746417394257,9.142686604348565,rebalance,rebalance,98.40101698870285
2014-04-22,2014-04-23,PANW,sell,249.97443091468716,11.81833267211914,2954.2809840734362,7.385702460183591,rebalance,rebalance,-185.59680578642084
2014-04-22,2014-04-23,SWKS,sell,128.6261498528046,32.47746658325195,4177.45148357682,10.443628708942049,rebalance,rebalance,351.4832457275692
2014-04-22,2014-04-23,UI,sell,56.452123679746265,39.49231697388205,2229.425162209332,5.57356290552333,rebalance,rebalance,162.35476691043255
2014-04-22,2014-04-23,WDC,sell,146.85502876126137,57.27592177146427,8411.25713907614,21.02814284769035,rebalance,rebalance,547.4884341597984
2014-04-22,2014-04-23,BAH,buy,274.39469887374963,16.93803268564852,4647.706378292254,11.619265945730636,rebalance,rebalance,0.0
2014-04-22,2014-04-23,FFIV,buy,42.6395080577271,109.0,4647.706378292254,11.619265945730636,rebalance,rebalance,0.0
2014-04-22,2014-04-23,LSCC,buy,567.4855453502644,8.1899995803833,4647.706378292254,11.619265945730636,rebalance,rebalance,0.0
2014-05-20,2014-05-21,ADBE,sell,72.36036330972006,61.72999954223633,4466.805193985074,11.167012984962685,rebalance,rebalance,111.66617955901168
2014-05-20,2014-05-21,ADSK,sell,95.53352995929406,51.2400016784668,4895.1382354640855,12.237845588660214,rebalance,rebalance,123.62750275389809
2014-05-20,2014-05-21,MRVL,sell,330.9468133375789,13.653069730380073,4518.439919545042,11.296099798862606,rebalance,rebalance,-175.74351831565778
2014-05-20,2014-05-21,UI,sell,117.68634343145733,30.385090604552268,3575.910208083286,8.939775520208215,rebalance,rebalance,-730.6539681811456
2014-05-20,2014-05-21,AKAM,buy,148.00909731376723,52.380001068115234,7752.716675385899,19.381791688464748,rebalance,rebalance,0.0
2014-05-20,2014-05-21,AVGO,buy,1543.108406939475,5.024090751188541,7752.716675385899,19.381791688464748,rebalance,rebalance,0.0
2014-05-20,2014-05-21,BAH,buy,166.3710701519022,17.58919866332611,2926.333804731972,7.31583451182993,rebalance,rebalance,0.0
2014-05-20,2014-05-21,CDNS,buy,475.6268121632122,16.299999237060547,7752.716675385899,19.381791688464748,rebalance,rebalance,0.0
2014-05-20,2014-05-21,FFIV,buy,30.49932850251723,106.0,3232.928821266826,8.082322053167065,rebalance,rebalance,0.0
2014-05-20,2014-05-21,GLW,buy,201.67798019513685,15.482885480703821,3122.557071340957,7.806392678352393,rebalance,rebalance,0.0
2014-05-20,2014-05-21,HPQ,buy,292.31812349307097,10.05276177244628,2938.6044572443748,7.346511143110937,rebalance,rebalance,0.0
2014-05-20,2014-05-21,LSCC,buy,410.1584449662064,7.929999828338623,3252.556398173653,8.131390995434133,rebalance,rebalance,0.0
2014-05-20,2014-05-21,META,buy,59.65871155740213,58.05023278398514,3463.202093499818,8.658005233749545,rebalance,rebalance,0.0
2014-05-20,2014-05-21,MU,buy,113.23837130132287,26.260442946638978,2973.6897889287097,7.434224472321774,rebalance,rebalance,0.0
2014-05-20,2014-05-21,NXPI,buy,58.17549799396667,53.595814805910805,3117.9632167262735,7.794908041815684,rebalance,rebalance,0.0
2014-05-20,2014-05-21,ON,buy,424.3013857530651,8.600000381469727,3648.9920793344936,9.122480198336234,rebalance,rebalance,0.0
2014-05-20,2014-05-21,PANW,buy,345.2087688224445,10.498332977294922,3624.116601780048,9.06029150445012,rebalance,rebalance,0.0
2014-05-20,2014-05-21,SWKS,buy,99.23420102513253,31.991103367027144,3174.611582539366,7.936528956348415,rebalance,rebalance,0.0
2014-05-20,2014-05-21,WDC,buy,147.77829017209586,52.46181063779692,7752.716675385899,19.381791688464748,rebalance,rebalance,0.0
2014-06-18,2014-06-19,META,sell,133.55186195781653,64.89016406595415,8666.202233756376,21.66550558439094,rebalance,rebalance,1554.8353039463314
2014-06-18,2014-06-19,ON,sell,901.4786431975683,9.0600004196167,8167.396885645461,20.418492214113652,rebalance,rebalance,-22.16730363440132
2014-06-18,2014-06-19,PANW,sell,738.4712117774266,13.484999656677246,9958.284037284628,24.89571009321157,rebalance,rebalance,1372.1414456272964
2014-06-18,2014-06-19,WDC,sell,147.77829017209586,57.81913917684289,8544.413526776285,21.36103381694071,rebalance,rebalance,750.9540258849796
2014-06-18,2014-06-19,AKAM,buy,15.947457789439653,61.189998626708984,975.8249202353119,2.4395623005882796,rebalance,rebalance,0.0
2014-06-18,2014-06-19,AMAT,buy,518.5030735746935,19.348971863249567,10032.501381605165,25.081253454012913,rebalance,rebalance,0.0
2014-06-18,2014-06-19,AVGO,buy,344.6693287025821,5.314450526768706,1831.7280954844537,4.5793202387111345,rebalance,rebalance,0.0
2014-06-18,2014-06-19,BAH,buy,171.8873845087038,16.375499454672397,2814.741771287344,7.03685442821836,rebalance,rebalance,0.0
2014-06-18,2014-06-19,CDNS,buy,118.71571629634138,16.8799991607666,2003.9211914520486,5.0098029786301215,rebalance,rebalance,0.0
2014-06-18,2014-06-19,CSCO,buy,588.9015287330825,17.03595744298426,10032.501381605165,25.081253454012913,rebalance,rebalance,0.0
2014-06-18,2014-06-19,FFIV,buy,15.66793756738653,112.97000122070312,1770.0069261135568,4.425017315283892,rebalance,rebalance,0.0
2014-06-18,2014-06-19,GLW,buy,133.70475390150352,15.813336991826997,2114.3183308537705,5.285795827134426,rebalance,rebalance,0.0
2014-06-18,2014-06-19,HPQ,buy,173.10187706903628,10.624222301657731,1839.0728228156702,4.597682057039176,rebalance,rebalance,0.0
2014-06-18,2014-06-19,LSCC,buy,238.41678321142808,8.25,1966.9384614942817,4.917346153735704,rebalance,rebalance,0.0
2014-06-18,2014-06-19,MPWR,buy,264.82705818295733,37.883218770923904,10032.501381605165,25.081253454012913,rebalance,rebalance,0.0
2014-06-18,2014-06-19,MU,buy,25.383422435758177,31.292154547979006,794.3019778163826,1.9857549445409566,rebalance,rebalance,0.0
2014-06-18,2014-06-19,NXPI,buy,33.90662644995439,56.18618334750063,1905.0839304123517,4.762709826030879,rebalance,rebalance,0.0
2014-06-18,2014-06-19,ORCL,buy,279.9799702136808,35.83292538372783,10032.501381605165,25.081253454012913,rebalance,rebalance,0.0
2014-06-18,2014-06-19,SWKS,buy,26.434454609179426,37.32687293800063,986.7155283821857,2.4667888209554643,rebalance,rebalance,0.0
2014-07-17,2014-07-18,AMAT,sell,11.048517317447306,19.69340679370662,217.58294599980204,0.5439573649995051,rebalance,rebalance,2.7270943021242537
2014-07-17,2014-07-18,AVGO,sell,48.95825972192256,5.434741765878425,266.075498895456,0.6651887472386401,rebalance,rebalance,16.222695609656597
2014-07-17,2014-07-18,CDNS,sell,594.3425284595536,17.34000015258789,10305.899534178132,25.76474883544533,rebalance,rebalance,499.10532383764513
2014-07-17,2014-07-18,CSCO,sell,588.9015287330825,17.919014184620853,10552.53484671301,26.381337116782525,rebalance,rebalance,468.5708745370499
2014-07-17,2014-07-18,FFIV,sell,88.80677412763086,109.80999755859375,9751.871650141731,24.37967912535433,rebalance,rebalance,52.723240029559236
2014-07-17,2014-07-18,GLW,sell,6.27108945645341,15.909131535749287,99.76758703516781,0.2494189675879195,rebalance,rebalance,5.687809966544101
2014-07-17,2014-07-18,MU,sell,11.737425585100482,32.35505095883693,379.7650029314824,0.949412507328706,rebalance,rebalance,135.9105113506349
2014-07-17,2014-07-18,NXPI,sell,5.232962434114171,57.65756672373293,301.7198807077257,0.7542997017693143,rebalance,rebalance,57.620144190131185
2014-07-17,2014-07-18,ORCL,sell,279.9799702136808,33.46774681299794,9370.298755822174,23.425746889555434,rebalance,rebalance,-710.70962612656
2014-07-17,2014-07-18,SWKS,sell,14.615343870240764,39.319928240665455,574.6742721905166,1.4366856804762915,rebalance,rebalance,115.55249180560654
2014-07-17,2014-07-18,AAPL,buy,487.3201485530968,20.50707124539295,9993.509005693832,24.98377251423458,rebalance,rebalance,0.0
2014-07-17,2014-07-18,AKAM,buy,6.493876819582283,58.630001068115234,380.73600486831805,0.9518400121707952,rebalance,rebalance,0.0
2014-07-17,2014-07-18,BAH,buy,16.92756685440429,15.873276741261927,268.69595323617193,0.6717398830904299,rebalance,rebalance,0.0
2014-07-17,2014-07-18,CDW,buy,368.94126498621984,27.0869917629493,9993.509005693832,24.98377251423458,rebalance,rebalance,0.0
2014-07-17,2014-07-18,HPQ,buy,0.9619558860530333,10.57216036022086,10.169951886811013,0.025424879717027532,rebalance,rebalance,0.0
2014-07-17,2014-07-18,LRCX,buy,1657.2659089793983,6.03011801036092,9993.509005693832,24.98377251423458,rebalance,rebalance,0.0
2014-07-17,2014-07-18,LSCC,buy,85.17740734009203,7.679999828338623,654.1624737502358,1.6354061843755896,rebalance,rebalance,0.0
2014-07-17,2014-07-18,MPWR,buy,8.868287213822839,36.513258898159535,323.8100670215512,0.809525167553878,rebalance,rebalance,0.0
2014-07-17,2014-07-18,PANW,buy,775.5924585312227,12.885000228881836,9993.509005693832,24.98377251423458,rebalance,rebalance,0.0
2014-08-14,2014-08-15,AAPL,sell,15.426724813777582,21.551251683483123,332.465229113555,0.8311630727838875,rebalance,rebalance,14.486228839464902
2014-08-14,2014-08-15,AKAM,sell,170.45043192278916,59.470001220703125,10136.687394517647,25.341718486294116,rebalance,rebalance,979.2948815406014
2014-08-14,2014-08-15,AVGO,sell,12.732675060403835,5.569228110075918,70.91117186286363,0.17727792965715908,rebalance,rebalance,5.927159727008217
2014-08-14,2014-08-15,BAH,sell,629.5807203887599,17.115334043284417,10775.48433666527,26.938710841663173,rebalance,rebalance,64.42402350699493
2014-08-14,2014-08-15,CDW,sell,2.734082846912429,27.77087517338185,75.92787345528954,0.18981968363822385,rebalance,rebalance,1.4948290192295457
2014-08-14,2014-08-15,GLW,sell,628.1618190934869,14.98067274020188,9410.286639729424,23.52571659932356,rebalance,rebalance,-12.02836862297573
2014-08-14,2014-08-15,HPQ,sell,15.892964808886404,10.94274107631845,173.91259883868486,0.43478149709671216,rebalance,rebalance,19.024362997108593
2014-08-14,2014-08-15,LSCC,sell,1301.2381808679909,7.199999809265137,9368.914654058048,23.42228663514512,rebalance,rebalance,-1202.1747535667962
2014-08-14,2014-08-15,MPWR,sell,17.151519119406657,39.64193600118443,679.9194232546099,1.699798558136525,rebalance,rebalance,27.603737370936894
2014-08-14,2014-08-15,PANW,sell,775.5924585312227,14.536666870117188,11274.529196643563,28.186322991608908,rebalance,rebalance,1227.8500954438907
2014-08-14,2014-08-15,SWKS,sell,14.51964209110676,42.438350007417206,616.1896530448157,1.5404741326120392,rebalance,rebalance,159.96102209956436
2014-08-14,2014-08-15,AMAT,buy,16.284643992668464,19.417858999161815,316.21292090118374,0.7905323022529593,rebalance,rebalance,0.0
2014-08-14,2014-08-15,CDNS,buy,596.1251032328119,17.059999465942383,10169.893942786619,25.42473485696655,rebalance,rebalance,0.0
2014-08-14,2014-08-15,CSCO,buy,591.4828225454064,17.193895672271875,10169.893942786617,25.424734856966545,rebalance,rebalance,0.0
2014-08-14,2014-08-15,INTC,buy,391.2687965851931,25.992090428740003,10169.893942786617,25.424734856966545,rebalance,rebalance,0.0
2014-08-14,2014-08-15,LRCX,buy,72.94514649239659,5.877834331611923,428.75948637746967,1.0718987159436741,rebalance,rebalance,0.0
2014-08-14,2014-08-15,MSFT,buy,272.7165325697137,37.291079667811914,10169.893942786617,25.424734856966545,rebalance,rebalance,0.0
2014-08-14,2014-08-15,MU,buy,23.26973564623387,30.61931070628202,712.503265805081,1.7812581645127026,rebalance,rebalance,0.0
2014-08-14,2014-08-15,NXPI,buy,6.074725184343919,56.688397198998395,344.3664341248468,0.860916085312117,rebalance,rebalance,0.0
2014-08-14,2014-08-15,STX,buy,290.91738315655965,34.9580139641006,10169.893942786617,25.424734856966545,rebalance,rebalance,0.0
2014-09-12,2014-09-15,AAPL,sell,5.274515581247783,22.63211428172297,119.37343941552828,0.29843359853882073,rebalance,rebalance,10.639726840382005
2014-09-12,2014-09-15,AMAT,sell,523.7392002499147,19.324473574863603,10120.984335349673,25.30246083837418,rebalance,rebalance,-64.59231941863722
2014-09-12,2014-09-15,AVGO,sell,222.4398485560423,6.585347504496347,1464.8437015890786,3.6621092539726967,rebalance,rebalance,329.0078681294076
2014-09-12,2014-09-15,CDNS,sell,596.1251032328119,17.81999969482422,10622.949157685764,26.55737289421441,rebalance,rebalance,401.0731071479638
2014-09-12,2014-09-15,LRCX,sell,14.274337005291954,6.154406710804598,87.85007545765521,0.21962518864413802,rebalance,rebalance,1.4311974230442437
2014-09-12,2014-09-15,MPWR,sell,0.39761878869182965,41.22868950114323,16.393301578796127,0.04098325394699032,rebalance,rebalance,1.2692752881930822
2014-09-12,2014-09-15,MSFT,sell,3.133729968863747,39.173761655273225,122.75999089225522,0.30689997723063805,rebalance,rebalance,5.30076655390108
2014-09-12,2014-09-15,NXPI,sell,179.39992035912255,61.7193512752771,11072.44670340142,27.68111675850355,rebalance,rebalance,2639.4965560199535
2014-09-12,2014-09-15,STX,sell,0.18676424075840714,36.32425265295061,6.7840714678448775,0.016960178669612195,rebalance,rebalance,0.22188208540715415
2014-09-12,2014-09-15,CDW,buy,22.29028888334875,27.183117634324063,605.919544819135,1.5147988620478376,rebalance,rebalance,0.0
2014-09-12,2014-09-15,CSCO,buy,15.582954816515894,17.396092564035666,271.0825244092959,0.6777063110232397,rebalance,rebalance,0.0
2014-09-12,2014-09-15,EPAM,buy,275.94910711070787,38.27000045776367,10560.572455446267,26.401431138615667,rebalance,rebalance,0.0
2014-09-12,2014-09-15,GEN,buy,1193.0508677005544,8.851736955525086,10560.572455446267,26.401431138615667,rebalance,rebalance,0.0
2014-09-12,2014-09-15,HPQ,buy,10.291244553440492,11.238659466136513,115.65979301884981,0.2891494825471245,rebalance,rebalance,0.0
2014-09-12,2014-09-15,INTC,buy,7.89027218379789,26.457052543025355,208.7533457455122,0.5218833643637806,rebalance,rebalance,0.0
2014-09-12,2014-09-15,MU,buy,12.759214337829519,30.61931118317977,390.6783542628911,0.9766958856572278,rebalance,rebalance,0.0
2014-09-12,2014-09-15,SWKS,buy,4.456853806689281,43.26399611970636,192.8213057987036,0.482053264496759,rebalance,rebalance,0.0
2014-09-12,2014-09-15,WDC,buy,168.90943517797925,62.52209916111928,10560.572455446267,26.401431138615667,rebalance,rebalance,0.0
2014-10-10,2014-10-13,AAPL,sell,286.3544493698802,22.306311090630352,6387.511429830705,15.968778574576763,rebalance,rebalance,484.5708288560692
2014-10-10,2014-10-13,AVGO,sell,846.2639885233606,5.309117432802164,4492.9148942220645,11.23228723555516,rebalance,rebalance,174.3705054577681
2014-10-10,2014-10-13,CDW,sell,388.49747102265616,25.250134483787473,9809.613389933395,24.524033474833487,rebalance,rebalance,-766.5945406782653
2014-10-10,2014-10-13,CSCO,sell,607.0657773619223,16.327310735524332,9911.751583890738,24.779378959726845,rebalance,rebalance,-580.1067034328898
2014-10-10,2014-10-13,EPAM,sell,275.94910711070787,41.83000183105469,11542.951655718816,28.85737913929704,rebalance,rebalance,927.1203899946374
2014-10-10,2014-10-13,GEN,sell,689.3363068925498,7.982765258688171,5502.809922214254,13.757024805535634,rebalance,rebalance,-628.0253242535111
2014-10-10,2014-10-13,HPQ,sell,939.6647782830855,10.217522290789137,9601.04581797686,24.002614544942148,rebalance,rebalance,429.11348283066974
2014-10-10,2014-10-13,INTC,sell,232.84925784133526,24.177978881009288,5629.8244385464905,14.074561096366226,rebalance,rebalance,-453.7651577453664
2014-10-10,2014-10-13,LRCX,sell,1019.7413062833849,5.775727656268824,5889.748064940643,14.724370162351608,rebalance,rebalance,-282.94628065456374
2014-10-10,2014-10-13,MPWR,sell,130.7895277228963,32.0767517441141,4195.303211497273,10.488258028743182,rebalance,rebalance,-776.4799639034176
2014-10-10,2014-10-13,MSFT,sell,269.58280260084996,36.884275502120346,9943.366361763476,24.85841590440869,rebalance,rebalance,-159.6584074233916
2014-10-10,2014-10-13,MU,sell,200.6682893333826,27.879171273526463,5594.465607490937,13.986164018727344,rebalance,rebalance,1218.022930421961
2014-10-10,2014-10-13,STX,sell,290.73061891580124,31.946343242491185,9287.780142986087,23.219450357465217,rebalance,rebalance,-924.212755811194
2014-10-10,2014-10-13,SWKS,sell,136.28118223995796,37.295723177293105,5082.705247095705,12.706763117739262,rebalance,rebalance,772.3001145782495
2014-10-10,2014-10-13,WDC,sell,168.90943517797925,56.7533721426473,9586.180033060218,23.965450082650545,rebalance,rebalance,-1024.7593036073154
2014-10-10,2014-10-13,CDNS,buy,248.672546526982,16.170000076293945,4021.0350963135083,10.052587740783771,rebalance,rebalance,0.0
2014-10-10,2014-10-13,FFIV,buy,37.5026585574883,107.22000122070312,4021.0350963135083,10.052587740783771,rebalance,rebalance,0.0
2014-10-10,2014-10-13,META,buy,55.39186323265174,72.59252283001804,4021.035096313508,10.05258774078377,rebalance,rebalance,0.0
2014-10-10,2014-10-13,NOW,buy,353.77749729315696,11.366000175476074,4021.0350963135083,10.052587740783771,rebalance,rebalance,0.0
2014-10-10,2014-10-13,NXPI,buy,80.47576800108536,49.96578717036012,4021.0350963135083,10.052587740783771,rebalance,rebalance,0.0
2014-10-10,2014-10-13,PANW,buy,254.8992198763768,15.774999618530273,4021.0350963135083,10.052587740783771,rebalance,rebalance,0.0
2014-10-10,2014-10-13,UI,buy,132.7793485086291,30.283588084122798,4021.035096313509,10.052587740783773,rebalance,rebalance,0.0
2014-11-07,2014-11-10,CDNS,sell,248.672546526982,18.489999771118164,4597.955328367268,11.49488832091817,rebalance,rebalance,555.3727559920579
2014-11-07,2014-11-10,FFIV,sell,37.5026585574883,126.66000366210938,4750.086870230306,11.875217175575765,rebalance,rebalance,707.1239690004381
2014-11-07,2014-11-10,GEN,sell,503.71456080800453,9.205217889270832,4636.802286236044,11.59200571559011,rebalance,rebalance,155.31461559780163
2014-11-07,2014-11-10,MPWR,sell,125.35667976578537,39.9924984324066,5013.326819024867,12.533317047562168,rebalance,rebalance,245.5851224631622
2014-11-07,2014-11-10,MU,sell,144.23079713749624,32.11126261768269,4631.433004439858,11.578582511099647,rebalance,rebalance,1484.3287120864334
2014-11-07,2014-11-10,NXPI,sell,80.47576800108536,65.12906079882293,5241.311186974657,13.103277967436643,rebalance,rebalance,1197.1202249529285
2014-11-07,2014-11-10,UI,sell,132.7793485086291,26.634099025843792,3536.458316765852,8.84114579191463,rebalance,rebalance,-503.47051308035475
2014-11-07,2014-11-10,AAPL,buy,150.26384394079992,24.103220381402817,3621.842545861821,9.054606364654552,rebalance,rebalance,0.0
2014-11-07,2014-11-10,AVGO,buy,493.6956262415964,6.367942498982648,3143.825359905715,7.859563399764287,rebalance,rebalance,0.0
2014-11-07,2014-11-10,EPAM,buy,169.5423757905225,46.9900016784668,7966.7965229679,19.91699130741975,rebalance,rebalance,0.0
2014-11-07,2014-11-10,FTNT,buy,1472.0613930230743,5.4120001792907715,7966.796522967901,19.916991307419753,rebalance,rebalance,0.0
2014-11-07,2014-11-10,INTC,buy,144.30502405905855,25.64847401222372,3701.203659412082,9.253009148530206,rebalance,rebalance,0.0
2014-11-07,2014-11-10,KLAC,buy,1543.6065270113966,5.161157577114262,7966.7965229679,19.91699130741975,rebalance,rebalance,0.0
2014-11-07,2014-11-10,LRCX,buy,486.21145310090367,6.737779318504063,3275.9854731230766,8.189963682807692,rebalance,rebalance,0.0
2014-11-07,2014-11-10,META,buy,51.25300873290528,74.70398131792899,3828.8038068706073,9.572009517176518,rebalance,rebalance,0.0
2014-11-07,2014-11-10,MSFT,buy,194.55034286560414,40.949794308362556,7966.7965229679,19.91699130741975,rebalance,rebalance,0.0
2014-11-07,2014-11-10,NOW,buy,237.23116691383092,13.479999542236328,3197.8760214026306,7.994690053506576,rebalance,rebalance,0.0
2014-11-07,2014-11-10,NTAP,buy,251.3326052068003,31.698221233224785,7966.7965229679,19.91699130741975,rebalance,rebalance,0.0
2014-11-07,2014-11-10,PANW,buy,191.96233286704333,17.828332901000977,3422.3683748064095,8.555920937016024,rebalance,rebalance,0.0
2014-11-07,2014-11-10,SAIC,buy,195.4466334524307,40.76200434993382,7966.7965229679,19.91699130741975,rebalance,rebalance,0.0
2014-11-07,2014-11-10,SWKS,buy,60.372199944868555,47.36865061295283,2859.7496459238087,7.149374114809522,rebalance,rebalance,0.0
2014-11-07,2014-11-10,VEEV,buy,280.22498900633207,28.43000030517578,7966.7965229679,19.91699130741975,rebalance,rebalance,0.0
2014-12-08,2014-12-09,AAPL,sell,330.52830272899115,24.361890760326617,8052.294404279848,20.13073601069962,rebalance,rebalance,695.328676412581
2014-12-08,2014-12-09,EPAM,sell,169.5423757905225,49.52000045776367,8395.738526757015,20.98934631689254,rebalance,rebalance,388.0356661648019
2014-12-08,2014-12-09,FTNT,sell,1472.0613930230743,5.453999996185303,8028.622831932378,20.071557079830946,rebalance,rebalance,21.837760577227492
2014-12-08,2014-12-09,META,sell,106.64487196555702,74.54538123061208,7949.882636962262,19.874706592405655,rebalance,rebalance,60.54442992778125
2014-12-08,2014-12-09,AVGO,buy,148.4292940056264,7.490510268175364,1111.8111508471645,2.7795278771179115,rebalance,rebalance,0.0
2014-12-08,2014-12-09,BAH,buy,485.2201717060341,21.604683372586134,10483.028175700743,26.20757043925186,rebalance,rebalance,0.0
2014-12-08,2014-12-09,CRM,buy,193.75707294930007,54.10397677943768,10483.028175700743,26.20757043925186,rebalance,rebalance,0.0
2014-12-08,2014-12-09,GEN,buy,1090.2013952243983,9.61568038861572,10483.028175700743,26.20757043925186,rebalance,rebalance,0.0
2014-12-08,2014-12-09,INTC,buy,61.99180149890418,28.134303442835638,1744.0961543382034,4.3602403858455085,rebalance,rebalance,0.0
2014-12-08,2014-12-09,IT,buy,127.34485197477294,82.31999969482422,10483.028175700743,26.20757043925186,rebalance,rebalance,0.0
2014-12-08,2014-12-09,KLAC,buy,333.35189423089423,5.585114756437922,1861.8085835555007,4.654521458888752,rebalance,rebalance,0.0
2014-12-08,2014-12-09,LRCX,buy,321.7666887201674,6.969294299713202,2242.486749535055,5.606216873837638,rebalance,rebalance,0.0
2014-12-08,2014-12-09,MSFT,buy,68.1582237877571,39.903640407482,2719.761252839345,6.799403132098363,rebalance,rebalance,0.0
2014-12-08,2014-12-09,NOW,buy,269.80820130603274,12.178000450134277,3285.7243969547862,8.214310992386967,rebalance,rebalance,0.0
2014-12-08,2014-12-09,NTAP,buy,77.05077628692649,31.9231385218591,2459.702604624331,6.149256511560828,rebalance,rebalance,0.0
2014-12-08,2014-12-09,PANW,buy,100.2693584875974,19.15999984741211,1921.1608933224763,4.802902233306191,rebalance,rebalance,0.0
2014-12-08,2014-12-09,SAIC,buy,61.36840359781084,40.81937061049083,2505.0196102332193,6.2625490255830485,rebalance,rebalance,0.0
2014-12-08,2014-12-09,SWKS,buy,30.751138803346663,52.6948847640512,1620.4277156056958,4.051069289014239,rebalance,rebalance,0.0
2014-12-08,2014-12-09,VEEV,buy,67.58617184263375,30.139999389648438,2037.0471780856556,5.092617945214139,rebalance,rebalance,0.0
2015-01-07,2015-01-08,AVGO,sell,354.9410753316133,7.5657059424151445,2685.3798028436086,6.713449507109021,rebalance,rebalance,618.9795455823576
2015-01-07,2015-01-08,BAH,sell,120.64728248414423,21.677106404339753,2615.28397980323,6.538209949508075,rebalance,rebalance,-4.3169338237531
2015-01-07,2015-01-08,CRM,sell,193.75707294930007,56.35502707790002,10919.185092592454,27.297962731481135,rebalance,rebalance,382.65138372097886
2015-01-07,2015-01-08,GEN,sell,1090.2013952243983,9.33788246772521,10180.172494755472,25.45043123688868,rebalance,rebalance,-354.51368262141057
2015-01-07,2015-01-08,INTC,sell,89.39102036837926,27.904129793920042,2494.378634770205,6.235946586925512,rebalance,rebalance,138.49336150240308
2015-01-07,2015-01-08,IT,sell,32.152300404602485,83.0199966430664,2669.283871656961,6.673209679142403,rebalance,rebalance,9.216359084308527
2015-01-07,2015-01-08,KLAC,sell,443.551343025689,5.513357253427957,2445.4570143383944,6.113642535845986,rebalance,rebalance,110.90089108810281
2015-01-07,2015-01-08,LRCX,sell,1504.173554004189,6.690658948639106,10063.912249404415,25.15978062351104,rebalance,rebalance,302.3291305434713
2015-01-07,2015-01-08,MSFT,sell,262.70856665336123,39.59870865804818,10402.919992879883,26.007299982199708,rebalance,rebalance,-336.36147734907803
2015-01-07,2015-01-08,NOW,sell,860.8168655130206,13.574000358581543,11684.72844114678,29.211821102866953,rebalance,rebalance,1124.6195165863103
2015-01-07,2015-01-08,NTAP,sell,65.42557708726054,30.053815400681604,1966.2882162635922,4.91572054065898,rebalance,rebalance,-121.14799790826044
2015-01-07,2015-01-08,PANW,sell,172.46818829540092,21.093332290649414,3637.9288052811835,9.09482201320296,rebalance,rebalance,669.5291066830075
2015-01-07,2015-01-08,SAIC,sell,256.81503705024153,40.573473436194725,10419.87808377334,26.04969520943335,rebalance,rebalance,-104.16728497021583
2015-01-07,2015-01-08,SWKS,sell,59.649475296075934,56.737416999484445,3384.357153673906,8.460892884184766,rebalance,rebalance,1009.7523804395352
2015-01-07,2015-01-08,VEEV,sell,70.71139980568836,28.520000457763672,2016.689154827342,5.041722887068355,rebalance,rebalance,-27.258548784153803
2015-01-07,2015-01-08,AAPL,buy,327.2463592017408,24.14965083516332,7902.885311800476,19.75721327950119,rebalance,rebalance,0.0
2015-01-07,2015-01-08,CACI,buy,91.3206058261378,86.54000091552734,7902.885311800476,19.75721327950119,rebalance,rebalance,0.0
2015-01-07,2015-01-08,EPAM,buy,164.91831414388415,47.91999816894531,7902.885311800476,19.75721327950119,rebalance,rebalance,0.0
2015-01-07,2015-01-08,FFIV,buy,60.885093420600285,129.8000030517578,7902.885311800476,19.75721327950119,rebalance,rebalance,0.0
2015-01-07,2015-01-08,MPWR,buy,185.19188205309354,42.67403745880589,7902.885311800476,19.75721327950119,rebalance,rebalance,0.0
2015-01-07,2015-01-08,VRSN,buy,143.96716943551777,54.89366320659754,7902.885311800475,19.75721327950119,rebalance,rebalance,0.0
2015-02-05,2015-02-06,AAPL,sell,327.2463592017408,26.63993133480039,8717.820538697799,21.7945513467445,rebalance,rebalance,773.3834622710776
2015-02-05,2015-02-06,EPAM,sell,164.91831414388415,51.29999923706055,8460.309389758568,21.15077347439642,rebalance,rebalance,516.5160912041948
2015-02-05,2015-02-06,FFIV,sell,60.885093420600285,111.23999786376953,6772.857662042984,16.93214415510746,rebalance,rebalance,-1166.7170071921003
2015-02-05,2015-02-06,INTC,sell,283.2156161172392,26.21108800880732,7423.389439517546,18.558473598793864,rebalance,rebalance,-39.51164224299944
2015-02-05,2015-02-06,IT,sell,95.19255157017045,78.61000061035156,7483.086537032022,18.707716342580053,rebalance,rebalance,-391.46262255704323
2015-02-05,2015-02-06,MPWR,sell,185.19188205309354,42.75523751383281,7917.922902813726,19.794807257034314,rebalance,rebalance,-24.514429523284555
2015-02-05,2015-02-06,NTAP,sell,262.95780440646627,29.293435655561893,7702.937523508649,19.257343808771623,rebalance,rebalance,-686.3647020801391
2015-02-05,2015-02-06,VRSN,sell,143.96716943551777,57.398204658323756,8263.457055339422,20.658642638348557,rebalance,rebalance,320.155887621097
2015-02-05,2015-02-06,AVGO,buy,155.19015793328163,7.997687062375672,1241.1623183110437,3.1029057957776094,rebalance,rebalance,0.0
2015-02-05,2015-02-06,BAH,buy,43.67106630240232,23.50379139767723,1026.4356324857956,2.566089081214489,rebalance,rebalance,0.0
2015-02-05,2015-02-06,CACI,buy,20.904900255798864,85.5,1787.3689718708029,4.468422429677007,rebalance,rebalance,0.0
2015-02-05,2015-02-06,CHKP,buy,123.15852033096665,77.91000366210938,9595.280770005584,23.98820192501396,rebalance,rebalance,0.0
2015-02-05,2015-02-06,CTSH,buy,191.1713170859115,50.19205242852153,9595.280770005584,23.98820192501396,rebalance,rebalance,0.0
2015-02-05,2015-02-06,FTNT,buy,1499.7313417800701,6.3979997634887695,9595.280770005584,23.98820192501396,rebalance,rebalance,0.0
2015-02-05,2015-02-06,KLAC,buy,438.9421693987622,5.124728082768851,2249.4592622293185,5.623648155573297,rebalance,rebalance,0.0
2015-02-05,2015-02-06,LDOS,buy,380.867084632901,25.193252862094926,9595.280770005584,23.98820192501396,rebalance,rebalance,0.0
2015-02-05,2015-02-06,NOW,buy,649.0314199483436,14.784000396728516,9595.280770005584,23.98820192501396,rebalance,rebalance,0.0
2015-02-05,2015-02-06,NXPI,buy,137.97564491823954,69.54329349713477,9595.280770005584,23.98820192501396,rebalance,rebalance,0.0
2015-02-05,2015-02-06,ON,buy,902.6604578273087,10.630000114440918,9595.280770005584,23.98820192501396,rebalance,rebalance,0.0
2015-02-05,2015-02-06,PANW,buy,76.49066899817637,21.268333435058594,1626.8290529239143,4.067072632309786,rebalance,rebalance,0.0
2015-02-05,2015-02-06,SAIC,buy,222.6399168223481,43.09775581555746,9595.280770005584,23.98820192501396,rebalance,rebalance,0.0
2015-02-05,2015-02-06,SWKS,buy,10.09867004060257,64.23083791245463,648.6460385093053,1.6216150962732634,rebalance,rebalance,0.0
2015-02-05,2015-02-06,VEEV,buy,42.742931290241984,30.0,1282.2879387072594,3.2057198467681487,rebalance,rebalance,0.0
2015-03-06,2015-03-09,AVGO,sell,131.9597124849738,9.617241502701617,1269.0884235950627,3.172721058987657,rebalance,rebalance,462.3624671482561
2015-03-06,2015-03-09,CHKP,sell,123.15852033096665,82.2300033569336,10127.325540250362,25.318313850625906,rebalance,rebalance,482.73825446913946
2015-03-06,2015-03-09,CTSH,sell,0.18975327848463053,53.77097068584957,10.203217974940918,0.025508044937352294,rebalance,rebalance,0.629793161563684
2015-03-06,2015-03-09,KLAC,sell,1872.349247615364,4.9578836971520115,9282.889810127048,23.20722452531762,rebalance,rebalance,-520.1344633584263
2015-03-06,2015-03-09,LDOS,sell,380.867084632901,26.566445017580254,10118.284462906051,25.295711157265128,rebalance,rebalance,473.7197798181876
2015-03-06,2015-03-09,NXPI,sell,18.970414967857735,86.29254422943042,1637.0053726645124,4.092513431661281,rebalance,rebalance,310.3495605210019
2015-03-06,2015-03-09,ON,sell,902.6604578273087,12.930000305175781,11671.399995177213,29.178499987943034,rebalance,rebalance,2022.9525232586732
2015-03-06,2015-03-09,PANW,sell,12.826689593835283,23.428333282470703,300.5079587151718,0.7512698967879295,rebalance,rebalance,70.61607649002742
2015-03-06,2015-03-09,SAIC,sell,222.6399168223481,43.287371079255855,9637.496696543642,24.093741741359104,rebalance,rebalance,-5.866017128315338
2015-03-06,2015-03-09,SWKS,sell,6.329907545340831,71.78415235722846,454.38704764191624,1.1359676191047907,rebalance,rebalance,191.5801497858155
2015-03-06,2015-03-09,VEEV,sell,319.84269233351944,24.559999465942383,7855.336352896811,19.63834088224203,rebalance,rebalance,-1439.7429761212225
2015-03-06,2015-03-09,AAPL,buy,361.56437463851194,28.402311702567367,10269.26406902686,25.67316017256715,rebalance,rebalance,0.0
2015-03-06,2015-03-09,BAH,buy,29.277428426134236,23.471456357868956,687.1838835746418,1.7179597089366043,rebalance,rebalance,0.0
2015-03-06,2015-03-09,CACI,buy,6.111256000120449,86.77999877929688,530.3347882304232,1.325836970576058,rebalance,rebalance,0.0
2015-03-06,2015-03-09,EPAM,buy,171.89929327920328,59.7400016784668,10269.26406902686,25.67316017256715,rebalance,rebalance,0.0
2015-03-06,2015-03-09,FTNT,buy,23.898393792338084,6.739999771118164,161.07516869045043,0.40268792172612605,rebalance,rebalance,0.0
2015-03-06,2015-03-09,GLW,buy,571.3624367769079,17.97329227128832,10269.26406902686,25.67316017256715,rebalance,rebalance,0.0
2015-03-06,2015-03-09,IT,buy,126.96914463103401,80.87999725341797,10269.26406902686,25.67316017256715,rebalance,rebalance,0.0
2015-03-06,2015-03-09,MRVL,buy,692.5401475790823,14.828402519226074,10269.26406902686,25.67316017256715,rebalance,rebalance,0.0
2015-03-06,2015-03-09,NOW,buy,44.83776496258997,14.800000190734863,663.5989299984566,1.6589973249961414,rebalance,rebalance,0.0
2015-03-06,2015-03-09,TXN,buy,242.89172802241336,42.279184032480686,10269.26406902686,25.67316017256715,rebalance,rebalance,0.0
2015-04-06,2015-04-07,AAPL,sell,81.53884816033951,28.33128631931343,2310.1004533776018,5.775251133444004,rebalance,rebalance,-17.35630852741218
2015-04-06,2015-04-07,AVGO,sell,236.98071156252138,9.549019501605803,2262.9334362149366,5.657333590537341,rebalance,rebalance,814.2097764359771
2015-04-06,2015-04-07,BAH,sell,437.5213839504264,23.26132021416498,10177.32501261549,25.443312531538727,rebalance,rebalance,537.8050927708441
2015-04-06,2015-04-07,CACI,sell,118.3367620820571,88.08999633789062,10424.284938446244,26.06071234611561,rebalance,rebalance,152.0836815186732
2015-04-06,2015-04-07,CTSH,sell,45.209958310701666,54.42406523777921,2460.5097204989056,6.151274301247264,rebalance,rebalance,179.50489688109317
2015-04-06,2015-04-07,EPAM,sell,52.29303444663903,66.33000183105469,3468.5970705969726,8.671492676492432,rebalance,rebalance,328.1296473921068
2015-04-06,2015-04-07,FTNT,sell,371.17715428283213,6.883999824523926,2555.1834649503066,6.387958662375767,rebalance,rebalance,166.07108852415553
2015-04-06,2015-04-07,GLW,sell,97.00607438723705,16.724732703916906,1622.4006647828196,4.056001661957049,rebalance,rebalance,-129.53266024891488
2015-04-06,2015-04-07,IT,sell,126.96914463103401,83.7699966430664,10636.204819514733,26.59051204878683,rebalance,rebalance,314.6770782665182
2015-04-06,2015-04-07,MRVL,sell,108.88258437686454,13.592702069759529,1480.008530020173,3.700021325050433,rebalance,rebalance,-142.28266674980537
2015-04-06,2015-04-07,NOW,sell,189.77187841232399,15.73799991607666,2986.629806526865,7.466574516317163,rebalance,rebalance,166.36504080100372
2015-04-06,2015-04-07,NXPI,sell,28.763527823236288,87.91371594688842,2528.7086146824167,6.321771536706042,rebalance,rebalance,517.0756095778269
2015-04-06,2015-04-07,PANW,sell,102.96740893305991,23.656667709350586,2435.8657780222156,6.089664445055539,rebalance,rebalance,590.3291572771263
2015-04-06,2015-04-07,SWKS,sell,37.837573974847714,75.39903170686702,2852.916439840469,7.132291099601173,rebalance,rebalance,1281.6233598210933
2015-04-06,2015-04-07,TXN,sell,51.70485973912389,41.495963810726884,2145.5429885733943,5.3638574714334855,rebalance,rebalance,-51.32524738276931
2015-04-06,2015-04-07,LDOS,buy,311.99624434012037,25.4281373936058,7933.4833673695875,19.83370841842397,rebalance,rebalance,0.0
2015-04-06,2015-04-07,NICE,buy,135.9484336714697,58.356563243247706,7933.4833673695875,19.83370841842397,rebalance,rebalance,0.0
2015-04-06,2015-04-07,ON,buy,685.1021951328788,11.579999923706055,7933.4833673695875,19.83370841842397,rebalance,rebalance,0.0
2015-05-04,2015-05-05,AAPL,sell,280.0255264781724,28.444488016495587,7965.182732221243,19.912956830553107,rebalance,rebalance,-27.985943037165775
2015-05-04,2015-05-05,GLW,sell,474.35636238967084,15.962134349349823,7571.739985932797,18.929349964831992,rebalance,rebalance,-994.2492698616821
2015-05-04,2015-05-05,LDOS,sell,311.99624434012037,25.50525060693862,7957.542400318425,19.893856000796063,rebalance,rebalance,-15.668531470381664
2015-05-04,2015-05-05,MRVL,sell,583.6575632022177,12.726809405406525,7428.098564898638,18.570246412246597,rebalance,rebalance,-1266.8177352681082
2015-05-04,2015-05-05,NOW,sell,504.09730649860956,14.600000381469727,7359.820867177561,18.399552167943902,rebalance,rebalance,-130.30739303488647
2015-05-04,2015-05-05,ADI,buy,183.50742328027638,50.234856622994265,9218.469097739804,23.046172744349512,rebalance,rebalance,0.0
2015-05-04,2015-05-05,AMZN,buy,436.0160402509253,21.142499923706055,9218.469097739804,23.046172744349512,rebalance,rebalance,0.0
2015-05-04,2015-05-05,AVGO,buy,186.09201957516632,9.065189772999046,1686.9594726895361,4.21739868172384,rebalance,rebalance,0.0
2015-05-04,2015-05-05,CDW,buy,273.24902301626474,33.736512562722275,9218.469097739804,23.046172744349512,rebalance,rebalance,0.0
2015-05-04,2015-05-05,CTSH,buy,22.61378446687013,54.74625262757549,1238.0199572888146,3.0950498932220363,rebalance,rebalance,0.0
2015-05-04,2015-05-05,EPAM,buy,18.003375317393917,66.98999786376953,1206.0460740528597,3.0151151851321494,rebalance,rebalance,0.0
2015-05-04,2015-05-05,FTNT,buy,43.1983982343329,7.710000038146973,333.05965203459476,0.8326491300864869,rebalance,rebalance,0.0
2015-05-04,2015-05-05,MCHP,buy,479.4286243930594,19.228032346650302,9218.469097739804,23.046172744349512,rebalance,rebalance,0.0
2015-05-04,2015-05-05,MPWR,buy,193.7188405751893,47.58684839517085,9218.469097739804,23.046172744349512,rebalance,rebalance,0.0
2015-05-04,2015-05-05,NICE,buy,18.186231567155687,59.80788996082175,1087.68013637047,2.719200340926175,rebalance,rebalance,0.0
2015-05-04,2015-05-05,NXPI,buy,15.123329553252674,87.4907827646464,1323.1519406217865,3.3078798515544663,rebalance,rebalance,0.0
2015-05-04,2015-05-05,ON,buy,63.75798224369055,12.3100004196167,784.8607881737447,1.9621519704343617,rebalance,rebalance,0.0
2015-05-04,2015-05-05,PANW,buy,29.367481543528584,25.274999618530273,742.2630848098798,1.8556577120246995,rebalance,rebalance,0.0
2015-05-04,2015-05-05,SWKS,buy,13.368025536749741,77.7352678739247,1039.1670460447071,2.597917615111768,rebalance,rebalance,0.0
2015-05-04,2015-05-05,TXN,buy,36.515708001483006,40.484693885109486,1478.3272604380825,3.695818151095206,rebalance,rebalance,0.0
2015-06-02,2015-06-03,CDW,sell,273.24902301626474,32.238620564696056,8809.171572695259,22.022928931738146,rebalance,rebalance,-454.36662672063323
2015-06-02,2015-06-03,CTSH,sell,168.38538996359534,57.23670805228107,9637.825405615806,24.094563514039514,rebalance,rebalance,1037.7483290741386
2015-06-02,2015-06-03,MCHP,sell,479.4286243930594,19.34568794787136,9274.876560785355,23.187191401963386,rebalance,rebalance,10.174098899237823
2015-06-02,2015-06-03,TXN,sell,227.70257628477248,40.84557872188476,9300.643504815645,23.251608762039115,rebalance,rebalance,-308.06403325026827
2015-06-02,2015-06-03,ADI,buy,25.644752300508713,54.577655512449,1399.6304567592485,3.4990761418981213,rebalance,rebalance,0.0
2015-06-02,2015-06-03,AKAM,buy,151.03248361972214,75.58000183105469,11415.035388527336,28.53758847131834,rebalance,rebalance,0.0
2015-06-02,2015-06-03,AMZN,buy,89.53809185757933,21.719999313354492,1944.7672936656945,4.861918234164237,rebalance,rebalance,0.0
2015-06-02,2015-06-03,AVGO,buy,18.925941039517056,11.020134348974187,208.56641293624213,0.5214160323406053,rebalance,rebalance,0.0
2015-06-02,2015-06-03,CIEN,buy,464.592410676015,24.56999969482422,11415.035388527336,28.53758847131834,rebalance,rebalance,0.0
2015-06-02,2015-06-03,CRM,buy,158.61931397935814,71.96497766982417,11415.035388527336,28.53758847131834,rebalance,rebalance,0.0
2015-06-02,2015-06-03,EPAM,buy,21.90735548074491,71.55999755859375,1567.6903047173512,3.919225761793378,rebalance,rebalance,0.0
2015-06-02,2015-06-03,FTNT,buy,233.01431653652548,7.989999771118164,1861.784335794094,4.654460839485235,rebalance,rebalance,0.0
2015-06-02,2015-06-03,MPWR,buy,37.06654071168015,49.461691745276916,1833.3738107448808,4.583434526862202,rebalance,rebalance,0.0
2015-06-02,2015-06-03,NICE,buy,25.598056543295456,63.51116967102851,1625.7625123698194,4.0644062809245485,rebalance,rebalance,0.0
2015-06-02,2015-06-03,NOW,buy,757.0656145738006,15.07800006866455,11415.035388527336,28.53758847131834,rebalance,rebalance,0.0
2015-06-02,2015-06-03,NXPI,buy,10.580901467062034,98.4513650341636,1041.7041927242415,2.604260481810604,rebalance,rebalance,0.0
2015-06-02,2015-06-03,ON,buy,96.69799955138149,13.5,1305.42299394365,3.263557484859125,rebalance,rebalance,0.0
2015-06-02,2015-06-03,PANW,buy,39.03559231755736,28.27166748046875,1103.6012859051223,2.7590032147628056,rebalance,rebalance,0.0
2015-06-02,2015-06-03,SWKS,buy,14.580158065334643,85.71896232885125,1249.796019951117,3.1244900498777923,rebalance,rebalance,0.0
2015-06-30,2015-07-01,ADI,sell,21.0408958843783,52.172647060013986,1097.7592348021699,2.744398087005425,rebalance,rebalance,24.15405120203926
2015-06-30,2015-07-01,AKAM,sell,11.427035859178886,70.30000305175781,803.3206557728216,2.0083016394320543,rebalance,rebalance,-64.50217550477883
2015-06-30,2015-07-01,AMZN,sell,78.79127348369536,21.967500686645508,1730.8473543547518,4.327118385886879,rebalance,rebalance,48.73963900265175
2015-06-30,2015-07-01,AVGO,sell,71.19028729707952,10.173972166990577,724.2880015205499,1.8107200038013747,rebalance,rebalance,244.17360070094767
2015-06-30,2015-07-01,CIEN,sell,56.175301929846285,24.030000686645508,1349.892543946725,3.3747313598668125,rebalance,rebalance,-37.15990656430575
2015-06-30,2015-07-01,CRM,sell,17.162049936301713,69.37970609003837,1190.6979804831747,2.976744951207937,rebalance,rebalance,-50.43297125347932
2015-06-30,2015-07-01,EPAM,sell,23.528855328223955,72.16999816894531,1698.077445955302,4.245193614888255,rebalance,rebalance,227.11378596661248
2015-06-30,2015-07-01,FTNT,sell,255.83267562350852,8.368000030517578,2140.807837424913,5.352019593562282,rebalance,rebalance,416.6680328610799
2015-06-30,2015-07-01,MPWR,sell,230.78538128686944,46.58252483764943,10750.56575596199,26.876414389904976,rebalance,rebalance,-355.7831741838098
2015-06-30,2015-07-01,NICE,sell,24.700695027449513,63.3047481160221,1563.671277003371,3.9091781925084277,rebalance,rebalance,92.89543106573984
2015-06-30,2015-07-01,NOW,sell,757.0656145738006,15.083999633789062,11419.5774529855,28.548943632463754,rebalance,rebalance,-52.54446764561793
2015-06-30,2015-07-01,NXPI,sell,5.077415833186691,88.52164384762355,449.4611960516371,1.1236529901290928,rebalance,rebalance,69.01072308269232
2015-06-30,2015-07-01,ON,sell,11.011985380693773,11.760000228881836,129.5009505974022,0.3237523764935055,rebalance,rebalance,-1.6920125233358263
2015-06-30,2015-07-01,PANW,sell,70.30305983992395,29.43166732788086,2069.1362693407427,5.172840673351857,rebalance,rebalance,698.6095226117504
2015-06-30,2015-07-01,SWKS,sell,16.017558939652403,83.77476847494054,1341.8672917030942,3.3546682292577357,rebalance,rebalance,539.3249080420948
2015-06-30,2015-07-01,AAPL,buy,346.9815128281399,28.284686765053145,9814.263403608207,24.535658509020518,rebalance,rebalance,0.0
2015-06-30,2015-07-01,CTSH,buy,182.40158391801535,53.8058014234101,9814.263403608207,24.535658509020518,rebalance,rebalance,0.0
2015-07-29,2015-07-30,AAPL,sell,346.9815128281399,27.26385445887506,9460.053465666695,23.650133664166738,rebalance,rebalance,-402.3957301146974
2015-07-29,2015-07-30,ADI,sell,5.081022669442433,47.02592689645854,238.9398006124485,0.5973495015311212,rebalance,rebalance,-20.25242797162263
2015-07-29,2015-07-30,AKAM,sell,21.179918720237254,72.68000030517578,1539.356499050442,3.848391247626105,rebalance,rebalance,-69.27213359344812
2015-07-29,2015-07-30,AMZN,sell,120.51752227108165,26.38249969482422,3179.5534945377826,7.948883736344457,rebalance,rebalance,605.3056855441018
2015-07-29,2015-07-30,AVGO,sell,60.31290993171865,9.517714835251246,574.0410776142908,1.435102694035727,rebalance,rebalance,167.3837470527136
2015-07-29,2015-07-30,CIEN,sell,57.39070882353781,24.520000457763672,1407.2202066245286,3.5180505165613214,rebalance,rebalance,-9.912766417802242
2015-07-29,2015-07-30,CRM,sell,22.634146029665132,72.43680885246607,1639.545309489657,4.098863273724143,rebalance,rebalance,2.508468081541367
2015-07-29,2015-07-30,CTSH,sell,182.40158391801535,53.8406334538617,9820.616821133659,24.551542052834147,rebalance,rebalance,-42.73378303640204
2015-07-29,2015-07-30,EPAM,sell,19.201596402963887,73.69999694824219,1415.1575962998165,3.5378939907495415,rebalance,rebalance,214.649614507955
2015-07-29,2015-07-30,FTNT,sell,263.1763549590338,9.461999893188477,2490.1746425121105,6.225436606280276,rebalance,rebalance,715.8236015664077
2015-07-29,2015-07-30,NICE,sell,17.20607171708508,62.44953996114368,1074.5112632704088,2.6862781581760222,rebalance,rebalance,50.03134503139877
2015-07-29,2015-07-30,NXPI,sell,9.10878560935744,84.58323683231788,770.4505704510893,1.9261264261277233,rebalance,rebalance,88.01947996772435
2015-07-29,2015-07-30,ON,sell,29.385497005730713,10.6899995803833,314.13095066061607,0.7853273766515402,rebalance,rebalance,-35.87903217276624
2015-07-29,2015-07-30,PANW,sell,52.255906983420914,30.608333587646484,1599.4662328735728,3.998665582183932,rebalance,rebalance,580.6069498908258
2015-07-29,2015-07-30,SWKS,sell,2.741228229155581,75.23132275697769,206.2262256581419,0.5155655641453548,rebalance,rebalance,68.93851309021665
2015-07-29,2015-07-30,ANET,buy,1709.8917087557497,5.033750057220459,8607.167486790044,21.51791871697511,rebalance,rebalance,0.0
2015-07-29,2015-07-30,UI,buy,293.4224986403166,29.333699790147616,8607.167486790044,21.51791871697511,rebalance,rebalance,0.0
2015-08-26,2015-08-27,ADI,sell,183.03025702696436,44.241063507618215,8097.453224945615,20.243633062364037,market_trend_exit,risk_exit,-1237.9795469063833
2015-08-26,2015-08-27,AKAM,sell,118.425529040306,69.08999633789062,8182.019367707501,20.455048419268753,market_trend_exit,risk_exit,-811.4138866759896
2015-08-26,2015-08-27,AMZN,sell,326.2453363537276,25.68549919128418,8379.774323073905,20.949435807684765,market_trend_exit,risk_exit,1411.7599271057597
2015-08-26,2015-08-27,ANET,sell,1709.8917087557497,4.693749904632568,8025.80404490432,20.064510112260802,market_trend_exit,risk_exit,-622.9458707149599
2015-08-26,2015-08-27,AVGO,sell,904.3313059676088,9.121077414877586,8248.475850427909,20.62118962606977,market_trend_exit,risk_exit,2151.9557040208065
2015-08-26,2015-08-27,CIEN,sell,351.0263999226309,22.510000228881836,7901.604342601989,19.754010856504973,market_trend_exit,risk_exit,-764.4300035762367
2015-08-26,2015-08-27,CRM,sell,118.8231180133913,68.13129658139125,8095.573094096016,20.238932735240038,market_trend_exit,risk_exit,-497.1466307180419
2015-08-26,2015-08-27,EPAM,sell,116.78653789951524,70.08000183105469,8184.400789840565,20.461001974601412,market_trend_exit,risk_exit,883.8163236526867
2015-08-26,2015-08-27,FTNT,sell,909.6562654778921,8.631999969482422,7852.152855844659,19.630382139611648,market_trend_exit,risk_exit,1721.0823544374834
2015-08-26,2015-08-27,NICE,sell,137.82595503738625,59.181423438632855,8156.736205901529,20.39184051475382,market_trend_exit,risk_exit,-48.53865793741984
2015-08-26,2015-08-27,NXPI,sell,101.75973170491609,77.23506533166248,7859.41952636164,19.6485488159041,market_trend_exit,risk_exit,237.44004825153152
2015-08-26,2015-08-27,ON,sell,805.1606945415264,9.59000015258789,7721.49118351101,19.303727958777525,market_trend_exit,risk_exit,-1866.5452456074904
2015-08-26,2015-08-27,PANW,sell,281.2034004446389,28.333332061767578,7967.429321696154,19.918573304240386,market_trend_exit,risk_exit,2486.2667845099654
2015-08-26,2015-08-27,SWKS,sell,114.40935997621723,70.4892838955918,8064.633855676534,20.161584639191336,market_trend_exit,risk_exit,2336.0771673958498
2015-08-26,2015-08-27,UI,sell,293.4224986403166,32.404363891991956,9508.169420038334,23.770423550095835,market_trend_exit,risk_exit,855.7135909812198
2015-10-22,2015-10-23,ADBE,buy,82.45376923750365,89.0,7338.385462137825,18.345963655344562,rebalance,rebalance,0.0
2015-10-22,2015-10-23,AMZN,buy,237.61123161602066,30.884000778198242,7338.385462137825,18.345963655344562,rebalance,rebalance,0.0
2015-10-22,2015-10-23,AVGO,buy,758.1827384588979,9.678913921271828,7338.385462137825,18.345963655344562,rebalance,rebalance,0.0
2015-10-22,2015-10-23,CDNS,buy,345.1733482189048,21.260000228881836,7338.385462137825,18.345963655344562,rebalance,rebalance,0.0
2015-10-22,2015-10-23,CDW,buy,184.39430672038722,39.7972453307121,7338.385462137825,18.345963655344562,rebalance,rebalance,0.0
2015-10-22,2015-10-23,CRM,buy,95.46476970874392,76.8700902388044,7338.385462137825,18.345963655344562,rebalance,rebalance,0.0
2015-10-22,2015-10-23,CTSH,buy,122.40120475460324,59.95353948394731,7338.385462137825,18.345963655344562,rebalance,rebalance,0.0
2015-10-22,2015-10-23,EPAM,buy,93.62574278245225,78.37999725341797,7338.385462137824,18.345963655344562,rebalance,rebalance,0.0
2015-10-22,2015-10-23,FTNT,buy,1005.258256219182,7.300000190734863,7338.385462137825,18.345963655344562,rebalance,rebalance,0.0
2015-10-22,2015-10-23,GOOGL,buy,197.40972579725627,37.17337346222999,7338.385462137825,18.345963655344562,rebalance,rebalance,0.0
2015-10-22,2015-10-23,IT,buy,82.63017299709094,88.80999755859375,7338.385462137825,18.345963655344562,rebalance,rebalance,0.0
2015-10-22,2015-10-23,META,buy,72.64083409865748,101.02286893032043,7338.385462137825,18.345963655344562,rebalance,rebalance,0.0
2015-10-22,2015-10-23,PANW,buy,273.31044163419614,26.850000381469727,7338.385462137826,18.345963655344566,rebalance,rebalance,0.0
2015-10-22,2015-10-23,UI,buy,258.84649707748207,28.350337149593265,7338.385462137824,18.345963655344562,rebalance,rebalance,0.0
2015-10-22,2015-10-23,VRSN,buy,98.54365278725491,74.46837269144676,7338.385462137825,18.345963655344562,rebalance,rebalance,0.0
2015-11-19,2015-11-20,AVGO,sell,758.1827384588979,9.58323982778413,7265.847015937749,18.164617539844375,rebalance,rebalance,-109.04902739526442
2015-11-19,2015-11-20,CRM,sell,95.46476970874392,79.52418218781062,7591.757738835536,18.97939434708884,rebalance,rebalance,216.0469186952775
2015-11-19,2015-11-20,CTSH,sell,122.40120475460324,57.28894706920857,7012.236140393825,17.530590350984564,rebalance,rebalance,-362.0258757503278
2015-11-19,2015-11-20,IT,sell,82.63017299709094,87.80999755859375,7255.755289140734,18.139388222851835,rebalance,rebalance,-119.11552487528719
2015-11-19,2015-11-20,PANW,sell,273.31044163419614,27.90833282470703,7627.6387695948115,19.06909692398703,rebalance,rebalance,251.8382468776542
2015-11-19,2015-11-20,UI,sell,258.84649707748207,32.024001014922334,8289.300485118376,20.72325121279594,rebalance,rebalance,911.8458081124121
2015-11-19,2015-11-20,ADBE,buy,39.39131533519682,92.33000183105469,3637.000217026375,9.092500542565938,rebalance,rebalance,0.0
2015-11-19,2015-11-20,AMZN,buy,99.24408765165688,33.39699935913086,3314.454731699912,8.28613682924978,rebalance,rebalance,0.0
2015-11-19,2015-11-20,BAH,buy,461.6087378204778,24.371195690142283,11249.956881702448,28.12489220425612,rebalance,rebalance,0.0
2015-11-19,2015-11-20,CDNS,buy,162.72539107908358,22.149999618530273,3604.367350326891,9.010918375817228,rebalance,rebalance,0.0
2015-11-19,2015-11-20,CDW,buy,99.15858872533286,39.67498502887269,3934.115523161726,9.835288807904314,rebalance,rebalance,0.0
2015-11-19,2015-11-20,EPAM,buy,56.23381399703297,75.06999969482422,4221.472399596067,10.553680998990167,rebalance,rebalance,0.0
2015-11-19,2015-11-20,FTNT,buy,624.6978380337456,6.9019999504089355,4311.664447129481,10.779161117823703,rebalance,rebalance,0.0
2015-11-19,2015-11-20,GOOGL,buy,97.65625824281301,38.126919028981426,3723.3322506970317,9.30833062674258,rebalance,rebalance,0.0
2015-11-19,2015-11-20,KLAC,buy,2012.9301718667373,5.588846070735549,11249.956881702448,28.12489220425612,rebalance,rebalance,0.0
2015-11-19,2015-11-20,LDOS,buy,325.8738530324242,34.5224287773192,11249.95688170245,28.124892204256128,rebalance,rebalance,0.0
2015-11-19,2015-11-20,META,buy,33.581090548899,105.90993261541549,3556.5710371860587,8.891427592965147,rebalance,rebalance,0.0
2015-11-19,2015-11-20,MPWR,buy,186.21777874155833,60.4129044913357,11249.956881702448,28.12489220425612,rebalance,rebalance,0.0
2015-11-19,2015-11-20,MSFT,buy,238.33439252599058,47.2024065115807,11249.956881702448,28.12489220425612,rebalance,rebalance,0.0
2015-11-19,2015-11-20,NTAP,buy,472.51234518523404,23.808810492120045,11249.956881702448,28.12489220425612,rebalance,rebalance,0.0
2015-11-19,2015-11-20,VRSN,buy,33.32542524989243,85.31156089931372,2843.0440457017253,7.107610114254314,rebalance,rebalance,0.0
2015-12-18,2015-12-21,ADBE,sell,121.84508457270047,92.16000366210938,11229.243440430102,28.073108601075255,market_trend_exit,risk_exit,198.34618846691754
2015-12-18,2015-12-21,AMZN,sell,336.85531926767754,33.42499923706055,11259.388789521909,28.14847197380477,market_trend_exit,risk_exit,551.768023225773
2015-12-18,2015-12-21,BAH,sell,461.6087378204778,23.977575989814728,11068.25858865297,27.670646471632427,market_trend_exit,risk_exit,-237.49383172536588
2015-12-18,2015-12-21,CDNS,sell,507.89873929798836,21.110000610351562,10721.742696577323,26.804356741443307,market_trend_exit,risk_exit,-275.1713546599968
2015-12-18,2015-12-21,CDW,sell,283.5528954457201,37.50289053707381,10634.053199371176,26.58513299842794,market_trend_exit,risk_exit,-693.2141713900533
2015-12-18,2015-12-21,EPAM,sell,149.85955677948522,80.0,11988.764542358818,29.971911355897046,market_trend_exit,risk_exit,370.0351246146952
2015-12-18,2015-12-21,FTNT,sell,1629.9560942529276,6.300000190734863,10268.723704682898,25.671809261707246,market_trend_exit,risk_exit,-1436.123138619285
2015-12-18,2015-12-21,GOOGL,sell,295.0659840400693,37.817164586506095,11158.55888232268,27.896397205806704,market_trend_exit,risk_exit,41.290477999930445
2015-12-18,2015-12-21,KLAC,sell,2012.9301718667373,5.620543097672186,11313.760783581678,28.284401958954195,market_trend_exit,risk_exit,7.394607716020001
2015-12-18,2015-12-21,LDOS,sell,325.8738530324242,35.057724511599886,11424.395765144318,28.560989412860796,market_trend_exit,risk_exit,117.75300182475145
2015-12-18,2015-12-21,META,sell,106.22192464755648,103.99674416665293,11046.734322461416,27.616835806153542,market_trend_exit,risk_exit,96.92359608306995
2015-12-18,2015-12-21,MPWR,sell,186.21777874155833,57.921182432652266,10785.953934693076,26.96488483673269,market_trend_exit,risk_exit,-519.0927240503609
2015-12-18,2015-12-21,MSFT,sell,238.33439252599058,47.75056944515799,11380.602961481858,28.451507403704646,market_trend_exit,risk_exit,74.06968017144982
2015-12-18,2015-12-21,NTAP,sell,472.51234518523404,21.29940094805335,10064.229893005286,25.160574732513215,market_trend_exit,risk_exit,-1239.0124556339313
2015-12-18,2015-12-21,VRSN,sell,131.86907803714735,85.25263483533483,11242.186355973196,28.10546588993299,market_trend_exit,risk_exit,1007.1978084741128
2016-03-17,2016-03-18,AMAT,buy,605.23360820324,18.148444645573353,10984.048636117132,27.46012159029283,rebalance,rebalance,0.0
2016-03-17,2016-03-18,CACI,buy,108.97954694258732,100.79000091552734,10984.048636117132,27.46012159029283,rebalance,rebalance,0.0
2016-03-17,2016-03-18,CSCO,buy,533.2026679421609,20.600138177306764,10984.048636117132,27.46012159029283,rebalance,rebalance,0.0
2016-03-17,2016-03-18,GLW,buy,709.9537181171038,15.471499558095646,10984.048636117132,27.46012159029283,rebalance,rebalance,0.0
2016-03-17,2016-03-18,GOOGL,buy,290.99292236709766,37.74678967023251,10984.048636117133,27.460121590292832,rebalance,rebalance,0.0
2016-03-17,2016-03-18,INTU,buy,117.967969715426,93.1104321165647,10984.048636117132,27.46012159029283,rebalance,rebalance,0.0
2016-03-17,2016-03-18,KLAC,buy,1837.5188859936216,5.977652104608224,10984.048636117132,27.46012159029283,rebalance,rebalance,0.0
2016-03-17,2016-03-18,LDOS,buy,364.79053397473325,30.110563770489527,10984.048636117132,27.46012159029283,rebalance,rebalance,0.0
2016-03-17,2016-03-18,LSCC,buy,1786.0241407786336,6.150000095367432,10984.048636117132,27.46012159029283,rebalance,rebalance,0.0
2016-03-17,2016-03-18,META,buy,99.32329373132062,110.58884802823871,10984.048636117132,27.46012159029283,rebalance,rebalance,0.0
2016-03-17,2016-03-18,MPWR,buy,197.02692345651138,55.748973000340115,10984.048636117132,27.46012159029283,rebalance,rebalance,0.0
2016-03-17,2016-03-18,MRVL,buy,1170.031579042712,9.387822374079835,10984.048636117132,27.46012159029283,rebalance,rebalance,0.0
2016-03-17,2016-03-18,MSFT,buy,228.223520921881,48.12846893145987,10984.048636117132,27.46012159029283,rebalance,rebalance,0.0
2016-03-17,2016-03-18,TXN,buy,257.1955695855166,42.70699006914649,10984.048636117132,27.46012159029283,rebalance,rebalance,0.0
2016-03-17,2016-03-18,VRSN,buy,124.0946845523039,88.5134498366651,10984.048636117132,27.46012159029283,rebalance,rebalance,0.0
2016-04-15,2016-04-18,AMAT,sell,57.96326389996955,19.084848738181112,1106.2201239021927,2.765550309755482,rebalance,rebalance,48.881629511166295
2016-04-15,2016-04-18,CACI,sell,10.27824501439359,105.81999969482422,1087.6438842864584,2.719109710716146,rebalance,rebalance,46.39058935397097
2016-04-15,2016-04-18,CSCO,sell,533.2026679421609,20.545515139279125,10954.923486509688,27.38730871627422,rebalance,rebalance,-83.97257991400978
2016-04-15,2016-04-18,GLW,sell,53.75683745805236,15.91682625712912,855.6382419525501,2.1390956048813754,rebalance,rebalance,19.72101215334996
2016-04-15,2016-04-18,GOOGL,sell,20.87445329834793,38.666633110755164,807.1448270748124,2.017862067687031,rebalance,rebalance,15.213507877960296
2016-04-15,2016-04-18,INTU,sell,117.967969715426,94.5010245350564,11148.094000428262,27.870235001070654,rebalance,rebalance,108.71500771976841
2016-04-15,2016-04-18,KLAC,sell,125.17995149181411,6.099593678256802,763.5468407639626,1.9088671019099064,rebalance,rebalance,11.48506767103008
2016-04-15,2016-04-18,LDOS,sell,364.79053397473325,32.11918786102748,11716.775690658984,29.29193922664746,rebalance,rebalance,675.9749937249115
2016-04-15,2016-04-18,META,sell,3.311889484751674,108.78469929569289,360.2829016992781,0.9007072542481953,rebalance,rebalance,-7.791493577783579
2016-04-15,2016-04-18,MPWR,sell,197.02692345651138,58.95473300589684,11615.669667351902,29.039174168379756,rebalance,rebalance,575.1217354760983
2016-04-15,2016-04-18,MRVL,sell,1170.031579042712,9.322765082798579,10907.929550871082,27.269823877177707,rebalance,rebalance,-130.8490307135196
2016-04-15,2016-04-18,MSFT,sell,13.438285935133536,48.62797827124689,653.4766764564763,1.6336916911411907,rebalance,rebalance,3.4619473263837297
2016-04-15,2016-04-18,TXN,sell,257.1955695855166,44.098229991297245,11341.869380324804,28.35467345081201,rebalance,rebalance,302.0059491665678
2016-04-15,2016-04-18,VRSN,sell,4.111093145940643,87.05000090009217,357.8706620544957,0.8946766551362393,rebalance,rebalance,-7.820769140083027
2016-04-15,2016-04-18,AVGO,buy,879.8107603173146,11.871384405611554,10444.571739920213,26.111429349800535,rebalance,rebalance,0.0
2016-04-15,2016-04-18,GEN,buy,1219.1756702121047,8.566912869991189,10444.571739920213,26.111429349800535,rebalance,rebalance,0.0
2016-04-15,2016-04-18,LRCX,buy,1469.6467376929525,7.106858724645675,10444.571739920213,26.111429349800535,rebalance,rebalance,0.0
2016-04-15,2016-04-18,LSCC,buy,62.57259614601958,5.650000095367432,353.5351741923984,0.8838379354809961,rebalance,rebalance,0.0
2016-04-15,2016-04-18,NICE,buy,162.71842855599664,64.1880076682642,10444.571739920213,26.111429349800535,rebalance,rebalance,0.0
2016-04-15,2016-04-18,SAIC,buy,233.70896170697887,44.69050593368121,10444.571739920213,26.111429349800535,rebalance,rebalance,0.0
2016-04-15,2016-04-18,TER,buy,535.4379339919416,19.50659652006913,10444.571739920213,26.111429349800535,rebalance,rebalance,0.0
2016-05-13,2016-05-16,GOOGL,sell,270.11846906874973,35.89768568229312,9696.627899612195,24.241569749030486,rebalance,rebalance,-549.208970715095
2016-05-13,2016-05-16,META,sell,96.01140424656894,118.3407813556222,11362.064597589471,28.40516149397368,rebalance,rebalance,689.3243664108885
2016-05-13,2016-05-16,MSFT,sell,214.78523498674747,44.51795176861839,9561.79873175139,23.904496829378477,rebalance,rebalance,-825.2334853464598
2016-05-13,2016-05-16,NICE,sell,162.71842855599664,63.66299749856703,10359.142910131171,25.89785727532793,rebalance,rebalance,-137.43811641416985
2016-05-13,2016-05-16,TER,sell,535.4379339919416,17.42300158944926,9328.935974993026,23.322339937482568,rebalance,rebalance,-1165.0695342144686
2016-05-13,2016-05-16,AMAT,buy,54.048281747068586,17.42607146025323,941.8492200283174,2.3546230500707934,rebalance,rebalance,0.0
2016-05-13,2016-05-16,AVGO,buy,93.59862003776357,10.764865799949584,1007.5765837669969,2.5189414594174924,rebalance,rebalance,0.0
2016-05-13,2016-05-16,CACI,buy,12.230536410739447,94.45999908447266,1155.2964581610577,2.8882411454026444,rebalance,rebalance,0.0
2016-05-13,2016-05-16,CHKP,buy,126.44649451718145,82.87000274658203,10478.621347934497,26.19655336983624,rebalance,rebalance,0.0
2016-05-13,2016-05-16,GEN,buy,84.40626660054522,8.038329660777187,678.4853963706295,1.6962134909265738,rebalance,rebalance,0.0
2016-05-13,2016-05-16,GLW,buy,73.6055676338325,14.358161407166481,1056.840620552676,2.64210155138169,rebalance,rebalance,0.0
2016-05-13,2016-05-16,IBM,buy,113.55171138803662,92.28061136063586,10478.621347934497,26.19655336983624,rebalance,rebalance,0.0
2016-05-13,2016-05-16,KLAC,buy,103.15191431017456,5.771784173294776,595.3705864605245,1.4884264661513111,rebalance,rebalance,0.0
2016-05-13,2016-05-16,LRCX,buy,198.4145943065248,6.281916106390374,1246.42383571707,3.116059589292675,rebalance,rebalance,0.0
2016-05-13,2016-05-16,LSCC,buy,147.33113887239392,5.25,773.4884790800681,1.9337211977001705,rebalance,rebalance,0.0
2016-05-13,2016-05-16,MCHP,buy,544.1287963688022,19.25761220112351,10478.621347934495,26.196553369836238,rebalance,rebalance,0.0
2016-05-13,2016-05-16,MRVL,buy,1187.5370771743876,8.823826682420064,10478.621347934495,26.196553369836238,rebalance,rebalance,0.0
2016-05-13,2016-05-16,ORCL,buy,307.0315118888394,34.128813956165764,10478.621347934497,26.19655336983624,rebalance,rebalance,0.0
2016-05-13,2016-05-16,SAIC,buy,0.09431566011545556,44.818111473613016,4.227049768761884,0.010567624421904712,rebalance,rebalance,0.0
2016-05-13,2016-05-16,VRSN,buy,5.931818343596873,83.21953102279298,493.6431406665325,1.2341078516663313,rebalance,rebalance,0.0
2016-06-13,2016-06-14,AMAT,sell,601.318626050339,21.246643842068544,12776.002683293553,31.940006708233884,rebalance,rebalance,1842.923019880779
2016-06-13,2016-06-14,AVGO,sell,973.4093803550782,12.170938526677148,11847.30572959255,29.618264323981375,rebalance,rebalance,336.9087707721425
2016-06-13,2016-06-14,CACI,sell,110.93183833893318,98.62999725341797,10941.206910685585,27.353017276713963,rebalance,rebalance,-217.30537838324219
2016-06-13,2016-06-14,CHKP,sell,126.44649451718145,83.63999938964844,10575.984724240241,26.439961810600604,rebalance,rebalance,44.72686112530826
2016-06-13,2016-06-14,GEN,sell,14.949993273646214,8.676042307292715,129.70677413589607,0.32426693533974016,rebalance,rebalance,1.499979270657395
2016-06-13,2016-06-14,GLW,sell,13.113613607721504,15.599831781368055,204.5701663263145,0.5114254158157863,rebalance,rebalance,2.140435228388569
2016-06-13,2016-06-14,KLAC,sell,1815.490848811982,6.13781672412646,11143.150094336726,27.857875235841817,rebalance,rebalance,257.0773544578054
2016-06-13,2016-06-14,LRCX,sell,1668.0613319994773,7.133480863610289,11899.08359114656,29.747708977866402,rebalance,rebalance,149.11281759231724
2016-06-13,2016-06-14,LSCC,sell,1995.9278757970471,5.659999847412109,11296.951472456862,28.242378681142156,rebalance,rebalance,-872.6408763373497
2016-06-13,2016-06-14,MCHP,sell,544.1287963688022,21.253872412195893,11564.844013824242,28.912110034560605,rebalance,rebalance,1031.11400248535
2016-06-13,2016-06-14,ORCL,sell,307.0315118888394,33.150519575909655,10178.254145292109,25.445635363230274,rebalance,rebalance,-352.0093913754536
2016-06-13,2016-06-14,SAIC,sell,8.740161380562427,49.67595517224721,434.17586493902536,1.0854396623475635,rebalance,rebalance,41.51123462103191
2016-06-13,2016-06-14,VRSN,sell,125.91540974996013,81.93288764699862,10316.613120069278,25.791532800173197,rebalance,rebalance,-850.7676644170757
2016-06-13,2016-06-14,ADBE,buy,115.8212514457329,96.52999877929688,11180.225260673233,27.95056315168308,rebalance,rebalance,0.0
2016-06-13,2016-06-14,AMZN,buy,313.905773797066,35.61650085449219,11180.225260673233,27.95056315168308,rebalance,rebalance,0.0
2016-06-13,2016-06-14,CDNS,buy,460.2809732101036,24.290000915527344,11180.225260673233,27.95056315168308,rebalance,rebalance,0.0
2016-06-13,2016-06-14,FFIV,buy,94.55535743120153,118.23999786376953,11180.225260673233,27.95056315168308,rebalance,rebalance,0.0
2016-06-13,2016-06-14,IBM,buy,4.695769980333679,94.54937332528928,443.98210892025537,1.1099552723006385,rebalance,rebalance,0.0
2016-06-13,2016-06-14,INTU,buy,115.22944439380649,97.02576732439893,11180.225260673233,27.95056315168308,rebalance,rebalance,0.0
2016-06-13,2016-06-14,IT,buy,111.37901540730061,100.37999725341797,11180.225260673233,27.95056315168308,rebalance,rebalance,0.0
2016-06-13,2016-06-14,META,buy,98.87265901460455,113.07701615490885,11180.225260673233,27.95056315168308,rebalance,rebalance,0.0
2016-06-13,2016-06-14,MRVL,buy,55.186502006805085,8.996550357594144,496.48814436369224,1.2412203609092307,rebalance,rebalance,0.0
2016-06-13,2016-06-14,QCOM,buy,280.4518286969202,39.86504674482092,11180.225260673233,27.95056315168308,rebalance,rebalance,0.0
2016-06-13,2016-06-14,SNPS,buy,214.4681571378578,52.130001068115234,11180.225260673233,27.95056315168308,rebalance,rebalance,0.0
2016-06-13,2016-06-14,UI,buy,303.4146183509936,36.84801121790321,11180.225260673233,27.95056315168308,rebalance,rebalance,0.0
2016-07-12,2016-07-13,ADBE,sell,115.8212514457329,97.97000122070312,11347.008145521815,28.367520363804537,rebalance,rebalance,110.46480133309558
2016-07-12,2016-07-13,AMZN,sell,313.905773797066,37.3380012512207,11720.614174800254,29.301535437000634,rebalance,rebalance,483.13681553833834
2016-07-12,2016-07-13,CDNS,sell,234.30850307015987,25.600000381469727,5998.297767977693,14.995744419944232,rebalance,rebalance,277.71988508249984
2016-07-12,2016-07-13,FFIV,sell,45.372436272391056,117.62000274658203,5336.706078977754,13.341765197444387,rebalance,rebalance,-54.88454606103116
2016-07-12,2016-07-13,GEN,sell,1288.6319435390037,10.067845012314704,12973.746685468563,32.43436671367141,rebalance,rebalance,1918.3300675532198
2016-07-12,2016-07-13,GLW,sell,367.8141183319648,16.58158373370812,6098.9406015615,15.24735150390375,rebalance,rebalance,420.23496912890676
2016-07-12,2016-07-13,IBM,sell,118.2474813683703,98.59308989302997,11658.38456017612,29.145961400440303,rebalance,rebalance,679.3286332787909
2016-07-12,2016-07-13,INTU,sell,115.22944439380649,108.05324802186004,12450.915734505103,31.127289336262756,rebalance,rebalance,1211.612621343925
2016-07-12,2016-07-13,IT,sell,111.37901540730061,99.12000274658203,11039.88831308324,27.5997207827081,rebalance,rebalance,-195.88723152438527
2016-07-12,2016-07-13,META,sell,98.87265901460455,117.35939780432628,11603.635721266483,29.009089303166206,rebalance,rebalance,366.45080813840144
2016-07-12,2016-07-13,MRVL,sell,1242.7235791811927,9.359017390880386,11630.6715896139,29.07667897403475,rebalance,rebalance,599.0476446109326
2016-07-12,2016-07-13,QCOM,sell,280.4518286969202,41.56835026695842,11657.9198482826,29.1447996207065,rebalance,rebalance,420.5992248369774
2016-07-12,2016-07-13,SAIC,sell,110.80359135430531,50.6294362802959,5609.923368100746,14.024808420251865,rebalance,rebalance,631.6446134374827
2016-07-12,2016-07-13,SNPS,sell,109.0198294414731,54.86000061035156,5980.8279096996375,14.952069774249095,rebalance,rebalance,268.46400513258135
2016-07-12,2016-07-13,UI,sell,147.8313412913725,37.181986593375235,5496.662949976491,13.741657374941228,rebalance,rebalance,22.012143033722765
2016-07-12,2016-07-13,AMAT,buy,253.36691500213502,22.832086508751424,5784.895321784215,14.46223830446054,rebalance,rebalance,0.0
2016-07-12,2016-07-13,AMD,buy,1125.4660451459424,5.139999866485596,5784.895321784215,14.46223830446054,rebalance,rebalance,0.0
2016-07-12,2016-07-13,AVGO,buy,474.882616866408,12.181737373241434,5784.895321784215,14.46223830446054,rebalance,rebalance,0.0
2016-07-12,2016-07-13,HPQ,buy,591.1577307178005,9.785705271518705,5784.895321784215,14.46223830446054,rebalance,rebalance,0.0
2016-07-12,2016-07-13,KEYS,buy,199.34166886743077,29.020000457763672,5784.895321784215,14.46223830446054,rebalance,rebalance,0.0
2016-07-12,2016-07-13,MCHP,buy,263.5571360091091,21.94930256634856,5784.895321784215,14.46223830446054,rebalance,rebalance,0.0
2016-07-12,2016-07-13,QRVO,buy,98.98862864004808,58.439998626708984,5784.895321784215,14.46223830446054,rebalance,rebalance,0.0
2016-07-12,2016-07-13,TXN,buy,118.43400001857185,48.844886779785156,5784.895321784215,14.46223830446054,rebalance,rebalance,0.0
2016-07-12,2016-07-13,VEEV,buy,155.54975895131224,37.189998626708984,5784.895321784215,14.46223830446054,rebalance,rebalance,0.0
2016-08-09,2016-08-10,AVGO,sell,474.882616866408,13.12540021618219,6233.024402079515,15.582561005198789,rebalance,rebalance,418.08428098564093
2016-08-09,2016-08-10,CDNS,sell,225.9724701399437,24.6200008392334,5563.442404489058,13.908606011222647,rebalance,rebalance,46.940113128170026
2016-08-09,2016-08-10,GLW,sell,348.87471635319764,17.694750469633178,6173.251051033885,15.433127627584714,rebalance,rebalance,785.9811643999369
2016-08-09,2016-08-10,MCHP,sell,263.5571360091091,24.94089462797217,6573.35075765332,16.4333768941333,rebalance,rebalance,757.5598206705114
2016-08-09,2016-08-10,TXN,sell,118.43400001857185,53.43607161533831,6328.647706683384,15.82161926670846,rebalance,rebalance,513.4685273279998
2016-08-09,2016-08-10,UI,sell,155.58327705962108,46.264116633954906,7197.92287617923,17.994807190448075,rebalance,rebalance,1432.6613947316941
2016-08-09,2016-08-10,AKAM,buy,238.53033676985103,50.349998474121094,12010.00209239359,30.025005230983975,rebalance,rebalance,0.0
2016-08-09,2016-08-10,AMAT,buy,246.93556395142807,24.00548187871028,5927.80720564511,14.819518014112775,rebalance,rebalance,0.0
2016-08-09,2016-08-10,AMD,buy,765.8728954470855,6.349999904632568,4863.292813049662,12.158232032624156,rebalance,rebalance,0.0
2016-08-09,2016-08-10,AMZN,buy,312.0291392222146,38.4900016784668,12010.00209239359,30.025005230983975,rebalance,rebalance,0.0
2016-08-09,2016-08-10,CRM,buy,150.28019396055993,79.91739813395196,12010.002092393592,30.02500523098398,rebalance,rebalance,0.0
2016-08-09,2016-08-10,FFIV,buy,45.67532095868984,126.61000061035156,5782.9524144577235,14.457381036144309,rebalance,rebalance,0.0
2016-08-09,2016-08-10,FTNT,buy,1812.010031139554,6.627999782562256,12010.00209239359,30.025005230983975,rebalance,rebalance,0.0
2016-08-09,2016-08-10,GEN,buy,1160.382941649232,10.350033304801935,12010.00209239359,30.025005230983975,rebalance,rebalance,0.0
2016-08-09,2016-08-10,HPQ,buy,588.8729656802897,10.177703113192528,5993.374216079201,14.983435540198002,rebalance,rebalance,0.0
2016-08-09,2016-08-10,KEYS,buy,216.805310980027,28.860000610351562,6257.00140721104,15.642503518027599,rebalance,rebalance,0.0
2016-08-09,2016-08-10,NOW,buy,800.6668061595726,15.0,12010.00209239359,30.025005230983975,rebalance,rebalance,0.0
2016-08-09,2016-08-10,QRVO,buy,119.93229660192897,54.86000061035156,6579.485864782688,16.44871466195672,rebalance,rebalance,0.0
2016-08-09,2016-08-10,SAIC,buy,116.33256213493239,52.08332280942808,6058.986386921534,15.147465967303836,rebalance,rebalance,0.0
2016-08-09,2016-08-10,SNPS,buy,111.22138232113728,55.43000030517578,6165.001256002712,15.412503140006779,rebalance,rebalance,0.0
2016-08-09,2016-08-10,VEEV,buy,156.88527022292834,38.439998626708984,6030.6695719202335,15.076673929800585,rebalance,rebalance,0.0
2016-09-07,2016-09-08,AKAM,sell,238.53033676985103,53.900001525878906,12856.78551586338,32.14196378965845,rebalance,rebalance,784.6164544491475
2016-09-07,2016-09-08,AMAT,sell,31.701294724610875,26.83848065108394,850.8145850807784,2.127036462701946,rebalance,rebalance,104.66544181298285
2016-09-07,2016-09-08,CRM,sell,150.28019396055993,73.72452932961278,11079.336567305198,27.698341418262995,rebalance,rebalance,-988.3888717376394
2016-09-07,2016-09-08,FTNT,sell,1812.010031139554,7.395999908447266,13401.626024413668,33.50406506103417,rebalance,rebalance,1328.0948617280606
2016-09-07,2016-09-08,GEN,sell,104.83854314455198,11.914746394202,1249.1246539049414,3.1228116347623533,rebalance,rebalance,158.2067230642191
2016-09-07,2016-09-08,KEYS,sell,416.14697984745777,30.260000228881836,12592.607705432556,31.48151926358139,rebalance,rebalance,489.1247153512328
2016-09-07,2016-09-08,QRVO,sell,218.92092524197705,55.709999084472656,12196.084544802448,30.49021136200612,rebalance,rebalance,-229.69780609287704
2016-09-07,2016-09-08,SAIC,sell,10.680288336944386,57.18903626716834,610.7953970453275,1.5269884926133188,rebalance,rebalance,90.834169357261
2016-09-07,2016-09-08,SNPS,sell,216.66971001752196,59.880001068115234,12974.182467277433,32.43545616819358,rebalance,rebalance,1250.5692629344153
2016-09-07,2016-09-08,VEEV,sell,5.165453747108359,40.93000030517578,211.4220234455165,0.5285550586137913,rebalance,rebalance,15.05967855550899
2016-09-07,2016-09-08,AMD,buy,2.7189011069358457,6.639999866485596,18.053502987041554,0.04513375746760389,rebalance,rebalance,0.0
2016-09-07,2016-09-08,AMZN,buy,8.8460811734044,39.19449996948242,346.7177282810378,0.8667943207025945,rebalance,rebalance,0.0
2016-09-07,2016-09-08,FFIV,buy,9.728400843029888,120.25,1169.8402013743441,2.9246005034358604,rebalance,rebalance,0.0
2016-09-07,2016-09-08,HPQ,buy,28.581134489276337,10.405775861692517,297.4088793682992,0.7435221984207481,rebalance,rebalance,0.0
2016-09-07,2016-09-08,LITE,buy,336.9017733490004,37.33000183105469,12576.543816003756,31.44135954000939,rebalance,rebalance,0.0
2016-09-07,2016-09-08,LRCX,buy,1540.1525842238482,8.165777822813341,12576.543816003756,31.44135954000939,rebalance,rebalance,0.0
2016-09-07,2016-09-08,MPWR,buy,178.80208758883194,70.33779071374384,12576.543816003756,31.44135954000939,rebalance,rebalance,0.0
2016-09-07,2016-09-08,MU,buy,750.7103363232173,16.752858203072538,12576.543816003756,31.44135954000939,rebalance,rebalance,0.0
2016-09-07,2016-09-08,NOW,buy,22.405447491458744,15.279999732971191,342.35523168658966,0.8558880792164741,rebalance,rebalance,0.0
2016-09-07,2016-09-08,TXN,buy,238.7219456666019,52.68281381037379,12576.543816003756,31.44135954000939,rebalance,rebalance,0.0
2016-09-07,2016-09-08,UI,buy,257.97866849831405,48.75032454896924,12576.543816003757,31.441359540009394,rebalance,rebalance,0.0
2016-10-05,2016-10-06,AMAT,sell,81.44578889580498,27.009255637802436,2199.790132909288,5.49947533227322,rebalance,rebalance,282.77669667826024
2016-10-05,2016-10-06,AMD,sell,337.98948298217033,6.71999979019165,2271.289254727169,5.678223136817922,rebalance,rebalance,357.4907457665672
2016-10-05,2016-10-06,AMZN,sell,72.99614717771374,42.185001373291016,3079.3425689368073,7.698356422342019,rebalance,rebalance,253.577052652398
2016-10-05,2016-10-06,FFIV,sell,21.03267638750421,125.1500015258789,2632.2394819894694,6.580598704973673,rebalance,rebalance,51.52143851755309
2016-10-05,2016-10-06,GEN,sell,194.21445923179556,12.140271186828613,2357.816203477268,5.89454050869317,rebalance,rebalance,336.7702263420853
2016-10-05,2016-10-06,HPQ,sell,1208.6118308873665,11.23893215109204,13583.50636435024,33.9587659108756,rebalance,rebalance,1443.67998516457
2016-10-05,2016-10-06,LITE,sell,95.79549477771317,43.369998931884766,4154.650506188793,10.386626265471982,rebalance,rebalance,559.2777694758515
2016-10-05,2016-10-06,LRCX,sell,1540.1525842238482,8.66151341249709,13340.052265546916,33.35013066386729,rebalance,rebalance,698.7169593392819
2016-10-05,2016-10-06,MPWR,sell,178.80208758883194,74.16685800879051,13261.189041876223,33.15297260469056,rebalance,rebalance,620.0508937277659
2016-10-05,2016-10-06,MU,sell,142.80812522718577,17.201416368027584,2456.502022770246,6.1412550569256155,rebalance,rebalance,51.93538485520694
2016-10-05,2016-10-06,NOW,sell,823.0722536510314,15.89799976348877,13085.202493878265,32.71300623469566,rebalance,rebalance,669.2512702531891
2016-10-05,2016-10-06,SAIC,sell,41.67704837825454,58.66857636380681,2445.133095397697,6.112832738494243,rebalance,rebalance,415.9654362129943
2016-10-05,2016-10-06,TXN,sell,238.7219456666019,53.59588008360187,12794.512773271315,31.98628193317829,rebalance,rebalance,154.54131579437416
2016-10-05,2016-10-06,UI,sell,48.73801424016557,49.97489173975959,2435.6769852631355,6.089192463157839,rebalance,rebalance,47.65379568942122
2016-10-05,2016-10-06,VEEV,sell,47.731754466758275,40.290000915527344,1923.1124311654173,4.8077810779135435,rebalance,rebalance,108.68814200056357
2016-10-05,2016-10-06,ANET,buy,1965.7909000810182,5.319375038146973,10456.779044107438,26.141947610268595,rebalance,rebalance,0.0
2016-10-05,2016-10-06,CIEN,buy,474.66085874642266,22.030000686645508,10456.779044107438,26.141947610268595,rebalance,rebalance,0.0
2016-10-05,2016-10-06,MCHP,buy,406.654832531727,25.714139382055926,10456.779044107438,26.141947610268595,rebalance,rebalance,0.0
2016-10-05,2016-10-06,NTAP,buy,381.0399369316702,27.442737704375052,10456.779044107438,26.141947610268595,rebalance,rebalance,0.0
2016-10-05,2016-10-06,QCOM,buy,205.04032990308076,50.998645237501265,10456.779044107438,26.141947610268595,rebalance,rebalance,0.0
2016-11-02,2016-11-03,AMZN,sell,247.87907321790527,38.252498626708984,9481.993907857817,23.704984769644543,rebalance,rebalance,-111.25553727607331
2016-11-02,2016-11-03,CIEN,sell,474.66085874642266,19.3700008392334,9194.181232269453,22.985453080673633,rebalance,rebalance,-1311.725212528927
2016-11-02,2016-11-03,FFIV,sell,83.55396657302599,134.60000610351562,11246.36441070224,28.115911026755597,rebalance,rebalance,992.2843830872044
2016-11-02,2016-11-03,MCHP,sell,406.654832531727,24.828293836087155,10096.54567196253,25.241364179906327,rebalance,rebalance,-411.61668393508023
2016-11-02,2016-11-03,SAIC,sell,178.23475005196005,58.375808160867166,10404.597576633329,26.01149394158332,rebalance,rebalance,1726.8536456800284
2016-11-02,2016-11-03,AMAT,buy,81.02717653226136,25.634076870820873,2077.056871853561,5.192642179633903,rebalance,rebalance,0.0
2016-11-02,2016-11-03,AMD,buy,214.05371582352086,6.78000020980835,1451.2842381937282,3.6282105954843207,rebalance,rebalance,0.0
2016-11-02,2016-11-03,ANET,buy,336.64129506516065,5.212500095367432,1754.7427826317655,4.386856956579414,rebalance,rebalance,0.0
2016-11-02,2016-11-03,GEN,buy,129.1907001529031,12.116282648823777,1565.3110386520152,3.913277596630038,rebalance,rebalance,0.0
2016-11-02,2016-11-03,HPE,buy,1233.4239527003838,9.73017267136843,12001.428036776502,30.003570091941256,rebalance,rebalance,0.0
2016-11-02,2016-11-03,HPQ,buy,1137.723486332137,10.548633460549754,12001.428036776502,30.003570091941256,rebalance,rebalance,0.0
2016-11-02,2016-11-03,LITE,buy,96.01250095621103,35.599998474121094,3418.044887537663,8.545112218844157,rebalance,rebalance,0.0
2016-11-02,2016-11-03,MRVL,buy,1000.2796673704798,11.998072567370759,12001.428036776502,30.003570091941256,rebalance,rebalance,0.0
2016-11-02,2016-11-03,MU,buy,130.83895716329687,16.245782085023194,2125.5811863066056,5.313952965766514,rebalance,rebalance,0.0
2016-11-02,2016-11-03,NTAP,buy,88.850157107938,25.540925822890134,2269.3152720459793,5.673288180114948,rebalance,rebalance,0.0
2016-11-02,2016-11-03,QCOM,buy,27.19391744079448,51.678114550459384,1405.3303805811124,3.513325951452781,rebalance,rebalance,0.0
2016-11-02,2016-11-03,STX,buy,547.7858541354148,21.90897765280683,12001.428036776504,30.00357009194126,rebalance,rebalance,0.0
2016-11-02,2016-11-03,UI,buy,37.55133828890925,48.629730296002606,1826.1114532436127,4.565278633109032,rebalance,rebalance,0.0
2016-11-02,2016-11-03,VEEV,buy,55.79133310525424,38.060001373291016,2123.418214603713,5.308545536509282,rebalance,rebalance,0.0
2016-11-02,2016-11-03,WDC,buy,323.47921905693704,37.101078924838376,12001.428036776502,30.003570091941256,rebalance,rebalance,0.0
2016-12-01,2016-12-02,AMAT,sell,468.1825718654086,27.230932774128096,12749.048140485338,31.872620351213346,rebalance,rebalance,1548.4777900568788
2016-12-01,2016-12-02,AMD,sell,743.5349129843999,8.380000114440918,6230.822655900089,15.577056639750221,rebalance,rebalance,1914.0880036931467
2016-12-01,2016-12-02,ANET,sell,2302.432195146179,5.800624847412109,13355.545400646532,33.38886350161633,rebalance,rebalance,1080.1059058388657
2016-12-01,2016-12-02,GEN,sell,236.43856893631744,11.408308018444856,2697.364021865817,6.743410054664543,rebalance,rebalance,182.7519349061575
2016-12-01,2016-12-02,HPE,sell,398.11185570230157,10.298905717093035,4100.116466734951,10.250291166837378,rebalance,rebalance,206.4848343195514
2016-12-01,2016-12-02,HPQ,sell,1137.723486332137,10.807493905710833,12295.939644918655,30.73984911229664,rebalance,rebalance,233.76818893791577
2016-12-01,2016-12-02,LITE,sell,108.32088377089178,37.599998474121094,4072.8650645009793,10.182162661252448,rebalance,rebalance,62.45932491708186
2016-12-01,2016-12-02,MRVL,sell,338.36752039702185,12.996891763757713,4397.726038971173,10.994315097427933,rebalance,rebalance,316.8242645485599
2016-12-01,2016-12-02,MU,sell,260.8352847130079,18.001034989343676,4695.305086574275,11.738262716435688,rebalance,rebalance,326.38975837801956
2016-12-01,2016-12-02,NTAP,sell,160.30902406930915,27.78852250932483,4454.750923797894,11.136877309494734,rebalance,rebalance,91.0897958617579
2016-12-01,2016-12-02,QCOM,sell,57.39722678802303,49.20468504885285,2824.212466782253,7.060531166955633,rebalance,rebalance,-121.92497961935003
2016-12-01,2016-12-02,STX,sell,213.15260574427987,25.708146374251392,5479.758388527045,13.699395971317614,rebalance,rebalance,784.4284274770329
2016-12-01,2016-12-02,UI,sell,70.82778711477783,48.889491531511055,3462.7344983435987,8.656836245858997,rebalance,rebalance,-6.129247044186389
2016-12-01,2016-12-02,VEEV,sell,315.3291540656282,43.52000045776367,13723.12492928237,34.30781232320593,rebalance,rebalance,1720.4368487985648
2016-12-01,2016-12-02,WDC,sell,114.52434061965371,41.17061346290895,4715.037359746286,11.787593399365715,rebalance,rebalance,443.65072470171236
2016-12-01,2016-12-02,AKAM,buy,135.81939549425522,63.34000015258789,8602.80053133052,21.5070013283263,rebalance,rebalance,0.0
2016-12-01,2016-12-02,COHR,buy,292.61226676711703,29.399999618530273,8602.80053133052,21.5070013283263,rebalance,rebalance,0.0
2016-12-01,2016-12-02,FFIV,buy,61.98429964323709,138.7899932861328,8602.80053133052,21.5070013283263,rebalance,rebalance,0.0
2016-12-01,2016-12-02,SAIC,buy,124.10136394618839,69.32075730497839,8602.80053133052,21.5070013283263,rebalance,rebalance,0.0
2016-12-30,2017-01-03,AKAM,sell,135.81939549425522,67.2699966430664,9136.570278961857,22.84142569740464,rebalance,rebalance,489.4213206056059
2016-12-30,2017-01-03,FFIV,sell,61.98429964323709,145.64999389648438,9028.01286471534,22.57003216178835,rebalance,rebalance,381.13529989470675
2016-12-30,2017-01-03,GEN,sell,754.0820704894701,11.523834175549018,8689.91673507532,21.7247918376883,rebalance,rebalance,669.7557621018553
2016-12-30,2017-01-03,HPE,sell,835.3120969980822,10.251142569660495,8562.903396489417,21.407258491223544,rebalance,rebalance,393.4458723783131
2016-12-30,2017-01-03,QCOM,sell,174.8370205558522,50.6743004884363,8859.74371615017,22.149359290375426,rebalance,rebalance,-115.09342615582825
2016-12-30,2017-01-03,AMAT,buy,437.3472418412934,29.17858183053748,12761.172284426044,31.90293071106511,rebalance,rebalance,0.0
2016-12-30,2017-01-03,AMD,buy,90.85348635657829,11.420000076293945,1037.546821123695,2.593867052809238,rebalance,rebalance,0.0
2016-12-30,2017-01-03,ANET,buy,2093.2822906946844,6.096250057220459,12761.172284426044,31.90293071106511,rebalance,rebalance,0.0
2016-12-30,2017-01-03,CACI,buy,101.64215033244777,125.55000305175781,12761.172284426044,31.90293071106511,rebalance,rebalance,0.0
2016-12-30,2017-01-03,COHR,buy,133.47026943825415,29.950000762939453,3997.434671505446,9.993586678763617,rebalance,rebalance,0.0
2016-12-30,2017-01-03,LDOS,buy,287.6645037442563,44.36130324849244,12761.172284426044,31.90293071106511,rebalance,rebalance,0.0
2016-12-30,2017-01-03,LITE,buy,95.08971313204262,39.400001525878906,3746.5348424978665,9.366337106244666,rebalance,rebalance,0.0
2016-12-30,2017-01-03,MRVL,buy,315.01700922101224,13.062536012473938,4114.921027491307,10.287302568728267,rebalance,rebalance,0.0
2016-12-30,2017-01-03,MU,buy,115.0501738301241,21.521278222349746,2476.0268005278026,6.190067001319506,rebalance,rebalance,0.0
2016-12-30,2017-01-03,NTAP,buy,148.6068905241063,27.851391535159866,4138.908692809523,10.347271732023808,rebalance,rebalance,0.0
2016-12-30,2017-01-03,SAIC,buy,50.73532458427921,72.98909852208875,3703.125604632107,9.257814011580267,rebalance,rebalance,0.0
2016-12-30,2017-01-03,STX,buy,151.7232933510732,26.238307063195762,3980.962359584787,9.952405898961969,rebalance,rebalance,0.0
2016-12-30,2017-01-03,UI,buy,58.8164536879911,54.353592549925004,3196.885558988602,7.992213897471506,rebalance,rebalance,0.0
2016-12-30,2017-01-03,VEEV,buy,311.172221573233,41.0099983215332,12761.172284426044,31.90293071106511,rebalance,rebalance,0.0
2016-12-30,2017-01-03,WDC,buy,65.58724378952124,46.48165527723208,3048.603656408307,7.621509141020767,rebalance,rebalance,0.0
2017-01-31,2017-02-01,AMAT,sell,437.3472418412934,31.18934156814046,13640.57250967223,34.10143127418058,rebalance,rebalance,813.3958632609416
2017-01-31,2017-02-01,AMD,sell,84.06988622445328,10.899999618530273,916.3617277764243,2.290904319441061,rebalance,rebalance,389.03439789283567
2017-01-31,2017-02-01,ANET,sell,179.5108344390394,5.885624885559082,1056.5334344018866,2.6413335860047162,rebalance,rebalance,-43.18669124160603
2017-01-31,2017-02-01,CACI,sell,10.437770508877989,123.5,1289.0646578464316,3.222661644616079,rebalance,rebalance,-27.89627833947157
2017-01-31,2017-02-01,COHR,sell,119.58618496153804,36.75,4394.792297336523,10.986980743341308,rebalance,rebalance,838.5271971892469
2017-01-31,2017-02-01,LDOS,sell,18.2013502921817,41.80067205446024,760.8286745118414,1.9020716862796037,rebalance,rebalance,-50.5276060675558
2017-01-31,2017-02-01,LITE,sell,31.322909974081085,38.5,1205.9320340021218,3.0148300850053045,rebalance,rebalance,22.55568793129537
2017-01-31,2017-02-01,MRVL,sell,976.9291561944702,14.525383233989666,14190.27038618283,35.47567596545708,rebalance,rebalance,2068.06223261408
2017-01-31,2017-02-01,MU,sell,120.1386474638141,23.82260185870109,2862.0151663732927,7.155037915933232,rebalance,rebalance,734.449405365459
2017-01-31,2017-02-01,NTAP,sell,88.37759931623242,30.45815393686076,2691.8185245440072,6.729546311360018,rebalance,rebalance,263.4865988164696
2017-01-31,2017-02-01,SAIC,sell,15.54750488513315,70.7125283113395,1099.403379360667,2.7485084484016675,rebalance,rebalance,-0.3961224685064719
2017-01-31,2017-02-01,STX,sell,486.3565417422081,31.116209668221344,15133.572126361594,37.833930315903984,rebalance,rebalance,3755.0223887721886
2017-01-31,2017-02-01,UI,sell,40.51424105629502,57.98089561985687,2349.051981802761,5.872629954506903,rebalance,rebalance,306.7053231738454
2017-01-31,2017-02-01,VEEV,sell,311.172221573233,42.40999984741211,13196.813869439698,32.99203467359925,rebalance,rebalance,370.74661962899097
2017-01-31,2017-02-01,WDC,sell,66.90675461529028,54.24769892422819,3629.537480367482,9.073843700918706,rebalance,rebalance,981.6328602566032
2017-01-31,2017-02-01,AKAM,buy,164.02710366322214,68.66999816894531,11263.740908210866,28.159352270527165,rebalance,rebalance,0.0
2017-01-31,2017-02-01,CIEN,buy,458.43471909296056,24.56999969482422,11263.740908210868,28.15935227052717,rebalance,rebalance,0.0
2017-01-31,2017-02-01,ON,buy,828.8256645873516,13.59000015258789,11263.740908210868,28.15935227052717,rebalance,rebalance,0.0
2017-01-31,2017-02-01,TER,buy,414.27684388108895,27.188922274023916,11263.740908210868,28.15935227052717,rebalance,rebalance,0.0
2017-03-01,2017-03-02,ANET,sell,1913.771456255645,7.531875133514404,14414.287642601543,36.035719106503855,rebalance,rebalance,2682.2555004154187
2017-03-01,2017-03-02,CACI,sell,91.20437982356978,128.4499969482422,11715.20231000386,29.28800577500965,rebalance,rebalance,206.57736363302848
2017-03-01,2017-03-02,CIEN,sell,458.43471909296056,26.290000915527344,12052.249184663453,30.130622961658634,rebalance,rebalance,730.2183012204016
2017-03-01,2017-03-02,LITE,sell,292.564698914568,45.599998474121094,13340.949824085998,33.352374560215,rebalance,rebalance,2282.692297977336
2017-03-01,2017-03-02,NTAP,sell,369.8103611781729,34.07678114360865,12601.946742507467,31.50486685626867,rebalance,rebalance,2437.402989208671
2017-03-01,2017-03-02,UI,sell,194.26641806397598,45.744623140927935,8886.644083274536,22.21661020818634,rebalance,rebalance,-900.4972723133177
2017-03-01,2017-03-02,AKAM,buy,82.89580785663037,63.2400016784668,5242.331027991166,13.105827569977915,rebalance,rebalance,0.0
2017-03-01,2017-03-02,AMD,buy,36.91060744429865,14.59000015258789,538.5257682444291,1.3463144206110726,rebalance,rebalance,0.0
2017-03-01,2017-03-02,CHKP,buy,156.84417157380196,99.55999755859375,15615.405338967383,39.03851334741846,rebalance,rebalance,0.0
2017-03-01,2017-03-02,COHR,buy,122.4982829422525,36.400001525878906,4458.937686015537,11.147344215038842,rebalance,rebalance,0.0
2017-03-01,2017-03-02,KLAC,buy,1975.6651852440652,7.9038723036658265,15615.40533896738,39.03851334741845,rebalance,rebalance,0.0
2017-03-01,2017-03-02,LDOS,buy,63.82376686186876,46.85273974825737,2990.31833853259,7.475795846331476,rebalance,rebalance,0.0
2017-03-01,2017-03-02,LRCX,buy,1491.8554664144524,10.467103342455605,15615.40533896738,39.03851334741845,rebalance,rebalance,0.0
2017-03-01,2017-03-02,MU,buy,170.81386306882098,24.261414872887002,4144.185997953177,10.360464994882944,rebalance,rebalance,0.0
2017-03-01,2017-03-02,NOW,buy,876.383693096564,17.81800079345703,15615.40533896738,39.03851334741845,rebalance,rebalance,0.0
2017-03-01,2017-03-02,ON,buy,191.1224027529579,15.3100004196167,2926.084066345937,7.315210165864843,rebalance,rebalance,0.0
2017-03-01,2017-03-02,SAIC,buy,44.539900299908254,76.61029052734375,3412.214702034896,8.53053675508724,rebalance,rebalance,0.0
2017-03-01,2017-03-02,STX,buy,462.4040293618651,33.770045993148514,15615.40533896738,39.03851334741845,rebalance,rebalance,0.0
2017-03-01,2017-03-02,SWKS,buy,198.56248262096673,78.64227487916446,15615.405338967383,39.03851334741846,rebalance,rebalance,0.0
2017-03-01,2017-03-02,TER,buy,150.39583295714027,27.653906377058465,4159.032284096481,10.397580710241202,rebalance,rebalance,0.0
2017-03-01,2017-03-02,WDC,buy,87.7056266735203,52.87246146363583,4637.212366439733,11.593030916099334,rebalance,rebalance,0.0
2017-03-29,2017-03-30,AKAM,sell,246.9229115198525,63.16999816894531,15598.119868579728,38.995299671449324,rebalance,rebalance,-988.2125471342587
2017-03-29,2017-03-30,CHKP,sell,5.265509918233363,103.4000015258789,544.4537335798602,1.3611343339496507,rebalance,rebalance,17.547859255335702
2017-03-29,2017-03-30,COHR,sell,22.4256547654893,38.54999923706055,864.5089741001957,2.1612724352504893,rebalance,rebalance,153.68068764027706
2017-03-29,2017-03-30,KLAC,sell,83.6105992913358,8.28371124323791,692.6060614034981,1.7315151535087452,rebalance,rebalance,28.37492746821945
2017-03-29,2017-03-30,LDOS,sell,333.28692031394337,45.336730144854606,15110.13916708291,37.77534791770728,rebalance,rebalance,90.94867854229275
2017-03-29,2017-03-30,LRCX,sell,104.65650066167109,11.298475729450384,1182.4589326550988,2.956147331637747,rebalance,rebalance,81.31375141826284
2017-03-29,2017-03-30,MU,sell,77.68579657248551,27.693893669627307,2151.4221899187114,5.378555474796778,rebalance,rebalance,637.3479091325936
2017-03-29,2017-03-30,NOW,sell,876.383693096564,17.488000869750977,15326.198787108284,38.31549696777071,rebalance,rebalance,-366.560562174286
2017-03-29,2017-03-30,SAIC,sell,203.8290839452427,69.8416727149572,14235.764170693177,35.58941042673295,rebalance,rebalance,-460.21043644529914
2017-03-29,2017-03-30,TER,sell,28.049894756517006,29.207171908869668,819.258098179294,2.048145245448235,rebalance,rebalance,49.174415534639955
2017-03-29,2017-03-30,WDC,sell,10.339456954534796,54.993506327304935,568.6029914501063,1.4215074786252657,rebalance,rebalance,117.74071736590878
2017-03-29,2017-03-30,ADI,buy,227.70329526356167,68.83182708592356,15673.233846476474,39.18308461619119,rebalance,rebalance,0.0
2017-03-29,2017-03-30,AMD,buy,71.25063152422604,13.729999542236328,978.2711382116728,2.445677845529182,rebalance,rebalance,0.0
2017-03-29,2017-03-30,ANET,buy,1875.4897087116503,8.3568754196167,15673.233846476474,39.18308461619119,rebalance,rebalance,0.0
2017-03-29,2017-03-30,CDW,buy,309.29481052557304,50.67409252629728,15673.233846476474,39.18308461619119,rebalance,rebalance,0.0
2017-03-29,2017-03-30,ON,buy,11.864590950822503,15.1899995803833,180.22313156441334,0.45055782891103335,rebalance,rebalance,0.0
2017-03-29,2017-03-30,SHOP,buy,2156.174677579354,7.269000053405762,15673.233846476476,39.18308461619119,rebalance,rebalance,0.0
2017-03-29,2017-03-30,STX,buy,35.070888137023076,31.505576050498068,1104.928533359491,2.7623213333987273,rebalance,rebalance,0.0
2017-03-29,2017-03-30,SWKS,buy,0.10028544213065516,78.89366487382523,7.911886063179302,0.019779715157948255,rebalance,rebalance,0.0
2017-04-27,2017-04-28,ADI,sell,15.751544183019888,65.46042908489345,1031.1028409701394,2.5777571024253483,rebalance,rebalance,-58.393000588050825
2017-04-27,2017-04-28,AMD,sell,131.0110222448484,13.729999542236328,1798.7812754496817,4.496953188624205,rebalance,rebalance,879.0995753389739
2017-04-27,2017-04-28,ANET,sell,280.83968047976896,8.7006254196167,2443.4808628193096,6.108702157048274,rebalance,rebalance,84.5625824512365
2017-04-27,2017-04-28,CDW,sell,309.29481052557304,53.03433053429941,16403.243213956746,41.00810803489187,rebalance,rebalance,649.818174829192
2017-04-27,2017-04-28,CHKP,sell,19.679695508521974,105.19000244140625,2070.1072185875582,5.175268046468895,rebalance,rebalance,100.72323766681748
2017-04-27,2017-04-28,KLAC,sell,1892.0545859527294,8.676526781308157,16416.462286715774,41.04115571678943,rebalance,rebalance,1383.4768974659537
2017-04-27,2017-04-28,LRCX,sell,315.1150102977572,12.941572812866195,4078.0838501955054,10.195209625488763,rebalance,rebalance,761.3014095805663
2017-04-27,2017-04-28,MU,sell,58.15802080716111,27.323346447350634,1589.0717512062897,3.9726793780157243,rebalance,rebalance,455.64219224975847
2017-04-27,2017-04-28,ON,sell,1031.812658291132,14.670000076293945,15136.691775851965,37.841729439629916,rebalance,rebalance,692.8768200258136
2017-04-27,2017-04-28,SHOP,sell,263.8597580886162,7.331999778747559,1934.6196879261183,4.8365492198152955,rebalance,rebalance,6.991551579426139
2017-04-27,2017-04-28,STX,sell,27.70783195281433,29.534748171849117,818.3438391142856,2.045859597785714,rebalance,rebalance,-117.30167605456447
2017-04-27,2017-04-28,SWKS,sell,198.6627680630974,83.35368692339405,16559.274172466266,41.398185431165665,rebalance,rebalance,855.5004689419669
2017-04-27,2017-04-28,TER,sell,133.74928102943795,34.43873209528004,4606.155657309135,11.515389143272838,rebalance,rebalance,932.444676207883
2017-04-27,2017-04-28,WDC,sell,59.3217582437853,61.478492345101586,3647.012260088521,9.117530650221303,rebalance,rebalance,1059.2664108800666
2017-04-27,2017-04-28,AMAT,buy,373.3207397807469,37.16496591958788,13874.452571026794,34.686131427566984,rebalance,rebalance,0.0
2017-04-27,2017-04-28,COHR,buy,8.212851807307118,33.45000076293945,274.71989922033174,0.6867997480508293,rebalance,rebalance,0.0
2017-04-27,2017-04-28,ENTG,buy,578.2153478671016,23.99530317243625,13874.452571026795,34.68613142756699,rebalance,rebalance,0.0
2017-04-27,2017-04-28,LITE,buy,316.04674461908274,43.900001525878906,13874.452571026794,34.686131427566984,rebalance,rebalance,0.0
2017-04-27,2017-04-28,VEEV,buy,259.045037626635,53.560001373291016,13874.452571026794,34.686131427566984,rebalance,rebalance,0.0
2017-05-25,2017-05-26,ADI,sell,211.95175108054178,69.36150990153742,14701.293481221193,36.753233703052985,rebalance,rebalance,39.04140088123971
2017-05-25,2017-05-26,AMAT,sell,113.26398763277774,40.66492999770204,4605.872128347496,11.51468032086874,rebalance,rebalance,374.3815771370982
2017-05-25,2017-05-26,AMD,sell,35.84915816210537,10.850000381469727,388.9633797342118,0.9724084493355295,rebalance,rebalance,137.56469281007983
2017-05-25,2017-05-26,ANET,sell,451.849563997984,9.25374984741211,4181.302833899573,10.453257084748932,rebalance,rebalance,385.3589357887006
2017-05-25,2017-05-26,CHKP,sell,131.89896614704662,111.16000366210938,14661.889559934143,36.65472389983536,rebalance,rebalance,1460.5444365843555
2017-05-25,2017-05-26,COHR,sell,414.78183122790347,31.149999618530273,12920.453884522482,32.301134711306204,rebalance,rebalance,-235.12963680223407
2017-05-25,2017-05-26,ENTG,sell,119.20922587727864,23.03932151423764,2746.49968245,6.866249206125,rebalance,rebalance,-127.97923642255049
2017-05-25,2017-05-26,LITE,sell,316.04674461908274,56.70000076293945,17919.85066102652,44.7996266525663,rebalance,rebalance,3965.912331919596
2017-05-25,2017-05-26,LRCX,sell,292.1483710295047,13.559055174173556,3961.255881833981,9.903139704584953,rebalance,rebalance,885.7606832562683
2017-05-25,2017-05-26,MU,sell,137.27763646983868,28.542265482471063,3918.2147449282875,9.795536862320718,rebalance,rebalance,1242.4211432892107
2017-05-25,2017-05-26,SHOP,sell,720.6785806130192,9.026000022888184,6504.844885108135,16.262112212770337,rebalance,rebalance,1236.873600328529
2017-05-25,2017-05-26,STX,sell,469.7670855460739,29.507080911414977,13861.455402727603,34.65363850681901,rebalance,rebalance,-2001.733287215839
2017-05-25,2017-05-26,TER,sell,90.08873030235793,33.809797056846456,3045.8816886316954,7.614704221579238,rebalance,rebalance,571.5430629127655
2017-05-25,2017-05-26,VEEV,sell,99.75614293241688,66.38999938964844,6622.810268396839,16.557025670992097,rebalance,rebalance,1249.9567423902479
2017-05-25,2017-05-26,WDC,sell,50.55426744583329,60.386345327074835,3052.7874517413866,7.631968629353467,rebalance,rebalance,847.6369078184688
2017-05-25,2017-05-26,AAPL,buy,296.2352752240492,35.69861696426487,10575.189621526915,26.43797405381729,rebalance,rebalance,0.0
2017-05-25,2017-05-26,AVGO,buy,565.1252131181586,18.713002669225823,10575.189621526913,26.437974053817285,rebalance,rebalance,0.0
2017-05-25,2017-05-26,FTNT,buy,1334.577221936316,7.923999786376953,10575.189621526915,26.43797405381729,rebalance,rebalance,0.0
2017-05-25,2017-05-26,QRVO,buy,134.10080572759674,78.86000061035156,10575.189621526915,26.43797405381729,rebalance,rebalance,0.0
2017-05-25,2017-05-26,SWKS,buy,122.6935432930424,86.19190006004663,10575.189621526915,26.43797405381729,rebalance,rebalance,0.0
2017-06-23,2017-06-26,AAPL,sell,296.2352752240492,34.11535418907318,10106.171337566013,25.265428343915033,rebalance,rebalance,-520.7216863586353
2017-06-23,2017-06-26,AMD,sell,974.6718202506104,14.390000343322754,14025.527828033297,35.06381957008324,rebalance,rebalance,7181.840063211791
2017-06-23,2017-06-26,ANET,sell,59.758105726253234,10.108750343322754,604.0797717765798,1.5101994294414496,rebalance,rebalance,101.93004986839037
2017-06-23,2017-06-26,AVGO,sell,565.1252131181586,19.189766270490384,10844.62075329853,27.111551883246324,rebalance,rebalance,215.88160583455254
2017-06-23,2017-06-26,ENTG,sell,459.006121989823,22.56132235707875,10355.78508208501,25.889462705212527,rebalance,rebalance,-711.6304134081375
2017-06-23,2017-06-26,MU,sell,24.520591760937805,31.643195646830673,775.9098824674193,1.9397747061685482,rebalance,rebalance,297.7683617018776
2017-06-23,2017-06-26,SHOP,sell,20.526552077949646,9.51099967956543,195.2280302359622,0.4880700755899055,rebalance,rebalance,45.159433239143034
2017-06-23,2017-06-26,WDC,sell,175.1255116408812,63.764519460182406,11166.79409499937,27.916985237498427,rebalance,rebalance,3526.432418500805
2017-06-23,2017-06-26,ADBE,buy,74.9569012487846,146.05999755859375,10948.204813397231,27.37051203349308,rebalance,rebalance,0.0
2017-06-23,2017-06-26,ADSK,buy,101.59803819933563,107.76000213623047,10948.204813397233,27.370512033493082,rebalance,rebalance,0.0
2017-06-23,2017-06-26,AMAT,buy,11.594566630127702,40.30241731438258,467.2890629068212,1.168222657267053,rebalance,rebalance,0.0
2017-06-23,2017-06-26,EPAM,buy,128.8175678148164,84.98999786376953,10948.204813397233,27.370512033493082,rebalance,rebalance,0.0
2017-06-23,2017-06-26,FTNT,buy,95.065612263807,7.6579999923706055,728.0124579909409,1.8200311449773523,rebalance,rebalance,0.0
2017-06-23,2017-06-26,LITE,buy,168.82351690056248,64.8499984741211,10948.204813397233,27.370512033493082,rebalance,rebalance,0.0
2017-06-23,2017-06-26,LRCX,buy,30.661115473356176,13.506352560728478,414.11983548835576,1.0352995887208893,rebalance,rebalance,0.0
2017-06-23,2017-06-26,QRVO,buy,22.413923236553075,69.94999694824219,1567.8538619950223,3.9196346549875556,rebalance,rebalance,0.0
2017-06-23,2017-06-26,SWKS,buy,6.187990130768938,84.9478162041678,525.656248301764,1.31414062075441,rebalance,rebalance,0.0
2017-06-23,2017-06-26,TEAM,buy,304.0323611137311,36.0099983215332,10948.204813397233,27.370512033493082,rebalance,rebalance,0.0
2017-06-23,2017-06-26,TER,buy,40.35494326520143,31.002474031931015,1251.1030806394567,3.1277577015986417,rebalance,rebalance,0.0
2017-06-23,2017-06-26,VEEV,buy,11.643256621218313,64.05000305175781,745.7506221214323,1.864376555303581,rebalance,rebalance,0.0
2017-07-24,2017-07-25,ADBE,sell,4.6559205726020565,149.82000732421875,697.5500542882208,1.7438751357205522,rebalance,rebalance,14.06232231656945
2017-07-24,2017-07-25,ADSK,sell,6.633714945925732,110.91000366210938,735.7453489460127,1.8393633723650318,rebalance,rebalance,17.269725987686506
2017-07-24,2017-07-25,AMAT,sell,22.42041220778674,42.25998125490959,947.4861996284137,2.368715499071034,rebalance,rebalance,106.77062426311416
2017-07-24,2017-07-25,EPAM,sell,8.239506866986417,87.3499984741211,719.7209122587739,1.7993022806469348,rebalance,rebalance,15.895249776877737
2017-07-24,2017-07-25,FTNT,sell,1429.642834200123,8.12399959564209,11614.41780695441,29.036044517386028,rebalance,rebalance,253.92167772037425
2017-07-24,2017-07-25,LITE,sell,12.786577051593156,67.5,863.093950982538,2.157734877456345,rebalance,rebalance,29.65369006432116
2017-07-24,2017-07-25,LRCX,sell,86.00513596978817,14.535766028924122,1250.150533742647,3.1253763343566177,rebalance,rebalance,334.6380201884782
2017-07-24,2017-07-25,QRVO,sell,156.5147289641498,69.19999694824219,10830.81876667412,27.0770469166853,rebalance,rebalance,-1369.6593724733034
2017-07-24,2017-07-25,SHOP,sell,25.362298564750517,9.355999946594238,237.28966401731296,0.5932241600432824,rebalance,rebalance,51.87699386155115
2017-07-24,2017-07-25,SWKS,sell,128.88153342381133,86.50902557373047,11149.415870942094,27.873539677355236,rebalance,rebalance,-7.055653238513063
2017-07-24,2017-07-25,TEAM,sell,304.0323611137311,36.939998626708984,11230.955002016317,28.077387505040793,rebalance,rebalance,227.30228908055022
2017-07-24,2017-07-25,TER,sell,353.13971401511776,34.03874799383506,12020.433731975576,30.05108432993894,rebalance,rebalance,2171.776734871002
2017-07-24,2017-07-25,VEEV,sell,11.397253173153956,66.0199966430664,752.4466162318022,1.8811165405795054,rebalance,rebalance,130.43836428801612
2017-07-24,2017-07-25,ACLS,buy,454.9673267110882,23.149999618530273,10532.49343980543,26.331233599513578,rebalance,rebalance,0.0
2017-07-24,2017-07-25,AMD,buy,737.0534267265072,14.289999961853027,10532.49343980543,26.331233599513578,rebalance,rebalance,0.0
2017-07-24,2017-07-25,ANET,buy,3.7620893849009462,9.69124984741211,36.459348177372014,0.09114837044343004,rebalance,rebalance,0.0
2017-07-24,2017-07-25,AVGO,buy,534.0745191076321,19.72101844028027,10532.493439805432,26.33123359951358,rebalance,rebalance,0.0
2017-07-24,2017-07-25,CDNS,buy,296.6899560508572,35.5,10532.49343980543,26.331233599513578,rebalance,rebalance,0.0
2017-07-24,2017-07-25,MU,buy,4.69380475222232,30.034225996151676,140.97479271005588,0.3524369817751397,rebalance,rebalance,0.0
2017-07-24,2017-07-25,NOW,buy,487.11930284728015,21.621999740600586,10532.49343980543,26.331233599513578,rebalance,rebalance,0.0
2017-08-21,2017-08-22,AMD,sell,737.0534267265072,12.199999809265137,8992.051665481602,22.480129163704007,rebalance,rebalance,-1589.253137087045
2017-08-21,2017-08-22,ANET,sell,93.38636836479623,10.754375457763672,1004.3120680320422,2.5107801700801056,rebalance,rebalance,218.9995584975262
2017-08-21,2017-08-22,AVGO,sell,534.0745191076321,19.64534752452452,10492.079531862744,26.23019882965686,rebalance,rebalance,-92.9753403718558
2017-08-21,2017-08-22,CDNS,sell,296.6899560508572,37.06999969482422,10998.296580262686,27.495741450656716,rebalance,rebalance,411.9761654070871
2017-08-21,2017-08-22,NOW,sell,487.11930284728015,21.799999237060547,10619.200430428173,26.54800107607043,rebalance,rebalance,33.82775594715977
2017-08-21,2017-08-22,SHOP,sell,23.323483427093834,9.690999984741211,226.02787753607822,0.5650696938401956,rebalance,rebalance,55.50055955939168
2017-08-21,2017-08-22,ACLS,buy,71.31796468279134,20.299999237060547,1447.7546286493753,3.6193865716234384,rebalance,rebalance,0.0
2017-08-21,2017-08-22,ADBE,buy,0.8565460135939986,150.13999938964844,128.60181795820876,0.3215045448955219,rebalance,rebalance,0.0
2017-08-21,2017-08-22,ADSK,buy,1.8862909268424488,110.30999755859375,208.07674753478807,0.5201918688369702,rebalance,rebalance,0.0
2017-08-21,2017-08-22,AMAT,buy,20.396355147817758,39.62355640781131,808.1761287133095,2.0204403217832736,rebalance,rebalance,0.0
2017-08-21,2017-08-22,EPAM,buy,11.074321219592676,81.1500015258789,898.6811838680188,2.246702959670047,rebalance,rebalance,0.0
2017-08-21,2017-08-22,IT,buy,89.7479076915766,119.04000091552734,10683.591013771942,26.708977534429856,rebalance,rebalance,0.0
2017-08-21,2017-08-22,LITE,buy,52.42337261487344,51.25,2686.697846512264,6.71674461628066,rebalance,rebalance,0.0
2017-08-21,2017-08-22,LRCX,buy,32.877150667509,14.104333034350706,463.71028223507255,1.1592757055876814,rebalance,rebalance,0.0
2017-08-21,2017-08-22,META,buy,64.0445168439214,166.81507707846725,10683.591013771942,26.708977534429856,rebalance,rebalance,0.0
2017-08-21,2017-08-22,MU,buy,16.351723770443186,29.10784562556872,475.9634512220028,1.189908628055007,rebalance,rebalance,0.0
2017-08-21,2017-08-22,ORCL,buy,248.55339300956217,42.98308256592953,10683.591013771942,26.708977534429856,rebalance,rebalance,0.0
2017-08-21,2017-08-22,VEEV,buy,8.763638259937068,63.47999954223633,556.3157527291298,1.3907893818228245,rebalance,rebalance,0.0
2017-08-21,2017-08-22,WDC,buy,185.41360433450612,57.62031891952002,10683.591013771942,26.708977534429856,rebalance,rebalance,0.0
2017-09-19,2017-09-20,ACLS,sell,526.2852913938796,24.850000381469727,13078.189691899814,32.695474229749536,rebalance,rebalance,1035.2955290441244
2017-09-19,2017-09-20,AMAT,sell,269.6272617181279,43.938373474080166,11846.983324164661,29.617458310411653,rebalance,rebalance,1687.8960395564663
2017-09-19,2017-09-20,EPAM,sell,131.65238216742267,83.25,10960.060815437937,27.400152038594843,rebalance,rebalance,-241.8161886578233
2017-09-19,2017-09-20,IT,sell,89.7479076915766,123.66000366210938,11098.226593807016,27.74556648451754,rebalance,rebalance,360.18103601612717
2017-09-19,2017-09-20,LITE,sell,208.46031246384277,59.349998474121094,12372.119226643874,30.930298066609684,rebalance,rebalance,-496.5184619412435
2017-09-19,2017-09-20,ORCL,sell,248.55339300956217,42.00300022711643,10439.9882230312,26.099970557578,rebalance,rebalance,-296.41173883274973
2017-09-19,2017-09-20,WDC,sell,185.41360433450612,58.80029089358528,10902.373870497084,27.25593467624271,rebalance,rebalance,164.81794451447055
2017-09-19,2017-09-20,ADBE,buy,45.14384614291771,151.99000549316406,6861.413423244616,17.15353355811154,rebalance,rebalance,0.0
2017-09-19,2017-09-20,ADSK,buy,59.48304057709235,113.06999969482422,6725.747379899049,16.814368449747622,rebalance,rebalance,0.0
2017-09-19,2017-09-20,ANET,buy,525.194100397475,11.640000343322754,6113.259508937695,15.283148772344237,rebalance,rebalance,0.0
2017-09-19,2017-09-20,AVGO,buy,903.6241355156805,19.561945726046826,17676.646295703722,44.191615739259305,rebalance,rebalance,0.0
2017-09-19,2017-09-20,CDNS,buy,456.64290141495184,38.709999084472656,17676.646295703722,44.191615739259305,rebalance,rebalance,0.0
2017-09-19,2017-09-20,CTSH,buy,278.2501051046167,63.52790518823935,17676.646295703722,44.191615739259305,rebalance,rebalance,0.0
2017-09-19,2017-09-20,LRCX,buy,364.26063877337185,15.758387923609607,5740.1604510926245,14.350401127731562,rebalance,rebalance,0.0
2017-09-19,2017-09-20,META,buy,39.328673166696404,170.99836324958235,6725.138740282854,16.812846850707135,rebalance,rebalance,0.0
2017-09-19,2017-09-20,MU,buy,136.08333440984518,35.13418944057273,4781.177650860311,11.952944127150777,rebalance,rebalance,0.0
2017-09-19,2017-09-20,NOW,buy,759.1756568681108,23.284000396728516,17676.646295703722,44.191615739259305,rebalance,rebalance,0.0
2017-09-19,2017-09-20,PANW,buy,742.716254720641,23.799999237060547,17676.646295703722,44.191615739259305,rebalance,rebalance,0.0
2017-09-19,2017-09-20,SHOP,buy,336.8079516038176,12.281999588012695,4136.675122837488,10.34168780709372,rebalance,rebalance,0.0
2017-09-19,2017-09-20,TEAM,buy,484.69003849852146,36.470001220703125,17676.646295703722,44.191615739259305,rebalance,rebalance,0.0
2017-09-19,2017-09-20,UI,buy,377.3145632239279,46.84856620605185,17676.646295703722,44.191615739259305,rebalance,rebalance,0.0
2017-09-19,2017-09-20,VEEV,buy,145.39528390589942,56.349998474121094,8193.024026241836,20.482560065604588,rebalance,rebalance,0.0
2017-10-17,2017-10-18,ADBE,sell,116.30137283269426,150.3300018310547,17483.5855908931,43.708963977232756,rebalance,rebalance,138.55487901524424
2017-10-17,2017-10-18,ADSK,sell,29.083142882354792,118.5,3446.352431559043,8.615881078897608,rebalance,rebalance,236.09879203296697
2017-10-17,2017-10-18,ANET,sell,255.03740549303825,11.93375015258789,3043.552676718165,7.608881691795412,rebalance,rebalance,608.2260600265772
2017-10-17,2017-10-18,AVGO,sell,903.6241355156805,19.059858858136373,17222.948483734363,43.057371209335905,rebalance,rebalance,-540.9467989179528
2017-10-17,2017-10-18,CDNS,sell,456.64290141495184,41.79999923706055,19087.672930754103,47.71918232688526,rebalance,rebalance,1319.1158369842349
2017-10-17,2017-10-18,CTSH,sell,45.281434137785624,64.7262380585637,2930.896885635485,7.327242214088713,rebalance,rebalance,39.74340209191492
2017-10-17,2017-10-18,LRCX,sell,260.3356009715252,17.505566548631446,4557.322187784996,11.393305469462488,rebalance,rebalance,1318.514751719723
2017-10-17,2017-10-18,META,sell,103.3731900106178,175.11226349231615,18101.913287180567,45.25478321795142,rebalance,rebalance,604.4069255226846
2017-10-17,2017-10-18,MU,sell,126.32339203298142,40.01963330800022,5055.415827382673,12.638539568456684,rebalance,rebalance,1996.941514774224
2017-10-17,2017-10-18,NOW,sell,147.24539407283396,24.642000198364258,3628.4210299509978,9.071052574877495,rebalance,rebalance,182.31700883278702
2017-10-17,2017-10-18,PANW,sell,137.61249825914217,24.920000076293945,3429.3034671168234,8.573258667792059,rebalance,rebalance,137.36491148750787
2017-10-17,2017-10-18,TEAM,sell,484.69003849852146,39.75,19266.429030316227,48.166072575790565,rebalance,rebalance,1497.4250462974585
2017-10-17,2017-10-18,UI,sell,377.3145632239279,55.57816866531873,20970.45243474053,52.42613108685133,rebalance,rebalance,3197.1883922106986
2017-10-17,2017-10-18,VEEV,sell,313.693820308119,59.79999923706055,18758.890215096122,46.897225537740304,rebalance,rebalance,1260.449795747697
2017-10-17,2017-10-18,ACLS,buy,484.08301257943236,31.149999618530273,15079.185657186305,37.69796414296576,rebalance,rebalance,0.0
2017-10-17,2017-10-18,AMAT,buy,300.2364867480078,50.224360871376874,15079.185657186305,37.69796414296576,rebalance,rebalance,0.0
2017-10-17,2017-10-18,COHR,buy,370.49595514791946,40.70000076293945,15079.185657186303,37.69796414296576,rebalance,rebalance,0.0
2017-10-17,2017-10-18,INTU,buy,110.5043791124928,136.45781079712492,15079.185657186306,37.697964142965766,rebalance,rebalance,0.0
2017-10-17,2017-10-18,LITE,buy,268.79119549606276,56.099998474121094,15079.185657186305,37.69796414296576,rebalance,rebalance,0.0
2017-10-17,2017-10-18,MCHP,buy,390.0771312787201,38.656933329454375,15079.185657186306,37.697964142965766,rebalance,rebalance,0.0
2017-10-17,2017-10-18,MRVL,buy,863.2407455882037,17.468111571716296,15079.185657186305,37.69796414296576,rebalance,rebalance,0.0
2017-10-17,2017-10-18,SHOP,buy,130.37198928727184,9.607000350952148,1252.4837468371504,3.1312093670928762,rebalance,rebalance,0.0
2017-11-14,2017-11-15,ACLS,sell,30.46529909560695,34.45000076293945,1049.5295770868381,2.6238239427170953,rebalance,rebalance,95.53921279953747
2017-11-14,2017-11-15,ADSK,sell,1.0930061908154016,123.87000274658203,135.39067985833498,0.33847669964583743,rebalance,rebalance,14.727865968355434
2017-11-14,2017-11-15,ANET,sell,157.22924695603456,14.125,2220.863113253988,5.55215778313497,rebalance,rebalance,718.6354754254498
2017-11-14,2017-11-15,COHR,sell,34.78960000883768,46.54999923706055,1619.4558538690355,4.048639634672589,rebalance,rebalance,195.93062546505593
2017-11-14,2017-11-15,CTSH,sell,232.96867096683107,65.54840604214051,15270.725039631674,38.176812599079184,rebalance,rebalance,395.5365569190952
2017-11-14,2017-11-15,INTU,sell,110.5043791124928,145.4637582394475,16074.382287619903,40.18595571904976,rebalance,rebalance,917.3127105715844
2017-11-14,2017-11-15,LITE,sell,268.79119549606276,55.349998474121094,14877.592260564257,37.19398065141064,rebalance,rebalance,-276.4853414164219
2017-11-14,2017-11-15,LRCX,sell,23.620757508635393,18.653180122684752,440.6022444428343,1.1015056111070858,rebalance,rebalance,146.67115165941723
2017-11-14,2017-11-15,MCHP,sell,390.0771312787201,38.180002917757136,14893.146010371867,37.23286502592967,rebalance,rebalance,-260.97047598333364
2017-11-14,2017-11-15,MRVL,sell,863.2407455882037,18.908776451419627,16322.826282084146,40.80706570521037,rebalance,rebalance,1165.1355950496666
2017-11-14,2017-11-15,MU,sell,22.16819228457223,44.06644825420412,976.8734981973491,2.442183745493373,rebalance,rebalance,439.92482284062294
2017-11-14,2017-11-15,NOW,sell,611.9302627952768,24.691999435424805,15109.781703460327,37.77445425865082,rebalance,rebalance,788.2023063020282
2017-11-14,2017-11-15,SHOP,sell,1569.603945699014,9.723999977111816,15262.82873205183,38.157071830129574,rebalance,rebalance,1788.4859431737168
2017-11-14,2017-11-15,AMAT,buy,5.708463452615092,51.0782432112482,291.57828459519527,0.7289457114879881,rebalance,rebalance,0.0
2017-11-14,2017-11-15,AMD,buy,1419.3578792675203,11.010000228881836,15627.130575600635,39.067826439001585,rebalance,rebalance,0.0
2017-11-14,2017-11-15,CDNS,buy,351.01371102693867,44.52000045776367,15627.130575600635,39.067826439001585,rebalance,rebalance,0.0
2017-11-14,2017-11-15,DELL,buy,757.5052194863765,20.629733199985804,15627.130575600635,39.067826439001585,rebalance,rebalance,0.0
2017-11-14,2017-11-15,ENTG,buy,531.3004347016985,29.412982852864733,15627.130575600635,39.067826439001585,rebalance,rebalance,0.0
2017-11-14,2017-11-15,NVDA,buy,2987.9642442123354,5.23002596362064,15627.130575600635,39.067826439001585,rebalance,rebalance,0.0
2017-11-14,2017-11-15,ON,buy,737.1287742083024,21.200000762939453,15627.130575600635,39.067826439001585,rebalance,rebalance,0.0
2017-11-14,2017-11-15,PANW,buy,75.32281376423919,22.96666717529297,1729.9139944298574,4.3247849860746435,rebalance,rebalance,0.0
2017-11-14,2017-11-15,TWLO,buy,617.9173590304625,25.290000915527344,15627.130575600635,39.067826439001585,rebalance,rebalance,0.0
2017-12-13,2017-12-14,ACLS,sell,152.32224814575983,29.049999237060547,4424.961192421671,11.062402981054177,rebalance,rebalance,-342.8012771225609
2017-12-13,2017-12-14,ADSK,sell,126.15750568417451,105.94999694824219,13366.387342236136,33.41596835559034,rebalance,rebalance,-555.1642840791269
2017-12-13,2017-12-14,AMAT,sell,117.33638993592197,46.40634033745238,5445.152445334417,13.612881113336044,rebalance,rebalance,-478.21258295103587
2017-12-13,2017-12-14,AMD,sell,1419.3578792675203,10.100000381469727,14335.515122044017,35.838787805110044,rebalance,rebalance,-1366.52206780073
2017-12-13,2017-12-14,ANET,sell,488.8213658877245,14.173749923706055,6928.431797457024,17.32107949364256,rebalance,rebalance,2257.98818121908
2017-12-13,2017-12-14,CDNS,sell,148.12467157320086,43.13999938964844,6390.0982412597605,15.975245603149402,rebalance,rebalance,-236.87372670399708
2017-12-13,2017-12-14,COHR,sell,139.89801310752253,44.70000076293945,6253.441292639971,15.633603231599928,rebalance,rebalance,529.7238260979656
2017-12-13,2017-12-14,DELL,sell,332.6549418823424,20.60168840552853,6853.253459219221,17.133133648048055,rebalance,rebalance,-43.61882986505741
2017-12-13,2017-12-14,ENTG,sell,223.18508651488094,28.40700111081023,6340.0190005445,15.850047501361251,rebalance,rebalance,-256.7815174408787
2017-12-13,2017-12-14,LRCX,sell,295.7665868257777,16.14857851858942,4776.209950531267,11.940524876328167,rebalance,rebalance,1097.6127789367863
2017-12-13,2017-12-14,MU,sell,142.38258170692185,41.23855638238402,5871.6521235902965,14.679130308975742,rebalance,rebalance,2423.927427915996
2017-12-13,2017-12-14,NVDA,sell,2987.9642442123354,4.590902913340465,13717.453753711552,34.29363438427888,rebalance,rebalance,-1983.0382827123628
2017-12-13,2017-12-14,ON,sell,290.33791305333904,19.59000015258789,5687.7197610169615,14.219299402542404,rebalance,rebalance,-497.051426572219
2017-12-13,2017-12-14,PANW,sell,680.426570225738,24.204999923706055,16469.72508040156,41.1743127010039,rebalance,rebalance,256.8393738031667
2017-12-13,2017-12-14,TWLO,sell,617.9173590304625,25.31999969482422,15645.667342077899,39.11416835519475,rebalance,rebalance,-59.64522831693292
2017-12-13,2017-12-14,ADBE,buy,49.100377582839876,178.25999450683594,8752.633038200607,21.88158259550152,rebalance,rebalance,0.0
2017-12-13,2017-12-14,INTC,buy,240.06576986297597,36.45931297575831,8752.633038200607,21.88158259550152,rebalance,rebalance,0.0
2017-12-13,2017-12-14,TEAM,buy,190.10931503367357,46.040000915527344,8752.633038200607,21.88158259550152,rebalance,rebalance,0.0
2017-12-13,2017-12-14,TER,buy,223.65194907839498,39.135062646525896,8752.633038200607,21.88158259550152,rebalance,rebalance,0.0
2017-12-13,2017-12-14,UI,buy,145.44200693032707,60.17953975561883,8752.633038200607,21.88158259550152,rebalance,rebalance,0.0
2018-01-12,2018-01-16,ADBE,sell,49.100377582839876,195.9199981689453,9619.745886124512,24.04936471531128,rebalance,rebalance,821.1819006130927
2018-01-12,2018-01-16,AMAT,sell,188.6085602647009,49.88225257892531,9408.219841671267,23.520549604178168,rebalance,rebalance,-114.73941239674477
2018-01-12,2018-01-16,COHR,sell,195.80834203155925,51.70000076293945,10123.291432421522,25.308228581053804,rebalance,rebalance,2108.6600345909123
2018-01-12,2018-01-16,ENTG,sell,308.1153481868175,31.424942547565824,9682.50711479398,24.20626778698495,rebalance,rebalance,573.052915451377
2018-01-12,2018-01-16,LRCX,sell,542.00640806403,17.117678484365577,9277.891429705915,23.194728574264786,rebalance,rebalance,2535.373129052622
2018-01-12,2018-01-16,TER,sell,223.65194907839498,43.17889750711485,9657.044586522486,24.142611466306217,rebalance,rebalance,858.3873542600712
2018-01-12,2018-01-16,ACLS,buy,330.27105375335384,29.350000381469727,9693.455553649344,24.233638884123362,rebalance,rebalance,0.0
2018-01-12,2018-01-16,ANET,buy,515.9887302079438,16.353124618530273,8438.028006847702,21.095070017119255,rebalance,rebalance,0.0
2018-01-12,2018-01-16,CDNS,buy,207.0286313969673,45.220001220703125,9361.83496449136,23.4045874112284,rebalance,rebalance,0.0
2018-01-12,2018-01-16,CSCO,buy,579.6895223517821,31.976561351419225,18536.477576256668,46.34119394064167,rebalance,rebalance,0.0
2018-01-12,2018-01-16,DELL,buy,408.6841232529655,22.23840738570401,9088.484024968717,22.721210062421793,rebalance,rebalance,0.0
2018-01-12,2018-01-16,EPAM,buy,165.50426407372024,112.0,18536.477576256668,46.34119394064167,rebalance,rebalance,0.0
2018-01-12,2018-01-16,INTC,buy,266.9488174751654,36.56004785498253,9759.661541723044,24.39915385430761,rebalance,rebalance,0.0
2018-01-12,2018-01-16,LDOS,buy,309.6263261895832,59.86725290570687,18536.477576256668,46.34119394064167,rebalance,rebalance,0.0
2018-01-12,2018-01-16,MRVL,buy,810.2983904369746,22.876113040605187,18536.477576256668,46.34119394064167,rebalance,rebalance,0.0
2018-01-12,2018-01-16,MU,buy,228.39351761933935,42.06741373678044,9607.9246004914,24.019811501228503,rebalance,rebalance,0.0
2018-01-12,2018-01-16,NTAP,buy,366.2098318481833,50.61709425633659,18536.477576256668,46.34119394064167,rebalance,rebalance,0.0
2018-01-12,2018-01-16,ON,buy,331.3988035696927,23.81999969482422,7893.919399895191,19.73479849973798,rebalance,rebalance,0.0
2018-01-12,2018-01-16,TEAM,buy,157.1457843546405,53.380001068115234,8388.442136700516,20.97110534175129,rebalance,rebalance,0.0
2018-01-12,2018-01-16,TXN,buy,207.73933111154903,89.22950448080148,18536.477576256668,46.34119394064167,rebalance,rebalance,0.0
2018-01-12,2018-01-16,UI,buy,124.64764268709774,68.6308327716857,8554.671520643038,21.386678801607594,rebalance,rebalance,0.0
2018-02-12,2018-02-13,ACLS,sell,285.72614792445626,23.350000381469727,6671.705663031929,16.679264157579823,rebalance,rebalance,-1997.9702001670212
2018-02-12,2018-02-13,ANET,sell,680.1586294145475,17.8125,12115.325586446626,30.288313966116565,rebalance,rebalance,3481.967965653259
2018-02-12,2018-02-13,CDNS,sell,409.9176708507051,39.130001068115234,16040.0788982274,40.1001972455685,rebalance,rebalance,-2440.4625305997843
2018-02-12,2018-02-13,CSCO,sell,579.6895223517821,31.66383898257961,18355.195695635313,45.887989239088284,rebalance,rebalance,-273.5110638010826
2018-02-12,2018-02-13,DELL,sell,364.26632277691436,17.20844262775121,6268.456116728435,15.671140291821088,rebalance,rebalance,-1568.7475485760945
2018-02-12,2018-02-13,EPAM,sell,91.81712958584207,109.58999633789062,10062.238895068062,25.155597237670154,rebalance,rebalance,-272.14401206795645
2018-02-12,2018-02-13,INTC,sell,507.0145873381414,37.687077607476745,19107.89810113533,47.76974525283833,rebalance,rebalance,501.55303950903465
2018-02-12,2018-02-13,LDOS,sell,309.6263261895832,56.69958476621478,17555.68412763794,43.88921031909484,rebalance,rebalance,-1071.0238528784657
2018-02-12,2018-02-13,MRVL,sell,421.4278588317378,20.76622459753254,8751.465568157104,21.87866392039276,rebalance,rebalance,-935.1460112010645
2018-02-12,2018-02-13,MU,sell,243.69884721995544,41.004521291833775,9992.75456962601,24.981886424065024,rebalance,rebalance,1810.447402098318
2018-02-12,2018-02-13,NTAP,sell,197.70253366561707,47.9229854479484,9474.495643879894,23.686239109699738,rebalance,rebalance,-581.3361959520744
2018-02-12,2018-02-13,ON,sell,398.88612074093334,21.290000915527344,8492.285875765621,21.230714689414054,rebalance,rebalance,-452.64138837363635
2018-02-12,2018-02-13,TEAM,sell,189.3170467777101,51.130001068115234,9679.780803956739,24.199452009891846,rebalance,rebalance,287.22223853350323
2018-02-12,2018-02-13,TXN,sell,106.66278453986776,79.89363578967694,8521.677660340978,21.304194150852446,rebalance,rebalance,-1040.887613372354
2018-02-12,2018-02-13,UI,sell,270.0896496174248,65.4859318767534,17687.072395462874,44.217680988657186,rebalance,rebalance,292.28189423346356
2018-02-12,2018-02-13,AKAM,buy,125.10259360020767,64.55000305175781,8075.372798676222,20.188431996690557,rebalance,rebalance,0.0
2018-02-12,2018-02-13,COHR,buy,216.20811589246657,37.349998474121094,8075.372798676223,20.188431996690557,rebalance,rebalance,0.0
2018-02-12,2018-02-13,ENTG,buy,273.09646384183117,29.569671774853965,8075.3727986762215,20.188431996690554,rebalance,rebalance,0.0
2018-02-12,2018-02-13,NVDA,buy,1443.468164382618,5.594423900668512,8075.372798676222,20.188431996690557,rebalance,rebalance,0.0
2018-02-12,2018-02-13,STX,buy,225.48884987990712,35.81273665184366,8075.372798676222,20.188431996690557,rebalance,rebalance,0.0
2018-03-13,2018-03-14,ACLS,sell,345.84037116696317,26.350000381469727,9112.89391217711,22.782234780442778,rebalance,rebalance,-1383.39793051694
2018-03-13,2018-03-14,COHR,sell,216.20811589246657,42.150001525878906,9113.17241477487,22.782931036937175,rebalance,rebalance,994.8282530650183
2018-03-13,2018-03-14,DELL,sell,469.2680780800852,19.757839880537464,9271.723547753876,23.17930886938469,rebalance,rebalance,-827.5877177373399
2018-03-13,2018-03-14,ENTG,sell,273.09646384183117,34.89796722205592,9530.511443611604,23.82627860902901,rebalance,rebalance,1411.123934329663
2018-03-13,2018-03-14,MU,sell,196.9385946784475,57.845135163092934,11391.93962800437,28.479849070010925,rebalance,rebalance,4771.339235395033
2018-03-13,2018-03-14,AKAM,buy,76.3090661067473,73.12000274658203,5579.719123314472,13.94929780828618,rebalance,rebalance,0.0
2018-03-13,2018-03-14,AMZN,buy,184.43608506441234,79.8499984741211,14727.221110966193,36.81805277741548,rebalance,rebalance,0.0
2018-03-13,2018-03-14,ANET,buy,359.1820747749325,18.125,6510.1751052956515,16.27543776323913,rebalance,rebalance,0.0
2018-03-13,2018-03-14,CSCO,buy,415.46143423338503,35.44786566806389,14727.221110966193,36.81805277741548,rebalance,rebalance,0.0
2018-03-13,2018-03-14,EPAM,buy,46.58417198827611,122.44999694824219,5704.231717800799,14.260579294501998,rebalance,rebalance,0.0
2018-03-13,2018-03-14,INTC,buy,334.70456413556934,44.00065815953754,14727.221110966193,36.81805277741548,rebalance,rebalance,0.0
2018-03-13,2018-03-14,MRVL,buy,284.860915086659,21.859186153887663,6226.827770846066,15.567069427115166,rebalance,rebalance,0.0
2018-03-13,2018-03-14,NOW,buy,419.88996293445655,35.07400131225586,14727.221110966193,36.81805277741548,rebalance,rebalance,0.0
2018-03-13,2018-03-14,NTAP,buy,112.14573043962474,52.474834079883244,5884.82859758662,14.712071493966551,rebalance,rebalance,0.0
2018-03-13,2018-03-14,NVDA,buy,945.9680889496176,6.163471023940503,5830.446905813341,14.576117264533352,rebalance,rebalance,0.0
2018-03-13,2018-03-14,ON,buy,179.60426997300527,26.350000381469727,4732.57258230228,11.831431455755702,rebalance,rebalance,0.0
2018-03-13,2018-03-14,QCOM,buy,304.8503554092495,48.30967341729185,14727.221110966193,36.81805277741548,rebalance,rebalance,0.0
2018-03-13,2018-03-14,STX,buy,112.7100968737868,43.54602890496831,4908.077136347698,12.270192840869244,rebalance,rebalance,0.0
2018-03-13,2018-03-14,TEAM,buy,86.41603730327967,60.27000045776367,5208.294607826788,13.02073651956697,rebalance,rebalance,0.0
2018-03-13,2018-03-14,TXN,buy,66.51760898591773,87.87431197685602,5845.189123983057,14.612972809957641,rebalance,rebalance,0.0
2018-04-11,2018-04-12,AKAM,sell,94.59745238707028,72.12999725341797,6823.313980859716,17.05828495214929,rebalance,rebalance,376.8054243317793
2018-04-11,2018-04-12,AMZN,sell,77.3918524288328,71.9749984741211,5570.278460474646,13.925696151186614,rebalance,rebalance,-638.8358822741234
2018-04-11,2018-04-12,ANET,sell,352.56568159799133,16.75,5905.475166766355,14.763687916915888,rebalance,rebalance,570.67591509732
2018-04-11,2018-04-12,CSCO,sell,186.94455377650183,33.71527068462233,6302.886233590695,15.757215583976738,rebalance,rebalance,-356.22337521297845
2018-04-11,2018-04-12,EPAM,sell,52.449928095023026,113.5999984741211,5958.311751562377,14.895779378905942,rebalance,rebalance,-158.48653870654618
2018-04-11,2018-04-12,INTC,sell,334.70456413556934,43.518905738755755,14565.976376947172,36.41494094236793,rebalance,rebalance,-234.4777277388032
2018-04-11,2018-04-12,MRVL,sell,673.7314466918958,21.263050828543136,14325.58599579768,35.8139649894942,rebalance,rebalance,-870.7086642245287
2018-04-11,2018-04-12,NOW,sell,188.8425112015018,33.34600067138672,6297.142505311633,15.742856263279082,rebalance,rebalance,-358.62149285704004
2018-04-11,2018-04-12,NTAP,sell,138.23172570354222,54.096601580805135,7477.866591211664,18.69466647802916,rebalance,rebalance,341.92111331369966
2018-04-11,2018-04-12,NVDA,sell,1033.6996962626451,5.682894984599744,5874.4068194732645,14.686017048683162,rebalance,rebalance,-171.14848263365033
2018-04-11,2018-04-12,ON,sell,247.11061581556407,24.709999084472656,6106.103090566063,15.265257726415157,rebalance,rebalance,241.4376524964066
2018-04-11,2018-04-12,QCOM,sell,304.8503554092495,44.73684552363653,13638.04325776929,34.09510814442323,rebalance,rebalance,-1160.0910141187408
2018-04-11,2018-04-12,STX,sell,160.08701002762405,43.256553278956105,6924.8122785287,17.31203069632175,rebalance,rebalance,746.3992031898615
2018-04-11,2018-04-12,TEAM,sell,113.56969845970926,58.90999984741211,6690.390918932112,16.72597729733028,rebalance,rebalance,614.4457327171237
2018-04-11,2018-04-12,TXN,sell,167.594155557599,81.42658156764519,13646.619177771452,34.11654794442863,rebalance,rebalance,-1288.8571576008194
2018-04-11,2018-04-12,ADBE,buy,34.13303401977228,225.72000122070312,7704.508480609301,19.261271201523254,rebalance,rebalance,0.0
2018-04-11,2018-04-12,FTNT,buy,695.2272725527912,11.081999778747559,7704.508480609301,19.261271201523254,rebalance,rebalance,0.0
2018-04-11,2018-04-12,MU,buy,154.5569227060143,49.84900285097028,7704.508480609299,19.261271201523247,rebalance,rebalance,0.0
2018-04-11,2018-04-12,SHOP,buy,639.0601058916584,12.055999755859375,7704.5084806093,19.26127120152325,rebalance,rebalance,0.0
2018-05-09,2018-05-10,EPAM,sell,67.82137838113125,125.11000061035156,8485.132690658216,21.21283172664554,rebalance,rebalance,573.7386124273264
2018-05-09,2018-05-10,MU,sell,154.5569227060143,50.51210095212092,7806.994882575344,19.51748720643836,rebalance,rebalance,63.707643558083305
2018-05-09,2018-05-10,NVDA,sell,1355.7365570695904,6.372750852816729,8639.771300260049,21.59942825065012,rebalance,rebalance,708.4569033168453
2018-05-09,2018-05-10,ON,sell,311.7971981411639,23.399999618530273,7296.054317562043,18.240135793905107,rebalance,rebalance,-102.79381444474231
2018-05-09,2018-05-10,TEAM,sell,130.7843914541744,64.29000091552734,8408.128646325558,21.020321615813895,rebalance,rebalance,1409.4434398560163
2018-05-09,2018-05-10,ADBE,buy,27.22607618001983,240.4600067138672,6546.782461039828,16.36695615259957,rebalance,rebalance,0.0
2018-05-09,2018-05-10,AKAM,buy,83.9838232146724,77.33000183105469,6494.46920296959,16.236173007423975,rebalance,rebalance,0.0
2018-05-09,2018-05-10,AMZN,buy,76.41358331430754,80.42400360107422,6145.486299640855,15.363715749102138,rebalance,rebalance,0.0
2018-05-09,2018-05-10,ANET,buy,448.69217701112973,16.237499237060547,7285.638881893255,18.214097204733136,rebalance,rebalance,0.0
2018-05-09,2018-05-10,CIEN,buy,557.1907970415647,26.479999542236328,14754.412050598927,36.88603012649732,rebalance,rebalance,0.0
2018-05-09,2018-05-10,CSCO,buy,178.4679425191967,36.252978532976165,6469.994488972862,16.174986222432157,rebalance,rebalance,0.0
2018-05-09,2018-05-10,FFIV,buy,85.29054617078424,172.99000549316406,14754.412050598929,36.886030126497324,rebalance,rebalance,0.0
2018-05-09,2018-05-10,FTNT,buy,557.0569378125224,11.781999588012695,6563.244611806753,16.408111529516884,rebalance,rebalance,0.0
2018-05-09,2018-05-10,HPE,buy,1075.3386295931161,13.720712382648863,14754.412050598927,36.88603012649732,rebalance,rebalance,0.0
2018-05-09,2018-05-10,NOW,buy,176.2404448639877,36.22600173950195,6384.486662213417,15.961216655533542,rebalance,rebalance,0.0
2018-05-09,2018-05-10,NTAP,buy,113.73993004138993,57.59814582443327,6551.209076584815,16.37802269146204,rebalance,rebalance,0.0
2018-05-09,2018-05-10,PANW,buy,427.6641174086646,34.5,14754.412050598929,36.886030126497324,rebalance,rebalance,0.0
2018-05-09,2018-05-10,SHOP,buy,368.75490125267936,14.640000343322754,5398.571880941174,13.496429702352934,rebalance,rebalance,0.0
2018-05-09,2018-05-10,STX,buy,169.7051185195818,42.42003613128855,7198.897259265264,17.99724314816316,rebalance,rebalance,0.0
2018-05-09,2018-05-10,TWLO,buy,281.357979347546,52.439998626708984,14754.412050598927,36.88603012649732,rebalance,rebalance,0.0
2018-06-07,2018-06-08,ANET,sell,908.6628325698939,16.917499542236328,15372.303054048345,38.43075763512086,rebalance,rebalance,1089.2977054902053
2018-06-07,2018-06-08,CIEN,sell,557.1907970415647,24.260000228881836,13517.448863759211,33.793622159398026,rebalance,rebalance,-1307.6428391256093
2018-06-07,2018-06-08,CSCO,sell,406.9848229760799,34.298466117234994,13958.955161073958,34.8973879026849,rebalance,rebalance,-682.7984725479328
2018-06-07,2018-06-08,HPE,sell,1075.3386295931161,12.284187731105114,13209.661600431144,33.02415400107786,rebalance,rebalance,-1614.6606342953582
2018-06-07,2018-06-08,NTAP,sell,256.16123296003866,59.48611738144272,15238.037172435952,38.09509293108988,rebalance,rebalance,1299.391953092898
2018-06-07,2018-06-08,ADBE,buy,12.757305286193812,246.86000061035156,3149.2683907362457,7.873170976840615,rebalance,rebalance,0.0
2018-06-07,2018-06-08,AKAM,buy,43.77092295400132,78.0,3414.131990412103,8.535329976030257,rebalance,rebalance,0.0
2018-06-07,2018-06-08,AMZN,buy,34.21110031128859,84.05599975585938,2875.648239413354,7.1891205985333855,rebalance,rebalance,0.0
2018-06-07,2018-06-08,CRM,buy,141.32816140374717,129.46024479748482,18296.378372107556,45.74094593026889,rebalance,rebalance,0.0
2018-06-07,2018-06-08,FFIV,buy,18.424537964421106,176.41000366210938,3250.2728097762006,8.125682024440502,rebalance,rebalance,0.0
2018-06-07,2018-06-08,FTNT,buy,235.22620332472388,12.300000190734863,2893.2823457599416,7.233205864399854,rebalance,rebalance,0.0
2018-06-07,2018-06-08,LITE,buy,306.72888355534656,59.650001525878906,18296.378372107556,45.74094593026889,rebalance,rebalance,0.0
2018-06-07,2018-06-08,NOW,buy,107.52296161307834,35.540000915527344,3821.3661541690153,9.553415385422538,rebalance,rebalance,0.0
2018-06-07,2018-06-08,NVDA,buy,2846.7429482861266,6.427126967372603,18296.378372107556,45.74094593026889,rebalance,rebalance,0.0
2018-06-07,2018-06-08,PANW,buy,127.78151510184097,32.939998626708984,4209.122931973435,10.522807329933586,rebalance,rebalance,0.0
2018-06-07,2018-06-08,SHOP,buy,138.93387781947,15.954999923706055,2216.6900100098305,5.541725025024577,rebalance,rebalance,0.0
2018-06-07,2018-06-08,STX,buy,105.53359193231967,40.358116804286745,4259.13702998049,10.647842574951225,rebalance,rebalance,0.0
2018-06-07,2018-06-08,TEAM,buy,285.88091206418056,64.0,18296.378372107556,45.74094593026889,rebalance,rebalance,0.0
2018-06-07,2018-06-08,TWLO,buy,44.490246385359114,56.150001525878906,2498.1274024246427,6.245318506061607,rebalance,rebalance,0.0
2018-06-07,2018-06-08,VEEV,buy,230.92739614918113,79.2300033569336,18296.378372107556,45.74094593026889,rebalance,rebalance,0.0
2018-07-06,2018-07-09,ADBE,sell,19.75225109393979,249.89999389648438,4936.087427817381,12.340218569543453,rebalance,rebalance,274.85174672787934
2018-07-06,2018-07-09,AKAM,sell,234.5689534885584,75.80000305175781,17780.327390280363,44.450818475700906,rebalance,rebalance,542.7244952196255
2018-07-06,2018-07-09,AMZN,sell,60.067867034623674,86.20249938964844,5178.000271389631,12.945000678474077,rebalance,rebalance,304.7031246912317
2018-07-06,2018-07-09,CRM,sell,141.32816140374717,140.22404592580597,19817.606595288762,49.54401648822191,rebalance,rebalance,1425.9432607627164
2018-07-06,2018-07-09,FFIV,sell,27.28841463934556,177.75999450683594,4850.788436390329,12.126971090975822,rebalance,rebalance,89.61644169054469
2018-07-06,2018-07-09,FTNT,sell,447.1056997537255,13.057999610900879,5838.306053415713,14.595765133539283,rebalance,rebalance,652.6683384661509
2018-07-06,2018-07-09,LITE,sell,306.72888355534656,57.54999923706055,17652.247014594628,44.13061753648657,rebalance,rebalance,-734.0029209796828
2018-07-06,2018-07-09,NOW,sell,144.08542068066618,36.645999908447266,5280.1543130722785,13.200385782680696,rebalance,rebalance,129.6430196795473
2018-07-06,2018-07-09,NVDA,sell,2846.7429482861266,6.189041043467061,17618.608947143264,44.04652236785816,rebalance,rebalance,-767.5568932624158
2018-07-06,2018-07-09,PANW,sell,171.5449669213503,35.38833236694336,6070.690305289048,15.17672576322262,rebalance,rebalance,184.13474806331266
2018-07-06,2018-07-09,SHOP,sell,291.1783453955579,15.878999710083008,4623.620862118514,11.559052155296285,rebalance,rebalance,712.3960586042917
2018-07-06,2018-07-09,STX,sell,142.8456540076565,43.75325565958926,6249.962419658225,15.624906049145563,rebalance,rebalance,455.142741062064
2018-07-06,2018-07-09,TEAM,sell,79.22431347540774,65.73999786376953,5208.206198631912,13.020515496579781,rebalance,rebalance,112.15373055317241
2018-07-06,2018-07-09,TWLO,sell,97.40356336706202,59.470001220703125,5792.590032340013,14.481475080850032,rebalance,rebalance,608.0329396436847
2018-07-06,2018-07-09,VEEV,sell,61.84706500100549,80.3499984741211,4969.411578459659,12.423528946149148,rebalance,rebalance,44.59452394823936
2018-07-06,2018-07-09,INTC,buy,309.4841676386362,43.89757464305184,13585.604349759802,33.964010874399506,rebalance,rebalance,0.0
2018-07-06,2018-07-09,INTU,buy,68.83511861194408,197.36443582451335,13585.604349759802,33.964010874399506,rebalance,rebalance,0.0
2018-07-06,2018-07-09,KEYS,buy,226.42673916266338,60.0,13585.604349759802,33.964010874399506,rebalance,rebalance,0.0
2018-07-06,2018-07-09,NTAP,buy,211.24239316955914,64.31286895549876,13585.604349759802,33.964010874399506,rebalance,rebalance,0.0
2018-08-03,2018-08-06,ADBE,sell,5.509309852418028,252.74000549316406,1392.4230023636753,3.481057505909188,rebalance,rebalance,92.26920347180949
2018-08-03,2018-08-06,AMZN,sell,157.601049226552,91.29049682617188,14387.478084217903,35.96869521054476,rebalance,rebalance,1599.3236424794125
2018-08-03,2018-08-06,FFIV,sell,4.508817383723695,171.69000244140625,774.1188676193761,1.9352971690484404,rebalance,rebalance,-12.49289542469468
2018-08-03,2018-08-06,FTNT,sell,200.3192435886864,14.697999954223633,2944.2922330966253,7.360730582741564,rebalance,rebalance,620.1209305997189
2018-08-03,2018-08-06,INTC,sell,309.4841676386362,41.71000487782899,12908.586141818363,32.27146535454591,rebalance,rebalance,-743.2536841703848
2018-08-03,2018-08-06,INTU,sell,4.841319153384411,192.94957182077044,934.1304576932171,2.3353261442330426,rebalance,rebalance,-26.097852363526247
2018-08-03,2018-08-06,KEYS,sell,18.660019638719774,59.43000030517578,1108.9649728237023,2.7724124320592556,rebalance,rebalance,-16.207620877351395
2018-08-03,2018-08-06,NOW,sell,370.7254375293546,36.2239990234375,13429.157887026782,33.57289471756695,rebalance,rebalance,177.51042965766
2018-08-03,2018-08-06,NTAP,sell,24.065246646061695,65.96732792463676,1587.5200170880169,3.968800042720042,rebalance,rebalance,31.976900480550164
2018-08-03,2018-08-06,PANW,sell,25.133331491806587,34.41666793823242,865.005524135027,2.162513810337568,rebalance,rebalance,2.6177694828534537
2018-08-03,2018-08-06,SHOP,sell,855.5705395682498,14.190999984741211,12141.401513958062,30.353503784895157,rebalance,rebalance,652.6439640428887
2018-08-03,2018-08-06,STX,sell,310.50499317031483,39.90379860673534,12390.328713853976,30.97582178463494,rebalance,rebalance,-202.93922557147408
2018-08-03,2018-08-06,TEAM,sell,206.65659858877282,74.3499984741211,15364.917789742314,38.41229447435579,rebalance,rebalance,2067.4181298122953
2018-08-03,2018-08-06,TWLO,sell,29.45068401719368,62.04999923706055,1827.4149207977791,4.568537301994448,rebalance,rebalance,259.63598239787274
2018-08-03,2018-08-06,VEEV,sell,12.821450747466656,79.0199966430664,1013.1509950240564,2.532877487560141,rebalance,rebalance,-7.765077190452001
2018-08-03,2018-08-06,AMD,buy,653.6567815602847,18.889999389648438,12347.57620471334,30.86894051178335,rebalance,rebalance,0.0
2018-08-03,2018-08-06,CRM,buy,89.15605026841786,138.4939795733333,12347.57620471334,30.86894051178335,rebalance,rebalance,0.0
2018-08-03,2018-08-06,DELL,buy,521.5731768201347,23.67371780886543,12347.57620471334,30.86894051178335,rebalance,rebalance,0.0
2018-08-03,2018-08-06,LITE,buy,224.91030713164747,54.900001525878906,12347.57620471334,30.86894051178335,rebalance,rebalance,0.0
2018-08-03,2018-08-06,MU,buy,242.48178520235246,50.92166487643274,12347.57620471334,30.86894051178335,rebalance,rebalance,0.0
2018-08-03,2018-08-06,VRSN,buy,83.19561116886486,148.41619685503673,12347.57620471334,30.86894051178335,rebalance,rebalance,0.0
2018-08-31,2018-09-04,CRM,sell,89.15605026841786,149.52317781913152,13330.89595793607,33.327239894840176,rebalance,rebalance,919.1235728161096
2018-08-31,2018-09-04,FFIV,sell,71.91785211213609,188.75999450683594,13575.213369630248,33.93803342407562,rebalance,rebalance,1025.3002531639338
2018-08-31,2018-09-04,LITE,sell,224.91030713164747,67.94999694824219,15282.654683223658,38.20663670805914,rebalance,rebalance,2866.0029012904774
2018-08-31,2018-09-04,MU,sell,242.48178520235246,50.843648138862676,12328.658566911687,30.82164641727922,rebalance,rebalance,-80.60822473071559
2018-08-31,2018-09-04,PANW,sell,358.7673340973487,38.401668548583984,13777.264250065477,34.44316062516369,rebalance,rebalance,1463.4813417158662
2018-08-31,2018-09-04,VEEV,sell,156.258880400709,104.20999908447266,16283.737783498605,40.709344458746514,rebalance,rebalance,3831.685841294254
2018-08-31,2018-09-04,AAPL,buy,382.4314819255451,53.95918125564201,20635.689651084267,51.58922412771067,rebalance,rebalance,0.0
2018-08-31,2018-09-04,ADBE,buy,29.408461727619766,263.6700134277344,7754.129498610516,19.38532374652629,rebalance,rebalance,0.0
2018-08-31,2018-09-04,AMD,buy,151.79555938904252,25.6200008392334,3889.0023589391726,9.722505897347931,rebalance,rebalance,0.0
2018-08-31,2018-09-04,AMZN,buy,203.65842854774704,101.32499694824219,20635.689651084267,51.58922412771067,rebalance,rebalance,0.0
2018-08-31,2018-09-04,BAH,buy,466.93933285222994,44.19351337364151,20635.689651084267,51.58922412771067,rebalance,rebalance,0.0
2018-08-31,2018-09-04,CDW,buy,260.1045095142161,79.3361471880072,20635.689651084267,51.58922412771067,rebalance,rebalance,0.0
2018-08-31,2018-09-04,DELL,buy,320.97226612911743,24.49207912020858,7861.278137426988,19.65319534356747,rebalance,rebalance,0.0
2018-08-31,2018-09-04,FTNT,buy,372.3521968717838,17.020000457763672,6337.434561207069,15.843586403017673,rebalance,rebalance,0.0
2018-08-31,2018-09-04,INTU,buy,35.46637375836436,207.47691245296284,7358.453723288221,18.396134308220553,rebalance,rebalance,0.0
2018-08-31,2018-09-04,KEYS,buy,110.19459273975144,64.9000015258789,7151.629236953473,17.879073092383685,rebalance,rebalance,0.0
2018-08-31,2018-09-04,NTAP,buy,105.65887552052797,70.46841268722693,7445.613244248904,18.614033110622263,rebalance,rebalance,0.0
2018-08-31,2018-09-04,TEAM,buy,228.77705486980523,90.19999694824219,20635.689651084267,51.58922412771067,rebalance,rebalance,0.0
2018-08-31,2018-09-04,TWLO,buy,51.83488385020922,82.2699966430664,4264.45572035045,10.661139300876126,rebalance,rebalance,0.0
2018-08-31,2018-09-04,UI,buy,248.54619556531307,83.02557037394529,20635.689651084267,51.58922412771067,rebalance,rebalance,0.0
2018-08-31,2018-09-04,VRSN,buy,49.15234272226182,155.91997491747998,7663.832044390442,19.159580110976105,rebalance,rebalance,0.0
2018-10-01,2018-10-02,AAPL,sell,38.53415241404559,53.685147592248526,2068.7116596902374,5.171779149225594,rebalance,rebalance,-20.929612387614235
2018-10-01,2018-10-02,ADBE,sell,78.26331626724787,274.7099914550781,21499.71494302174,53.74928735755435,rebalance,rebalance,2173.9583064967233
2018-10-01,2018-10-02,AMD,sell,204.66551483727517,30.729999542236328,6289.371177261029,15.723427943152572,rebalance,rebalance,2137.6173340649066
2018-10-01,2018-10-02,AMZN,sell,19.03570998438812,99.99949645996094,1903.561413196663,4.758903532991657,rebalance,rebalance,-34.81272955226759
2018-10-01,2018-10-02,BAH,sell,37.24576351089871,42.96591852585852,1600.2984404426682,4.00074610110667,rebalance,rebalance,-53.83850635840534
2018-10-01,2018-10-02,CDW,sell,260.1045095142161,79.18277680551245,20595.797322971463,51.48949330742866,rebalance,rebalance,-142.97104554794592
2018-10-01,2018-10-02,DELL,sell,93.88652745313448,24.660333977550444,2315.2731229867545,5.788182807466886,rebalance,rebalance,51.94201261129244
2018-10-01,2018-10-02,FTNT,sell,212.86107936019175,18.469999313354492,3931.5439896226376,9.828859974056595,rebalance,rebalance,1100.5044528313324
2018-10-01,2018-10-02,INTU,sell,99.46017321692403,214.95754373773255,21379.714534439405,53.44928633609851,rebalance,rebalance,1287.7400137851746
2018-10-01,2018-10-02,KEYS,sell,317.96131226369505,65.94999694824219,20969.54757344977,52.423868933624426,rebalance,rebalance,1250.4472151050825
2018-10-01,2018-10-02,NTAP,sell,28.224711987570913,69.77093642545397,1969.2645857115588,4.9231614642788974,rebalance,rebalance,81.7474816484327
2018-10-01,2018-10-02,TEAM,sell,33.78150320211347,94.68000030517578,3198.4327334854,7.9960818337135,rebalance,rebalance,135.72743719967377
2018-10-01,2018-10-02,TWLO,sell,28.392971940967357,83.0,2356.6166711002907,5.891541677750727,rebalance,rebalance,671.1705354291404
2018-10-01,2018-10-02,UI,sell,248.54619556531307,90.47777745109953,22487.907368675857,56.21976842168964,rebalance,rebalance,1744.4087250421878
2018-10-01,2018-10-02,VRSN,sell,14.820921705491529,157.08878670775738,2328.2006086063307,5.820501521515827,rebalance,rebalance,75.80979812199155
2018-10-01,2018-10-02,CDNS,buy,409.7243304202005,45.060001373291016,18462.178891404976,46.15544722851244,rebalance,rebalance,0.0
2018-10-01,2018-10-02,CRM,buy,117.92293068148878,156.5613980649068,18462.178891404976,46.15544722851244,rebalance,rebalance,0.0
2018-10-01,2018-10-02,FFIV,buy,97.26663046663683,189.80999755859375,18462.178891404976,46.15544722851244,rebalance,rebalance,0.0
2018-10-01,2018-10-02,MPWR,buy,158.37191532363332,116.57482864734872,18462.178891404976,46.15544722851244,rebalance,rebalance,0.0
2018-10-01,2018-10-02,VEEV,buy,175.24612395642467,105.3499984741211,18462.178891404976,46.15544722851244,rebalance,rebalance,0.0
2018-10-29,2018-10-30,AAPL,sell,343.8973295114995,49.88171486371628,17154.1885330861,42.885471332715255,market_trend_exit,risk_exit,-1491.506320529966
2018-10-29,2018-10-30,AMD,sell,600.786826112052,16.3799991607666,9840.887707515043,24.602219268787607,market_trend_exit,risk_exit,-2324.8541065624195
2018-10-29,2018-10-30,AMZN,sell,184.62271856335892,74.30799865722656,13718.944723099592,34.29736180774898,market_trend_exit,risk_exit,-5069.016274704195
2018-10-29,2018-10-30,BAH,sell,429.6935693413312,42.447209233182335,18239.29284398443,45.598232109961074,market_trend_exit,risk_exit,-843.448062637541
2018-10-29,2018-10-30,CDNS,sell,409.7243304202005,44.15999984741211,18093.42636883708,45.2335659220927,market_trend_exit,risk_exit,-460.1415357184972
2018-10-29,2018-10-30,CRM,sell,117.92293068148878,128.22172699519243,15120.281824314856,37.80070456078714,market_trend_exit,risk_exit,-3425.8532188794184
2018-10-29,2018-10-30,DELL,sell,748.6589154961176,22.179773169760363,16605.08492722268,41.5127123180567,market_trend_exit,risk_exit,-1438.2613355230576
2018-10-29,2018-10-30,FFIV,sell,97.26663046663683,168.69000244140625,16407.908130884327,41.01977032721082,market_trend_exit,risk_exit,-2141.445978076372
2018-10-29,2018-10-30,FTNT,sell,999.5765878592176,15.456000328063965,15449.456069877126,38.62364017469282,market_trend_exit,risk_exit,2162.6794538683494
2018-10-29,2018-10-30,MPWR,sell,158.37191532363332,104.46608262842372,16544.493592220402,41.361233980551006,market_trend_exit,risk_exit,-2005.2019803936346
2018-10-29,2018-10-30,NTAP,sell,264.6113100564545,58.625357939030266,15512.932766775364,38.78233191693841,market_trend_exit,risk_exit,-2175.4769439717065
2018-10-29,2018-10-30,TEAM,sell,194.99555166769176,68.70999908447266,13398.14417656334,33.49536044140835,market_trend_exit,risk_exit,-4267.920844638032
2018-10-29,2018-10-30,TWLO,sell,222.4358902578913,65.08999633789062,14478.351282301584,36.195878205753964,market_trend_exit,risk_exit,1284.208355495165
2018-10-29,2018-10-30,VEEV,sell,175.24612395642467,83.3499984741211,14606.764164363633,36.516910410909084,market_trend_exit,risk_exit,-3938.087084680762
2018-10-29,2018-10-30,VRSN,sell,117.52703218563515,132.89785462156613,15619.090437510664,39.04772609377666,market_trend_exit,risk_exit,-2234.82374934683
2019-02-26,2019-02-27,ADSK,buy,93.09046120790721,162.58999633789062,15135.577746886183,37.83894436721546,rebalance,rebalance,0.0
2019-02-26,2019-02-27,AVGO,buy,671.1031141733718,22.553281943162137,15135.577746886183,37.83894436721546,rebalance,rebalance,0.0
2019-02-26,2019-02-27,CIEN,buy,351.01062434614977,43.119998931884766,15135.577746886183,37.83894436721546,rebalance,rebalance,0.0
2019-02-26,2019-02-27,GEN,buy,1351.180922693116,11.201740264892578,15135.577746886182,37.838944367215454,rebalance,rebalance,0.0
2019-02-26,2019-02-27,KEYS,buy,179.11926327675957,84.5,15135.577746886183,37.83894436721546,rebalance,rebalance,0.0
2019-02-26,2019-02-27,LSCC,buy,1260.2479149407434,12.010000228881836,15135.577746886185,37.83894436721546,rebalance,rebalance,0.0
2019-02-26,2019-02-27,MDB,buy,155.7318383237113,97.19000244140625,15135.577746886183,37.83894436721546,rebalance,rebalance,0.0
2019-02-26,2019-02-27,NOW,buy,320.9410050012276,47.15999984741211,15135.577746886183,37.83894436721546,rebalance,rebalance,0.0
2019-02-26,2019-02-27,ORCL,buy,321.57479028106223,47.067053153194664,15135.577746886183,37.83894436721546,rebalance,rebalance,0.0
2019-02-26,2019-02-27,SHOP,buy,817.3882154099248,18.517000198364258,15135.577746886183,37.83894436721546,rebalance,rebalance,0.0
2019-02-26,2019-02-27,TEAM,buy,143.73767624153473,105.30000305175781,15135.577746886183,37.83894436721546,rebalance,rebalance,0.0
2019-02-26,2019-02-27,TWLO,buy,130.01956250099067,116.41000366210938,15135.577746886183,37.83894436721546,rebalance,rebalance,0.0
2019-02-26,2019-02-27,UI,buy,110.6449506480612,136.79411178038606,15135.577746886183,37.83894436721546,rebalance,rebalance,0.0
2019-02-26,2019-02-27,VEEV,buy,127.37168655778558,118.83000183105469,15135.577746886183,37.83894436721546,rebalance,rebalance,0.0
2019-02-26,2019-02-27,VRSN,buy,86.83323260732479,174.30627989322866,15135.577746886183,37.83894436721546,rebalance,rebalance,0.0
2019-03-26,2019-03-27,ADSK,sell,93.09046120790721,155.64999389648438,14489.529718831673,36.22382429707918,rebalance,rebalance,-720.1107967188034
2019-03-26,2019-03-27,AVGO,sell,671.1031141733718,24.782702034187846,16631.74851277422,41.57937128193554,rebalance,rebalance,1416.7524502388844
2019-03-26,2019-03-27,CIEN,sell,35.91730612673325,37.29999923706055,1339.7154911244204,3.349288727811051,rebalance,rebalance,-216.25988492885872
2019-03-26,2019-03-27,GEN,sell,1351.180922693116,11.468802267556741,15496.426830062217,38.74106707515554,rebalance,rebalance,284.2690717336651
2019-03-26,2019-03-27,KEYS,sell,41.866187180018414,85.62999725341797,3585.0014932360596,8.962503733090148,rebalance,rebalance,29.501940749634652
2019-03-26,2019-03-27,LSCC,sell,298.4655685934832,12.220000267028809,3647.24932791127,9.118123319778176,rebalance,rebalance,44.598228602608714
2019-03-26,2019-03-27,MDB,sell,77.71152116487609,150.63999938964844,11706.463500845586,29.266158752113967,rebalance,rebalance,4105.5324530244225
2019-03-26,2019-03-27,NOW,sell,80.90791210222318,48.9640007019043,3961.5750649628667,9.903937662407166,rebalance,rebalance,126.5149620991941
2019-03-26,2019-03-27,ORCL,sell,321.57479028106223,47.74814952770466,15354.601170680427,38.38650292670107,rebalance,rebalance,142.7979765003288
2019-03-26,2019-03-27,SHOP,sell,245.91196636260645,20.56599998474121,5057.425496461045,12.643563741152613,rebalance,rebalance,479.8461229785736
2019-03-26,2019-03-27,TEAM,sell,38.235159471309885,111.4000015258789,4259.3968234461445,10.64849205861536,rebalance,rebalance,212.52051635161814
2019-03-26,2019-03-27,TWLO,sell,41.25082329412889,132.39999389648438,5461.608752367621,13.654021880919052,rebalance,rebalance,633.9412185252947
2019-03-26,2019-03-27,UI,sell,23.85643009394616,135.42091113143016,3230.659499665459,8.076648749163647,rebalance,rebalance,-48.994861948322225
2019-03-26,2019-03-27,VEEV,sell,33.75227885126985,125.54000091552734,4237.261117889551,10.593152794723878,rebalance,rebalance,205.857649001916
2019-03-26,2019-03-27,VRSN,sell,86.83323260732479,179.7377076043954,15607.206172719796,39.01801543179949,rebalance,rebalance,394.7714660345985
2019-03-26,2019-03-27,CDNS,buy,188.50009329294994,62.349998474121094,11752.980529187113,29.382451322967782,rebalance,rebalance,0.0
2019-03-26,2019-03-27,ENTG,buy,344.7468715756372,34.091623443806995,11752.980529187113,29.382451322967782,rebalance,rebalance,0.0
2019-03-26,2019-03-27,EPAM,buy,69.13924436375022,169.99000549316406,11752.980529187113,29.382451322967782,rebalance,rebalance,0.0
2019-03-26,2019-03-27,LRCX,buy,712.2798436272502,16.500509784659403,11752.980529187113,29.382451322967782,rebalance,rebalance,0.0
2019-03-26,2019-03-27,ON,buy,543.6160995821613,21.6200008392334,11752.980529187113,29.382451322967782,rebalance,rebalance,0.0
2019-04-24,2019-04-25,CIEN,sell,315.0933182194165,39.84000015258789,12553.31784594098,31.38329461485245,rebalance,rebalance,-1098.856052601802
2019-04-24,2019-04-25,ENTG,sell,344.7468715756372,38.02490924925132,13108.968505626906,32.77242126406727,rebalance,rebalance,1293.8331038527585
2019-04-24,2019-04-25,LRCX,sell,712.2798436272502,18.59134469266045,13242.240090508492,33.10560022627123,rebalance,rebalance,1426.7715097721432
2019-04-24,2019-04-25,ANET,buy,710.177406507474,20.223125457763672,14362.006789069877,35.905016972674694,rebalance,rebalance,0.0
2019-04-24,2019-04-25,CDNS,buy,22.364782061156234,68.11000061035156,1523.2653198357307,3.8081632995893266,rebalance,rebalance,0.0
2019-04-24,2019-04-25,EPAM,buy,12.185819581329497,176.60000610351562,2152.0158124391296,5.380039531097824,rebalance,rebalance,0.0
2019-04-24,2019-04-25,KEYS,buy,18.82176973028308,92.0199966430664,1731.9791873972179,4.329947968493045,rebalance,rebalance,0.0
2019-04-24,2019-04-25,KLAC,buy,1239.6632010602543,11.585410276586735,14362.00678906988,35.9050169726747,rebalance,rebalance,0.0
2019-04-24,2019-04-25,LSCC,buy,122.96138759141161,13.239999771118164,1628.0087435666615,4.070021858916654,rebalance,rebalance,0.0
2019-04-24,2019-04-25,MDB,buy,26.903749737317142,136.8800048828125,3682.5853954099357,9.20646348852484,rebalance,rebalance,0.0
2019-04-24,2019-04-25,NOW,buy,35.0800628682141,52.20399856567383,1831.3195516559965,4.578298879139991,rebalance,rebalance,0.0
2019-04-24,2019-04-25,ON,buy,78.65456058011603,23.079999923706055,1815.347252188211,4.538368130470528,rebalance,rebalance,0.0
2019-04-24,2019-04-25,SHOP,buy,79.30115954340499,22.069000244140625,1750.0973093240393,4.375243273310098,rebalance,rebalance,0.0
2019-04-24,2019-04-25,TEAM,buy,32.59370235544705,104.0,3389.745044966493,8.474362612416233,rebalance,rebalance,0.0
2019-04-24,2019-04-25,TWLO,buy,20.67275478578003,131.22999572753906,2712.885522214376,6.782213805535941,rebalance,rebalance,0.0
2019-04-24,2019-04-25,UI,buy,4.55831571536082,157.2250049985479,716.6812111325643,1.7917030278314108,rebalance,rebalance,0.0
2019-04-24,2019-04-25,VEEV,buy,10.907575023120003,137.39999389648438,1498.7007416021338,3.7467518540053346,rebalance,rebalance,0.0
2019-04-24,2019-04-25,ZS,buy,218.10185454619432,65.8499984741211,14362.006789069877,35.905016972674694,rebalance,rebalance,0.0
2019-05-22,2019-05-23,ANET,sell,710.177406507474,15.566875457763672,11055.24324001945,27.638108100048626,rebalance,rebalance,-3370.306674123147
2019-05-22,2019-05-23,CDNS,sell,67.78792656948394,64.20999908447266,4352.6627029648635,10.88165675741216,rebalance,rebalance,63.121074205445865
2019-05-22,2019-05-23,EPAM,sell,81.32506394507972,168.52999877929688,13705.712927390525,34.26428231847631,rebalance,rebalance,-268.3101874082571
2019-05-22,2019-05-23,KEYS,sell,33.04054857575517,74.66999816894531,2467.137701652587,6.1678442541314675,rebalance,rebalance,-367.9747146910107
2019-05-22,2019-05-23,KLAC,sell,1239.6632010602543,9.568859806085667,11862.163377708963,29.655408444272407,rebalance,rebalance,-2565.4038367778626
2019-05-22,2019-05-23,LSCC,sell,295.4851016792828,11.640000343322754,3439.4466849936107,8.598616712484027,rebalance,rebalance,-168.10157747022544
2019-05-22,2019-05-23,MDB,sell,39.76824597083507,141.0,5607.322681887745,14.018306704719363,rebalance,rebalance,1312.8334071559932
2019-05-22,2019-05-23,NOW,sell,105.0218691275197,54.012001037597656,5672.441304286039,14.181103260715098,rebalance,rebalance,625.3312895703834
2019-05-22,2019-05-23,ON,sell,622.2706601622773,17.799999237060547,11076.4172761337,27.69104319033425,rebalance,rebalance,-2553.522367885397
2019-05-22,2019-05-23,SHOP,sell,316.70574493727844,27.5,8709.407985775157,21.77351996443789,rebalance,rebalance,2671.109728952598
2019-05-22,2019-05-23,TEAM,sell,138.0962191256719,124.88999938964844,17246.83672231792,43.1170918057948,rebalance,rebalance,2668.311346715728
2019-05-22,2019-05-23,TWLO,sell,42.127814053714474,136.47999572753906,5749.603882061511,14.374009705153778,rebalance,rebalance,700.6433785658905
2019-05-22,2019-05-23,UI,sell,13.416108541221206,117.88637188792599,1581.5763607791832,3.9539409019479583,rebalance,rebalance,-275.9226079441873
2019-05-22,2019-05-23,VEEV,sell,40.12028902674412,142.63999938964844,5722.7580022873,14.30689500571825,rebalance,rebalance,851.0984352813772
2019-05-22,2019-05-23,ZS,sell,96.01586450672941,75.25,7225.193804131389,18.062984510328473,rebalance,rebalance,868.6796770333622
2019-05-22,2019-05-23,ENTG,buy,267.71910789817724,34.315708066545085,9186.970750469734,22.967426876174336,rebalance,rebalance,0.0
2019-05-22,2019-05-23,LITE,buy,206.91374853027952,44.400001525878906,9186.970750469734,22.967426876174336,rebalance,rebalance,0.0
2019-05-22,2019-05-23,MRVL,buy,427.08449914980173,21.51089718488557,9186.970750469734,22.967426876174336,rebalance,rebalance,0.0
2019-05-22,2019-05-23,PANW,buy,246.96157424873672,37.20000076293945,9186.970750469734,22.967426876174336,rebalance,rebalance,0.0
2019-05-22,2019-05-23,QCOM,buy,163.00452820787564,56.36021803488685,9186.970750469734,22.967426876174336,rebalance,rebalance,0.0
2019-06-20,2019-06-21,KEYS,sell,123.03429725126907,88.0,10827.018158111678,27.067545395279193,rebalance,rebalance,265.7064069400892
2019-06-20,2019-06-21,LITE,sell,206.91374853027952,48.849998474121094,10107.736299978831,25.269340749947077,rebalance,rebalance,872.5287818829743
2019-06-20,2019-06-21,LSCC,sell,52.57601782204631,14.84000015258789,780.2281125016309,1.9505702812540773,rebalance,rebalance,137.9121239968667
2019-06-20,2019-06-21,MDB,sell,1.528946029252431,171.82000732421875,262.7035179444879,0.6567587948612197,rebalance,rebalance,97.4780453397474
2019-06-20,2019-06-21,PANW,sell,246.96157424873672,34.53499984741211,8528.817928996777,21.322044822491943,rebalance,rebalance,-702.4422931716239
2019-06-20,2019-06-21,QCOM,sell,163.00452820787564,61.36463526647434,10002.713420260015,25.006783550650038,rebalance,rebalance,767.768459363458
2019-06-20,2019-06-21,SHOP,sell,0.7676891122935672,32.79999923706055,25.18020229752869,0.06295050574382173,rebalance,rebalance,10.533302469218503
2019-06-20,2019-06-21,UI,sell,77.93072772825465,126.48800480007512,9857.302262964822,24.643255657412055,rebalance,rebalance,-934.1078574203445
2019-06-20,2019-06-21,VEEV,sell,0.4747047516693286,171.0,81.1745125354552,0.20293628133863797,rebalance,rebalance,23.499198814483485
2019-06-20,2019-06-21,AMD,buy,368.71400510327965,29.649999618530273,10932.37011065901,27.330925276647527,rebalance,rebalance,0.0
2019-06-20,2019-06-21,CDNS,buy,7.714363086536537,72.5,559.291323773899,1.3982283094347474,rebalance,rebalance,0.0
2019-06-20,2019-06-21,ENTG,buy,27.25497324394388,37.06213803032985,1010.1275803799949,2.525318950949987,rebalance,rebalance,0.0
2019-06-20,2019-06-21,EPAM,buy,62.57079918886585,174.72000122070312,10932.37011065901,27.330925276647527,rebalance,rebalance,0.0
2019-06-20,2019-06-21,LDOS,buy,151.68535852107613,72.07267871631788,10932.37011065901,27.330925276647527,rebalance,rebalance,0.0
2019-06-20,2019-06-21,MRVL,buy,44.71752199750074,23.171520300134087,1036.172968736781,2.5904324218419528,rebalance,rebalance,0.0
2019-06-20,2019-06-21,NOW,buy,20.023658462573763,57.50400161743164,1151.4404886187403,2.878601221546851,rebalance,rebalance,0.0
2019-06-20,2019-06-21,TEAM,buy,81.55441896139259,134.0500030517578,10932.37011065901,27.330925276647527,rebalance,rebalance,0.0
2019-06-20,2019-06-21,TER,buy,245.24213645497923,44.577861980361355,10932.37011065901,27.330925276647527,rebalance,rebalance,0.0
2019-06-20,2019-06-21,TWLO,buy,8.004064259226567,145.14999389648438,1161.7898783738049,2.9044746959345122,rebalance,rebalance,0.0
2019-06-20,2019-06-21,ZS,buy,16.49139866936939,78.88999938964844,1301.0064309610002,3.2525160774025004,rebalance,rebalance,0.0
2019-07-19,2019-07-22,ENTG,sell,294.9740811421211,36.916551811148906,10889.425949429156,27.22356487357289,rebalance,rebalance,639.611307878732
2019-07-19,2019-07-22,EPAM,sell,62.57079918886585,193.6699981689453,12118.086564337094,30.295216410842738,rebalance,rebalance,1128.0903119905922
2019-07-19,2019-07-22,AMD,buy,135.38183368613488,32.79999923706055,4440.524041617082,11.101310104042705,rebalance,rebalance,0.0
2019-07-19,2019-07-22,BAH,buy,282.65965409691313,58.495589618280654,16534.343127698194,41.33585781924548,rebalance,rebalance,0.0
2019-07-19,2019-07-22,CDNS,buy,74.47221379605284,73.4000015258789,5466.260606265859,13.665651515664647,rebalance,rebalance,0.0
2019-07-19,2019-07-22,LDOS,buy,75.6580506755704,72.72849116728248,5502.495870292032,13.75623967573008,rebalance,rebalance,0.0
2019-07-19,2019-07-22,LSCC,buy,268.44458075092496,16.450000762939453,4415.913558159677,11.039783895399195,rebalance,rebalance,0.0
2019-07-19,2019-07-22,MDB,buy,36.953106788267185,164.38999938964844,6074.721202368856,15.18680300592214,rebalance,rebalance,0.0
2019-07-19,2019-07-22,MRVL,buy,195.5642447032871,24.775515296123636,4845.204936021156,12.11301234005289,rebalance,rebalance,0.0
2019-07-19,2019-07-22,NOW,buy,91.65640871007236,58.68000030517578,5378.398091078362,13.445995227695905,rebalance,rebalance,0.0
2019-07-19,2019-07-22,SHOP,buy,164.83842298854904,33.19200134277344,5471.317157176576,13.67829289294144,rebalance,rebalance,0.0
2019-07-19,2019-07-22,SNPS,buy,121.95266930517913,135.5800018310547,16534.343127698194,41.33585781924548,rebalance,rebalance,0.0
2019-07-19,2019-07-22,TEAM,buy,41.56056802282983,134.3000030517578,5581.584412298834,13.953961030747084,rebalance,rebalance,0.0
2019-07-19,2019-07-22,TER,buy,121.830199187326,45.04382793861681,5487.698529921326,13.719246324803315,rebalance,rebalance,0.0
2019-07-19,2019-07-22,TWLO,buy,37.78399225147267,146.19000244140625,5523.641919488864,13.80910479872216,rebalance,rebalance,0.0
2019-07-19,2019-07-22,VEEV,buy,33.19744500683391,170.22999572753906,5651.200921678549,14.128002304196373,rebalance,rebalance,0.0
2019-07-19,2019-07-22,ZS,buy,60.03333955180466,83.25,4997.775517687738,12.494438794219345,rebalance,rebalance,0.0
2019-08-16,2019-08-19,AMD,sell,207.60314270540465,32.0,6643.300566572949,16.608251416432374,rebalance,rebalance,279.80439197958736
2019-08-16,2019-08-19,BAH,sell,282.65965409691313,64.47060316807486,18223.23839090739,45.55809597726848,rebalance,rebalance,1602.0013094126853
2019-08-16,2019-08-19,CDNS,sell,90.856856636184,70.58999633789062,6413.585177220482,16.033962943051208,rebalance,rebalance,318.71832027049106
2019-08-16,2019-08-19,LDOS,sell,104.79281135478531,77.4191757671496,8112.973081409874,20.282432703524684,rebalance,rebalance,498.18216477882413
2019-08-16,2019-08-19,LSCC,sell,517.5749484742014,19.459999084472656,10072.008023453942,25.180020058634856,rebalance,rebalance,3146.9075699457067
2019-08-16,2019-08-19,MDB,sell,35.89213554582176,146.6699981689453,5264.299454785214,13.160748636963035,rebalance,rebalance,634.0446390886787
2019-08-16,2019-08-19,MRVL,sell,284.11748108961285,24.75615488410645,7033.656367136641,17.584140917841605,rebalance,rebalance,584.9946652435062
2019-08-16,2019-08-19,NOW,sell,281.77135381234496,52.0,14652.110398241937,36.63027599560484,rebalance,rebalance,-81.91251903233922
2019-08-16,2019-08-19,SHOP,sell,237.30316809645,36.374000549316406,8631.665566694795,21.579163916736988,rebalance,rebalance,2980.82531241428
2019-08-16,2019-08-19,SNPS,sell,49.29402217969009,130.5800018310547,6436.813506483983,16.09203376620996,rebalance,rebalance,-279.27035370811666
2019-08-16,2019-08-19,TEAM,sell,56.76697107731111,143.0,8117.676864055489,20.294192160138724,rebalance,rebalance,463.94323657982545
2019-08-16,2019-08-19,TER,sell,367.07233564230523,52.324610350925745,19206.916933087854,48.017292332719634,rebalance,rebalance,2697.7808285733463
2019-08-16,2019-08-19,TWLO,sell,38.06997287772394,126.44999694824219,4813.947954207855,12.034869885519639,rebalance,rebalance,-161.79316903999944
2019-08-16,2019-08-19,VEEV,sell,38.56297547232585,162.0,6247.2020265167885,15.618005066291971,rebalance,rebalance,909.2201058371373
2019-08-16,2019-08-19,ZS,sell,80.42729005741015,80.27999877929688,6456.702747631042,16.141756869077607,rebalance,rebalance,619.8229152830232
2019-08-16,2019-08-19,MSFT,buy,73.19689087981308,129.6197988828094,9487.766274688316,23.71941568672079,rebalance,rebalance,0.0
2019-08-16,2019-08-19,NICE,buy,62.57595686739863,151.6199951171875,9487.766274688316,23.71941568672079,rebalance,rebalance,0.0
2019-08-16,2019-08-19,QCOM,buy,149.90697960623936,63.29102420454224,9487.766274688316,23.71941568672079,rebalance,rebalance,0.0
2019-09-16,2019-09-17,CDNS,sell,134.4066690310276,66.04000091552734,8876.216545862044,22.19054136465511,rebalance,rebalance,-138.53340300392375
2019-09-16,2019-09-17,MDB,sell,64.68784613851027,131.55999755859375,8510.332880053098,21.275832200132747,rebalance,rebalance,167.73913029186653
2019-09-16,2019-09-17,MSFT,sell,73.19689087981308,128.78295071178985,9426.511590431228,23.56627897607807,rebalance,rebalance,-108.5403789198876
2019-09-16,2019-09-17,SNPS,sell,72.65864712548904,133.0500030517578,9667.233221782912,24.16808305445728,rebalance,rebalance,-232.6220203630966
2019-09-16,2019-09-17,TWLO,sell,75.03176357190263,112.94999694824219,8474.837466467632,21.18709366616908,rebalance,rebalance,-1329.2731727149653
2019-09-16,2019-09-17,AKAM,buy,150.23463629310154,89.95999908447266,13515.107743383498,33.787769358458746,rebalance,rebalance,0.0
2019-09-16,2019-09-17,AMAT,buy,284.9426937148647,47.43096784544243,13515.107743383498,33.787769358458746,rebalance,rebalance,0.0
2019-09-16,2019-09-17,AMD,buy,138.4962925265985,31.06999969482422,4303.079766535701,10.757699416339253,rebalance,rebalance,0.0
2019-09-16,2019-09-17,BAH,buy,218.39895828213173,61.88265662844617,13515.107743383498,33.787769358458746,rebalance,rebalance,0.0
2019-09-16,2019-09-17,ENTG,buy,293.5917054195262,46.03368383337384,13515.107743383498,33.787769358458746,rebalance,rebalance,0.0
2019-09-16,2019-09-17,LDOS,buy,48.37653160620822,79.069412720054,3825.1039435360144,9.562759858840037,rebalance,rebalance,0.0
2019-09-16,2019-09-17,LSCC,buy,166.29911726748185,20.670000076293945,3437.4027666064653,8.593506916516164,rebalance,rebalance,0.0
2019-09-16,2019-09-17,MRVL,buy,169.81523473272637,24.436787183797943,4149.738751730327,10.374346879325817,rebalance,rebalance,0.0
2019-09-16,2019-09-17,NICE,buy,28.31246290901659,148.6999969482422,4210.063148167987,10.525157870419967,rebalance,rebalance,0.0
2019-09-16,2019-09-17,QCOM,buy,53.678860695039845,66.38530323809842,3563.4874447158622,8.908718611789656,rebalance,rebalance,0.0
2019-09-16,2019-09-17,SHOP,buy,155.53551704274963,32.45899963378906,5048.527290731803,12.621318226829509,rebalance,rebalance,0.0
2019-09-16,2019-09-17,TEAM,buy,37.21602810369022,130.5,4856.691667531573,12.141729168828933,rebalance,rebalance,0.0
2019-09-16,2019-09-17,TER,buy,240.4976690280366,56.1964188592944,13515.107743383498,33.787769358458746,rebalance,rebalance,0.0
2019-09-16,2019-09-17,VEEV,buy,33.90776873152172,146.14999389648438,4955.620193155303,12.389050482888258,rebalance,rebalance,0.0
2019-09-16,2019-09-17,ZS,buy,163.0883195070068,48.04999923706055,7836.3936278851625,19.590984069712906,rebalance,rebalance,0.0
2019-10-14,2019-10-15,AKAM,sell,9.870172702619385,89.63999938964844,884.7622750385264,2.211905687596316,rebalance,rebalance,-7.590159758524871
2019-10-14,2019-10-15,AMAT,sell,27.411082782210087,48.85718838558214,1339.2284353432253,3.3480710883580636,rebalance,rebalance,32.49584273797063
2019-10-14,2019-10-15,AMD,sell,434.9889886106084,30.700000762939453,13354.162282215939,33.385405705539846,rebalance,rebalance,-57.499053921495374
2019-10-14,2019-10-15,BAH,sell,15.878214276277106,62.128304398365295,986.4865298590136,2.466216324647534,rebalance,rebalance,-1.0222336022113505
2019-10-14,2019-10-15,ENTG,sell,21.18465681885425,46.189224894190616,978.5028781123077,2.4462571952807695,rebalance,rebalance,-1.5891926859309349
2019-10-14,2019-10-15,LDOS,sell,4.342118767760269,75.53062775093012,327.96295629802825,0.8199073907450707,rebalance,rebalance,4.1114389411121115
2019-10-14,2019-10-15,MRVL,sell,553.0640194937031,23.501401860354235,12997.779776624306,32.49444944156077,rebalance,rebalance,130.23026268264718
2019-10-14,2019-10-15,NICE,sell,8.796229002986166,153.27000427246094,1348.1980568692345,3.370495142173086,rebalance,rebalance,15.83022790227219
2019-10-14,2019-10-15,QCOM,sell,12.252181437693878,65.76088339767703,805.7142748913701,2.0142856872284254,rebalance,rebalance,16.28719986827859
2019-10-14,2019-10-15,SHOP,sell,53.87774957438478,34.709999084472656,1870.0966384003427,4.675241596000857,rebalance,rebalance,409.8668991446762
2019-10-14,2019-10-15,TEAM,sell,103.56404401060152,128.0,13256.197633356995,33.14049408339249,rebalance,rebalance,-567.5762313765125
2019-10-14,2019-10-15,TER,sell,27.68399473097736,59.123411463757705,1636.772211440075,4.091930528600187,rebalance,rebalance,73.04956390197061
2019-10-14,2019-10-15,VEEV,sell,92.47422721725206,154.64999389648438,14301.13867473014,35.75284668682535,rebalance,rebalance,1214.1827568589474
2019-10-14,2019-10-15,ZS,sell,281.2717577102356,47.59000015258789,13385.722992348776,33.46430748087194,rebalance,rebalance,-3056.9774185832403
2019-10-14,2019-10-15,CACI,buy,55.15878478327517,228.11000061035156,12582.27043057915,31.455676076447876,rebalance,rebalance,0.0
2019-10-14,2019-10-15,KLAC,buy,851.7372933440461,14.772478003375083,12582.27043057915,31.455676076447876,rebalance,rebalance,0.0
2019-10-14,2019-10-15,LRCX,buy,571.6406426783578,22.010804500579837,12582.270430579149,31.455676076447872,rebalance,rebalance,0.0
2019-10-14,2019-10-15,LSCC,buy,0.45288615344236405,19.229999542236328,8.709000523381832,0.02177250130845458,rebalance,rebalance,0.0
2019-10-14,2019-10-15,MU,buy,285.4031396716175,44.08595660529946,12582.27043057915,31.455676076447876,rebalance,rebalance,0.0
2019-10-14,2019-10-15,WDC,buy,287.9131863783132,43.70161224240093,12582.27043057915,31.455676076447876,rebalance,rebalance,0.0
2019-11-11,2019-11-12,AKAM,sell,140.36446359048216,85.19000244140625,11957.648995959853,29.894122489899633,rebalance,rebalance,-731.0001101625462
2019-11-11,2019-11-12,CACI,sell,55.15878478327517,228.97999572753906,12630.258304010596,31.575645760026493,rebalance,rebalance,-15.0434484050276
2019-11-11,2019-11-12,LDOS,sell,166.58501068030915,80.00209249749123,13327.149433141658,33.31787358285415,rebalance,rebalance,900.7518041542231
2019-11-11,2019-11-12,LRCX,sell,30.87352284243252,25.51387056512053,787.7030656911154,1.9692576642277886,rebalance,rebalance,104.48385480909717
2019-11-11,2019-11-12,MU,sell,285.4031396716175,45.63642035760002,13024.777653432766,32.56194413358192,rebalance,rebalance,378.48960264358783
2019-11-11,2019-11-12,NICE,sell,82.09219077342905,157.6999969482422,12945.938234444277,32.36484558611069,rebalance,rebalance,510.49672626951343
2019-11-11,2019-11-12,QCOM,sell,191.33365886358533,78.84806221873245,15086.288238613706,37.71572059653427,rebalance,rebalance,2752.103453650348
2019-11-11,2019-11-12,AAPL,buy,219.22615176259907,62.93529394388914,13797.062301366823,34.49265575341706,rebalance,rebalance,0.0
2019-11-11,2019-11-12,AMAT,buy,0.4394864344470193,53.482977132640315,23.50504292363556,0.0587626073090889,rebalance,rebalance,0.0
2019-11-11,2019-11-12,BAH,buy,12.921151010138772,64.04075818374413,827.4803072959382,2.0687007682398457,rebalance,rebalance,0.0
2019-11-11,2019-11-12,CDW,buy,112.98025171895544,122.11923846379604,13797.062301366823,34.49265575341706,rebalance,rebalance,0.0
2019-11-11,2019-11-12,DOCU,buy,204.4614939982686,67.4800033569336,13797.062301366823,34.49265575341706,rebalance,rebalance,0.0
2019-11-11,2019-11-12,ENTG,buy,22.712926608330008,46.75068941570572,1061.8449775877546,2.6546124439693863,rebalance,rebalance,0.0
2019-11-11,2019-11-12,GEN,buy,1136.1271292533997,12.143942298458706,13797.062301366823,34.49265575341706,rebalance,rebalance,0.0
2019-11-11,2019-11-12,KLAC,buy,1.971502192341859,16.161321487496313,31.862080743740574,0.07965520185935143,rebalance,rebalance,0.0
2019-11-11,2019-11-12,LSCC,buy,29.056915611051522,20.190000534057617,586.6591417051974,1.4666478542629935,rebalance,rebalance,0.0
2019-11-11,2019-11-12,SHOP,buy,94.63184360196027,30.18199920654297,2856.178228508063,7.140445571270158,rebalance,rebalance,0.0
2019-11-11,2019-11-12,STX,buy,297.4382998836102,46.38630030754518,13797.062301366825,34.49265575341706,rebalance,rebalance,0.0
2019-11-11,2019-11-12,TER,buy,7.638708251869986,62.585226532104166,478.07028635593645,1.195175715889841,rebalance,rebalance,0.0
2019-11-11,2019-11-12,TXN,buy,140.85908287137747,97.94939751215988,13797.062301366823,34.49265575341706,rebalance,rebalance,0.0
2019-11-11,2019-11-12,WDC,buy,71.21216835829006,38.41851353404478,2735.865653861642,6.839664134654105,rebalance,rebalance,0.0
2019-12-10,2019-12-11,BAH,sell,215.4418950159934,61.75352188641507,13304.295779120886,33.260739447802216,rebalance,rebalance,-122.36693399647103
2019-12-10,2019-12-11,CDW,sell,112.98025171895544,124.26088127519114,14039.025645290332,35.09756411322583,rebalance,rebalance,172.37312405686714
2019-12-10,2019-12-11,ENTG,sell,295.11997520900195,46.22485941863472,13641.879365667079,34.1046984141677,rebalance,rebalance,-27.97462191781097
2019-12-10,2019-12-11,GEN,sell,1136.1271292533997,13.16229526419561,14954.040732896177,37.385101832240444,rebalance,rebalance,1085.100673943697
2019-12-10,2019-12-11,SHOP,sell,457.1288405035755,36.840999603271484,16841.083431636176,42.10270857909044,rebalance,rebalance,4142.488830044307
2019-12-10,2019-12-11,TXN,sell,140.85908287137747,100.51873446731464,14158.97674845746,35.39744187114365,rebalance,rebalance,292.02434946607883
2019-12-10,2019-12-11,AAPL,buy,28.70390946550438,64.68222511329466,1856.6327336793838,4.64158183419846,rebalance,rebalance,0.0
2019-12-10,2019-12-11,AMAT,buy,41.78840817888664,53.49844704173631,2235.6149419166277,5.58903735479157,rebalance,rebalance,0.0
2019-12-10,2019-12-11,DOCU,buy,15.671222111614526,72.8499984741211,1141.6485069187308,2.854121267296827,rebalance,rebalance,0.0
2019-12-10,2019-12-11,KLAC,buy,208.72391531328958,15.094290555007325,3150.5394235175354,7.876348558793839,rebalance,rebalance,0.0
2019-12-10,2019-12-11,LITE,buy,233.32849191678835,68.7300033569336,16036.668032709116,40.09167008177279,rebalance,rebalance,0.0
2019-12-10,2019-12-11,LRCX,buy,101.03496546146312,24.986936627478066,2524.554279145014,6.3113856978625344,rebalance,rebalance,0.0
2019-12-10,2019-12-11,LSCC,buy,156.25494485191552,19.100000381469727,2984.4695062781175,7.4611737656952934,rebalance,rebalance,0.0
2019-12-10,2019-12-11,MU,buy,344.4093891760809,46.562807335401345,16036.668032709116,40.09167008177279,rebalance,rebalance,0.0
2019-12-10,2019-12-11,NVDA,buy,3008.9457097926547,5.329663470004647,16036.668032709114,40.09167008177279,rebalance,rebalance,0.0
2019-12-10,2019-12-11,QCOM,buy,219.28291487893355,73.13231877441517,16036.668032709116,40.09167008177279,rebalance,rebalance,0.0
2019-12-10,2019-12-11,QRVO,buy,144.2276075239764,111.19000244140625,16036.668032709116,40.09167008177279,rebalance,rebalance,0.0
2019-12-10,2019-12-11,STX,buy,51.21037314528422,45.99664152853399,2355.505176106102,5.888762940265256,rebalance,rebalance,0.0
2019-12-10,2019-12-11,SWKS,buy,180.44146839897567,88.87462607680793,16036.668032709116,40.09167008177279,rebalance,rebalance,0.0
2019-12-10,2019-12-11,TER,buy,36.90179664797836,62.3136103044944,2299.484175857821,5.748710439644553,rebalance,rebalance,0.0
2019-12-10,2019-12-11,WDC,buy,78.78801060081958,36.62064075242937,2885.2674318112104,7.213168579528026,rebalance,rebalance,0.0
2020-01-09,2020-01-10,LSCC,sell,839.6161105979575,21.309999465942383,17892.218868439093,44.73054717109773,rebalance,rebalance,4313.024479796341
2020-01-09,2020-01-10,MU,sell,344.4093891760809,56.04112948992814,19301.091176363803,48.25272794090951,rebalance,rebalance,3176.0787456320068
2020-01-09,2020-01-10,QCOM,sell,219.28291487893355,78.01989069622401,17108.42905040379,42.77107262600947,rebalance,rebalance,988.8982749868933
2020-01-09,2020-01-10,WDC,sell,437.9133653374228,51.16353346239516,22405.19512107131,56.012987802678275,rebalance,rebalance,4100.270108226
2020-01-09,2020-01-10,AAPL,buy,54.936405124788166,74.73794692643483,4105.834130545541,10.264585326363852,rebalance,rebalance,0.0
2020-01-09,2020-01-10,AMAT,buy,84.71177127547224,58.87466568429955,4987.377213368278,12.468443033420694,rebalance,rebalance,0.0
2020-01-09,2020-01-10,DOCU,buy,79.47836229830779,75.55000305175781,6004.590514185867,15.011476285464667,rebalance,rebalance,0.0
2020-01-09,2020-01-10,ENTG,buy,442.5997861675876,51.142405838190896,22635.617888079272,56.58904472019818,rebalance,rebalance,0.0
2020-01-09,2020-01-10,FTNT,buy,985.4426889303033,22.969999313354492,22635.617888079272,56.58904472019818,rebalance,rebalance,0.0
2020-01-09,2020-01-10,KLAC,buy,321.31662780360375,16.358177927014683,5256.154568519703,13.140386421299258,rebalance,rebalance,0.0
2020-01-09,2020-01-10,LITE,buy,47.75456074927686,80.52999877929688,3845.674718845124,9.61418679711281,rebalance,rebalance,0.0
2020-01-09,2020-01-10,LRCX,buy,172.14624003897552,27.809649806362227,4787.326650965881,11.968316627414701,rebalance,rebalance,0.0
2020-01-09,2020-01-10,NVDA,buy,672.6881799635603,6.148253347803174,4135.857354488584,10.33964338622146,rebalance,rebalance,0.0
2020-01-09,2020-01-10,NXPI,buy,194.00652333930228,116.67451948763261,22635.617888079272,56.58904472019818,rebalance,rebalance,0.0
2020-01-09,2020-01-10,QRVO,buy,55.20514919918901,113.5,6265.784434107953,15.664461085269881,rebalance,rebalance,0.0
2020-01-09,2020-01-10,STX,buy,116.99437758694398,48.61152304998953,5687.274882786905,14.218187206967263,rebalance,rebalance,0.0
2020-01-09,2020-01-10,SWKS,buy,39.58145831563806,102.87845101451346,4072.0791204083766,10.180197801020942,rebalance,rebalance,0.0
2020-01-09,2020-01-10,TER,buy,81.83401923768258,66.73468591344394,5461.167570861477,13.652918927153692,rebalance,rebalance,0.0
2020-01-09,2020-01-10,UI,buy,128.84376794151768,175.68267561341113,22635.617888079272,56.58904472019818,rebalance,rebalance,0.0
2020-02-07,2020-02-10,AAPL,sell,147.9643563335974,75.77878713871854,11212.55946272118,28.03139865680295,rebalance,rebalance,1506.9453498965581
2020-02-07,2020-02-10,AMAT,sell,384.4712768214605,57.50942447760669,22110.721858172798,55.276804645431994,rebalance,rebalance,2545.3206210982476
2020-02-07,2020-02-10,DOCU,sell,158.1005967403648,82.94999694824219,13114.44401712853,32.78611004282133,rebalance,rebalance,2002.5405208934726
2020-02-07,2020-02-10,ENTG,sell,442.5997861675876,53.88108645907025,23847.75734526179,59.61939336315448,rebalance,rebalance,1095.9310190991655
2020-02-07,2020-02-10,FTNT,sell,481.56673336560976,23.29599952697754,11218.578392693364,28.04644598173341,rebalance,rebalance,101.29044313235319
2020-02-07,2020-02-10,KLAC,sell,1383.7493386532813,15.216690919183353,21056.085995911355,52.640214989778386,rebalance,rebalance,-69.93278869695219
2020-02-07,2020-02-10,LITE,sell,144.95532953584683,86.2300033569336,12499.498552481487,31.24874638120372,rebalance,rebalance,2189.235660795476
2020-02-07,2020-02-10,LRCX,sell,411.84428482742584,29.192181226613503,12022.632999827245,30.056582499568112,rebalance,rebalance,2246.0032946539027
2020-02-07,2020-02-10,NVDA,sell,1811.5176532147407,6.2767724236215585,11370.484050601926,28.426210126504817,rebalance,rebalance,1391.518443990501
2020-02-07,2020-02-10,NXPI,sell,194.00652333930228,117.24845829695924,22746.965761086234,56.86741440271559,rebalance,rebalance,-2.1085861159527397
2020-02-07,2020-02-10,QRVO,sell,86.29257337385978,103.75,8952.854487537952,22.38213621884488,rebalance,rebalance,-743.7024815933854
2020-02-07,2020-02-10,STX,sell,195.08940468194453,43.38619789052316,8464.1875178752,21.160468794688,rebalance,rebalance,-730.0372613875718
2020-02-07,2020-02-10,SWKS,sell,97.44080500173841,95.75861356018228,9330.796391154545,23.326990977886364,rebalance,rebalance,379.71323047765503
2020-02-07,2020-02-10,TER,sell,164.49138853371696,67.19237763500675,11052.567496064128,27.63141874016032,rebalance,rebalance,1205.2617692214515
2020-02-07,2020-02-10,UI,sell,40.77608805902868,133.2871950090336,5434.930400829283,13.587326002073208,rebalance,rebalance,-1760.2183070591586
2020-02-07,2020-02-10,AMD,buy,237.28105382738497,49.470001220703125,11738.294022490458,29.345735056226147,rebalance,rebalance,0.0
2020-02-07,2020-02-10,MU,buy,213.81139238198014,54.90022721296189,11738.294022490458,29.345735056226147,rebalance,rebalance,0.0
2020-02-07,2020-02-10,NTAP,buy,244.05011284299005,48.09788401959193,11738.294022490458,29.345735056226147,rebalance,rebalance,0.0
2020-02-07,2020-02-10,ON,buy,578.8113227343325,20.280000686645508,11738.294022490458,29.345735056226147,rebalance,rebalance,0.0
2020-03-09,2020-03-10,AAPL,sell,154.9021100192942,66.84494692684842,10354.423323096556,25.886058307741393,market_trend_exit,risk_exit,197.19199045090224
2020-03-09,2020-03-10,AMD,sell,237.28105382738497,45.40999984741211,10774.932618095336,26.93733154523834,market_trend_exit,risk_exit,-1019.644470996587
2020-03-09,2020-03-10,DOCU,sell,141.5104816678261,80.0,11320.838533426087,28.30209633356522,market_trend_exit,risk_exit,1375.9942475071596
2020-03-09,2020-03-10,FTNT,sell,503.8759555646936,18.091999053955078,9116.123311387148,22.79030827846787,market_trend_exit,risk_exit,-2509.632426111512
2020-03-09,2020-03-10,LITE,sell,136.12772313021838,76.38999938964844,10398.796686831614,25.996991717079037,market_trend_exit,risk_exit,719.7652319862195
2020-03-09,2020-03-10,LRCX,sell,402.1040405089381,25.631253176436612,10306.430465552716,25.76607616388179,market_trend_exit,risk_exit,764.6007261886293
2020-03-09,2020-03-10,MU,sell,213.81139238198014,46.95285367551777,10039.055020669828,25.09763755167457,market_trend_exit,risk_exit,-1753.6823744285289
2020-03-09,2020-03-10,NTAP,sell,244.05011284299005,35.126335101104615,8572.586045185264,21.43146511296316,market_trend_exit,risk_exit,-3216.485177474384
2020-03-09,2020-03-10,NVDA,sell,1870.1162365414743,6.381014182098124,11933.238227543117,29.833095568857793,market_trend_exit,risk_exit,1630.9878277934836
2020-03-09,2020-03-10,ON,sell,578.8113227343325,16.31999969482422,9446.200610385109,23.615501525962774,market_trend_exit,risk_exit,-2345.054648687538
2020-03-09,2020-03-10,QRVO,sell,113.14018334930562,92.47000122070312,10462.072892420865,26.155182231052162,market_trend_exit,risk_exit,-2248.1160548818034
2020-03-09,2020-03-10,STX,sell,270.5536459338939,37.89559577358242,10252.791601379784,25.63197900344946,market_trend_exit,risk_exit,-2494.218033316061
2020-03-09,2020-03-10,SWKS,sell,122.58212171287532,78.32008619632954,9600.642338681355,24.001605846703388,market_trend_exit,risk_exit,-1654.6221184666326
2020-03-09,2020-03-10,TER,sell,174.6968099008732,55.47148433835275,9690.691354376477,24.226728385941193,market_trend_exit,risk_exit,-762.4446997973193
2020-03-09,2020-03-10,UI,sell,88.067679882489,124.04804261418667,10924.623306995545,27.311558267488863,market_trend_exit,risk_exit,-4613.333802185043
2020-06-03,2020-06-04,AMD,buy,194.6688911784273,52.59000015258789,10237.637016777606,25.594092541944015,rebalance,rebalance,0.0
2020-06-03,2020-06-04,AMZN,buy,82.64723663759301,123.87149810791016,10237.637016777606,25.594092541944015,rebalance,rebalance,0.0
2020-06-03,2020-06-04,CIEN,buy,183.6676840419357,55.7400016784668,10237.637016777606,25.594092541944015,rebalance,rebalance,0.0
2020-06-03,2020-06-04,DOCU,buy,69.29026745703963,147.75,10237.637016777606,25.594092541944015,rebalance,rebalance,0.0
2020-06-03,2020-06-04,GEN,buy,565.1231967786714,18.115761439513413,10237.637016777606,25.594092541944015,rebalance,rebalance,0.0
2020-06-03,2020-06-04,MDB,buy,44.7938607747871,228.5500030517578,10237.637016777606,25.594092541944015,rebalance,rebalance,0.0
2020-06-03,2020-06-04,MPWR,buy,47.63003048725562,214.94080335549845,10237.637016777606,25.594092541944015,rebalance,rebalance,0.0
2020-06-03,2020-06-04,MSFT,buy,58.552039930068155,174.8468034419461,10237.637016777606,25.594092541944015,rebalance,rebalance,0.0
2020-06-03,2020-06-04,NOW,buy,132.71846498449102,77.13800048828125,10237.637016777606,25.594092541944015,rebalance,rebalance,0.0
2020-06-03,2020-06-04,NVDA,buy,1178.3986082186882,8.687753825722185,10237.637016777606,25.594092541944015,rebalance,rebalance,0.0
2020-06-03,2020-06-04,SHOP,buy,134.01627380440087,76.39099884033203,10237.637016777606,25.594092541944015,rebalance,rebalance,0.0
2020-06-03,2020-06-04,TEAM,buy,56.411931109738696,181.47999572753906,10237.637016777606,25.594092541944015,rebalance,rebalance,0.0
2020-06-03,2020-06-04,VEEV,buy,47.94472474736047,213.52999877929688,10237.637016777606,25.594092541944015,rebalance,rebalance,0.0
2020-06-03,2020-06-04,ZM,buy,46.32414939718374,221.0,10237.637016777606,25.594092541944015,rebalance,rebalance,0.0
2020-06-03,2020-06-04,ZS,buy,96.11901991780327,106.51000213623047,10237.637016777606,25.594092541944015,rebalance,rebalance,0.0
2020-07-01,2020-07-02,AMD,sell,194.6688911784273,53.029998779296875,10323.291061559075,25.80822765389769,rebalance,rebalance,34.25172458562819
2020-07-01,2020-07-02,AMZN,sell,82.64723663759301,145.60049438476562,12033.478513968257,30.083696284920645,rebalance,rebalance,1740.1637083637877
2020-07-01,2020-07-02,CIEN,sell,183.6676840419357,54.18000030517578,9951.115177443005,24.877787943607515,rebalance,rebalance,-336.9937198201516
2020-07-01,2020-07-02,DOCU,sell,16.992345556314795,181.0,3075.614545692978,7.689036364232445,rebalance,rebalance,551.0299057433708
2020-07-01,2020-07-02,GEN,sell,19.856675972313724,17.36017800988897,344.71542956405136,0.8617885739101284,rebalance,rebalance,-16.764460918252603
2020-07-01,2020-07-02,MDB,sell,2.321010811049682,222.8699951171875,517.283668125582,1.2932091703139552,rebalance,rebalance,-15.802736563170988
2020-07-01,2020-07-02,MPWR,sell,47.63003048725562,227.5728386548077,10839.301243199794,27.098253107999486,rebalance,rebalance,548.9718807722463
2020-07-01,2020-07-02,MSFT,sell,58.552039930068155,195.13013735746952,11425.267594114239,28.563168985285596,rebalance,rebalance,1133.4733158094052
2020-07-01,2020-07-02,NOW,sell,20.37928780535536,84.26200103759766,1717.1995702003546,4.2929989255008865,rebalance,rebalance,136.959014812827
2020-07-01,2020-07-02,NVDA,sell,191.80504941394054,9.59455267019897,1840.2836490121686,4.6007091225304215,rebalance,rebalance,165.16200042124674
2020-07-01,2020-07-02,SHOP,sell,42.55718904231408,103.4990005493164,4404.626532067827,11.011566330169567,rebalance,rebalance,1134.5013215115034
2020-07-01,2020-07-02,TEAM,sell,5.659027014380676,186.50999450683594,1055.465097366176,2.63866274341544,rebalance,rebalance,23.258735734947887
2020-07-01,2020-07-02,VEEV,sell,8.759711802741563,241.57000732421875,2116.083644346325,5.2902091108658125,rebalance,rebalance,235.65603156269475
2020-07-01,2020-07-02,ZM,sell,10.056241872160001,261.0,2624.6791286337602,6.561697821584401,rebalance,rebalance,390.13190343044744
2020-07-01,2020-07-02,ZS,sell,11.797590344480724,112.26000213623047,1324.397517273778,3.310993793184445,rebalance,rebalance,61.38374725559721
2020-07-01,2020-07-02,COHR,buy,212.52635090834104,44.540000915527344,9465.923864031196,23.66480966007799,rebalance,rebalance,0.0
2020-07-01,2020-07-02,CRWD,buy,365.3033757715009,25.912500381469727,9465.923864031196,23.66480966007799,rebalance,rebalance,0.0
2020-07-01,2020-07-02,ESTC,buy,98.51102325725194,96.08999633789062,9465.923864031196,23.66480966007799,rebalance,rebalance,0.0
2020-07-01,2020-07-02,FTNT,buy,337.29775306285563,28.06399917602539,9465.923864031196,23.66480966007799,rebalance,rebalance,0.0
2020-07-01,2020-07-02,TWLO,buy,41.04732595714798,230.61000061035156,9465.923864031196,23.66480966007799,rebalance,rebalance,0.0
2020-07-30,2020-07-31,COHR,sell,36.13306383294747,49.810001373291016,1799.7879591403255,4.499469897850814,rebalance,rebalance,181.8983763016857
2020-07-30,2020-07-31,CRWD,sell,54.04132328737194,28.227500915527344,1525.4515025706005,3.8136287564265015,rebalance,rebalance,117.79119898927212
2020-07-30,2020-07-31,DOCU,sell,11.786350185240416,216.8800048828125,2556.2236857254793,6.390559214313698,rebalance,rebalance,804.0463035422212
2020-07-30,2020-07-31,ESTC,sell,6.7400804171793,95.73999786376953,645.295284742381,1.6132382118559525,rebalance,rebalance,-5.5913918298317675
2020-07-30,2020-07-31,FTNT,sell,337.29775306285563,27.68000030517578,9336.40190771495,23.341004769287373,rebalance,rebalance,-176.52777074561223
2020-07-30,2020-07-31,GEN,sell,545.2665208063577,18.578899722720543,10130.452012218033,25.326130030545084,rebalance,rebalance,202.51287477633258
2020-07-30,2020-07-31,MDB,sell,4.669950296394475,232.4199981689453,1085.3898393370696,2.7134745983426742,rebalance,rebalance,12.690917359981087
2020-07-30,2020-07-31,NOW,sell,112.33917717913566,87.39800262451172,9818.219701937585,24.545549254843962,rebalance,rebalance,1106.3905998252178
2020-07-30,2020-07-31,NVDA,sell,150.97464376941525,10.514541633004042,1587.429177441471,3.9685729436036774,rebalance,rebalance,268.550989155599
2020-07-30,2020-07-31,SHOP,sell,8.960024936127454,106.5,954.2426556975738,2.385606639243935,rebalance,rebalance,265.68063141700884
2020-07-30,2020-07-31,TEAM,sell,50.75290409535802,176.9499969482422,8980.72622478803,22.451815561970076,rebalance,rebalance,-275.38900120567706
2020-07-30,2020-07-31,TWLO,sell,8.863626794273735,273.0,2419.7701148367296,6.049425287091824,rebalance,rebalance,364.56960666114986
2020-07-30,2020-07-31,VEEV,sell,6.029730410789959,265.0,1597.8785588593391,3.994696397148348,rebalance,rebalance,303.136714388583
2020-07-30,2020-07-31,ZM,sell,1.6085391957745472,253.5,407.7646861288477,1.0194117153221192,rebalance,rebalance,50.36939424168526
2020-07-30,2020-07-31,ZS,sell,17.256699859085217,131.00999450683594,2260.800153744871,5.652000384362177,rebalance,rebalance,412.5419866579155
2020-07-30,2020-07-31,AMZN,buy,54.16861921562378,162.1999969482422,8786.14987146467,21.965374678661675,rebalance,rebalance,0.0
2020-07-30,2020-07-31,LSCC,buy,283.3327896360832,31.010000228881836,8786.14987146467,21.965374678661675,rebalance,rebalance,0.0
2020-07-30,2020-07-31,MPWR,buy,33.768207190413854,260.19000126127185,8786.14987146467,21.965374678661675,rebalance,rebalance,0.0
2020-07-30,2020-07-31,MRVL,buy,246.64305631924847,35.6229362487793,8786.14987146467,21.965374678661675,rebalance,rebalance,0.0
2020-08-27,2020-08-28,ESTC,sell,91.77094284007264,111.38999938964844,10222.365266943152,25.555913167357883,rebalance,rebalance,1356.4941184448771
2020-08-27,2020-08-28,MDB,sell,37.80289966734294,229.1999969482422,8664.424488389708,21.661061220974272,rebalance,rebalance,-18.689039253630558
2020-08-27,2020-08-28,AMD,buy,145.37187605388348,84.30000305175781,12254.849594982135,30.63712398745534,rebalance,rebalance,0.0
2020-08-27,2020-08-28,AMZN,buy,17.43436081366073,171.14999389648438,2983.8907468471407,7.459726867117852,rebalance,rebalance,0.0
2020-08-27,2020-08-28,CDNS,buy,110.90361624418222,110.5,12254.849594982135,30.63712398745534,rebalance,rebalance,0.0
2020-08-27,2020-08-28,COHR,buy,113.18255610404094,42.31999969482422,4789.885739782438,11.974714349456095,rebalance,rebalance,0.0
2020-08-27,2020-08-28,CRWD,buy,103.24325357412977,29.565000534057617,3052.3868470569923,7.630967117642481,rebalance,rebalance,0.0
2020-08-27,2020-08-28,DOCU,buy,15.690443526282131,218.0500030517578,3421.301258789252,8.55325314697313,rebalance,rebalance,0.0
2020-08-27,2020-08-28,LSCC,buy,141.5926448349175,28.84000015258789,4083.531898644344,10.20882974661086,rebalance,rebalance,0.0
2020-08-27,2020-08-28,MPWR,buy,14.6688507864286,253.00565531542244,3711.3022059445175,9.278255514861295,rebalance,rebalance,0.0
2020-08-27,2020-08-28,MRVL,buy,94.75159740049472,35.89643089444029,3401.244168224687,8.503110420561718,rebalance,rebalance,0.0
2020-08-27,2020-08-28,NVDA,buy,135.71197541648291,12.616554992173452,1712.2176009385482,4.280544002346371,rebalance,rebalance,0.0
2020-08-27,2020-08-28,SHOP,buy,32.34887967724367,106.70500183105469,3451.7872651928537,8.629468162982134,rebalance,rebalance,0.0
2020-08-27,2020-08-28,TWLO,buy,14.23618566660354,264.0,3758.3530159833344,9.395882539958336,rebalance,rebalance,0.0
2020-08-27,2020-08-28,VEEV,buy,9.409579538016267,287.9100036621094,2709.112079249173,6.772780198122932,rebalance,rebalance,0.0
2020-08-27,2020-08-28,ZM,buy,6.29661571254961,299.2200012207031,1884.0733611953926,4.7101834029884815,rebalance,rebalance,0.0
2020-08-27,2020-08-28,ZS,buy,20.771058844443573,139.52000427246094,2897.978218720305,7.244945546800762,rebalance,rebalance,0.0
2020-09-25,2020-09-28,AMD,sell,62.707667691139534,79.12000274658203,4961.4308399547135,12.403577099886784,rebalance,rebalance,-350.4449563211797
2020-09-25,2020-09-28,AMZN,sell,71.60298002928451,157.4425048828125,11273.352532884552,28.18338133221138,rebalance,rebalance,-554.29656830525
2020-09-25,2020-09-28,CDNS,sell,110.90361624418222,105.05000305175781,11650.42522490232,29.1260630622558,rebalance,rebalance,-664.1875571295258
2020-09-25,2020-09-28,COHR,sell,289.5758431794345,40.86000061035156,11832.069129054762,29.580172822636907,rebalance,rebalance,-875.5700586502529
2020-09-25,2020-09-28,CRWD,sell,224.68112828650195,34.45500183105469,7741.388686514858,19.353471716287146,rebalance,rebalance,1680.515712386138
2020-09-25,2020-09-28,DOCU,sell,25.513236419732564,213.1199951171875,5437.3808211970545,13.593452052992637,rebalance,rebalance,1142.800198046727
2020-09-25,2020-09-28,LSCC,sell,424.9254344710007,28.459999084472656,12093.377476013826,30.233443690034566,rebalance,rebalance,-838.7119422104943
2020-09-25,2020-09-28,MPWR,sell,48.43705797684245,260.64023292661653,12624.646073364247,31.56161518341062,rebalance,rebalance,64.38875057812572
2020-09-25,2020-09-28,MRVL,sell,341.3946537197432,37.615544907475936,12841.745928167196,32.10436482041799,rebalance,rebalance,591.7790385581974
2020-09-25,2020-09-28,NVDA,sell,467.60397697788375,12.984004264530533,6071.37203119228,15.1784300779807,rebalance,rebalance,1726.2892571544262
2020-09-25,2020-09-28,SHOP,sell,47.421908537104144,97.0009994506836,4599.972523958007,11.499931309895016,rebalance,rebalance,550.8869787449468
2020-09-25,2020-09-28,TWLO,sell,19.898687892950168,246.61000061035156,4907.215433425637,12.268038583564092,rebalance,rebalance,90.36406559925585
2020-09-25,2020-09-28,VEEV,sell,19.063630740244076,278.29998779296875,5305.40820229959,13.263520505748975,rebalance,rebalance,897.0682972662647
2020-09-25,2020-09-28,ZM,sell,27.937946293683012,502.4100036621094,14036.303699721097,35.09075924930274,rebalance,rebalance,7474.6799122161865
2020-09-25,2020-09-28,ZS,sell,40.80967188772218,139.0800018310547,5675.809240869142,14.189523102172855,rebalance,rebalance,984.7551405920224
2020-09-25,2020-09-28,AAPL,buy,58.678986957883296,111.46055396966348,6540.392392704331,16.350980981760827,rebalance,rebalance,0.0
2020-09-25,2020-09-28,CRM,buy,26.876491669452232,243.34993097845907,6540.392392704331,16.350980981760827,rebalance,rebalance,0.0
2020-09-25,2020-09-28,EPAM,buy,20.090901950694672,325.5400085449219,6540.3923927043315,16.35098098176083,rebalance,rebalance,0.0
2020-09-25,2020-09-28,ESTC,buy,60.55918882133639,108.0,6540.392392704331,16.350980981760827,rebalance,rebalance,0.0
2020-09-25,2020-09-28,META,buy,25.434954632379444,257.1418933996532,6540.392392704331,16.350980981760827,rebalance,rebalance,0.0
2020-09-25,2020-09-28,NET,buy,162.81784144467767,40.16999816894531,6540.39239270433,16.350980981760824,rebalance,rebalance,0.0
2020-10-23,2020-10-26,AMD,sell,82.66420836274395,82.55000305175781,6823.930652615657,17.059826631539142,rebalance,rebalance,-179.1436738094665
2020-10-23,2020-10-26,META,sell,25.434954632379444,280.695013495499,7139.464933793152,17.84866233448288,rebalance,rebalance,564.8728977725783
2020-10-23,2020-10-26,SHOP,sell,67.42603096609886,101.9000015258789,6870.712658329433,17.17678164582358,rebalance,rebalance,1112.7637097788618
2020-10-23,2020-10-26,VEEV,sell,23.501231331601137,295.82000732421875,6952.134424642408,17.38033606160602,rebalance,rebalance,1516.5990560879047
2020-10-23,2020-10-26,AAPL,buy,69.81484185729965,110.49142421725676,7713.9413083155905,19.284853270788975,rebalance,rebalance,0.0
2020-10-23,2020-10-26,CRM,buy,32.00279793452481,241.12835335497957,7716.781968704108,19.291954921760272,rebalance,rebalance,0.0
2020-10-23,2020-10-26,CRWD,buy,233.94917439247237,33.502498626708984,7837.8818938035065,19.594704734508767,rebalance,rebalance,0.0
2020-10-23,2020-10-26,DDOG,buy,141.0577837424824,100.6500015258789,14197.46614891795,35.49366537229488,rebalance,rebalance,0.0
2020-10-23,2020-10-26,DELL,buy,457.8442101537623,31.009382305282134,14197.46614891795,35.49366537229488,rebalance,rebalance,0.0
2020-10-23,2020-10-26,DOCU,buy,34.43721268676395,218.0,7507.312365714541,18.76828091428635,rebalance,rebalance,0.0
2020-10-23,2020-10-26,EPAM,buy,22.11698327988814,336.3699951171875,7439.489557862891,18.59872389465723,rebalance,rebalance,0.0
2020-10-23,2020-10-26,ESTC,buy,70.75292538749136,108.12000274658203,7649.806487224279,19.1245162180607,rebalance,rebalance,0.0
2020-10-23,2020-10-26,NET,buy,94.98978934512795,55.06999969482422,5231.087670247613,13.077719175619032,rebalance,rebalance,0.0
2020-10-23,2020-10-26,NOW,buy,137.0385369836219,103.60199737548828,14197.466148917949,35.49366537229487,rebalance,rebalance,0.0
2020-10-23,2020-10-26,NVDA,buy,558.2354569071974,13.369085896916106,7463.097774096532,18.65774443524133,rebalance,rebalance,0.0
2020-10-23,2020-10-26,QCOM,buy,126.46790177028619,112.26141930231395,14197.46614891795,35.49366537229488,rebalance,rebalance,0.0
2020-10-23,2020-10-26,TWLO,buy,19.57447237814105,308.0,6028.937492467443,15.072343731168608,rebalance,rebalance,0.0
2020-10-23,2020-10-26,ZM,buy,14.259130022937821,520.489013671875,7421.720521457927,18.554301303644817,rebalance,rebalance,0.0
2020-10-23,2020-10-26,ZS,buy,48.72801929594048,148.27000427246094,7224.903629197654,18.062259072994134,rebalance,rebalance,0.0
2020-11-20,2020-11-23,AAPL,sell,128.49382881518295,113.75947798730789,14617.390890605713,36.543477226514284,rebalance,rebalance,290.87787810673024
2020-11-20,2020-11-23,CRM,sell,58.87928960397704,256.7874737025849,15119.464030808136,37.798660077020344,rebalance,rebalance,788.8480734191561
2020-11-20,2020-11-23,CRWD,sell,207.00992471332867,36.625,7581.738492625663,18.954346231564156,rebalance,rebalance,1231.088139982148
2020-11-20,2020-11-23,DDOG,sell,141.0577837424824,89.77999877929688,12664.167652210392,31.66041913052598,rebalance,rebalance,-1600.4525812103784
2020-11-20,2020-11-23,DELL,sell,206.49130185831922,31.584916141323045,6522.010453107636,16.30502613276909,rebalance,rebalance,86.5297856297316
2020-11-20,2020-11-23,DOCU,sell,29.082403347613095,220.25999450683594,6405.690001590848,16.01422500397712,rebalance,rebalance,729.3564746497599
2020-11-20,2020-11-23,EPAM,sell,18.993193507835837,341.9800109863281,6495.292524475156,16.23823131118789,rebalance,rebalance,172.49787231035742
2020-11-20,2020-11-23,ESTC,sell,131.31211420882775,113.26000213623047,14872.41033580477,37.181025839511925,rebalance,rebalance,609.5549328368271
2020-11-20,2020-11-23,NET,sell,139.31568257504097,67.0,9334.150732527745,23.335376831319362,rebalance,rebalance,2933.7672663837498
2020-11-20,2020-11-23,NOW,sell,137.0385369836219,104.0199966430664,14254.748157007081,35.63687039251771,rebalance,rebalance,-13.848527675679119
2020-11-20,2020-11-23,NVDA,sell,456.60198273954177,13.114436775948434,5988.077834410418,14.970194586026047,rebalance,rebalance,750.7416974798045
2020-11-20,2020-11-23,QCOM,sell,63.1118667788588,125.30709239401486,7908.364521617216,19.77091130404304,rebalance,rebalance,785.8533015513943
2020-11-20,2020-11-23,TWLO,sell,19.825119315648795,302.20001220703125,5991.151299194917,14.977878247987292,rebalance,rebalance,622.6246708091526
2020-11-20,2020-11-23,ZM,sell,8.900370125331715,432.010009765625,3845.048984762231,9.612622461905579,rebalance,rebalance,415.422375637117
2020-11-20,2020-11-23,ZS,sell,39.999093025545115,142.38999938964844,5695.47083149386,14.23867707873465,rebalance,rebalance,404.4009925753262
2020-11-20,2020-11-23,AMD,buy,92.83162818076288,85.5199966430664,7938.96053038923,19.847401325973077,rebalance,rebalance,0.0
2020-11-20,2020-11-23,GLW,buy,250.60373734440472,31.679338123671783,7938.96053038923,19.847401325973077,rebalance,rebalance,0.0
2020-11-20,2020-11-23,MPWR,buy,26.06704540618987,304.5592780723836,7938.96053038923,19.847401325973077,rebalance,rebalance,0.0
2020-11-20,2020-11-23,ON,buy,285.8826215168366,27.770000457763672,7938.96053038923,19.847401325973077,rebalance,rebalance,0.0
2020-11-20,2020-11-23,VEEV,buy,28.80923293313534,275.57000732421875,7938.96053038923,19.847401325973077,rebalance,rebalance,0.0
2020-12-21,2020-12-22,DOCU,sell,36.04358816118484,250.0,9010.897040296211,22.52724260074053,rebalance,rebalance,1973.1924293996328
2020-12-21,2020-12-22,EPAM,sell,23.214691722746974,341.489990234375,7927.58484969489,19.818962124237228,rebalance,rebalance,199.49065298062484
2020-12-21,2020-12-22,GLW,sell,250.60373734440472,31.39324403251596,7867.26428191343,19.668160704783574,rebalance,rebalance,-111.21181050655639
2020-12-21,2020-12-22,TWLO,sell,26.270549999019874,369.4599914550781,9705.917178158084,24.26479294539521,rebalance,rebalance,2587.588139068594
2020-12-21,2020-12-22,VEEV,sell,28.80923293313534,269.29998779296875,7758.326077218141,19.395815193045355,rebalance,rebalance,-219.877669690108
2020-12-21,2020-12-22,ZS,sell,55.755042941354084,202.22999572753906,11275.342095818793,28.188355239546983,rebalance,rebalance,3891.7382606642786
2020-12-21,2020-12-22,AMD,buy,89.56962351979426,93.36000061035156,8362.220106476952,20.90555026619238,rebalance,rebalance,0.0
2020-12-21,2020-12-22,CRM,buy,76.3153810194577,223.13956561064828,17028.980970092904,42.57245242523226,rebalance,rebalance,0.0
2020-12-21,2020-12-22,CRWD,buy,103.00712427336342,53.25374984741211,5485.515628554987,13.713789071387469,rebalance,rebalance,0.0
2020-12-21,2020-12-22,CTSH,buy,233.62898729331724,72.88899022069255,17028.980970092904,42.57245242523226,rebalance,rebalance,0.0
2020-12-21,2020-12-22,DELL,buy,250.48756587784845,33.93305611339071,8499.808628639685,21.249521571599214,rebalance,rebalance,0.0
2020-12-21,2020-12-22,ENTG,buy,177.10212652719466,96.15345283546351,17028.980970092904,42.57245242523226,rebalance,rebalance,0.0
2020-12-21,2020-12-22,LRCX,buy,375.82939169859395,45.31040239596198,17028.980970092904,42.57245242523226,rebalance,rebalance,0.0
2020-12-21,2020-12-22,LSCC,buy,389.3228238826582,43.7400016784668,17028.980970092904,42.57245242523226,rebalance,rebalance,0.0
2020-12-21,2020-12-22,MPWR,buy,25.001310710336675,333.45465303869554,8336.80338842794,20.84200847106985,rebalance,rebalance,0.0
2020-12-21,2020-12-22,NET,buy,77.24346523457908,87.0,6720.18147540838,16.80045368852095,rebalance,rebalance,0.0
2020-12-21,2020-12-22,NVDA,buy,678.32287183605,13.265718661021117,8998.440379112924,22.49610094778231,rebalance,rebalance,0.0
2020-12-21,2020-12-22,ON,buy,247.4396712277878,31.93000030517578,7900.74877781586,19.75187194453965,rebalance,rebalance,0.0
2020-12-21,2020-12-22,QCOM,buy,68.02619068766735,129.61403935785597,8817.149357156331,22.04287339289083,rebalance,rebalance,0.0
2020-12-21,2020-12-22,UI,buy,65.8083872952948,258.76611887905125,17028.980970092904,42.57245242523226,rebalance,rebalance,0.0
2020-12-21,2020-12-22,ZM,buy,23.309814276170158,408.5,9522.05913181551,23.805147829538775,rebalance,rebalance,0.0
2021-01-21,2021-01-22,AMD,sell,19.22961135399285,94.41999816894531,1815.659868833535,4.539149672083838,rebalance,rebalance,88.27600867279007
2021-01-21,2021-01-22,CRM,sell,76.3153810194577,221.07526628048336,16871.44318017316,42.1786079504329,rebalance,rebalance,-242.28885029541087
2021-01-21,2021-01-22,CRWD,sell,40.87901173900872,55.24250030517578,2258.2588184674732,5.645647046168683,rebalance,rebalance,702.0270916256163
2021-01-21,2021-01-22,CTSH,sell,233.62898729331724,72.78898755967548,17005.61744967285,42.51404362418212,rebalance,rebalance,-108.45001646946845
2021-01-21,2021-01-22,DELL,sell,501.8404741732915,34.90454833016869,17516.515084816423,43.79128771204106,rebalance,rebalance,1137.8814739479897
2021-01-21,2021-01-22,ENTG,sell,36.84736731628246,109.84772331025273,4047.599409670245,10.118998524175613,rebalance,rebalance,485.621311800512
2021-01-21,2021-01-22,LRCX,sell,375.82939169859395,53.18678124125193,19989.1556403059,49.97288910076475,rebalance,rebalance,2867.629328686999
2021-01-21,2021-01-22,LSCC,sell,32.025366452666105,43.119998931884766,1380.9337672321806,3.4523344180804516,rebalance,rebalance,-26.810123535012277
2021-01-21,2021-01-22,MPWR,sell,51.068356116526544,383.25834612606013,19572.37370459663,48.93093426149158,rebalance,rebalance,3206.9894417209243
2021-01-21,2021-01-22,NET,sell,8.987946991811583,82.5,741.5056268244556,1.853764067061139,rebalance,rebalance,181.23983723571607
2021-01-21,2021-01-22,NVDA,sell,1283.6832594776372,13.684778315815404,17566.92083367481,43.91730208418702,rebalance,rebalance,1578.2831198528165
2021-01-21,2021-01-22,ON,sell,121.92935098551902,37.45000076293945,4566.2542874324,11.415635718581,rebalance,rebalance,924.4751439854641
2021-01-21,2021-01-22,QCOM,sell,25.120636800773894,144.98810101915973,3642.1934261362267,9.105483565340567,rebalance,rebalance,579.6932381466048
2021-01-21,2021-01-22,UI,sell,3.2466813559944327,246.26352097390864,799.5391822075331,1.998847955518833,rebalance,rebalance,-44.69112730995946
2021-01-21,2021-01-22,ZM,sell,1.2481059830125858,380.989990234375,475.51588627943005,1.1887897156985752,rebalance,rebalance,-22.89734329662266
2021-01-21,2021-01-22,BILL,buy,117.98641267197755,130.5800018310547,15406.665982746403,38.51666495686601,rebalance,rebalance,0.0
2021-01-21,2021-01-22,COHR,buy,166.72075935717723,92.41000366210938,15406.665982746403,38.51666495686601,rebalance,rebalance,0.0
2021-01-21,2021-01-22,ESTC,buy,90.26109181781246,170.69000244140625,15406.665982746403,38.51666495686601,rebalance,rebalance,0.0
2021-01-21,2021-01-22,MDB,buy,40.55453074564784,379.8999938964844,15406.665982746401,38.516664956866,rebalance,rebalance,0.0
2021-01-21,2021-01-22,NTAP,buy,273.4625351864298,56.33922018693746,15406.665982746403,38.51666495686601,rebalance,rebalance,0.0
2021-01-21,2021-01-22,ZS,buy,72.70725071503654,211.89999389648438,15406.665982746401,38.516664956866,rebalance,rebalance,0.0
2021-02-19,2021-02-22,AMD,sell,163.1716403465643,88.1500015258789,14383.580345529806,35.95895086382452,rebalance,rebalance,-271.46748330370434
2021-02-19,2021-02-22,BILL,sell,117.98641267197755,180.0,21237.55428095596,53.0938857023899,rebalance,rebalance,5739.277747550302
2021-02-19,2021-02-22,COHR,sell,29.724019927041553,89.01000213623047,2645.7350772033255,6.614337693008314,rebalance,rebalance,-114.54304277598095
2021-02-19,2021-02-22,CRWD,sell,71.90699596243613,58.91299819946289,4236.256723663785,10.590641809159463,rebalance,rebalance,1498.1542796825224
2021-02-19,2021-02-22,ENTG,sell,19.946971712600202,101.35736283492103,2021.772449331925,5.054431123329812,rebalance,rebalance,93.95288892132231
2021-02-19,2021-02-22,ESTC,sell,14.11947124919206,160.14999389648438,2261.233234379695,5.6530830859492385,rebalance,rebalance,-160.4975621572021
2021-02-19,2021-02-22,LSCC,sell,357.2974574299921,47.290000915527344,16896.597088979917,42.24149272244979,rebalance,rebalance,1187.0937300884464
2021-02-19,2021-02-22,MDB,sell,10.656087968039959,407.8500061035156,4346.085542804696,10.86521385701174,rebalance,rebalance,276.8519555438574
2021-02-19,2021-02-22,NET,sell,37.10848757673287,81.48999786376953,3023.97057335568,7.5599264333892,rebalance,rebalance,710.8979719312231
2021-02-19,2021-02-22,NTAP,sell,77.35949435012398,62.18200399815226,4810.368386974446,12.025920967436116,rebalance,rebalance,429.07294630087694
2021-02-19,2021-02-22,ON,sell,118.54759478332244,41.63999938964844,4936.321774421836,12.340804436054592,rebalance,rebalance,1394.3069534197857
2021-02-19,2021-02-22,QCOM,sell,106.26158887832085,125.7594904198202,13363.403268538063,33.408508171345154,rebalance,rebalance,413.9777287133098
2021-02-19,2021-02-22,UI,sell,62.561705939300374,326.7604707759451,20442.692485272033,51.10673121318008,rebalance,rebalance,4162.263793102693
2021-02-19,2021-02-22,ZM,sell,40.438505938879466,408.5,16519.129676032262,41.297824190080654,rebalance,rebalance,367.81095785036865
2021-02-19,2021-02-22,ZS,sell,18.542635582191842,225.1300048828125,4174.503639159062,10.436259097897656,rebalance,rebalance,225.0600524532517
2021-02-19,2021-02-22,AMAT,buy,108.32229622696849,112.57220806861997,12194.080069332986,30.485200173332466,rebalance,rebalance,0.0
2021-02-19,2021-02-22,LRCX,buy,218.91397754376254,55.70261070650593,12194.080069332986,30.485200173332466,rebalance,rebalance,0.0
2021-02-19,2021-02-22,MRVL,buy,243.36651120269389,50.10582601965659,12194.080069332986,30.485200173332466,rebalance,rebalance,0.0
2021-02-19,2021-02-22,MU,buy,139.6737615162649,87.30401427553016,12194.080069332987,30.48520017333247,rebalance,rebalance,0.0
2021-02-19,2021-02-22,TER,buy,88.9319800511826,137.11692984137972,12194.080069332986,30.485200173332466,rebalance,rebalance,0.0
2021-02-19,2021-02-22,TWLO,buy,28.88223523630184,422.20001220703125,12194.080069332986,30.485200173332466,rebalance,rebalance,0.0
2021-03-19,2021-03-22,AMAT,sell,55.40402277604371,112.43210355458196,6229.190826096564,15.57297706524141,rebalance,rebalance,-38.927713701487946
2021-03-19,2021-03-22,COHR,sell,51.426296383678505,69.52999877929688,3575.6703247809255,8.939175811952314,rebalance,rebalance,-1197.4538487683405
2021-03-19,2021-03-22,CRWD,sell,82.97406646502473,47.977500915527344,3980.888349790751,9.952220874476877,rebalance,rebalance,823.6381153016853
2021-03-19,2021-03-22,ENTG,sell,120.307787498312,103.33608737475394,12432.136040788899,31.080340101972247,rebalance,rebalance,804.1265068016233
2021-03-19,2021-03-22,ESTC,sell,76.1416205686204,113.93000030517578,8674.8148546195,21.687037136548753,rebalance,rebalance,-4375.977116769368
2021-03-19,2021-03-22,LRCX,sell,105.5538359866054,52.485050907987485,5539.998455290346,13.849996138225865,rebalance,rebalance,-368.17483597448705
2021-03-19,2021-03-22,MDB,sell,10.317357765099729,303.8500061035156,3134.929219897707,7.837323049744267,rebalance,rebalance,-802.2711655212427
2021-03-19,2021-03-22,MRVL,sell,243.36651120269389,46.82485488686066,11395.601571387691,28.48900392846923,rebalance,rebalance,-857.4527020470955
2021-03-19,2021-03-22,MU,sell,73.23130895666127,89.54685703732477,6557.633553798308,16.39408388449577,rebalance,rebalance,131.86875923927693
2021-03-19,2021-03-22,NET,sell,67.00407887296511,72.0,4824.293678853488,12.060734197133721,rebalance,rebalance,649.3375208455253
2021-03-19,2021-03-22,NTAP,sell,196.10304083630584,61.864753380338215,12131.866258472455,30.329665646181137,rebalance,rebalance,1025.6234648291393
2021-03-19,2021-03-22,ON,sell,146.62482592964415,40.689998626708984,5966.163965718664,14.91540991429666,rebalance,rebalance,1585.594075734009
2021-03-19,2021-03-22,TER,sell,37.225618989254016,115.06732785620133,4283.452504886526,10.708631262216315,rebalance,rebalance,-844.279370095294
2021-03-19,2021-03-22,TWLO,sell,12.179880567346018,356.2200012207031,4338.717070568016,10.84679267642004,rebalance,rebalance,-827.331310632609
2021-03-19,2021-03-22,ZS,sell,21.741112132495594,183.5,3989.4940763129416,9.973735190782355,rebalance,rebalance,-638.9385408768856
2021-03-19,2021-03-22,BILL,buy,40.13567579662849,148.24000549316406,5949.71280056406,14.87428200141015,rebalance,rebalance,0.0
2021-03-19,2021-03-22,KLAC,buy,209.50802405931543,28.398496082802016,5949.71280056406,14.87428200141015,rebalance,rebalance,0.0
2021-03-19,2021-03-22,UI,buy,18.11199247931659,328.4957636416022,5949.71280056406,14.87428200141015,rebalance,rebalance,0.0
2021-03-19,2021-03-22,WDC,buy,111.37334928733071,53.421333188198105,5949.71280056406,14.87428200141015,rebalance,rebalance,0.0
2021-04-19,2021-04-20,BILL,sell,40.13567579662849,153.8300018310547,6174.071081285978,15.435177703214945,rebalance,rebalance,194.0488210172935
2021-04-19,2021-04-20,CRWD,sell,124.01047755779432,54.022499084472656,6699.355910330961,16.748389775827402,rebalance,rebalance,1978.7530957564984
2021-04-19,2021-04-20,KLAC,sell,209.50802405931543,30.586131876654346,6408.040053095493,16.020100132738733,rebalance,rebalance,427.43287039728534
2021-04-19,2021-04-20,MDB,sell,19.58108501250815,303.0799865722656,5934.634982661362,14.836587456653406,rebalance,rebalance,-1537.6528167255249
2021-04-19,2021-04-20,NET,sell,82.63490000783416,74.11000061035156,6124.07249001693,15.310181225042324,rebalance,rebalance,974.7398302219153
2021-04-19,2021-04-20,TER,sell,51.70636106192859,122.99187998164301,6359.462554016221,15.898656385040551,rebalance,rebalance,-763.9781281555336
2021-04-19,2021-04-20,TWLO,sell,16.702354668955824,369.0,6163.168872844699,15.407922182111747,rebalance,rebalance,-921.6027303195252
2021-04-19,2021-04-20,ZS,sell,32.4235030003491,191.99000549316406,6224.988519144646,15.562471297861615,rebalance,rebalance,-678.2903902495243
2021-04-19,2021-04-20,ACLS,buy,273.6791703353487,41.630001068115234,11393.264153381459,28.483160383453647,rebalance,rebalance,0.0
2021-04-19,2021-04-20,AMAT,buy,39.189844342444864,123.69446283703776,4847.5667446058405,12.118916861514602,rebalance,rebalance,0.0
2021-04-19,2021-04-20,COHR,buy,62.8179957985505,76.77999877929688,4823.165640730584,12.057914101826459,rebalance,rebalance,0.0
2021-04-19,2021-04-20,FFIV,buy,54.528879200987426,208.94000244140625,11393.264153381459,28.483160383453647,rebalance,rebalance,0.0
2021-04-19,2021-04-20,HPE,buy,825.9563976103143,13.794026157246128,11393.264153381459,28.483160383453647,rebalance,rebalance,0.0
2021-04-19,2021-04-20,HPQ,buy,407.5913349614696,27.952665270615935,11393.264153381459,28.483160383453647,rebalance,rebalance,0.0
2021-04-19,2021-04-20,IT,buy,59.5663925282918,191.27000427246094,11393.264153381459,28.483160383453647,rebalance,rebalance,0.0
2021-04-19,2021-04-20,LRCX,buy,81.63337261028195,58.42893904459905,4769.751352251205,11.924378380628013,rebalance,rebalance,0.0
2021-04-19,2021-04-20,MU,buy,65.75665517097623,86.1826100717774,5667.08017222457,14.167700430561425,rebalance,rebalance,0.0
2021-04-19,2021-04-20,NTAP,buy,166.76297029841732,68.32010807311453,11393.264153381459,28.483160383453647,rebalance,rebalance,0.0
2021-04-19,2021-04-20,NXPI,buy,64.4886687183795,176.67079162597656,11393.264153381459,28.483160383453647,rebalance,rebalance,0.0
2021-04-19,2021-04-20,ON,buy,132.3433842919216,40.900001525878906,5412.844619479572,13.532111548698932,rebalance,rebalance,0.0
2021-04-19,2021-04-20,STX,buy,161.4705415121922,70.55939768754156,11393.264153381459,28.483160383453647,rebalance,rebalance,0.0
2021-04-19,2021-04-20,UI,buy,24.58926153398835,266.8133387799694,6560.742968017304,16.40185742004326,rebalance,rebalance,0.0
2021-04-19,2021-04-20,WDC,buy,110.19964239349042,51.419913893628376,5666.456122981916,14.166140307454791,rebalance,rebalance,0.0
2021-05-17,2021-05-18,ACLS,sell,5.601148908510368,38.540000915527344,215.86828406199456,0.5396707101549864,rebalance,rebalance,-18.4301612797294
2021-05-17,2021-05-18,AMAT,sell,5.889661136290741,119.8319662843887,705.7696747104665,1.764424186776166,rebalance,rebalance,11.394483140576586
2021-05-17,2021-05-18,COHR,sell,148.38843884500767,62.27000045776367,9240.148154805463,23.10037038701366,rebalance,rebalance,-3545.5096380936166
2021-05-17,2021-05-18,FFIV,sell,54.528879200987426,181.1300048828125,9876.816155929146,24.692040389822864,rebalance,rebalance,-1569.623198225589
2021-05-17,2021-05-18,HPE,sell,99.1992311564652,14.216202698950887,1410.2363777003936,3.5255909442509843,rebalance,rebalance,34.9331054317791
2021-05-17,2021-05-18,HPQ,sell,29.14661623184554,27.300492462690446,795.7169767504303,1.9892924418760758,rebalance,rebalance,-23.034737009575053
2021-05-17,2021-05-18,IT,sell,59.5663925282918,229.52000427246094,13671.67866758862,34.17919666897155,rebalance,rebalance,2215.752157154736
2021-05-17,2021-05-18,LRCX,sell,12.602285775865369,56.645965282069575,713.8686425343889,1.7846716063359722,rebalance,rebalance,-6.071004812352063
2021-05-17,2021-05-18,MU,sell,0.664005301074468,78.54730030533308,52.15582378782934,0.13038955946957337,rebalance,rebalance,-5.718516158674167
2021-05-17,2021-05-18,NTAP,sell,18.953679897296183,69.89903789663781,1324.8439894218482,3.3121099735546204,rebalance,rebalance,23.37712683438389
2021-05-17,2021-05-18,NXPI,sell,64.4886687183795,175.9508517563976,11346.836189635027,28.36709047408757,rebalance,rebalance,-103.27821460397124
2021-05-17,2021-05-18,ON,sell,0.5303414616432178,37.15999984741211,19.70748863373829,0.049268721584345726,rebalance,rebalance,1.0386649500533103
2021-05-17,2021-05-18,STX,sell,46.977858897592014,90.23919219362932,4239.244037905005,10.598110094762513,rebalance,rebalance,905.6296757746742
2021-05-17,2021-05-18,UI,sell,42.70125401330494,267.31458157038105,11414.667849097164,28.536669622742913,rebalance,rebalance,-1155.600728528395
2021-05-17,2021-05-18,WDC,sell,43.75046507269897,58.101340636058644,2541.9606741748694,6.354901685437174,rebalance,rebalance,236.21304919214762
2021-05-17,2021-05-18,BILL,buy,73.79805136587935,140.0,10331.727191223108,25.82931797805777,rebalance,rebalance,0.0
2021-05-17,2021-05-18,CRWD,buy,215.9980576458902,47.83250045776367,10331.727191223108,25.82931797805777,rebalance,rebalance,0.0
2021-05-17,2021-05-18,DELL,buy,227.2146767329414,45.47121400686007,10331.727191223108,25.82931797805777,rebalance,rebalance,0.0
2021-05-17,2021-05-18,FTNT,buy,252.93104434211978,40.847999572753906,10331.727191223108,25.82931797805777,rebalance,rebalance,0.0
2021-05-17,2021-05-18,LSCC,buy,217.2356369406089,47.560001373291016,10331.727191223108,25.82931797805777,rebalance,rebalance,0.0
2021-06-15,2021-06-16,BILL,sell,73.79805136587935,159.39999389648438,11763.408937293609,29.408522343234022,rebalance,rebalance,1376.4439057492084
2021-06-15,2021-06-16,CRWD,sell,215.9980576458902,57.25,12365.888800227214,30.914722000568037,rebalance,rebalance,1977.4175690254826
2021-06-15,2021-06-16,LRCX,sell,182.39122839157372,61.29321249226194,11179.344318529405,27.948360796323513,rebalance,rebalance,757.6332284619433
2021-06-15,2021-06-16,LSCC,sell,217.2356369406089,52.52000045776367,11409.215751563363,28.523039378908408,rebalance,rebalance,1023.136202983289
2021-06-15,2021-06-16,MU,sell,131.5351024295054,80.67309729777486,10611.344116368271,26.528360290920677,rebalance,rebalance,-853.8827250225316
2021-06-15,2021-06-16,ON,sell,278.0335638764172,37.560001373291016,10442.941041019225,26.107352602548062,rebalance,rebalance,655.4599352396128
2021-06-15,2021-06-16,ACLS,buy,337.6639349417754,41.72999954223633,14090.715850550005,35.226789626375016,rebalance,rebalance,0.0
2021-06-15,2021-06-16,AMAT,buy,102.9674757802134,133.61253258274962,13757.745212647245,34.39436303161811,rebalance,rebalance,0.0
2021-06-15,2021-06-16,CDW,buy,158.71370013291175,159.26546694335357,25277.611561975587,63.19402890493897,rebalance,rebalance,0.0
2021-06-15,2021-06-16,DELL,buy,307.3100188224578,47.289885335813764,14532.655552660797,36.33163888165199,rebalance,rebalance,0.0
2021-06-15,2021-06-16,EPAM,buy,50.05665771324948,504.9800109863281,25277.611561975587,63.19402890493897,rebalance,rebalance,0.0
2021-06-15,2021-06-16,FTNT,buy,295.91409409740993,46.055999755859375,13628.61944550566,34.07154861376415,rebalance,rebalance,0.0
2021-06-15,2021-06-16,GEN,buy,1011.6225186502638,24.98719739424317,25277.611561975587,63.19402890493897,rebalance,rebalance,0.0
2021-06-15,2021-06-16,GOOGL,buy,209.9015118164028,120.4260576459567,25277.611561975587,63.19402890493897,rebalance,rebalance,0.0
2021-06-15,2021-06-16,HPE,buy,1137.1632958052353,13.561529085494854,15421.673111019887,38.55418277754972,rebalance,rebalance,0.0
2021-06-15,2021-06-16,HPQ,buy,659.603015818602,24.351107102966495,16062.06368363848,40.155159209096205,rebalance,rebalance,0.0
2021-06-15,2021-06-16,IT,buy,107.99167245277462,234.07000732421875,25277.611561975587,63.19402890493897,rebalance,rebalance,0.0
2021-06-15,2021-06-16,NTAP,buy,193.87490933614697,73.97945699980377,14342.76051857434,35.85690129643585,rebalance,rebalance,0.0
2021-06-15,2021-06-16,ORCL,buy,347.9919581923679,72.63849341024792,25277.611561975587,63.19402890493897,rebalance,rebalance,0.0
2021-06-15,2021-06-16,STX,buy,198.49244063103663,80.76298100001777,16030.841211331568,40.07710302832892,rebalance,rebalance,0.0
2021-06-15,2021-06-16,WDC,buy,273.2434301104769,56.0397236489856,15312.486312292036,38.28121578073009,rebalance,rebalance,0.0
2021-07-14,2021-07-15,ACLS,sell,605.7419563686137,36.189998626708984,21921.800569120143,54.80450142280036,rebalance,rebalance,-3446.935111612381
2021-07-14,2021-07-15,CDW,sell,158.71370013291175,163.5518187093639,25957.91431083033,64.89478577707582,rebalance,rebalance,552.2139341727286
2021-07-14,2021-07-15,EPAM,sell,3.9302338164685224,543.3599853515625,2135.531788944552,5.33882947236138,rebalance,rebalance,140.54171986353018
2021-07-14,2021-07-15,FTNT,sell,62.6897945775807,51.55400085449219,3231.909723220535,8.079774308051338,rebalance,rebalance,480.20651814446
2021-07-14,2021-07-15,GOOGL,sell,13.228815110170757,127.43636220289176,1685.832073894808,4.21458018473702,rebalance,rebalance,84.5407075373316
2021-07-14,2021-07-15,HPQ,sell,1038.0477345482261,23.595064388005188,24492.803134488313,61.23200783622078,rebalance,rebalance,-2275.6326086422623
2021-07-14,2021-07-15,IT,sell,9.115021690105024,253.47999572753906,2310.4756590642473,5.776189147660618,rebalance,rebalance,165.81239316888286
2021-07-14,2021-07-15,NTAP,sell,341.6841997372681,70.86955819613772,24215.008277981065,60.53752069495266,rebalance,rebalance,-347.7392237356653
2021-07-14,2021-07-15,ORCL,sell,43.6691562444023,82.35746008003791,3596.480792127301,8.991201980318252,rebalance,rebalance,407.4977177616544
2021-07-14,2021-07-15,AMAT,buy,4.691088538261084,129.2739742273798,606.4356587935201,1.5160891469838003,rebalance,rebalance,0.0
2021-07-14,2021-07-15,DELL,buy,51.180744504605855,42.79156603071188,2190.1042079698354,5.475260519924588,rebalance,rebalance,0.0
2021-07-14,2021-07-15,GEN,buy,56.19555273586411,23.471463617711965,1318.9918715170486,3.2974796787926217,rebalance,rebalance,0.0
2021-07-14,2021-07-15,HPE,buy,214.37640666010816,12.05951535976132,2585.2755688880134,6.463188922220033,rebalance,rebalance,0.0
2021-07-14,2021-07-15,INTU,buy,51.377061072878774,487.8296362129869,25063.253012874862,62.65813253218716,rebalance,rebalance,0.0
2021-07-14,2021-07-15,META,buy,72.39741448407275,346.18989077833317,25063.253012874862,62.65813253218716,rebalance,rebalance,0.0
2021-07-14,2021-07-15,NVDA,buy,1269.4458512747133,19.743459705435733,25063.253012874862,62.65813253218716,rebalance,rebalance,0.0
2021-07-14,2021-07-15,STX,buy,8.241683229933528,78.0235413347452,643.045312158595,1.6076132803964875,rebalance,rebalance,0.0
2021-07-14,2021-07-15,UI,buy,88.17725230065463,284.23717408904554,25063.253012874862,62.65813253218716,rebalance,rebalance,0.0
2021-07-14,2021-07-15,WDC,buy,26.777874713513825,52.450720014025315,1404.5188091691618,3.511297022922905,rebalance,rebalance,0.0
2021-08-11,2021-08-12,DELL,sell,585.705440060005,46.240125633713355,27083.093132724,67.70773283181,rebalance,rebalance,-106.73776934118648
2021-08-11,2021-08-12,EPAM,sell,2.2113828865927303,598.0,1322.4069661824528,3.3060174154561324,rebalance,rebalance,199.60503401450532
2021-08-11,2021-08-12,FTNT,sell,47.50373514433733,59.86800003051758,2843.953617070886,7.109884042677216,rebalance,rebalance,757.8393006606454
2021-08-11,2021-08-12,GOOGL,sell,1.703062661066241,134.69376732793685,229.39192581455325,0.5734798145363831,rebalance,rebalance,23.21259099828671
2021-08-11,2021-08-12,HPE,sell,2078.2968689191925,13.205561637878418,27445.07740432212,68.6126935108053,rebalance,rebalance,-725.4709732368981
2021-08-11,2021-08-12,INTU,sell,0.2062065565292457,513.2060969531373,105.82646204252065,0.2645661551063016,rebalance,rebalance,4.716742257378722
2021-08-11,2021-08-12,IT,sell,9.783172495472343,294.760009765625,2883.6880203042215,7.209220050760554,rebalance,rebalance,580.8066744399812
2021-08-11,2021-08-12,UI,sell,88.17725230065463,295.3099545095034,26039.620365679326,65.09905091419832,rebalance,rebalance,848.6101693580778
2021-08-11,2021-08-12,WDC,sell,477.8438314321129,49.147629320415334,23484.891500272515,58.71222875068129,rebalance,rebalance,-2678.434985300578
2021-08-11,2021-08-12,ADBE,buy,41.95078997458875,626.0,26261.19452409256,65.6529863102314,rebalance,rebalance,0.0
2021-08-11,2021-08-12,AMAT,buy,13.852758292699292,126.41997992103029,1751.2654252139303,4.378163563034826,rebalance,rebalance,0.0
2021-08-11,2021-08-12,ENTG,buy,231.87182076925927,113.25737830913766,26261.19452409256,65.6529863102314,rebalance,rebalance,0.0
2021-08-11,2021-08-12,GEN,buy,60.089066622105975,23.28311758933194,1399.0608039956944,3.497652009989236,rebalance,rebalance,0.0
2021-08-11,2021-08-12,LSCC,buy,437.54072515498683,60.02000045776367,26261.19452409256,65.6529863102314,rebalance,rebalance,0.0
2021-08-11,2021-08-12,META,buy,1.5091581454302059,355.3296221127873,536.24859352415,1.3406214838103752,rebalance,rebalance,0.0
2021-08-11,2021-08-12,NTAP,buy,354.6572779758152,74.04668155684476,26261.19452409256,65.6529863102314,rebalance,rebalance,0.0
2021-08-11,2021-08-12,NVDA,buy,56.775940809031,19.80151033623967,1124.249378779759,2.810623446949397,rebalance,rebalance,0.0
2021-08-11,2021-08-12,ORCL,buy,10.93149048625304,83.30162397256574,910.6109099455305,2.276527274863826,rebalance,rebalance,0.0
2021-08-11,2021-08-12,STX,buy,1.4244162759181336,81.39189524881914,115.93594032024178,0.2898398508006045,rebalance,rebalance,0.0
2021-09-09,2021-09-10,ADBE,sell,0.48839149102118284,666.1799926757812,325.35663991140547,0.8133915997785137,rebalance,rebalance,18.045842248918376
2021-09-09,2021-09-10,AMAT,sell,207.72977926825268,132.6767879441278,27560.919873654435,68.90229968413608,rebalance,rebalance,1197.1880607162223
2021-09-09,2021-09-10,ENTG,sell,231.87182076925927,118.89769554398656,27569.025151053207,68.92256287763301,rebalance,rebalance,1173.255077772784
2021-09-09,2021-09-10,EPAM,sell,0.41057346921984816,634.9099731445312,260.67719031623085,0.6516929757905772,rebalance,rebalance,52.17577385561316
2021-09-09,2021-09-10,GEN,sell,1127.907138008234,24.676111188355605,27832.361947631132,69.58090486907783,rebalance,rebalance,-302.87235531999755
2021-09-09,2021-09-10,GOOGL,sell,194.9696340451658,142.85316370039908,27852.02904886097,69.63007262215243,rebalance,rebalance,4244.276026532765
2021-09-09,2021-09-10,INTU,sell,1.0342637917276463,550.9233858723185,569.8001100237373,1.4245002750593432,rebalance,rebalance,62.56971915874897
2021-09-09,2021-09-10,IT,sell,1.8247680657190415,316.510009765625,577.5573583007344,1.443893395751836,rebalance,rebalance,147.92218171085648
2021-09-09,2021-09-10,META,sell,73.90657262950296,378.0401728089301,27939.653488573043,69.84913372143261,rebalance,rebalance,2206.303994436601
2021-09-09,2021-09-10,NTAP,sell,354.6572779758152,82.41787047018379,29230.097597518703,73.07524399379676,rebalance,rebalance,2830.174843122115
2021-09-09,2021-09-10,NVDA,sell,86.19705708835477,22.2748946360381,1920.0303645796635,4.8000759114491585,rebalance,rebalance,208.9328456168301
2021-09-09,2021-09-10,STX,sell,322.6512227514885,75.1462159574795,24246.018463828175,60.61504615957044,rebalance,rebalance,-745.124664030673
2021-09-09,2021-09-10,ANET,buy,1223.8790296862062,22.568750381469727,27621.420318103366,69.05355079525842,rebalance,rebalance,0.0
2021-09-09,2021-09-10,DDOG,buy,194.87384822653695,141.74000549316406,27621.420318103366,69.05355079525842,rebalance,rebalance,0.0
2021-09-09,2021-09-10,DOCU,buy,97.32980872784468,283.7919921875,27621.420318103366,69.05355079525842,rebalance,rebalance,0.0
2021-09-09,2021-09-10,FTNT,buy,2.261144825633437,62.645999908447266,141.6516785396183,0.35412919634904577,rebalance,rebalance,0.0
2021-09-09,2021-09-10,LSCC,buy,3.4142650627803164,62.63999938964844,213.869561448657,0.5346739036216426,rebalance,rebalance,0.0
2021-09-09,2021-09-10,MPWR,buy,57.98679710193019,476.33981696816187,27621.420318103366,69.05355079525842,rebalance,rebalance,0.0
2021-09-09,2021-09-10,NET,buy,213.606224109527,129.30999755859375,27621.420318103366,69.05355079525842,rebalance,rebalance,0.0
2021-09-09,2021-09-10,ORCL,buy,14.33170221574585,83.80641400566364,1201.0885692986835,3.002721423246709,rebalance,rebalance,0.0
2021-09-09,2021-09-10,SHOP,buy,182.31960606008823,151.5,27621.420318103366,69.05355079525842,rebalance,rebalance,0.0
2021-09-09,2021-09-10,TEAM,buy,72.80290132434637,379.3999938964844,27621.420318103366,69.05355079525842,rebalance,rebalance,0.0
2021-10-07,2021-10-08,ADBE,sell,18.202755612952938,581.2999877929688,10581.261615607937,26.453154039019843,rebalance,rebalance,-868.6038646738931
2021-10-07,2021-10-08,ANET,sell,1223.8790296862062,23.049375534057617,28209.647363495416,70.52411840873854,rebalance,rebalance,448.6493761880554
2021-10-07,2021-10-08,DDOG,sell,100.4414497882031,143.17999267578125,14381.20604501977,35.95301511254942,rebalance,rebalance,73.08995607414894
2021-10-07,2021-10-08,DOCU,sell,47.03284515232525,268.82000732421875,12643.36977832692,31.6084244458173,rebalance,rebalance,-769.1523322035437
2021-10-07,2021-10-08,EPAM,sell,20.827261496872513,596.22998046875,12417.837715497848,31.04459428874462,rebalance,rebalance,1843.1490048545288
2021-10-07,2021-10-08,FTNT,sell,222.9613983666043,62.0359992980957,13831.6331525731,34.579082881432754,rebalance,rebalance,4017.364325852353
2021-10-07,2021-10-08,INTU,sell,24.154736683028798,520.395122500198,12570.007155124798,31.425017887811997,rebalance,rebalance,725.7272373123023
2021-10-07,2021-10-08,IT,sell,43.0164691246138,305.5400085449219,13143.252343906868,32.85813085976717,rebalance,rebalance,3016.3568068790687
2021-10-07,2021-10-08,LSCC,sell,440.95499021776715,66.08000183105469,29138.306561002755,72.8457664025069,rebalance,rebalance,2524.20904884518
2021-10-07,2021-10-08,MPWR,sell,57.98679710193019,456.8325801262931,26490.258133334628,66.22564533333657,rebalance,rebalance,-1266.441380897334
2021-10-07,2021-10-08,NET,sell,115.02196805070349,137.14999389648438,15775.262216115605,39.43815554028901,rebalance,rebalance,825.1499267346454
2021-10-07,2021-10-08,NVDA,sell,597.1545183027347,21.03197467494621,12559.33870597282,31.39834676493205,rebalance,rebalance,707.0817115384199
2021-10-07,2021-10-08,ORCL,sell,329.5859946499645,86.65888834281306,28561.555909726256,71.40388977431564,rebalance,rebalance,4212.3595735144245
2021-10-07,2021-10-08,SHOP,sell,182.31960606008823,141.7779998779297,25848.90908573138,64.62227271432845,rebalance,rebalance,-1906.1870558815751
2021-10-07,2021-10-08,TEAM,sell,39.01518694529585,400.1700134277344,15612.707883784607,39.03176970946152,rebalance,rebalance,734.308520937415
2021-10-07,2021-10-08,BILL,buy,48.36468105177755,279.55999755859375,13520.830116757097,33.80207529189274,rebalance,rebalance,0.0
2021-10-07,2021-10-08,MDB,buy,28.558698139222948,473.44000244140625,13520.830116757097,33.80207529189274,rebalance,rebalance,0.0
2021-10-07,2021-10-08,PANW,buy,164.22060363306687,82.33333587646484,13520.830116757097,33.80207529189274,rebalance,rebalance,0.0
2021-10-07,2021-10-08,SNOW,buy,41.801915617498246,323.45001220703125,13520.830116757097,33.80207529189274,rebalance,rebalance,0.0
2021-10-07,2021-10-08,ZS,buy,49.6541708515869,272.29998779296875,13520.830116757097,33.80207529189274,rebalance,rebalance,0.0
2021-11-04,2021-11-05,ADBE,sell,23.25964287061463,676.739990234375,15740.730489114796,39.35182622278699,rebalance,rebalance,1104.440884794739
2021-11-04,2021-11-05,EPAM,sell,22.677206044095865,725.4000244140625,16450.045818029866,41.125114545074666,rebalance,rebalance,4928.75610680482
2021-11-04,2021-11-05,IT,sell,44.252241076864415,332.3699951171875,14708.11715064203,36.770292876605076,rebalance,rebalance,4287.329158808241
2021-11-04,2021-11-05,BILL,buy,23.50745132326591,338.5,7957.272272925511,19.89318068231378,rebalance,rebalance,0.0
2021-11-04,2021-11-05,DDOG,buy,31.04450540166428,193.88999938964844,6019.219133380625,15.048047833451562,rebalance,rebalance,0.0
2021-11-04,2021-11-05,DOCU,buy,36.42406040654316,280.5400085449219,10218.406217692369,25.546015544230922,rebalance,rebalance,0.0
2021-11-04,2021-11-05,ESTC,buy,139.76397877457492,174.07000732421875,24328.71680895221,60.82179202238052,rebalance,rebalance,0.0
2021-11-04,2021-11-05,FTNT,buy,130.36804142581596,69.84600067138672,9105.686308954913,22.764215772387285,rebalance,rebalance,0.0
2021-11-04,2021-11-05,INTU,buy,14.135476748871302,606.4390708350662,8572.305385396196,21.43076346349049,rebalance,rebalance,0.0
2021-11-04,2021-11-05,MDB,buy,16.449474795067438,540.5399780273438,8891.598744287097,22.228996860717743,rebalance,rebalance,0.0
2021-11-04,2021-11-05,MPWR,buy,46.66537298580906,521.3440984678421,24328.716808952213,60.821792022380535,rebalance,rebalance,0.0
2021-11-04,2021-11-05,MRVL,buy,343.9080489868821,70.7419232571675,24328.716808952213,60.821792022380535,rebalance,rebalance,0.0
2021-11-04,2021-11-05,NET,buy,14.00699071455432,216.0800018310547,3026.6305792484636,7.566576448121159,rebalance,rebalance,0.0
2021-11-04,2021-11-05,NVDA,buy,165.70841442443793,30.088251003295557,4985.87636656061,12.464690916401526,rebalance,rebalance,0.0
2021-11-04,2021-11-05,PANW,buy,131.74318231338944,82.20166778564453,10829.50930554884,27.0737732638721,rebalance,rebalance,0.0
2021-11-04,2021-11-05,SNOW,buy,26.168685636332846,357.92999267578125,9366.557458147438,23.416393645368593,rebalance,rebalance,0.0
2021-11-04,2021-11-05,TEAM,buy,20.592715106896044,447.3800048828125,9212.768985073519,23.0319224626838,rebalance,rebalance,0.0
2021-11-04,2021-11-05,ZS,buy,23.19720186784184,333.95001220703125,7746.705846934751,19.36676461733688,rebalance,rebalance,0.0
2021-12-03,2021-12-06,BILL,sell,29.825178711603137,234.32000732421875,6988.63609414898,17.47159023537245,rebalance,rebalance,-1964.005381024731
2021-12-03,2021-12-06,DDOG,sell,64.06418215341438,160.42999267578125,10277.816273652184,25.694540684130462,rebalance,rebalance,320.3059111895383
2021-12-03,2021-12-06,DOCU,sell,86.72102398206259,135.63999938964844,11762.839639996657,29.407099099991644,rebalance,rebalance,-12820.07987515391
2021-12-03,2021-12-06,ESTC,sell,139.76397877457492,109.76000213623047,15340.494608865414,38.35123652216354,rebalance,rebalance,-9087.395228631338
2021-12-03,2021-12-06,FTNT,sell,182.8933797364088,59.55799865722656,10892.763664756663,27.231909161891657,rebalance,rebalance,1052.7502896598337
2021-12-03,2021-12-06,INTU,sell,40.117330790464386,627.4843828781453,25172.998553772963,62.932496384432405,rebalance,rebalance,3809.924707266447
2021-12-03,2021-12-06,MDB,sell,22.13169235025869,430.67999267578125,9531.677099312055,23.82919274828014,rebalance,rebalance,-1540.4797727580872
2021-12-03,2021-12-06,MPWR,sell,27.93955926343063,526.1422887382558,14700.18365719953,36.75045914299883,rebalance,rebalance,60.893551434987366
2021-12-03,2021-12-06,MRVL,sell,223.83068822415171,82.05079148805231,18365.485128107117,45.91371282026779,rebalance,rebalance,2445.7725129125447
2021-12-03,2021-12-06,NET,sell,48.39340737797859,153.47000122070312,7426.936289372358,18.567340723430895,rebalance,rebalance,611.2757843042489
2021-12-03,2021-12-06,NVDA,sell,477.80325383246725,29.78590054452752,14231.800198505507,35.57950049626377,rebalance,rebalance,3722.7068837865836
2021-12-03,2021-12-06,PANW,sell,295.9637859464563,86.27833557128906,25535.262840837524,63.83815710209381,rebalance,rebalance,1060.2094128737306
2021-12-03,2021-12-06,SNOW,sell,67.97060125383109,340.260009765625,23127.67744640397,57.819193616009926,rebalance,rebalance,125.25220894616655
2021-12-03,2021-12-06,TEAM,sell,25.6979185969264,343.5,8827.235038044219,22.068087595110548,rebalance,rebalance,-1632.1824456404984
2021-12-03,2021-12-06,ZS,sell,40.22090835328247,301.94000244140625,12144.301166385685,30.360752915964213,rebalance,rebalance,342.87719362278347
2021-12-03,2021-12-06,AMD,buy,69.80616786867456,141.13999938964844,9852.442490378424,24.63110622594606,rebalance,rebalance,0.0
2021-12-03,2021-12-06,ANET,buy,321.7124078490914,30.625,9852.442490378424,24.63110622594606,rebalance,rebalance,0.0
2021-12-03,2021-12-06,LSCC,buy,132.46091495285282,74.37999725341797,9852.442490378424,24.63110622594606,rebalance,rebalance,0.0
2021-12-03,2021-12-06,NOW,buy,81.88804760330197,120.31600189208984,9852.442490378424,24.63110622594606,rebalance,rebalance,0.0
2021-12-03,2021-12-06,ON,buy,153.82423139647344,64.05000305175781,9852.442490378424,24.63110622594606,rebalance,rebalance,0.0
2022-01-03,2022-01-04,AMD,sell,15.323211307397294,151.00999450683594,2313.958055357152,5.78489513839288,rebalance,rebalance,140.04833055881707
2022-01-03,2022-01-04,ANET,sell,321.7124078490914,35.5625,11440.897504133312,28.60224376033328,rebalance,rebalance,1535.2216637686101
2022-01-03,2022-01-04,BILL,sell,7.0490986915632945,235.0850067138672,1657.1374132328694,4.142843533082174,rebalance,rebalance,-458.8081776987072
2022-01-03,2022-01-04,DDOG,sell,11.073325895249035,163.44000244140625,1809.8244113539893,4.524561028384973,rebalance,rebalance,88.61152887354174
2022-01-03,2022-01-04,FTNT,sell,165.42601686604797,66.0999984741211,10934.659462425701,27.336648656064256,rebalance,rebalance,2031.7180508956214
2022-01-03,2022-01-04,LSCC,sell,27.838953674993732,78.63999938964844,2189.2553000099583,5.4731382500248955,rebalance,rebalance,107.94421063115922
2022-01-03,2022-01-04,MDB,sell,22.876480584031697,488.77099609375,11181.360202176504,27.95340050544126,rebalance,rebalance,-266.7254522038792
2022-01-03,2022-01-04,MPWR,sell,1.676992968612577,482.5829944406757,809.2882884490155,2.023220721122539,rebalance,rebalance,-69.21104559873682
2022-01-03,2022-01-04,MRVL,sell,120.07736076273036,88.70251173852353,10651.163502587015,26.627908756467537,rebalance,rebalance,2108.795895230259
2022-01-03,2022-01-04,NOW,sell,81.88804760330197,125.6780014038086,10291.52616164293,25.728815404107326,rebalance,rebalance,388.7237496344542
2022-01-03,2022-01-04,NVDA,sell,58.176918304811466,30.18164886854297,1755.8753205297296,4.389688301324324,rebalance,rebalance,476.239487194844
2022-01-03,2022-01-04,ON,sell,37.205229055697956,70.55000305175781,2624.8290234208393,6.5620725585520985,rebalance,rebalance,229.3144287170878
2022-01-03,2022-01-04,TEAM,sell,4.991336620549323,347.2799987792969,1733.3913754914286,4.333478438728571,rebalance,rebalance,-298.20061673220204
2022-01-03,2022-01-04,ZS,sell,5.018257992399082,297.9649963378906,1495.2652243277828,3.738163060819457,rebalance,rebalance,22.8821573979291
2022-01-03,2022-01-04,ACLS,buy,106.98921726634684,76.9000015258789,8227.470971034661,20.568677427586653,rebalance,rebalance,0.0
2022-01-03,2022-01-04,CDNS,buy,45.158740110784514,182.19000244140625,8227.470971034661,20.568677427586653,rebalance,rebalance,0.0
2022-01-03,2022-01-04,INTU,buy,13.496383484847348,609.6056014021684,8227.470971034661,20.568677427586653,rebalance,rebalance,0.0
2022-01-03,2022-01-04,NET,buy,1.8756523556366176,124.5199966430664,233.55622502743122,0.5838905625685781,rebalance,rebalance,0.0
2022-01-03,2022-01-04,PANW,buy,91.85008374366589,89.57499694824219,8227.470971034661,20.568677427586653,rebalance,rebalance,0.0
2022-01-03,2022-01-04,SNOW,buy,24.912856838863473,330.25,8227.470971034661,20.568677427586653,rebalance,rebalance,0.0
2022-02-01,2022-02-02,AMD,sell,54.48295656127727,129.88999938964844,7076.791194490547,17.69197798622637,rebalance,rebalance,-649.8495504401075
2022-02-01,2022-02-02,BILL,sell,34.99785497187703,192.80999755859375,6747.936331683629,16.86984082920907,rebalance,rebalance,-3753.758522465561
2022-02-01,2022-02-02,CDNS,sell,45.158740110784514,151.80999755859375,6855.548225967366,17.138870564918417,rebalance,rebalance,-1409.630293059799
2022-02-01,2022-02-02,INTU,sell,13.496383484847348,543.9053638445138,7340.755369910983,18.351888424777457,rebalance,rebalance,-925.6361669760413
2022-02-01,2022-02-02,MPWR,sell,17.04882075376585,397.27916707405853,6773.141308651019,16.932853271627547,rebalance,rebalance,-2154.3143856470306
2022-02-01,2022-02-02,NET,sell,66.07349175103586,103.21499633789062,6819.775209114813,17.049438022787033,rebalance,rebalance,-2448.318070907836
2022-02-01,2022-02-02,SNOW,sell,24.912856838863473,282.55999755859375,7039.376767566859,17.598441918917146,rebalance,rebalance,-1226.2613228143073
2022-02-01,2022-02-02,TEAM,sell,23.691174268470835,328.8900146484375,7791.7906521960585,19.479476630490147,rebalance,rebalance,-1849.9880978570188
2022-02-01,2022-02-02,ACLS,buy,23.184733598203096,64.13999938964844,1487.0687988379082,3.7176719970947705,rebalance,rebalance,0.0
2022-02-01,2022-02-02,ANET,buy,265.05895647620184,31.5,8349.357129000358,20.873392822500897,rebalance,rebalance,0.0
2022-02-01,2022-02-02,AVGO,buy,151.02944780872792,55.28297461283476,8349.357129000358,20.873392822500897,rebalance,rebalance,0.0
2022-02-01,2022-02-02,CIEN,buy,126.06608343356315,66.2300033569336,8349.357129000358,20.873392822500897,rebalance,rebalance,0.0
2022-02-01,2022-02-02,DDOG,buy,6.742417875996516,146.27000427246094,986.2134915287273,2.465533728821818,rebalance,rebalance,0.0
2022-02-01,2022-02-02,HPQ,buy,264.2352645791634,31.598193913662637,8349.357129000358,20.873392822500897,rebalance,rebalance,0.0
2022-02-01,2022-02-02,LITE,buy,83.17749907804526,100.37999725341797,8349.357129000358,20.873392822500897,rebalance,rebalance,0.0
2022-02-01,2022-02-02,LSCC,buy,39.95565134552375,57.75,2307.4388652039966,5.768597163009992,rebalance,rebalance,0.0
2022-02-01,2022-02-02,MDB,buy,20.167529297102316,414.0,8349.357129000358,20.873392822500897,rebalance,rebalance,0.0
2022-02-01,2022-02-02,MRVL,buy,114.58347340990912,72.8670276832288,8349.357129000358,20.873392822500897,rebalance,rebalance,0.0
2022-02-01,2022-02-02,NVDA,buy,52.11790686894972,25.712769688020778,1340.0957359430201,3.3502393398575503,rebalance,rebalance,0.0
2022-02-01,2022-02-02,ON,buy,21.159171573963263,60.599998474121094,1282.2457650958402,3.2056144127396005,rebalance,rebalance,0.0
2022-02-01,2022-02-02,PANW,buy,5.075795531640267,86.14167022705078,437.2375048264938,1.0930937620662347,rebalance,rebalance,0.0
2022-02-01,2022-02-02,TER,buy,72.42728020158529,115.27917527431339,8349.357129000358,20.873392822500897,rebalance,rebalance,0.0
2022-02-01,2022-02-02,ZS,buy,4.289662379338733,261.7200012207031,1122.6904431569374,2.8067261078923433,rebalance,rebalance,0.0
2022-03-02,2022-03-03,ACLS,sell,130.17395086454994,72.33000183105469,9415.48210438852,23.5387052609713,market_trend_exit,risk_exit,-346.88272016970257
2022-03-02,2022-03-03,ANET,sell,265.05895647620184,30.997499465942383,8216.164861814312,20.54041215453578,market_trend_exit,risk_exit,-174.60607216308264
2022-03-02,2022-03-03,AVGO,sell,151.02944780872792,54.79197962579849,8275.202427231417,20.688006068078543,market_trend_exit,risk_exit,-115.71610065951998
2022-03-02,2022-03-03,CIEN,sell,126.06608343356315,71.01000213623047,8951.952853923527,22.379882134808817,market_trend_exit,risk_exit,559.3424499658614
2022-03-02,2022-03-03,DDOG,sell,57.08181366733123,159.5800018310547,9109.115929552641,22.772789823881602,market_trend_exit,risk_exit,293.59028142216073
2022-03-02,2022-03-03,HPQ,sell,264.2352645791634,30.587863914720394,8082.392314417589,20.205980786043973,market_trend_exit,risk_exit,-308.044188191314
2022-03-02,2022-03-03,LITE,sell,83.17749907804526,101.7300033569336,8461.647260430886,21.154118151077213,market_trend_exit,risk_exit,70.26262045694821
2022-03-02,2022-03-03,LSCC,sell,144.57761262338283,63.27000045776367,9147.425616863811,22.86856404215953,market_trend_exit,risk_exit,-989.8860550209522
2022-03-02,2022-03-03,MDB,sell,20.167529297102316,359.3999938964844,7248.209906285742,18.120524765714357,market_trend_exit,risk_exit,-1140.1411403028314
2022-03-02,2022-03-03,MRVL,sell,114.58347340990912,67.18397691049671,7698.173431895848,19.245433579739622,market_trend_exit,risk_exit,-691.3025235067499
2022-03-02,2022-03-03,NVDA,sell,324.71636584876376,24.189712498581102,7854.795533465674,19.636988833664187,market_trend_exit,risk_exit,516.3164142154413
2022-03-02,2022-03-03,ON,sell,137.77817391473874,62.290000915527344,8582.202579288762,21.455506448221904,market_trend_exit,risk_exit,-212.82538112721036
2022-03-02,2022-03-03,PANW,sell,96.92587927530616,97.13166809082031,9414.572335179957,23.536430837949894,market_trend_exit,risk_exit,704.6656572911998
2022-03-02,2022-03-03,TER,sell,72.42728020158529,114.4620323609091,8290.173690246487,20.72543422561622,market_trend_exit,risk_exit,-100.78226580198819
2022-03-02,2022-03-03,ZS,sell,31.90186875308592,252.97999572753906,8070.534620856189,20.176336552140473,market_trend_exit,risk_exit,-1156.1355648458891
2022-03-30,2022-03-31,AAPL,buy,46.76785697526976,173.93443687971876,8134.540867064772,20.336352167661932,rebalance,rebalance,0.0
2022-03-30,2022-03-31,ACLS,buy,104.43626820911044,77.88999938964844,8134.540867064772,20.336352167661932,rebalance,rebalance,0.0
2022-03-30,2022-03-31,ANET,buy,235.45960556774395,34.54750061035156,8134.540867064772,20.336352167661932,rebalance,rebalance,0.0
2022-03-30,2022-03-31,AVGO,buy,138.85779890801635,58.58180765527863,8134.540867064773,20.336352167661932,rebalance,rebalance,0.0
2022-03-30,2022-03-31,CHKP,buy,59.14739285440398,137.52999877929688,8134.540867064772,20.336352167661932,rebalance,rebalance,0.0
2022-03-30,2022-03-31,CIEN,buy,133.04777475091086,61.13999938964844,8134.540867064773,20.336352167661932,rebalance,rebalance,0.0
2022-03-30,2022-03-31,DDOG,buy,53.96763151090937,150.72999572753906,8134.540867064772,20.336352167661932,rebalance,rebalance,0.0
2022-03-30,2022-03-31,FTNT,buy,119.18392132104758,68.25199890136719,8134.540867064773,20.336352167661932,rebalance,rebalance,0.0
2022-03-30,2022-03-31,HPQ,buy,259.5042172472735,31.34646886803239,8134.540867064773,20.336352167661932,rebalance,rebalance,0.0
2022-03-30,2022-03-31,LITE,buy,83.0563678199963,97.94000244140625,8134.540867064773,20.336352167661932,rebalance,rebalance,0.0
2022-03-30,2022-03-31,MU,buy,107.13826813292286,75.92563337847238,8134.540867064772,20.336352167661932,rebalance,rebalance,0.0
2022-03-30,2022-03-31,ON,buy,126.33236440708073,64.38999938964844,8134.540867064772,20.336352167661932,rebalance,rebalance,0.0
2022-03-30,2022-03-31,PANW,buy,79.30721352507959,102.56999969482422,8134.540867064773,20.336352167661932,rebalance,rebalance,0.0
2022-03-30,2022-03-31,QCOM,buy,58.84720634613366,138.23155544917762,8134.540867064772,20.336352167661932,rebalance,rebalance,0.0
2022-03-30,2022-03-31,STX,buy,100.71894247184018,80.764756533649,8134.540867064772,20.336352167661932,rebalance,rebalance,0.0
2022-04-28,2022-04-29,AAPL,sell,46.76785697526976,158.28583697775457,7402.689384986491,18.506723462466226,market_trend_exit,risk_exit,-770.6945577084088
2022-04-28,2022-04-29,ACLS,sell,104.43626820911044,55.34000015258789,5779.503098627882,14.448757746569704,market_trend_exit,risk_exit,-2389.822878351122
2022-04-28,2022-04-29,ANET,sell,235.45960556774395,29.875,7034.35571633635,17.585889290840875,market_trend_exit,risk_exit,-1138.1073921869236
2022-04-28,2022-04-29,AVGO,sell,138.85779890801635,53.205678264056644,7388.023373154994,18.470058432887487,market_trend_exit,risk_exit,-785.3239045103284
2022-04-28,2022-04-29,CHKP,sell,59.14739285440398,128.11000061035156,7577.372534678398,18.943431336695994,market_trend_exit,risk_exit,-596.4481158907317
2022-04-28,2022-04-29,CIEN,sell,133.04777475091086,56.400001525878906,7503.894698966165,18.759736747415413,market_trend_exit,risk_exit,-669.7422570136841
2022-04-28,2022-04-29,DDOG,sell,53.96763151090937,126.51000213623047,6827.445177732443,17.068612944331107,market_trend_exit,risk_exit,-1344.500654444321
2022-04-28,2022-04-29,FTNT,sell,119.18392132104758,61.24399948120117,7299.300015553759,18.2482500388844,market_trend_exit,risk_exit,-873.8254537175593
2022-04-28,2022-04-29,HPQ,sell,259.5042172472735,31.677142425181938,8220.352049677238,20.550880124193096,market_trend_exit,risk_exit,44.92395032061091
2022-04-28,2022-04-29,LITE,sell,83.0563678199963,82.79000091552734,6876.236767857869,17.190591919644675,market_trend_exit,risk_exit,-1295.8310432942094
2022-04-28,2022-04-29,MU,sell,107.13826813292286,67.64041582381255,7246.877007154027,18.117192517885066,market_trend_exit,risk_exit,-926.117404596292
2022-04-28,2022-04-29,ON,sell,126.33236440708073,53.61000061035156,6772.678132970754,16.931695332426884,market_trend_exit,risk_exit,-1399.1307815941066
2022-04-28,2022-04-29,PANW,sell,79.30721352507959,97.64833068847656,7744.217012278593,19.36054253069648,market_trend_exit,risk_exit,-430.0207494845378
2022-04-28,2022-04-29,QCOM,sell,58.84720634613366,131.83037108300135,7757.849049808752,19.39462262452188,market_trend_exit,risk_exit,-416.42279204820227
2022-04-28,2022-04-29,STX,sell,100.71894247184018,73.09259228916166,7361.8085978897425,18.404521494724357,market_trend_exit,risk_exit,-811.4731428374164
2023-01-17,2023-01-18,ACLS,buy,151.86373892251507,102.91000366210938,15628.297928657648,39.07074482164412,rebalance,rebalance,0.0
2023-01-17,2023-01-18,AMAT,buy,145.47370170575758,107.43039975890784,15628.29792865765,39.070744821644126,rebalance,rebalance,0.0
2023-01-17,2023-01-18,ANET,buy,531.4843585688251,29.405000686645508,15628.297928657648,39.07074482164412,rebalance,rebalance,0.0
2023-01-17,2023-01-18,AVGO,buy,281.30307229816697,55.556797872767085,15628.297928657648,39.07074482164412,rebalance,rebalance,0.0
2023-01-17,2023-01-18,BAH,buy,177.51206699877469,88.04076361054106,15628.29792865765,39.070744821644126,rebalance,rebalance,0.0
2023-01-17,2023-01-18,CDW,buy,82.90221459286619,188.51484252149857,15628.29792865765,39.070744821644126,rebalance,rebalance,0.0
2023-01-17,2023-01-18,HPE,buy,1055.9112679058394,14.800768211947236,15628.29792865765,39.070744821644126,rebalance,rebalance,0.0
2023-01-17,2023-01-18,IT,buy,46.607114360303434,335.32000732421875,15628.297928657648,39.07074482164412,rebalance,rebalance,0.0
2023-01-17,2023-01-18,KEYS,buy,84.01407144237614,186.02000427246094,15628.297928657646,39.07074482164412,rebalance,rebalance,0.0
2023-01-17,2023-01-18,KLAC,buy,382.6218593234973,40.84528248409433,15628.297928657646,39.07074482164412,rebalance,rebalance,0.0
2023-01-17,2023-01-18,LSCC,buy,211.88038877484146,73.76000213623047,15628.297928657648,39.07074482164412,rebalance,rebalance,0.0
2023-01-17,2023-01-18,MCHP,buy,226.8354300438134,68.897076288475,15628.297928657646,39.07074482164412,rebalance,rebalance,0.0
2023-01-17,2023-01-18,ON,buy,232.08046894211031,67.33999633789062,15628.297928657648,39.07074482164412,rebalance,rebalance,0.0
2023-01-17,2023-01-18,SAIC,buy,155.52348329408989,100.48834811078042,15628.297928657648,39.07074482164412,rebalance,rebalance,0.0
2023-01-17,2023-01-18,SMCI,buy,1817.455282039295,8.598999977111816,15628.297928657648,39.07074482164412,rebalance,rebalance,0.0
2023-02-14,2023-02-15,AMAT,sell,145.47370170575758,113.48284775295936,16508.76994273391,41.27192485683478,rebalance,rebalance,800.1293443977825
2023-02-14,2023-02-15,ANET,sell,531.4843585688251,35.73500061035156,18992.593877849275,47.481484694623184,rebalance,rebalance,3277.7437196753585
2023-02-14,2023-02-15,BAH,sell,177.51206699877469,88.37900340955693,15688.339574522206,39.220848936305515,rebalance,rebalance,-18.249947893393344
2023-02-14,2023-02-15,MCHP,sell,226.8354300438134,77.04079177700112,17475.581133651933,43.688952834129836,rebalance,rebalance,1764.5235073385131
2023-02-14,2023-02-15,ON,sell,232.08046894211031,85.66999816894531,19882.33334931856,49.7058333732964,rebalance,rebalance,4165.258842465974
2023-02-14,2023-02-15,ACLS,buy,4.186985628056817,125.33999633789062,524.7967632874421,1.3119919082186053,rebalance,rebalance,0.0
2023-02-14,2023-02-15,AVGO,buy,61.557838098452635,57.047615084109935,3511.727853250484,8.77931963312621,rebalance,rebalance,0.0
2023-02-14,2023-02-15,CDW,buy,17.0797877807332,195.62918104607385,3341.304895985575,8.353262239963938,rebalance,rebalance,0.0
2023-02-14,2023-02-15,CHKP,buy,156.41260908724877,125.05000305175781,19559.39724369386,48.89849310923465,rebalance,rebalance,0.0
2023-02-14,2023-02-15,CSCO,buy,452.45279466877287,43.2296970516288,19559.39724369386,48.89849310923465,rebalance,rebalance,0.0
2023-02-14,2023-02-15,HPE,buy,250.32814820914177,14.973822564524538,3748.36927418969,9.370923185474224,rebalance,rebalance,0.0
2023-02-14,2023-02-15,IBM,buy,162.69972647523974,120.2177635293719,19559.39724369386,48.89849310923465,rebalance,rebalance,0.0
2023-02-14,2023-02-15,IT,buy,11.023918962685663,339.3900146484375,3741.408018229075,9.353520045572688,rebalance,rebalance,0.0
2023-02-14,2023-02-15,KEYS,buy,21.901331371458028,184.6699981689453,4044.5188242646186,10.111297060661547,rebalance,rebalance,0.0
2023-02-14,2023-02-15,KLAC,buy,122.74650365260948,38.703248316750305,4750.688410879843,11.876721027199608,rebalance,rebalance,0.0
2023-02-14,2023-02-15,LSCC,buy,8.234366000608418,88.86000061035156,731.7057678399221,1.8292644195998053,rebalance,rebalance,0.0
2023-02-14,2023-02-15,ORCL,buy,229.80877333213425,85.11162111041503,19559.39724369386,48.89849310923465,rebalance,rebalance,0.0
2023-02-14,2023-02-15,SAIC,buy,37.83288312628713,101.15724455211203,3827.0702105173,9.56767552629325,rebalance,rebalance,0.0
2023-02-14,2023-02-15,SMCI,buy,285.2535061180356,9.302000045776367,2653.4281269678363,6.633570317419591,rebalance,rebalance,0.0
2023-02-14,2023-02-15,VRSN,buy,93.70163104243106,208.7412676395862,19559.39724369386,48.89849310923465,rebalance,rebalance,0.0
2023-03-15,2023-03-16,ACLS,sell,156.05072455057189,122.47000122070312,19111.532426200145,47.77883106550036,market_trend_exit,risk_exit,2870.276166459695
2023-03-15,2023-03-16,AVGO,sell,342.8609103966196,59.23765252453591,20310.275474320995,50.77568868580249,market_trend_exit,risk_exit,1071.6239392722923
2023-03-15,2023-03-16,CDW,sell,99.98200237359939,177.7560070753355,17772.401521327745,44.43100380331936,market_trend_exit,risk_exit,-1289.0563141804066
2023-03-15,2023-03-16,CHKP,sell,156.41260908724877,125.43000030517578,19618.83360554695,49.047084013867384,market_trend_exit,risk_exit,-38.509215270008816
2023-03-15,2023-03-16,CSCO,sell,452.45279466877287,44.30362109073499,20045.297176449436,50.11324294112359,market_trend_exit,risk_exit,386.88819670521616
2023-03-15,2023-03-16,HPE,sell,1306.2394161149812,12.586770962861092,16441.33635330067,41.103340883251676,market_trend_exit,risk_exit,-3024.8758584370366
2023-03-15,2023-03-16,IBM,sell,162.69972647523974,109.33414535387244,17788.63554347915,44.47158885869788,market_trend_exit,risk_exit,-1864.1317821826406
2023-03-15,2023-03-16,IT,sell,57.6310333229891,309.6099853515625,17843.143382926064,44.60785845731516,market_trend_exit,risk_exit,-1619.594687285192
2023-03-15,2023-03-16,KEYS,sell,105.91540281383416,154.2100067138672,16333.214979023314,40.83303744755829,market_trend_exit,risk_exit,-3429.6168532288198
2023-03-15,2023-03-16,KLAC,sell,505.36836297610677,35.68874487255336,18035.962572914214,45.08990643228554,market_trend_exit,risk_exit,-2439.061138904403
2023-03-15,2023-03-16,LSCC,sell,220.11475477544988,88.77999877929688,19541.78766026967,48.85446915067418,market_trend_exit,risk_exit,3092.029485380182
2023-03-15,2023-03-16,ORCL,sell,229.80877333213425,79.43112394507484,18253.969158210366,45.63492289552592,market_trend_exit,risk_exit,-1399.9615014882522
2023-03-15,2023-03-16,SAIC,sell,193.35636642037701,98.84473195981542,19112.25821154602,47.78064552886505,market_trend_exit,risk_exit,-439.52899350572955
2023-03-15,2023-03-16,SMCI,sell,2102.7087881573307,9.005999565124512,18936.99443172841,47.34248607932103,market_trend_exit,risk_exit,562.2215748845397
2023-03-15,2023-03-16,VRSN,sell,93.70163104243106,187.9093678049453,17607.41425147546,44.01853562868865,market_trend_exit,risk_exit,-2044.9000209563244
2023-04-13,2023-04-14,ACLS,buy,98.90318616149496,127.31999969482422,12592.35363189868,31.4808840797467,rebalance,rebalance,0.0
2023-04-13,2023-04-14,AMAT,buy,114.25805591524795,110.20976622636731,12592.35363189868,31.4808840797467,rebalance,rebalance,0.0
2023-04-13,2023-04-14,AMD,buy,137.14173027391652,91.81999969482422,12592.35363189868,31.4808840797467,rebalance,rebalance,0.0
2023-04-13,2023-04-14,ANET,buy,306.9060201447677,41.029998779296875,12592.35363189868,31.4808840797467,rebalance,rebalance,0.0
2023-04-13,2023-04-14,AVGO,buy,211.52042411349052,59.53256610880422,12592.35363189868,31.4808840797467,rebalance,rebalance,0.0
2023-04-13,2023-04-14,LRCX,buy,260.9402599667747,48.25761127662728,12592.35363189868,31.4808840797467,rebalance,rebalance,0.0
2023-04-13,2023-04-14,LSCC,buy,136.44331462759882,92.29000091552734,12592.35363189868,31.4808840797467,rebalance,rebalance,0.0
2023-04-13,2023-04-14,MCHP,buy,170.7826114965791,73.7332303420768,12592.353631898679,31.480884079746698,rebalance,rebalance,0.0
2023-04-13,2023-04-14,META,buy,58.302433067757256,215.98332984258553,12592.35363189868,31.4808840797467,rebalance,rebalance,0.0
2023-04-13,2023-04-14,MPWR,buy,27.088462584141983,464.8604029403442,12592.35363189868,31.4808840797467,rebalance,rebalance,0.0
2023-04-13,2023-04-14,NVDA,buy,476.0862610153229,26.44973120006375,12592.35363189868,31.4808840797467,rebalance,rebalance,0.0
2023-04-13,2023-04-14,SHOP,buy,276.69422316679294,45.5099983215332,12592.35363189868,31.4808840797467,rebalance,rebalance,0.0
2023-04-13,2023-04-14,SMCI,buy,1163.3733568675598,10.824000358581543,12592.35363189868,31.4808840797467,rebalance,rebalance,0.0
2023-04-13,2023-04-14,SWKS,buy,129.16468609493867,97.49068427761318,12592.35363189868,31.4808840797467,rebalance,rebalance,0.0
2023-04-13,2023-04-14,TER,buy,125.360482804728,100.4491475317113,12592.35363189868,31.4808840797467,rebalance,rebalance,0.0
2023-05-11,2023-05-12,AMAT,sell,114.25805591524795,113.46667233562214,12964.481392240632,32.41120348060158,rebalance,rebalance,308.23567278160334
2023-05-11,2023-05-12,ANET,sell,306.9060201447677,34.78499984741211,10675.725863905602,26.689314659764005,rebalance,rebalance,-1974.7979667325892
2023-05-11,2023-05-12,AVGO,sell,211.52042411349052,60.290541761609234,12752.680963447698,31.881702408619244,rebalance,rebalance,96.96474506065161
2023-05-11,2023-05-12,LRCX,sell,260.9402599667747,51.452523555086586,13426.034872410894,33.56508718102724,rebalance,rebalance,768.6352692514391
2023-05-11,2023-05-12,MCHP,sell,170.7826114965791,67.91386810422803,11598.507751674291,28.99626937918573,rebalance,rebalance,-1054.3230336833215
2023-05-11,2023-05-12,SHOP,sell,40.31474672699008,62.400001525878906,2515.640257279603,6.289100643199007,rebalance,rebalance,670.0402906183531
2023-05-11,2023-05-12,SMCI,sell,100.76402377679483,13.880999565124512,1398.705370225885,3.4967634255647124,rebalance,rebalance,301.8121027344436
2023-05-11,2023-05-12,SWKS,sell,129.16468609493867,87.37609922860393,11285.906429062841,28.214766072657103,rebalance,rebalance,-1366.1428529882435
2023-05-11,2023-05-12,TER,sell,125.360482804728,90.26209175987394,11315.299401982458,28.288248504956147,rebalance,rebalance,-1336.8233625009248
2023-05-11,2023-05-12,ACLS,buy,18.66480202730517,125.45999908447266,2341.68604525757,5.854215113143925,rebalance,rebalance,0.0
2023-05-11,2023-05-12,AMD,buy,15.18791355140877,96.83000183105469,1470.6456969928115,3.676614242482029,rebalance,rebalance,0.0
2023-05-11,2023-05-12,CDNS,buy,73.00574233162251,202.0399932861328,14750.079690530154,36.875199226325385,rebalance,rebalance,0.0
2023-05-11,2023-05-12,DOCU,buy,298.1018558405488,49.47999954223633,14750.079690530154,36.875199226325385,rebalance,rebalance,0.0
2023-05-11,2023-05-12,FTNT,buy,217.93852872370854,67.68000030517578,14750.079690530156,36.87519922632539,rebalance,rebalance,0.0
2023-05-11,2023-05-12,LSCC,buy,44.78386071510232,81.38999938964844,3644.9583962682786,9.112395990670697,rebalance,rebalance,0.0
2023-05-11,2023-05-12,MDB,buy,55.87151397928089,264.0,14750.079690530156,36.87519922632539,rebalance,rebalance,0.0
2023-05-11,2023-05-12,META,buy,4.549682240320166,234.6791292262928,1067.7154664146656,2.669288666036664,rebalance,rebalance,0.0
2023-05-11,2023-05-12,MPWR,buy,10.626789474397814,391.09057703328597,4156.037227553491,10.390093068883727,rebalance,rebalance,0.0
2023-05-11,2023-05-12,NET,buy,296.1863437048675,49.79999923706055,14750.079690530156,36.87519922632539,rebalance,rebalance,0.0
2023-05-11,2023-05-12,NVDA,buy,41.995177763634445,28.47058123775665,1195.6271201135862,2.9890678002839657,rebalance,rebalance,0.0
2023-05-11,2023-05-12,PATH,buy,1006.8314044099561,14.649999618530273,14750.079690530156,36.87519922632539,rebalance,rebalance,0.0
2023-05-11,2023-05-12,TWLO,buy,315.1053035205912,46.810001373291016,14750.079690530156,36.87519922632539,rebalance,rebalance,0.0
2023-06-09,2023-06-12,ACLS,sell,41.45752522885002,174.60000610351562,7238.484157993866,18.096210394984663,rebalance,rebalance,1941.0924772678623
2023-06-09,2023-06-12,AMD,sell,48.93027520115065,128.52000427246094,6288.519177904571,15.721297944761428,rebalance,rebalance,1744.2853983343368
2023-06-09,2023-06-12,CDNS,sell,15.455670500198885,230.91000366210938,3568.8689318012803,8.922172329503201,rebalance,rebalance,429.47653646868133
2023-06-09,2023-06-12,DOCU,sell,298.1018558405488,57.099998474121094,17021.615513628003,42.55403878407001,rebalance,rebalance,2192.1065850874543
2023-06-09,2023-06-12,FTNT,sell,23.08680010216935,68.19999694824219,1574.519696512627,3.9362992412815676,rebalance,rebalance,4.162472716090722
2023-06-09,2023-06-12,LSCC,sell,181.22717534270114,82.2699966430664,14909.55910707643,37.273897767691075,rebalance,rebalance,-1405.6200989286374
2023-06-09,2023-06-12,MDB,sell,20.545639248877563,376.17999267578125,7728.858422162006,19.322146055405014,rebalance,rebalance,2271.927392498665
2023-06-09,2023-06-12,META,sell,12.675876907523083,264.84423147196054,3357.132877806123,8.392832194515307,rebalance,rebalance,586.9199068028881
2023-06-09,2023-06-12,MPWR,sell,37.7152520585398,494.547979531149,18652.001703058864,46.63000425764716,rebalance,rebalance,1815.1098622004172
2023-06-09,2023-06-12,NET,sell,296.1863437048675,64.47000122070312,19095.133940208405,47.73783485052101,rebalance,rebalance,4260.441215601402
2023-06-09,2023-06-12,NVDA,sell,178.41882698249924,39.12378588583667,6980.419984865438,17.451049962163594,rebalance,rebalance,2202.741572918786
2023-06-09,2023-06-12,PATH,sell,1006.8314044099561,17.309999465942383,17428.25107263036,43.5706276815759,rebalance,rebalance,2597.725555192303
2023-06-09,2023-06-12,SHOP,sell,22.387727263084912,62.099998474121094,1390.2778288766121,3.4756945721915304,rebalance,rebalance,365.38954056306846
2023-06-09,2023-06-12,SMCI,sell,560.5735324836885,26.469999313354492,14838.381019927936,37.09595254981984,rebalance,rebalance,8718.467830471813
2023-06-09,2023-06-12,TWLO,sell,315.1053035205912,63.900001525878906,20135.22937577831,50.33807343944578,rebalance,rebalance,5297.936412582386
2023-06-09,2023-06-12,APP,buy,582.0800412508924,22.829999923706055,13288.887297348689,33.22221824337172,rebalance,rebalance,0.0
2023-06-09,2023-06-12,CRM,buy,62.543573747260524,212.47406409888364,13288.887297348689,33.22221824337172,rebalance,rebalance,0.0
2023-06-09,2023-06-12,DDOG,buy,139.7653243734827,95.08000183105469,13288.887297348689,33.22221824337172,rebalance,rebalance,0.0
2023-06-09,2023-06-12,MSFT,buy,41.47827754122892,320.38185009345415,13288.88729734869,33.22221824337173,rebalance,rebalance,0.0
2023-06-09,2023-06-12,PLTR,buy,860.6792524937873,15.4399995803833,13288.887297348689,33.22221824337172,rebalance,rebalance,0.0
2023-06-09,2023-06-12,SNOW,buy,78.04596795618923,170.27000427246094,13288.88729734869,33.22221824337173,rebalance,rebalance,0.0
2023-07-11,2023-07-12,CDNS,sell,57.55007183142363,236.0399932861328,13584.118568705695,33.96029642176424,rebalance,rebalance,1893.673605530546
2023-07-11,2023-07-12,CRM,sell,62.543573747260524,218.12628430049193,13642.397348363733,34.10599337090933,rebalance,rebalance,286.18183940076375
2023-07-11,2023-07-12,DDOG,sell,139.7653243734827,108.21499633789062,15124.704065240527,37.81176016310132,rebalance,rebalance,1764.7827894853658
2023-07-11,2023-07-12,FTNT,sell,194.8517286215392,78.87000274658203,15367.956371557053,38.419890928892634,rebalance,rebalance,2109.002515426934
2023-07-11,2023-07-12,MSFT,sell,41.47827754122892,328.20182929500714,13613.246565037343,34.03311641259336,rebalance,rebalance,257.10393303268927
2023-07-11,2023-07-12,SNOW,sell,78.04596795618923,175.08999633789062,13665.068243636302,34.16267060909075,rebalance,rebalance,308.7960574351497
2023-07-11,2023-07-12,ACLS,buy,17.753083761979326,177.39999389648438,3149.396951018908,7.8734923775472705,rebalance,rebalance,0.0
2023-07-11,2023-07-12,AMD,buy,44.101674033280844,112.88999938964844,4978.637954699549,12.446594886748871,rebalance,rebalance,0.0
2023-07-11,2023-07-12,APP,buy,2.179348769200942,28.5,62.11143992222685,0.15527859980556713,rebalance,rebalance,0.0
2023-07-11,2023-07-12,CRWD,buy,434.7905829413812,38.29750061035156,16651.39261557266,41.628481538931645,rebalance,rebalance,0.0
2023-07-11,2023-07-12,ENTG,buy,155.09184713466917,107.36471918548975,16651.39261557266,41.628481538931645,rebalance,rebalance,0.0
2023-07-11,2023-07-12,MDB,buy,6.135725386427218,401.6099853515625,2464.1685825642453,6.160421456410614,rebalance,rebalance,0.0
2023-07-11,2023-07-12,META,buy,5.491100457218572,299.12320145419704,1642.5155482698244,4.106288870674561,rebalance,rebalance,0.0
2023-07-11,2023-07-12,MRVL,buy,266.262980802207,62.53739278890639,16651.39261557266,41.628481538931645,rebalance,rebalance,0.0
2023-07-11,2023-07-12,NET,buy,239.6918428527433,69.47000122070312,16651.39261557266,41.628481538931645,rebalance,rebalance,0.0
2023-07-11,2023-07-12,NVDA,buy,48.03593805197153,42.949329116868,2063.1113128316083,5.157778282079021,rebalance,rebalance,0.0
2023-07-11,2023-07-12,PANW,buy,132.60645580983464,125.56999969482422,16651.39261557266,41.628481538931645,rebalance,rebalance,0.0
2023-07-11,2023-07-12,PATH,buy,912.9053083618477,18.239999771118164,16651.39261557266,41.628481538931645,rebalance,rebalance,0.0
2023-07-11,2023-07-12,PLTR,buy,131.6563812481587,16.780000686645508,2209.194167745366,5.522985419363415,rebalance,rebalance,0.0
2023-07-11,2023-07-12,SHOP,buy,44.69074119270849,64.37000274658203,2876.743133321432,7.1918578333035805,rebalance,rebalance,0.0
2023-07-11,2023-07-12,SMCI,buy,107.7936236546883,27.30500030517578,2943.3049267872675,7.358262316968169,rebalance,rebalance,0.0
2023-08-08,2023-08-09,ACLS,sell,13.201036069698986,177.3300018310547,2340.9397504115404,5.852349376028851,rebalance,rebalance,527.9456997240069
2023-08-08,2023-08-09,AMD,sell,20.794662650431547,112.88999938964844,2347.5094539151623,5.868773634787906,rebalance,rebalance,288.8725108870911
2023-08-08,2023-08-09,APP,sell,107.93961530831632,30.030000686645508,3241.426721824991,8.103566804562478,rebalance,rebalance,760.6124951158243
2023-08-08,2023-08-09,CRWD,sell,40.49982140892996,36.27750015258789,1469.232277342239,3.6730806933555975,rebalance,rebalance,-89.3603433165602
2023-08-08,2023-08-09,ENTG,sell,155.09184713466917,100.75862721762545,15626.841609935082,39.067104024837704,rebalance,rebalance,-1105.246591201345
2023-08-08,2023-08-09,MDB,sell,2.822298495167985,370.19000244140625,1044.7866868166134,2.6119667170415335,rebalance,rebalance,237.60733966618008
2023-08-08,2023-08-09,META,sell,9.549034951955505,310.156314310015,2961.6934859160306,7.4042337147900765,rebalance,rebalance,796.5157109693005
2023-08-08,2023-08-09,MRVL,sell,32.727913512188906,61.24940176069602,2004.5651234973702,5.011412808743426,rebalance,rebalance,-52.281467740670436
2023-08-08,2023-08-09,NET,sell,239.6918428527433,66.86000061035156,16025.796759430707,40.06449189857677,rebalance,rebalance,-707.2888295794587
2023-08-08,2023-08-09,NVDA,sell,63.99282200837587,44.18792110075107,2827.709769920519,7.069274424801298,rebalance,rebalance,983.4615289755161
2023-08-08,2023-08-09,PATH,sell,912.9053083618477,15.850000381469727,14469.549485781024,36.17387371445256,rebalance,rebalance,-2259.6454850450164
2023-08-08,2023-08-09,PLTR,sell,138.8819961335057,16.760000228881836,2327.662286985122,5.819155717462805,rebalance,rebalance,147.3918388147726
2023-08-08,2023-08-09,SHOP,sell,258.68249036942643,56.099998474121094,14512.087315006667,36.28021828751667,rebalance,rebalance,1828.7610493453917
2023-08-08,2023-08-09,SMCI,sell,128.44412360311617,29.714000701904297,3816.588778898476,9.54147194724619,rebalance,rebalance,2038.1752574496518
2023-08-08,2023-08-09,ADBE,buy,27.47840456649167,520.5499877929688,14303.883161657495,35.75970790414374,rebalance,rebalance,0.0
2023-08-08,2023-08-09,AVGO,buy,167.99510236623252,85.14464386274047,14303.883161657495,35.75970790414374,rebalance,rebalance,0.0
2023-08-08,2023-08-09,DELL,buy,261.1600792632879,54.77055759060737,14303.883161657495,35.75970790414374,rebalance,rebalance,0.0
2023-08-08,2023-08-09,FTNT,buy,243.09794569278878,58.84000015258789,14303.883161657495,35.75970790414374,rebalance,rebalance,0.0
2023-08-08,2023-08-09,PANW,buy,2.7380442808916143,105.68499755859375,289.37020314135185,0.7234255078533797,rebalance,rebalance,0.0
2023-09-06,2023-09-07,ACLS,sell,10.875657630023952,186.0,2022.872319184455,5.057180797961137,rebalance,rebalance,529.0036293023376
2023-09-06,2023-09-07,ADBE,sell,4.048161494054106,554.0,2242.681467705975,5.606703669264938,rebalance,rebalance,124.53617168209445
2023-09-06,2023-09-07,AMD,sell,4.411724488151279,106.13999938964844,468.2604344796738,1.1706510861991846,rebalance,rebalance,31.58151121566754
2023-09-06,2023-09-07,APP,sell,165.18951866353308,41.720001220703125,6891.706920289962,17.229267300724906,rebalance,rebalance,3090.2703206108886
2023-09-06,2023-09-07,AVGO,sell,11.425906937639297,82.90490748577923,947.263757606109,2.3681593940152728,rebalance,rebalance,-30.391315744554888
2023-09-06,2023-09-07,CRWD,sell,394.29076153245126,41.099998474121094,16205.34969734379,40.51337424335948,rebalance,rebalance,1026.7347659542836
2023-09-06,2023-09-07,DELL,sell,65.10263713509391,66.20689590371725,4310.24351986064,10.7756087996516,rebalance,rebalance,724.8459052116433
2023-09-06,2023-09-07,FTNT,sell,243.09794569278878,61.880001068115234,15042.901139126388,37.60725284781597,rebalance,rebalance,665.6510167169362
2023-09-06,2023-09-07,MDB,sell,3.9194728870516045,373.8599853515625,1465.3340761389593,3.6633351903473983,rebalance,rebalance,344.326123143713
2023-09-06,2023-09-07,META,sell,2.177554748208806,295.4058570001141,643.26242655929,1.608156066398225,rebalance,rebalance,149.59721510356988
2023-09-06,2023-09-07,NVDA,sell,38.047980315877396,45.44023319735737,1728.9090982419318,4.322272745604829,rebalance,rebalance,632.2619840358981
2023-09-06,2023-09-07,PANW,sell,135.34450009072626,122.09500122070312,16524.886903792678,41.3122172594817,rebalance,rebalance,-499.54003922760023
2023-09-06,2023-09-07,AMZN,buy,96.94066657064438,133.89999389648438,12980.35466213041,32.45088665532602,rebalance,rebalance,0.0
2023-09-06,2023-09-07,DDOG,buy,135.67842490399318,95.66999816894531,12980.35466213041,32.45088665532602,rebalance,rebalance,0.0
2023-09-06,2023-09-07,LRCX,buy,195.80017780507538,66.29388597926975,12980.35466213041,32.45088665532602,rebalance,rebalance,0.0
2023-09-06,2023-09-07,MRVL,buy,3.635076725849501,54.73013779197257,198.94825009013567,0.4973706252253392,rebalance,rebalance,0.0
2023-09-06,2023-09-07,PLTR,buy,18.882018460075642,14.880000114440918,280.9644368468011,0.7024110921170028,rebalance,rebalance,0.0
2023-09-06,2023-09-07,SMCI,buy,8.217712616966594,26.511999130249023,217.86798975365477,0.5446699743841369,rebalance,rebalance,0.0
2023-10-04,2023-10-05,AMD,sell,122.29465551887266,103.41000366210938,12646.490775063026,31.616226937657565,rebalance,rebalance,542.4220945219141
2023-10-04,2023-10-05,AMZN,sell,96.94066657064438,126.70999908447266,12283.351772414519,30.708379431036295,rebalance,rebalance,-760.1621558022516
2023-10-04,2023-10-05,AVGO,sell,156.56919542859322,79.53630956742306,12452.935996330949,31.132339990827372,rebalance,rebalance,-942.5522992648667
2023-10-04,2023-10-05,ACLS,buy,20.457614140703015,160.36000061035156,3280.583016089472,8.20145754022368,rebalance,rebalance,0.0
2023-10-04,2023-10-05,ADBE,buy,4.408326606131197,519.8400268554688,2291.6246213189193,5.729061553297298,rebalance,rebalance,0.0
2023-10-04,2023-10-05,APP,buy,48.05570772640118,40.290000915527344,1936.1645082930181,4.840411270732545,rebalance,rebalance,0.0
2023-10-04,2023-10-05,BILL,buy,138.96296230210567,104.13999938964844,14471.602809325022,36.17900702331256,rebalance,rebalance,0.0
2023-10-04,2023-10-05,DDOG,buy,27.381888440514132,88.75,2430.142599095629,6.075356497739072,rebalance,rebalance,0.0
2023-10-04,2023-10-05,DELL,buy,33.009602115610676,63.176275998577744,2085.423733859056,5.21355933464764,rebalance,rebalance,0.0
2023-10-04,2023-10-05,LRCX,buy,38.34740857512159,61.80547505549243,2370.079804132454,5.925199510331135,rebalance,rebalance,0.0
2023-10-04,2023-10-05,MDB,buy,8.464807480102024,335.1099853515625,2836.641510660786,7.091603776651965,rebalance,rebalance,0.0
2023-10-04,2023-10-05,META,buy,3.9819296857309823,301.97816897158543,1202.4558354706426,3.0061395886766067,rebalance,rebalance,0.0
2023-10-04,2023-10-05,MRVL,buy,37.956771719222814,52.59973481932679,1996.5161270288427,4.991290317572107,rebalance,rebalance,0.0
2023-10-04,2023-10-05,NVDA,buy,43.48188916899875,43.967973455641534,1911.810548783684,4.77952637195921,rebalance,rebalance,0.0
2023-10-04,2023-10-05,PLTR,buy,57.71591327980366,15.5600004196167,898.059634852306,2.245149087130765,rebalance,rebalance,0.0
2023-10-04,2023-10-05,SHOP,buy,278.24655405407856,52.0099983215332,14471.602809325024,36.179007023312565,rebalance,rebalance,0.0
2023-10-04,2023-10-05,SMCI,buy,27.886803651341495,27.96500015258789,779.8544683649535,1.9496361709123837,rebalance,rebalance,0.0
2023-10-04,2023-10-05,ZS,buy,93.40736780133619,154.92999267578125,14471.602809325022,36.17900702331256,rebalance,rebalance,0.0
2023-11-01,2023-11-02,ACLS,sell,90.24446716290952,134.0,12092.758599829875,30.231896499574688,rebalance,rebalance,-779.6543093183111
2023-11-01,2023-11-02,ADBE,sell,2.0707948765005746,550.4400024414062,1139.8483368766279,2.8496208421915696,rebalance,rebalance,56.58497800986118
2023-11-01,2023-11-02,BILL,sell,138.96296230210567,90.72000122070312,12606.720109679549,31.51680027419887,rebalance,rebalance,-1932.5785069429846
2023-11-01,2023-11-02,DDOG,sell,163.0603133445073,81.80000305175781,13338.334129201283,33.34583532300321,rebalance,rebalance,-2144.0352105008246
2023-11-01,2023-11-02,DELL,sell,15.761689199236741,66.49441136626176,1048.0642454412127,2.6201606136030318,rebalance,rebalance,160.86948794617635
2023-11-01,2023-11-02,LRCX,sell,234.14758638019697,60.78218508565228,14232.001932719888,35.58000483179972,rebalance,rebalance,-1192.388624540435
2023-11-01,2023-11-02,MDB,sell,2.3649568895012862,347.4700012207031,821.7515732819222,2.0543789332048057,rebalance,rebalance,121.92382659848847
2023-11-01,2023-11-02,META,sell,47.92267884333958,314.53783684335446,15073.49573912282,37.68373934780705,rebalance,rebalance,3901.1596519460436
2023-11-01,2023-11-02,MRVL,sell,275.1269157350904,48.70161672939748,13399.125602071608,33.49781400517902,rebalance,rebalance,-3476.5111686776418
2023-11-01,2023-11-02,NVDA,sell,1.174493759551126,43.24732164549146,50.79370938993006,0.12698427347482516,rebalance,rebalance,14.563406887950329
2023-11-01,2023-11-02,PLTR,sell,118.63198145367278,17.479999542236328,2073.686981504789,5.184217453761972,rebalance,rebalance,213.3102549523632
2023-11-01,2023-11-02,SHOP,sell,278.24655405407856,57.63999938964844,16038.13120584887,40.095328014622176,rebalance,rebalance,1490.2540614859117
2023-11-01,2023-11-02,ZS,sell,4.75978014533608,160.0,761.5648232537728,1.9039120581344322,rebalance,rebalance,20.384626382752465
2023-11-01,2023-11-02,AKAM,buy,136.23680666417894,104.11000061035156,14183.614024960018,35.45903506240005,rebalance,rebalance,0.0
2023-11-01,2023-11-02,ANET,buy,267.28756038864833,53.064998626708984,14183.614024960018,35.45903506240005,rebalance,rebalance,0.0
2023-11-01,2023-11-02,APP,buy,17.7370663173769,37.630001068115234,667.4458244681235,1.668614561170309,rebalance,rebalance,0.0
2023-11-01,2023-11-02,AVGO,buy,169.6626989173883,83.59889424997456,14183.614024960018,35.45903506240005,rebalance,rebalance,0.0
2023-11-01,2023-11-02,CRWD,buy,313.6406450952022,45.22249984741211,14183.614024960018,35.45903506240005,rebalance,rebalance,0.0
2023-11-01,2023-11-02,ESTC,buy,185.30982303767712,76.54000091552734,14183.614024960018,35.45903506240005,rebalance,rebalance,0.0
2023-11-01,2023-11-02,NET,buy,246.80030839899268,57.470001220703125,14183.614024960018,35.45903506240005,rebalance,rebalance,0.0
2023-11-01,2023-11-02,SMCI,buy,26.443835042795286,26.076000213623047,689.5494482249425,1.7238736205623562,rebalance,rebalance,0.0
2023-11-01,2023-11-02,WDC,buy,450.11539153133214,31.51106203390672,14183.614024960018,35.45903506240005,rebalance,rebalance,0.0
2023-11-30,2023-12-01,AVGO,sell,169.6626989173883,89.46246452707176,15178.443183464107,37.94610795866027,rebalance,rebalance,921.4240154830286
2023-11-30,2023-12-01,ESTC,sell,185.30982303767712,98.23999786376953,18204.83661935691,45.51209154839227,rebalance,rebalance,3940.251467786102
2023-11-30,2023-12-01,NET,sell,246.80030839899268,77.44000244140625,19112.216484957808,47.78054121239452,rebalance,rebalance,4845.362883722998
2023-11-30,2023-12-01,NVDA,sell,327.965142933624,46.43836652084653,15230.165513613452,38.07541378403363,rebalance,rebalance,5110.614717861416
2023-11-30,2023-12-01,PLTR,sell,811.4195878946468,19.93000030517578,16171.592634365918,40.4289815859148,rebalance,rebalance,3442.009153696409
2023-11-30,2023-12-01,SMCI,sell,543.933651969752,26.22599983215332,14265.203865261257,35.66300966315315,rebalance,rebalance,5908.63885487979
2023-11-30,2023-12-01,WDC,sell,450.11539153133214,36.00296647048555,16205.489349152029,40.51372337288007,rebalance,rebalance,1945.9025657567315
2023-11-30,2023-12-01,ADBE,buy,21.698871345337526,609.239990234375,13219.820166530393,33.049550416325985,rebalance,rebalance,0.0
2023-11-30,2023-12-01,AKAM,buy,113.85901381677473,115.62999725341797,13165.517454910541,32.913793637276356,rebalance,rebalance,0.0
2023-11-30,2023-12-01,ANET,buy,260.88155993707005,54.752498626708984,14283.917252188126,35.70979313047032,rebalance,rebalance,0.0
2023-11-30,2023-12-01,APP,buy,391.1666873924957,37.650001525878906,14727.42637720046,36.81856594300115,rebalance,rebalance,0.0
2023-11-30,2023-12-01,BAH,buy,244.30297111396,118.37178607956568,28918.57903530399,72.29644758825997,rebalance,rebalance,0.0
2023-11-30,2023-12-01,CDW,buy,143.13205816153413,202.0412436371692,28918.579035303992,72.29644758825998,rebalance,rebalance,0.0
2023-11-30,2023-12-01,CRWD,buy,177.08697895953736,58.93000030517578,10435.735724128193,26.089339310320483,rebalance,rebalance,0.0
2023-11-30,2023-12-01,DELL,buy,206.58797709012424,68.8712509157625,14227.972406353741,35.56993101588436,rebalance,rebalance,0.0
2023-11-30,2023-12-01,IBM,buy,197.9946886512382,146.05734745866448,28918.57903530399,72.29644758825997,rebalance,rebalance,0.0
2023-11-30,2023-12-01,INTC,buy,660.6375692118054,43.77374279486742,28918.579035303992,72.29644758825998,rebalance,rebalance,0.0
2023-11-30,2023-12-01,INTU,buy,51.730192079656845,559.0270956422055,28918.57903530399,72.29644758825997,rebalance,rebalance,0.0
2023-11-30,2023-12-01,LDOS,buy,278.2434840289622,103.93263704351068,28918.57903530399,72.29644758825997,rebalance,rebalance,0.0
2023-11-30,2023-12-01,MDB,buy,28.029162708328727,420.0299987792969,11773.08917816403,29.432722945410074,rebalance,rebalance,0.0
2023-11-30,2023-12-01,STX,buy,388.71132210559165,74.39602962593507,28918.579035303985,72.29644758825997,rebalance,rebalance,0.0
2023-11-30,2023-12-01,ZS,buy,57.487028163381765,197.88999938964844,11376.10796816432,28.440269920410802,rebalance,rebalance,0.0
2023-12-29,2024-01-02,ADBE,sell,2.6444190696961627,589.510009765625,1558.9115116009898,3.8972787790024745,rebalance,rebalance,67.69979094855273
2023-12-29,2024-01-02,AKAM,sell,24.526829017969163,117.13999938964844,2873.0727361949193,7.182681840487298,rebalance,rebalance,177.06287210670976
2023-12-29,2024-01-02,ANET,sell,76.49131652575909,58.5,4474.742016756907,11.186855041892269,rebalance,rebalance,330.4798663529245
2023-12-29,2024-01-02,APP,sell,97.62152097086766,39.40999984741211,3847.2641265660327,9.618160316415082,rebalance,rebalance,723.5498797991695
2023-12-29,2024-01-02,BAH,sell,244.30297111396,120.0231843465865,29322.02053842962,73.30505134607405,rebalance,rebalance,257.840004191299
2023-12-29,2024-01-02,CDW,sell,143.13205816153413,216.8747858279953,31041.734458902883,77.60433614725721,rebalance,rebalance,1973.254639863377
2023-12-29,2024-01-02,CRWD,sell,70.428560245418,62.86750030517578,4427.667532721907,11.069168831804769,rebalance,rebalance,874.4294799853811
2023-12-29,2024-01-02,DELL,sell,54.48833016843565,72.31195900470371,3940.157897374679,9.850394743436699,rebalance,rebalance,525.9167958884588
2023-12-29,2024-01-02,IBM,sell,197.9946886512382,150.13266152857398,29725.46957573173,74.31367393932933,rebalance,rebalance,660.2804189001555
2023-12-29,2024-01-02,INTC,sell,116.38889936702287,48.54977694264902,5650.655102869384,14.12663775717346,rebalance,rebalance,529.0137756797701
2023-12-29,2024-01-02,INTU,sell,8.326472739172587,608.7762045233706,5068.958471220801,12.672396178052002,rebalance,rebalance,389.9253930382886
2023-12-29,2024-01-02,LDOS,sell,278.2434840289622,105.08088151610852,29238.07057787661,73.09517644469153,rebalance,rebalance,174.0999185396693
2023-12-29,2024-01-02,MDB,sell,68.84884203354042,404.45001220703125,27845.91500090539,69.61478750226347,rebalance,rebalance,3930.0555536755655
2023-12-29,2024-01-02,STX,sell,60.582139618707686,80.52667343403328,4878.478173010683,12.196195432526709,rebalance,rebalance,347.9436470675555
2023-12-29,2024-01-02,ZS,sell,24.983076237321796,218.10000610351562,5448.80907984448,13.6220226996112,rebalance,rebalance,1131.618611528095
2023-12-29,2024-01-02,ESTC,buy,236.27963059694798,111.83000183105469,26423.15152229762,66.05787880574405,rebalance,rebalance,0.0
2023-12-29,2024-01-02,IT,buy,59.13600798794271,446.82000732421875,26423.15152229762,66.05787880574405,rebalance,rebalance,0.0
2023-12-29,2024-01-02,PLTR,buy,1558.8879252484082,16.950000762939453,26423.15152229762,66.05787880574405,rebalance,rebalance,0.0
2023-12-29,2024-01-02,SNPS,buy,52.019196549458925,507.95001220703125,26423.15152229762,66.05787880574405,rebalance,rebalance,0.0
2023-12-29,2024-01-02,WDC,buy,678.4752422035325,38.94490156557705,26423.15152229762,66.05787880574405,rebalance,rebalance,0.0
2024-01-30,2024-01-31,ADBE,sell,44.82222707770955,620.0,27789.78078817992,69.4744519704498,rebalance,rebalance,2510.7068390815266
2024-01-30,2024-01-31,AKAM,sell,65.68876127555399,124.5,8178.250778806471,20.44562694701618,rebalance,rebalance,956.4777093070854
2024-01-30,2024-01-31,ANET,sell,150.68980621648143,66.13249969482422,9965.49356362458,24.91373390906145,rebalance,rebalance,1798.3181505548137
2024-01-30,2024-01-31,APP,sell,194.2698945604066,41.79999923706055,8120.48144440883,20.301203611022075,rebalance,rebalance,1903.0311659924591
2024-01-30,2024-01-31,CRWD,sell,153.11666571086386,74.5,11407.191595459357,28.517978988648395,rebalance,rebalance,3677.748210664922
2024-01-30,2024-01-31,DELL,sell,117.1278773770857,80.17286607162241,9390.477626206504,23.47619406551626,rebalance,rebalance,2048.9379860703134
2024-01-30,2024-01-31,ESTC,sell,70.44534866101924,120.02999877929688,8455.555113789282,21.138887784473205,rebalance,rebalance,536.8179975793637
2024-01-30,2024-01-31,INTC,sell,70.40151812179835,42.00740383466907,2957.385002316156,7.3934625057903895,rebalance,rebalance,-139.45075168801202
2024-01-30,2024-01-31,INTU,sell,43.40371934048426,628.8780169046847,27295.64494513125,68.23911236282812,rebalance,rebalance,2902.8910318806343
2024-01-30,2024-01-31,IT,sell,16.102629577727825,462.54998779296875,7448.271114612703,18.620677786531758,rebalance,rebalance,216.68592830199458
2024-01-30,2024-01-31,PLTR,sell,1558.8879252484082,16.40999984741211,25581.35061545896,63.9533765386474,rebalance,rebalance,-971.8121621830535
2024-01-30,2024-01-31,SNPS,sell,52.019196549458925,538.0,27986.3277436089,69.96581935902225,rebalance,rebalance,1427.1525231465184
2024-01-30,2024-01-31,STX,sell,88.44199744698389,83.04611135143314,7344.7639681253895,18.361909920313476,rebalance,rebalance,730.2192623067825
2024-01-30,2024-01-31,WDC,sell,678.4752422035325,43.40671029501926,29450.37828067176,73.6259457016794,rebalance,rebalance,2887.5429338667163
2024-01-30,2024-01-31,ZS,sell,37.51671328653444,238.0,8928.977762195196,22.322444405487992,rebalance,rebalance,2444.0507149992336
2024-01-30,2024-01-31,AMD,buy,120.09827439734269,165.74000549316406,19905.088658335102,49.76272164583776,rebalance,rebalance,0.0
2024-01-30,2024-01-31,AVGO,buy,171.76402176146445,115.88625169698281,19905.088658335102,49.76272164583776,rebalance,rebalance,0.0
2024-01-30,2024-01-31,EPAM,buy,70.5829153896983,282.010009765625,19905.088658335102,49.76272164583776,rebalance,rebalance,0.0
2024-01-30,2024-01-31,PATH,buy,847.0250492908555,23.5,19905.088658335102,49.76272164583776,rebalance,rebalance,0.0
2024-01-30,2024-01-31,TEAM,buy,78.68246104238614,252.97999572753906,19905.088658335102,49.76272164583776,rebalance,rebalance,0.0
2024-02-28,2024-02-29,AKAM,sell,159.88023018743053,108.91999816894531,17414.15437926549,43.53538594816372,rebalance,rebalance,-156.73069045281358
2024-02-28,2024-02-29,AMD,sell,54.50615555169995,179.82000732421875,9801.29729052169,24.503243226304225,rebalance,rebalance,720.3589004440082
2024-02-28,2024-02-29,ANET,sell,129.42762971097596,68.75,8898.149542629597,22.24537385657399,rebalance,rebalance,1882.5072291927818
2024-02-28,2024-02-29,APP,sell,476.1983019532434,58.5,27857.60066426474,69.64400166066186,rebalance,rebalance,12597.37928029223
2024-02-28,2024-02-29,AVGO,sell,78.87673975462168,126.97944257175719,10015.72444591942,25.03931111479855,rebalance,rebalance,827.1035942725208
2024-02-28,2024-02-29,CRWD,sell,121.97572353265397,81.22750091552734,9907.783194920761,24.769457987301905,rebalance,rebalance,3748.3062974577106
2024-02-28,2024-02-29,DELL,sell,113.6410058943543,87.6048374357111,9955.501847405596,24.88875461851399,rebalance,rebalance,2830.4068068591805
2024-02-28,2024-02-29,EPAM,sell,70.5829153896983,307.1400146484375,21678.83766672136,54.1970941668034,rebalance,rebalance,1669.7891925736192
2024-02-28,2024-02-29,ESTC,sell,74.40191533721165,129.0,9597.847078500303,23.994617696250756,rebalance,rebalance,1232.6852165887115
2024-02-28,2024-02-29,INTC,sell,473.84715172298417,41.93259519224425,19869.640796197837,49.67410199049459,rebalance,rebalance,-973.9518077540874
2024-02-28,2024-02-29,IT,sell,43.03337841021489,468.010009765625,20140.051850012504,50.35012962503126,rebalance,rebalance,813.456827808287
2024-02-28,2024-02-29,PATH,sell,352.27776675133947,23.84000015258789,8398.302013105254,20.995755032763135,rebalance,rebalance,78.08242061937247
2024-02-28,2024-02-29,STX,sell,239.68718503990007,87.91384684263141,21071.82247573923,52.67955618934808,rebalance,rebalance,3142.788563066533
2024-02-28,2024-02-29,TEAM,sell,78.68246104238614,205.66000366210938,16181.835226120911,40.45458806530228,rebalance,rebalance,-3813.4707419253323
2024-02-28,2024-02-29,ZS,sell,34.592101591847864,240.5,8319.400432839411,20.79850108209853,rebalance,rebalance,2339.7890352152676
2024-02-28,2024-02-29,DDOG,buy,90.402201125778,130.47000122070312,11794.775291234506,29.486938228086267,rebalance,rebalance,0.0
2024-02-28,2024-02-29,NOW,buy,76.88400371342725,153.41000366210938,11794.775291234504,29.48693822808626,rebalance,rebalance,0.0
2024-02-28,2024-02-29,PANW,buy,74.70248487446503,157.88999938964844,11794.775291234506,29.486938228086267,rebalance,rebalance,0.0
2024-02-28,2024-02-29,SHOP,buy,154.64502176960238,76.2699966430664,11794.775291234504,29.48693822808626,rebalance,rebalance,0.0
2024-02-28,2024-02-29,SMCI,buy,140.58134775595224,83.9000015258789,11794.775291234506,29.486938228086267,rebalance,rebalance,0.0
2024-02-28,2024-02-29,SNOW,buy,65.10335822952098,181.1699981689453,11794.775291234506,29.486938228086267,rebalance,rebalance,0.0
2024-02-28,2024-02-29,WDC,buy,269.76303950313127,43.72272537023219,11794.775291234506,29.486938228086267,rebalance,rebalance,0.0
2024-03-27,2024-03-28,ANET,sell,171.5603678725019,71.94750213623047,12343.339933999316,30.85834983499829,rebalance,rebalance,3042.5153929263392
2024-03-27,2024-03-28,DDOG,sell,90.402201125778,123.16000366210938,11133.935421713568,27.83483855428392,rebalance,rebalance,-718.1616463033087
2024-03-27,2024-03-28,DELL,sell,134.63611869481653,108.06201040929953,14549.04965986695,36.37262414966738,rebalance,rebalance,6100.711577064452
2024-03-27,2024-03-28,NOW,sell,76.88400371342725,151.92999267578125,11680.98612106574,29.20246530266435,rebalance,rebalance,-172.47857369951566
2024-03-27,2024-03-28,PANW,sell,74.70248487446503,140.67999267578125,10509.145025002399,26.272862562506,rebalance,rebalance,-1341.3900670226972
2024-03-27,2024-03-28,PATH,sell,494.747282539516,22.8799991607666,11319.817409295683,28.29954352323921,rebalance,rebalance,-364.1096767553789
2024-03-27,2024-03-28,SHOP,sell,154.64502176960238,78.80000305175781,12186.028187383821,30.465070468459555,rebalance,rebalance,331.30088745277044
2024-03-27,2024-03-28,WDC,sell,269.76303950313127,51.45753304633794,13881.340519912945,34.70335129978236,rebalance,rebalance,2022.3749391505717
2024-03-27,2024-03-28,AMD,buy,45.451763178382805,179.47000122070312,8157.227993107472,20.39306998276868,rebalance,rebalance,0.0
2024-03-27,2024-03-28,APP,buy,289.456007030912,68.8499984741211,19929.04564240348,49.8226141060087,rebalance,rebalance,0.0
2024-03-27,2024-03-28,AVGO,buy,61.66403019804089,128.94776083158834,7951.438617888818,19.878596544722047,rebalance,rebalance,0.0
2024-03-27,2024-03-28,COHR,buy,326.01088326821997,61.130001068115234,19929.04564240348,49.8226141060087,rebalance,rebalance,0.0
2024-03-27,2024-03-28,CRWD,buy,102.03660826310508,80.6050033569336,8224.661151577702,20.561652878944255,rebalance,rebalance,0.0
2024-03-27,2024-03-28,ESTC,buy,107.8780251222191,99.98999786376953,10786.723501518363,26.96680875379591,rebalance,rebalance,0.0
2024-03-27,2024-03-28,LRCX,buy,210.26847707118193,94.77904591308246,19929.04564240348,49.8226141060087,rebalance,rebalance,0.0
2024-03-27,2024-03-28,META,buy,40.74901766683611,489.06812442310434,19929.04564240348,49.8226141060087,rebalance,rebalance,0.0
2024-03-27,2024-03-28,MPWR,buy,30.024750744444475,663.7539079684443,19929.04564240348,49.8226141060087,rebalance,rebalance,0.0
2024-03-27,2024-03-28,NET,buy,207.378209769381,96.0999984741211,19929.04564240348,49.8226141060087,rebalance,rebalance,0.0
2024-03-27,2024-03-28,NVDA,buy,221.81701010575716,89.8445328106342,19929.04564240348,49.8226141060087,rebalance,rebalance,0.0
2024-03-27,2024-03-28,PLTR,buy,824.5364327470559,24.170000076293945,19929.04564240348,49.8226141060087,rebalance,rebalance,0.0
2024-03-27,2024-03-28,SMCI,buy,57.00590749262136,100.86199951171875,5749.72981368586,14.37432453421465,rebalance,rebalance,0.0
2024-03-27,2024-03-28,SNOW,buy,56.400392064854415,164.02000427246094,9250.792547445893,23.126981368614732,rebalance,rebalance,0.0
2024-03-27,2024-03-28,ZS,buy,55.13964939779173,191.2899932861328,10547.663163103298,26.369157907758247,rebalance,rebalance,0.0
2024-04-25,2024-04-26,AMD,sell,19.376878989271262,154.24000549316406,2988.689921745575,7.471724804363937,rebalance,rebalance,-347.5024812831157
2024-04-25,2024-04-26,APP,sell,87.73365305243135,70.08999633789062,6149.25142115468,15.373128552886701,rebalance,rebalance,78.31525911585292
2024-04-25,2024-04-26,AVGO,sell,154.55131220488366,128.1748249445961,19809.587386818584,49.523968467046465,rebalance,rebalance,997.4763644691604
2024-04-25,2024-04-26,COHR,sell,59.895340874462704,53.130001068115234,3182.2395246353294,7.955598811588324,rebalance,rebalance,-496.2718314363673
2024-04-25,2024-04-26,CRWD,sell,58.94043640127626,75.08499908447266,4425.542613228246,11.063856533070616,rebalance,rebalance,707.9080123092592
2024-04-25,2024-04-26,ESTC,sell,199.3103917209362,105.0,20927.5911306983,52.31897782674575,rebalance,rebalance,-188.86208586318116
2024-04-25,2024-04-26,LRCX,sell,49.87484273065584,88.15012584355418,4396.473663134786,10.991184157836965,rebalance,rebalance,-353.42525512233954
2024-04-25,2024-04-26,META,sell,8.474832076564518,438.0813579966591,3712.6659448950304,9.281664862237577,rebalance,rebalance,-451.7478740245938
2024-04-25,2024-04-26,MPWR,sell,8.31939065716508,651.3929736603864,5419.192619213198,13.547981548032995,rebalance,rebalance,-130.18849309584502
2024-04-25,2024-04-26,NET,sell,46.765699855913084,88.02999877929688,4116.784501228993,10.291961253072483,rebalance,rebalance,-398.926604030518
2024-04-25,2024-04-26,NVDA,sell,52.8415498543352,83.67320929669376,4421.422060523467,11.053555151308668,rebalance,rebalance,-349.0246651795554
2024-04-25,2024-04-26,PLTR,sell,824.5364327470559,22.049999237060547,18181.027713001207,45.45256928250302,rebalance,rebalance,-1843.2931127907814
2024-04-25,2024-04-26,SMCI,sell,20.68077680830575,79.9219970703125,1652.848983485199,4.132122458712997,rebalance,rebalance,-192.196809317049
2024-04-25,2024-04-26,SNOW,sell,121.5037502943754,159.75999450683594,19411.43847958938,48.528596198973446,rebalance,rebalance,-1735.2718748866973
2024-04-25,2024-04-26,ZS,sell,104.1823741014695,176.50999450683594,18389.23028035951,45.973075700898775,rebalance,rebalance,-678.8429410233264
2024-04-25,2024-04-26,ANET,buy,212.006575708925,66.69000244140625,14138.719051622387,35.34679762905597,rebalance,rebalance,0.0
2024-04-25,2024-04-26,DELL,buy,116.46055034023057,121.40350539575164,14138.719051622387,35.34679762905597,rebalance,rebalance,0.0
2024-04-25,2024-04-26,MU,buy,127.14359362725399,111.2027641209574,14138.719051622387,35.34679762905597,rebalance,rebalance,0.0
2024-04-25,2024-04-26,NICE,buy,62.2001636684627,227.30999755859375,14138.719051622387,35.34679762905597,rebalance,rebalance,0.0
2024-04-25,2024-04-26,WDC,buy,264.6642846118428,53.42133364295172,14138.719051622387,35.34679762905597,rebalance,rebalance,0.0
2024-05-23,2024-05-24,AMD,sell,91.66700303475429,161.41000366210938,14795.97129553428,36.9899282388357,rebalance,rebalance,-988.335250700029
2024-05-23,2024-05-24,ANET,sell,212.006575708925,76.10749816894531,16135.290072571375,40.33822518142844,rebalance,rebalance,1920.8859981385028
2024-05-23,2024-05-24,LRCX,sell,160.3936343405261,94.59457459237213,15172.367607766555,37.930919019416386,rebalance,rebalance,-105.52383366306029
2024-05-23,2024-05-24,MPWR,sell,21.705360087279395,742.4542207975807,16115.236210731931,40.288090526829826,rebalance,rebalance,1631.9129944566246
2024-05-23,2024-05-24,NET,sell,160.6125099134679,73.52999877929688,11809.837657877102,29.524594144692756,rebalance,rebalance,-3693.136048770637
2024-05-23,2024-05-24,NICE,sell,62.2001636684627,190.0,11818.031097007914,29.545077742519783,rebalance,rebalance,-2385.57982998605
2024-05-23,2024-05-24,AMAT,buy,88.36932781928927,216.31913709406894,19115.976739451555,47.789941848628885,rebalance,rebalance,0.0
2024-05-23,2024-05-24,APP,buy,38.94208849925565,79.43000030517578,3093.1701013800584,7.732925253450146,rebalance,rebalance,0.0
2024-05-23,2024-05-24,AVGO,buy,139.57328516472447,136.96014045159765,19115.976739451555,47.789941848628885,rebalance,rebalance,0.0
2024-05-23,2024-05-24,COHR,buy,55.21537372841925,59.4900016784668,3284.762675780833,8.211906689452082,rebalance,rebalance,0.0
2024-05-23,2024-05-24,CRWD,buy,34.83867153869417,85.6675033569336,2984.5420109921897,7.461355027480474,rebalance,rebalance,0.0
2024-05-23,2024-05-24,DELL,buy,10.317432605065306,150.78309573437537,1555.694428222528,3.88923607055632,rebalance,rebalance,0.0
2024-05-23,2024-05-24,DOCU,buy,336.430426647694,56.81999969482422,19115.976739451555,47.789941848628885,rebalance,rebalance,0.0
2024-05-23,2024-05-24,ESTC,buy,180.2713747115068,106.04000091552734,19115.976739451555,47.789941848628885,rebalance,rebalance,0.0
2024-05-23,2024-05-24,META,buy,8.920384380091576,464.04117710669794,4139.425667981897,10.348564169954743,rebalance,rebalance,0.0
2024-05-23,2024-05-24,MU,buy,23.482455971323915,126.91016454588099,2980.1623512621236,7.450405878155309,rebalance,rebalance,0.0
2024-05-23,2024-05-24,NTAP,buy,173.6776343256704,110.06585167786409,19115.976739451555,47.789941848628885,rebalance,rebalance,0.0
2024-05-23,2024-05-24,NVDA,buy,14.35858754373669,104.2685576920773,1497.1492136808515,3.742873034202129,rebalance,rebalance,0.0
2024-05-23,2024-05-24,QCOM,buy,98.7719121161244,193.5365665188018,19115.976739451555,47.789941848628885,rebalance,rebalance,0.0
2024-05-23,2024-05-24,SMCI,buy,45.89044533046993,85.80000305175781,3937.4003494008452,9.843500873502114,rebalance,rebalance,0.0
2024-05-23,2024-05-24,WDC,buy,75.21833154202551,56.242878661371606,4230.495494028962,10.576238735072405,rebalance,rebalance,0.0
2024-06-24,2024-06-25,AMAT,sell,8.639880564007427,226.96808980754227,1960.9771877780768,4.902442969445192,rebalance,rebalance,82.43080783622246
2024-06-24,2024-06-25,APP,sell,9.965312165239936,78.44000244140625,781.679110570796,1.95419777642699,rebalance,rebalance,74.79506180659845
2024-06-24,2024-06-25,AVGO,sell,139.57328516472447,157.05922394772028,21921.271851805486,54.803179629513714,rebalance,rebalance,2702.7019908757898
2024-06-24,2024-06-25,COHR,sell,321.3309161221765,72.0,23135.82596079671,57.83956490199177,rebalance,rebalance,3476.699314175058
2024-06-24,2024-06-25,CRWD,sell,32.53148141657019,94.9375,3088.457516985632,7.721143792464081,rebalance,rebalance,918.1450003270828
2024-06-24,2024-06-25,DOCU,sell,336.430426647694,51.77000045776367,17417.003341556745,43.54250835389186,rebalance,rebalance,-1790.3058480973293
2024-06-24,2024-06-25,ESTC,sell,180.2713747115068,108.86000061035156,19624.341961123548,49.06085490280887,rebalance,rebalance,411.5144249205538
2024-06-24,2024-06-25,META,sell,4.5432917664132475,493.7355866348011,2243.1848255431064,5.607962063857766,rebalance,rebalance,34.72621799705141
2024-06-24,2024-06-25,MU,sell,20.506983516789177,139.07293442736452,2851.966373933466,7.129915934833665,rebalance,rebalance,508.35972479330815
2024-06-24,2024-06-25,NTAP,sell,173.6776343256704,121.57043304034288,21114.065214394068,52.78516303598517,rebalance,rebalance,1897.513370057902
2024-06-24,2024-06-25,NVDA,sell,33.78068099911766,121.00055473590018,4087.4811402497203,10.2187028506243,rebalance,rebalance,996.4086819675572
2024-06-24,2024-06-25,QCOM,sell,5.307823775478724,193.61490243170655,1027.6737824140055,2.5691844560350137,rebalance,rebalance,-4.7215362080278585
2024-06-24,2024-06-25,SMCI,sell,9.02460996250764,84.6510009765625,763.9422667493299,1.9098556668733246,rebalance,rebalance,-35.72076999401146
2024-06-24,2024-06-25,WDC,sell,22.340100323520232,56.98777153548345,1273.112533316551,3.1827813332913775,rebalance,rebalance,59.523566138760934
2024-06-24,2024-06-25,ANET,buy,218.4588705854721,82.83499908447266,18096.040344942514,45.240100862356286,rebalance,rebalance,0.0
2024-06-24,2024-06-25,CACI,buy,41.59339885605388,435.07000732421875,18096.040344942514,45.240100862356286,rebalance,rebalance,0.0
2024-06-24,2024-06-25,DELL,buy,7.6215026318005386,134.64367268401463,1026.1871057165079,2.5654677642912698,rebalance,rebalance,0.0
2024-06-24,2024-06-25,KLAC,buy,229.7859959242148,78.75171100901522,18096.040344942514,45.240100862356286,rebalance,rebalance,0.0
2024-06-24,2024-06-25,LDOS,buy,124.3902986422179,145.47790738079908,18096.040344942514,45.240100862356286,rebalance,rebalance,0.0
2024-06-24,2024-06-25,TER,buy,125.05155678194194,144.70863706636933,18096.040344942514,45.240100862356286,rebalance,rebalance,0.0
2024-07-23,2024-07-24,AMAT,sell,1.0411958746450125,213.53899379136436,222.33591941141552,0.5558397985285388,rebalance,rebalance,-4.0135900190992855
2024-07-23,2024-07-24,ANET,sell,218.4588705854721,85.2125015258789,18615.426843106325,46.538567107765815,rebalance,rebalance,427.6078301936921
2024-07-23,2024-07-24,APP,sell,24.501922513896744,81.48999786376953,1996.6616133156922,4.9916540332892305,rebalance,rebalance,258.44411545162234
2024-07-23,2024-07-24,CACI,sell,41.59339885605388,458.9800109863281,19090.538663910338,47.72634665977585,rebalance,rebalance,901.5318714456938
2024-07-23,2024-07-24,CRWD,sell,190.61003654975656,67.5,12866.177467108568,32.16544366777142,rebalance,rebalance,162.85157594180174
2024-07-23,2024-07-24,KLAC,sell,229.7859959242148,78.40066679387273,18015.375300352563,45.03843825088141,rebalance,rebalance,-170.94358370318741
2024-07-23,2024-07-24,LDOS,sell,124.3902986422179,151.27351390531933,18816.957571340376,47.04239392835094,rebalance,rebalance,628.6347316071559
2024-07-23,2024-07-24,META,sell,36.65127820394992,469.1606069922724,17195.335929207788,42.98833982301947,rebalance,rebalance,-618.3120997369874
2024-07-23,2024-07-24,NVDA,sell,8.320642811720774,118.97391446537992,989.9394461786455,2.474848615446614,rebalance,rebalance,228.6082661954581
2024-07-23,2024-07-24,QCOM,sell,0.3529871038376342,180.46194062605153,63.70073777450903,0.15925184443627258,rebalance,rebalance,-4.945215952334111
2024-07-23,2024-07-24,TER,sell,11.892245200210553,148.48985724773382,1765.8777921343128,4.414694480335782,rebalance,rebalance,36.25022658598156
2024-07-23,2024-07-24,WDC,sell,11.244874737087173,54.85843757414697,616.8762587935989,1.5421906469839974,rebalance,rebalance,6.076914252503999
2024-07-23,2024-07-24,AVGO,buy,106.76034177884893,157.38999841186433,16803.010023023126,42.007525057557814,rebalance,rebalance,0.0
2024-07-23,2024-07-24,COHR,buy,234.18829300380662,71.75,16803.010023023126,42.007525057557814,rebalance,rebalance,0.0
2024-07-23,2024-07-24,DELL,buy,5.86200785087857,119.79774072241402,702.2552966323063,1.7556382415807659,rebalance,rebalance,0.0
2024-07-23,2024-07-24,GLW,buy,397.9132446948205,42.22782289116863,16803.010023023126,42.007525057557814,rebalance,rebalance,0.0
2024-07-23,2024-07-24,HPE,buy,864.8938048431589,19.4278302479808,16803.010023023126,42.007525057557814,rebalance,rebalance,0.0
2024-07-23,2024-07-24,MU,buy,21.569147548330733,110.77333974013318,2389.286509276301,5.9732162731907525,rebalance,rebalance,0.0
2024-07-23,2024-07-24,NTAP,buy,135.58839384493868,123.92661013625805,16803.010023023126,42.007525057557814,rebalance,rebalance,0.0
2024-07-23,2024-07-24,PLTR,buy,590.8231261423887,28.440000534057617,16803.010023023126,42.007525057557814,rebalance,rebalance,0.0
2024-07-23,2024-07-24,SMCI,buy,5.874876035209411,76.5,449.4280166935199,1.1235700417337997,rebalance,rebalance,0.0
2024-08-20,2024-08-21,AMAT,sell,78.68825138063683,204.38326825705403,16082.561990607199,40.206404976517994,rebalance,rebalance,-1021.9734890651079
2024-08-20,2024-08-21,APP,sell,97.80350657423685,86.58999633789062,8468.80527609603,21.172013190240076,rebalance,rebalance,1529.1734924287227
2024-08-20,2024-08-21,AVGO,sell,48.84896307956971,162.071952056372,7917.046802235507,19.792617005588767,rebalance,rebalance,189.695118161437
2024-08-20,2024-08-21,COHR,sell,115.15455332468099,78.8499984741211,9079.936353939192,22.699840884847983,rebalance,rebalance,774.2414640058694
2024-08-20,2024-08-21,DELL,sell,52.95232575230834,107.50085520153047,5692.420303283172,14.23105075820793,rebalance,rebalance,-915.831454483278
2024-08-20,2024-08-21,GLW,sell,161.62412483211202,39.72171971998304,6419.988186568705,16.04997046642176,rebalance,rebalance,-438.15928954414824
2024-08-20,2024-08-21,HPE,sell,340.6881227564704,17.904823455377656,6099.960691298634,15.249901728246584,rebalance,rebalance,-550.6673043866044
2024-08-20,2024-08-21,MU,sell,64.36536943466375,107.48401839797634,6918.248552507943,17.295621381269857,rebalance,rebalance,-406.14988268080697
2024-08-20,2024-08-21,NTAP,sell,61.729038590668964,127.0767956172404,7844.3284206351855,19.610821051587966,rebalance,rebalance,155.72242382295798
2024-08-20,2024-08-21,NVDA,sell,67.39296209144112,127.11051541152283,8566.3541465523,21.41588536638075,rebalance,rebalance,2398.5890992346003
2024-08-20,2024-08-21,PLTR,sell,590.8231261423887,32.31999969482422,19095.403256617094,47.73850814154274,rebalance,rebalance,2202.647200394868
2024-08-20,2024-08-21,QCOM,sell,36.18551330243088,164.87858154206126,5966.216105676192,14.91554026419048,rebalance,rebalance,-1069.4274868665818
2024-08-20,2024-08-21,SMCI,sell,219.64718984343955,61.28900146484375,13461.956940063379,33.65489235015845,rebalance,rebalance,-5919.192905559044
2024-08-20,2024-08-21,TER,sell,42.185607740879746,132.2434885618245,5578.771934754646,13.946929836886616,rebalance,rebalance,-555.0583495814262
2024-08-20,2024-08-21,WDC,sell,114.0603351024605,48.82408304513561,5568.891273198527,13.922228182996319,rebalance,rebalance,-624.9197275591459
2024-08-20,2024-08-21,ANET,buy,106.76916146784444,87.90750122070312,9385.810192067984,23.46452548016996,rebalance,rebalance,0.0
2024-08-20,2024-08-21,HPQ,buy,292.8761655878144,32.0470263369854,9385.810192067984,23.46452548016996,rebalance,rebalance,0.0
2024-08-20,2024-08-21,ORCL,buy,69.10746013143478,135.81471774852102,9385.810192067984,23.46452548016996,rebalance,rebalance,0.0
2024-09-18,2024-09-19,DELL,sell,87.30916767566664,116.44228910939556,10166.47934439067,25.416198360976672,rebalance,rebalance,-731.3291688612796
2024-09-18,2024-09-19,HPE,sell,524.2056820866885,17.898705848583518,9382.603307825724,23.45650826956431,rebalance,rebalance,-850.492654567532
2024-09-18,2024-09-19,HPQ,sell,292.8761655878144,32.40581516105283,9490.890887116615,23.727227217791537,rebalance,rebalance,57.8889423506687
2024-09-18,2024-09-19,MU,sell,87.32284419545572,88.79156556642347,7753.532045827387,19.383830114568468,rebalance,rebalance,-2179.2105692155933
2024-09-18,2024-09-19,ORCL,sell,69.10746013143478,163.65278993020053,11309.628655499404,28.27407163874851,rebalance,rebalance,1872.079866312502
2024-09-18,2024-09-19,QCOM,sell,56.92558793437716,167.1006611345428,9512.303379306977,23.780758448267445,rebalance,rebalance,-1556.2031721144863
2024-09-18,2024-09-19,WDC,sell,192.2373059908004,49.952704346223534,9602.773310472958,24.006933276182394,rebalance,rebalance,-836.819092505413
2024-09-18,2024-09-19,AAPL,buy,70.63995518774013,223.12354184254357,15761.436997087138,39.40359249271784,rebalance,rebalance,0.0
2024-09-18,2024-09-19,ANET,buy,62.35404308926101,93.19499969482422,5811.085026674737,14.527712566686843,rebalance,rebalance,0.0
2024-09-18,2024-09-19,APP,buy,16.20263867355925,126.5,2049.6337922052453,5.124084480513114,rebalance,rebalance,0.0
2024-09-18,2024-09-19,AVGO,buy,37.53958377920417,165.12601432007654,6198.761848694581,15.496904621736453,rebalance,rebalance,0.0
2024-09-18,2024-09-19,CACI,buy,32.40626920928691,486.3699951171875,15761.43699708714,39.40359249271785,rebalance,rebalance,0.0
2024-09-18,2024-09-19,COHR,buy,67.09565262466458,84.68000030517578,5681.659884732565,14.204149711831413,rebalance,rebalance,0.0
2024-09-18,2024-09-19,GLW,buy,125.6233449459917,43.5504121291272,5470.948445437448,13.67737111359362,rebalance,rebalance,0.0
2024-09-18,2024-09-19,MPWR,buy,17.87092874987996,881.9595902195631,15761.436997087138,39.40359249271784,rebalance,rebalance,0.0
2024-09-18,2024-09-19,NTAP,buy,60.2463982140993,117.52990896699092,7080.753697692175,17.70188424423044,rebalance,rebalance,0.0
2024-09-18,2024-09-19,NVDA,buy,60.68145095686464,117.16692604230532,7109.859076402737,17.77464769100684,rebalance,rebalance,0.0
2024-09-18,2024-09-19,PANW,buy,93.29054324822303,168.9499969482422,15761.436997087138,39.40359249271784,rebalance,rebalance,0.0
2024-09-18,2024-09-19,PLTR,buy,425.9847837050578,37.0,15761.436997087138,39.40359249271784,rebalance,rebalance,0.0
2024-09-18,2024-09-19,TER,buy,47.44963974266213,133.09400427435116,6315.262554726296,15.788156386815741,rebalance,rebalance,0.0
2024-09-18,2024-09-19,TXN,buy,80.22656307365823,196.46157573291688,15761.43699708714,39.40359249271785,rebalance,rebalance,0.0
2024-09-18,2024-09-19,UI,buy,74.8021671748534,210.7082935210163,15761.43699708714,39.40359249271785,rebalance,rebalance,0.0
2024-10-16,2024-10-17,NTAP,sell,134.10575346836902,123.05119656603117,16501.873430671993,41.25468357667998,rebalance,rebalance,186.140792838864
2024-10-16,2024-10-17,PANW,sell,93.29054324822303,186.0,17352.041044169484,43.38010261042371,rebalance,rebalance,1507.820351979205
2024-10-16,2024-10-17,TXN,sell,80.22656307365823,193.89709866322022,15555.697815704169,38.889244539260424,rebalance,rebalance,-284.03201841494797
2024-10-16,2024-10-17,AAPL,buy,37.4370213686947,231.49347055743362,8666.426003971941,21.666065009929852,rebalance,rebalance,0.0
2024-10-16,2024-10-17,ANET,buy,73.78081865069544,103.0,7599.42432102163,18.998560802554074,rebalance,rebalance,0.0
2024-10-16,2024-10-17,APP,buy,46.404376443310326,146.30999755859375,6789.424204128799,16.973560510322,rebalance,rebalance,0.0
2024-10-16,2024-10-17,AVGO,buy,44.62778704280505,178.60749382690068,7970.857198756042,19.927142996890105,rebalance,rebalance,0.0
2024-10-16,2024-10-17,CACI,buy,14.957786818357697,528.22998046875,7901.151438916812,19.75287859729203,rebalance,rebalance,0.0
2024-10-16,2024-10-17,COHR,buy,55.13497728814727,103.69999694824219,5717.496976522274,14.293742441305685,rebalance,rebalance,0.0
2024-10-16,2024-10-17,GEN,buy,924.057170059947,27.075288414006256,25019.11439040349,62.547785976008726,rebalance,rebalance,0.0
2024-10-16,2024-10-17,GLW,buy,192.67875477159998,45.112712764073855,8692.261319750614,21.730653299376538,rebalance,rebalance,0.0
2024-10-16,2024-10-17,LITE,buy,358.08091322319865,69.87000274658203,25019.11439040349,62.547785976008726,rebalance,rebalance,0.0
2024-10-16,2024-10-17,MPWR,buy,9.163531488552394,925.4527062773077,8480.415015138138,21.201037537845345,rebalance,rebalance,0.0
2024-10-16,2024-10-17,NVDA,buy,45.31376130791662,139.12262899690117,6304.169602895419,15.760424007238548,rebalance,rebalance,0.0
2024-10-16,2024-10-17,ORCL,buy,143.72781594778957,174.07287674566703,25019.11439040349,62.547785976008726,rebalance,rebalance,0.0
2024-10-16,2024-10-17,PLTR,buy,167.58848995289122,42.150001525878906,7063.855107234107,17.65963776808527,rebalance,rebalance,0.0
2024-10-16,2024-10-17,TER,buy,75.02980378338691,129.32906355331903,9703.534261894702,24.258835654736753,rebalance,rebalance,0.0
2024-10-16,2024-10-17,UI,buy,26.924351819636144,245.9448591940786,6621.905917172245,16.554764792930612,rebalance,rebalance,0.0
2024-11-13,2024-11-14,AAPL,sell,108.07697655643483,223.398802697962,24144.26716192325,60.360667904808125,rebalance,rebalance,-405.02616454328216
2024-11-13,2024-11-14,ANET,sell,242.9040232078009,98.25,23865.320280166437,59.663300700416094,rebalance,rebalance,952.3466408522627
2024-11-13,2024-11-14,APP,sell,107.2508646224288,284.57000732421875,30520.379331133354,76.30094832783338,rebalance,rebalance,20077.323215277487
2024-11-13,2024-11-14,AVGO,sell,140.07874952128844,172.10803086665146,24108.67774637185,60.271694365929626,rebalance,rebalance,705.9044759244691
2024-11-13,2024-11-14,CACI,sell,47.36405602764461,542.219970703125,25681.73707169063,64.20434267922657,rebalance,rebalance,1895.7878219174427
2024-11-13,2024-11-14,COHR,sell,65.44254640060942,103.18000030517578,6752.3619575863595,16.880904893965898,rebalance,rebalance,1313.3153871255884
2024-11-13,2024-11-14,GEN,sell,924.057170059947,29.388590603718896,27156.737865322833,67.89184466330708,rebalance,rebalance,2007.183844280028
2024-11-13,2024-11-14,GLW,sell,158.5076029234508,45.801681785426304,7259.914789670602,18.149786974176504,rebalance,rebalance,324.7284298487708
2024-11-13,2024-11-14,LITE,sell,152.21056364196863,88.12000274658203,13412.795286189075,33.53198821547269,rebalance,rebalance,2717.7234170011475
2024-11-13,2024-11-14,MPWR,sell,27.034460238432352,594.7485578955703,16078.706240292779,40.19676560073195,rebalance,rebalance,-8263.947167563794
2024-11-13,2024-11-14,NVDA,sell,56.76775706534262,147.40965302668107,8368.11537210508,20.920288430262698,rebalance,rebalance,1976.4677336028033
2024-11-13,2024-11-14,ORCL,sell,45.67597544018281,185.01739158206226,8450.849833908962,21.127124584772407,rebalance,rebalance,458.89689517954025
2024-11-13,2024-11-14,PLTR,sell,296.4185480682872,61.04999923706055,18096.35213341953,45.24088033354882,rebalance,rebalance,6624.123473026244
2024-11-13,2024-11-14,TER,sell,193.45314736690068,107.27586241072953,20752.85321985422,51.88213304963555,rebalance,rebalance,-5654.056942095652
2024-11-13,2024-11-14,UI,sell,47.183234523325254,332.6036549949363,15693.31625694124,39.2332906423531,rebalance,rebalance,5246.189086707744
2024-11-13,2024-11-14,ADSK,buy,58.4769207623091,310.2300109863281,18141.295770537792,45.35323942634448,rebalance,rebalance,0.0
2024-11-13,2024-11-14,CHKP,buy,102.49319644371634,177.0,18141.295770537792,45.35323942634448,rebalance,rebalance,0.0
2024-11-13,2024-11-14,CIEN,buy,255.7994393530817,70.91999816894531,18141.295770537792,45.35323942634448,rebalance,rebalance,0.0
2024-11-13,2024-11-14,FTNT,buy,187.9148083540154,96.54000091552734,18141.295770537792,45.35323942634448,rebalance,rebalance,0.0
2024-11-13,2024-11-14,IBM,buy,90.42440831601476,200.62388140973712,18141.295770537792,45.35323942634448,rebalance,rebalance,0.0
2024-11-13,2024-11-14,NET,buy,192.05267781460162,94.45999908447266,18141.295770537792,45.35323942634448,rebalance,rebalance,0.0
2024-11-13,2024-11-14,SHOP,buy,157.35359204160184,115.29000091552734,18141.295770537792,45.35323942634448,rebalance,rebalance,0.0
2024-12-12,2024-12-13,ADSK,sell,58.4769207623091,308.1300048828125,18018.493880022143,45.04623470005536,rebalance,rebalance,-213.20136464204597
2024-12-12,2024-12-13,APP,sell,8.675057980123881,326.0,2828.068901520385,7.070172253800963,rebalance,rebalance,1982.4767978988857
2024-12-12,2024-12-13,CHKP,sell,102.49319644371634,190.22000122070312,19496.255952637486,48.740639881593715,rebalance,rebalance,1260.8663027917576
2024-12-12,2024-12-13,CIEN,sell,49.80607078447994,87.16000366210938,4341.09731197055,10.852743279926376,rebalance,rebalance,789.167503730852
2024-12-12,2024-12-13,COHR,sell,8.959527527561931,107.5999984741211,964.0451482945098,2.4101128707362744,rebalance,rebalance,219.30385774828855
2024-12-12,2024-12-13,FTNT,sell,5.247369229256606,98.29000091552734,515.7639263477417,1.2894098158693543,rebalance,rebalance,6.627033759838384
2024-12-12,2024-12-13,GLW,sell,396.08361665684936,47.58897048256275,18849.211541709505,47.12302885427376,rebalance,rebalance,1517.5872536676052
2024-12-12,2024-12-13,IBM,sell,90.42440831601476,221.88044348787798,20063.407819286316,50.15851954821579,rebalance,rebalance,1826.600289773966
2024-12-12,2024-12-13,LITE,sell,14.05001783439053,93.5999984741211,1315.0816478603278,3.2877041196508197,rebalance,rebalance,327.66497210058816
2024-12-12,2024-12-13,NET,sell,192.05267781460162,114.80000305175781,22047.647999214525,55.11911999803631,rebalance,rebalance,3805.8798692523546
2024-12-12,2024-12-13,NVDA,sell,123.06721709231773,138.7327975455873,17073.459313367355,42.683648283418385,rebalance,rebalance,3219.6313402373157
2024-12-12,2024-12-13,ORCL,sell,98.05184050760676,171.62115152068236,16827.76977663776,42.0694244415944,rebalance,rebalance,-325.1360100386827
2024-12-12,2024-12-13,PLTR,sell,52.84416251015108,73.48999786376953,3883.5173899836927,9.708793474959233,rebalance,rebalance,1836.6567273487922
2024-12-12,2024-12-13,SHOP,sell,1.931299100536279,115.5199966430664,223.1036656107081,0.5577591640267703,rebalance,rebalance,-0.6702173099758405
2024-12-12,2024-12-13,UI,sell,1.970581689705348,341.51530754362574,672.9838117995596,1.682459529498899,rebalance,rebalance,236.62142168201163
2024-12-12,2024-12-13,BILL,buy,195.98714811907558,91.61000061035156,17954.382758809577,44.885956897023945,rebalance,rebalance,0.0
2024-12-12,2024-12-13,CRM,buy,49.9568027777697,359.39815521579186,17954.382758809577,44.885956897023945,rebalance,rebalance,0.0
2024-12-12,2024-12-13,DOCU,buy,189.79263264704178,94.5999984741211,17954.382758809577,44.885956897023945,rebalance,rebalance,0.0
2024-12-12,2024-12-13,NOW,buy,79.44417149915742,226.0,17954.382758809577,44.885956897023945,rebalance,rebalance,0.0
2024-12-12,2024-12-13,TEAM,buy,64.92273929243711,276.54998779296875,17954.382758809577,44.885956897023945,rebalance,rebalance,0.0
2024-12-12,2024-12-13,TWLO,buy,155.31473179758694,115.5999984741211,17954.382758809577,44.885956897023945,rebalance,rebalance,0.0
2024-12-12,2024-12-13,ZM,buy,206.823905814431,86.80999755859375,17954.382758809577,44.885956897023945,rebalance,rebalance,0.0
2025-01-14,2025-01-15,APP,sell,0.22901995949771958,335.0,76.72168643173606,0.19180421607934015,rebalance,rebalance,54.393055095910185
2025-01-14,2025-01-15,COHR,sell,166.86229566376613,96.47000122070312,16097.205866372844,40.24301466593211,rebalance,rebalance,2231.782442509016
2025-01-14,2025-01-15,CRM,sell,49.9568027777697,326.0811615032152,16289.97227476219,40.72493068690548,rebalance,rebalance,-1750.0213716313149
2025-01-14,2025-01-15,UI,sell,6.520679438298515,398.9690980375728,2601.5495940901055,6.503873985225264,rebalance,rebalance,1156.6843974386102
2025-01-14,2025-01-15,BILL,buy,21.1404058831381,84.62000274658203,1788.901203895005,4.472253009737512,rebalance,rebalance,0.0
2025-01-14,2025-01-15,CIEN,buy,7.873857980353932,85.91000366210938,676.4431679271355,1.6911079198178387,rebalance,rebalance,0.0
2025-01-14,2025-01-15,DOCU,buy,10.178359573927878,91.87999725341797,935.1876496967939,2.337969124241985,rebalance,rebalance,0.0
2025-01-14,2025-01-15,FFIV,buy,70.08710525959833,262.1499938964844,18373.33421602596,45.9333355400649,rebalance,rebalance,0.0
2025-01-14,2025-01-15,FTNT,buy,13.043412532270054,93.87999725341797,1224.5155327047103,3.0612888317617757,rebalance,rebalance,0.0
2025-01-14,2025-01-15,LITE,buy,16.612270612582506,88.1500015258789,1464.3716798474613,3.6609291996186535,rebalance,rebalance,0.0
2025-01-14,2025-01-15,MRVL,buy,155.90710363787295,117.84796065932886,18373.33421602596,45.9333355400649,rebalance,rebalance,0.0
2025-01-14,2025-01-15,NOW,buy,7.7729535278854485,210.66200256347656,1637.4659560171885,4.093664890042971,rebalance,rebalance,0.0
2025-01-14,2025-01-15,PLTR,buy,23.71764112280573,68.55000305175781,1625.8443713488293,4.0646109283720735,rebalance,rebalance,0.0
2025-01-14,2025-01-15,SHOP,buy,20.415917334146428,104.48999786376953,2133.259158631856,5.333147896579639,rebalance,rebalance,0.0
2025-01-14,2025-01-15,TEAM,buy,7.123899826884937,255.02000427246094,1816.7369642887804,4.5418424107219515,rebalance,rebalance,0.0
2025-01-14,2025-01-15,TWLO,buy,9.913098420590046,111.19999694824219,1102.3365141172376,2.755841285293094,rebalance,rebalance,0.0
2025-01-14,2025-01-15,ZM,buy,22.498779984026214,80.12000274658203,1802.602314114925,4.506505785287313,rebalance,rebalance,0.0
2025-02-12,2025-02-13,APP,sell,24.925602494231487,499.3399963378906,12446.350258189268,31.11587564547317,rebalance,rebalance,10005.95200173969
2025-02-12,2025-02-13,CIEN,sell,47.86346855055311,90.0,4307.71216954978,10.76928042387445,rebalance,rebalance,867.4986371252786
2025-02-12,2025-02-13,DOCU,sell,32.6659786791796,89.30000305175781,2917.071995739394,7.2926799893484855,rebalance,rebalance,-183.61394650942623
2025-02-12,2025-02-13,FFIV,sell,70.08710525959833,311.7799987792969,21851.757592282018,54.629393980705046,rebalance,rebalance,3377.8606467352915
2025-02-12,2025-02-13,FTNT,sell,195.71085165702885,108.98999786376953,21330.52530401609,53.32631326004022,rebalance,rebalance,2370.8206420274755
2025-02-12,2025-02-13,LITE,sell,20.029857783171224,79.30000305175781,1588.3677833317531,3.9709194583293828,rebalance,rebalance,152.1568186420044
2025-02-12,2025-02-13,MRVL,sell,13.510803059913059,104.92083122395879,1417.564687549284,3.54391171887321,rebalance,rebalance,-182.1803631188648
2025-02-12,2025-02-13,NOW,sell,87.21712502704287,196.47999572753906,17136.420352681624,42.84105088170406,rebalance,rebalance,-2547.2490348139136
2025-02-12,2025-02-13,PLTR,sell,140.67044671541632,117.30999755859375,16502.04976075178,41.25512440187945,rebalance,rebalance,10662.357725615873
2025-02-12,2025-02-13,SHOP,sell,52.364340689623276,121.0,6336.085223444416,15.840213058611042,rebalance,rebalance,333.89372703107864
2025-02-12,2025-02-13,TEAM,sell,25.13083554842064,318.45001220703125,8002.914887167448,20.00728721791862,rebalance,rebalance,1069.2343689152508
2025-02-12,2025-02-13,TWLO,sell,62.389598215209034,145.27999877929688,9063.96075254639,22.65990188136598,rebalance,rebalance,1827.543883628036
2025-02-12,2025-02-13,UI,sell,2.0304904833701087,339.387051047077,689.1221773301352,1.722805443325338,rebalance,rebalance,239.50448532517422
2025-02-12,2025-02-13,ZM,sell,49.945352917782685,83.29000091552734,4159.948490248456,10.39987122562114,rebalance,rebalance,-164.18297972586686
2025-02-12,2025-02-13,AVGO,buy,64.09759832010808,233.08733262115527,14940.338219856234,37.35084554964059,rebalance,rebalance,0.0
2025-02-12,2025-02-13,BILL,buy,28.88493294775853,60.72999954223633,1754.1819646949025,4.3854549117372565,rebalance,rebalance,0.0
2025-02-12,2025-02-13,CRWD,buy,137.3824204124711,108.75,14940.338219856232,37.35084554964058,rebalance,rebalance,0.0
2025-02-12,2025-02-13,NET,buy,85.90350952823286,173.9199981689453,14940.338219856236,37.35084554964059,rebalance,rebalance,0.0
2025-03-13,2025-03-14,APP,sell,29.92017128495048,284.17999267578125,8502.714056615348,21.256785141538373,market_trend_exit,risk_exit,5589.405152607076
2025-03-13,2025-03-14,AVGO,sell,64.09759832010808,193.7292985993485,12417.582764457316,31.04395691114329,market_trend_exit,risk_exit,-2591.150257859701
2025-03-13,2025-03-14,BILL,sell,246.0124869499722,45.13999938964844,11105.00351076764,27.7625087769191,market_trend_exit,risk_exit,-10473.968590227265
2025-03-13,2025-03-14,CIEN,sell,166.0037579984026,64.05000305175781,10632.54120640095,26.581353016002378,market_trend_exit,risk_exit,-1288.3021154657397
2025-03-13,2025-03-14,CRWD,sell,137.3824204124711,84.62750244140625,11626.331118862698,29.065827797156743,market_trend_exit,risk_exit,-3380.423774340331
2025-03-13,2025-03-14,DOCU,sell,167.30501354179006,81.5199966430664,13638.704142294906,34.09676035573727,market_trend_exit,risk_exit,-2238.7936903289956
2025-03-13,2025-03-14,LITE,sell,188.40274457625077,61.81999969482422,11647.057612207867,29.11764403051967,market_trend_exit,risk_exit,-1853.8459194052687
2025-03-13,2025-03-14,MRVL,sell,142.3963005779599,69.88415120204097,9951.244600201422,24.878111500503557,market_trend_exit,risk_exit,-6896.699923915829
2025-03-13,2025-03-14,NET,sell,85.90350952823286,115.38999938964844,9912.405912031449,24.78101478007862,market_trend_exit,risk_exit,-5090.064168154506
2025-03-13,2025-03-14,PLTR,sell,127.35775748690017,82.97000122070312,10566.87329415412,26.417183235385302,market_trend_exit,risk_exit,5290.768354013189
2025-03-13,2025-03-14,SHOP,sell,123.47386958558872,94.61000061035156,11681.862876855017,29.204657192137542,market_trend_exit,risk_exit,-2463.015689718311
2025-03-13,2025-03-14,TEAM,sell,46.91580357090141,214.3000030517578,10054.056848419843,25.135142121049608,market_trend_exit,risk_exit,-2877.952585073031
2025-03-13,2025-03-14,TWLO,sell,102.83823200296796,98.0,10078.146736290859,25.195366840727146,market_trend_exit,risk_exit,-1837.6527346220064
2025-03-13,2025-03-14,UI,sell,44.02153285979031,307.3895542201929,13531.759361860519,33.8293984046513,market_trend_exit,risk_exit,3787.458711317933
2025-03-13,2025-03-14,ZM,sell,179.37733288067452,72.80999755859375,13060.46316910897,32.65115792277243,market_trend_exit,risk_exit,-2464.833925671911
2025-06-09,2025-06-10,AVGO,buy,102.31828436753581,241.87431459404814,24748.164901836633,61.870412254591585,rebalance,rebalance,0.0
2025-06-09,2025-06-10,CACI,buy,55.77428295716396,443.7200012207031,24748.164901836633,61.870412254591585,rebalance,rebalance,0.0
2025-06-09,2025-06-10,CHKP,buy,108.9939450715015,227.05999755859375,24748.164901836633,61.870412254591585,rebalance,rebalance,0.0
2025-06-09,2025-06-10,CIEN,buy,340.2744914004917,72.7300033569336,24748.16490183663,61.87041225459158,rebalance,rebalance,0.0
2025-06-09,2025-06-10,CRWD,buy,212.6633476210811,116.37249755859375,24748.164901836633,61.870412254591585,rebalance,rebalance,0.0
2025-06-09,2025-06-10,FFIV,buy,83.96893420868717,294.7300109863281,24748.164901836633,61.870412254591585,rebalance,rebalance,0.0
2025-06-09,2025-06-10,IBM,buy,93.57303621982568,264.4796610392893,24748.164901836633,61.870412254591585,rebalance,rebalance,0.0
2025-06-09,2025-06-10,KLAC,buy,300.6887846887314,82.30491512164502,24748.164901836633,61.870412254591585,rebalance,rebalance,0.0
2025-06-09,2025-06-10,MPWR,buy,35.04078308234985,706.2674610802966,24748.164901836637,61.87041225459159,rebalance,rebalance,0.0
2025-06-09,2025-06-10,NET,buy,137.8881518328414,179.47999572753906,24748.164901836633,61.870412254591585,rebalance,rebalance,0.0
2025-06-09,2025-06-10,PLTR,buy,188.88844523598024,131.02000427246094,24748.164901836633,61.870412254591585,rebalance,rebalance,0.0
2025-06-09,2025-06-10,QRVO,buy,302.47085057618443,81.81999969482422,24748.164901836633,61.870412254591585,rebalance,rebalance,0.0
2025-06-09,2025-06-10,UI,buy,59.74155868997764,414.25375307438094,24748.164901836633,61.870412254591585,rebalance,rebalance,0.0
2025-06-09,2025-06-10,VRSN,buy,89.57945396377146,276.2705487337031,24748.164901836633,61.870412254591585,rebalance,rebalance,0.0
2025-06-09,2025-06-10,ZS,buy,82.49388300612212,300.0,24748.164901836637,61.87041225459159,rebalance,rebalance,0.0
2025-07-09,2025-07-10,AVGO,sell,102.31828436753581,277.75487211273963,28419.401989299837,71.04850497324959,rebalance,rebalance,3538.318170235361
2025-07-09,2025-07-10,CACI,sell,55.77428295716396,484.54998779296875,27025.428126055383,67.56357031513846,rebalance,rebalance,2147.8292416490203
2025-07-09,2025-07-10,CIEN,sell,340.2744914004917,79.73999786376953,27133.48721737047,67.83371804342617,rebalance,rebalance,2255.6181852358254
2025-07-09,2025-07-10,FFIV,sell,83.96893420868717,301.9700012207031,25356.099165498406,63.390247913746016,rebalance,rebalance,482.6736034934375
2025-07-09,2025-07-10,MPWR,sell,35.04078308234985,751.153931066738,26321.021959963935,65.80255489990984,rebalance,rebalance,1445.1840909728
2025-07-09,2025-07-10,QRVO,sell,302.47085057618443,89.22000122070312,26986.449657634286,67.46612414408571,rebalance,rebalance,2108.9482193989784
2025-07-09,2025-07-10,UI,sell,59.74155868997764,403.2114902646024,24088.48291011609,60.221207275290226,rebalance,rebalance,-781.7736112504238
2025-07-09,2025-07-10,APP,buy,96.66276604813149,359.3550109863281,34736.249355195156,86.84062338798789,rebalance,rebalance,0.0
2025-07-09,2025-07-10,CHKP,buy,40.68610085819971,232.07000732421875,9442.02372415631,23.605059310390775,rebalance,rebalance,0.0
2025-07-09,2025-07-10,CRWD,buy,58.18988551373971,128.24749755859375,7462.707200358183,18.656768000895458,rebalance,rebalance,0.0
2025-07-09,2025-07-10,IBM,buy,30.62305136313013,279.68875695857446,8564.923170032445,21.412307925081112,rebalance,rebalance,0.0
2025-07-09,2025-07-10,INTU,buy,45.71200737154261,759.8933267765383,34736.249355195156,86.84062338798789,rebalance,rebalance,0.0
2025-07-09,2025-07-10,KLAC,buy,78.55078035248943,91.59447630792309,7194.817589964963,17.987043974912407,rebalance,rebalance,0.0
2025-07-09,2025-07-10,MU,buy,279.94851065606684,124.08085070283039,34736.249355195156,86.84062338798789,rebalance,rebalance,0.0
2025-07-09,2025-07-10,NET,buy,41.09087242249029,194.0800018310547,7974.916594996551,19.93729148749138,rebalance,rebalance,0.0
2025-07-09,2025-07-10,PLTR,buy,53.49694271291625,143.30999755859375,7666.646729580258,19.166616823950644,rebalance,rebalance,0.0
2025-07-09,2025-07-10,SMCI,buy,683.784446395301,50.79999923706055,34736.249355195156,86.84062338798789,rebalance,rebalance,0.0
2025-07-09,2025-07-10,SNOW,buy,156.5895012778759,221.8300018310547,34736.249355195156,86.84062338798789,rebalance,rebalance,0.0
2025-07-09,2025-07-10,STX,buy,242.37408468484097,143.31668090820312,34736.249355195156,86.84062338798789,rebalance,rebalance,0.0
2025-07-09,2025-07-10,VEEV,buy,121.61700843438206,285.6199951171875,34736.249355195156,86.84062338798789,rebalance,rebalance,0.0
2025-07-09,2025-07-10,VRSN,buy,32.56962062114245,284.37587000340056,9262.014199818079,23.155035499545196,rebalance,rebalance,0.0
2025-07-09,2025-07-10,ZS,buy,27.451831644675508,315.94000244140625,8673.131756839854,21.682829392099634,rebalance,rebalance,0.0
2025-08-06,2025-08-07,APP,sell,96.66276604813149,397.25,38399.28381262023,95.99820953155059,rebalance,rebalance,3480.1956245055426
2025-08-06,2025-08-07,CHKP,sell,149.6800459297012,189.35000610351562,28341.917610363424,70.85479402590856,rebalance,rebalance,-6004.6012812204135
2025-08-06,2025-08-07,IBM,sell,124.19608758295581,244.74947748533037,30396.927541650763,75.9923188541269,rebalance,rebalance,-3075.4355692521144
2025-08-06,2025-08-07,KLAC,sell,379.2395650412208,90.55336354061131,34341.41820216098,85.85354550540245,rebalance,rebalance,2232.7247086244774
2025-08-06,2025-08-07,NET,sell,11.852191387720978,218.16000366210938,2585.67411654923,6.464185291373075,rebalance,rebalance,406.83343699603466
2025-08-06,2025-08-07,PLTR,sell,40.9578890432615,181.00999450683594,7413.78727073236,18.534468176830902,rebalance,rebalance,1904.157093090551
2025-08-06,2025-08-07,SNOW,sell,156.5895012778759,215.0,33666.74277474332,84.1668569368583,rebalance,rebalance,-1240.5140607766778
2025-08-06,2025-08-07,VEEV,sell,121.61700843438206,284.5199890136719,34602.46990362602,86.50617475906505,rebalance,rebalance,-307.12624971618527
2025-08-06,2025-08-07,CACI,buy,74.1094956222681,491.9800109863281,36460.39047043469,91.15097617608673,rebalance,rebalance,0.0
2025-08-06,2025-08-07,CRWD,buy,52.02653195508179,112.92250061035156,5874.966086452199,14.687415216130498,rebalance,rebalance,0.0
2025-08-06,2025-08-07,INTU,buy,1.347254350288594,774.7760831003517,1043.820448456506,2.609551121141265,rebalance,rebalance,0.0
2025-08-06,2025-08-07,LRCX,buy,371.8273851385262,98.05730273699767,36460.39047043469,91.15097617608673,rebalance,rebalance,0.0
2025-08-06,2025-08-07,MCHP,buy,555.5922114695109,65.62437290832239,36460.39047043469,91.15097617608673,rebalance,rebalance,0.0
2025-08-06,2025-08-07,MU,buy,39.999894644866515,113.95709391375526,4558.27175058537,11.395679376463425,rebalance,rebalance,0.0
2025-08-06,2025-08-07,NVDA,buy,201.07367761039467,181.32851054269395,36460.39047043469,91.15097617608673,rebalance,rebalance,0.0
2025-08-06,2025-08-07,ORCL,buy,143.0909018592672,254.80579126053888,36460.39047043469,91.15097617608673,rebalance,rebalance,0.0
2025-08-06,2025-08-07,SMCI,buy,89.50058627692329,47.150001525878906,4219.952779523989,10.549881948809974,rebalance,rebalance,0.0
2025-08-06,2025-08-07,STX,buy,11.188039429763307,143.79273165402034,1608.7587514585541,4.021896878646386,rebalance,rebalance,0.0
2025-08-06,2025-08-07,VRSN,buy,12.74819507490281,270.282642208996,3445.6158482404408,8.614039620601103,rebalance,rebalance,0.0
2025-08-06,2025-08-07,WDC,buy,495.9869563878213,73.51078491250816,36460.39047043469,91.15097617608673,rebalance,rebalance,0.0
2025-08-06,2025-08-07,ZS,buy,15.31758817319269,291.07000732421875,4458.490501760562,11.146226254401407,rebalance,rebalance,0.0
2025-09-04,2025-09-05,CACI,sell,74.1094956222681,464.260009765625,34406.07516131973,86.01518790329932,rebalance,rebalance,-2231.4814731943493
2025-09-04,2025-09-05,CRWD,sell,322.8797650899026,103.51750183105469,33423.7066739045,83.55926668476124,rebalance,rebalance,-4840.905376898902
2025-09-04,2025-09-05,INTU,sell,47.059261721831206,664.7521493210586,31282.745375049515,78.2068634376238,rebalance,rebalance,-4664.981466548897
2025-09-04,2025-09-05,LRCX,sell,371.8273851385262,101.14023425959583,37606.7088370435,94.01677209260876,rebalance,rebalance,961.1506183401177
2025-09-04,2025-09-05,MCHP,sell,555.5922114695109,63.087590263252046,35050.97379064259,87.62743447660647,rebalance,rebalance,-1588.1950904447947
2025-09-04,2025-09-05,MU,sell,319.94840530093336,127.56524026756098,40814.29519543654,102.03573798859135,rebalance,rebalance,1319.502048902974
2025-09-04,2025-09-05,NET,sell,63.83916259924101,212.11000061035156,13540.924817889343,33.852312044723355,rebalance,rebalance,1806.0552249705818
2025-09-04,2025-09-05,NVDA,sell,70.51647360536865,167.8065026792569,11833.122816991043,29.582807042477608,rebalance,rebalance,-1015.0737354550834
2025-09-04,2025-09-05,ORCL,sell,47.80795207475599,229.92936147771334,10992.451894105765,27.481129735264414,rebalance,rebalance,-1247.2266502260054
2025-09-04,2025-09-05,PLTR,sell,62.60892846508176,157.82000732421875,9880.941548920691,24.702353872301728,rebalance,rebalance,1462.4565441485208
2025-09-04,2025-09-05,SMCI,sell,238.80474707675523,40.9900016784668,9788.606983502035,24.471517458755088,rebalance,rebalance,-2296.3376050814777
2025-09-04,2025-09-05,STX,sell,134.80277454483036,184.4768254712781,24867.98791275072,62.1699697818768,rebalance,rebalance,5435.194390196456
2025-09-04,2025-09-05,VRSN,sell,134.89726965981671,273.86749904955036,36943.9778703468,92.359944675867,rebalance,rebalance,-697.8165115989709
2025-09-04,2025-09-05,WDC,sell,258.74858671023946,92.34740498950556,23894.760527392682,59.736901318481706,rebalance,rebalance,4766.659892742139
2025-09-04,2025-09-05,ZS,sell,44.00691160514374,269.6199951171875,11865.143292101358,29.662858230253395,rebalance,rebalance,-1505.5367565516794
2025-09-04,2025-09-05,AMD,buy,139.43704483522552,157.1199951171875,21908.34780366569,54.77086950916422,rebalance,rebalance,0.0
2025-09-04,2025-09-05,AVGO,buy,62.029540052984494,353.192169165723,21908.34780366569,54.77086950916422,rebalance,rebalance,0.0
2025-09-04,2025-09-05,CDNS,buy,62.05803438636978,353.0299987792969,21908.34780366569,54.77086950916422,rebalance,rebalance,0.0
2025-09-04,2025-09-05,COHR,buy,223.0538335510403,98.22000122070312,21908.34780366569,54.77086950916422,rebalance,rebalance,0.0
2025-09-04,2025-09-05,DELL,buy,174.36169735236237,125.64885600644138,21908.34780366569,54.77086950916422,rebalance,rebalance,0.0
2025-09-04,2025-09-05,LITE,buy,146.54413246599123,149.5,21908.34780366569,54.77086950916422,rebalance,rebalance,0.0
2025-09-04,2025-09-05,SNPS,buy,35.92887006892754,609.77001953125,21908.34780366569,54.77086950916422,rebalance,rebalance,0.0
2025-10-02,2025-10-03,AMD,sell,3.3488936727217435,170.67999267578125,571.5891475321174,1.4289728688302936,rebalance,rebalance,42.6665717635016
2025-10-02,2025-10-03,CDNS,sell,62.05803438636978,347.239990234375,21549.03125428755,53.872578135718875,rebalance,rebalance,-467.9599970230184
2025-10-02,2025-10-03,COHR,sell,223.0538335510403,114.33000183105469,25501.745198314205,63.75436299578551,rebalance,rebalance,3474.872162143568
2025-10-02,2025-10-03,DELL,sell,174.36169735236237,146.39448345803982,25525.590618766157,63.81397654691539,rebalance,rebalance,3498.657969044389
2025-10-02,2025-10-03,LITE,sell,10.615270223706545,170.8800048828125,1813.9374276593487,4.5348435691483715,rebalance,rebalance,218.45222839996137
2025-10-02,2025-10-03,NET,sell,0.054227407584122034,225.0,12.201166706427458,0.030502916766068644,rebalance,rebalance,2.231375625402862
2025-10-02,2025-10-03,NVDA,sell,7.62707925473012,188.94900408551683,1441.1290292625622,3.6028225731564056,rebalance,rebalance,51.06176833548476
2025-10-02,2025-10-03,ORCL,sell,14.163253719833378,286.3364357918345,4055.455589352531,10.138638973381328,rebalance,rebalance,427.4156817959706
2025-10-02,2025-10-03,PLTR,sell,14.207382649549544,186.39999389648438,2648.256039161053,6.620640097902633,rebalance,rebalance,736.8961722131826
2025-10-02,2025-10-03,SMCI,sell,534.480285595469,52.7400016784668,28188.49115941245,70.47122789853113,rebalance,rebalance,1124.9003625827308
2025-10-02,2025-10-03,SNPS,sell,35.92887006892754,473.5,17012.319977637188,42.53079994409297,rebalance,rebalance,-4993.329495481756
2025-10-02,2025-10-03,STX,sell,27.196724136574716,253.6791025135329,6899.240570274412,17.24810142568603,rebalance,rebalance,2973.931177847719
2025-10-02,2025-10-03,WDC,sell,60.65275832813836,131.53690420286873,7978.076061848084,19.94519015462021,rebalance,rebalance,3488.352420203821
2025-10-02,2025-10-03,ZS,sell,81.25639121884657,308.07000732421875,25032.657037929646,62.58164259482412,rebalance,rebalance,336.605957419466
2025-10-02,2025-10-03,ACLS,buy,248.23687848063096,93.56999969482422,23227.524643676756,58.06881160919189,rebalance,rebalance,0.0
2025-10-02,2025-10-03,ANET,buy,159.08174452118948,146.00999450683594,23227.524643676752,58.06881160919188,rebalance,rebalance,0.0
2025-10-02,2025-10-03,APP,buy,33.61338888478662,691.02001953125,23227.524643676756,58.06881160919189,rebalance,rebalance,0.0
2025-10-02,2025-10-03,AVGO,buy,6.367811050479524,339.5968450377662,2162.48854253947,5.406221356348675,rebalance,rebalance,0.0
2025-10-02,2025-10-03,GLW,buy,282.18817122020147,82.31218389927298,23227.524643676756,58.06881160919189,rebalance,rebalance,0.0
2025-10-02,2025-10-03,MDB,buy,70.65406735719165,328.75,23227.524643676756,58.06881160919189,rebalance,rebalance,0.0
2025-10-02,2025-10-03,UI,buy,34.04161023857293,682.3274363607333,23227.524643676756,58.06881160919189,rebalance,rebalance,0.0
2025-10-30,2025-10-31,ACLS,sell,48.61369241754923,81.19999694824219,3947.431675947782,9.868579189869456,rebalance,rebalance,-622.5920458781335
2025-10-30,2025-10-31,AMD,sell,136.08815116250378,259.6000061035156,35328.484872402136,88.32121218100534,rebalance,rebalance,13804.538589946067
2025-10-30,2025-10-31,ANET,sell,159.08174452118948,161.08999633789062,25626.477642343663,64.06619410585915,rebalance,rebalance,2276.8179929518606
2025-10-30,2025-10-31,APP,sell,7.53480892019909,621.5599975585938,4683.335814043417,11.708339535108541,rebalance,rebalance,-548.0930922099041
2025-10-30,2025-10-31,AVGO,sell,68.39735110346402,376.1619333582533,25728.479827662286,64.32119956915571,rebalance,rebalance,1533.1451910224591
2025-10-30,2025-10-31,GLW,sell,103.00177711542199,90.46112111415195,9317.656234611073,23.294140586527682,rebalance,rebalance,794.8651210983122
2025-10-30,2025-10-31,LITE,sell,55.36924016458468,201.2100067138672,11140.84518525781,27.852112963144524,rebalance,rebalance,2814.5974141777406
2025-10-30,2025-10-31,MDB,sell,24.92937878421388,354.5,8837.464779003822,22.093661947509556,rebalance,rebalance,599.3490085577226
2025-10-30,2025-10-31,NET,sell,34.69474476725232,236.5,8205.307137455173,20.513267843637934,rebalance,rebalance,1825.6282485706347
2025-10-30,2025-10-31,NVDA,sell,122.9301247502959,206.18701808603035,25346.59585520723,63.36648963801807,rebalance,rebalance,2936.7661027160025
2025-10-30,2025-10-31,ORCL,sell,18.055651787683274,257.0308055081987,4640.85872296378,11.602146807409449,rebalance,rebalance,17.07022406975655
2025-10-30,2025-10-31,PLTR,sell,124.61118779100369,199.1999969482422,24822.54822768477,62.05637056921192,rebalance,rebalance,8054.260783834939
2025-10-30,2025-10-31,STX,sell,32.711032248877835,275.4284331496902,9009.548359017408,22.52387089754352,rebalance,rebalance,4286.579012460256
2025-10-30,2025-10-31,UI,sell,13.127498268943082,775.0461565214383,10174.417078086171,25.43604269521543,rebalance,rebalance,1169.335665113864
2025-10-30,2025-10-31,WDC,sell,72.18412491644138,155.26026163930848,11207.326120731215,28.01831530182804,rebalance,rebalance,5859.730345397168
2025-10-30,2025-10-31,CIEN,buy,85.49713809916393,189.58999633789062,16209.40209912062,40.52350524780155,rebalance,rebalance,0.0
2025-10-30,2025-10-31,INTC,buy,398.4612088869201,40.68000030517578,16209.40209912062,40.52350524780155,rebalance,rebalance,0.0
2025-10-30,2025-10-31,LRCX,buy,100.07376912109011,161.97453380123122,16209.402099120618,40.523505247801545,rebalance,rebalance,0.0
2025-10-30,2025-10-31,MU,buy,71.24152725057529,227.52743694148873,16209.40209912062,40.52350524780155,rebalance,rebalance,0.0
2025-10-30,2025-10-31,TER,buy,90.22666813646964,179.6520079252353,16209.402099120618,40.523505247801545,rebalance,rebalance,0.0
2025-11-28,2025-12-01,ACLS,sell,199.62318606308173,81.4000015258789,16249.327650135661,40.62331912533915,rebalance,rebalance,-2516.7339816395793
2025-11-28,2025-12-01,APP,sell,26.078579964587533,588.1300048828125,15337.595361909682,38.34398840477421,rebalance,rebalance,-2766.621515062825
2025-11-28,2025-12-01,CIEN,sell,23.929401236146177,194.49000549316406,4654.029377866197,11.635073444665492,rebalance,rebalance,94.27727396084052
2025-11-28,2025-12-01,GLW,sell,34.76323236485993,82.91128193311269,2882.2641595092095,7.205660398773024,rebalance,rebalance,6.467329822553707
2025-11-28,2025-12-01,INTC,sell,98.05204437776803,39.86000061035156,3908.354548744052,9.77088637186013,rebalance,rebalance,-100.14542582654742
2025-11-28,2025-12-01,LITE,sell,42.544733186214074,314.989990234375,13401.165090849661,33.502912727124155,rebalance,rebalance,6991.323472755185
2025-11-28,2025-12-01,LRCX,sell,22.47058953178383,154.30178948930674,3467.2521756339283,8.668130439084822,rebalance,rebalance,-190.1783766137926
2025-11-28,2025-12-01,MDB,sell,9.042062131285576,326.42999267578125,2951.6002752895097,7.379000688223774,rebalance,rebalance,-35.78809587299744
2025-11-28,2025-12-01,MU,sell,19.64213770506352,232.06300667817794,4558.2135334238465,11.395533833559616,rebalance,rebalance,66.51993838519637
2025-11-28,2025-12-01,NET,sell,68.53869809353327,197.3300018310547,13524.741420295024,33.81185355073756,rebalance,rebalance,928.5390505100403
2025-11-28,2025-12-01,ORCL,sell,2.7657480578806144,198.58454104867837,549.2348087304954,1.3730870218262385,rebalance,rebalance,-158.62872216268843
2025-11-28,2025-12-01,STX,sell,14.619011967646237,270.71242851583435,3957.548232263559,9.893870580658897,rebalance,rebalance,1846.960377490648
2025-11-28,2025-12-01,TER,sell,23.31567015715052,178.95876376542805,4172.54350768614,10.43135876921535,rebalance,rebalance,-37.06657833728846
2025-11-28,2025-12-01,WDC,sell,29.540066374052188,159.9530101253862,4725.022535833349,11.812556339583374,rebalance,rebalance,2536.267730305791
2025-11-28,2025-12-01,AMD,buy,55.98611000243279,213.8800048828125,11974.309480690003,29.935773701725008,rebalance,rebalance,0.0
2025-11-28,2025-12-01,ANET,buy,92.83850114233891,128.97999572753906,11974.309480690003,29.935773701725008,rebalance,rebalance,0.0
2025-11-28,2025-12-01,COHR,buy,74.64814666991039,160.41000366210938,11974.309480690003,29.935773701725008,rebalance,rebalance,0.0
2025-11-28,2025-12-01,UI,buy,0.2123952657656254,566.7907783937032,120.38367801043628,0.3009591950260907,rebalance,rebalance,0.0
2025-12-29,2025-12-30,ANET,sell,92.83850114233891,134.25,12463.568778358998,31.158921945897497,rebalance,rebalance,428.16460202137387
2025-12-29,2025-12-30,ORCL,sell,60.29829621911395,194.18695089448133,11709.14228692197,29.272855717304925,rebalance,rebalance,-3722.8965362684594
2025-12-29,2025-12-30,UI,sell,21.126507235395472,565.6952630561941,11951.16506798563,29.877912669964076,rebalance,rebalance,-2505.345566898651
2025-12-29,2025-12-30,AMD,buy,23.394359402464836,215.8699951171875,5050.140249979813,12.625350624949533,rebalance,rebalance,0.0
2025-12-29,2025-12-30,APP,buy,24.5538139007011,697.8900146484375,17135.8615428353,42.83965385708825,rebalance,rebalance,0.0
2025-12-29,2025-12-30,AVGO,buy,49.14417114008778,348.68553371240546,17135.8615428353,42.83965385708825,rebalance,rebalance,0.0
2025-12-29,2025-12-30,CIEN,buy,9.781147983045486,240.1699981689453,2349.1382931782173,5.872845732945543,rebalance,rebalance,0.0
2025-12-29,2025-12-30,COHR,buy,15.540598292380665,190.0,2952.713675552326,7.381784188880816,rebalance,rebalance,0.0
2025-12-29,2025-12-30,GLW,buy,48.504745012152654,88.82002521727587,4308.192675136935,10.770481687842336,rebalance,rebalance,0.0
2025-12-29,2025-12-30,GOOGL,buy,54.94142653868735,311.8932765746258,17135.8615428353,42.83965385708825,rebalance,rebalance,0.0
2025-12-29,2025-12-30,INTC,buy,163.85151318458566,36.90999984741211,6047.7593266413,15.119398316603249,rebalance,rebalance,0.0
2025-12-29,2025-12-30,LITE,buy,7.806598091162066,373.9700012207031,2919.433497681416,7.29858374420354,rebalance,rebalance,0.0
2025-12-29,2025-12-30,LRCX,buy,19.646611227206137,176.20461081676422,3461.823485158128,8.65455871289532,rebalance,rebalance,0.0
2025-12-29,2025-12-30,MDB,buy,3.590616022592947,425.489990234375,1527.7711763884633,3.8194279409711585,rebalance,rebalance,0.0
2025-12-29,2025-12-30,MU,buy,6.580783673929091,294.53094747936166,1938.2444506390495,4.845611126597624,rebalance,rebalance,0.0
2025-12-29,2025-12-30,STX,buy,16.671488216709335,281.35823603015774,4690.660516650899,11.726651291627247,rebalance,rebalance,0.0
2025-12-29,2025-12-30,TER,buy,19.73153991077794,197.77654210188908,3902.435733899078,9.756089334747696,rebalance,rebalance,0.0
2025-12-29,2025-12-30,WDC,buy,20.265507636945586,180.13681255023516,3650.563950431826,9.126409876079565,rebalance,rebalance,0.0
2026-01-28,2026-01-29,AMD,sell,79.38046940489762,254.66000366210938,20215.03062935119,50.537576573377976,rebalance,rebalance,3097.482197781323
2026-01-28,2026-01-29,AVGO,sell,49.14417114008778,331.3394445196304,16283.402366934335,40.70850591733584,rebalance,rebalance,-936.0073356753876
2026-01-28,2026-01-29,CIEN,sell,9.543045549149,257.0,2452.562706131293,6.131406765328233,rebalance,rebalance,566.3056171632688
2026-01-28,2026-01-29,COHR,sell,18.314986141897563,221.0,4047.6119373593615,10.119029843398405,rebalance,rebalance,998.6248878249176
2026-01-28,2026-01-29,GLW,sell,40.82133389528832,104.42744452774342,4262.867580898713,10.657168952246781,rebalance,rebalance,816.7597721294169
2026-01-28,2026-01-29,GOOGL,sell,8.173868429160663,339.6393000059441,2776.1669516208135,6.940417379052034,rebalance,rebalance,213.47849106430067
2026-01-28,2026-01-29,INTC,sell,130.28043714170036,47.560001373291016,6196.137769372223,15.490344423430559,rebalance,rebalance,1041.3671824078524
2026-01-28,2026-01-29,LITE,sell,4.883083118454792,388.0,1894.6362499604593,4.736590624901148,rebalance,rebalance,970.8435057391644
2026-01-28,2026-01-29,LRCX,sell,32.454651188526086,245.14339795397703,7956.043471766364,19.89010867941591,rebalance,rebalance,2572.650720545706
2026-01-28,2026-01-29,MDB,sell,0.10100942306406324,395.3999938964844,39.93912526301801,0.09984781315754504,rebalance,rebalance,5.6760296095999925
2026-01-28,2026-01-29,MU,sell,22.007432164291004,439.11797215172794,9663.858984250179,24.159647460625447,rebalance,rebalance,4452.679673917299
2026-01-28,2026-01-29,STX,sell,25.540501402121727,449.1656691786534,11471.916403442341,28.679791008605854,rebalance,rebalance,6805.813551612679
2026-01-28,2026-01-29,TER,sell,23.382861763703097,251.09361400412868,5871.287266007165,14.678218165017913,rebalance,rebalance,1548.572856125669
2026-01-28,2026-01-29,WDC,sell,39.35202858960919,284.78941161395466,11207.041067850323,28.01760266962581,rebalance,rebalance,7382.867630940963
2026-01-28,2026-01-29,APP,buy,4.321120482613594,550.0999755859375,2377.0482719896327,5.942620679974082,rebalance,rebalance,0.0
2026-01-28,2026-01-29,KLAC,buy,97.040290012001,163.6856268395588,15884.10069930696,39.7102517482674,rebalance,rebalance,0.0
2026-01-28,2026-01-29,LSCC,buy,186.52066717059506,85.16000366210938,15884.100699306959,39.710251748267396,rebalance,rebalance,0.0
2026-02-26,2026-02-27,APP,sell,28.874934383314695,431.7900085449219,12467.90816410551,31.169770410263776,rebalance,rebalance,-7124.953695666741
2026-02-26,2026-02-27,CIEN,sell,16.172208364353125,340.6600036621094,5509.224560624932,13.77306140156233,rebalance,rebalance,2309.279524337952
2026-02-26,2026-02-27,COHR,sell,8.941394591887494,247.02000427246094,2208.703330289808,5.52175832572452,rebalance,rebalance,719.6031588433084
2026-02-26,2026-02-27,GLW,sell,47.41031507265912,148.48241197555785,7039.597934509571,17.598994836273928,rebalance,rebalance,3032.0313979929865
2026-02-26,2026-02-27,LITE,sell,18.075616009917365,679.9500122070312,12290.515326592922,30.726288316482307,rebalance,rebalance,8857.736334898143
2026-02-26,2026-02-27,LSCC,sell,186.52066717059506,95.3499984741211,17784.745330108286,44.46186332527071,rebalance,rebalance,1816.472515727792
2026-02-26,2026-02-27,TER,sell,15.243012952219324,323.75329423063005,4934.9756572811675,12.33743914320292,rebalance,rebalance,2114.2800226112477
2026-02-26,2026-02-27,AMAT,buy,42.57944457177843,365.09524811662715,15545.55288060162,38.86388220150405,rebalance,rebalance,0.0
2026-02-26,2026-02-27,AMD,buy,77.68503739536473,200.11000061035156,15545.552880601621,38.863882201504055,rebalance,rebalance,0.0
2026-02-26,2026-02-27,GOOGL,buy,4.445017390451952,303.5495233120643,1349.282909985526,3.373207274963815,rebalance,rebalance,0.0
2026-02-26,2026-02-27,INTC,buy,15.672328065104068,44.459999084472656,696.791691426082,1.7419792285652052,rebalance,rebalance,0.0
2026-02-26,2026-02-27,KLAC,buy,7.053786517666239,149.34137848056199,1053.422202055879,2.633555505139698,rebalance,rebalance,0.0
2026-02-26,2026-02-27,LRCX,buy,1.9192505708859358,233.01648766122423,447.2170269696402,1.1180425674241006,rebalance,rebalance,0.0
2026-02-26,2026-02-27,MDB,buy,7.109585495057729,328.7850036621094,2337.525093028635,5.843812732571588,rebalance,rebalance,0.0
2026-02-26,2026-02-27,MU,buy,2.5382797268396047,401.57951318695996,1019.3211370365782,2.5483028425914456,rebalance,rebalance,0.0
2026-02-26,2026-02-27,STX,buy,3.595866680023441,399.0189538375982,1434.8189608024309,3.5870474020060774,rebalance,rebalance,0.0
2026-02-26,2026-02-27,WDC,buy,0.6320928332144717,275.5962044080453,174.20238566743603,0.4355059641685901,rebalance,rebalance,0.0
2026-03-26,2026-03-27,AMAT,sell,42.57944457177843,336.850592170845,14342.911118309237,35.85727779577309,market_trend_exit,risk_exit,-1277.362922289658
2026-03-26,2026-03-27,AMD,sell,77.68503739536473,201.77000427246094,15674.51032716903,39.18627581792258,market_trend_exit,risk_exit,50.90728854798371
2026-03-26,2026-03-27,CIEN,sell,45.63363093256112,394.82000732421875,18017.070499024478,45.0426762475612,market_trend_exit,risk_exit,8981.505767046137
2026-03-26,2026-03-27,COHR,sell,62.932364228505996,243.80999755859375,15343.53956890858,38.35884892227145,market_trend_exit,risk_exit,4863.2864386651945
2026-03-26,2026-03-27,GLW,sell,104.69625778412477,134.9486782998107,14128.621610903905,35.321554027259765,market_trend_exit,risk_exit,5282.249768477396
2026-03-26,2026-03-27,GOOGL,sell,51.21257549997864,276.9364822022131,14182.63050347933,35.45657625869833,market_trend_exit,risk_exit,-1828.4353435547862
2026-03-26,2026-03-27,INTC,sell,349.6525686171414,43.619998931884766,15251.844669610473,38.12961167402619,market_trend_exit,risk_exit,1340.386388695151
2026-03-26,2026-03-27,KLAC,sell,104.09407652966723,143.31491178032704,14918.233394703871,37.29558348675968,market_trend_exit,risk_exit,-2098.9288973991365
2026-03-26,2026-03-27,LITE,sell,22.862787854275833,706.4099731445312,16150.501354148106,40.37625338537026,market_trend_exit,risk_exit,11807.067922311468
2026-03-26,2026-03-27,LRCX,sell,66.71439019887227,209.52240405055184,13978.15941923429,34.94539854808573,market_trend_exit,risk_exit,2786.7403672595774
2026-03-26,2026-03-27,MDB,sell,47.281818536278806,237.6300048828125,11235.578769644188,28.08894692411047,market_trend_exit,risk_exit,-4722.868415843376
2026-03-26,2026-03-27,MU,sell,38.71102078198946,359.6535453411198,13922.555868016278,34.806389670040694,market_trend_exit,risk_exit,4340.182096410343
2026-03-26,2026-03-27,STX,sell,38.95943471128618,378.26028310021655,14736.806803315514,36.842017008288785,market_trend_exit,risk_exit,6840.548347686238
2026-03-26,2026-03-27,TER,sell,48.01666317417464,293.176609368272,14077.36250258289,35.19340625645722,market_trend_exit,risk_exit,5195.624783221596
2026-03-26,2026-03-27,WDC,sell,56.40699193950077,274.828331255309,15502.239465864664,38.75559866466166,market_trend_exit,risk_exit,9908.431896931339
2026-04-24,2026-04-27,AKAM,buy,154.4313524961038,95.25,14709.586325253887,36.77396581313472,rebalance,rebalance,0.0
2026-04-24,2026-04-27,AMAT,buy,35.441397363673545,415.0396829536639,14709.586325253887,36.77396581313472,rebalance,rebalance,0.0
2026-04-24,2026-04-27,CIEN,buy,28.516897592939188,515.8200073242188,14709.586325253887,36.77396581313472,rebalance,rebalance,0.0
2026-04-24,2026-04-27,COHR,buy,44.50706906279542,330.5,14709.586325253887,36.77396581313472,rebalance,rebalance,0.0
2026-04-24,2026-04-27,ENTG,buy,94.32850626750498,155.93999001255426,14709.586325253887,36.77396581313472,rebalance,rebalance,0.0
2026-04-24,2026-04-27,GLW,buy,83.72019845198928,175.69937240042904,14709.586325253887,36.77396581313472,rebalance,rebalance,0.0
2026-04-24,2026-04-27,KEYS,buy,42.46416450471876,346.3999938964844,14709.586325253887,36.77396581313472,rebalance,rebalance,0.0
2026-04-24,2026-04-27,KLAC,buy,77.2099011375466,190.51424893096677,14709.586325253886,36.773965813134716,rebalance,rebalance,0.0
2026-04-24,2026-04-27,LITE,buy,17.189216891931135,855.7449951171875,14709.586325253886,36.773965813134716,rebalance,rebalance,0.0
2026-04-24,2026-04-27,LRCX,buy,54.97440821625856,267.5715265071932,14709.586325253887,36.77396581313472,rebalance,rebalance,0.0
2026-04-24,2026-04-27,LSCC,buy,119.0770377285809,123.52999877929688,14709.586325253887,36.77396581313472,rebalance,rebalance,0.0
2026-04-24,2026-04-27,MU,buy,28.815123375730057,510.4814625795857,14709.586325253887,36.77396581313472,rebalance,rebalance,0.0
2026-04-24,2026-04-27,STX,buy,24.561703781058224,598.8829788183422,14709.586325253887,36.77396581313472,rebalance,rebalance,0.0
2026-04-24,2026-04-27,TER,buy,34.92975001549751,421.11914109684693,14709.586325253887,36.77396581313472,rebalance,rebalance,0.0
2026-04-24,2026-04-27,WDC,buy,35.73560684025343,411.6226818536816,14709.586325253887,36.77396581313472,rebalance,rebalance,0.0
2026-05-22,2026-05-26,AKAM,sell,154.4313524961038,148.4499969482422,22925.333806759525,57.31333451689881,rebalance,rebalance,8121.660181175604
2026-05-22,2026-05-26,AMAT,sell,35.441397363673545,444.26493132962713,15745.369965998456,39.36342491499614,rebalance,rebalance,959.646250016439
2026-05-22,2026-05-26,CIEN,sell,4.706949982362126,591.0,2781.8074395760163,6.954518598940041,rebalance,rebalance,340.84409916437164
2026-05-22,2026-05-26,COHR,sell,7.798020642973356,383.3299865722656,2989.2151483612265,7.473037870903067,rebalance,rebalance,398.05317343137307
2026-05-22,2026-05-26,GLW,sell,12.730834915232577,198.22235806586775,2523.536117044683,6.308840292611708,rebalance,rebalance,274.83557275038885
2026-05-22,2026-05-26,KEYS,sell,2.282329703604738,350.20001220703125,799.2718900628493,1.9981797251571232,rebalance,rebalance,4.698217450749891
2026-05-22,2026-05-26,KLAC,sell,77.2099011375466,193.4523551525107,14936.437216150904,37.34109304037726,rebalance,rebalance,152.7358320435073
2026-05-22,2026-05-26,LITE,sell,2.5770333266992704,963.010009765625,2481.7088891110056,6.204272222777514,rebalance,rebalance,264.7080368861987
2026-05-22,2026-05-26,LRCX,sell,54.97440821625856,314.54841472460635,17292.112954847504,43.23028238711876,rebalance,rebalance,2502.522381393365
2026-05-22,2026-05-26,LSCC,sell,119.0770377285809,148.39999389648438,17671.031672132845,44.17757918033212,rebalance,rebalance,2880.493801885493
2026-05-22,2026-05-26,MU,sell,11.66235905679823,820.373834573117,9567.494219594086,23.918735548985214,rebalance,rebalance,3575.273830331355
2026-05-22,2026-05-26,STX,sell,7.619667275606737,830.577778139196,6328.726315933384,15.821815789833462,rebalance,rebalance,1738.2072419344963
2026-05-22,2026-05-26,WDC,sell,7.854242915477119,504.69837400409523,3964.0236284744865,9.910059071186216,rebalance,rebalance,713.046575272332
2026-05-22,2026-05-26,ENTG,buy,6.824975740348762,139.11215668046398,949.4370945317627,2.3735927363294067,rebalance,rebalance,0.0
2026-05-22,2026-05-26,INTC,buy,115.24716800740595,122.0999984741211,14071.679037851043,35.17919759462761,rebalance,rebalance,0.0
2026-05-22,2026-05-26,MCHP,buy,147.70808248209767,95.26681818211635,14071.679037851043,35.17919759462761,rebalance,rebalance,0.0
2026-05-22,2026-05-26,MRVL,buy,66.63108258696452,211.187909478811,14071.679037851045,35.17919759462762,rebalance,rebalance,0.0
2026-05-22,2026-05-26,ON,buy,114.59021733020727,122.80000305175781,14071.679037851043,35.17919759462761,rebalance,rebalance,0.0
2026-05-22,2026-05-26,TER,buy,2.9495489784430973,371.487313957474,1095.7200273878375,2.7393000684695936,rebalance,rebalance,0.0
2026-05-22,2026-05-26,UI,buy,22.694289294656063,620.0537437039093,14071.679037851043,35.17919759462761,rebalance,rebalance,0.0
2026-06-23,2026-06-24,CIEN,sell,2.601076793469268,449.3599853515625,1168.8198298116395,2.922049574529099,rebalance,rebalance,-179.14388904770817
2026-06-23,2026-06-24,COHR,sell,11.961144684040395,385.1000061035156,4606.23689082899,11.515592227072474,rebalance,rebalance,631.6800847313787
2026-06-23,2026-06-24,ENTG,sell,101.15348200785374,168.177553703767,17011.74515269885,42.52936288174713,rebalance,rebalance,1271.0448114819887
2026-06-23,2026-06-24,GLW,sell,21.87732081925556,194.0546015265328,4245.394774048757,10.613486935121895,rebalance,rebalance,381.34017052322884
2026-06-23,2026-06-24,INTC,sell,43.61682106189471,133.0500030517578,5803.218175393065,14.508045438482664,rebalance,rebalance,449.782310388468
2026-06-23,2026-06-24,KEYS,sell,40.18183480111402,350.0,14063.642180389908,35.15910545097477,rebalance,rebalance,74.69827675885549
2026-06-23,2026-06-24,LITE,sell,3.060161892869756,825.0,2524.6335616175484,6.3115839040438715,rebalance,rebalance,-106.94304191830676
2026-06-23,2026-06-24,MCHP,sell,147.70808248209767,92.30465033475981,13634.142905127886,34.08535726281972,rebalance,rebalance,-506.8006875806039
2026-06-23,2026-06-24,MRVL,sell,32.82094478265874,281.8804801938732,9251.583675752443,23.128959189381106,rebalance,rebalance,2279.739534004452
2026-06-23,2026-06-24,MU,sell,8.345050464707551,1082.05353141983,9029.7913252135,22.57447831303375,rebalance,rebalance,4736.573296459793
2026-06-23,2026-06-24,ON,sell,33.2310067330034,117.13999938964844,3892.680108421421,9.731700271053553,rebalance,rebalance,-208.0212393959982
2026-06-23,2026-06-24,STX,sell,7.6686759097841595,1027.719970703125,7881.251381335137,19.703128453337843,rebalance,rebalance,3257.4271817566914
2026-06-23,2026-06-24,TER,sell,15.34383556071463,422.90756113971116,6489.024075510597,16.22256018877649,rebalance,rebalance,54.51202282888941
2026-06-23,2026-06-24,UI,sell,22.694289294656063,560.0639831542969,12710.254057220995,31.775635143052487,rebalance,rebalance,-1428.3798133677265
2026-06-23,2026-06-24,WDC,sell,13.40756511897044,658.4600219726562,8828.345622837096,22.07086405709274,rebalance,rebalance,3273.6197026030186
2026-06-23,2026-06-24,ACLS,buy,55.338623923741196,172.22000122070312,9530.41787969874,23.82604469924685,rebalance,rebalance,0.0
2026-06-23,2026-06-24,AMD,buy,18.298870522779097,520.8200073242188,9530.41787969874,23.82604469924685,rebalance,rebalance,0.0
2026-06-23,2026-06-24,DELL,buy,22.63358469242515,421.0741696116883,9530.41787969874,23.82604469924685,rebalance,rebalance,0.0
2026-06-23,2026-06-24,LSCC,buy,65.74062081429922,144.97000122070312,9530.41787969874,23.82604469924685,rebalance,rebalance,0.0
2026-07-22,2026-07-23,AMD,sell,1.2016444710520524,544.739990234375,654.5837974260858,1.6364594935652144,rebalance,rebalance,25.542254512547558
2026-07-22,2026-07-23,CIEN,sell,21.208870817107794,394.1000061035156,8358.416118470856,20.89604029617714,rebalance,rebalance,-2629.7897217948184
2026-07-22,2026-07-23,DELL,sell,1.3697884539486793,438.0,599.9673428295215,1.4999183570738037,rebalance,rebalance,20.242932342853933
2026-07-22,2026-07-23,LITE,sell,0.47765454697246135,841.0,401.70747400384,1.0042686850096,rebalance,rebalance,-9.069158867737563
2026-07-22,2026-07-23,LSCC,sell,65.74062081429922,133.86000061035156,8800.039542326984,22.00009885581746,rebalance,rebalance,-776.2044809268191
2026-07-22,2026-07-23,ACLS,buy,11.425123405668785,139.5,1593.8047150907955,3.984511787726989,rebalance,rebalance,0.0
2026-07-22,2026-07-23,AMAT,buy,16.9836290439316,548.3835479661813,9313.542752452693,23.283856881131733,rebalance,rebalance,0.0
2026-07-22,2026-07-23,COHR,buy,5.418394920192458,308.739990234375,1672.8751947462067,4.182187986865517,rebalance,rebalance,0.0
2026-07-22,2026-07-23,GLW,buy,12.17181539753065,151.9738319178742,1849.7974273597163,4.6244935683992905,rebalance,rebalance,0.0
2026-07-22,2026-07-23,HPE,buy,196.15717864882737,47.47999954223633,9313.542752452693,23.283856881131733,rebalance,rebalance,0.0
2026-07-22,2026-07-23,INTC,buy,20.455304712164406,101.13999938964844,2068.849506103381,5.172123765258452,rebalance,rebalance,0.0
2026-07-22,2026-07-23,MRVL,buy,10.996668339756518,207.86000061035156,2285.7674878136236,5.714418719534059,rebalance,rebalance,0.0
2026-07-22,2026-07-23,MU,buy,0.7433641618521154,975.1300048828125,724.876698776561,1.8121917469414026,rebalance,rebalance,0.0
2026-07-22,2026-07-23,ON,buy,23.452208359366907,88.86000061035156,2083.963249127435,5.209908122818588,rebalance,rebalance,0.0
2026-07-22,2026-07-23,STX,buy,1.0178468656063675,905.0,921.1514133737626,2.3028785334344066,rebalance,rebalance,0.0
2026-07-22,2026-07-23,TER,buy,3.1336568780709904,362.83061669058475,1136.98665756719,2.842466643917975,rebalance,rebalance,0.0
2026-07-22,2026-07-23,WDC,buy,2.2856182449593323,555.719970703125,1270.1637041273282,3.1754092603183204,rebalance,rebalance,0.0
2026-08-19,2026-08-20,AMAT,sell,16.9836290439316,489.5799865722656,8314.844879276374,20.787112198190936,rebalance,rebalance,-1042.7688422556423
2026-08-19,2026-08-20,COHR,sell,30.16629865597413,291.54998779296875,8794.984004908307,21.987460012270766,rebalance,rebalance,-1103.6909779745665
2026-08-19,2026-08-20,GLW,sell,61.28385811503179,151.97383473380748,9313.542925023949,23.28385731255987,rebalance,rebalance,-1214.6903236916583
2026-08-19,2026-08-20,LITE,sell,11.074367125389648,830.0,9191.724714073407,22.97931178518352,rebalance,rebalance,-331.7809249583877
2026-08-19,2026-08-20,ON,sell,104.81141895657078,76.0,7965.667840699379,19.914169601748448,rebalance,rebalance,-4159.308074051928
2026-08-19,2026-08-20,TER,sell,25.669120311296968,377.19510206679684,9682.266455784547,24.205666139461368,rebalance,rebalance,-908.2984605964181
2026-08-19,2026-08-20,ACLS,buy,48.45057348979272,124.5999984741211,6036.941382898464,15.092353457246162,rebalance,rebalance,0.0
2026-08-19,2026-08-20,AMD,buy,13.730836276356193,465.6700134277344,6394.038713184811,15.985096782962028,rebalance,rebalance,0.0
2026-08-19,2026-08-20,CRWD,buy,72.76632248671375,197.28500366210938,14355.704198269554,35.88926049567389,rebalance,rebalance,0.0
2026-08-19,2026-08-20,DDOG,buy,61.541149463443205,233.27000427246094,14355.704198269554,35.88926049567389,rebalance,rebalance,0.0
2026-08-19,2026-08-20,DELL,buy,11.419257484863845,439.239990234375,5015.794546135409,12.539486365338524,rebalance,rebalance,0.0
2026-08-19,2026-08-20,FTNT,buy,94.44542235703653,152.0,14355.704198269554,35.88926049567389,rebalance,rebalance,0.0
2026-08-19,2026-08-20,HPE,buy,72.92819358849687,53.349998474121094,3890.7190166667156,9.72679754166679,rebalance,rebalance,0.0
2026-08-19,2026-08-20,INTC,buy,64.17541037656545,91.87000274658203,5895.795127558097,14.739487818895244,rebalance,rebalance,0.0
2026-08-19,2026-08-20,MRVL,buy,15.620452161645893,237.57000732421875,3710.9509344498233,9.277377336124559,rebalance,rebalance,0.0
2026-08-19,2026-08-20,MU,buy,5.802451944386853,935.010009765625,5425.350649185721,13.563376622964302,rebalance,rebalance,0.0
2026-08-19,2026-08-20,NTAP,buy,73.96416337335468,194.08999633789062,14355.704198269554,35.88926049567389,rebalance,rebalance,0.0
2026-08-19,2026-08-20,PANW,buy,40.53909521126837,354.1199951171875,14355.704198269554,35.88926049567389,rebalance,rebalance,0.0
2026-08-19,2026-08-20,STX,buy,6.928474340365147,833.6799926757812,5776.1304373299545,14.440326093324886,rebalance,rebalance,0.0
2026-08-19,2026-08-20,TWLO,buy,65.29772026256038,219.85000610351562,14355.704198269554,35.88926049567389,rebalance,rebalance,0.0
2026-08-19,2026-08-20,WDC,buy,14.220327321069977,463.3900146484375,6589.557685616192,16.47389421404048,rebalance,rebalance,0.0
