signal_date,execution_date,ticker,side,quantity,price,notional,cost,reason,event_type,realized_pnl
2005-01-03,2005-01-04,ADBE,buy,214.1557069752629,31.09889880624707,6660.006660004001,6.660006660004001,rebalance,rebalance,0.0
2005-01-03,2005-01-04,ADSK,buy,177.83402493703937,37.45068842906704,6660.006660004,6.660006660004,rebalance,rebalance,0.0
2005-01-03,2005-01-04,AET,buy,239.94165664013443,27.75677534807017,6660.006660004001,6.660006660004001,rebalance,rebalance,0.0
2005-01-03,2005-01-04,AMD,buy,310.0561825854962,21.479999542236328,6660.006660004001,6.660006660004001,rebalance,rebalance,0.0
2005-01-03,2005-01-04,BEN,buy,586.6698497684582,11.35222248532546,6660.006660004001,6.660006660004001,rebalance,rebalance,0.0
2005-01-03,2005-01-04,DRI,buy,500.8616922356945,13.29709730899114,6660.006660004001,6.660006660004001,rebalance,rebalance,0.0
2005-01-03,2005-01-04,GT,buy,499.1632369059885,13.34234207888658,6660.006660004001,6.660006660004001,rebalance,rebalance,0.0
2005-01-03,2005-01-04,HUM,buy,260.4252578342022,25.573581899817274,6660.006660004001,6.660006660004001,rebalance,rebalance,0.0
2005-01-03,2005-01-04,NSC,buy,303.0499049769118,21.976600390326475,6660.006660004001,6.660006660004001,rebalance,rebalance,0.0
2005-01-03,2005-01-04,NTAP,buy,278.7114610443993,23.895704306695333,6660.006660004001,6.660006660004001,rebalance,rebalance,0.0
2005-01-03,2005-01-04,NUE,buy,484.01180687510515,13.760008672107777,6660.006660004001,6.660006660004001,rebalance,rebalance,0.0
2005-01-03,2005-01-04,PCAR,buy,575.0330366936206,11.581954835670551,6660.006660004001,6.660006660004001,rebalance,rebalance,0.0
2005-01-03,2005-01-04,PH,buy,190.2839619216371,35.00035732253006,6660.006660004001,6.660006660004001,rebalance,rebalance,0.0
2005-01-03,2005-01-04,R,buy,245.6872585114819,27.107659959064396,6660.006660004001,6.660006660004001,rebalance,rebalance,0.0
2005-01-03,2005-01-04,UNH,buy,200.57722275924192,33.20420219397584,6660.006660004001,6.660006660004001,rebalance,rebalance,0.0
2005-02-01,2005-02-02,ADBE,sell,58.931584231045605,29.844145164127408,1758.7627545433268,1.7587627545433269,rebalance,rebalance,-77.53609007882233
2005-02-01,2005-02-02,ADSK,sell,17.788423775745116,28.945070770699143,514.8871850881296,0.5148871850881296,rebalance,rebalance,-152.4826072830667
2005-02-01,2005-02-02,AET,sell,83.22458055973942,29.55983717930194,2460.1050506615948,2.460105050661595,rebalance,rebalance,145.28891359084432
2005-02-01,2005-02-02,AMD,sell,27.239852335089495,16.3799991607666,446.18875838817206,0.44618875838817207,rebalance,rebalance,-139.95455807421183
2005-02-01,2005-02-02,BEN,sell,169.04703385098185,11.092620124155655,1875.1745296242234,1.8751745296242235,rebalance,rebalance,-47.67924320485155
2005-02-01,2005-02-02,DRI,sell,500.8616922356945,14.287099472799394,7155.860819086003,7.155860819086003,rebalance,rebalance,482.0382916029127
2005-02-01,2005-02-02,GT,sell,499.1632369059885,14.241929054260254,7109.0474065099925,7.109047406509992,rebalance,rebalance,435.27169243947753
2005-02-01,2005-02-02,HUM,sell,108.38345613774791,30.468800030411533,3302.3138516659205,3.3023138516659207,rebalance,rebalance,524.4865924981818
2005-02-01,2005-02-02,NSC,sell,303.0499049769118,21.7104849311171,6579.360395377714,6.579360395377714,rebalance,rebalance,-93.88563168166911
2005-02-01,2005-02-02,NTAP,sell,82.4422789426709,23.602947760548883,1945.8808031444603,1.9458808031444603,rebalance,rebalance,-28.051413962826896
2005-02-01,2005-02-02,NUE,sell,484.01180687510515,15.344341125100323,7426.842273267791,7.426842273267791,rebalance,rebalance,752.7487643305191
2005-02-01,2005-02-02,PCAR,sell,575.0330366936206,10.137654344764135,5829.486162819997,5.829486162819997,rebalance,rebalance,-843.0099900068269
2005-02-01,2005-02-02,PH,sell,190.2839619216371,30.702064831315756,5842.11053527772,5.842110535277721,rebalance,rebalance,-830.3982419215612
2005-02-01,2005-02-02,R,sell,245.6872585114819,26.44011216429162,6495.9986723808925,6.4959986723808925,rebalance,rebalance,-177.16399295549277
2005-02-01,2005-02-02,UNH,sell,66.77735854482134,34.622839711772066,2312.021781272882,2.312021781272882,rebalance,rebalance,90.20355547463961
2005-02-01,2005-02-02,ADM,buy,325.99614484107457,14.210386611814513,4632.531252152751,4.632531252152751,rebalance,rebalance,0.0
2005-02-01,2005-02-02,AES,buy,519.635514410357,8.914962745395485,4632.531252152751,4.632531252152751,rebalance,rebalance,0.0
2005-02-01,2005-02-02,EBAY,buy,317.91637974446684,14.571540025324467,4632.531252152751,4.632531252152751,rebalance,rebalance,0.0
2005-02-01,2005-02-02,KBH,buy,114.32896726024047,40.51931337408118,4632.531252152751,4.632531252152751,rebalance,rebalance,0.0
2005-02-01,2005-02-02,PTC,buy,326.8099604810369,14.175000190734863,4632.531252152751,4.632531252152751,rebalance,rebalance,0.0
2005-02-01,2005-02-02,RIG,buy,113.02570316262724,40.98652892685149,4632.531252152751,4.632531252152751,rebalance,rebalance,0.0
2005-02-01,2005-02-02,TPR,buy,253.93248106132828,18.243161460837023,4632.531252152751,4.632531252152751,rebalance,rebalance,0.0
2005-03-02,2005-03-03,ADBE,sell,155.22412274421728,31.22887388139693,4847.4745525296385,4.847474552529639,rebalance,rebalance,10.500493180710667
2005-03-02,2005-03-03,ADSK,sell,160.04560116129426,29.584742966843645,4734.907973330864,4.734907973330864,rebalance,rebalance,-1269.6386961203625
2005-03-02,2005-03-03,AET,sell,156.717076080395,34.21304596996222,5361.76852821662,5.36176852821662,rebalance,rebalance,1002.0961250444888
2005-03-02,2005-03-03,AMD,sell,282.8163302504067,17.75,5019.9898619447185,5.019989861944719,rebalance,rebalance,-1065.9996668772346
2005-03-02,2005-03-03,BEN,sell,417.6228159174764,11.747339549785858,4905.957022320309,4.905957022320309,rebalance,rebalance,155.36299693343537
2005-03-02,2005-03-03,EBAY,sell,317.91637974446684,15.733255208374889,5001.859537442322,5.001859537442322,rebalance,rebalance,359.69389449997635
2005-03-02,2005-03-03,PTC,sell,326.8099604810369,14.149999618530273,4624.360816138566,4.624360816138567,rebalance,rebalance,-17.427328082475892
2005-03-02,2005-03-03,TPR,sell,253.93248106132828,18.983189020148373,4820.448286342442,4.820448286342442,rebalance,rebalance,178.46405465119608
2005-03-02,2005-03-03,UNH,sell,133.79986421442058,35.10212840499647,4696.660014225684,4.696660014225684,rebalance,rebalance,244.8028915644231
2005-03-02,2005-03-03,ADM,buy,123.99634010226549,14.460993056564897,1793.1102132583208,1.7931102132583208,rebalance,rebalance,0.0
2005-03-02,2005-03-03,AES,buy,91.56180732242547,10.646869626037162,974.8466252861987,0.9748466252861987,rebalance,rebalance,0.0
2005-03-02,2005-03-03,CIEN,buy,457.94075881794305,14.210000038146973,6507.338200272025,6.507338200272025,rebalance,rebalance,0.0
2005-03-02,2005-03-03,DDS,buy,419.57933329149836,15.50919619711374,6507.338200272025,6.507338200272025,rebalance,rebalance,0.0
2005-03-02,2005-03-03,DRI,buy,479.75034749084585,13.5640093525856,6507.338200272025,6.507338200272025,rebalance,rebalance,0.0
2005-03-02,2005-03-03,GT,buy,504.9107044477021,12.888097128758824,6507.338200272025,6.507338200272025,rebalance,rebalance,0.0
2005-03-02,2005-03-03,HAL,buy,412.27360854889486,15.784028046753487,6507.338200272025,6.507338200272025,rebalance,rebalance,0.0
2005-03-02,2005-03-03,HUM,buy,66.85105164298446,29.728417812622904,1987.3759944558728,1.9873759944558729,rebalance,rebalance,0.0
2005-03-02,2005-03-03,KBH,buy,30.579581774800104,44.90651685911556,1373.2225045147638,1.373222504514764,rebalance,rebalance,0.0
2005-03-02,2005-03-03,NTAP,buy,100.5042646162313,21.926955636486944,2203.752551517848,2.203752551517848,rebalance,rebalance,0.0
2005-03-02,2005-03-03,NUE,buy,388.0223674639886,16.770523418024233,6507.338200272025,6.507338200272025,rebalance,rebalance,0.0
2005-03-02,2005-03-03,RIG,buy,30.09348128258391,45.46796591594023,1368.2893812485106,1.3682893812485106,rebalance,rebalance,0.0
2005-03-02,2005-03-03,ROK,buy,168.40210737069043,38.6416672681413,6507.338200272025,6.507338200272025,rebalance,rebalance,0.0
2005-03-02,2005-03-03,VLO,buy,359.4342766482385,18.104389656305518,6507.338200272025,6.507338200272025,rebalance,rebalance,0.0
2005-03-02,2005-03-03,WMB,buy,1033.9256668157955,6.293816285954892,6507.3382002720255,6.5073382002720255,rebalance,rebalance,0.0
2005-03-31,2005-04-01,ADM,sell,67.44631082654342,14.638653700320505,987.3231875539468,0.9873231875539469,rebalance,rebalance,22.277103691310476
2005-03-31,2005-04-01,AES,sell,66.41728261595267,10.279306445141922,682.7236012629749,0.6827236012629748,rebalance,rebalance,72.09182395084993
2005-03-31,2005-04-01,CIEN,sell,457.94075881794305,12.319999694824219,5641.83000888463,5.6418300088846305,rebalance,rebalance,-877.6573595965509
2005-03-31,2005-04-01,DDS,sell,419.57933329149836,17.71681999728954,7433.611522508231,7.433611522508231,rebalance,rebalance,912.3323725134272
2005-03-31,2005-04-01,DRI,sell,479.75034749084585,14.947100625102626,7170.876718873625,7.170876718873624,rebalance,rebalance,649.860303682455
2005-03-31,2005-04-01,GT,sell,32.89074684990817,11.863822444664509,390.20998069971904,0.3902099806997191,rebalance,rebalance,-34.50326846005448
2005-03-31,2005-04-01,HAL,sell,412.27360854889486,15.773269951549501,6502.902921541165,6.502902921541165,rebalance,rebalance,-17.44551985267268
2005-03-31,2005-04-01,HUM,sell,18.921179818034915,28.003771077501675,529.8643881404945,0.5298643881404945,rebalance,rebalance,20.935031741382225
2005-03-31,2005-04-01,KBH,sell,17.943326607136044,44.10625886516411,791.4130082365291,0.7914130082365292,rebalance,rebalance,46.21441499344712
2005-03-31,2005-04-01,NTAP,sell,296.7734467179597,20.32415182456329,6031.668588594757,6.031668588594758,rebalance,rebalance,-874.999714423064
2005-03-31,2005-04-01,NUE,sell,388.0223674639886,15.799783070014218,6130.669232244362,6.1306692322443626,rebalance,rebalance,-389.3069754601773
2005-03-31,2005-04-01,RIG,sell,143.11918444521115,48.362232644838855,6921.563294078904,6.921563294078904,rebalance,rebalance,907.8202767501621
2005-03-31,2005-04-01,ROK,sell,14.897205238969178,36.4806653697158,543.4599592668117,0.5434599592668117,rebalance,rebalance,-33.312001609982865
2005-03-31,2005-04-01,VLO,sell,67.00948777978027,19.15008980239816,1283.2377085954943,1.2832377085954942,rebalance,rebalance,67.57542757487933
2005-03-31,2005-04-01,WMB,sell,149.33835629265877,6.330591565875541,945.4001388080222,0.9454001388080222,rebalance,rebalance,3.60665153779179
2005-03-31,2005-04-01,AET,buy,164.99591392884864,33.93999786984528,5599.960967278298,5.599960967278299,rebalance,rebalance,0.0
2005-03-31,2005-04-01,AMD,buy,343.345257550242,16.309999465942383,5599.960967278297,5.599960967278298,rebalance,rebalance,0.0
2005-03-31,2005-04-01,ATI,buy,281.19532982699207,19.914843431872512,5599.960967278298,5.599960967278299,rebalance,rebalance,0.0
2005-03-31,2005-04-01,EOG,buy,335.8915607346238,16.67193112869731,5599.960967278297,5.599960967278298,rebalance,rebalance,0.0
2005-03-31,2005-04-01,FLR,buy,245.88589237293536,22.774633035004836,5599.960967278297,5.599960967278298,rebalance,rebalance,0.0
2005-03-31,2005-04-01,HSY,buy,155.71951031404873,35.96184547449786,5599.960967278297,5.599960967278298,rebalance,rebalance,0.0
2005-03-31,2005-04-01,MCK,buy,173.7801676021118,32.22439616987828,5599.960967278297,5.599960967278298,rebalance,rebalance,0.0
2005-04-15,2005-04-18,ADM,sell,382.54617411679664,12.068598169331878,4616.796056630886,4.616796056630886,market_trend_exit,risk_exit,-855.8290856271447
2005-04-15,2005-04-18,AES,sell,544.7800391168298,10.217007380550502,5566.021680433241,5.566021680433241,market_trend_exit,risk_exit,557.4194571472808
2005-04-15,2005-04-18,AET,sell,164.99591392884864,31.9315813682985,5268.5804510558055,5.268580451055805,market_trend_exit,risk_exit,-342.24905764082564
2005-04-15,2005-04-18,AMD,sell,343.345257550242,15.449999809265137,5304.684163663329,5.304684163663329,market_trend_exit,risk_exit,-306.1814487459093
2005-04-15,2005-04-18,ATI,sell,281.19532982699207,17.327973188291203,4872.54513591482,4.87254513591482,market_trend_exit,risk_exit,-737.88833746667
2005-04-15,2005-04-18,EOG,sell,335.8915607346238,14.805654627310716,4973.094440465201,4.973094440465201,market_trend_exit,risk_exit,-637.4395822208388
2005-04-15,2005-04-18,FLR,sell,245.88589237293536,21.844896325934346,5371.351826896624,5.371351826896624,market_trend_exit,risk_exit,-239.5804531758478
2005-04-15,2005-04-18,GT,sell,472.0199575977939,10.180442430432667,4805.372004339609,4.805372004339609,market_trend_exit,risk_exit,-1288.9558669579521
2005-04-15,2005-04-18,HSY,sell,155.71951031404873,36.258059168825845,5646.0872187073655,5.646087218707366,market_trend_exit,risk_exit,34.88020324308322
2005-04-15,2005-04-18,HUM,sell,199.97167352140386,28.117009593537055,5622.605462836972,5.622605462836972,market_trend_exit,risk_exit,243.87725758684684
2005-04-15,2005-04-18,KBH,sell,126.96522242790454,40.88695431070969,5191.221248458826,5.1912212484588265,market_trend_exit,risk_exit,-81.32230297897028
2005-04-15,2005-04-18,MCK,sell,173.7801676021118,31.789184443792724,5524.329800576745,5.524329800576745,market_trend_exit,risk_exit,-86.75545746940689
2005-04-15,2005-04-18,ROK,sell,153.50490213172125,33.09487726739367,5080.225895992592,5.0802258959925926,market_trend_exit,risk_exit,-862.4713674581692
2005-04-15,2005-04-18,VLO,sell,292.4247888684582,16.83192406483201,4922.071840908421,4.922071840908421,market_trend_exit,risk_exit,-382.3167260927642
2005-04-15,2005-04-18,WMB,sell,884.5873105231367,5.548046752636524,4907.731755571365,4.9077317555713655,market_trend_exit,risk_exit,-670.1734275250801
2005-05-26,2005-05-27,AES,buy,643.0281921878044,9.164160740505798,5892.813713885894,5.892813713885894,rebalance,rebalance,0.0
2005-05-26,2005-05-27,AET,buy,166.24092125411016,35.447431772098646,5892.813713885894,5.892813713885894,rebalance,rebalance,0.0
2005-05-26,2005-05-27,CI,buy,200.72866388807165,29.35711123535295,5892.813713885894,5.892813713885894,rebalance,rebalance,0.0
2005-05-26,2005-05-27,CMS,buy,837.1602240314957,7.039051241001381,5892.813713885894,5.892813713885894,rebalance,rebalance,0.0
2005-05-26,2005-05-27,EFX,buy,208.26162432109976,28.295245142236563,5892.813713885894,5.892813713885894,rebalance,rebalance,0.0
2005-05-26,2005-05-27,EOG,buy,342.92347487391055,17.18404876205288,5892.813713885894,5.892813713885894,rebalance,rebalance,0.0
2005-05-26,2005-05-27,ESRX,buy,501.3560600137622,11.75374984741211,5892.813713885894,5.892813713885894,rebalance,rebalance,0.0
2005-05-26,2005-05-27,HSY,buy,153.44890454279883,38.40244888970396,5892.813713885894,5.892813713885894,rebalance,rebalance,0.0
2005-05-26,2005-05-27,HUM,buy,184.54182101588634,31.932131597306658,5892.813713885894,5.892813713885894,rebalance,rebalance,0.0
2005-05-26,2005-05-27,KBH,buy,122.11315873140458,48.25699191720608,5892.813713885894,5.892813713885894,rebalance,rebalance,0.0
2005-05-26,2005-05-27,MCK,buy,173.2771830462486,34.008018887940196,5892.813713885894,5.892813713885894,rebalance,rebalance,0.0
2005-05-26,2005-05-27,MRK,buy,406.73230286289817,14.488187125555775,5892.813713885894,5.892813713885894,rebalance,rebalance,0.0
2005-05-26,2005-05-27,PEG,buy,463.5814016890013,12.71149725251306,5892.813713885894,5.892813713885894,rebalance,rebalance,0.0
2005-05-26,2005-05-27,PHM,buy,186.7435927528466,31.555640689022074,5892.813713885894,5.892813713885894,rebalance,rebalance,0.0
2005-05-26,2005-05-27,VLO,buy,339.5185404613182,17.356382676124486,5892.813713885894,5.892813713885894,rebalance,rebalance,0.0
2005-06-24,2005-06-27,AES,sell,643.0281921878044,9.550406355851784,6141.18053366229,6.141180533662291,rebalance,rebalance,236.33282552884765
2005-06-24,2005-06-27,CI,sell,200.72866388807165,31.805230941448443,6384.221511528501,6.384221511528501,rebalance,rebalance,479.13076241719347
2005-06-24,2005-06-27,CMS,sell,14.285062659959522,8.084244728088379,115.48394249918992,0.11548394249918992,rebalance,rebalance,14.714617224275807
2005-06-24,2005-06-27,HSY,sell,153.44890454279883,36.68444411505504,5629.187763216719,5.629187763216719,rebalance,rebalance,-275.14795214627725
2005-06-24,2005-06-27,MRK,sell,406.73230286289817,13.754978100079255,5594.593918473967,5.594593918473968,rebalance,rebalance,-309.7072030442859
2005-06-24,2005-06-27,PEG,sell,463.5814016890013,13.756004425273076,6377.027813108198,6.377027813108198,rebalance,rebalance,471.94425769531006
2005-06-24,2005-06-27,PHM,sell,186.7435927528466,33.580475578811814,6270.938655936545,6.270938655936545,rebalance,rebalance,365.9611896808288
2005-06-24,2005-06-27,VLO,sell,12.698197110652359,20.35468207698143,258.4677651381729,0.25846776513817293,rebalance,rebalance,37.59413425534484
2005-06-24,2005-06-27,AET,buy,13.157718551348154,37.08124093029112,487.904531695502,0.487904531695502,rebalance,rebalance,0.0
2005-06-24,2005-06-27,COP,buy,298.61871621649647,22.276983403712133,6652.324185192715,6.6523241851927155,rebalance,rebalance,0.0
2005-06-24,2005-06-27,CVS,buy,358.55273030271485,18.55326601355501,6652.324185192715,6.6523241851927155,rebalance,rebalance,0.0
2005-06-24,2005-06-27,EFX,buy,25.96890558936616,28.40075624529198,737.5365576005887,0.7375365576005887,rebalance,rebalance,0.0
2005-06-24,2005-06-27,EOG,buy,7.635944867647936,18.97630989376061,144.9020561401581,0.1449020561401581,rebalance,rebalance,0.0
2005-06-24,2005-06-27,ESRX,buy,23.275172248695867,12.680000305175781,295.12919121648247,0.29512919121648246,rebalance,rebalance,0.0
2005-06-24,2005-06-27,GLW,buy,609.7318263048625,10.910245944528718,6652.324185192714,6.652324185192715,rebalance,rebalance,0.0
2005-06-24,2005-06-27,HUM,buy,18.038165041737102,32.83801284940594,592.337495420268,0.592337495420268,rebalance,rebalance,0.0
2005-06-24,2005-06-27,KBH,buy,4.042916973794846,52.73090612566149,213.18667541901945,0.21318667541901945,rebalance,rebalance,0.0
2005-06-24,2005-06-27,M,buy,356.4426329230192,18.663099109778532,6652.324185192715,6.6523241851927155,rebalance,rebalance,0.0
2005-06-24,2005-06-27,MCK,buy,7.7375155252055094,36.75018790016526,284.3551494317484,0.2843551494317484,rebalance,rebalance,0.0
2005-06-24,2005-06-27,NOV,buy,408.15069773917907,16.29869609936023,6652.324185192715,6.6523241851927155,rebalance,rebalance,0.0
2005-06-24,2005-06-27,OXY,buy,301.4491825118777,22.067812988448225,6652.324185192715,6.6523241851927155,rebalance,rebalance,0.0
2005-07-25,2005-07-26,COP,sell,3.1145969965381823,23.612096011728244,73.54216332009999,0.0735421633201,rebalance,rebalance,4.0154117300460115
2005-07-25,2005-07-26,CVS,sell,358.55273030271485,19.642876917964262,7043.007149936263,7.043007149936263,rebalance,rebalance,376.98763340842
2005-07-25,2005-07-26,EFX,sell,234.23052991046592,29.561125368247424,6924.118059754311,6.924118059754311,rebalance,rebalance,280.2133199365882
2005-07-25,2005-07-26,EOG,sell,33.78089753330801,22.026340631439176,744.0695559043855,0.7440695559043855,rebalance,rebalance,160.9323007060444
2005-07-25,2005-07-26,GLW,sell,20.100851988507316,11.833624654764517,237.86593767297254,0.23786593767297254,rebalance,rebalance,18.103527607226436
2005-07-25,2005-07-26,HUM,sell,202.57998605762344,33.75260794188412,6837.602846275316,6.837602846275316,rebalance,rebalance,339.12888291357297
2005-07-25,2005-07-26,KBH,sell,6.6226472476786284,58.37255506615426,386.5808411488357,0.38658084114883573,rebalance,rebalance,65.33516309054755
2005-07-25,2005-07-26,M,sell,2.346239471955869,19.70500621844696,46.23266338485611,0.04623266338485611,rebalance,rebalance,2.354542821284043
2005-07-25,2005-07-26,NOV,sell,408.15069773917907,17.942450013126397,7323.223492007882,7.323223492007882,rebalance,rebalance,656.9237591379668
2005-07-25,2005-07-26,VLO,sell,1.0705809692248636,21.419729008773558,22.93155424274672,0.022931554242746722,rebalance,rebalance,4.30862828787335
2005-07-25,2005-07-26,AET,buy,23.993197534709736,34.305563714502405,823.1001667416269,0.823100166741627,rebalance,rebalance,0.0
2005-07-25,2005-07-26,CI,buy,225.05403996378357,31.003538687888838,6977.471634882844,6.9774716348828445,rebalance,rebalance,0.0
2005-07-25,2005-07-26,CMS,buy,19.6568009101361,8.281551261256675,162.78880436960898,0.162788804369609,rebalance,rebalance,0.0
2005-07-25,2005-07-26,ESRX,buy,45.5400875439808,12.237500190734863,557.2968300055475,0.5572968300055475,rebalance,rebalance,0.0
2005-07-25,2005-07-26,JBL,buy,281.29643088565007,24.80469308805151,6977.471634882844,6.9774716348828445,rebalance,rebalance,0.0
2005-07-25,2005-07-26,MCK,buy,3.0266244276064356,37.9125270411062,114.74698045490157,0.11474698045490157,rebalance,rebalance,0.0
2005-07-25,2005-07-26,OXY,buy,0.5252196064193413,23.106169218109592,12.135813102594218,0.012135813102594218,rebalance,rebalance,0.0
2005-07-25,2005-07-26,RIG,buy,128.2116404939856,54.42151436483769,6977.471634882844,6.9774716348828445,rebalance,rebalance,0.0
2005-07-25,2005-07-26,TXN,buy,356.1007775996702,19.59409266645001,6977.471634882844,6.9774716348828445,rebalance,rebalance,0.0
2005-08-22,2005-08-23,AET,sell,203.39183734016805,35.203719789700486,7160.1492492356165,7.160149249235617,rebalance,rebalance,-58.03313074896318
2005-08-22,2005-08-23,CI,sell,225.05403996378357,33.793055962360185,7605.263767051383,7.605263767051383,rebalance,rebalance,613.209396766606
2005-08-22,2005-08-23,CMS,sell,17.48141559804742,8.532184770803669,149.1546679377499,0.1491546679377499,rebalance,rebalance,25.322617123712856
2005-08-22,2005-08-23,COP,sell,295.5041192199583,24.09998616094109,7121.64518370208,7.12164518370208,rebalance,rebalance,525.000238567205
2005-08-22,2005-08-23,ESRX,sell,77.64139606884424,14.292499542236328,1109.6896177725457,1.1096896177725457,rebalance,rebalance,189.1483091448249
2005-08-22,2005-08-23,GLW,sell,23.280637383520684,12.42955684935366,289.36800584765837,0.28936800584765837,rebalance,rebalance,34.82716076261092
2005-08-22,2005-08-23,MCK,sell,184.04132299906055,39.527826879188964,7274.753554123764,7.274753554123764,rebalance,rebalance,969.2710409533253
2005-08-22,2005-08-23,OXY,sell,301.97440211829706,22.26320629855681,6722.918411242998,6.722918411242999,rebalance,rebalance,45.07103453815118
2005-08-22,2005-08-23,RIG,sell,128.2116404939856,53.09576037337762,6807.494540746299,6.8074945407462994,rebalance,rebalance,-183.7620603121733
2005-08-22,2005-08-23,TXN,sell,356.1007775996702,19.584950075789152,6974.215951239237,6.974215951239238,rebalance,rebalance,-17.207371229728444
2005-08-22,2005-08-23,VLO,sell,325.749762381441,22.409213983626817,7299.7961303213,7.2997961303213,rebalance,rebalance,1633.0049641095202
2005-08-22,2005-08-23,AMGN,buy,133.5780834690947,52.69939144759443,7039.483709557265,7.039483709557265,rebalance,rebalance,0.0
2005-08-22,2005-08-23,BBY,buy,271.2985455372611,25.94736988219658,7039.483709557265,7.039483709557265,rebalance,rebalance,0.0
2005-08-22,2005-08-23,DHI,buy,265.4801248562063,26.516047908935196,7039.483709557264,7.039483709557264,rebalance,rebalance,0.0
2005-08-22,2005-08-23,EOG,buy,18.88285359370792,20.971980147369084,396.0108306929195,0.39601083069291954,rebalance,rebalance,0.0
2005-08-22,2005-08-23,GILD,buy,974.5262993474988,7.223492802883413,7039.483709557265,7.039483709557265,rebalance,rebalance,0.0
2005-08-22,2005-08-23,JBL,buy,26.02960982522717,22.905588128081185,596.2235217913088,0.5962235217913089,rebalance,rebalance,0.0
2005-08-22,2005-08-23,KBH,buy,12.794299674046087,53.19734426754653,680.622764422388,0.680622764422388,rebalance,rebalance,0.0
2005-08-22,2005-08-23,M,buy,21.831606504007766,18.725616901104964,408.8102997297209,0.4088102997297209,rebalance,rebalance,0.0
2005-08-22,2005-08-23,MSI,buy,112.47642581532942,62.58630338338732,7039.483709557265,7.039483709557265,rebalance,rebalance,0.0
2005-08-22,2005-08-23,PHM,buy,202.63187210325447,34.74025895575883,7039.483709557265,7.039483709557265,rebalance,rebalance,0.0
2005-08-22,2005-08-23,SCHW,buy,677.8233873758039,10.38542464108631,7039.483709557265,7.039483709557265,rebalance,rebalance,0.0
2005-08-22,2005-08-23,TPR,buy,339.73311098494224,20.720628875850934,7039.483709557265,7.039483709557265,rebalance,rebalance,0.0
2005-09-20,2005-09-21,AMGN,sell,8.25967635885219,56.95086778971152,470.3957362987969,0.47039573629879694,rebalance,rebalance,34.21014297923959
2005-09-20,2005-09-21,CMS,sell,825.0505466836248,8.569510507169229,7070.279328751039,7.07027932875104,rebalance,rebalance,1225.887666127044
2005-09-20,2005-09-21,DHI,sell,265.4801248562063,26.448024633896985,7021.4248820069915,7.0214248820069916,rebalance,rebalance,-32.11973614183548
2005-09-20,2005-09-21,EOG,sell,47.08521945603229,24.731745426664112,1164.4996609452028,1.1644996609452027,rebalance,rebalance,341.631291635162
2005-09-20,2005-09-21,ESRX,sell,17.52212232969032,15.024999618530273,263.26988131943784,0.26326988131943785,rebalance,rebalance,55.50914078737775
2005-09-20,2005-09-21,GILD,sell,974.5262993474988,7.849757703145345,7649.795325220755,7.649795325220755,rebalance,rebalance,595.6223366287132
2005-09-20,2005-09-21,GLW,sell,23.88052852546093,13.156477880134972,314.18364531115895,0.31418364531115894,rebalance,rebalance,53.06647972823721
2005-09-20,2005-09-21,JBL,sell,307.32604071087724,22.59551326776037,6944.1896304108905,6.94418963041089,rebalance,rebalance,-644.0234110503466
2005-09-20,2005-09-21,KBH,sell,132.3277281315669,52.68514378258297,6971.70538303415,6.97170538303415,rebalance,rebalance,492.1829979872282
2005-09-20,2005-09-21,M,sell,375.9279999550711,16.86034688374614,6338.276482555401,6.338276482555401,rebalance,rebalance,-692.4255254343246
2005-09-20,2005-09-21,MSI,sell,5.328556789453216,66.60880986096964,354.92882602206817,0.35492882602206816,rebalance,rebalance,20.745730703898467
2005-09-20,2005-09-21,PHM,sell,202.63187210325447,34.653604255117074,7021.9247053396775,7.021924705339678,rebalance,rebalance,-31.620412632483397
2005-09-20,2005-09-21,TPR,sell,339.73311098494224,19.658853869078957,6678.763583340563,6.678763583340563,rebalance,rebalance,-374.43837350959956
2005-09-20,2005-09-21,A,buy,354.53780760843824,20.13041171291657,7136.9920349526665,7.136992034952667,rebalance,rebalance,0.0
2005-09-20,2005-09-21,ADSK,buy,170.29329661029257,41.90999984741211,7136.9920349526665,7.136992034952667,rebalance,rebalance,0.0
2005-09-20,2005-09-21,AMD,buy,319.7577120311369,22.31999969482422,7136.9920349526665,7.136992034952667,rebalance,rebalance,0.0
2005-09-20,2005-09-21,AON,buy,286.5906058602684,24.903091340099316,7136.9920349526665,7.136992034952667,rebalance,rebalance,0.0
2005-09-20,2005-09-21,BBY,buy,43.1179957443739,22.699162091983542,978.7423744829997,0.9787423744829997,rebalance,rebalance,0.0
2005-09-20,2005-09-21,CI,buy,213.0112251839493,33.50523911962574,7136.9920349526665,7.136992034952667,rebalance,rebalance,0.0
2005-09-20,2005-09-21,HAL,buy,295.4037091653761,24.1601300644372,7136.992034952666,7.136992034952666,rebalance,rebalance,0.0
2005-09-20,2005-09-21,HPQ,buy,936.8706260526752,7.617905649388341,7136.9920349526665,7.136992034952667,rebalance,rebalance,0.0
2005-09-20,2005-09-21,HUM,buy,174.51951101550867,40.89509530151295,7136.9920349526665,7.136992034952667,rebalance,rebalance,0.0
2005-09-20,2005-09-21,SCHW,buy,6.960834409532481,10.42224953189699,72.54755316636236,0.07254755316636237,rebalance,rebalance,0.0
2005-10-06,2005-10-07,A,sell,354.53780760843824,18.70187990898927,6630.523501089354,6.630523501089354,market_trend_exit,risk_exit,-520.2360493993527
2005-10-06,2005-10-07,ADSK,sell,170.29329661029257,43.58000183105469,7421.382178092889,7.421382178092889,market_trend_exit,risk_exit,269.83176892717813
2005-10-06,2005-10-07,AMD,sell,319.7577120311369,24.010000228881836,7677.382739054329,7.677382739054329,market_trend_exit,risk_exit,525.5763293276567
2005-10-06,2005-10-07,AMGN,sell,125.31840711024252,51.04419274553923,6396.776927099173,6.3967769270991734,market_trend_exit,risk_exit,-220.42784551148904
2005-10-06,2005-10-07,AON,sell,286.5906058602684,25.11627197265625,7198.087601594833,7.198087601594834,market_trend_exit,risk_exit,46.76048700562037
2005-10-06,2005-10-07,BBY,sell,314.416541281635,23.22895280274716,7303.566997834103,7.303566997834103,market_trend_exit,risk_exit,-729.9808792880349
2005-10-06,2005-10-07,CI,sell,213.0112251839493,34.539627523735945,7357.328376228251,7.357328376228251,market_trend_exit,risk_exit,205.8420208644047
2005-10-06,2005-10-07,EOG,sell,288.5761563459261,23.22309669139215,6701.631981651741,6.701631981651741,market_trend_exit,risk_exit,1658.8670776419306
2005-10-06,2005-10-07,ESRX,sell,475.0078014079043,15.6225004196167,7420.809576816191,7.4208095768161915,market_trend_exit,risk_exit,1788.3328820570323
2005-10-06,2005-10-07,GLW,sell,542.4698084073735,12.161063009616289,6597.009520856545,6.597009520856545,market_trend_exit,risk_exit,666.0150051026658
2005-10-06,2005-10-07,HAL,sell,295.4037091653761,22.265074653426737,6577.185637466258,6.5771856374662585,market_trend_exit,risk_exit,-573.5205751588254
2005-10-06,2005-10-07,HPQ,sell,936.8706260526752,7.291427715960489,6831.124449069731,6.831124449069731,market_trend_exit,risk_exit,-319.8357023669567
2005-10-06,2005-10-07,HUM,sell,174.51951101550867,39.72789631923549,6933.293039307805,6.933293039307805,market_trend_exit,risk_exit,-217.76928071912164
2005-10-06,2005-10-07,MSI,sell,107.1478690258762,64.15953422946613,6874.557370380058,6.874557370380058,market_trend_exit,risk_exit,154.98778623500465
2005-10-06,2005-10-07,SCHW,sell,684.7842217853364,10.208643788158184,6990.7181919576105,6.990718191957611,market_trend_exit,risk_exit,-135.41582022069642
2005-11-15,2005-11-16,A,buy,194.0319164606798,20.3863582611084,3955.6041630568743,3.9556041630568743,rebalance,rebalance,0.0
2005-11-15,2005-11-16,AMD,buy,156.90616051998234,25.209999084472656,3955.6041630568743,3.9556041630568743,rebalance,rebalance,0.0
2005-11-15,2005-11-16,AON,buy,138.2733085581177,28.60714193002978,3955.6041630568743,3.9556041630568743,rebalance,rebalance,0.0
2005-11-15,2005-11-16,ATI,buy,154.69217617163025,25.570809467882523,3955.604163056874,3.955604163056874,rebalance,rebalance,0.0
2005-11-15,2005-11-16,DVN,buy,114.85333991055761,34.44048006037363,3955.6041630568743,3.9556041630568743,rebalance,rebalance,0.0
2005-11-15,2005-11-16,EOG,buy,175.3505792509744,22.55826117001489,3955.6041630568743,3.9556041630568743,rebalance,rebalance,0.0
2005-11-15,2005-11-16,ESRX,buy,202.61771538270884,19.522499084472656,3955.6041630568743,3.9556041630568743,rebalance,rebalance,0.0
2005-11-15,2005-11-16,FCX,buy,250.3590427140418,15.799725546861653,3955.6041630568743,3.9556041630568743,rebalance,rebalance,0.0
2005-11-15,2005-11-16,HAL,buy,191.67884926334304,20.63662307165859,3955.6041630568743,3.9556041630568743,rebalance,rebalance,0.0
2005-11-15,2005-11-16,NEM,buy,132.74067393609053,29.79948832383768,3955.6041630568743,3.9556041630568743,rebalance,rebalance,0.0
2005-11-15,2005-11-16,NOV,buy,201.388467201751,19.64166179930328,3955.6041630568743,3.9556041630568743,rebalance,rebalance,0.0
2005-11-15,2005-11-16,RHI,buy,176.78002091092623,22.375855272977798,3955.604163056874,3.955604163056874,rebalance,rebalance,0.0
2005-11-15,2005-11-16,VIAV,buy,406.18877518832403,9.7383394241333,3955.6041630568743,3.9556041630568743,rebalance,rebalance,0.0
2005-11-15,2005-11-16,VLO,buy,158.3039332437558,24.987402915416194,3955.6041630568743,3.9556041630568743,rebalance,rebalance,0.0
2005-11-15,2005-11-16,WMB,buy,570.9146504818955,6.928538547255781,3955.604163056874,3.955604163056874,rebalance,rebalance,0.0
2005-12-14,2005-12-15,DVN,sell,114.85333991055761,41.34231186205617,4748.302596981015,4.7483025969810155,rebalance,rebalance,783.9945271641037
2005-12-14,2005-12-15,EOG,sell,175.3505792509744,27.42270227259252,4808.58672812611,4.80858672812611,rebalance,rebalance,844.2183741780534
2005-12-14,2005-12-15,HAL,sell,191.67884926334304,23.922931003205047,4585.519885700696,4.5855198857006965,rebalance,rebalance,621.3745985950649
2005-12-14,2005-12-15,NEM,sell,132.74067393609053,33.764241051515995,4481.888112118847,4.481888112118847,rebalance,rebalance,517.8464567867975
2005-12-14,2005-12-15,NOV,sell,201.388467201751,22.540760527002078,4539.449212094682,4.539449212094682,rebalance,rebalance,575.3499956626565
2005-12-14,2005-12-15,WMB,sell,570.9146504818955,8.362391064659452,4774.2115718729765,4.774211571872977,rebalance,rebalance,809.8775930811732
2005-12-14,2005-12-15,A,buy,160.54567711253677,21.13038398383524,3392.3918043327308,3.392391804332731,rebalance,rebalance,0.0
2005-12-14,2005-12-15,AMD,buy,115.14759602299819,27.540000915527344,3171.1648998941428,3.171164899894143,rebalance,rebalance,0.0
2005-12-14,2005-12-15,AMGN,buy,141.27703667315055,53.03311055143505,7492.360704266337,7.492360704266337,rebalance,rebalance,0.0
2005-12-14,2005-12-15,AON,buy,120.4047650980066,28.96403471067426,3487.407795629244,3.487407795629244,rebalance,rebalance,0.0
2005-12-14,2005-12-15,ATI,buy,109.18705327201093,28.393143030101736,3100.1636205875443,3.1001636205875442,rebalance,rebalance,0.0
2005-12-14,2005-12-15,BEN,buy,453.05838964205526,16.537296020907537,7492.360704266337,7.492360704266337,rebalance,rebalance,0.0
2005-12-14,2005-12-15,ESRX,buy,134.34475363464074,22.235000610351562,2987.155679063767,2.987155679063767,rebalance,rebalance,0.0
2005-12-14,2005-12-15,FCX,buy,191.26183325829365,16.96559449951293,3244.8707062936664,3.2448707062936664,rebalance,rebalance,0.0
2005-12-14,2005-12-15,NSC,buy,271.63179315075746,27.582782624079748,7492.360704266337,7.492360704266337,rebalance,rebalance,0.0
2005-12-14,2005-12-15,PAYX,buy,355.1911634223579,21.093882606975697,7492.360704266337,7.492360704266337,rebalance,rebalance,0.0
2005-12-14,2005-12-15,QCOM,buy,258.43199229993576,28.991614534978762,7492.360704266337,7.492360704266337,rebalance,rebalance,0.0
2005-12-14,2005-12-15,RHI,buy,133.74760132426235,24.12783974042652,3227.0406904182596,3.2270406904182596,rebalance,rebalance,0.0
2005-12-14,2005-12-15,SCHW,buy,656.8792144128182,11.405994496208454,7492.360704266337,7.492360704266337,rebalance,rebalance,0.0
2005-12-14,2005-12-15,VIAV,buy,210.4577338741841,12.150171279907227,2557.0975137524697,2.5570975137524696,rebalance,rebalance,0.0
2005-12-14,2005-12-15,VLO,buy,113.48258936534631,27.567079604761158,3128.383574788924,3.128383574788924,rebalance,rebalance,0.0
2006-01-13,2006-01-17,A,sell,102.09104728109378,20.04112708639941,2046.0196529440113,2.0460196529440116,rebalance,rebalance,-73.79912489290561
2006-01-13,2006-01-17,AMD,sell,116.16604537335752,32.459999084472656,3770.749726465994,3.7707497264659944,rebalance,rebalance,720.8292839687333
2006-01-13,2006-01-17,AMGN,sell,141.27703667315055,51.63818525109666,7295.2897914541245,7.295289791454125,rebalance,rebalance,-211.85856330793274
2006-01-13,2006-01-17,AON,sell,87.39843612048841,29.5430036789616,2582.0123198430797,2.5820123198430798,rebalance,rebalance,62.177478100602904
2006-01-13,2006-01-17,ATI,sell,111.96390153149065,33.30878477761414,3729.3814989744046,3.7293814989744045,rebalance,rebalance,728.8975706562073
2006-01-13,2006-01-17,BEN,sell,453.05838964205526,16.463637556720666,7458.989119098326,7.458989119098327,rebalance,rebalance,-48.32293499137483
2006-01-13,2006-01-17,ESRX,sell,104.87371704086064,21.802499771118164,2286.5091917796753,2.2865091917796754,rebalance,rebalance,121.24843111762583
2006-01-13,2006-01-17,FCX,sell,182.93835340259164,19.56110104223309,3578.475615407841,3.5784756154078408,rebalance,rebalance,589.1681331441065
2006-01-13,2006-01-17,NSC,sell,271.63179315075746,26.3723395099806,7163.565870676598,7.163565870676599,rebalance,rebalance,-343.4507601646809
2006-01-13,2006-01-17,PAYX,sell,355.1911634223579,18.526593401898914,6580.482264673455,6.580482264673455,rebalance,rebalance,-925.9512825618216
2006-01-13,2006-01-17,QCOM,sell,258.43199229993576,29.539809806704024,7634.031900507701,7.634031900507701,rebalance,rebalance,126.54480363659061
2006-01-13,2006-01-17,RHI,sell,96.28886451885668,23.619045478906624,2274.2510701831543,2.2742510701831544,rebalance,rebalance,42.54447130020041
2006-01-13,2006-01-17,SCHW,sell,656.8792144128182,11.073993593603223,7274.276212178667,7.274276212178667,rebalance,rebalance,-232.851129004115
2006-01-13,2006-01-17,VIAV,sell,240.98426765599686,13.469852447509766,3246.0225274974778,3.2460225274974777,rebalance,rebalance,695.0800863518402
2006-01-13,2006-01-17,VLO,sell,105.63754470681678,30.455287933353574,3217.2218406186157,3.217221840618616,rebalance,rebalance,457.8583638440894
2006-01-13,2006-01-17,EOG,buy,183.27243426958424,27.609798396649953,5060.114961846501,5.060114961846501,rebalance,rebalance,0.0
2006-01-13,2006-01-17,HAL,buy,198.8827688504337,25.4427017035944,5060.114961846501,5.060114961846501,rebalance,rebalance,0.0
2006-01-13,2006-01-17,NEM,buy,125.74618259409561,40.24070438925672,5060.114961846501,5.060114961846501,rebalance,rebalance,0.0
2006-01-13,2006-01-17,NOV,buy,206.06799299832178,24.555559979116747,5060.114961846501,5.060114961846501,rebalance,rebalance,0.0
2006-01-13,2006-01-17,NUE,buy,259.54862145098633,19.495826768635187,5060.114961846501,5.060114961846501,rebalance,rebalance,0.0
2006-01-13,2006-01-17,SLB,buy,144.12588658030944,35.1089945179759,5060.114961846501,5.060114961846501,rebalance,rebalance,0.0
2006-02-13,2006-02-14,A,sell,252.4865462921228,20.582777169883013,5196.874320724116,5.196874320724116,rebalance,rebalance,-45.893758769630104
2006-02-13,2006-02-14,AMD,sell,26.581521325341498,39.29999923706055,1044.6537678058296,1.0446537678058296,rebalance,rebalance,346.5784734723773
2006-02-13,2006-02-14,AON,sell,171.27963753563589,30.23249541441479,5178.210856378739,5.178210856378739,rebalance,rebalance,239.8305043001895
2006-02-13,2006-02-14,ATI,sell,19.85689848682793,38.48094502063669,764.1122189519895,0.7641122189519894,rebalance,rebalance,231.87099659149075
2006-02-13,2006-02-14,EOG,sell,183.27243426958424,22.40007571905742,4105.3164048546605,4.10531640485466,rebalance,rebalance,-963.9639883585406
2006-02-13,2006-02-14,ESRX,sell,11.62309772792429,23.049999237060547,267.91239376093506,0.26791239376093506,rebalance,rebalance,27.923206893535806
2006-02-13,2006-02-14,HAL,sell,198.8827688504337,25.52211577383506,5075.909052021647,5.075909052021647,rebalance,rebalance,5.658066161278009
2006-02-13,2006-02-14,NOV,sell,206.06799299832178,21.58712029316001,4448.414553424826,4.4484145534248265,rebalance,rebalance,-621.2089379369444
2006-02-13,2006-02-14,NUE,sell,259.54862145098633,22.21096701980723,5764.825871084289,5.764825871084289,rebalance,rebalance,693.8859684048587
2006-02-13,2006-02-14,RHI,sell,214.2387577163319,22.19687563537059,4755.43106130571,4.75543106130571,rebalance,rebalance,-209.71952027143325
2006-02-13,2006-02-14,SLB,sell,144.12588658030944,37.10235379377832,5347.4096347446075,5.347409634744608,rebalance,rebalance,276.887148301517
2006-02-13,2006-02-14,VIAV,sell,4.661942347018623,13.697382926940918,63.85640951043577,0.06385640951043577,rebalance,rebalance,14.506290819861315
2006-02-13,2006-02-14,VLO,sell,166.14897790228534,24.865110642209643,4131.31271863037,4.13131271863037,rebalance,rebalance,-207.74406473799715
2006-02-13,2006-02-14,ADBE,buy,132.85576894712338,38.25,5081.73316222747,5.0817331622274695,rebalance,rebalance,0.0
2006-02-13,2006-02-14,ADM,buy,275.7300682178592,18.430101566624582,5081.73316222747,5.0817331622274695,rebalance,rebalance,0.0
2006-02-13,2006-02-14,CIEN,buy,190.5411753914635,26.670000076293945,5081.73316222747,5.0817331622274695,rebalance,rebalance,0.0
2006-02-13,2006-02-14,FCX,buy,51.4927578396526,16.38342409337119,843.6276894242926,0.8436276894242927,rebalance,rebalance,0.0
2006-02-13,2006-02-14,FLR,buy,152.63123839926715,33.29418810672422,5081.73316222747,5.0817331622274695,rebalance,rebalance,0.0
2006-02-13,2006-02-14,GILD,buy,498.86116738730357,10.186668144249714,5081.73316222747,5.0817331622274695,rebalance,rebalance,0.0
2006-02-13,2006-02-14,HPQ,buy,585.7932471447408,8.674960298700489,5081.73316222747,5.0817331622274695,rebalance,rebalance,0.0
2006-02-13,2006-02-14,MCO,buy,101.47096056010514,50.08066479490321,5081.73316222747,5.0817331622274695,rebalance,rebalance,0.0
2006-02-13,2006-02-14,MU,buy,321.8838922997261,15.787472699924828,5081.73316222747,5.0817331622274695,rebalance,rebalance,0.0
2006-02-13,2006-02-14,NEM,buy,12.017581022726517,36.887299162077674,443.2961063898204,0.4432961063898204,rebalance,rebalance,0.0
2006-02-13,2006-02-14,NTAP,buy,219.24372025171115,23.178466212821014,5081.73316222747,5.0817331622274695,rebalance,rebalance,0.0
2006-03-14,2006-03-15,ADM,sell,275.7300682178592,20.744809014740415,5719.967604800835,5.719967604800835,rebalance,rebalance,627.4327418063377
2006-03-14,2006-03-15,CIEN,sell,5.404523317532664,34.29999923706055,185.37514566804631,0.18537514566804633,rebalance,rebalance,40.9069945941588
2006-03-14,2006-03-15,FCX,sell,310.1752804093964,16.793707243074998,5208.992853234099,5.2089928532341,rebalance,rebalance,137.36620569558303
2006-03-14,2006-03-15,FLR,sell,152.63123839926715,34.46234951509173,5260.031084636835,5.260031084636835,rebalance,rebalance,167.956158162501
2006-03-14,2006-03-15,GILD,sell,498.86116738730357,10.787193617712937,5381.312000965147,5.3813120009651465,rebalance,rebalance,289.11579357448494
2006-03-14,2006-03-15,HPQ,sell,585.7932471447408,9.119912597475636,5342.38321415148,5.34238321415148,rebalance,rebalance,250.22593554763176
2006-03-14,2006-03-15,MCO,sell,101.47096056010514,54.49645563635964,5529.807700542568,5.529807700542569,rebalance,rebalance,437.4629974523299
2006-03-14,2006-03-15,MU,sell,321.8838922997261,14.763579218391927,4752.1583430913415,4.752158343091342,rebalance,rebalance,-339.4087106414464
2006-03-14,2006-03-15,NEM,sell,137.76376361682213,34.201050491465885,4711.665435353305,4.711665435353305,rebalance,rebalance,-801.960709386605
2006-03-14,2006-03-15,ADBE,buy,35.85270947634248,37.63999938964844,1349.4959628067738,1.3494959628067738,rebalance,rebalance,0.0
2006-03-14,2006-03-15,AMD,buy,51.25074377804978,35.16999816894531,1802.4885648310963,1.8024885648310962,rebalance,rebalance,0.0
2006-03-14,2006-03-15,ATI,buy,4.5050804360730865,46.49988149347403,209.48570639596682,0.2094857063959668,rebalance,rebalance,0.0
2006-03-14,2006-03-15,DRI,buy,317.3837080853846,20.00791742964766,6350.187024887771,6.350187024887771,rebalance,rebalance,0.0
2006-03-14,2006-03-15,ESRX,buy,62.456471446634794,22.44499969482422,1401.8354825595154,1.4018354825595154,rebalance,rebalance,0.0
2006-03-14,2006-03-15,JBL,buy,214.7376631817567,29.571836308532855,6350.187024887771,6.350187024887771,rebalance,rebalance,0.0
2006-03-14,2006-03-15,NSC,buy,189.53418419875524,33.504177896630196,6350.187024887771,6.350187024887771,rebalance,rebalance,0.0
2006-03-14,2006-03-15,NTAP,buy,35.05318173024904,24.971546941371127,875.3321730213266,0.8753321730213267,rebalance,rebalance,0.0
2006-03-14,2006-03-15,NUE,buy,236.41536858914253,26.860297038994638,6350.187024887771,6.350187024887771,rebalance,rebalance,0.0
2006-03-14,2006-03-15,RIG,buy,86.20509218828711,73.66371131554321,6350.187024887771,6.350187024887771,rebalance,rebalance,0.0
2006-03-14,2006-03-15,SBUX,buy,477.6538892396747,13.294536416307514,6350.187024887771,6.350187024887771,rebalance,rebalance,0.0
2006-03-14,2006-03-15,SLB,buy,164.2446832733701,38.66296855599564,6350.187024887771,6.350187024887771,rebalance,rebalance,0.0
2006-03-14,2006-03-15,TLAB,buy,451.3281565474196,14.069999694824219,6350.187024887771,6.350187024887771,rebalance,rebalance,0.0
2006-03-14,2006-03-15,VIAV,buy,1.120668832198021,17.06484603881836,19.124041081961593,0.019124041081961595,rebalance,rebalance,0.0
2006-04-11,2006-04-12,ADBE,sell,168.70847842346586,37.0,6242.213701668237,6.242213701668238,rebalance,rebalance,-201.68886619270825
2006-04-11,2006-04-12,DRI,sell,317.3837080853846,19.295998495005783,6124.235553554937,6.124235553554937,rebalance,rebalance,-238.42589391127692
2006-04-11,2006-04-12,JBL,sell,214.7376631817567,32.16858906690106,6907.807644080541,6.907807644080541,rebalance,rebalance,544.362624523802
2006-04-11,2006-04-12,NSC,sell,189.53418419875524,34.10189700135688,6463.475227782154,6.463475227782155,rebalance,rebalance,100.4745406417139
2006-04-11,2006-04-12,SBUX,sell,477.6538892396747,13.866662015138118,6623.465042302787,6.623465042302787,rebalance,rebalance,260.3043653478266
2006-04-11,2006-04-12,ADM,buy,328.503388694901,22.20596422199609,7294.734496163446,7.294734496163446,rebalance,rebalance,0.0
2006-04-11,2006-04-12,AMD,buy,29.66595789859403,34.70000076293945,1029.4087617145426,1.0294087617145427,rebalance,rebalance,0.0
2006-04-11,2006-04-12,ATI,buy,0.22263130727668567,53.329485237603386,11.872813014840352,0.011872813014840352,rebalance,rebalance,0.0
2006-04-11,2006-04-12,BF.B,buy,705.2380515495822,10.343648474632236,7294.734496163446,7.294734496163446,rebalance,rebalance,0.0
2006-04-11,2006-04-12,CIEN,buy,61.22384592664099,29.610000610351562,1812.8381152559098,1.8128381152559099,rebalance,rebalance,0.0
2006-04-11,2006-04-12,ESRX,buy,65.44149942978618,20.940000534057617,1370.3450330092537,1.3703450330092537,rebalance,rebalance,0.0
2006-04-11,2006-04-12,FLR,buy,207.79920630322553,35.104727423832394,7294.734496163446,7.294734496163446,rebalance,rebalance,0.0
2006-04-11,2006-04-12,GLW,buy,425.15599751617214,17.157783351947113,7294.734496163446,7.294734496163446,rebalance,rebalance,0.0
2006-04-11,2006-04-12,NTAP,buy,21.497023766519902,26.44994619212946,568.5951219153795,0.5685951219153795,rebalance,rebalance,0.0
2006-04-11,2006-04-12,NUE,buy,7.131548716922339,29.952070742066383,213.60465166975064,0.21360465166975065,rebalance,rebalance,0.0
2006-04-11,2006-04-12,RIG,buy,8.375124638537287,77.12748755397807,645.9523213217997,0.6459523213217997,rebalance,rebalance,0.0
2006-04-11,2006-04-12,ROK,buy,156.96008070582974,46.47509394337683,7294.734496163445,7.2947344961634455,rebalance,rebalance,0.0
2006-04-11,2006-04-12,SLB,buy,15.588542536108008,40.56388614132827,632.3318645439379,0.6323318645439379,rebalance,rebalance,0.0
2006-04-11,2006-04-12,TLAB,buy,28.273058302554887,15.210000038146973,430.0332178603914,0.4300332178603914,rebalance,rebalance,0.0
2006-04-11,2006-04-12,VIAV,buy,71.92830385856666,16.427759170532227,1181.620853333397,1.181620853333397,rebalance,rebalance,0.0
2006-05-10,2006-05-11,ADM,sell,42.18953593418155,27.359085862807806,1154.2671361352884,1.1542671361352885,rebalance,rebalance,215.31668417660228
2006-05-10,2006-05-11,ATI,sell,24.27014473409963,69.61930329565925,1689.6705672728294,1.6896705672728294,rebalance,rebalance,1021.5184043554485
2006-05-10,2006-05-11,BF.B,sell,705.2380515495822,10.706632866126732,7550.724901163935,7.550724901163935,rebalance,rebalance,241.14494560316277
2006-05-10,2006-05-11,ESRX,sell,348.3636251249856,18.235000610351562,6352.410916778395,6.352410916778395,rebalance,rebalance,-975.9012662415736
2006-05-10,2006-05-11,FLR,sell,207.79920630322553,40.766782190962104,8471.304982818394,8.471304982818394,rebalance,rebalance,1160.8044471759674
2006-05-10,2006-05-11,GLW,sell,425.15599751617214,17.786454372350594,7562.017750952598,7.562017750952599,rebalance,rebalance,252.42650254203667
2006-05-10,2006-05-11,NUE,sell,10.978676641016392,33.68166375164509,369.7800950607545,0.3697800950607545,rebalance,rebalance,73.22997772239619
2006-05-10,2006-05-11,RIG,sell,1.2012140449165258,83.88700937069258,100.76625384212014,0.10076625384212014,rebalance,rebalance,11.722313360778596
2006-05-10,2006-05-11,ROK,sell,156.96008070582974,49.62091001573474,7788.50204076644,7.78850204076644,rebalance,rebalance,478.68430806606483
2006-05-10,2006-05-11,SLB,sell,15.559349755634031,47.68430300399265,741.9367482927522,0.7419367482927522,rebalance,rebalance,136.456190302236
2006-05-10,2006-05-11,AMD,buy,26.43226384158055,33.099998474121094,874.9078928238823,0.8749078928238824,rebalance,rebalance,0.0
2006-05-10,2006-05-11,BXP,buy,205.30006431770727,38.155298720557724,7833.285281391834,7.833285281391834,rebalance,rebalance,0.0
2006-05-10,2006-05-11,CAT,buy,159.71324792663435,49.04593315258432,7833.285281391834,7.833285281391834,rebalance,rebalance,0.0
2006-05-10,2006-05-11,CIEN,buy,15.70994165640164,29.889999389648438,469.5701465212576,0.4695701465212576,rebalance,rebalance,0.0
2006-05-10,2006-05-11,HAL,buy,261.3734311251592,29.969707508797445,7833.285281391835,7.833285281391835,rebalance,rebalance,0.0
2006-05-10,2006-05-11,JBL,buy,263.71358275752334,29.703761177118825,7833.285281391834,7.833285281391834,rebalance,rebalance,0.0
2006-05-10,2006-05-11,NTAP,buy,21.92629174899406,26.310894662228613,576.9003525410751,0.5769003525410751,rebalance,rebalance,0.0
2006-05-10,2006-05-11,TLAB,buy,10.591870618387247,15.979999542236328,169.25808763325463,0.16925808763325464,rebalance,rebalance,0.0
2006-05-10,2006-05-11,VIAV,buy,95.56341720484369,14.516495704650879,1387.2459353758734,1.3872459353758735,rebalance,rebalance,0.0
2006-05-10,2006-05-11,VMC,buy,114.32262982325642,68.51911378790138,7833.285281391834,7.833285281391834,rebalance,rebalance,0.0
2006-06-08,2006-06-09,ADM,sell,148.80352249970736,24.82977407146525,3694.7578447059295,3.6947578447059297,rebalance,rebalance,383.4330644289967
2006-06-08,2006-06-09,AMD,sell,236.65515536250587,27.399999618530273,6484.351166655883,6.484351166655884,rebalance,rebalance,-623.3607077771906
2006-06-08,2006-06-09,ATI,sell,48.96077944165667,53.722583202793054,2630.299547228,2.630299547228,rebalance,rebalance,1283.1975334991732
2006-06-08,2006-06-09,BXP,sell,205.30006431770727,36.74060363094301,7542.84828850399,7.542848288503991,rebalance,rebalance,-305.8131264577397
2006-06-08,2006-06-09,CAT,sell,76.68546388073634,41.122986384726794,3153.5352870739785,3.1535352870739786,rebalance,rebalance,-614.4894936178778
2006-06-08,2006-06-09,CIEN,sell,152.70623376434241,31.219999313354492,4767.488513267721,4.767488513267721,rebalance,rebalance,551.4792906428074
2006-06-08,2006-06-09,HAL,sell,261.3734311251592,26.32233428955078,6879.958828483317,6.879958828483317,rebalance,rebalance,-968.0396970183922
2006-06-08,2006-06-09,JBL,sell,263.71358275752334,27.04014273682853,7130.852919403874,7.130852919403874,rebalance,rebalance,-717.3965001887547
2006-06-08,2006-06-09,NTAP,sell,297.72021749747415,22.710069609275294,6761.246863456218,6.761246863456218,rebalance,rebalance,-355.1777539221927
2006-06-08,2006-06-09,NUE,sell,109.32770383523307,27.70476760895991,3028.898627976327,3.0288986279763273,rebalance,rebalance,76.4508466589597
2006-06-08,2006-06-09,RIG,sell,45.872440514611945,71.87113253244131,3296.904251812205,3.296904251812205,rebalance,rebalance,-102.9900250712779
2006-06-08,2006-06-09,SLB,sell,76.87294056868782,39.06537629054757,3003.0703498766898,3.00307034987669,rebalance,rebalance,12.27943360411495
2006-06-08,2006-06-09,TLAB,sell,268.62589100489834,15.40999984741211,4139.524939396425,4.139524939396425,rebalance,rebalance,323.26183759954176
2006-06-08,2006-06-09,VIAV,sell,539.612688955101,12.696246147155762,6851.055523102562,6.851055523102562,rebalance,rebalance,331.39394937148654
2006-06-08,2006-06-09,VMC,sell,114.32262982325642,59.00291752822633,6745.368699071546,6.7453686990715465,rebalance,rebalance,-1102.4952363007512
2006-06-08,2006-06-09,DE,buy,124.91888797648188,27.33253944364531,3414.3504328735007,3.414350432873501,rebalance,rebalance,0.0
2006-06-08,2006-06-09,FCX,buy,209.48122062128826,16.299076464931204,3414.3504328735007,3.414350432873501,rebalance,rebalance,0.0
2006-06-08,2006-06-09,FLR,buy,93.26771747177561,36.60806252610118,3414.350432873501,3.4143504328735013,rebalance,rebalance,0.0
2006-06-08,2006-06-09,GLW,buy,229.17481726433735,14.898453825034725,3414.3504328735007,3.414350432873501,rebalance,rebalance,0.0
2006-06-08,2006-06-09,NSC,buy,108.30597625027985,31.525041840566747,3414.3504328735007,3.414350432873501,rebalance,rebalance,0.0
2006-06-08,2006-06-09,R,buy,103.42351740506982,33.01328864595481,3414.3504328735007,3.414350432873501,rebalance,rebalance,0.0
2006-06-08,2006-06-09,UNP,buy,234.27036086824168,14.574402072116154,3414.3504328735007,3.414350432873501,rebalance,rebalance,0.0
2006-06-09,2006-06-12,ADM,sell,137.5103302610121,25.311926623745883,3480.6513895738008,3.4806513895738007,market_trend_exit,risk_exit,420.56771477939606
2006-06-09,2006-06-12,ATI,sell,63.55521699291607,50.84133042056598,3231.231787087616,3.231231787087616,market_trend_exit,risk_exit,1482.7629894347251
2006-06-09,2006-06-12,CAT,sell,83.02778404589802,41.431912132474295,3439.9998531436977,3.4399998531436977,market_trend_exit,risk_exit,-639.6874679778886
2006-06-09,2006-06-12,CIEN,sell,109.36420589263105,29.75,3253.5851253057735,3.2535851253057735,market_trend_exit,risk_exit,234.35048479169157
2006-06-09,2006-06-12,DE,sell,124.91888797648188,27.08752790838628,3383.7438643475325,3.3837438643475326,market_trend_exit,risk_exit,-37.40466282318889
2006-06-09,2006-06-12,FCX,sell,209.48122062128826,16.08183558194768,3368.8425475372655,3.3688425475372656,market_trend_exit,risk_exit,-52.29107831664547
2006-06-09,2006-06-12,FLR,sell,93.26771747177561,35.77851163297362,3336.9801145448205,3.3369801145448204,market_trend_exit,risk_exit,-84.12164887609858
2006-06-09,2006-06-12,GLW,sell,229.17481726433735,14.571013010895182,3339.3092441281856,3.3393092441281857,market_trend_exit,risk_exit,-81.79484842231686
2006-06-09,2006-06-12,NSC,sell,108.30597625027985,31.1527682380782,3374.03097692377,3.37403097692377,market_trend_exit,risk_exit,-47.10783735952767
2006-06-09,2006-06-12,NUE,sell,123.24053682981541,28.104158148275445,3463.571537343497,3.4635715373434968,market_trend_exit,risk_exit,135.35171750476403
2006-06-09,2006-06-12,R,sell,103.42351740506982,32.775487357330206,3389.756187160486,3.3897561871604864,market_trend_exit,risk_exit,-31.398352333048496
2006-06-09,2006-06-12,RIG,sell,47.50656226729593,70.8348039875037,3365.1180263240467,3.3651180263240468,market_trend_exit,risk_exit,-155.84203039888592
2006-06-09,2006-06-12,SLB,sell,87.40093548515625,38.574717127194596,3371.466362992087,3.371466362992087,market_trend_exit,risk_exit,-28.88004452712243
2006-06-09,2006-06-12,TLAB,sell,221.5671944634634,14.539999961853027,3221.5869990466404,3.2215869990466404,market_trend_exit,risk_exit,74.06118019328335
2006-06-09,2006-06-12,UNP,sell,234.27036086824168,14.287369077100381,3347.1071095500633,3.3471071095500635,market_trend_exit,risk_exit,-74.00478086586035
2006-07-07,2006-07-10,ADM,buy,155.09392924945757,26.36658004696564,4089.296500354249,4.089296500354249,rebalance,rebalance,0.0
2006-07-07,2006-07-10,ATI,buy,73.39618026770444,55.71538580671355,4089.296500354249,4.089296500354249,rebalance,rebalance,0.0
2006-07-07,2006-07-10,CIEN,buy,133.98743247115564,30.520000457763672,4089.2965003542495,4.08929650035425,rebalance,rebalance,0.0
2006-07-07,2006-07-10,CMCSA,buy,615.0702423590922,6.648503241954638,4089.2965003542495,4.08929650035425,rebalance,rebalance,0.0
2006-07-07,2006-07-10,CNX,buy,118.88042715139588,34.39840012642681,4089.296500354249,4.089296500354249,rebalance,rebalance,0.0
2006-07-07,2006-07-10,CPB,buy,208.27141006670655,19.63445918498608,4089.296500354249,4.089296500354249,rebalance,rebalance,0.0
2006-07-07,2006-07-10,DE,buy,147.17819625632052,27.784662432147694,4089.296500354249,4.089296500354249,rebalance,rebalance,0.0
2006-07-07,2006-07-10,DIS,buy,170.48175276044176,23.986710801246062,4089.296500354249,4.089296500354249,rebalance,rebalance,0.0
2006-07-07,2006-07-10,GS,buy,38.02304757202,107.5478364170745,4089.2965003542486,4.089296500354249,rebalance,rebalance,0.0
2006-07-07,2006-07-10,KSS,buy,135.60744318854967,30.155398584342148,4089.296500354249,4.089296500354249,rebalance,rebalance,0.0
2006-07-07,2006-07-10,NUE,buy,131.60319243102478,31.0729278280807,4089.2965003542495,4.08929650035425,rebalance,rebalance,0.0
2006-07-07,2006-07-10,R,buy,121.82781143307108,33.566198491555426,4089.296500354249,4.089296500354249,rebalance,rebalance,0.0
2006-07-07,2006-07-10,TLAB,buy,320.98089276459535,12.739999771118164,4089.2965003542486,4.089296500354249,rebalance,rebalance,0.0
2006-07-07,2006-07-10,TMO,buy,120.08530872819914,34.053262165565606,4089.296500354249,4.089296500354249,rebalance,rebalance,0.0
2006-07-07,2006-07-10,WM,buy,198.9169132252775,20.557811973097714,4089.296500354249,4.089296500354249,rebalance,rebalance,0.0
2006-07-13,2006-07-14,ADM,sell,155.09392924945757,25.08892452423825,3891.1398851071885,3.891139885107189,market_trend_exit,risk_exit,-206.1370516325212
2006-07-13,2006-07-14,ATI,sell,73.39618026770444,50.276702302783356,3690.117905480798,3.690117905480798,market_trend_exit,risk_exit,-406.9580092792854
2006-07-13,2006-07-14,CIEN,sell,133.98743247115564,27.860000610351562,3732.8899504258347,3.7328899504258346,market_trend_exit,risk_exit,-364.22873637919383
2006-07-13,2006-07-14,CMCSA,sell,615.0702423590922,6.491387742279908,3992.6594318909433,3.992659431890943,market_trend_exit,risk_exit,-104.719024395551
2006-07-13,2006-07-14,CNX,sell,118.88042715139588,33.341515631226926,3963.6536201151994,3.9636536201151995,market_trend_exit,risk_exit,-133.69583035951797
2006-07-13,2006-07-14,CPB,sell,208.27141006670655,19.370203226321106,4034.2595392245653,4.034259539224565,market_trend_exit,risk_exit,-63.160517169262334
2006-07-13,2006-07-14,DE,sell,147.17819625632052,26.11587067289821,3843.686739300498,3.843686739300498,market_trend_exit,risk_exit,-253.54274429340495
2006-07-13,2006-07-14,DIS,sell,170.48175276044176,22.713779577366157,3872.284954163709,3.872284954163709,market_trend_exit,risk_exit,-224.97312764505782
2006-07-13,2006-07-14,GS,sell,38.02304757202,103.11631151212062,3920.7964180765957,3.9207964180765957,market_trend_exit,risk_exit,-176.5101751960838
2006-07-13,2006-07-14,KSS,sell,135.60744318854967,28.36652072381134,3846.711347511063,3.8467113475110635,market_trend_exit,risk_exit,-250.5211606910504
2006-07-13,2006-07-14,NUE,sell,131.60319243102478,28.88187527613584,3800.946989734162,3.800946989734162,market_trend_exit,risk_exit,-296.23975411017534
2006-07-13,2006-07-14,R,sell,121.82781143307108,32.51389840283942,3961.0970835751523,3.9610970835751522,market_trend_exit,risk_exit,-136.2498103630257
2006-07-13,2006-07-14,TLAB,sell,320.98089276459535,11.729999542236328,3765.1057251953116,3.7651057251953115,market_trend_exit,risk_exit,-332.04517738448664
2006-07-13,2006-07-14,TMO,sell,120.08530872819914,33.07977029324644,3972.394428322409,3.972394428322409,market_trend_exit,risk_exit,-124.96376296051606
2006-07-13,2006-07-14,WM,sell,198.9169132252775,20.108205444818708,3999.8621575830557,3.9998621575830557,market_trend_exit,risk_exit,-97.52350142913002
2006-08-04,2006-08-07,ADM,buy,186.8309794938138,24.130686254403148,4508.359748768049,4.508359748768049,rebalance,rebalance,0.0
2006-08-04,2006-08-07,ATI,buy,86.88710215259685,51.88756026009673,4508.359748768049,4.508359748768049,rebalance,rebalance,0.0
2006-08-04,2006-08-07,CMCSA,buy,626.6595526941892,7.194272758446459,4508.359748768049,4.508359748768049,rebalance,rebalance,0.0
2006-08-04,2006-08-07,CMI,buy,234.07759320551338,19.260108099325162,4508.359748768049,4.508359748768049,rebalance,rebalance,0.0
2006-08-04,2006-08-07,CNX,buy,147.9364133233206,30.47498345735109,4508.359748768049,4.508359748768049,rebalance,rebalance,0.0
2006-08-04,2006-08-07,CPB,buy,232.74715789465165,19.370203226321106,4508.359748768049,4.508359748768049,rebalance,rebalance,0.0
2006-08-04,2006-08-07,DDS,buy,229.07639182592578,19.680595249614083,4508.359748768049,4.508359748768049,rebalance,rebalance,0.0
2006-08-04,2006-08-07,DGX,buy,102.59074684258833,43.94509141926337,4508.359748768049,4.508359748768049,rebalance,rebalance,0.0
2006-08-04,2006-08-07,DIS,buy,189.5239218703301,23.787813719117803,4508.359748768049,4.508359748768049,rebalance,rebalance,0.0
2006-08-04,2006-08-07,KSS,buy,150.03825670785182,30.04806805737911,4508.359748768049,4.508359748768049,rebalance,rebalance,0.0
2006-08-04,2006-08-07,NUE,buy,153.52518495777912,29.365603760763364,4508.359748768049,4.508359748768049,rebalance,rebalance,0.0
2006-08-04,2006-08-07,PCAR,buy,358.86714367357166,12.562754290119376,4508.359748768049,4.508359748768049,rebalance,rebalance,0.0
2006-08-04,2006-08-07,PFG,buy,158.41916764057768,28.458423408691566,4508.359748768049,4.508359748768049,rebalance,rebalance,0.0
2006-08-04,2006-08-07,R,buy,150.91121194752677,29.874253149167256,4508.359748768049,4.508359748768049,rebalance,rebalance,0.0
2006-08-04,2006-08-07,VFC,buy,478.92481326573517,9.413502127872732,4508.359748768049,4.508359748768049,rebalance,rebalance,0.0
2006-09-01,2006-09-05,ATI,sell,86.88710215259685,49.95287815666776,4340.260827214615,4.340260827214616,rebalance,rebalance,-176.94754212941598
2006-09-01,2006-09-05,CMI,sell,234.07759320551338,18.73542004281391,4385.542031316217,4.385542031316217,rebalance,rebalance,-131.7116192319163
2006-09-01,2006-09-05,DGX,sell,102.59074684258833,45.21918064638254,4639.069514122301,4.639069514122301,rebalance,rebalance,121.56233609136171
2006-09-01,2006-09-05,DIS,sell,189.5239218703301,23.724162809195175,4496.296378688898,4.496296378688898,rebalance,rebalance,-21.068026206607918
2006-09-01,2006-09-05,KSS,sell,150.03825670785182,32.5320368826992,4881.050101035727,4.881050101035727,rebalance,rebalance,363.3009424178741
2006-09-01,2006-09-05,PFG,sell,158.41916764057768,28.463792426398587,4509.210304084243,4.5092103040842435,rebalance,rebalance,-8.16701473665816
2006-09-01,2006-09-05,R,sell,150.91121194752677,29.9382438659668,4518.0166653936585,4.518016665393659,rebalance,rebalance,0.6305402114491168
2006-09-01,2006-09-05,ADM,buy,104.80818843593983,25.295216117801754,2651.1457774023884,2.6511457774023883,rebalance,rebalance,0.0
2006-09-01,2006-09-05,CMCSA,buy,389.1165350923095,7.2625019134625965,2825.9595806678335,2.8259595806678335,rebalance,rebalance,0.0
2006-09-01,2006-09-05,CNX,buy,114.81916523700977,28.075810308648393,3223.641102991642,3.223641102991642,rebalance,rebalance,0.0
2006-09-01,2006-09-05,CPB,buy,144.0894015885264,19.576327178330235,2820.7412684268093,2.820741268426809,rebalance,rebalance,0.0
2006-09-01,2006-09-05,CVS,buy,329.561054169377,22.384549654364104,7377.075781198997,7.3770757811989975,rebalance,rebalance,0.0
2006-09-01,2006-09-05,CVX,buy,242.6540335143279,30.401620258924755,7377.075781198997,7.3770757811989975,rebalance,rebalance,0.0
2006-09-01,2006-09-05,DDS,buy,122.25583704510996,20.997435404387325,2567.059041163999,2.5670590411639993,rebalance,rebalance,0.0
2006-09-01,2006-09-05,ECL,buy,211.15858857768774,34.936186261184844,7377.075781198997,7.3770757811989975,rebalance,rebalance,0.0
2006-09-01,2006-09-05,INTU,buy,272.5872236746248,27.06317516188757,7377.075781198997,7.3770757811989975,rebalance,rebalance,0.0
2006-09-01,2006-09-05,MRK,buy,375.34781576003945,19.653972852516013,7377.075781198998,7.377075781198998,rebalance,rebalance,0.0
2006-09-01,2006-09-05,NUE,buy,109.67652265884658,28.028221579566257,3074.0378791584712,3.0740378791584715,rebalance,rebalance,0.0
2006-09-01,2006-09-05,PCAR,buy,221.9191884921791,12.70187566861276,2818.7899407070986,2.8187899407070987,rebalance,rebalance,0.0
2006-09-01,2006-09-05,VFC,buy,294.5893547809307,9.537091996424738,2809.525777713142,2.809525777713142,rebalance,rebalance,0.0
2006-09-01,2006-09-05,VLO,buy,255.37043982072535,28.88774357117385,7377.075781198997,7.3770757811989975,rebalance,rebalance,0.0
2006-09-01,2006-09-05,WMB,buy,870.3262880132376,8.476218497362902,7377.075781198997,7.3770757811989975,rebalance,rebalance,0.0
2006-10-02,2006-10-03,CMCSA,sell,61.036839133355784,7.5436533293483725,460.44075474124037,0.46044075474124035,rebalance,rebalance,18.82862896407159
2006-10-02,2006-10-03,CNX,sell,262.7555785603304,23.612318638981638,6204.268445136493,6.204268445136493,rebalance,rebalance,-1541.6686759200943
2006-10-02,2006-10-03,CPB,sell,376.83655948317806,19.238080640439875,7249.612119603297,7.249612119603298,rebalance,rebalance,-94.06761072835926
2006-10-02,2006-10-03,CVS,sell,329.561054169377,20.705711736866753,6823.796187329049,6.823796187329049,rebalance,rebalance,-567.4804658384758
2006-10-02,2006-10-03,CVX,sell,242.6540335143279,29.601459888433133,7182.913639840886,7.182913639840886,rebalance,rebalance,-208.7221307791499
2006-10-02,2006-10-03,DDS,sell,16.8817810814283,21.534496244096953,363.54065129168475,0.3635406512916848,rebalance,rebalance,22.857871707100536
2006-10-02,2006-10-03,ECL,sell,211.15858857768774,33.84137334553632,7145.896631174031,7.145896631174032,rebalance,rebalance,-245.70212243733857
2006-10-02,2006-10-03,INTU,sell,272.5872236746248,28.13869224174107,7670.247996010902,7.670247996010902,rebalance,rebalance,278.12489103469545
2006-10-02,2006-10-03,MRK,sell,375.34781576003945,20.104692518684907,7546.252423415586,7.546252423415586,rebalance,rebalance,154.2533140119749
2006-10-02,2006-10-03,NUE,sell,263.2017076166257,28.245595165911826,7434.2888803159,7.434288880315901,rebalance,rebalance,-163.12543411886162
2006-10-02,2006-10-03,PCAR,sell,580.7863321657508,13.083527942983835,7598.734205793691,7.598734205793692,rebalance,rebalance,256.65863242327583
2006-10-02,2006-10-03,VFC,sell,64.80887668586456,10.162506192006402,658.620610617078,0.658620610617078,rebalance,rebalance,44.219896792418226
2006-10-02,2006-10-03,VLO,sell,255.37043982072535,25.43543528259892,6495.458295148882,6.495458295148882,rebalance,rebalance,-895.4900201264628
2006-10-02,2006-10-03,WMB,sell,870.3262880132376,8.14495616596339,7088.769465953448,7.088769465953448,rebalance,rebalance,-302.772160492701
2006-10-02,2006-10-03,ADM,buy,23.577652880651385,22.848469486004365,538.7132823951661,0.538713282395166,rebalance,rebalance,0.0
2006-10-02,2006-10-03,AES,buy,570.9020596597237,12.615512222980252,7202.221911761845,7.202221911761845,rebalance,rebalance,0.0
2006-10-02,2006-10-03,CNP,buy,1090.0005111558942,6.607539939705376,7202.221911761846,7.202221911761846,rebalance,rebalance,0.0
2006-10-02,2006-10-03,DGX,buy,186.36576827390368,38.6456267074577,7202.221911761845,7.202221911761845,rebalance,rebalance,0.0
2006-10-02,2006-10-03,FE,buy,304.5241759149874,23.650739354672638,7202.221911761845,7.202221911761845,rebalance,rebalance,0.0
2006-10-02,2006-10-03,KR,buy,896.6710909157306,8.032178113834956,7202.221911761845,7.202221911761845,rebalance,rebalance,0.0
2006-10-02,2006-10-03,KSS,buy,209.53725861116496,34.37203464194832,7202.221911761845,7.202221911761845,rebalance,rebalance,0.0
2006-10-02,2006-10-03,LH,buy,122.45034539828455,58.817489557385464,7202.221911761845,7.202221911761845,rebalance,rebalance,0.0
2006-10-02,2006-10-03,MO,buy,1350.1116887979997,5.334537854548879,7202.221911761845,7.202221911761845,rebalance,rebalance,0.0
2006-10-02,2006-10-03,PNW,buy,377.72387224639726,19.06742581274737,7202.221911761845,7.202221911761845,rebalance,rebalance,0.0
2006-10-02,2006-10-03,PPL,buy,552.1064830000258,13.044987033346443,7202.221911761845,7.202221911761845,rebalance,rebalance,0.0
2006-10-02,2006-10-03,T,buy,1190.4954692061394,6.049768435124342,7202.221911761846,7.202221911761846,rebalance,rebalance,0.0
2006-10-30,2006-10-31,ADM,sell,315.216820810405,23.712395705185926,7474.5459879870095,7.4745459879870095,rebalance,rebalance,-238.84558537514667
2006-10-30,2006-10-31,AES,sell,23.085996105746062,13.549991660228606,312.81505470092924,0.31281505470092924,rebalance,rebalance,20.96933192846267
2006-10-30,2006-10-31,CMCSA,sell,69.26707721854268,8.382988570345947,580.6651166243134,0.5806651166243134,rebalance,rebalance,79.44765141429151
2006-10-30,2006-10-31,CNP,sell,53.68668151423526,7.162794589996338,384.54667190502073,0.38454667190502073,rebalance,rebalance,29.070496005228446
2006-10-30,2006-10-31,DGX,sell,186.36576827390368,35.70394310560274,6653.992787283401,6.653992787283402,rebalance,rebalance,-562.0853391774891
2006-10-30,2006-10-31,FE,sell,304.5241759149874,24.54282522627531,7473.883626657052,7.473883626657052,rebalance,rebalance,256.98560935678796
2006-10-30,2006-10-31,KR,sell,896.6710909157306,7.899873118483424,7083.587847246386,7.0835878472463865,rebalance,rebalance,-132.91987427446645
2006-10-30,2006-10-31,KSS,sell,209.53725861116496,37.33646139960678,7823.379767915185,7.823379767915185,rebalance,rebalance,606.1322544736622
2006-10-30,2006-10-31,LH,sell,122.45034539828455,55.47743386547993,6793.230938638506,6.793230938638506,rebalance,rebalance,-422.98642597373816
2006-10-30,2006-10-31,MO,sell,1350.1116887979997,5.707362712859749,7705.5771108418085,7.7055771108418085,rebalance,rebalance,488.44740005736116
2006-10-30,2006-10-31,PNW,sell,377.72387224639726,20.22553825378418,7639.668627486996,7.639668627486996,rebalance,rebalance,422.6048251859027
2006-10-30,2006-10-31,PPL,sell,552.1064830000258,13.585271274063109,7500.516343724263,7.500516343724263,rebalance,rebalance,283.59169370693263
2006-10-30,2006-10-31,T,sell,42.174787894555266,6.464137773794513,272.6236395309663,0.2726236395309663,rebalance,rebalance,16.948167628328115
2006-10-30,2006-10-31,BAX,buy,429.18592212190043,17.295308885707943,7422.903092495661,7.422903092495662,rebalance,rebalance,0.0
2006-10-30,2006-10-31,BXP,buy,162.18083578065702,45.7692985534668,7422.903092495661,7.422903092495662,rebalance,rebalance,0.0
2006-10-30,2006-10-31,DDS,buy,35.247094100505876,20.07831335460164,707.7022001890879,0.7077022001890879,rebalance,rebalance,0.0
2006-10-30,2006-10-31,GILD,buy,625.1764283679771,11.873293290780568,7422.9030924956605,7.422903092495661,rebalance,rebalance,0.0
2006-10-30,2006-10-31,HOG,buy,171.18377838764897,43.362187483012285,7422.903092495661,7.422903092495662,rebalance,rebalance,0.0
2006-10-30,2006-10-31,HUM,buy,138.2308858081243,53.699309304862986,7422.903092495662,7.4229030924956625,rebalance,rebalance,0.0
2006-10-30,2006-10-31,MAT,buy,533.8837399256659,13.903594616927597,7422.9030924956605,7.422903092495661,rebalance,rebalance,0.0
2006-10-30,2006-10-31,MRK,buy,340.2435469537753,21.816440484921586,7422.903092495662,7.4229030924956625,rebalance,rebalance,0.0
2006-10-30,2006-10-31,ORCL,buy,504.25099367495307,14.720651393065106,7422.903092495661,7.422903092495662,rebalance,rebalance,0.0
2006-10-30,2006-10-31,PTC,buy,381.4441645281718,19.459999084472656,7422.9030924956605,7.422903092495661,rebalance,rebalance,0.0
2006-10-30,2006-10-31,VFC,buy,4.800407868669481,10.403425088982196,49.94068365826363,0.04994068365826363,rebalance,rebalance,0.0
2006-11-28,2006-11-29,AES,sell,547.8160635539776,14.31627435376911,7842.685061240559,7.842685061240559,rebalance,rebalance,916.9511502234775
2006-11-28,2006-11-29,BAX,sell,429.18592212190043,16.48342280079782,7074.453014485571,7.074453014485571,rebalance,rebalance,-362.94743411707225
2006-11-28,2006-11-29,BXP,sell,162.18083578065702,49.20528442018666,7980.154152090814,7.980154152090814,rebalance,rebalance,541.848002350567
2006-11-28,2006-11-29,CMCSA,sell,885.4721714346002,8.234139831390484,7291.101676397465,7.291101676397465,rebalance,rebalance,883.9454110715756
2006-11-28,2006-11-29,CNP,sell,41.680583252439305,7.495946414575478,312.4354185885371,0.31243541858853713,rebalance,rebalance,36.441458500690224
2006-11-28,2006-11-29,DDS,sell,369.6975418901133,22.98412171566223,8497.173300783501,8.497173300783501,rebalance,rebalance,1038.0912553047526
2006-11-28,2006-11-29,GILD,sell,625.1764283679771,11.31737402076857,7075.355468808627,7.075355468808627,rebalance,rebalance,-362.0458822483377
2006-11-28,2006-11-29,HOG,sell,11.784142223182442,46.773742377906835,551.1884324917498,0.5511884324917499,rebalance,rebalance,39.14007346673183
2006-11-28,2006-11-29,ORCL,sell,504.25099367495307,15.117657733840513,7623.093934326918,7.623093934326919,rebalance,rebalance,185.14484480443474
2006-11-28,2006-11-29,VFC,sell,713.5056992294708,10.4951422464843,7488.343807090539,7.488343807090539,rebalance,rebalance,719.4035201478978
2006-11-28,2006-11-29,ADBE,buy,186.02088763658733,40.08000183105469,7455.717517088839,7.455717517088838,rebalance,rebalance,0.0
2006-11-28,2006-11-29,CTSH,buy,430.5249510727921,17.317736169554188,7455.717517088839,7.455717517088838,rebalance,rebalance,0.0
2006-11-28,2006-11-29,GOOGL,buy,608.1504810579078,12.259658997752085,7455.717517088838,7.4557175170888375,rebalance,rebalance,0.0
2006-11-28,2006-11-29,HAS,buy,517.0649454492888,14.419305703677912,7455.717517088838,7.4557175170888375,rebalance,rebalance,0.0
2006-11-28,2006-11-29,HUM,buy,24.995762378133605,45.677085205971515,1141.733567934226,1.141733567934226,rebalance,rebalance,0.0
2006-11-28,2006-11-29,KSS,buy,210.7085576372345,35.38402806555652,7455.7175170888395,7.455717517088839,rebalance,rebalance,0.0
2006-11-28,2006-11-29,MAT,buy,7.197897308381357,13.779283945398126,99.18187082200362,0.09918187082200362,rebalance,rebalance,0.0
2006-11-28,2006-11-29,MRK,buy,12.353378031086038,21.14515751210521,261.2141242738944,0.2612141242738944,rebalance,rebalance,0.0
2006-11-28,2006-11-29,MS,buy,177.3568484740057,42.03794542606335,7455.717517088839,7.455717517088838,rebalance,rebalance,0.0
2006-11-28,2006-11-29,PTC,buy,11.168663641958972,18.989999771118164,212.09292000449665,0.21209292000449664,rebalance,rebalance,0.0
2006-11-28,2006-11-29,T,buy,40.28153129611496,6.272676794645691,252.6730266139345,0.2526730266139345,rebalance,rebalance,0.0
2006-11-28,2006-11-29,TPR,buy,272.29689213636675,27.380839562998034,7455.717517088839,7.455717517088838,rebalance,rebalance,0.0
2006-11-28,2006-11-29,VNO,buy,174.7371014425153,42.66819957261113,7455.717517088839,7.455717517088838,rebalance,rebalance,0.0
2006-12-27,2006-12-28,ADBE,sell,5.872260029439246,41.779998779296875,245.34301686168556,0.24534301686168555,rebalance,rebalance,9.502120919737282
2006-12-27,2006-12-28,CNP,sell,994.6332463892196,7.846223545354491,7804.114796811469,7.8041147968114695,rebalance,rebalance,1217.659702238197
2006-12-27,2006-12-28,CTSH,sell,430.5249510727921,16.84969168805583,7254.212689591868,7.254212689591868,rebalance,rebalance,-216.2147577036502
2006-12-27,2006-12-28,GOOGL,sell,608.1504810579078,11.5869458223061,7046.60667582737,7.04660667582737,rebalance,rebalance,-423.61316545438376
2006-12-27,2006-12-28,HAS,sell,7.3430881024834775,14.766110836792485,108.42885280560324,0.10842885280560324,rebalance,rebalance,2.3323095618894847
2006-12-27,2006-12-28,HUM,sell,163.2266481862579,48.081120324030806,7848.120111531711,7.848120111531711,rebalance,rebalance,-732.9293056701383
2006-12-27,2006-12-28,KSS,sell,210.7085576372345,35.34315112574624,7447.10439606079,7.447104396060791,rebalance,rebalance,-23.5159429411969
2006-12-27,2006-12-28,MAT,sell,24.36178039196909,14.566131612431851,354.8568995025834,0.3548568995025834,rebalance,rebalance,15.487334423844613
2006-12-27,2006-12-28,MRK,sell,352.59692498486135,20.849832775211045,7351.586922987992,7.351586922987992,rebalance,rebalance,-347.56599792132096
2006-12-27,2006-12-28,MS,sell,177.3568484740057,44.04413015379847,7811.52811785662,7.8115281178566205,rebalance,rebalance,340.54335513283684
2006-12-27,2006-12-28,T,sell,1188.6022126076991,6.69161396888694,7953.667169335604,7.953667169335604,rebalance,rebalance,738.7665171152211
2006-12-27,2006-12-28,TPR,sell,1.0446068102121444,27.747635130405023,28.98536862450283,0.02898536862450283,rebalance,rebalance,0.3255695675676354
2006-12-27,2006-12-28,VNO,sell,174.7371014425153,41.79294917703659,7302.778799929729,7.302778799929729,rebalance,rebalance,-167.69721347612835
2006-12-27,2006-12-28,CBRE,buy,224.40695396744042,33.540000915527344,7526.609441518654,7.526609441518654,rebalance,rebalance,0.0
2006-12-27,2006-12-28,CI,buy,191.13065686261007,39.379393997107364,7526.609441518654,7.526609441518654,rebalance,rebalance,0.0
2006-12-27,2006-12-28,CSCO,buy,430.1556319765984,17.497409965163776,7526.609441518654,7.526609441518654,rebalance,rebalance,0.0
2006-12-27,2006-12-28,GS,buy,51.401010117785106,146.42921266083047,7526.609441518654,7.526609441518654,rebalance,rebalance,0.0
2006-12-27,2006-12-28,GT,buy,421.4681748322482,17.858073019426385,7526.609441518654,7.526609441518654,rebalance,rebalance,0.0
2006-12-27,2006-12-28,HOG,buy,5.715924101429607,45.583889425067355,260.5540522016447,0.26055405220164474,rebalance,rebalance,0.0
2006-12-27,2006-12-28,IFF,buy,235.5341056910662,31.95549714312197,7526.609441518654,7.526609441518654,rebalance,rebalance,0.0
2006-12-27,2006-12-28,NEE,buy,979.2825623890868,7.685840359657293,7526.609441518654,7.526609441518654,rebalance,rebalance,0.0
2006-12-27,2006-12-28,PTC,buy,23.22193884038188,18.100000381469727,420.3171018693787,0.4203171018693787,rebalance,rebalance,0.0
2006-12-27,2006-12-28,SHW,buy,452.43052618669986,16.63594520236401,7526.609441518654,7.526609441518654,rebalance,rebalance,0.0
2006-12-27,2006-12-28,SPGI,buy,164.03971145397043,45.88284979781022,7526.609441518654,7.526609441518654,rebalance,rebalance,0.0
2007-01-29,2007-01-30,CBRE,sell,14.591121187107632,37.0099983215332,540.017370644141,0.540017370644141,rebalance,rebalance,49.601749081362385
2007-01-29,2007-01-30,GS,sell,0.6532116433249655,153.01715251626618,99.95258565205711,0.09995258565205711,rebalance,rebalance,4.107717166810181
2007-01-29,2007-01-30,GT,sell,67.92383212849887,21.964100909226218,1491.8859030116912,1.4918859030116913,rebalance,rebalance,276.19227444477673
2007-01-29,2007-01-30,HAS,sell,9.7092367478636,15.530175237836072,150.7861481199593,0.1507861481199593,rebalance,rebalance,10.494908702193761
2007-01-29,2007-01-30,HOG,sell,165.11556026589614,44.937895071033935,7419.94572182382,7.4199457218238205,rebalance,rebalance,232.8823448525217
2007-01-29,2007-01-30,MAT,sell,516.7198568420781,15.107487648163492,7806.338854802503,7.806338854802504,rebalance,rebalance,607.940175845956
2007-01-29,2007-01-30,NEE,sell,979.2825623890868,7.8508855991702315,7688.235366579005,7.688235366579005,rebalance,rebalance,146.41108025225455
2007-01-29,2007-01-30,PTC,sell,415.8347670105127,19.68000030517578,8183.62834166959,8.18362834166959,rebalance,rebalance,112.07628584401478
2007-01-29,2007-01-30,SHW,sell,452.43052618669986,16.788715798752115,7595.727522828381,7.595727522828381,rebalance,rebalance,53.995744345379705
2007-01-29,2007-01-30,SPGI,sell,164.03971145397043,44.71955846474069,7335.783466905024,7.335783466905024,rebalance,rebalance,-205.68836752205334
2007-01-29,2007-01-30,TPR,sell,0.9878242219008939,28.732166957148586,28.382330467971876,0.028382330467971877,rebalance,rebalance,1.2794441446558515
2007-01-29,2007-01-30,ADBE,buy,16.19230207243342,39.54999923706055,640.4055346109957,0.6404055346109957,rebalance,rebalance,0.0
2007-01-29,2007-01-30,ATI,buy,91.17432399919042,85.16963195800781,7765.283619031207,7.765283619031208,rebalance,rebalance,0.0
2007-01-29,2007-01-30,CI,buy,7.430198475513379,39.10782719891055,290.5789180339858,0.29057891803398583,rebalance,rebalance,0.0
2007-01-29,2007-01-30,CSCO,buy,30.52145106704063,16.85624031420642,514.4769139243289,0.5144769139243289,rebalance,rebalance,0.0
2007-01-29,2007-01-30,IFF,buy,6.448555623008502,32.09024802381387,206.93574933770242,0.20693574933770242,rebalance,rebalance,0.0
2007-01-29,2007-01-30,MAR,buy,215.30000948982007,36.0672702125374,7765.283619031207,7.765283619031208,rebalance,rebalance,0.0
2007-01-29,2007-01-30,NTAP,buy,285.8333048683041,27.1671757166612,7765.283619031207,7.765283619031208,rebalance,rebalance,0.0
2007-01-29,2007-01-30,TEX,buy,155.18119023715062,50.040108644379934,7765.283619031207,7.765283619031208,rebalance,rebalance,0.0
2007-01-29,2007-01-30,TWX,buy,235.86805971487067,32.92214990201843,7765.283619031207,7.765283619031208,rebalance,rebalance,0.0
2007-01-29,2007-01-30,UIS,buy,92.44385260751437,84.0,7765.283619031207,7.765283619031208,rebalance,rebalance,0.0
2007-02-27,2007-02-28,ADBE,sell,196.3409296795815,38.209999084472656,7502.186743301319,7.502186743301319,rebalance,rebalance,-373.9390652684291
2007-02-27,2007-02-28,ATI,sell,27.255085967999065,83.32064673184249,2270.911389585647,2.270911389585647,rebalance,rebalance,-54.986468323159805
2007-02-27,2007-02-28,CBRE,sell,48.91575734590751,33.099998474121094,1619.111493510016,1.6191114935100162,rebalance,rebalance,-24.782798695110227
2007-02-27,2007-02-28,CI,sell,198.56085533812345,41.271368833048584,8194.878296465296,8.194878296465296,rebalance,rebalance,361.6778702566396
2007-02-27,2007-02-28,CSCO,sell,460.677083043639,16.542062437009847,7620.549071007446,7.620549071007447,rebalance,rebalance,-436.1989198619861
2007-02-27,2007-02-28,GS,sell,14.087715174594067,145.27496317459,2046.5923032032658,2.046592303203266,rebalance,rebalance,-20.370183346986288
2007-02-27,2007-02-28,GT,sell,117.10755030013965,22.52522628658422,2637.8740703781896,2.6378740703781896,rebalance,rebalance,541.8296967373833
2007-02-27,2007-02-28,HAS,sell,157.8002923088187,15.562829889782087,2455.8191057600343,2.4558191057600345,rebalance,rebalance,175.7172610687525
2007-02-27,2007-02-28,IFF,sell,241.9826613140747,30.030481338500977,7266.855794833123,7.2668557948331225,rebalance,rebalance,-481.6897970089236
2007-02-27,2007-02-28,MAR,sell,215.30000948982007,35.975572210820495,7745.5410383913595,7.74554103839136,rebalance,rebalance,-35.253405297269424
2007-02-27,2007-02-28,NTAP,sell,285.8333048683041,27.8405015880643,7957.742578107687,7.957742578107688,rebalance,rebalance,176.73593287934068
2007-02-27,2007-02-28,TEX,sell,60.9001848896625,56.48849661431127,3440.1598879506305,3.4401598879506308,rebalance,rebalance,386.2204078528021
2007-02-27,2007-02-28,TPR,sell,90.81260095156802,29.67811114821559,2695.1464646991844,2.6951464646991843,rebalance,rebalance,203.43953602408558
2007-02-27,2007-02-28,TWX,sell,235.86805971487067,30.78037452697754,7260.107216975222,7.260107216975222,rebalance,rebalance,-520.2017928919903
2007-02-27,2007-02-28,UIS,sell,31.29813108436383,87.0999984741211,2726.0671696909317,2.7260671696909315,rebalance,rebalance,91.6690484235927
2007-02-27,2007-02-28,AZO,buy,42.91532890289316,124.0999984741211,5325.792251365446,5.325792251365446,rebalance,rebalance,0.0
2007-02-27,2007-02-28,DE,buy,142.45664690781942,37.38535454096185,5325.792251365446,5.325792251365446,rebalance,rebalance,0.0
2007-02-27,2007-02-28,MAT,buy,326.66568107407824,16.303494857048396,5325.792251365446,5.325792251365446,rebalance,rebalance,0.0
2007-02-27,2007-02-28,RL,buy,83.04871860230962,64.12853010855888,5325.792251365446,5.325792251365446,rebalance,rebalance,0.0
2007-02-27,2007-02-28,SHW,buy,310.7300882247432,17.13960911153681,5325.792251365446,5.325792251365446,rebalance,rebalance,0.0
2007-02-27,2007-02-28,SVU,buy,24.860806748108626,214.22443387806086,5325.792251365446,5.325792251365446,rebalance,rebalance,0.0
2007-02-27,2007-02-28,WAT,buy,98.62578243269344,54.0,5325.792251365446,5.325792251365446,rebalance,rebalance,0.0
2007-03-27,2007-03-28,AZO,sell,42.91532890289316,128.44000244140625,5512.044949061349,5.512044949061349,rebalance,rebalance,175.4148604954774
2007-03-27,2007-03-28,GS,sell,36.66008329986607,150.93663284357848,5533.349533046889,5.533349533046889,rebalance,rebalance,154.34094270031312
2007-03-27,2007-03-28,GT,sell,23.98834659831911,28.03851358140505,672.597581892422,0.672597581892422,rebalance,rebalance,243.1109534972703
2007-03-27,2007-03-28,HAS,sell,342.21232829012297,16.139630032388336,5523.180371124805,5.523180371124805,rebalance,rebalance,578.2585493938302
2007-03-27,2007-03-28,SHW,sell,310.7300882247432,17.209849427748168,5347.618031018735,5.347618031018735,rebalance,rebalance,11.152369370905467
2007-03-27,2007-03-28,SVU,sell,24.860806748108626,226.1386046359486,5621.988148141259,5.621988148141259,rebalance,rebalance,285.2481163763082
2007-03-27,2007-03-28,WAT,sell,98.62578243269344,58.0,5720.29538109622,5.72029538109622,rebalance,rebalance,383.4570420983126
2007-03-27,2007-03-28,ATI,buy,3.4028762949339324,88.48115797736375,301.09043502947554,0.3010904350294755,rebalance,rebalance,0.0
2007-03-27,2007-03-28,CBRE,buy,10.61557995208986,34.72999954223633,368.67908687665397,0.36867908687665396,rebalance,rebalance,0.0
2007-03-27,2007-03-28,DE,buy,16.672099137133955,37.43345423822591,624.0942601050697,0.6240942601050697,rebalance,rebalance,0.0
2007-03-27,2007-03-28,ETR,buy,249.86699089996196,23.839638087469126,5956.738633060035,5.956738633060035,rebalance,rebalance,0.0
2007-03-27,2007-03-28,MAT,buy,8.662930759599988,17.763884210437002,153.88729893656725,0.15388729893656725,rebalance,rebalance,0.0
2007-03-27,2007-03-28,NEE,buy,685.7966550528299,8.685867143229448,5956.738633060035,5.956738633060035,rebalance,rebalance,0.0
2007-03-27,2007-03-28,NUE,buy,155.18082217359012,38.385791166879116,5956.738633060035,5.956738633060035,rebalance,rebalance,0.0
2007-03-27,2007-03-28,PCAR,buy,348.1879129151575,17.107827159156745,5956.738633060035,5.956738633060035,rebalance,rebalance,0.0
2007-03-27,2007-03-28,RL,buy,6.131060808050719,66.7947226652146,409.52250631731437,0.40952250631731435,rebalance,rebalance,0.0
2007-03-27,2007-03-28,TEX,buy,2.2717697009951223,61.694121479873615,140.15483590748923,0.14015483590748923,rebalance,rebalance,0.0
2007-03-27,2007-03-28,TPR,buy,4.763318636696624,32.335764469607135,154.0255495299122,0.1540255495299122,rebalance,rebalance,0.0
2007-03-27,2007-03-28,UIS,buy,9.43174915655753,84.4000015258789,796.0396432051626,0.7960396432051626,rebalance,rebalance,0.0
2007-03-27,2007-03-28,VMC,buy,63.82447951282472,93.32999937528834,5956.738633060035,5.956738633060035,rebalance,rebalance,0.0
2007-03-27,2007-03-28,WY,buy,412.7256407626196,14.432683712243774,5956.738633060035,5.956738633060035,rebalance,rebalance,0.0
2007-04-25,2007-04-26,ETR,sell,249.86699089996196,26.974725154077216,6740.093404602787,6.740093404602787,rebalance,rebalance,770.65793950509
2007-04-25,2007-04-26,NUE,sell,155.18082217359012,39.20874962187572,6084.446002721114,6.084446002721115,rebalance,rebalance,115.6661850252998
2007-04-25,2007-04-26,PCAR,sell,348.1879129151575,20.16795811538406,7022.239243955889,7.022239243955889,rebalance,rebalance,1052.5216330188387
2007-04-25,2007-04-26,UIS,sell,70.57747067970807,87.9000015258789,6203.759780439013,6.203759780439014,rebalance,rebalance,259.3434892576162
2007-04-25,2007-04-26,WY,sell,412.7256407626196,14.747684079683745,6086.747361552158,6.086747361552158,rebalance,rebalance,117.96524249751143
2007-04-25,2007-04-26,ATI,buy,21.480832275166932,94.29375975346422,2025.508437859051,2.025508437859051,rebalance,rebalance,0.0
2007-04-25,2007-04-26,CBRE,buy,63.63075204678961,35.61000061035156,2265.8911192233068,2.2658911192233067,rebalance,rebalance,0.0
2007-04-25,2007-04-26,DE,buy,52.34592715819639,39.59605935495656,2072.692438746177,2.0726924387461767,rebalance,rebalance,0.0
2007-04-25,2007-04-26,GT,buy,77.00186557765721,28.929192275573644,2227.601774873921,2.227601774873921,rebalance,rebalance,0.0
2007-04-25,2007-04-26,KR,buy,802.4011224574831,10.43563309903726,8373.56371222196,8.37356371222196,rebalance,rebalance,0.0
2007-04-25,2007-04-26,MAT,buy,142.8301287273065,17.512100066178732,2501.2555067377807,2.5012555067377806,rebalance,rebalance,0.0
2007-04-25,2007-04-26,NEE,buy,232.39047486783988,9.119670097037218,2119.3244644885185,2.1193244644885185,rebalance,rebalance,0.0
2007-04-25,2007-04-26,NOV,buy,293.75367101375326,28.505392573732017,8373.56371222196,8.37356371222196,rebalance,rebalance,0.0
2007-04-25,2007-04-26,PEG,buy,381.0854516179074,21.972929369703817,8373.56371222196,8.37356371222196,rebalance,rebalance,0.0
2007-04-25,2007-04-26,RL,buy,26.653143175781153,72.29001500842551,1926.7561201989336,1.9267561201989336,rebalance,rebalance,0.0
2007-04-25,2007-04-26,TAP,buy,294.14528128546976,28.46744192403129,8373.56371222196,8.37356371222196,rebalance,rebalance,0.0
2007-04-25,2007-04-26,TEX,buy,23.58770184652782,69.69810615567549,1644.0181472677189,1.6440181472677189,rebalance,rebalance,0.0
2007-04-25,2007-04-26,TPR,buy,70.63341947591562,32.85701302349351,2320.8031836140394,2.3208031836140393,rebalance,rebalance,0.0
2007-04-25,2007-04-26,TSN,buy,562.2334627133575,14.893392634104096,8373.56371222196,8.37356371222196,rebalance,rebalance,0.0
2007-04-25,2007-04-26,VMC,buy,24.010986682699254,95.33237625883596,2289.024416780985,2.2890244167809852,rebalance,rebalance,0.0
2007-05-23,2007-05-24,CBRE,sell,235.14640743330474,37.20000076293945,8747.446535921408,8.747446535921409,rebalance,rebalance,699.5090470230055
2007-05-23,2007-05-24,DE,sell,211.47467320314976,40.452088275297996,8554.59214840361,8.55459214840361,rebalance,rebalance,515.4360270882977
2007-05-23,2007-05-24,GT,sell,13.907455057820187,30.897598742011336,429.7069658990842,0.4297069658990842,rebalance,rebalance,139.66697960538556
2007-05-23,2007-05-24,MAT,sell,478.1587405609847,18.07232679821357,8641.441020840333,8.641441020840334,rebalance,rebalance,643.8835877226614
2007-05-23,2007-05-24,NEE,sell,918.1871299206698,9.235160031618955,8479.605083790291,8.479605083790291,rebalance,rebalance,386.9863180603997
2007-05-23,2007-05-24,NOV,sell,29.685760021943338,32.240239183115,957.0760034400064,0.9570760034400064,rebalance,rebalance,109.06847991819706
2007-05-23,2007-05-24,RL,sell,115.83292258614149,71.17269770195445,8244.14158315734,8.24414158315734,rebalance,rebalance,566.1644928146072
2007-05-23,2007-05-24,TPR,sell,254.84859826529794,31.76304546441585,8094.767613243309,8.09476761324331,rebalance,rebalance,690.9131490386007
2007-05-23,2007-05-24,TSN,sell,12.928444689790695,15.498880096879462,200.37641408620397,0.20037641408620396,rebalance,rebalance,7.435086355853502
2007-05-23,2007-05-24,ATI,buy,1.5411789016526711,94.23537572106956,145.23357285062477,0.14523357285062477,rebalance,rebalance,0.0
2007-05-23,2007-05-24,CMI,buy,297.2478261823979,28.64146298495496,8513.612610961474,8.513612610961474,rebalance,rebalance,0.0
2007-05-23,2007-05-24,ESRX,buy,343.4985944472544,24.78499984741211,8513.612610961474,8.513612610961474,rebalance,rebalance,0.0
2007-05-23,2007-05-24,KR,buy,17.903905381974596,10.378593720661282,185.81735997267526,0.18581735997267526,rebalance,rebalance,0.0
2007-05-23,2007-05-24,PCAR,buy,413.80808182854014,20.573819083816392,8513.612610961474,8.513612610961474,rebalance,rebalance,0.0
2007-05-23,2007-05-24,PEG,buy,9.901933025641824,21.774647841190745,215.6111045804071,0.2156111045804071,rebalance,rebalance,0.0
2007-05-23,2007-05-24,PPL,buy,481.95705190743837,17.66467069475839,8513.612610961474,8.513612610961474,rebalance,rebalance,0.0
2007-05-23,2007-05-24,SVU,buy,31.498741595935012,270.28421389571247,8513.612610961474,8.513612610961474,rebalance,rebalance,0.0
2007-05-23,2007-05-24,TAP,buy,8.401159861043936,28.139853764925302,236.40740994553656,0.23640740994553655,rebalance,rebalance,0.0
2007-05-23,2007-05-24,TEX,buy,1.963633961678397,69.7242095391341,136.91282580222457,0.13691282580222458,rebalance,rebalance,0.0
2007-05-23,2007-05-24,VLO,buy,222.87650994765738,38.19878825705275,8513.612610961474,8.513612610961474,rebalance,rebalance,0.0
2007-05-23,2007-05-24,VMC,buy,2.579631401887653,94.1614048670252,242.90171684083506,0.24290171684083506,rebalance,rebalance,0.0
2007-06-21,2007-06-22,ATI,sell,18.042440443896993,90.24635661855913,1628.2645145690424,1.6282645145690424,rebalance,rebalance,44.20509716530376
2007-06-21,2007-06-22,CMI,sell,102.97117613141509,33.58593867173065,3458.3836065056826,3.4583836065056826,rebalance,rebalance,502.7308480842891
2007-06-21,2007-06-22,ESRX,sell,83.17689028069555,25.065000534057617,2084.8287993068857,2.084828799306886,rebalance,rebalance,19.143218379410953
2007-06-21,2007-06-22,GT,sell,63.50685866472503,30.772905195145142,1954.2905409310652,1.9542905409310651,rebalance,rebalance,629.8628718563589
2007-06-21,2007-06-22,KR,sell,820.3050278394577,10.504951182964579,8617.264272593902,8.617264272593902,rebalance,rebalance,40.70655505448088
2007-06-21,2007-06-22,NOV,sell,88.77627967005247,37.22347498714674,3304.5616257501415,3.3045616257501416,rebalance,rebalance,768.1237581908913
2007-06-21,2007-06-22,PCAR,sell,106.59126557625774,21.238953432169453,2263.886925850145,2.263886925850145,rebalance,rebalance,66.44063562946126
2007-06-21,2007-06-22,PEG,sell,86.24976784804272,21.41174339609064,1846.7578971346795,1.8467578971346796,rebalance,rebalance,-51.71053556525425
2007-06-21,2007-06-22,PPL,sell,481.95705190743837,18.417493494785525,8876.440868271256,8.876440868271256,rebalance,rebalance,345.43820383054975
2007-06-21,2007-06-22,SVU,sell,7.021202775563612,266.5694333831959,1871.6380455505146,1.8716380455505146,rebalance,rebalance,-29.85158556343683
2007-06-21,2007-06-22,TAP,sell,302.5464411465137,28.33037006654047,8571.25263999554,8.57125263999554,rebalance,rebalance,-55.89970593411934
2007-06-21,2007-06-22,TEX,sell,122.10411085668946,72.99180575721677,8912.59954180914,8.912599541809142,rebalance,rebalance,2258.1304650405605
2007-06-21,2007-06-22,TSN,sell,549.3050180235668,16.62113991214654,9130.075559013882,9.130075559013882,rebalance,rebalance,931.7491588369516
2007-06-21,2007-06-22,VLO,sell,55.854421711858635,39.066471524112195,2182.035175302079,2.182035175302079,rebalance,rebalance,44.1483407071684
2007-06-21,2007-06-22,VMC,sell,90.41509759741163,95.58701367850816,8642.509170787436,8.642509170787436,rebalance,rebalance,136.7132301681122
2007-06-21,2007-06-22,CNX,buy,177.1982292635221,36.82296195103576,6524.963653961586,6.524963653961586,rebalance,rebalance,0.0
2007-06-21,2007-06-22,EIX,buy,241.92100215361648,26.97146422127635,6524.963653961586,6.524963653961586,rebalance,rebalance,0.0
2007-06-21,2007-06-22,GILD,buy,481.25605615305767,13.55819541497136,6524.963653961586,6.524963653961586,rebalance,rebalance,0.0
2007-06-21,2007-06-22,HON,buy,189.8729795956188,34.36488787324084,6524.963653961586,6.524963653961586,rebalance,rebalance,0.0
2007-06-21,2007-06-22,UNM,buy,412.1823434857324,15.830284234839976,6524.963653961586,6.524963653961586,rebalance,rebalance,0.0
2007-06-21,2007-06-22,WHR,buy,105.85339916715112,61.64151274592644,6524.963653961586,6.524963653961586,rebalance,rebalance,0.0
2007-07-20,2007-07-23,ATI,sell,72.3016850590479,95.63991703609695,6914.927160617352,6.914927160617352,rebalance,rebalance,566.717152029998
2007-07-20,2007-07-23,EIX,sell,241.92100215361648,29.095358834091087,7038.778367162394,7.038778367162394,rebalance,rebalance,500.2509711796855
2007-07-20,2007-07-23,GILD,sell,481.25605615305767,13.44839377509542,6472.1209497957525,6.472120949795753,rebalance,rebalance,-65.83978876958945
2007-07-20,2007-07-23,HON,sell,189.8729795956188,37.55792382419176,7131.234903924567,7.131234903924567,rebalance,rebalance,592.615051405096
2007-07-20,2007-07-23,PCAR,sell,307.2168162522824,22.5430726266131,6925.611000892054,6.925611000892054,rebalance,rebalance,591.74156961356
2007-07-20,2007-07-23,PEG,sell,304.7376167955065,22.49859690800157,6856.168802987149,6.856168802987149,rebalance,rebalance,148.17031736779205
2007-07-20,2007-07-23,SVU,sell,24.4775388203714,276.67765503349665,6772.388041811741,6.772388041811741,rebalance,rebalance,143.10742326589428
2007-07-20,2007-07-23,UNM,sell,412.1823434857324,15.647629517249447,6449.676604416397,6.449676604416397,rebalance,rebalance,-88.26168980356576
2007-07-20,2007-07-23,WHR,sell,105.85339916715112,58.29544210937805,6170.770703229545,6.170770703229545,rebalance,rebalance,-366.8886850892309
2007-07-20,2007-07-23,CAT,buy,148.4689953785111,51.077128903530024,7583.3700151258145,7.583370015125815,rebalance,rebalance,0.0
2007-07-20,2007-07-23,CMI,buy,4.860102239223977,38.081217695437694,185.07861139397247,0.18507861139397247,rebalance,rebalance,0.0
2007-07-20,2007-07-23,CNX,buy,39.94344294183213,34.92360511967553,1394.969028420836,1.394969028420836,rebalance,rebalance,0.0
2007-07-20,2007-07-23,ESRX,buy,23.487061177820976,26.719999313354492,627.5742585440914,0.6275742585440914,rebalance,rebalance,0.0
2007-07-20,2007-07-23,FCX,buy,221.87492970141997,34.17857991135301,7583.3700151258145,7.583370015125815,rebalance,rebalance,0.0
2007-07-20,2007-07-23,FLR,buy,150.0570854174951,50.536567427169764,7583.3700151258145,7.583370015125815,rebalance,rebalance,0.0
2007-07-20,2007-07-23,GT,buy,31.713215016463494,31.111362091572992,986.6413154651057,0.9866413154651057,rebalance,rebalance,0.0
2007-07-20,2007-07-23,NOV,buy,8.194717624368195,41.329341712240435,338.6822849328323,0.3386822849328323,rebalance,rebalance,0.0
2007-07-20,2007-07-23,PPL,buy,385.751863329124,19.658673712369534,7583.3700151258145,7.583370015125815,rebalance,rebalance,0.0
2007-07-20,2007-07-23,RIG,buy,68.17546562465854,111.23312390525086,7583.3700151258145,7.583370015125815,rebalance,rebalance,0.0
2007-07-20,2007-07-23,SLB,buy,118.09098306623873,64.21633403519222,7583.3700151258145,7.583370015125815,rebalance,rebalance,0.0
2007-07-20,2007-07-23,TEX,buy,93.97960772861406,80.6916542684919,7583.370015125815,7.583370015125816,rebalance,rebalance,0.0
2007-07-20,2007-07-23,TSN,buy,457.7848675438512,16.56535755717046,7583.3700151258145,7.583370015125815,rebalance,rebalance,0.0
2007-07-20,2007-07-23,TT,buy,301.7793008035812,25.1288607102367,7583.370015125814,7.583370015125814,rebalance,rebalance,0.0
2007-07-20,2007-07-23,VLO,buy,35.86638086166482,37.37703797983174,1340.5790796655563,1.3405790796655563,rebalance,rebalance,0.0
2007-08-03,2007-08-06,CAT,sell,148.4689953785111,48.928014543321396,7264.293165112108,7.264293165112108,market_trend_exit,risk_exit,-333.92451319394337
2007-08-03,2007-08-06,CMI,sell,199.13675229020677,39.04469195191985,7775.233149476893,7.775233149476893,market_trend_exit,risk_exit,2012.2623775645034
2007-08-03,2007-08-06,CNX,sell,217.14167220535424,29.041733181264693,6306.170506721537,6.3061705067215374,market_trend_exit,risk_exit,-1627.9882788499874
2007-08-03,2007-08-06,ESRX,sell,283.8087653443798,25.21500015258789,7156.238061464318,7.156238061464318,market_trend_exit,risk_exit,62.35451915595205
2007-08-03,2007-08-06,FCX,sell,221.87492970141997,30.26877770977844,6715.882926504999,6.7158829265049995,market_trend_exit,risk_exit,-881.7863415624447
2007-08-03,2007-08-06,FLR,sell,150.0570854174951,50.07021909126484,7513.391143050622,7.513391143050622,market_trend_exit,risk_exit,-85.07563323336791
2007-08-03,2007-08-06,GT,sell,243.74921267686608,23.71873687333527,5781.423438565224,5.781423438565224,market_trend_exit,risk_exit,372.554561646286
2007-08-03,2007-08-06,NOV,sell,183.48634894612564,38.052270657131515,6982.0722119868515,6.982072211986852,market_trend_exit,risk_exit,1634.3156500747878
2007-08-03,2007-08-06,PPL,sell,385.751863329124,19.35838849794547,7467.534434131547,7.467534434131547,market_trend_exit,risk_exit,-130.8864854435251
2007-08-03,2007-08-06,RIG,sell,68.17546562465854,93.08330858722283,6345.997904817694,6.345997904817694,market_trend_exit,risk_exit,-1251.3014782280638
2007-08-03,2007-08-06,SLB,sell,118.09098306623873,57.1557289057953,6749.5762143528045,6.749576214352805,market_trend_exit,risk_exit,-848.126747002487
2007-08-03,2007-08-06,TEX,sell,93.97960772861406,72.18358079583504,6783.784607639296,6.783784607639296,market_trend_exit,risk_exit,-813.9525621092827
2007-08-03,2007-08-06,TSN,sell,457.7848675438512,14.348283889230775,6568.427239713084,6.568427239713085,market_trend_exit,risk_exit,-1029.0945726675684
2007-08-03,2007-08-06,TT,sell,301.7793008035812,22.956048524682867,6927.660272991877,6.927660272991877,market_trend_exit,risk_exit,-670.2207724220535
2007-08-03,2007-08-06,VLO,sell,202.88846909746357,31.635016486256923,6418.380064769688,6.418380064769688,market_trend_exit,risk_exit,-1316.3793981931308
2007-08-17,2007-08-20,CMI,buy,100.11694330951654,34.85506729059671,3489.582795982055,3.489582795982055,rebalance,rebalance,0.0
2007-08-17,2007-08-20,CNX,buy,116.619351541721,29.92284513547174,3489.582795982055,3.489582795982055,rebalance,rebalance,0.0
2007-08-17,2007-08-20,COP,buy,111.26462011118637,31.362914756684795,3489.582795982055,3.489582795982055,rebalance,rebalance,0.0
2007-08-17,2007-08-20,CVX,buy,87.26319598191571,39.989170196164146,3489.582795982055,3.489582795982055,rebalance,rebalance,0.0
2007-08-17,2007-08-20,ESRX,buy,139.97524080485366,24.93000030517578,3489.582795982055,3.489582795982055,rebalance,rebalance,0.0
2007-08-17,2007-08-20,FCX,buy,127.32597583684407,27.406684088199082,3489.582795982055,3.489582795982055,rebalance,rebalance,0.0
2007-08-17,2007-08-20,FLR,buy,72.67325474159414,48.017428260094306,3489.582795982055,3.489582795982055,rebalance,rebalance,0.0
2007-08-17,2007-08-20,GT,buy,140.88095571319027,24.769726882647312,3489.5827959820544,3.4895827959820545,rebalance,rebalance,0.0
2007-08-17,2007-08-20,NOV,buy,92.57391662029961,37.69509731661131,3489.582795982055,3.489582795982055,rebalance,rebalance,0.0
2007-08-17,2007-08-20,PCAR,buy,189.25768839814813,18.438261745229052,3489.582795982055,3.489582795982055,rebalance,rebalance,0.0
2007-08-17,2007-08-20,PPL,buy,182.03147316479038,19.170216750501094,3489.582795982055,3.489582795982055,rebalance,rebalance,0.0
2007-08-17,2007-08-20,RIG,buy,37.522687363993604,92.99927700089583,3489.582795982055,3.489582795982055,rebalance,rebalance,0.0
2007-08-17,2007-08-20,SLB,buy,60.58443188067688,57.5986716002373,3489.582795982055,3.489582795982055,rebalance,rebalance,0.0
2007-08-17,2007-08-20,TEX,buy,54.13024697980924,64.46641186181324,3489.582795982055,3.489582795982055,rebalance,rebalance,0.0
2007-08-17,2007-08-20,VLO,buy,107.28973865492195,32.52485130200258,3489.582795982055,3.489582795982055,rebalance,rebalance,0.0
2007-08-20,2007-08-21,CMI,sell,100.11694330951654,34.95294903144919,3499.3824166820195,3.4993824166820198,market_trend_exit,risk_exit,2.8106554873007332
2007-08-20,2007-08-21,CNX,sell,116.619351541721,29.631297046123425,3455.5826468590267,3.455582646859027,market_trend_exit,risk_exit,-40.945314565869026
2007-08-20,2007-08-21,COP,sell,111.26462011118637,31.422544122359582,3496.217434701331,3.496217434701331,market_trend_exit,risk_exit,-0.3511615114066875
2007-08-20,2007-08-21,CVX,sell,87.26319598191571,40.05581693702364,3495.398603591233,3.495398603591233,market_trend_exit,risk_exit,-1.169173790394519
2007-08-20,2007-08-21,ESRX,sell,139.97524080485366,25.1200008392334,3516.178166489821,3.516178166489821,market_trend_exit,risk_exit,19.589609545294387
2007-08-20,2007-08-21,FCX,sell,127.32597583684407,27.75361589091458,3533.7562263116415,3.5337562263116418,market_trend_exit,risk_exit,37.15009130729321
2007-08-20,2007-08-21,FLR,sell,72.67325474159414,48.82939488242058,3548.591053168044,3.548591053168044,market_trend_exit,risk_exit,51.970083336839394
2007-08-20,2007-08-21,GT,sell,140.88095571319027,24.67176378082973,3475.7816605733647,3.475781660573365,market_trend_exit,risk_exit,-20.76649986524495
2007-08-20,2007-08-21,NOV,sell,92.57391662029961,38.298490261971175,3545.4412441950763,3.5454412441950764,market_trend_exit,risk_exit,48.82342417284433
2007-08-20,2007-08-21,PCAR,sell,189.25768839814813,18.67178242540531,3533.778380105377,3.5337783801053773,market_trend_exit,risk_exit,37.17222294723479
2007-08-20,2007-08-21,PPL,sell,182.03147316479038,18.954007336573195,3450.2258778526634,3.4502258778526635,market_trend_exit,risk_exit,-46.296726803225816
2007-08-20,2007-08-21,RIG,sell,37.522687363993604,92.99925921051702,3489.582128439233,3.4895821284392334,market_trend_exit,risk_exit,-6.9798324672429
2007-08-20,2007-08-21,SLB,sell,60.58443188067688,58.165347538206916,3523.9145357443936,3.5239145357443937,market_trend_exit,risk_exit,27.318242430612585
2007-08-20,2007-08-21,TEX,sell,54.13024697980924,65.17905254722494,3528.158212291251,3.528158212291251,market_trend_exit,risk_exit,31.55767530092318
2007-08-20,2007-08-21,VLO,sell,107.28973865492195,32.43280193877339,3479.7068438578426,3.479706843857843,market_trend_exit,risk_exit,-16.845241764051792
2007-09-17,2007-09-18,BIIB,buy,83.26058860876533,64.87999725341797,5401.946760254658,5.401946760254658,rebalance,rebalance,0.0
2007-09-17,2007-09-18,CIEN,buy,144.20573657979054,37.459999084472656,5401.946760254658,5.401946760254658,rebalance,rebalance,0.0
2007-09-17,2007-09-18,CMI,buy,135.44692775462988,39.88238677543579,5401.946760254657,5.401946760254657,rebalance,rebalance,0.0
2007-09-17,2007-09-18,COP,buy,160.54026438785198,33.648547801092455,5401.946760254658,5.401946760254658,rebalance,rebalance,0.0
2007-09-17,2007-09-18,CVX,buy,124.42067108198201,43.41679492063873,5401.946760254658,5.401946760254658,rebalance,rebalance,0.0
2007-09-17,2007-09-18,FCX,buy,158.5980626676679,34.06061000615179,5401.946760254658,5.401946760254658,rebalance,rebalance,0.0
2007-09-17,2007-09-18,FLR,buy,95.32014125834581,56.67161933398507,5401.946760254658,5.401946760254658,rebalance,rebalance,0.0
2007-09-17,2007-09-18,FNMA,buy,92.93814142681207,58.12411005129301,5401.946760254658,5.401946760254658,rebalance,rebalance,0.0
2007-09-17,2007-09-18,INTC,buy,356.73095913209835,15.142915471640643,5401.946760254658,5.401946760254658,rebalance,rebalance,0.0
2007-09-17,2007-09-18,JEF,buy,190.28302334831565,28.389010565416136,5401.946760254658,5.401946760254658,rebalance,rebalance,0.0
2007-09-17,2007-09-18,NOV,buy,117.13212163990973,46.11840616070669,5401.946760254658,5.401946760254658,rebalance,rebalance,0.0
2007-09-17,2007-09-18,PPL,buy,275.02925186762684,19.64135350538875,5401.946760254657,5.401946760254657,rebalance,rebalance,0.0
2007-09-17,2007-09-18,RIG,buy,54.791071978149525,98.59173338329526,5401.946760254658,5.401946760254658,rebalance,rebalance,0.0
2007-09-17,2007-09-18,SLB,buy,82.3785526769808,65.57467428975764,5401.946760254658,5.401946760254658,rebalance,rebalance,0.0
2007-09-17,2007-09-18,STZ,buy,275.1467652599473,19.63296481116586,5401.946760254658,5.401946760254658,rebalance,rebalance,0.0
2007-10-15,2007-10-16,BIIB,sell,0.5370899887213199,81.05000305175781,43.53114522493154,0.043531145224931546,rebalance,rebalance,8.606370689636016
2007-10-15,2007-10-16,CVX,sell,124.42067108198201,43.988075619065796,5473.0258881291375,5.473025888129137,rebalance,rebalance,60.20415522609621
2007-10-15,2007-10-16,FNMA,sell,92.93814142681207,62.48991661509499,5807.6967081233915,5.807696708123392,rebalance,rebalance,394.5403044003554
2007-10-15,2007-10-16,PPL,sell,275.02925186762684,19.59300156210336,5388.648561466532,5.388648561466532,rebalance,rebalance,-24.08879410984678
2007-10-15,2007-10-16,STZ,sell,275.1467652599473,21.32633214461608,5867.871304450349,5.867871304450349,rebalance,rebalance,454.6547261309872
2007-10-15,2007-10-16,CIEN,buy,5.956404214776256,44.650001525878906,265.9534572785114,0.2659534572785114,rebalance,rebalance,0.0
2007-10-15,2007-10-16,CMI,buy,11.709024829551083,45.562137975840194,533.4882048465452,0.5334882048465451,rebalance,rebalance,0.0
2007-10-15,2007-10-16,COP,buy,35.1346805853118,34.264682259275375,1203.8786665368402,1.2038786665368402,rebalance,rebalance,0.0
2007-10-15,2007-10-16,DE,buy,125.00744738650761,53.63472301675293,6704.73981560665,6.704739815606651,rebalance,rebalance,0.0
2007-10-15,2007-10-16,EXPE,buy,150.2310395316404,44.629524208241634,6704.739815606651,6.7047398156066516,rebalance,rebalance,0.0
2007-10-15,2007-10-16,FCX,buy,12.294234424381045,39.23371579466351,482.3484993191345,0.4823484993191345,rebalance,rebalance,0.0
2007-10-15,2007-10-16,FLR,buy,2.877781759821957,68.27781697955255,196.48865630421824,0.19648865630421825,rebalance,rebalance,0.0
2007-10-15,2007-10-16,INTC,buy,72.77786148823486,15.610249414489543,1136.0805696845193,1.1360805696845193,rebalance,rebalance,0.0
2007-10-15,2007-10-16,JEF,buy,24.15326952389475,31.266814613337043,755.1958005095806,0.7551958005095807,rebalance,rebalance,0.0
2007-10-15,2007-10-16,NOV,buy,4.665944216193395,55.047999066979315,256.85089285959157,0.25685089285959156,rebalance,rebalance,0.0
2007-10-15,2007-10-16,OXY,buy,167.41672352089756,40.04820829485258,6704.73981560665,6.704739815606651,rebalance,rebalance,0.0
2007-10-15,2007-10-16,PH,buy,123.19189198168363,54.42517123288862,6704.73981560665,6.704739815606651,rebalance,rebalance,0.0
2007-10-15,2007-10-16,RIG,buy,7.884259335252175,106.9757379036462,843.4244602123125,0.8434244602123125,rebalance,rebalance,0.0
2007-10-15,2007-10-16,SLB,buy,9.771058142985936,72.75928520963308,710.9352062254214,0.7109352062254215,rebalance,rebalance,0.0
2007-11-08,2007-11-09,BIIB,sell,82.72349862004401,75.23999786376953,6224.115859455654,6.224115859455654,market_trend_exit,risk_exit,845.4242799713558
2007-11-08,2007-11-09,CIEN,sell,150.1621407945668,45.130001068115234,6776.81757444927,6.77681757444927,market_trend_exit,risk_exit,1096.4726391241172
2007-11-08,2007-11-09,CMI,sell,147.15595258418097,38.39474675743979,5650.015533319446,5.650015533319446,market_trend_exit,risk_exit,-297.0048822801774
2007-11-08,2007-11-09,COP,sell,195.67494497316378,33.009158149461356,6459.065204506312,6.459065204506312,market_trend_exit,risk_exit,-159.82511291648345
2007-11-08,2007-11-09,DE,sell,125.00744738650761,54.39569987046492,6799.867589609402,6.799867589609402,market_trend_exit,risk_exit,81.62316659753579
2007-11-08,2007-11-09,EXPE,sell,150.2310395316404,38.04227652026188,5715.130747789058,5.715130747789058,market_trend_exit,risk_exit,-1002.0289383809887
2007-11-08,2007-11-09,FCX,sell,170.89229709204895,38.638899709943466,6603.0903285415425,6.603090328541542,market_trend_exit,risk_exit,706.3076833796349
2007-11-08,2007-11-09,FLR,sell,98.19792301816777,56.413037580943296,5539.643121594475,5.539643121594475,market_trend_exit,risk_exit,-69.9303735025541
2007-11-08,2007-11-09,INTC,sell,429.5088206203332,15.456934203240575,6638.88958003995,6.63888958003995,market_trend_exit,risk_exit,87.6853331907933
2007-11-08,2007-11-09,JEF,sell,214.4362928722104,28.636026311619,6140.603324854655,6.140603324854655,market_trend_exit,risk_exit,-28.83698179520256
2007-11-08,2007-11-09,NOV,sell,121.79806585610312,48.68804920991629,5930.110224074573,5.930110224074573,market_trend_exit,risk_exit,259.72366308313525
2007-11-08,2007-11-09,OXY,sell,167.41672352089756,41.363441682104686,6924.93187996569,6.9249318799656905,market_trend_exit,risk_exit,206.5623926634679
2007-11-08,2007-11-09,PH,sell,123.19189198168363,61.755104986930775,7607.728222867508,7.607728222867507,market_trend_exit,risk_exit,888.6759392223837
2007-11-08,2007-11-09,RIG,sell,62.6753313134017,119.45845755455123,7487.098405419432,7.487098405419433,market_trend_exit,risk_exit,1227.9947153265764
2007-11-08,2007-11-09,SLB,sell,92.14961081996674,62.15532287732191,5727.5888135345895,5.72758881353459,market_trend_exit,risk_exit,-397.1336237255035
2007-12-11,2007-12-12,AAPL,buy,720.578442013244,5.785715275793624,4169.061699363596,4.169061699363596,rebalance,rebalance,0.0
2007-12-11,2007-12-12,BIIB,buy,53.794344507917366,77.5,4169.061699363596,4.169061699363596,rebalance,rebalance,0.0
2007-12-11,2007-12-12,CIEN,buy,97.68185729975302,42.68000030517578,4169.061699363596,4.169061699363596,rebalance,rebalance,0.0
2007-12-11,2007-12-12,CMI,buy,103.45070253564278,40.299984409745235,4169.061699363596,4.169061699363596,rebalance,rebalance,0.0
2007-12-11,2007-12-12,DE,buy,67.80576311160866,61.485359179592116,4169.061699363596,4.169061699363596,rebalance,rebalance,0.0
2007-12-11,2007-12-12,ESRX,buy,116.17840028884446,35.8849983215332,4169.061699363596,4.169061699363596,rebalance,rebalance,0.0
2007-12-11,2007-12-12,FCX,buy,113.06900939191635,36.87183359777144,4169.061699363596,4.169061699363596,rebalance,rebalance,0.0
2007-12-11,2007-12-12,FLR,buy,65.91391625404462,63.25009855726443,4169.061699363596,4.169061699363596,rebalance,rebalance,0.0
2007-12-11,2007-12-12,GOOGL,buy,235.39630721351756,17.710820312835345,4169.061699363596,4.169061699363596,rebalance,rebalance,0.0
2007-12-11,2007-12-12,JEF,buy,137.68948183553212,30.278723136916685,4169.061699363596,4.169061699363596,rebalance,rebalance,0.0
2007-12-11,2007-12-12,MUR,buy,116.44987304115186,35.8013417317364,4169.061699363596,4.169061699363596,rebalance,rebalance,0.0
2007-12-11,2007-12-12,NEM,buy,121.00852336422952,34.45262848811841,4169.061699363596,4.169061699363596,rebalance,rebalance,0.0
2007-12-11,2007-12-12,NOV,buy,81.01198669646878,51.46228193346258,4169.061699363596,4.169061699363596,rebalance,rebalance,0.0
2007-12-11,2007-12-12,PH,buy,70.7682053925097,58.91150801748126,4169.061699363596,4.169061699363596,rebalance,rebalance,0.0
2007-12-11,2007-12-12,TXT,buy,62.79740061437454,66.38908073544184,4169.061699363596,4.169061699363596,rebalance,rebalance,0.0
2007-12-14,2007-12-17,AAPL,sell,720.578442013244,5.704364665613628,4110.4422034232675,4.1104422034232675,market_trend_exit,risk_exit,-66.89899984311441
2007-12-14,2007-12-17,BIIB,sell,53.794344507917366,58.720001220703125,3158.803975171832,3.158803975171832,market_trend_exit,risk_exit,-1017.5855898662984
2007-12-14,2007-12-17,CIEN,sell,97.68185729975302,35.43000030517578,3460.8682339403867,3.4608682339403867,market_trend_exit,risk_exit,-715.8233953565126
2007-12-14,2007-12-17,CMI,sell,103.45070253564278,39.76381959592468,4113.595072698967,4.113595072698967,market_trend_exit,risk_exit,-63.7492834366908
2007-12-14,2007-12-17,DE,sell,67.80576311160866,60.22869645209496,4083.8527241517354,4.083852724151735,market_trend_exit,risk_exit,-93.46188963537517
2007-12-14,2007-12-17,ESRX,sell,116.17840028884446,35.40999984741211,4113.877136500565,4.113877136500565,market_trend_exit,risk_exit,-63.467501698894296
2007-12-14,2007-12-17,FCX,sell,113.06900939191635,34.972570145387174,3954.313862228236,3.954313862228236,market_trend_exit,risk_exit,-222.87121269695137
2007-12-14,2007-12-17,FLR,sell,65.91391625404462,59.76727732354766,3939.4953122365805,3.9394953122365806,market_trend_exit,risk_exit,-237.67494413861507
2007-12-14,2007-12-17,GOOGL,sell,235.39630721351756,17.06589029733488,4017.24755530363,4.01724755530363,market_trend_exit,risk_exit,-160.0004533146322
2007-12-14,2007-12-17,JEF,sell,137.68948183553212,29.694965619449913,4088.684429266,4.088684429266,market_trend_exit,risk_exit,-88.63501622622552
2007-12-14,2007-12-17,MUR,sell,116.44987304115186,35.72639370682205,4160.334011377635,4.160334011377635,market_trend_exit,risk_exit,-17.05708369670193
2007-12-14,2007-12-17,NEM,sell,121.00852336422952,32.49573770235744,3932.261234993594,3.932261234993594,market_trend_exit,risk_exit,-244.90178730435798
2007-12-14,2007-12-17,NOV,sell,81.01198669646878,51.55244885188591,4176.366300559369,4.176366300559369,market_trend_exit,risk_exit,-1.040826804149372
2007-12-14,2007-12-17,PH,sell,70.7682053925097,55.61267033368204,3935.6088765999416,3.9356088765999417,market_trend_exit,risk_exit,-241.5574933396172
2007-12-14,2007-12-17,TXT,sell,62.79740061437454,65.90433397112061,4138.620862607994,4.138620862607994,market_trend_exit,risk_exit,-38.74851931757313
2008-05-06,2008-05-07,ADM,buy,186.2023456751197,27.695271297524602,5156.924479707896,5.156924479707897,rebalance,rebalance,0.0
2008-05-06,2008-05-07,APA,buy,52.00562789350037,99.16089255317704,5156.924479707896,5.156924479707897,rebalance,rebalance,0.0
2008-05-06,2008-05-07,CHRW,buy,115.47006316308378,44.660272441563755,5156.924479707896,5.156924479707897,rebalance,rebalance,0.0
2008-05-06,2008-05-07,CNX,buy,73.16089460738104,70.48744424712962,5156.924479707896,5.156924479707897,rebalance,rebalance,0.0
2008-05-06,2008-05-07,CSX,buy,986.9335906588577,5.225199069640778,5156.924479707896,5.156924479707897,rebalance,rebalance,0.0
2008-05-06,2008-05-07,DHI,buy,382.3083692759506,13.488913385481295,5156.924479707896,5.156924479707897,rebalance,rebalance,0.0
2008-05-06,2008-05-07,DVN,buy,67.38350705309603,76.53095995203108,5156.924479707895,5.156924479707896,rebalance,rebalance,0.0
2008-05-06,2008-05-07,EOG,buy,108.25895493790775,47.63508462339828,5156.924479707896,5.156924479707897,rebalance,rebalance,0.0
2008-05-06,2008-05-07,NBR,buy,3.0528370982112727,1689.2236021140652,5156.924479707896,5.156924479707897,rebalance,rebalance,0.0
2008-05-06,2008-05-07,NUE,buy,106.7678675997053,48.30034162564965,5156.924479707896,5.156924479707897,rebalance,rebalance,0.0
2008-05-06,2008-05-07,PSA,buy,107.94038679531933,47.77567167224121,5156.924479707896,5.156924479707897,rebalance,rebalance,0.0
2008-05-06,2008-05-07,R,buy,117.43631249549003,43.91252049834195,5156.924479707896,5.156924479707897,rebalance,rebalance,0.0
2008-05-06,2008-05-07,RRC,buy,79.0133564902976,65.26649048684747,5156.924479707896,5.156924479707897,rebalance,rebalance,0.0
2008-05-06,2008-05-07,THC,buy,214.87185332116235,24.0,5156.924479707896,5.156924479707897,rebalance,rebalance,0.0
2008-05-06,2008-05-07,WMT,buy,399.2851351859419,12.915393099486119,5156.924479707896,5.156924479707897,rebalance,rebalance,0.0
2008-05-07,2008-05-08,ADM,sell,186.2023456751197,27.073528845550864,5041.154576744586,5.041154576744586,market_trend_exit,risk_exit,-125.96798201976222
2008-05-07,2008-05-08,APA,sell,52.00562789350037,97.02408113480081,5045.79826020524,5.04579826020524,market_trend_exit,risk_exit,-121.32894224256962
2008-05-07,2008-05-08,CHRW,sell,115.47006316308378,42.88771612507736,4952.247289883089,4.952247289883089,market_trend_exit,risk_exit,-214.78636159439773
2008-05-07,2008-05-08,CNX,sell,73.16089460738104,67.81342828735046,4961.291079896039,4.961291079896039,market_trend_exit,risk_exit,-205.75161537146087
2008-05-07,2008-05-08,CSX,sell,986.9335906588577,5.062511733318958,4996.362882717077,4.996362882717077,market_trend_exit,risk_exit,-170.71488435324355
2008-05-07,2008-05-08,DHI,sell,382.3083692759506,12.770902811269577,4882.423027958125,4.882423027958125,market_trend_exit,risk_exit,-284.5407992574362
2008-05-07,2008-05-08,DVN,sell,67.38350705309603,72.80396227951836,4905.786305755262,4.905786305755262,market_trend_exit,risk_exit,-261.20088473809625
2008-05-07,2008-05-08,EOG,sell,108.25895493790775,46.09051983800714,4989.711510207558,4.989711510207558,market_trend_exit,risk_exit,-177.3596054902534
2008-05-07,2008-05-08,NBR,sell,3.0528370982112727,1661.0271569852011,5070.845325980821,5.070845325980821,market_trend_exit,risk_exit,-96.30692353276258
2008-05-07,2008-05-08,NUE,sell,106.7678675997053,48.1232781188266,5138.019786654673,5.138019786654674,market_trend_exit,risk_exit,-29.1996373195849
2008-05-07,2008-05-08,PSA,sell,107.94038679531933,47.00263977050781,5073.483117229673,5.073483117229673,market_trend_exit,risk_exit,-93.67177007516092
2008-05-07,2008-05-08,R,sell,117.43631249549003,43.36881618871931,5093.073850497907,5.093073850497907,market_trend_exit,risk_exit,-74.10062754019444
2008-05-07,2008-05-08,RRC,sell,79.0133564902976,63.850624435845944,5045.052150677602,5.045052150677602,market_trend_exit,risk_exit,-122.0743056606782
2008-05-07,2008-05-08,THC,sell,214.87185332116235,22.84000015258789,4907.673162642191,4.90767316264219,market_trend_exit,risk_exit,-259.315914708055
2008-05-07,2008-05-08,WMT,sell,399.2851351859419,13.172464035734514,5259.569083240213,5.259569083240214,market_trend_exit,risk_exit,92.22810996936938
2009-06-16,2009-06-17,AN,buy,198.36258393067612,16.239999771118164,3221.408317632588,3.221408317632588,rebalance,rebalance,0.0
2009-06-16,2009-06-17,ANDV,buy,262.9388067057839,12.251551446482342,3221.408317632588,3.221408317632588,rebalance,rebalance,0.0
2009-06-16,2009-06-17,CBRE,buy,370.70293132171787,8.6899995803833,3221.408317632588,3.221408317632588,rebalance,rebalance,0.0
2009-06-16,2009-06-17,CF,buy,305.474626723739,10.545583939925464,3221.408317632588,3.221408317632588,rebalance,rebalance,0.0
2009-06-16,2009-06-17,CIEN,buy,321.81900539201433,10.010000228881836,3221.4083176325885,3.2214083176325885,rebalance,rebalance,0.0
2009-06-16,2009-06-17,DRI,buy,188.17986333282587,17.118772755908626,3221.408317632588,3.221408317632588,rebalance,rebalance,0.0
2009-06-16,2009-06-17,EXPE,buy,155.74255987911715,20.684187547276426,3221.408317632588,3.221408317632588,rebalance,rebalance,0.0
2009-06-16,2009-06-17,FCX,buy,176.06957816955128,18.2962232949206,3221.408317632588,3.221408317632588,rebalance,rebalance,0.0
2009-06-16,2009-06-17,GLW,buy,309.9049333170293,10.394827481939835,3221.408317632588,3.221408317632588,rebalance,rebalance,0.0
2009-06-16,2009-06-17,GS,buy,30.18236967590854,106.73145787502247,3221.408317632588,3.221408317632588,rebalance,rebalance,0.0
2009-06-16,2009-06-17,GT,buy,308.8649681593346,10.429827431807533,3221.408317632588,3.221408317632588,rebalance,rebalance,0.0
2009-06-16,2009-06-17,MS,buy,166.12211440455732,19.39180902662658,3221.408317632588,3.221408317632588,rebalance,rebalance,0.0
2009-06-16,2009-06-17,MU,buy,643.9657495038178,5.002452879077367,3221.4083176325885,3.2214083176325885,rebalance,rebalance,0.0
2009-06-16,2009-06-17,THC,buy,269.34852068208676,11.960000038146973,3221.4083176325885,3.2214083176325885,rebalance,rebalance,0.0
2009-06-16,2009-06-17,TSN,buy,359.35637861361613,8.964383295659491,3221.408317632588,3.221408317632588,rebalance,rebalance,0.0
2009-07-15,2009-07-16,AN,sell,25.40334338109696,18.020000457763672,457.768259356095,0.457768259356095,rebalance,rebalance,44.347650111393506
2009-07-15,2009-07-16,ANDV,sell,262.9388067057839,10.21980094909668,2687.1822663261187,2.687182266326119,rebalance,rebalance,-540.1346418904271
2009-07-15,2009-07-16,CBRE,sell,27.828834340481535,9.09000015258789,252.9641084013203,0.2529641084013203,rebalance,rebalance,10.636752992836742
2009-07-15,2009-07-16,CIEN,sell,321.81900539201433,9.960000038146973,3205.3173059808837,3.2053173059808837,rebalance,rebalance,-22.517737275317984
2009-07-15,2009-07-16,DRI,sell,188.17986333282587,17.404456413999373,3275.1682293685267,3.2751682293685267,rebalance,rebalance,47.26333518893766
2009-07-15,2009-07-16,EXPE,sell,10.181255834153262,21.411772959351318,217.99873836196065,0.21799873836196065,rebalance,rebalance,6.9791434780299175
2009-07-15,2009-07-16,FCX,sell,5.288479839035574,18.249827553199236,96.51384508097007,0.09651384508097008,rebalance,rebalance,-0.43863599781718055
2009-07-15,2009-07-16,GLW,sell,18.71790833179523,10.703518105025184,200.34747071757198,0.20034747071757197,rebalance,rebalance,5.383125887146987
2009-07-15,2009-07-16,GS,sell,3.03623283847082,114.81285947028536,348.5985742024159,0.34859857420241586,rebalance,rebalance,23.864356772907254
2009-07-15,2009-07-16,GT,sell,20.85869177582697,10.821728029731055,225.72708945398736,0.22572708945398737,rebalance,rebalance,7.731254133719927
2009-07-15,2009-07-16,MS,sell,166.12211440455732,19.780205623266404,3285.9295814939296,3.2859295814939298,rebalance,rebalance,58.01392596221544
2009-07-15,2009-07-16,MU,sell,70.14317642257072,5.431514443814985,380.98367587425554,0.3809836758742555,rebalance,rebalance,29.363869420818027
2009-07-15,2009-07-16,THC,sell,24.322928822890077,12.720000267028809,309.38766112208447,0.3093876611220845,rebalance,rebalance,17.885141581701397
2009-07-15,2009-07-16,TSN,sell,359.35637861361613,9.386828211735201,3373.2165928372883,3.3732165928372884,rebalance,rebalance,145.21365029423046
2009-07-15,2009-07-16,AKAM,buy,159.75015670496998,19.510000228881836,3116.7255938778735,3.1167255938778737,rebalance,rebalance,0.0
2009-07-15,2009-07-16,CF,buy,8.832445367000446,9.916180291921924,87.58412067772693,0.08758412067772693,rebalance,rebalance,0.0
2009-07-15,2009-07-16,CME,buy,108.67725206321474,28.678730228336608,3116.7255938778735,3.1167255938778737,rebalance,rebalance,0.0
2009-07-15,2009-07-16,ICE,buy,201.86841191198044,15.439392247445044,3116.7255938778735,3.1167255938778737,rebalance,rebalance,0.0
2009-07-15,2009-07-16,TPR,buy,184.01125819833888,16.937689706563884,3116.7255938778735,3.1167255938778737,rebalance,rebalance,0.0
2009-07-15,2009-07-16,WDC,buy,187.3579650546474,16.635137945530133,3116.7255938778735,3.1167255938778737,rebalance,rebalance,0.0
2009-08-12,2009-08-13,AKAM,sell,159.75015670496998,18.579999923706055,2968.1578993903727,2.9681578993903726,rebalance,rebalance,-154.65257798076897
2009-08-12,2009-08-13,CF,sell,314.30707209073944,11.50861526024679,3617.239166266972,3.6172391662669723,rebalance,rebalance,301.3204963520801
2009-08-12,2009-08-13,CME,sell,108.67725206321474,29.152651922377864,3168.230101279421,3.168230101279421,rebalance,rebalance,45.219551706390426
2009-08-12,2009-08-13,GLW,sell,291.1870249852341,10.90483896849935,3175.3476171803745,3.1753476171803747,rebalance,rebalance,142.30654097268098
2009-08-12,2009-08-13,GS,sell,27.14613683743772,122.39792922053438,3322.630935239643,3.322630935239643,rebalance,rebalance,419.0641972094893
2009-08-12,2009-08-13,GT,sell,15.567320679491047,16.39736459330201,255.2630329224647,0.2552630329224647,rebalance,rebalance,92.48093715857914
2009-08-12,2009-08-13,ICE,sell,201.86841191198044,15.643437711774355,3157.9159277198746,3.1579159277198747,rebalance,rebalance,34.91569232040325
2009-08-12,2009-08-13,MU,sell,573.8225730812471,6.689441750499725,3838.552677748874,3.838552677748874,rebalance,rebalance,961.3232218984681
2009-08-12,2009-08-13,WDC,sell,187.3579650546474,19.63719674916253,3679.1852223008286,3.679185222300829,rebalance,rebalance,555.6637176067771
2009-08-12,2009-08-13,AN,buy,57.90798415472881,19.350000381469727,1120.5195154841454,1.1205195154841454,rebalance,rebalance,0.0
2009-08-12,2009-08-13,BAC,buy,349.9173785811743,12.766673390761271,4467.280886097216,4.467280886097217,rebalance,rebalance,0.0
2009-08-12,2009-08-13,CBRE,buy,30.95694547900041,11.949999809265137,369.93549256948614,0.36993549256948616,rebalance,rebalance,0.0
2009-08-12,2009-08-13,COF,buy,166.32873484237933,26.85814264342607,4467.280886097216,4.467280886097217,rebalance,rebalance,0.0
2009-08-12,2009-08-13,EXPE,buy,4.257032512579741,29.817984825785203,126.93613086297698,0.12693613086297698,rebalance,rebalance,0.0
2009-08-12,2009-08-13,FCX,buy,23.353378380453364,23.011270134918824,537.3908984755855,0.5373908984755855,rebalance,rebalance,0.0
2009-08-12,2009-08-13,FITB,buy,706.8554418166857,6.319935621653955,4467.280886097216,4.467280886097217,rebalance,rebalance,0.0
2009-08-12,2009-08-13,HST,buy,767.6846744306686,5.819161219299119,4467.280886097216,4.467280886097217,rebalance,rebalance,0.0
2009-08-12,2009-08-13,IP,buy,447.36933568662533,9.985666271115353,4467.280886097216,4.467280886097217,rebalance,rebalance,0.0
2009-08-12,2009-08-13,PFG,buy,302.21782532547,14.781659160197549,4467.280886097216,4.467280886097217,rebalance,rebalance,0.0
2009-08-12,2009-08-13,STT,buy,125.65624649142875,35.551602175240355,4467.280886097216,4.467280886097217,rebalance,rebalance,0.0
2009-08-12,2009-08-13,TDC,buy,165.2100863477391,27.040000915527344,4467.280886097216,4.467280886097217,rebalance,rebalance,0.0
2009-08-12,2009-08-13,THC,buy,29.377399398766187,16.280000686645508,478.26408238377286,0.4782640823837729,rebalance,rebalance,0.0
2009-08-12,2009-08-13,TPR,buy,45.0880472500678,19.499320948850503,879.1863042860084,0.8791863042860084,rebalance,rebalance,0.0
2009-09-10,2009-09-11,AN,sell,230.86722470430797,18.34000015258789,4234.104936304551,4.2341049363045515,rebalance,rebalance,296.56391140374245
2009-09-10,2009-09-11,BAC,sell,349.9173785811743,13.219156787609432,4625.61269017383,4.62561269017383,rebalance,rebalance,149.2389105003432
2009-09-10,2009-09-11,CBRE,sell,86.4334708952365,11.5600004196167,999.1709598178617,0.9991709598178616,rebalance,rebalance,222.95689166156546
2009-09-10,2009-09-11,COF,sell,166.32873484237933,29.614404384431094,4925.726414373035,4.9257264143730355,rebalance,rebalance,449.0525209753495
2009-09-10,2009-09-11,EXPE,sell,38.78547741197174,29.921917470687063,1160.5358541822156,1.1605358541822157,rebalance,rebalance,346.2507878731206
2009-09-10,2009-09-11,FCX,sell,194.13447671096907,24.98509004734301,4850.467381917377,4.850467381917377,rebalance,rebalance,1179.9148664448844
2009-09-10,2009-09-11,FITB,sell,186.19276612737167,6.3809376070404,1188.0844235410239,1.188084423541024,rebalance,rebalance,8.993317679680018
2009-09-10,2009-09-11,GT,sell,57.6950691069336,15.471062299071535,892.6040085026073,0.8926040085026072,rebalance,rebalance,289.3600404281258
2009-09-10,2009-09-11,HST,sell,767.6846744306686,5.693724051199289,4370.984694542994,4.370984694542994,rebalance,rebalance,-105.1344571348624
2009-09-10,2009-09-11,IP,sell,166.08064495664604,11.81105446957856,1961.587543925684,1.961587543925684,rebalance,rebalance,299.54163585846527
2009-09-10,2009-09-11,PFG,sell,90.98744102996656,15.728400338657845,1431.086898309337,1.431086898309337,rebalance,rebalance,83.36552490632457
2009-09-10,2009-09-11,STT,sell,125.65624649142875,36.52636581127627,4589.766025817827,4.589766025817827,rebalance,rebalance,113.42809280869557
2009-09-10,2009-09-11,TDC,sell,165.2100863477391,26.399999618530273,4361.5462165576655,4.361546216557666,rebalance,rebalance,-114.5634966422052
2009-09-10,2009-09-11,THC,sell,122.00316721392335,21.799999237060547,2659.668952182499,2.6596689521824994,rebalance,rebalance,1139.9097941259058
2009-09-10,2009-09-11,TPR,sell,229.09930544840668,20.18528685317873,4624.435198340102,4.624435198340102,rebalance,rebalance,619.9029530797167
2009-09-10,2009-09-11,AFL,buy,247.37897797562044,13.43006618862999,3322.3160478882232,3.3223160478882234,rebalance,rebalance,0.0
2009-09-10,2009-09-11,AIG,buy,143.60746140775657,23.13470355453813,3322.3160478882237,3.322316047888224,rebalance,rebalance,0.0
2009-09-10,2009-09-11,DD,buy,122.30436163436796,27.164330065516165,3322.3160478882232,3.3223160478882234,rebalance,rebalance,0.0
2009-09-10,2009-09-11,HIG,buy,188.24571330841212,17.648827107394,3322.316047888223,3.322316047888223,rebalance,rebalance,0.0
2009-09-10,2009-09-11,JBL,buy,337.46044951980923,9.845053109529507,3322.3160478882232,3.3223160478882234,rebalance,rebalance,0.0
2009-09-10,2009-09-11,MAS,buy,346.30351918260476,9.593653728180499,3322.3160478882232,3.3223160478882234,rebalance,rebalance,0.0
2009-09-10,2009-09-11,OI,buy,93.84882645100767,35.400720217024634,3322.3160478882232,3.3223160478882234,rebalance,rebalance,0.0
2009-09-10,2009-09-11,TXT,buy,175.70678333723177,18.908297020677594,3322.316047888223,3.322316047888223,rebalance,rebalance,0.0
2009-10-08,2009-10-09,AFL,sell,247.37897797562044,14.38271720141014,3557.9818817972164,3.5579818817972164,rebalance,rebalance,228.7855359793079
2009-10-08,2009-10-09,AIG,sell,143.60746140775657,27.231541280366287,3910.6525134939316,3.9106525134939316,rebalance,rebalance,581.1034970443262
2009-10-08,2009-10-09,DD,sell,1.215125348779594,29.859137818922388,36.282595256476036,0.036282595256476036,rebalance,rebalance,3.2052385499499945
2009-10-08,2009-10-09,HIG,sell,14.326764024743198,20.7891101546515,297.8406754700846,0.2978406754700846,rebalance,rebalance,44.43940293220851
2009-10-08,2009-10-09,JBL,sell,337.46044951980923,11.70560345237239,3950.1782029382175,3.9501782029382175,rebalance,rebalance,620.5896607991685
2009-10-08,2009-10-09,MAS,sell,346.30351918260476,8.604392439973832,2979.7313823911372,2.979731382391137,rebalance,rebalance,-348.8867129273647
2009-10-08,2009-10-09,PFG,sell,211.23038429550346,15.70586940067621,3317.5568291998243,3.3175568291998245,rebalance,rebalance,188.78139189201417
2009-10-08,2009-10-09,THC,sell,0.7379040986675136,23.84000015258789,17.591633824828754,0.017591633824828756,rebalance,rebalance,8.398264572594867
2009-10-08,2009-10-09,TXT,sell,175.70678333723177,18.647153708921522,3276.4313965895317,3.276431396589532,rebalance,rebalance,-52.483398743168856
2009-10-08,2009-10-09,AES,buy,391.3467939309131,9.238916098742152,3615.620194639441,3.615620194639441,rebalance,rebalance,0.0
2009-10-08,2009-10-09,CBRE,buy,17.46080105761837,11.859999656677246,207.08509454866356,0.20708509454866356,rebalance,rebalance,0.0
2009-10-08,2009-10-09,COF,buy,124.63136553441474,29.010515764918352,3615.620194639441,3.615620194639441,rebalance,rebalance,0.0
2009-10-08,2009-10-09,EXPE,buy,4.725640160782447,31.23416609842806,147.60142970328124,0.14760142970328125,rebalance,rebalance,0.0
2009-10-08,2009-10-09,FITB,buy,63.81442404969107,6.186076744929742,394.76092460487916,0.39476092460487916,rebalance,rebalance,0.0
2009-10-08,2009-10-09,GT,buy,22.509525890214405,15.239486575701086,343.0336176293185,0.3430336176293185,rebalance,rebalance,0.0
2009-10-08,2009-10-09,IP,buy,36.17568053087433,11.389058180858234,412.00693029826823,0.41200693029826824,rebalance,rebalance,0.0
2009-10-08,2009-10-09,ISRG,buy,129.82996459567067,27.848888397216797,3615.6201946394403,3.6156201946394404,rebalance,rebalance,0.0
2009-10-08,2009-10-09,LNC,buy,211.8426985680171,17.067476099387775,3615.620194639441,3.615620194639441,rebalance,rebalance,0.0
2009-10-08,2009-10-09,NWL,buy,427.2892575098188,8.461762450361524,3615.620194639441,3.615620194639441,rebalance,rebalance,0.0
2009-10-08,2009-10-09,OI,buy,1.6243411795513936,37.870537705739146,61.51467388718585,0.06151467388718585,rebalance,rebalance,0.0
2009-10-08,2009-10-09,WYNN,buy,85.45856505648092,42.3084589853553,3615.620194639441,3.615620194639441,rebalance,rebalance,0.0
2009-11-05,2009-11-06,AES,sell,3.7961613633771663,8.559861473349578,32.49461540099041,0.03249461540099041,rebalance,rebalance,-2.6453679642723613
2009-11-05,2009-11-06,CBRE,sell,304.8583726226186,10.510000228881836,3204.061566040266,3.204061566040266,rebalance,rebalance,415.9194593152989
2009-11-05,2009-11-06,COF,sell,124.63136553441474,29.373873472092544,3660.905961862014,3.660905961862014,rebalance,rebalance,38.009241066072306
2009-11-05,2009-11-06,DD,sell,121.08923628558837,28.546267454443555,3456.645724862717,3.4566457248627174,rebalance,rebalance,160.59178931301244
2009-11-05,2009-11-06,EXPE,sell,6.410007759458708,30.3376816795356,194.46477496981146,0.19446477496981146,rebalance,rebalance,57.19117626885826
2009-11-05,2009-11-06,FITB,sell,584.4770997390051,5.477701232346238,3201.5909295185033,3.2015909295185034,rebalance,rebalance,-490.6114924860097
2009-11-05,2009-11-06,GT,sell,237.25341248729737,11.44520214865339,2715.4132663749647,2.7154132663749646,rebalance,rebalance,127.33978093917709
2009-11-05,2009-11-06,IP,sell,27.56045927032295,11.443031954654916,315.37521611527086,0.31537521611527086,rebalance,rebalance,35.163227962434256
2009-11-05,2009-11-06,ISRG,sell,14.210489050392894,28.692222595214844,407.7305150207361,0.4077305150207361,rebalance,rebalance,11.180714547818182
2009-11-05,2009-11-06,LNC,sell,211.8426985680171,14.060700941503072,2978.65683120587,2.97865683120587,rebalance,rebalance,-643.557640459416
2009-11-05,2009-11-06,NWL,sell,427.2892575098188,8.179516652224837,3495.0195971183493,3.4950195971183495,rebalance,rebalance,-127.71123731284882
2009-11-05,2009-11-06,OI,sell,95.47316763055906,31.91161281226936,3046.702759387289,3.046702759387289,rebalance,rebalance,-343.5584958692827
2009-11-05,2009-11-06,WYNN,sell,85.45856505648092,34.72547770094523,2967.5894952236054,2.9675894952236055,rebalance,rebalance,-654.6139091056984
2009-11-05,2009-11-06,BEN,buy,173.82074294720874,19.085062417979845,3317.3797286871086,3.3173797286871087,rebalance,rebalance,0.0
2009-11-05,2009-11-06,CTSH,buy,182.14881341807717,18.21246960897237,3317.379728687109,3.317379728687109,rebalance,rebalance,0.0
2009-11-05,2009-11-06,GNW,buy,320.51976873608896,10.350000381469727,3317.3797286871095,3.3173797286871096,rebalance,rebalance,0.0
2009-11-05,2009-11-06,HIG,buy,23.02831200796703,16.844000302064586,387.8888944182342,0.3878888944182342,rebalance,rebalance,0.0
2009-11-05,2009-11-06,JBL,buy,282.9976715157857,11.722286303341772,3317.379728687109,3.317379728687109,rebalance,rebalance,0.0
2009-11-05,2009-11-06,MU,buy,471.83939870649465,7.0307391408632,3317.379728687109,3.317379728687109,rebalance,rebalance,0.0
2009-11-05,2009-11-06,NTAP,buy,157.76949538022882,21.0267499473972,3317.379728687109,3.317379728687109,rebalance,rebalance,0.0
2009-11-05,2009-11-06,SBUX,buy,443.4040779199126,7.481617544542051,3317.379728687109,3.317379728687109,rebalance,rebalance,0.0
2009-11-05,2009-11-06,THC,buy,8.44328462135718,20.719999313354492,174.9448515569773,0.1749448515569773,rebalance,rebalance,0.0
2009-11-05,2009-11-06,TXT,buy,182.25107128451785,18.20225091301792,3317.379728687109,3.317379728687109,rebalance,rebalance,0.0
2009-11-05,2009-11-06,WDC,buy,152.85351107085657,21.70299985552382,3317.379728687109,3.317379728687109,rebalance,rebalance,0.0
2009-12-04,2009-12-07,AES,sell,387.55063256753596,8.335581433384808,3230.4598573264907,3.230459857326491,rebalance,rebalance,-356.89892861505405
2009-12-04,2009-12-07,BEN,sell,173.82074294720874,18.851939870381315,3276.858194265786,3.276858194265786,rebalance,rebalance,-47.115772344275214
2009-12-04,2009-12-07,EXPE,sell,109.34849154689563,33.48187530248426,3661.192558487914,3.6611925584879144,rebalance,rebalance,1319.0948023788465
2009-12-04,2009-12-07,MU,sell,471.83939870649465,8.230154406933243,3883.3111066289885,3.8833111066289887,rebalance,rebalance,558.7306871065638
2009-12-04,2009-12-07,NTAP,sell,157.76949538022882,23.873745747838743,3766.548819472402,3.766548819472402,rebalance,rebalance,442.0851622371337
2009-12-04,2009-12-07,SBUX,sell,443.4040779199126,7.8960393268030975,3501.136036920495,3.501136036920495,rebalance,rebalance,176.93779246777873
2009-12-04,2009-12-07,THC,sell,160.10520456672918,19.1200008392334,3061.211645681497,3.061211645681497,rebalance,rebalance,997.1269638129847
2009-12-04,2009-12-07,CAT,buy,132.57151118244198,38.96522117602448,5165.678254863654,5.1656782548636535,rebalance,rebalance,0.0
2009-12-04,2009-12-07,COF,buy,173.16325463760154,29.831261058672396,5165.678254863655,5.165678254863654,rebalance,rebalance,0.0
2009-12-04,2009-12-07,CRM,buy,317.8616472404913,16.251341738487085,5165.678254863655,5.165678254863654,rebalance,rebalance,0.0
2009-12-04,2009-12-07,CTSH,buy,87.80379285433929,19.13550058357588,1680.1695294043852,1.6801695294043852,rebalance,rebalance,0.0
2009-12-04,2009-12-07,GNW,buy,125.56643928613312,11.579999923706055,1454.0593573534625,1.4540593573534626,rebalance,rebalance,0.0
2009-12-04,2009-12-07,HIG,buy,95.04310800363842,17.691262445851006,1681.4325673617295,1.6814325673617296,rebalance,rebalance,0.0
2009-12-04,2009-12-07,HOG,buy,262.17953122371125,19.702828175613416,5165.678254863656,5.165678254863656,rebalance,rebalance,0.0
2009-12-04,2009-12-07,IP,buy,119.30640435666771,12.623528900676067,1506.0678434321399,1.50606784343214,rebalance,rebalance,0.0
2009-12-04,2009-12-07,ISRG,buy,45.24939956696771,32.11111068725586,1453.0084780267675,1.4530084780267676,rebalance,rebalance,0.0
2009-12-04,2009-12-07,JBL,buy,193.19632781011455,10.847844076523819,2095.763640241105,2.095763640241105,rebalance,rebalance,0.0
2009-12-04,2009-12-07,LEN,buy,504.3678340720001,10.241886785599888,5165.678254863655,5.165678254863654,rebalance,rebalance,0.0
2009-12-04,2009-12-07,MCK,buy,96.4408226693229,53.56319151875939,5165.678254863655,5.165678254863654,rebalance,rebalance,0.0
2009-12-04,2009-12-07,TXT,buy,81.63188107596258,19.5756421877796,1597.9964950584204,1.5979964950584205,rebalance,rebalance,0.0
2009-12-04,2009-12-07,WDC,buy,62.88671914818252,23.943973034695425,1505.7579075245467,1.5057579075245466,rebalance,rebalance,0.0
2009-12-04,2009-12-07,WHR,buy,113.28669791554694,45.59827720209984,5165.678254863655,5.165678254863654,rebalance,rebalance,0.0
2010-01-05,2010-01-06,COF,sell,173.16325463760154,31.280975368326217,5416.715503018015,5.416715503018015,rebalance,rebalance,240.45485439647845
2010-01-05,2010-01-06,CRM,sell,317.8616472404913,18.36969560517346,5839.021704366851,5.839021704366851,rebalance,rebalance,662.3387495439661
2010-01-05,2010-01-06,CTSH,sell,269.95260627241646,20.694205315954846,5586.4546597785065,5.586454659778506,rebalance,rebalance,578.321397769143
2010-01-05,2010-01-06,GNW,sell,446.0862080222221,12.729999542236328,5678.677223920827,5.678677223920827,rebalance,rebalance,896.7880215702935
2010-01-05,2010-01-06,IP,sell,409.2103163471984,13.58134932514409,5557.628253764023,5.5576282537640225,rebalance,rebalance,1100.3105434828212
2010-01-05,2010-01-06,LEN,sell,504.3678340720001,11.104961722368282,5600.985491363358,5.6009854913633585,rebalance,rebalance,424.54057275347685
2010-01-05,2010-01-06,MCK,sell,96.4408226693229,55.24474591114482,5327.848743828518,5.327848743828518,rebalance,rebalance,151.67696196617243
2010-01-05,2010-01-06,WDC,sell,215.7402302190391,28.111814406509517,6064.849311935262,6.064849311935262,rebalance,rebalance,1230.8236887754608
2010-01-05,2010-01-06,AIG,buy,422.8371331550289,18.218496819272133,7703.4569654550405,7.70345696545504,rebalance,rebalance,0.0
2010-01-05,2010-01-06,AMD,buy,795.8116448959298,9.680000305175781,7703.456965455041,7.703456965455041,rebalance,rebalance,0.0
2010-01-05,2010-01-06,AMZN,buy,1144.644419557605,6.730000019073486,7703.456965455041,7.703456965455041,rebalance,rebalance,0.0
2010-01-05,2010-01-06,BKNG,buy,873.6557713861735,8.817496796515705,7703.456965455041,7.703456965455041,rebalance,rebalance,0.0
2010-01-05,2010-01-06,CAT,buy,62.590388482930706,39.472135589290204,2470.576300784589,2.470576300784589,rebalance,rebalance,0.0
2010-01-05,2010-01-06,CLF,buy,187.65213038547853,41.05179594620352,7703.456965455041,7.703456965455041,rebalance,rebalance,0.0
2010-01-05,2010-01-06,DD,buy,212.896699471879,36.184013113235565,7703.456965455041,7.703456965455041,rebalance,rebalance,0.0
2010-01-05,2010-01-06,EXPE,buy,230.43615863296353,33.429896641026,7703.456965455041,7.703456965455041,rebalance,rebalance,0.0
2010-01-05,2010-01-06,HIG,buy,127.40300706556422,18.368094013070735,2340.150411328199,2.340150411328199,rebalance,rebalance,0.0
2010-01-05,2010-01-06,HOG,buy,166.24711630028065,17.980807239642225,2989.257352341729,2.989257352341729,rebalance,rebalance,0.0
2010-01-05,2010-01-06,ISRG,buy,66.1113618554549,33.93888854980469,2243.7461418880926,2.2437461418880926,rebalance,rebalance,0.0
2010-01-05,2010-01-06,JBL,buy,51.91948718623945,14.586745391282415,757.3363404316248,0.7573363404316248,rebalance,rebalance,0.0
2010-01-05,2010-01-06,TXT,buy,161.38532258701736,18.114346682470224,2923.389682803525,2.923389682803525,rebalance,rebalance,0.0
2010-01-05,2010-01-06,WHR,buy,49.309234510520014,47.377919302857315,2336.1689335250844,2.3361689335250846,rebalance,rebalance,0.0
2010-01-05,2010-01-06,WYNN,buy,181.41702558187768,42.46270128587404,7703.456965455041,7.703456965455041,rebalance,rebalance,0.0
2010-02-03,2010-02-04,AIG,sell,139.4394572319029,14.605837332633781,2036.630030079919,2.036630030079919,rebalance,rebalance,-508.3242853186767
2010-02-03,2010-02-04,AMD,sell,254.0236308493137,7.639999866485596,1940.740505772943,1.940740505772943,rebalance,rebalance,-522.6080077001894
2010-02-03,2010-02-04,AMZN,sell,446.8594830804582,5.932000160217285,2650.770525227891,2.650770525227891,rebalance,rebalance,-362.2519392816429
2010-02-03,2010-02-04,BKNG,sell,363.86476013930206,8.119524008192379,2954.4086556862244,2.9544086556862243,rebalance,rebalance,-260.13048621960655
2010-02-03,2010-02-04,CAT,sell,195.1618996653727,35.45705438412001,6919.866090143293,6.919866090143294,rebalance,rebalance,-730.9445861507411
2010-02-03,2010-02-04,CLF,sell,73.53709032241706,36.272697732851285,2667.388649418417,2.667388649418417,rebalance,rebalance,-357.1271952507965
2010-02-03,2010-02-04,DD,sell,212.896699471879,31.71062564917785,6751.087538898275,6.751087538898275,rebalance,rebalance,-966.8239710611181
2010-02-03,2010-02-04,EXPE,sell,230.43615863296353,28.700613679124057,6613.659166626034,6.613659166626034,rebalance,rebalance,-1104.114914961088
2010-02-03,2010-02-04,HIG,sell,183.21031946257227,17.52564476613829,3210.8789763917534,3.2108789763917533,rebalance,rebalance,-62.742917776619755
2010-02-03,2010-02-04,HOG,sell,428.4266475239919,15.989929021492346,6850.51168482455,6.85051168482455,rebalance,rebalance,-1319.4293696728635
2010-02-03,2010-02-04,ISRG,sell,226.9802369677004,36.915557861328125,8379.102071159114,8.379102071159114,rebalance,rebalance,1447.1778496769973
2010-02-03,2010-02-04,JBL,sell,206.44746133075836,12.868192569126915,2656.605687811581,2.656605687811581,rebalance,rebalance,239.4041336827061
2010-02-03,2010-02-04,TXT,sell,425.2682749474978,19.566590605459705,8321.050233387765,8.321050233387766,rebalance,rebalance,466.12451069877415
2010-02-03,2010-02-04,WHR,sell,162.59593242606695,46.91416377139092,7628.052202398516,7.628052202398516,rebalance,rebalance,111.07511461898976
2010-02-03,2010-02-04,WYNN,sell,181.41702558187768,40.15184806163382,7284.2288469570885,7.284228846957089,rebalance,rebalance,-434.21580431036386
2010-02-03,2010-02-04,AKAM,buy,161.8162770650995,25.579999923706055,4139.260354979643,4.139260354979643,rebalance,rebalance,0.0
2010-02-03,2010-02-04,ATI,buy,112.27579886529038,36.866897379603316,4139.260354979643,4.139260354979643,rebalance,rebalance,0.0
2010-02-03,2010-02-04,CRM,buy,259.7699961927527,15.934328119665743,4139.260354979643,4.139260354979643,rebalance,rebalance,0.0
2010-02-03,2010-02-04,GNW,buy,283.8998886584009,14.579999923706055,4139.260354979643,4.139260354979643,rebalance,rebalance,0.0
2010-02-03,2010-02-04,MU,buy,465.9492260696567,8.88350086960086,4139.260354979643,4.139260354979643,rebalance,rebalance,0.0
2010-02-03,2010-02-04,NTAP,buy,183.9849348434432,22.49782221844321,4139.260354979643,4.139260354979643,rebalance,rebalance,0.0
2010-02-03,2010-02-04,NYT,buy,381.9783177477849,10.836375162301072,4139.260354979643,4.139260354979643,rebalance,rebalance,0.0
2010-02-03,2010-02-04,TIE,buy,344.07817513370145,12.029999732971191,4139.260354979643,4.139260354979643,rebalance,rebalance,0.0
2010-03-04,2010-03-05,AIG,sell,283.397675923126,16.722537156818916,4739.128165780599,4.739128165780599,rebalance,rebalance,-433.85369943716
2010-03-04,2010-03-05,AKAM,sell,155.79381367121582,28.450000762939453,4432.334117807337,4.432334117807337,rebalance,rebalance,438.7108361241306
2010-03-04,2010-03-05,AMD,sell,521.7483550608262,8.550000190734863,4460.948535285665,4.460948535285665,rebalance,rebalance,-599.0871736995928
2010-03-04,2010-03-05,AMZN,sell,671.2474801566151,6.456500053405762,4333.909391479669,4.3339093914796685,rebalance,rebalance,-192.43756772311718
2010-03-04,2010-03-05,ATI,sell,108.20887064305055,42.12985299661919,4558.823813121901,4.558823813121902,rebalance,rebalance,560.9503344191061
2010-03-04,2010-03-05,BKNG,sell,509.7910112468714,9.266361420419736,4723.907759094773,4.7239077590947725,rebalance,rebalance,219.6081621653261
2010-03-04,2010-03-05,CLF,sell,110.6648249036705,49.66040673852105,5495.660216363491,5.495660216363491,rebalance,rebalance,942.631755968937
2010-03-04,2010-03-05,CRM,sell,259.7699961927527,17.497286571687162,4545.270066110677,4.545270066110677,rebalance,rebalance,397.32518070994485
2010-03-04,2010-03-05,GNW,sell,273.27091352002776,16.1200008392334,4405.127355280925,4.405127355280925,rebalance,rebalance,412.44803975428283
2010-03-04,2010-03-05,HIG,sell,236.18305689826633,19.192368182470954,4532.912186453013,4.5329121864530135,rebalance,rebalance,312.374012403567
2010-03-04,2010-03-05,JBL,sell,309.5512966217101,14.143039797122382,4377.996307371681,4.3779963073716806,rebalance,rebalance,753.2031472088979
2010-03-04,2010-03-05,MU,sell,465.9492260696567,9.322311333422261,4343.723750988492,4.343723750988492,rebalance,rebalance,195.98041190288157
2010-03-04,2010-03-05,NTAP,sell,183.9849348434432,23.032088271598884,4237.557259958553,4.237557259958553,rebalance,rebalance,89.92008736397227
2010-03-04,2010-03-05,NYT,sell,365.0374538148981,10.113952206306928,3691.971361395852,3.691971361395852,rebalance,rebalance,-271.3590905927596
2010-03-04,2010-03-05,TIE,sell,344.07038699333094,22000.0,7569548.513853281,7569.548513853281,rebalance,rebalance,7557835.659509111
2010-03-04,2010-03-05,AMP,buy,5.796721198139161,29.55793150889659,171.3390881507663,0.1713390881507663,rebalance,rebalance,0.0
2010-03-04,2010-03-05,EL,buy,6.844649724396001,25.03255755222535,171.3390881507663,0.1713390881507663,rebalance,rebalance,0.0
2010-03-04,2010-03-05,F,buy,26.67730857343221,6.422652707979768,171.3390881507663,0.1713390881507663,rebalance,rebalance,0.0
2010-03-04,2010-03-05,HUM,buy,4.149945564852648,41.28706882372083,171.3390881507663,0.1713390881507663,rebalance,rebalance,0.0
2010-03-04,2010-03-05,ISRG,buy,4.367181487853898,39.233333587646484,171.3390881507663,0.1713390881507663,rebalance,rebalance,0.0
2010-03-04,2010-03-05,LUV,buy,15.959983116124237,10.73554319601152,171.3390881507663,0.1713390881507663,rebalance,rebalance,0.0
2010-04-01,2010-04-05,AMP,sell,5.796721198139161,32.883975698425644,190.61923901015695,0.19061923901015695,rebalance,rebalance,18.918192532229742
2010-04-01,2010-04-05,AMZN,sell,26.53745632053176,6.642499923706055,176.27505158448497,0.17627505158448498,rebalance,rebalance,-2.67690209198339
2010-04-01,2010-04-05,ATI,sell,4.066928222239838,48.43332162929429,196.97484263099614,0.19697484263099613,rebalance,rebalance,46.69290734341698
2010-04-01,2010-04-05,GNW,sell,10.628975138373164,18.350000381469727,195.04169784377982,0.1950416978437798,rebalance,rebalance,39.72122898267521
2010-04-01,2010-04-05,HUM,sell,4.149945564852648,40.96476995934239,170.00156540798196,0.17000156540798195,rebalance,rebalance,-1.6788633963430657
2010-04-01,2010-04-05,JBL,sell,12.114728559671278,13.76398555464964,166.7469488938169,0.1667469488938169,rebalance,rebalance,24.890125172199863
2010-04-01,2010-04-05,LUV,sell,15.959983116124237,11.305952793333745,180.44281569330423,0.18044281569330423,rebalance,rebalance,8.751945638693872
2010-04-01,2010-04-05,AKAM,buy,16295.403055082286,31.440000534057617,512327.4807544712,512.3274807544713,rebalance,rebalance,0.0
2010-04-01,2010-04-05,AMD,buy,54100.00390544721,9.470000267028809,512327.05143084464,512.3270514308447,rebalance,rebalance,0.0
2010-04-01,2010-04-05,BKNG,buy,50721.35474383193,10.104557135653339,512516.82700679125,512.5168270067912,rebalance,rebalance,0.0
2010-04-01,2010-04-05,CLF,buy,8349.04460930956,61.36092721726133,512305.1186055119,512.3051186055119,rebalance,rebalance,0.0
2010-04-01,2010-04-05,DE,buy,11538.488358513901,44.418021761803885,512516.82700679125,512.5168270067912,rebalance,rebalance,0.0
2010-04-01,2010-04-05,EL,buy,19142.338106978827,26.764422979220004,512333.6339064229,512.3336339064228,rebalance,rebalance,0.0
2010-04-01,2010-04-05,F,buy,79957.34746842086,6.407739901008405,512345.88575219375,512.3458857521938,rebalance,rebalance,0.0
2010-04-01,2010-04-05,ISRG,buy,13081.16840236761,39.16666793823242,512345.77905963047,512.3457790596304,rebalance,rebalance,0.0
2010-04-01,2010-04-05,NYT,buy,52724.69322589809,9.717499957127963,512352.2041622497,512.3522041622497,rebalance,rebalance,0.0
2010-04-01,2010-04-05,SPGI,buy,19839.137889021968,25.83362391419204,512516.82700679125,512.5168270067912,rebalance,rebalance,0.0
2010-04-01,2010-04-05,SWK,buy,13350.070808024691,38.390569936057474,512516.82700679125,512.5168270067912,rebalance,rebalance,0.0
2010-04-01,2010-04-05,TIE,buy,18.29638425272918,28000.0,512298.759076417,512.298759076417,rebalance,rebalance,0.0
2010-04-01,2010-04-05,TSN,buy,36417.9794504157,14.073181289604495,512516.82700679125,512.5168270067912,rebalance,rebalance,0.0
2010-04-01,2010-04-05,UNH,buy,20085.824662759747,25.516344766118884,512516.82700679125,512.5168270067912,rebalance,rebalance,0.0
2010-04-01,2010-04-05,VIAV,buy,70390.98341024417,7.281001091003418,512516.82700679125,512.5168270067912,rebalance,rebalance,0.0
2010-04-30,2010-05-03,AKAM,sell,9622.196324156106,39.33000183105469,378440.9990478273,378.44099904782735,rebalance,rebalance,75259.03094843951
2010-04-30,2010-05-03,AMD,sell,25504.129870559555,9.180000305175781,234127.91999497946,234.12791999497946,rebalance,rebalance,-7873.833889143099
2010-04-30,2010-05-03,BKNG,sell,25367.494142723768,10.361108336738281,262835.3550443348,262.8353550443348,rebalance,rebalance,5988.898441833234
2010-04-30,2010-05-03,CLF,sell,3273.799814338832,51.724723756528874,169336.3910308516,169.33639103085162,rebalance,rebalance,-31889.72880961539
2010-04-30,2010-05-03,DE,sell,11538.488358513901,44.44008655204861,512771.4213321631,512.7714213321631,rebalance,rebalance,-770.693922967075
2010-04-30,2010-05-03,EL,sell,9396.501578646566,26.935577165559216,253100.19335793357,253.1001933579336,rebalance,rebalance,1109.4810250663627
2010-04-30,2010-05-03,F,sell,39889.70157842144,6.5519025010501375,261353.43553780305,261.353435537803,rebalance,rebalance,5233.448220153371
2010-04-30,2010-05-03,ISRG,sell,13085.535583855464,40.33333206176758,527783.2519097182,527.7832519097182,rebalance,rebalance,14225.83339187932
2010-04-30,2010-05-03,NYT,sell,52741.63408983098,8.80125550703676,464192.5974832426,464.19259748324265,rebalance,rebalance,-49319.91261536003
2010-04-30,2010-05-03,SPGI,sell,19839.137889021968,24.600008548744995,488042.9616696711,488.0429616696711,rebalance,rebalance,-25474.42512579651
2010-04-30,2010-05-03,SWK,sell,13350.070808024691,41.349258950935976,552015.5348543441,552.0155348543441,rebalance,rebalance,38434.17548569171
2010-04-30,2010-05-03,TIE,sell,18.304172393099687,15.520000457763672,284.0807639198923,0.28408076391989234,rebalance,rebalance,-512527.3549373554
2010-04-30,2010-05-03,TSN,sell,18108.84148866401,14.347704244264117,259820.30188561074,259.8203018856107,rebalance,rebalance,4456.6233598305125
2010-04-30,2010-05-03,UNH,sell,20085.824662759747,23.49784339129862,471973.56231061195,471.97356231061195,rebalance,rebalance,-41527.7550854967
2010-04-30,2010-05-03,VIAV,sell,35457.834650030745,7.519908905029297,266639.6865378226,266.63968653782257,rebalance,rebalance,7946.345547020619
2010-04-30,2010-05-03,ATI,buy,5573.007145952378,47.13686696659527,262694.09644264204,262.69409644264204,rebalance,rebalance,0.0
2010-04-30,2010-05-03,BA,buy,4610.7289046161695,56.97452656122071,262694.09644264204,262.69409644264204,rebalance,rebalance,0.0
2010-04-30,2010-05-03,FITB,buy,28589.68951043655,9.188420753808698,262694.09644264204,262.69409644264204,rebalance,rebalance,0.0
2010-04-30,2010-05-03,GNW,buy,15901.579247183821,16.520000457763672,262694.09644264204,262.69409644264204,rebalance,rebalance,0.0
2010-04-30,2010-05-03,HST,buy,28521.862731018216,9.210271394965934,262694.09644264204,262.69409644264204,rebalance,rebalance,0.0
2010-04-30,2010-05-03,LUV,buy,23165.249327432488,11.340007298413035,262694.09644264204,262.69409644264204,rebalance,rebalance,0.0
2010-04-30,2010-05-03,RF,buy,46872.87065101899,5.6043953099964705,262694.09644264204,262.69409644264204,rebalance,rebalance,0.0
2010-05-20,2010-05-21,AKAM,sell,6679.2291943200635,36.54999923706055,244125.82195655085,244.12582195655085,market_trend_exit,risk_exit,33691.206331939415
2010-05-20,2010-05-21,AMD,sell,28615.913693873445,7.869999885559082,225207.23749595258,225.20723749595257,market_trend_exit,risk_exit,-46283.900148694476
2010-05-20,2010-05-21,ATI,sell,5573.007145952378,39.682214556894614,221149.26529278915,221.14926529278915,market_trend_exit,risk_exit,-42028.67451158827
2010-05-20,2010-05-21,BA,sell,4610.7289046161695,48.91694023958487,225542.75028803575,225.54275028803576,market_trend_exit,risk_exit,-37639.58300133691
2010-05-20,2010-05-21,BKNG,sell,25353.86060110816,6.937826518901337,175900.686434896,175.900686434896,market_trend_exit,risk_exit,-80720.93683787966
2010-05-20,2010-05-21,CLF,sell,5078.695010130119,38.87474957037358,197432.9966631143,197.4329966631143,market_trend_exit,risk_exit,-114666.85577445258
2010-05-20,2010-05-21,EL,sell,9752.681178056657,23.369976121508703,227919.92625187142,227.91992625187143,market_trend_exit,risk_exit,-33587.85950243941
2010-05-20,2010-05-21,F,sell,40094.323198572856,5.095369367117683,204295.386221324,204.295386221324,market_trend_exit,risk_exit,-53080.01734797031
2010-05-20,2010-05-21,FITB,sell,28589.68951043655,7.438826165626278,212673.73039736654,212.67373039736654,market_trend_exit,risk_exit,-50495.73387211545
2010-05-20,2010-05-21,GNW,sell,15901.579247183821,13.550000190734863,215466.40183232632,215.4664018323263,market_trend_exit,risk_exit,-47705.85510859067
2010-05-20,2010-05-21,HST,sell,28521.862731018216,7.293324110335861,208019.18912782497,208.01918912782497,market_trend_exit,risk_exit,-55145.6206003875
2010-05-20,2010-05-21,LUV,sell,23165.249327432488,9.790548454823382,226800.49600829254,226.80049600829255,market_trend_exit,risk_exit,-36383.095026800416
2010-05-20,2010-05-21,RF,sell,46872.87065101899,4.48351599706504,210155.26539220405,210.15526539220406,market_trend_exit,risk_exit,-53011.68041227281
2010-05-20,2010-05-21,TSN,sell,18309.137961751694,12.072011135781292,221028.11736082245,221.02811736082245,market_trend_exit,risk_exit,-37118.396366441804
2010-05-20,2010-05-21,VIAV,sell,34933.14876021342,5.728099822998047,200100.56323014296,200.10056323014297,market_trend_exit,risk_exit,-54702.1798626211
2010-07-27,2010-07-28,AAPL,buy,22497.931447781935,7.886269171216666,177424.74319278862,177.4247431927886,rebalance,rebalance,0.0
2010-07-27,2010-07-28,AIG,buy,7347.843336245652,24.146505998240706,177424.74319278862,177.4247431927886,rebalance,rebalance,0.0
2010-07-27,2010-07-28,AKAM,buy,4000.558045031697,44.349998474121094,177424.74319278862,177.4247431927886,rebalance,rebalance,0.0
2010-07-27,2010-07-28,CLF,buy,3894.9797621184757,45.55216048062018,177424.74319278862,177.4247431927886,rebalance,rebalance,0.0
2010-07-27,2010-07-28,CMI,buy,3284.690851080194,54.01565968816859,177424.74319278862,177.4247431927886,rebalance,rebalance,0.0
2010-07-27,2010-07-28,CRM,buy,7326.742223816239,24.21604824802672,177424.74319278862,177.4247431927886,rebalance,rebalance,0.0
2010-07-27,2010-07-28,HAS,buy,7139.761395772744,24.850234252623192,177424.74319278862,177.4247431927886,rebalance,rebalance,0.0
2010-07-27,2010-07-28,HST,buy,21864.036169776526,8.114912627067891,177424.74319278862,177.4247431927886,rebalance,rebalance,0.0
2010-07-27,2010-07-28,HSY,buy,5552.313484128549,31.95510190481183,177424.74319278862,177.4247431927886,rebalance,rebalance,0.0
2010-07-27,2010-07-28,NEM,buy,4611.341738871482,38.47573076121857,177424.74319278862,177.4247431927886,rebalance,rebalance,0.0
2010-07-27,2010-07-28,NTAP,buy,5553.839355507263,31.94632250514265,177424.74319278862,177.4247431927886,rebalance,rebalance,0.0
2010-07-27,2010-07-28,TMUS,buy,12526.079202363404,14.164427697320672,177424.74319278862,177.4247431927886,rebalance,rebalance,0.0
2010-07-27,2010-07-28,VIAV,buy,28668.44696091182,6.1888508796691895,177424.74319278862,177.4247431927886,rebalance,rebalance,0.0
2010-07-27,2010-07-28,WHR,buy,3518.961225969617,50.41963573892488,177424.74319278862,177.4247431927886,rebalance,rebalance,0.0
2010-07-27,2010-07-28,WYNN,buy,3194.2027686612482,55.54586106227399,177424.74319278862,177.4247431927886,rebalance,rebalance,0.0
2010-07-29,2010-07-30,AAPL,sell,22497.931447781935,7.653577482550751,172189.66153271424,172.18966153271424,market_trend_exit,risk_exit,-5584.696064799869
2010-07-29,2010-07-30,AIG,sell,7347.843336245652,23.792679275118207,174824.87986310734,174.82487986310736,market_trend_exit,risk_exit,-2952.1129527371686
2010-07-29,2010-07-30,AKAM,sell,4000.558045031697,37.599998474121094,150420.97638882467,150.42097638882467,market_trend_exit,risk_exit,-27331.612523545555
2010-07-29,2010-07-30,CLF,sell,3894.9797621184757,45.74485672948182,178175.29118234085,178.17529118234086,market_trend_exit,risk_exit,394.9479551771001
2010-07-29,2010-07-30,CMI,sell,3284.690851080194,52.95921967860321,173954.66435865415,173.95466435865416,market_trend_exit,risk_exit,-3821.45824168589
2010-07-29,2010-07-30,CRM,sell,7326.742223816239,23.800739190557675,174381.88078549685,174.38188078549686,market_trend_exit,risk_exit,-3394.6690312700525
2010-07-29,2010-07-30,HAS,sell,7139.761395772744,24.649617873204946,175992.39011165852,175.99239011165852,market_trend_exit,risk_exit,-1785.770214434528
2010-07-29,2010-07-30,HST,sell,21864.036169776526,7.8632456442042855,171922.28717672022,171.92228717672023,market_trend_exit,risk_exit,-5851.803046437881
2010-07-29,2010-07-30,HSY,sell,5552.313484128549,31.194754767439548,173203.05752933794,173.20305752933794,market_trend_exit,risk_exit,-4572.313464172779
2010-07-29,2010-07-30,NEM,sell,4611.341738871482,39.299931220162655,181225.4131703145,181.2254131703145,market_trend_exit,risk_exit,3442.0198211628067
2010-07-29,2010-07-30,NTAP,sell,5553.839355507263,30.738724525735275,170717.9380091249,170.7179380091249,market_trend_exit,risk_exit,-7054.947864865617
2010-07-29,2010-07-30,TMUS,sell,12526.079202363404,13.865069340678689,173674.95670760178,173.67495670760178,market_trend_exit,risk_exit,-4100.886185087197
2010-07-29,2010-07-30,VIAV,sell,28668.44696091182,6.257110118865967,179381.62957129363,179.38162957129364,market_trend_exit,risk_exit,1600.0800057409333
2010-07-29,2010-07-30,WHR,sell,3518.961225969617,48.377577703925475,170238.820146446,170.23882014644602,market_trend_exit,risk_exit,-7533.5866096818345
2010-07-29,2010-07-30,WYNN,sell,3194.2027686612482,53.67212409547776,171439.64738570518,171.43964738570517,market_trend_exit,risk_exit,-6333.96019766193
2010-09-22,2010-09-23,AKAM,buy,6240.815075697677,50.86000061035156,317407.85855907504,317.40785855907507,rebalance,rebalance,0.0
2010-09-22,2010-09-23,AN,buy,13884.857833964583,22.860000610351562,317407.85855907504,317.40785855907507,rebalance,rebalance,0.0
2010-09-22,2010-09-23,AZO,buy,1435.7149264076465,221.0800018310547,317407.85855907504,317.40785855907507,rebalance,rebalance,0.0
2010-09-22,2010-09-23,BKNG,buy,24147.070279721447,13.144777187551076,317407.85855907504,317.40785855907507,rebalance,rebalance,0.0
2010-09-22,2010-09-23,CBRE,buy,17722.381980083526,17.90999984741211,317407.85855907504,317.40785855907507,rebalance,rebalance,0.0
2010-09-22,2010-09-23,CHRW,buy,6734.42749157591,47.13212206325189,317407.85855907504,317.40785855907507,rebalance,rebalance,0.0
2010-09-22,2010-09-23,CMI,buy,5325.763206915712,59.598567609410146,317407.85855907504,317.40785855907507,rebalance,rebalance,0.0
2010-09-22,2010-09-23,CRM,buy,10955.017888770863,28.973741693696837,317407.85855907504,317.40785855907507,rebalance,rebalance,0.0
2010-09-22,2010-09-23,FSLR,buy,2219.6353745389865,143.0,317407.85855907504,317.40785855907507,rebalance,rebalance,0.0
2010-09-22,2010-09-23,INTU,buy,7967.38693736971,39.83838880352679,317407.85855907504,317.40785855907507,rebalance,rebalance,0.0
2010-09-22,2010-09-23,NEE,buy,37145.2033784957,8.545056418854621,317407.85855907504,317.40785855907507,rebalance,rebalance,0.0
2010-09-22,2010-09-23,NEM,buy,6917.394696107457,45.8854630252176,317407.85855907504,317.40785855907507,rebalance,rebalance,0.0
2010-09-22,2010-09-23,NTAP,buy,9001.483153629362,35.26172888865514,317407.8585590751,317.4078585590751,rebalance,rebalance,0.0
2010-09-22,2010-09-23,TMUS,buy,20025.356382077356,15.850297617831876,317407.85855907504,317.40785855907507,rebalance,rebalance,0.0
2010-09-22,2010-09-23,WYNN,buy,5520.450111030235,57.49673526165421,317407.85855907504,317.40785855907507,rebalance,rebalance,0.0
2010-10-20,2010-10-21,AN,sell,13884.857833964583,23.969999313354492,332820.0327461558,332.8200327461558,rebalance,rebalance,14761.946295775537
2010-10-20,2010-10-21,CBRE,sell,17722.381980083526,18.90999984741211,335130.2405391586,335.1302405391586,rebalance,rebalance,17069.843880985303
2010-10-20,2010-10-21,CHRW,sell,6734.42749157591,50.68792270122039,341354.14012997324,341.35414012997325,rebalance,rebalance,23287.519572209185
2010-10-20,2010-10-21,FSLR,sell,2219.6353745389865,144.57000732421875,320892.7023541963,320.8927023541963,rebalance,rebalance,2846.543234208027
2010-10-20,2010-10-21,NEE,sell,37145.2033784957,8.881862639554184,329918.5941261028,329.9185941261028,rebalance,rebalance,11863.409114342638
2010-10-20,2010-10-21,WYNN,sell,5520.450111030235,65.59772449830116,362128.96548997745,362.1289654899775,rebalance,rebalance,44041.570106853374
2010-10-20,2010-10-21,AKAM,buy,1673.4265396378532,46.16999816894531,77262.10027094417,77.26210027094417,rebalance,rebalance,0.0
2010-10-20,2010-10-21,AMT,buy,10028.602367702786,36.43583696821087,365400.5208886322,365.40052088863223,rebalance,rebalance,0.0
2010-10-20,2010-10-21,AZO,buy,135.35962003619557,232.5800018310547,31481.94067586923,31.481940675869232,rebalance,rebalance,0.0
2010-10-20,2010-10-21,BKNG,buy,2584.525702902909,13.669237000519685,35328.49436691459,35.32849436691459,rebalance,rebalance,0.0
2010-10-20,2010-10-21,CMI,buy,446.3321488198426,63.30465773153677,28254.903915621468,28.25490391562147,rebalance,rebalance,0.0
2010-10-20,2010-10-21,CRM,buy,3231.49568231635,25.756893619961414,83233.29052278686,83.23329052278686,rebalance,rebalance,0.0
2010-10-20,2010-10-21,CTSH,buy,12563.531038201425,29.08422160756984,365400.5208886322,365.40052088863223,rebalance,rebalance,0.0
2010-10-20,2010-10-21,DE,buy,6390.023711311249,57.18296791948071,365400.5208886322,365.40052088863223,rebalance,rebalance,0.0
2010-10-20,2010-10-21,INTU,buy,1095.2785379950774,40.31932127274335,44160.88725656416,44.16088725656416,rebalance,rebalance,0.0
2010-10-20,2010-10-21,MSI,buy,14589.721751646917,25.045064402779655,365400.5208886322,365.40052088863223,rebalance,rebalance,0.0
2010-10-20,2010-10-21,NEM,buy,1652.605555553272,42.63716571278086,70462.41692998714,70.46241692998714,rebalance,rebalance,0.0
2010-10-20,2010-10-21,NTAP,buy,541.0744943372065,38.291675499230095,20718.648958070324,20.718648958070325,rebalance,rebalance,0.0
2010-10-20,2010-10-21,TDC,buy,9610.744778779126,38.02000045776367,365400.5208886322,365.40052088863223,rebalance,rebalance,0.0
2010-10-20,2010-10-21,TMUS,buy,1608.5544011051934,16.890174159943466,27168.763980410276,27.168763980410276,rebalance,rebalance,0.0
2010-10-20,2010-10-21,VZ,buy,24906.618867555688,14.670819946765913,365400.5208886322,365.40052088863223,rebalance,rebalance,0.0
2010-11-17,2010-11-18,AKAM,sell,7914.24161533553,48.540000915527344,384157.2952540912,384.1572952540912,rebalance,rebalance,-11291.490830012144
2010-11-17,2010-11-18,AMT,sell,10028.602367702786,36.95212838896738,370578.20225325564,370.57820225325565,rebalance,rebalance,4441.702641481493
2010-11-17,2010-11-18,AZO,sell,1571.074546443842,251.7100067138672,395455.18463336537,395.4551846333654,rebalance,rebalance,45821.04041455276
2010-11-17,2010-11-18,BKNG,sell,1993.360088620062,16.058873273621764,32011.117051845024,32.01111705184503,rebalance,rebalance,5649.450991882517
2010-11-17,2010-11-18,CRM,sell,14186.513571087213,27.80643481751162,394476.36490218056,394.4763649021806,rebalance,rebalance,-6959.901693665324
2010-11-17,2010-11-18,MSI,sell,14589.721751646917,25.202179588176314,367692.7877265279,367.6927877265279,rebalance,rebalance,1559.1735292805288
2010-11-17,2010-11-18,NEM,sell,8570.00025166073,42.70072165838606,365945.1953584633,365.94519535846325,rebalance,rebalance,-22678.895601446427
2010-11-17,2010-11-18,TDC,sell,9610.744778779126,39.36000061035156,378278.9203586795,378.2789203586795,rebalance,rebalance,12134.720028800064
2010-11-17,2010-11-18,TMUS,sell,21633.91078318255,18.954180393046904,410053.04759152466,410.05304759152466,rebalance,rebalance,64721.7953819084
2010-11-17,2010-11-18,VZ,sell,24906.618867555688,14.568135974156604,362843.0103190456,362.8430103190456,rebalance,rebalance,-3285.754100794216
2010-11-17,2010-11-18,AFL,buy,21277.253180925152,18.67102825053204,397268.19523477624,397.2681952347763,rebalance,rebalance,0.0
2010-11-17,2010-11-18,AMZN,buy,49429.912895666064,8.036999702453613,397268.1952347762,397.2681952347762,rebalance,rebalance,0.0
2010-11-17,2010-11-18,CAT,buy,7040.3147949430995,56.427618196863165,397268.1952347762,397.2681952347762,rebalance,rebalance,0.0
2010-11-17,2010-11-18,CF,buy,24173.38523042134,16.43411510005758,397268.1952347762,397.2681952347762,rebalance,rebalance,0.0
2010-11-17,2010-11-18,CLF,buy,6942.395897879139,57.223500514590256,397268.1952347762,397.2681952347762,rebalance,rebalance,0.0
2010-11-17,2010-11-18,CMI,buy,415.9514947396283,64.19928692108557,26703.789356043813,26.703789356043814,rebalance,rebalance,0.0
2010-11-17,2010-11-18,CTSH,buy,1762.6871803399827,27.730151054143526,48879.58177203005,48.87958177203005,rebalance,rebalance,0.0
2010-11-17,2010-11-18,DE,buy,535.7093922916074,57.36117596390079,30728.92071675325,30.72892071675325,rebalance,rebalance,0.0
2010-11-17,2010-11-18,EMN,buy,16015.753341440732,24.804839757793065,397268.1952347762,397.2681952347762,rebalance,rebalance,0.0
2010-11-17,2010-11-18,FCX,buy,11037.591177375436,35.99229114855115,397268.1952347762,397.2681952347762,rebalance,rebalance,0.0
2010-11-17,2010-11-18,INTU,buy,339.7377181243719,42.25177192038209,14354.520578942022,14.354520578942022,rebalance,rebalance,0.0
2010-11-17,2010-11-18,KMX,buy,12204.860354726441,32.54999923706055,397268.1952347762,397.2681952347762,rebalance,rebalance,0.0
2010-11-17,2010-11-18,NOV,buy,9239.16583267213,42.99827521548871,397268.1952347762,397.2681952347762,rebalance,rebalance,0.0
2010-11-17,2010-11-18,NTAP,buy,780.9359652336316,38.48195292403791,30051.941050808717,30.05194105080872,rebalance,rebalance,0.0
2010-12-16,2010-12-17,AFL,sell,21277.253180925152,18.76336181346637,399232.79983042687,399.23279983042687,rebalance,rebalance,1168.1036005855044
2010-12-16,2010-12-17,AMZN,sell,49429.912895666064,8.920499801635742,440939.52818066115,440.93952818066117,rebalance,rebalance,42833.12522246955
2010-12-16,2010-12-17,CAT,sell,7040.3147949430995,63.882881197474035,449755.5936381688,449.7555936381688,rebalance,rebalance,51640.37461451969
2010-12-16,2010-12-17,CLF,sell,6942.395897879139,63.70321534212821,442252.9408729023,442.2529408729023,rebalance,rebalance,44145.22450201851
2010-12-16,2010-12-17,CMI,sell,6188.0468504751825,74.38259041516369,460282.9543487392,460.28295434873917,rebalance,rebalance,87083.75301181941
2010-12-16,2010-12-17,CTSH,sell,14326.218218541408,30.930286756972123,443114.0376424441,443.1140376424441,rebalance,rebalance,27976.540841478713
2010-12-16,2010-12-17,DE,sell,6925.733103602856,61.073402657719384,422978.0865362338,422.9780865362338,rebalance,rebalance,26029.53740270682
2010-12-16,2010-12-17,EMN,sell,16015.753341440732,25.601807597280054,410032.23557306075,410.03223557306075,rebalance,rebalance,11956.739907476725
2010-12-16,2010-12-17,FCX,sell,640.8948864237973,40.88463369623106,26202.752669224563,26.202752669224562,rebalance,rebalance,3086.207293424623
2010-12-16,2010-12-17,INTU,sell,9402.40319348916,43.07371059813514,404996.3940833337,404.9963940833337,rebalance,rebalance,28292.20802827461
2010-12-16,2010-12-17,NTAP,sell,10323.4936132002,39.25043008762085,405201.5643249148,405.20156432491484,rebalance,rebalance,36249.73574406796
2010-12-16,2010-12-17,AMP,buy,10658.026363440133,39.88216063760251,425065.1195065219,425.0651195065219,rebalance,rebalance,0.0
2010-12-16,2010-12-17,ANF,buy,10341.094503860932,41.10446136507314,425065.11950652185,425.06511950652185,rebalance,rebalance,0.0
2010-12-16,2010-12-17,BKNG,buy,2356.7613203191067,15.687955829787535,36972.7674945179,36.9727674945179,rebalance,rebalance,0.0
2010-12-16,2010-12-17,CF,buy,996.8969961728944,16.887578600823538,16835.176379794637,16.83517637979464,rebalance,rebalance,0.0
2010-12-16,2010-12-17,EBAY,buy,37438.699156199655,11.353629508682683,425065.11950652185,425.06511950652185,rebalance,rebalance,0.0
2010-12-16,2010-12-17,EXPD,buy,9130.083022092658,46.556544828558955,425065.11950652185,425.06511950652185,rebalance,rebalance,0.0
2010-12-16,2010-12-17,F,buy,51018.72143221793,8.331551782834302,425065.11950652185,425.06511950652185,rebalance,rebalance,0.0
2010-12-16,2010-12-17,FTI,buy,14123.847531173446,30.095561324089594,425065.11950652185,425.06511950652185,rebalance,rebalance,0.0
2010-12-16,2010-12-17,HAL,buy,13762.569088739925,30.88559387173547,425065.11950652185,425.06511950652185,rebalance,rebalance,0.0
2010-12-16,2010-12-17,KMX,buy,37.798186802081545,34.720001220703125,1312.353091908636,1.3123530919086361,rebalance,rebalance,0.0
2010-12-16,2010-12-17,NOV,buy,160.01500237561413,45.223634587552084,7236.459995961052,7.236459995961052,rebalance,rebalance,0.0
2010-12-16,2010-12-17,PH,buy,6483.58106041607,65.56023832286971,425065.11950652185,425.06511950652185,rebalance,rebalance,0.0
2010-12-16,2010-12-17,PM,buy,14792.845209855006,28.734507356525512,425065.11950652185,425.06511950652185,rebalance,rebalance,0.0
2010-12-16,2010-12-17,QCOM,buy,12770.635496138613,33.28457065703946,425065.11950652185,425.06511950652185,rebalance,rebalance,0.0
2011-01-14,2011-01-18,AMP,sell,10658.026363440133,43.836600841748236,467211.6474549546,467.21164745495463,rebalance,rebalance,41254.25118147132
2011-01-14,2011-01-18,CF,sell,1014.5974582517301,20.24484379845638,20540.367060617144,20.540367060617143,rebalance,rebalance,3810.9009558249218
2011-01-14,2011-01-18,EBAY,sell,37438.699156199655,10.848861496552017,406167.26175668894,406.16726175668896,rebalance,rebalance,-19729.090131096124
2011-01-14,2011-01-18,EXPD,sell,9130.083022092658,44.682495064372205,407954.88957196363,407.95488957196363,rebalance,rebalance,-17943.249943636645
2011-01-14,2011-01-18,F,sell,51018.72143221793,9.276060338545637,473252.738400705,473.25273840070497,rebalance,rebalance,47289.30103627596
2011-01-14,2011-01-18,FTI,sell,14123.847531173446,30.279509866353454,427663.1806710382,427.6631806710382,rebalance,rebalance,1745.3328643388697
2011-01-14,2011-01-18,HAL,sell,13762.569088739925,30.602374501531663,421167.29335682257,421.1672933568226,rebalance,rebalance,-4744.058562562611
2011-01-14,2011-01-18,PM,sell,14792.845209855006,27.522943969692584,407142.64986317465,407.14264986317465,rebalance,rebalance,-18754.677412716825
2011-01-14,2011-01-18,QCOM,sell,12770.635496138613,35.10801503563852,448351.66301309346,448.35166301309346,rebalance,rebalance,22413.126724052017
2011-01-14,2011-01-18,ADSK,buy,11795.177901077035,41.459999084472656,489028.064979846,489.028064979846,rebalance,rebalance,0.0
2011-01-14,2011-01-18,ANF,buy,2366.295782440937,38.48375267949403,91063.94165798683,91.06394165798683,rebalance,rebalance,0.0
2011-01-14,2011-01-18,BKNG,buy,1461.9936451398244,17.124635693812664,25036.10855968872,25.03610855968872,rebalance,rebalance,0.0
2011-01-14,2011-01-18,CLF,buy,6527.274013729236,74.92071942303046,489028.06497984595,489.02806497984596,rebalance,rebalance,0.0
2011-01-14,2011-01-18,CMI,buy,6293.669340963088,77.7015820956702,489028.06497984595,489.02806497984596,rebalance,rebalance,0.0
2011-01-14,2011-01-18,EMN,buy,16490.88320023209,29.654449615710305,489028.064979846,489.028064979846,rebalance,rebalance,0.0
2011-01-14,2011-01-18,ETN,buy,13789.535951054057,35.46370717010714,489028.06497984595,489.02806497984596,rebalance,rebalance,0.0
2011-01-14,2011-01-18,FCX,buy,851.8665395515891,43.47471515683113,37034.65515864076,37.03465515864076,rebalance,rebalance,0.0
2011-01-14,2011-01-18,FFIV,buy,3386.151995430518,144.4199981689453,489028.06497984595,489.02806497984596,rebalance,rebalance,0.0
2011-01-14,2011-01-18,KMX,buy,2911.6041805903187,32.27000045776367,93957.4682404762,93.9574682404762,rebalance,rebalance,0.0
2011-01-14,2011-01-18,NOV,buy,367.1443777659115,50.072883538449986,18383.977669669173,18.383977669669175,rebalance,rebalance,0.0
2011-01-14,2011-01-18,PH,buy,600.9700089985545,69.02738934172902,41483.39079384561,41.48339079384561,rebalance,rebalance,0.0
2011-01-14,2011-01-18,RL,buy,5764.295338260586,84.83744088092013,489028.0649798459,489.0280649798459,rebalance,rebalance,0.0
2011-01-14,2011-01-18,TPR,buy,13696.377113362296,35.70492115778166,489028.06497984595,489.02806497984596,rebalance,rebalance,0.0
2011-02-14,2011-02-15,ADSK,sell,11795.177901077035,42.16999816894531,497402.6304908028,497.40263049080284,rebalance,rebalance,7388.134815486227
2011-02-14,2011-02-15,ANF,sell,12707.390286301868,40.1078503188616,509666.1075463512,509.6661075463512,rebalance,rebalance,-7488.748786868318
2011-02-14,2011-02-15,BKNG,sell,28556.990859463225,17.78226640193009,507808.0191004576,507.8080191004576,rebalance,rebalance,118469.8918150914
2011-02-14,2011-02-15,CF,sell,9292.253985405488,20.997778016105578,195116.6864548168,195.1166864548168,rebalance,rebalance,41891.833181185706
2011-02-14,2011-02-15,CLF,sell,6527.274013729236,78.12429693692054,509938.693237228,509.93869323722805,rebalance,rebalance,19911.66149916504
2011-02-14,2011-02-15,CMI,sell,6293.669340963088,77.83186606047803,489848.0291747761,489.8480291747761,rebalance,rebalance,-158.9118992243786
2011-02-14,2011-02-15,EMN,sell,6009.213029323326,29.775695576080384,178928.49781294714,178.92849781294714,rebalance,rebalance,371.4644019876399
2011-02-14,2011-02-15,ETN,sell,13789.535951054057,38.12349363794935,525705.2861002831,525.7052861002832,rebalance,rebalance,35662.48776935718
2011-02-14,2011-02-15,FCX,sell,3629.273909977799,40.961699102537686,148661.22586120106,148.66122586120107,rebalance,rebalance,15697.461726378424
2011-02-14,2011-02-15,FFIV,sell,975.7486092997174,129.47999572753906,126339.92576327959,126.3399257632796,rebalance,rebalance,-14844.944143268209
2011-02-14,2011-02-15,KMX,sell,6300.38981040645,35.25,222088.74081682737,222.08874081682737,rebalance,rebalance,16889.03361460601
2011-02-14,2011-02-15,NOV,sell,4290.050176401594,56.99111495728352,244494.74277581772,244.4947427758177,rebalance,rebalance,58302.34766575557
2011-02-14,2011-02-15,PH,sell,7084.551069414624,71.20976373554281,504489.2078254025,504.4892078254025,rebalance,rebalance,36969.65980690939
2011-02-14,2011-02-15,RL,sell,5764.295338260586,96.90857838775753,558609.6666380112,558.6096666380113,rebalance,rebalance,68533.9639265475
2011-02-14,2011-02-15,TPR,sell,13696.377113362296,37.89053790101544,518963.09612045455,518.9630961204546,rebalance,rebalance,28927.0399795083
2011-02-14,2011-02-15,A,buy,11030.221628072335,28.294900198882484,312099.0201378618,312.09902013786177,rebalance,rebalance,0.0
2011-02-14,2011-02-15,AIG,buy,10049.513795644794,31.056131319817442,312099.0201378618,312.09902013786177,rebalance,rebalance,0.0
2011-02-14,2011-02-15,ANDV,buy,14983.355887164043,20.829714150034377,312099.0201378618,312.09902013786177,rebalance,rebalance,0.0
2011-02-14,2011-02-15,F,buy,39165.79296063845,7.968663380606662,312099.0201378618,312.09902013786177,rebalance,rebalance,0.0
2011-02-14,2011-02-15,FLR,buy,4900.762233046888,63.68377107408136,312099.0201378618,312.09902013786177,rebalance,rebalance,0.0
2011-02-14,2011-02-15,JBL,buy,16368.918808015025,19.066562904878165,312099.0201378618,312.09902013786177,rebalance,rebalance,0.0
2011-02-14,2011-02-15,LEN,buy,18418.319663899874,16.945032219718694,312099.0201378618,312.09902013786177,rebalance,rebalance,0.0
2011-02-14,2011-02-15,THC,buy,11242.75999872472,27.760000228881836,312099.0201378618,312.09902013786177,rebalance,rebalance,0.0
2011-02-14,2011-02-15,VIAV,buy,20480.406072842445,15.238907814025879,312099.0201378618,312.09902013786177,rebalance,rebalance,0.0
2011-03-15,2011-03-16,A,sell,2599.9390048213645,27.536831281948505,71594.08171912302,71.59408171912301,rebalance,rebalance,-2116.0920418630576
2011-03-15,2011-03-16,AIG,sell,10049.513795644794,27.688606017017687,278257.0281501927,278.2570281501927,rebalance,rebalance,-34432.34803595708
2011-03-15,2011-03-16,ANDV,sell,4368.6049158003225,21.86987437405513,95540.84069843274,95.54084069843275,rebalance,rebalance,4357.511435548044
2011-03-15,2011-03-16,CF,sell,1587.2264896007455,17.48566571637678,27753.71181333682,27.75371181333682,rebalance,rebalance,1586.6756422535746
2011-03-15,2011-03-16,EMN,sell,10481.670170908763,29.625068439770338,310520.19617627136,310.5201961762714,rebalance,rebalance,-929.3121515841057
2011-03-15,2011-03-16,F,sell,39165.79296063845,7.322421508265786,286788.4447632637,286.78844476326367,rebalance,rebalance,-25909.462839499167
2011-03-15,2011-03-16,FCX,sell,7619.288920525429,38.327982235551886,292031.9703934359,292.0319703934359,rebalance,rebalance,12908.230711324275
2011-03-15,2011-03-16,FFIV,sell,2410.4033861308008,111.22000122070312,268085.0675478546,268.08506754785463,rebalance,rebalance,-80641.58058373447
2011-03-15,2011-03-16,FLR,sell,4900.762233046888,59.4869927436341,291531.6073955362,291.53160739553624,rebalance,rebalance,-21171.0433698589
2011-03-15,2011-03-16,JBL,sell,2976.5662510705133,17.33401725115338,51595.85074525722,51.59585074525722,rebalance,rebalance,-5265.385659727915
2011-03-15,2011-03-16,KMX,sell,8853.872911712391,32.939998626708984,291646.56155286205,291.64656155286207,rebalance,rebalance,3301.9788689856405
2011-03-15,2011-03-16,LEN,sell,18418.319663899874,16.121493149022733,296930.8142780725,296.9308142780725,rebalance,rebalance,-15777.235694205145
2011-03-15,2011-03-16,NOV,sell,1174.8697773138474,53.96916967183717,63406.746354164585,63.40674635416459,rebalance,rebalance,12419.793422219009
2011-03-15,2011-03-16,THC,sell,2916.2435983124215,27.8799991607666,81304.86907354128,81.30486907354128,rebalance,rebalance,187.68632488312045
2011-03-15,2011-03-16,VIAV,sell,1507.46892678937,12.235494613647461,18444.627933972257,18.444627933972257,rebalance,rebalance,-4568.9688818213035
2011-03-15,2011-03-16,EL,buy,6335.927108893373,36.639195222078584,232143.27025560423,232.14327025560425,rebalance,rebalance,0.0
2011-03-15,2011-03-16,HOG,buy,8040.197106399962,28.87283323823233,232143.27025560423,232.14327025560425,rebalance,rebalance,0.0
2011-03-15,2011-03-16,MU,buy,23045.711172774583,10.073165827481617,232143.27025560423,232.14327025560425,rebalance,rebalance,0.0
2011-03-15,2011-03-16,SLB,buy,4047.2706939652135,57.35797968782948,232143.27025560423,232.14327025560425,rebalance,rebalance,0.0
2011-03-15,2011-03-16,TER,buy,14917.139563642633,15.562183974024368,232143.27025560423,232.14327025560425,rebalance,rebalance,0.0
2011-03-15,2011-03-16,VLO,buy,15278.502414249471,15.194111566791793,232143.27025560423,232.14327025560425,rebalance,rebalance,0.0
2011-03-15,2011-03-16,WY,buy,16412.585189325622,14.144223324829108,232143.27025560423,232.14327025560425,rebalance,rebalance,0.0
2011-03-15,2011-03-16,WYNN,buy,2822.0329255564357,82.26100700431455,232143.27025560423,232.14327025560425,rebalance,rebalance,0.0
2011-04-12,2011-04-13,A,sell,8430.28262325097,28.560229147206048,240770.80349575702,240.77080349575704,rebalance,rebalance,1757.4932135286026
2011-04-12,2011-04-13,CF,sell,13276.20429333627,18.697078194423728,248226.22979765225,248.22622979765225,rebalance,rebalance,29338.473365847054
2011-04-12,2011-04-13,EL,sell,6335.927108893373,39.08811040345647,247659.4183406769,247.6594183406769,rebalance,rebalance,15036.34539647643
2011-04-12,2011-04-13,HOG,sell,8040.197106399962,28.276494413702657,227348.5885641868,227.3485885641868,rebalance,rebalance,-5254.1735502372
2011-04-12,2011-04-13,MU,sell,23045.711172774583,10.365707671943102,238885.10510901437,238.88510510901438,rebalance,rebalance,6270.806478045562
2011-04-12,2011-04-13,SLB,sell,4047.2706939652135,59.26150177346455,239847.3394081106,239.8473394081106,rebalance,rebalance,7232.078542842695
2011-04-12,2011-04-13,WYNN,sell,2822.0329255564357,90.80465226959866,256253.71849851034,256.25371849851035,rebalance,rebalance,23622.051254152022
2011-04-12,2011-04-13,AN,buy,9589.807207987995,33.220001220703125,318573.4071556688,318.57340715566886,rebalance,rebalance,0.0
2011-04-12,2011-04-13,ANDV,buy,3502.4947991796435,22.56625777673963,79038.20049997774,79.03820049997775,rebalance,rebalance,0.0
2011-04-12,2011-04-13,CBRE,buy,11563.463374878085,27.549999237060547,318573.4071556688,318.57340715566886,rebalance,rebalance,0.0
2011-04-12,2011-04-13,HP,buy,8985.91921755185,35.45251180685129,318573.4071556688,318.57340715566886,rebalance,rebalance,0.0
2011-04-12,2011-04-13,JBL,buy,5852.705059885611,16.553517973210486,96882.85840071642,96.88285840071642,rebalance,rebalance,0.0
2011-04-12,2011-04-13,NBR,buy,251.32842018151203,1267.5582288926646,318573.4071556688,318.57340715566886,rebalance,rebalance,0.0
2011-04-12,2011-04-13,NOV,buy,1595.1855644572715,54.026710804325006,86182.62917016695,86.18262917016696,rebalance,rebalance,0.0
2011-04-12,2011-04-13,ROK,buy,4708.276556835475,67.66242452201836,318573.4071556688,318.57340715566886,rebalance,rebalance,0.0
2011-04-12,2011-04-13,RRC,buy,6319.702330539779,50.409558946498485,318573.4071556688,318.57340715566886,rebalance,rebalance,0.0
2011-04-12,2011-04-13,TER,buy,5505.573147823992,15.598976083955842,85881.30386137594,85.88130386137594,rebalance,rebalance,0.0
2011-04-12,2011-04-13,THC,buy,3420.290284593466,27.1200008392334,92758.27538859664,92.75827538859664,rebalance,rebalance,0.0
2011-04-12,2011-04-13,VIAV,buy,10928.401754716673,10.654151916503906,116432.8524993393,116.43285249933929,rebalance,rebalance,0.0
2011-04-12,2011-04-13,VLO,buy,6024.11295911703,14.954661743269504,90088.5716068415,90.08857160684151,rebalance,rebalance,0.0
2011-04-12,2011-04-13,WMB,buy,27949.40046397165,11.398219706584685,318573.4071556688,318.57340715566886,rebalance,rebalance,0.0
2011-04-12,2011-04-13,WY,buy,8021.391849750984,13.038131559433936,104583.96222682446,104.58396222682445,rebalance,rebalance,0.0
2011-05-11,2011-05-12,AN,sell,9589.807207987995,33.68000030517578,322984.7096916126,322.9847096916126,rebalance,rebalance,3769.7444190965225
2011-05-11,2011-05-12,JBL,sell,19245.057616830123,18.293941388771383,352067.95606581855,352.0679560658186,rebalance,rebalance,-865.3317531240907
2011-05-11,2011-05-12,NOV,sell,5896.590823555485,48.48016564125442,285867.6998446708,285.86769984467077,rebalance,rebalance,12872.945365059895
2011-05-11,2011-05-12,RRC,sell,6319.702330539779,47.64905114882264,301127.81959322357,301.1278195932236,rebalance,rebalance,-18065.2887891941
2011-05-11,2011-05-12,THC,sell,11746.806685005764,25.959999084472656,304947.0907882269,304.94709078822694,rebalance,rebalance,-19584.13124496148
2011-05-11,2011-05-12,VIAV,sell,2854.664433377555,12.059158325195312,34424.8503674039,34.424850367403906,rebalance,rebalance,-4366.854577898121
2011-05-11,2011-05-12,WMB,sell,27949.40046397165,11.476675525500765,320766.20025728317,320.7662002572832,rebalance,rebalance,1553.4534942014402
2011-05-11,2011-05-12,WY,sell,24433.977039076606,12.634930569667274,308721.60342957726,308.72160342957727,rebalance,rebalance,-28651.077888763382
2011-05-11,2011-05-12,ANDV,buy,966.6589879236944,21.623056814199014,20902.122215830164,20.902122215830165,rebalance,rebalance,0.0
2011-05-11,2011-05-12,ANF,buy,5831.448350520085,55.931238685019146,326160.12957230007,326.1601295723001,rebalance,rebalance,0.0
2011-05-11,2011-05-12,CBRE,buy,786.4090770999937,26.40999984741211,20769.06360621433,20.76906360621433,rebalance,rebalance,0.0
2011-05-11,2011-05-12,CLF,buy,4514.220624936176,72.25170337723833,326160.1295723,326.16012957230004,rebalance,rebalance,0.0
2011-05-11,2011-05-12,GT,buy,20665.54317319437,15.782799747328584,326160.12957230007,326.1601295723001,rebalance,rebalance,0.0
2011-05-11,2011-05-12,HAL,buy,9187.542132666607,35.50025946685208,326160.12957230007,326.1601295723001,rebalance,rebalance,0.0
2011-05-11,2011-05-12,HP,buy,1258.091225687207,31.839105531912306,40056.49930342789,40.05649930342789,rebalance,rebalance,0.0
2011-05-11,2011-05-12,HRB,buy,36720.08176844912,8.88233669056112,326160.12957230007,326.1601295723001,rebalance,rebalance,0.0
2011-05-11,2011-05-12,IRM,buy,27132.92402985848,12.02082492890838,326160.12957230007,326.1601295723001,rebalance,rebalance,0.0
2011-05-11,2011-05-12,JEF,buy,14323.50964608587,22.77096449342837,326160.12957230007,326.1601295723001,rebalance,rebalance,0.0
2011-05-11,2011-05-12,NBR,buy,33.75364853097821,1144.0920540717616,38617.28108022316,38.617281080223165,rebalance,rebalance,0.0
2011-05-11,2011-05-12,ROK,buy,594.4485651733685,61.508021266005215,36563.35498822983,36.56335498822983,rebalance,rebalance,0.0
2011-05-11,2011-05-12,TER,buy,1575.914196856047,14.82638579814747,23365.11186736547,23.36511186736547,rebalance,rebalance,0.0
2011-05-11,2011-05-12,VLO,buy,1010.7468348175862,14.617256087595404,14774.345324255148,14.774345324255147,rebalance,rebalance,0.0
2011-06-09,2011-06-10,ANF,sell,5831.448350520085,49.278260606949345,287363.63153289363,287.36363153289363,rebalance,rebalance,-39410.021800511575
2011-06-09,2011-06-10,CLF,sell,4514.220624936176,72.07444541061457,325359.94800343283,325.35994800343286,rebalance,rebalance,-1451.7016464429191
2011-06-09,2011-06-10,HAL,sell,9187.542132666607,37.40729818218642,343681.12811806076,343.68112811806077,rebalance,rebalance,16851.157288070346
2011-06-09,2011-06-10,HP,sell,10244.010443239056,33.84297926443701,346687.8330152156,346.6878330152156,rebalance,rebalance,-12647.391183355405
2011-06-09,2011-06-10,HRB,sell,36720.08176844912,8.910015014835428,327176.47990286635,327.17647990286633,rebalance,rebalance,363.0137210911475
2011-06-09,2011-06-10,JEF,sell,14323.50964608587,20.87964665539546,299069.8202754214,299.0698202754214,rebalance,rebalance,-27715.5392467263
2011-06-09,2011-06-10,NBR,sell,285.08206871249024,1141.5286637724837,325429.3529628644,325.4293529628644,rebalance,rebalance,-32443.95531422634
2011-06-09,2011-06-10,ROK,sell,5302.725122008844,57.92804266155385,307176.48709022166,307.17648709022166,rebalance,rebalance,-48622.58830291106
2011-06-09,2011-06-10,TER,sell,21998.626908322673,13.391572372078622,294596.2043291593,294.59620432915926,rebalance,rebalance,-47429.46754549991
2011-06-09,2011-06-10,VLO,sell,22313.362208184088,13.73417948788073,306455.721545295,306.455721545295,rebalance,rebalance,-31193.92755013788
2011-06-09,2011-06-10,AET,buy,9236.327283542476,39.838256756564036,367959.1778094228,367.9591778094228,rebalance,rebalance,0.0
2011-06-09,2011-06-10,ANDV,buy,4458.541512737462,18.82871635940505,83948.61351996638,83.94861351996639,rebalance,rebalance,0.0
2011-06-09,2011-06-10,ATI,buy,6750.500580875194,54.50842843446098,367959.1778094228,367.9591778094228,rebalance,rebalance,0.0
2011-06-09,2011-06-10,BIIB,buy,3938.3407535859633,93.43000030517578,367959.1778094228,367.9591778094228,rebalance,rebalance,0.0
2011-06-09,2011-06-10,CBRE,buy,2380.279051318599,24.979999542236328,59459.36961233333,59.45936961233333,rebalance,rebalance,0.0
2011-06-09,2011-06-10,GT,buy,5748.968701828497,13.93019032683163,80084.22819946911,80.08422819946912,rebalance,rebalance,0.0
2011-06-09,2011-06-10,HUM,buy,5312.362005547356,69.264703238444,367959.1778094228,367.9591778094228,rebalance,rebalance,0.0
2011-06-09,2011-06-10,IRM,buy,3685.768918476595,11.939480315608295,44006.16545003218,44.006165450032185,rebalance,rebalance,0.0
2011-06-09,2011-06-10,ISRG,buy,9700.43866024907,37.932220458984375,367959.1778094228,367.9591778094228,rebalance,rebalance,0.0
2011-06-09,2011-06-10,MCO,buy,10502.558420819643,35.035194575066825,367959.1778094228,367.9591778094228,rebalance,rebalance,0.0
2011-06-09,2011-06-10,MSI,buy,10380.568036567918,35.44692125837456,367959.1778094228,367.9591778094228,rebalance,rebalance,0.0
2011-06-09,2011-06-10,THC,buy,15105.056181856657,24.360000610351562,367959.1778094228,367.9591778094228,rebalance,rebalance,0.0
2011-06-09,2011-06-10,TMUS,buy,14077.119441080999,26.138811945831353,367959.1778094228,367.9591778094228,rebalance,rebalance,0.0
2011-06-09,2011-06-10,VIAV,buy,10344.785296555332,9.840727806091309,101800.21631585658,101.80021631585659,rebalance,rebalance,0.0
2011-06-09,2011-06-10,WYNN,buy,3968.9027925618975,92.71055428694635,367959.1778094228,367.9591778094228,rebalance,rebalance,0.0
2011-07-08,2011-07-11,AET,sell,430.47913970364607,39.838272818062,17149.545409998478,17.149545409998478,rebalance,rebalance,-34.29216976602872
2011-07-08,2011-07-11,ANDV,sell,19542.44627120452,21.20875678171638,414470.9898857369,414.4709898857369,rebalance,rebalance,8660.362988027846
2011-07-08,2011-07-11,ATI,sell,6750.500580875194,53.87617195854165,363691.13010146725,363.69113010146725,rebalance,rebalance,-4999.698015866401
2011-07-08,2011-07-11,BIIB,sell,639.7061905206783,106.3499984741211,68032.75238575996,68.03275238575996,rebalance,rebalance,8137.202308228825
2011-07-08,2011-07-11,CBRE,sell,14730.151503296678,24.770000457763672,364865.85947958694,364.86585947958696,rebalance,rebalance,-34699.64859448323
2011-07-08,2011-07-11,GT,sell,3011.746341291091,14.990099364241097,45146.37691584304,45.146376915843035,rebalance,rebalance,-1264.5122369424284
2011-07-08,2011-07-11,HUM,sell,298.5496870825091,69.96867023855587,20889.124605300123,20.889124605300125,rebalance,rebalance,168.6010475168158
2011-07-08,2011-07-11,IRM,sell,3953.0332535819216,13.057925423554334,51618.413422103076,51.618413422103075,rebalance,rebalance,4039.050866267441
2011-07-08,2011-07-11,ISRG,sell,1060.0403975441786,40.601112365722656,43038.819292896515,43.03881929289651,rebalance,rebalance,2745.8847324733247
2011-07-08,2011-07-11,MSI,sell,10380.568036567918,34.70844779800185,360293.40381082415,360.29340381082415,rebalance,rebalance,-8394.026580218848
2011-07-08,2011-07-11,THC,sell,15105.056181856657,25.0,377626.4045464164,377.62640454641644,rebalance,rebalance,8921.641154637793
2011-07-08,2011-07-11,TMUS,sell,1101.892570647533,27.036889932773608,29791.748150338313,29.791748150338314,rebalance,rebalance,930.9915508347641
2011-07-08,2011-07-11,VIAV,sell,37391.459763947525,8.95335578918457,334779.0427436015,334.7790427436015,rebalance,rebalance,-134665.7250583587
2011-07-08,2011-07-11,WYNN,sell,3968.9027925618975,109.78083343209643,435709.45637842006,435.70945637842004,rebalance,rebalance,66946.60993480947
2011-07-08,2011-07-11,ANF,buy,6580.722183934367,53.308705479941736,350809.78074867616,350.8097807486762,rebalance,rebalance,0.0
2011-07-08,2011-07-11,HAL,buy,8639.929998073962,40.603312854025404,350809.78074867616,350.8097807486762,rebalance,rebalance,0.0
2011-07-08,2011-07-11,HP,buy,9559.796258823078,36.69636582734713,350809.78074867616,350.8097807486762,rebalance,rebalance,0.0
2011-07-08,2011-07-11,HRB,buy,38706.864380996274,9.063244630089736,350809.78074867616,350.8097807486762,rebalance,rebalance,0.0
2011-07-08,2011-07-11,MCO,buy,206.39497168325033,32.758549588447224,6761.199914691917,6.761199914691917,rebalance,rebalance,0.0
2011-07-08,2011-07-11,OKE,buy,24626.819560271604,14.245029890689107,350809.78074867616,350.8097807486762,rebalance,rebalance,0.0
2011-07-08,2011-07-11,TDC,buy,5831.279615000978,60.15999984741211,350809.78074867616,350.8097807486762,rebalance,rebalance,0.0
2011-07-08,2011-07-11,UNH,buy,8710.019159332862,40.276579687288105,350809.78074867616,350.8097807486762,rebalance,rebalance,0.0
2011-08-02,2011-08-03,AET,sell,8805.84814383883,35.95886190422474,316648.27735387423,316.6482773538742,market_trend_exit,risk_exit,-34828.8198763573
2011-08-02,2011-08-03,ANF,sell,6580.722183934367,52.143372258570274,343141.0465671213,343.1410465671213,market_trend_exit,risk_exit,-8362.685008870634
2011-08-02,2011-08-03,BIIB,sell,3298.634563065285,99.51000213623047,328247.13241727016,328.24713241727017,market_trend_exit,risk_exit,19419.265622766135
2011-08-02,2011-08-03,GT,sell,23402.765533731777,13.422505685882625,314123.7534418927,314.1237534418927,market_trend_exit,risk_exit,-46475.229665220424
2011-08-02,2011-08-03,HAL,sell,8639.929998073962,40.53418269491649,350212.5010132194,350.2125010132194,market_trend_exit,risk_exit,-1298.3020172186339
2011-08-02,2011-08-03,HP,sell,9559.796258823078,35.87410835908213,342949.1668797671,342.9491668797671,market_trend_exit,risk_exit,-8554.372816537523
2011-08-02,2011-08-03,HRB,sell,38706.864380996274,8.05306523080446,311708.9037400647,311.7089037400647,market_trend_exit,risk_exit,-39763.39569310013
2011-08-02,2011-08-03,HUM,sell,5013.812318464847,63.669012937968915,319224.4813728862,319.2244813728862,market_trend_exit,risk_exit,-28722.245662540783
2011-08-02,2011-08-03,IRM,sell,26865.659694753154,11.51183537800217,309273.05172742635,309.2730517274264,market_trend_exit,risk_exit,-14044.938499242073
2011-08-02,2011-08-03,ISRG,sell,8640.398262704892,42.887779235839844,370567.4932006215,370.5674932006215,market_trend_exit,risk_exit,42119.68446131906
2011-08-02,2011-08-03,MCO,sell,10708.953392502894,29.090604812042926,311529.9310918881,311.5299310918881,market_trend_exit,risk_exit,-63876.696941042595
2011-08-02,2011-08-03,OKE,sell,24626.819560271604,13.694516364223492,337252.38346691866,337.2523834669187,market_trend_exit,risk_exit,-14245.459445973067
2011-08-02,2011-08-03,TDC,sell,5831.279615000978,53.65999984741211,312906.46325116983,312.90646325116984,market_trend_exit,risk_exit,-38567.03374150618
2011-08-02,2011-08-03,TMUS,sell,12975.226870433466,16.921687302975702,219562.73178664313,219.56273178664313,market_trend_exit,risk_exit,-120153.00308102246
2011-08-02,2011-08-03,UNH,sell,8710.019159332862,36.835290811484356,320836.08870762645,320.83608870762646,market_trend_exit,risk_exit,-30645.337910505998
2011-12-28,2011-12-29,AAPL,buy,27460.29530095329,12.065542141303485,331323.35016629,331.32335016629,rebalance,rebalance,0.0
2011-12-28,2011-12-29,AEE,buy,16259.36869509112,20.377380965985484,331323.35016629,331.32335016629,rebalance,rebalance,0.0
2011-12-28,2011-12-29,CSCO,buy,28152.812691060863,11.768747719885639,331323.35016629,331.32335016629,rebalance,rebalance,0.0
2011-12-28,2011-12-29,DLTR,buy,7870.847857425381,42.095001220703125,331323.35016629,331.32335016629,rebalance,rebalance,0.0
2011-12-28,2011-12-29,GOOGL,buy,20821.96263119525,15.91220558958764,331323.35016629,331.32335016629,rebalance,rebalance,0.0
2011-12-28,2011-12-29,GWW,buy,2209.780934494241,149.9349301980112,331323.35016628995,331.32335016628997,rebalance,rebalance,0.0
2011-12-28,2011-12-29,ISRG,buy,6515.984790508223,50.8477783203125,331323.35016629,331.32335016629,rebalance,rebalance,0.0
2011-12-28,2011-12-29,MA,buy,9635.258255034909,34.38655627036845,331323.35016629,331.32335016629,rebalance,rebalance,0.0
2011-12-28,2011-12-29,NEM,buy,7887.3060033089305,42.00716315904204,331323.35016629,331.32335016629,rebalance,rebalance,0.0
2011-12-28,2011-12-29,ORLY,buy,61257.85610444544,5.408667087554932,331323.35016629,331.32335016629,rebalance,rebalance,0.0
2011-12-28,2011-12-29,PM,buy,8277.060699699256,40.02910721415013,331323.35016629,331.32335016629,rebalance,rebalance,0.0
2011-12-28,2011-12-29,RRC,buy,5764.212528864575,57.479377886775026,331323.35016629,331.32335016629,rebalance,rebalance,0.0
2011-12-28,2011-12-29,TGT,buy,9815.977049631361,33.753476448758896,331323.35016629,331.32335016629,rebalance,rebalance,0.0
2011-12-28,2011-12-29,TJX,buy,24738.53299195594,13.393007187371383,331323.35016629,331.32335016629,rebalance,rebalance,0.0
2011-12-28,2011-12-29,VFC,buy,16027.641858588662,20.67199611081559,331323.35016629,331.32335016629,rebalance,rebalance,0.0
2012-01-27,2012-01-30,AAPL,sell,27460.29530095329,13.331023540988467,366073.84309950325,366.0738430995033,rebalance,rebalance,34053.09573994752
2012-01-27,2012-01-30,AEE,sell,16259.36869509112,19.374505244635255,315017.2240575012,315.0172240575012,rebalance,rebalance,-16952.46668301257
2012-01-27,2012-01-30,CSCO,sell,28152.812691060863,12.621150747045046,355320.89292720205,355.32089292720207,rebalance,rebalance,23310.898517818623
2012-01-27,2012-01-30,GOOGL,sell,20821.96263119525,14.338572470894892,298557.2201736584,298.5572201736584,rebalance,rebalance,-33396.01056297154
2012-01-27,2012-01-30,ISRG,sell,6515.984790508223,50.55555725097656,329419.242123031,329.419242123031,rebalance,rebalance,-2564.8506355482796
2012-01-27,2012-01-30,NEM,sell,7887.3060033089305,43.92180611068703,346424.7250129927,346.42472501299267,rebalance,rebalance,14423.626771523459
2012-01-27,2012-01-30,PM,sell,8277.060699699256,38.121027823390655,315530.0612291286,315.53006122912865,rebalance,rebalance,-16440.142348556736
2012-01-27,2012-01-30,RRC,sell,5764.212528864575,52.474338908498346,302473.241780252,302.473241780252,rebalance,rebalance,-29483.90497798451
2012-01-27,2012-01-30,TGT,sell,9815.977049631361,32.446252275161335,318491.667679533,318.491667679533,rebalance,rebalance,-13481.497504602801
2012-01-27,2012-01-30,TJX,sell,24738.53299195594,13.973789721120248,345691.05803858803,345.69105803858804,rebalance,rebalance,13690.693464093223
2012-01-27,2012-01-30,VFC,sell,16027.641858588662,20.92470921205163,335373.7452458745,335.37374524587455,rebalance,rebalance,3383.6979841723773
2012-01-27,2012-01-30,AKAM,buy,13937.679354892623,31.43000030517578,438061.2663777173,438.06126637771735,rebalance,rebalance,0.0
2012-01-27,2012-01-30,AMGN,buy,9554.367244037314,45.849322638409404,438061.26637771726,438.0612663777173,rebalance,rebalance,0.0
2012-01-27,2012-01-30,BMY,buy,22196.716373452873,19.735408562576207,438061.2663777173,438.06126637771735,rebalance,rebalance,0.0
2012-01-27,2012-01-30,DLTR,buy,2525.7650256430143,42.1349983215332,106423.10511605567,106.42310511605567,rebalance,rebalance,0.0
2012-01-27,2012-01-30,DUK,buy,12765.308527298545,34.31654357910156,438061.2663777173,438.06126637771735,rebalance,rebalance,0.0
2012-01-27,2012-01-30,ED,buy,12956.240452636815,33.810831774781114,438061.2663777173,438.06126637771735,rebalance,rebalance,0.0
2012-01-27,2012-01-30,FAST,buy,55066.08546184482,7.955191706540481,438061.2663777173,438.06126637771735,rebalance,rebalance,0.0
2012-01-27,2012-01-30,GWW,buy,666.0914590974758,152.32291507573342,101460.99275677616,101.46099275677616,rebalance,rebalance,0.0
2012-01-27,2012-01-30,HD,buy,13849.391713516075,31.630361494519573,438061.2663777173,438.06126637771735,rebalance,rebalance,0.0
2012-01-27,2012-01-30,HUM,buy,5704.445876008785,76.79295691454865,438061.2663777174,438.0612663777174,rebalance,rebalance,0.0
2012-01-27,2012-01-30,MA,buy,4090.3446698129083,31.915630138526268,130545.92762084113,130.54592762084113,rebalance,rebalance,0.0
2012-01-27,2012-01-30,OKE,buy,26533.155928790624,16.509957110016654,438061.2663777173,438.06126637771735,rebalance,rebalance,0.0
2012-01-27,2012-01-30,ORLY,buy,18573.508362796973,5.487332820892334,101919.02203829406,101.91902203829406,rebalance,rebalance,0.0
2012-01-27,2012-01-30,ROST,buy,19862.96611870899,22.0541717566092,438061.2663777173,438.06126637771735,rebalance,rebalance,0.0
2012-01-27,2012-01-30,TSN,buy,31912.312117887748,13.727030017739507,438061.2663777173,438.06126637771735,rebalance,rebalance,0.0
2012-02-27,2012-02-28,AKAM,sell,4518.419887853159,37.150001525878906,167859.30572830644,167.85930572830645,rebalance,rebalance,25535.494029986923
2012-02-27,2012-02-28,AMGN,sell,9554.367244037314,45.45838095762076,434326.06598846137,434.3260659884614,rebalance,rebalance,-4607.587721622026
2012-02-27,2012-02-28,BMY,sell,22196.716373452873,20.07397521023769,445576.33422937006,445.57633422937005,rebalance,rebalance,6631.43025104565
2012-02-27,2012-02-28,DLTR,sell,10396.612883068396,44.255001068115234,460102.1142449725,460.1021142449725,rebalance,rebalance,21457.810393099437
2012-02-27,2012-02-28,DUK,sell,12765.308527298545,34.67097629594292,442585.7093603659,442.58570936036585,rebalance,rebalance,3643.7960069105875
2012-02-27,2012-02-28,ED,sell,12956.240452636815,34.00325397598663,440554.33468496165,440.55433468496165,rebalance,rebalance,1614.4527061816775
2012-02-27,2012-02-28,FAST,sell,16462.439314440424,9.064571316320945,149224.95520635092,149.22495520635093,rebalance,rebalance,17982.90768677849
2012-02-27,2012-02-28,GWW,sell,2875.872393591717,167.03862756994343,480381.7776918486,480.3817776918486,rebalance,rebalance,46684.26864816754
2012-02-27,2012-02-28,HD,sell,13849.391713516075,33.482208183627215,463708.2165685469,463.7082165685469,rebalance,rebalance,24745.180707883323
2012-02-27,2012-02-28,HUM,sell,5704.445876008785,77.92683301109109,444529.4012005438,444.5294012005438,rebalance,rebalance,5585.5441552482025
2012-02-27,2012-02-28,MA,sell,13725.602924847817,38.76844196173071,532120.2403817239,532.1202403817239,rebalance,rebalance,69256.97307642389
2012-02-27,2012-02-28,OKE,sell,26533.155928790624,16.29088833385029,432248.6803805658,432.2486803805658,rebalance,rebalance,-6682.895943909648
2012-02-27,2012-02-28,ORLY,sell,79831.36446724241,5.733333110809326,457699.80518112803,457.69980518112806,rebalance,rebalance,23566.49079915827
2012-02-27,2012-02-28,ROST,sell,4689.751087677945,23.062053945556414,108155.29257526064,108.15529257526065,rebalance,rebalance,4515.132723307776
2012-02-27,2012-02-28,TSN,sell,31912.312117887748,14.072084611551734,449072.7562731641,449.07275627316415,rebalance,rebalance,10124.355872795912
2012-02-27,2012-02-28,ADSK,buy,9203.721708575382,38.02000045776367,349925.50357316545,349.92550357316543,rebalance,rebalance,0.0
2012-02-27,2012-02-28,DHI,buy,28816.765731660413,12.143122057195654,349925.50357316545,349.92550357316543,rebalance,rebalance,0.0
2012-02-27,2012-02-28,FFIV,buy,2722.9438839836816,128.50999450683594,349925.50357316545,349.92550357316543,rebalance,rebalance,0.0
2012-02-27,2012-02-28,HST,buy,38791.83588986291,9.020596616428975,349925.50357316545,349.92550357316543,rebalance,rebalance,0.0
2012-02-27,2012-02-28,JBL,buy,15501.439543152825,22.5737424320525,349925.50357316545,349.92550357316543,rebalance,rebalance,0.0
2012-02-27,2012-02-28,LEN,buy,18210.783942279682,19.2152904939336,349925.50357316545,349.92550357316543,rebalance,rebalance,0.0
2012-02-27,2012-02-28,MAS,buy,42436.55752180291,8.245850370718264,349925.50357316545,349.92550357316543,rebalance,rebalance,0.0
2012-02-27,2012-02-28,OI,buy,14525.442516925785,24.09052276138331,349925.50357316545,349.92550357316543,rebalance,rebalance,0.0
2012-02-27,2012-02-28,PHM,buy,48449.691583677675,7.222450590192253,349925.50357316545,349.92550357316543,rebalance,rebalance,0.0
2012-02-27,2012-02-28,TER,buy,22960.58684884019,15.240268285688057,349925.50357316545,349.92550357316543,rebalance,rebalance,0.0
2012-02-27,2012-02-28,TXT,buy,12991.150312286816,26.935682765691016,349925.50357316545,349.92550357316543,rebalance,rebalance,0.0
2012-02-27,2012-02-28,WMB,buy,25622.582749265493,13.656917688486987,349925.50357316545,349.92550357316543,rebalance,rebalance,0.0
2012-03-26,2012-03-27,ADSK,sell,9203.721708575382,42.13999938964844,387844.8271818607,387.8448271818607,rebalance,rebalance,37181.55327794024
2012-03-26,2012-03-27,AKAM,sell,1697.0784537222517,37.849998474121094,64234.41688385101,64.23441688385101,rebalance,rebalance,10777.666972251156
2012-03-26,2012-03-27,DHI,sell,28816.765731660413,13.344561644046902,384547.10668820067,384.5471066882007,rebalance,rebalance,33887.13050477393
2012-03-26,2012-03-27,FAST,sell,38603.6461474044,9.424605112837261,363824.12085498794,363.82412085498794,rebalance,rebalance,56053.79165440405
2012-03-26,2012-03-27,FFIV,sell,556.9105781975832,134.94000244140625,75149.51478162684,75.14951478162685,rebalance,rebalance,3434.2213465300074
2012-03-26,2012-03-27,HST,sell,38791.83588986291,9.427796382146271,365721.5300592614,365.72153005926145,rebalance,rebalance,15080.379452463558
2012-03-26,2012-03-27,JBL,sell,2467.971178645592,22.42569141203375,55345.96006609926,55.34596006609926,rebalance,rebalance,-476.4429561579318
2012-03-26,2012-03-27,LEN,sell,5366.657851391987,22.756280770110592,122125.1728633945,122.12517286339451,rebalance,rebalance,18778.036204888496
2012-03-26,2012-03-27,MAS,sell,12343.079741763475,9.712554384950863,119882.83326966301,119.88283326966301,rebalance,rebalance,17881.982583303496
2012-03-26,2012-03-27,OI,sell,14525.442516925785,23.473070882614312,340956.74180113856,340.95674180113855,rebalance,rebalance,-9659.644017401142
2012-03-26,2012-03-27,PHM,sell,10101.247386049428,7.621809585407391,76989.78415156288,76.98978415156289,rebalance,rebalance,3884.078462215635
2012-03-26,2012-03-27,ROST,sell,15173.215031031046,25.615319199894625,388666.74630849925,388.6667463084993,rebalance,rebalance,53310.756477473384
2012-03-26,2012-03-27,TER,sell,22960.58684884019,15.792126910516735,362596.5014568258,362.5965014568258,rebalance,rebalance,11958.47587863046
2012-03-26,2012-03-27,TXT,sell,2230.3873447629067,27.162064665215752,60581.92528692893,60.58192528692893,rebalance,rebalance,384.2603925332874
2012-03-26,2012-03-27,WMB,sell,25622.582749265493,14.642173517052639,375170.302569785,375.170302569785,rebalance,rebalance,24519.703190476626
2012-03-26,2012-03-27,EMN,buy,8541.47262647817,34.219455163372515,292284.5395709434,292.2845395709434,rebalance,rebalance,0.0
2012-03-26,2012-03-27,EOG,buy,7398.98479729513,39.50333019710958,292284.5395709434,292.2845395709434,rebalance,rebalance,0.0
2012-03-26,2012-03-27,FLS,buy,9736.023646187235,30.02093567073516,292284.5395709434,292.2845395709434,rebalance,rebalance,0.0
2012-03-26,2012-03-27,GNW,buy,33026.50022286253,8.850000381469727,292284.5395709434,292.2845395709434,rebalance,rebalance,0.0
2012-03-26,2012-03-27,LNC,buy,17033.702280037644,17.15919033723404,292284.5395709434,292.2845395709434,rebalance,rebalance,0.0
2012-03-26,2012-03-27,NOV,buy,5039.348714576699,58.00045921122469,292284.5395709434,292.2845395709434,rebalance,rebalance,0.0
2012-03-26,2012-03-27,NWL,buy,27168.885745793476,10.75806134656065,292284.5395709434,292.2845395709434,rebalance,rebalance,0.0
2012-03-26,2012-03-27,VMC,buy,7282.354690590575,40.135993368820664,292284.5395709434,292.2845395709434,rebalance,rebalance,0.0
2012-04-24,2012-04-25,EMN,sell,8541.47262647817,34.52824851439874,294922.0895259724,294.9220895259724,rebalance,rebalance,2050.3433259320955
2012-04-24,2012-04-25,EOG,sell,7398.98479729513,37.07760048690099,274336.60232276295,274.33660232276293,rebalance,rebalance,-18514.558390074137
2012-04-24,2012-04-25,FLS,sell,9736.023646187235,29.488634040371533,287102.0383108191,287.10203831081907,rebalance,rebalance,-5761.887838006003
2012-04-24,2012-04-25,JBL,sell,13033.468364507233,19.447208374284003,253464.57512421068,253.46457512421068,rebalance,rebalance,-41297.261465461044
2012-04-24,2012-04-25,LNC,sell,17033.702280037644,15.435325332275866,262920.7363055102,262.9207363055102,rebalance,rebalance,-29919.00854130957
2012-04-24,2012-04-25,NOV,sell,5039.348714576699,57.12428573275854,287869.1958784888,287.8691958784888,rebalance,rebalance,-4995.497427904005
2012-04-24,2012-04-25,NWL,sell,27168.885745793476,10.3646139316575,281595.0117084619,281.5950117084619,rebalance,rebalance,-11263.407413760848
2012-04-24,2012-04-25,TXT,sell,10760.76296752391,26.322109864834704,283245.98506060906,283.2459850606091,rebalance,rebalance,-7175.607032081429
2012-04-24,2012-04-25,VMC,sell,7282.354690590575,37.47833400819878,272930.5214601266,272.9305214601266,rebalance,rebalance,-19919.233171847754
2012-04-24,2012-04-25,AAPL,buy,17511.384377640425,18.41356402324981,322446.9973734185,322.44699737341847,rebalance,rebalance,0.0
2012-04-24,2012-04-25,AKAM,buy,756.5728053380535,38.029998779296875,28772.46286345539,28.772462863455388,rebalance,rebalance,0.0
2012-04-24,2012-04-25,AMD,buy,43456.46820188047,7.420000076293945,322446.9973734185,322.44699737341847,rebalance,rebalance,0.0
2012-04-24,2012-04-25,BAC,buy,50181.28376225409,6.42564265396415,322446.9973734185,322.44699737341847,rebalance,rebalance,0.0
2012-04-24,2012-04-25,BKNG,buy,11734.270052571677,27.479084419294676,322446.9973734185,322.44699737341847,rebalance,rebalance,0.0
2012-04-24,2012-04-25,FAST,buy,40176.21491964079,8.02581821155544,322446.9973734185,322.44699737341847,rebalance,rebalance,0.0
2012-04-24,2012-04-25,FFIV,buy,320.06542174196375,129.6999969482422,41512.48422317055,41.512484223170546,rebalance,rebalance,0.0
2012-04-24,2012-04-25,FHN,buy,52409.26870084888,6.152480379261537,322446.9973734185,322.44699737341847,rebalance,rebalance,0.0
2012-04-24,2012-04-25,FOSL,buy,2531.3785863248345,127.37999725341797,322446.9973734185,322.44699737341847,rebalance,rebalance,0.0
2012-04-24,2012-04-25,GNW,buy,19660.918633839276,6.119999885559082,120324.81978908279,120.3248197890828,rebalance,rebalance,0.0
2012-04-24,2012-04-25,LEN,buy,2184.5693038308164,21.45542170524895,46870.855658032284,46.87085565803228,rebalance,rebalance,0.0
2012-04-24,2012-04-25,MAS,buy,6600.463475154807,8.787472436686647,58001.39085727983,58.00139085727983,rebalance,rebalance,0.0
2012-04-24,2012-04-25,MU,buy,49799.4503356917,6.474910771099775,322446.9973734185,322.44699737341847,rebalance,rebalance,0.0
2012-04-24,2012-04-25,PHM,buy,5170.267301269858,7.4093875086715935,38308.513958522075,38.30851395852208,rebalance,rebalance,0.0
2012-04-24,2012-04-25,WDC,buy,12795.328293714223,25.200369226307572,322446.9973734185,322.44699737341847,rebalance,rebalance,0.0
2012-05-22,2012-05-23,AAPL,sell,4283.202602146281,16.674619304705086,71420.77279571143,71.42077279571143,rebalance,rebalance,-7598.542341594163
2012-05-22,2012-05-23,AKAM,sell,8478.753818655267,28.760000228881836,243848.9617651582,243.8489617651582,rebalance,rebalance,-28146.982279713597
2012-05-22,2012-05-23,AMD,sell,43456.46820188047,5.980000019073486,259869.68067611154,259.86968067611156,rebalance,rebalance,-63159.63337535644
2012-05-22,2012-05-23,BAC,sell,8889.028807804869,5.341798248681883,47483.39851801485,47.48339851801485,rebalance,rebalance,-9738.925262909963
2012-05-22,2012-05-23,BKNG,sell,3163.6313063909947,25.73610926001251,81419.56095967475,81.41956095967475,rebalance,rebalance,-5682.484032866399
2012-05-22,2012-05-23,FAST,sell,40176.21491964079,7.535886350927472,302763.3896448497,302.7633896448497,rebalance,rebalance,-20308.818115587055
2012-05-22,2012-05-23,FFIV,sell,2486.098727528062,115.19999694824219,286398.5658242616,286.3985658242616,rebalance,rebalance,-34077.114605379815
2012-05-22,2012-05-23,FHN,sell,52409.26870084888,5.784268723402896,303149.29376273847,303.14929376273847,rebalance,rebalance,-19923.299901816128
2012-05-22,2012-05-23,GNW,sell,52687.41885670181,5.159999847412109,271867.0732611192,271.8670732611192,rebalance,rebalance,-141426.7625315281
2012-05-22,2012-05-23,LEN,sell,5453.210613029514,23.03537629986144,125616.75851353294,125.61675851353294,rebalance,rebalance,18823.852198523906
2012-05-22,2012-05-23,MAS,sell,36693.941255194244,8.723953287207738,320116.22943385947,320.1162294338595,rebalance,rebalance,13342.259732639799
2012-05-22,2012-05-23,MU,sell,49799.4503356917,5.490022620797311,273400.10884621966,273.40010884621967,rebalance,rebalance,-49642.73563341841
2012-05-22,2012-05-23,PHM,sell,14643.123873045257,7.638801954711317,111855.92326449807,111.85592326449807,rebalance,rebalance,5553.532814843233
2012-05-22,2012-05-23,WDC,sell,2039.255673367752,20.507010596280036,41819.03770227667,41.819037702276674,rebalance,rebalance,-9664.167247051133
2012-05-22,2012-05-23,AIG,buy,10156.855670409088,21.71684843789048,220574.89519980268,220.57489519980268,rebalance,rebalance,0.0
2012-05-22,2012-05-23,EMN,buy,7495.0256603944445,29.42950500695075,220574.89519980265,220.57489519980265,rebalance,rebalance,0.0
2012-05-22,2012-05-23,FIS,buy,8851.294298830739,24.920072449623635,220574.89519980265,220.57489519980265,rebalance,rebalance,0.0
2012-05-22,2012-05-23,FOSL,buy,542.8359809198018,71.75,38948.48163099578,38.948481630995786,rebalance,rebalance,0.0
2012-05-22,2012-05-23,HOG,buy,6503.2036774687585,33.91788203774313,220574.89519980265,220.57489519980265,rebalance,rebalance,0.0
2012-05-22,2012-05-23,JPM,buy,9604.895285842504,22.964841222676036,220574.89519980265,220.57489519980265,rebalance,rebalance,0.0
2012-05-22,2012-05-23,SBUX,buy,10760.356279809934,20.498846828489846,220574.89519980265,220.57489519980265,rebalance,rebalance,0.0
2012-05-22,2012-05-23,SHW,buy,6370.166227082936,34.62623852137837,220574.89519980265,220.57489519980265,rebalance,rebalance,0.0
2012-05-22,2012-05-23,TXT,buy,9742.734440302182,22.63993712969983,220574.89519980268,220.57489519980268,rebalance,rebalance,0.0
2012-06-20,2012-06-21,AAPL,sell,1612.03226029476,17.510292917154743,28227.157069664285,28.227157069664287,rebalance,rebalance,-1514.0125791195196
2012-06-20,2012-06-21,AIG,sell,10156.855670409088,23.939419376583388,243149.22744135218,243.1492274413522,rebalance,rebalance,22110.608118908392
2012-06-20,2012-06-21,BAC,sell,8939.421280752882,6.286997381190054,56202.11818144801,56.20211818144801,rebalance,rebalance,-1353.0521467773417
2012-06-20,2012-06-21,BKNG,sell,842.8531444626415,26.320888164312674,22184.64335434046,22.184643354340462,rebalance,rebalance,-1021.5348314805296
2012-06-20,2012-06-21,EMN,sell,7495.0256603944445,32.366840960406165,242590.30354415017,242.59030354415017,rebalance,rebalance,21552.243145603592
2012-06-20,2012-06-21,FIS,sell,8851.294298830739,26.21369351447415,232025.11595596137,232.02511595596138,rebalance,rebalance,10997.620745002978
2012-06-20,2012-06-21,FOSL,sell,3074.2145672446363,76.6500015258789,235638.55127018053,235.63855127018053,rebalance,rebalance,-126353.9617645083
2012-06-20,2012-06-21,HOG,sell,6503.2036774687585,36.46932642517348,237167.45772299674,237.16745772299674,rebalance,rebalance,16134.820170271294
2012-06-20,2012-06-21,JPM,sell,9604.895285842504,24.925246025164455,239404.37804556667,239.4043780455667,rebalance,rebalance,18369.50357251868
2012-06-20,2012-06-21,LEN,sell,621.355022394373,22.7160188704513,14114.712413960267,14.114712413960268,rebalance,rebalance,1946.6097494281962
2012-06-20,2012-06-21,PHM,sell,3783.2307200609175,8.106140899568349,30667.401272389216,30.667401272389217,rebalance,rebalance,3201.106344981527
2012-06-20,2012-06-21,SBUX,sell,10760.356279809934,21.205448948086723,228178.18575473392,228.17818575473393,rebalance,rebalance,7154.537473976743
2012-06-20,2012-06-21,SHW,sell,1007.2959184615847,37.92785744857878,38204.57600394622,38.20457600394622,rebalance,rebalance,3252.6238249462813
2012-06-20,2012-06-21,TXT,sell,1708.5894324027868,25.317215507140535,43256.72687336428,43.25672687336428,rebalance,rebalance,4492.430459092238
2012-06-20,2012-06-21,WDC,sell,10756.072620346471,18.423089541061497,198160.088994803,198.160088994803,rebalance,rebalance,-73366.12955335813
2012-06-20,2012-06-21,CRM,buy,6115.595152417724,33.25958888893974,203402.18058060628,203.40218058060628,rebalance,rebalance,0.0
2012-06-20,2012-06-21,DHI,buy,14076.465748714872,14.449804674811652,203402.18058060628,203.40218058060628,rebalance,rebalance,0.0
2012-06-20,2012-06-21,EBAY,buy,12735.88189651484,15.970796701268647,203402.18058060628,203.40218058060628,rebalance,rebalance,0.0
2012-06-20,2012-06-21,GILD,buy,11631.378218027052,17.487367083065067,203402.18058060628,203.40218058060628,rebalance,rebalance,0.0
2012-06-20,2012-06-21,MAR,buy,5924.104657491563,34.334670357888754,203402.18058060628,203.40218058060628,rebalance,rebalance,0.0
2012-06-20,2012-06-21,MAS,buy,20747.159912911036,9.803856596971055,203402.18058060628,203.40218058060628,rebalance,rebalance,0.0
2012-06-20,2012-06-21,TDC,buy,2816.0344888185728,72.2300033569336,203402.18058060628,203.40218058060628,rebalance,rebalance,0.0
2012-06-20,2012-06-21,TJX,buy,11273.639677715368,18.042281498731228,203402.18058060625,203.40218058060626,rebalance,rebalance,0.0
2012-07-19,2012-07-20,BAC,sell,32352.83367369634,5.5893039963918145,180829.82254699062,180.8298225469906,rebalance,rebalance,-27446.643053897522
2012-07-19,2012-07-20,CRM,sell,6115.595152417724,33.91820329008898,207429.9996195871,207.4299996195871,rebalance,rebalance,3616.98685878063
2012-07-19,2012-07-20,DHI,sell,14076.465748714872,15.748569502921228,221684.19919912628,221.68419919912628,rebalance,rebalance,17856.9322387403
2012-07-19,2012-07-20,GILD,sell,11631.378218027052,18.420767146315466,214258.90974500205,214.25890974500206,rebalance,rebalance,10439.068074070177
2012-07-19,2012-07-20,LEN,sell,8954.129759294625,25.327895345473216,226789.26145320153,226.78926145320153,rebalance,rebalance,51415.6055955757
2012-07-19,2012-07-20,MAR,sell,5924.104657491563,31.937640430628587,189201.92442437765,189.20192442437767,rebalance,rebalance,-14592.860261233585
2012-07-19,2012-07-20,MAS,sell,20747.159912911036,10.075993794661954,209048.25453935086,209.04825453935086,rebalance,rebalance,5233.623523624649
2012-07-19,2012-07-20,PHM,sell,25092.35690579193,8.879366224073197,222804.22639167868,222.80422639167867,rebalance,rebalance,40614.04857378919
2012-07-19,2012-07-20,TXT,sell,8034.145007899395,25.903716154619786,208114.21182968147,208.11421182968147,rebalance,rebalance,25831.667210248026
2012-07-19,2012-07-20,AAPL,buy,5711.866155521344,18.335502607087566,104729.93678589683,104.72993678589684,rebalance,rebalance,0.0
2012-07-19,2012-07-20,AIG,buy,13534.050627477625,23.475446135919178,317717.87650615413,317.71787650615414,rebalance,rebalance,0.0
2012-07-19,2012-07-20,BKNG,buy,4370.699688194692,26.26096316131867,114778.7835008678,114.7787835008678,rebalance,rebalance,0.0
2012-07-19,2012-07-20,CCI,buy,8922.853450359662,35.60720550591891,317717.87650615413,317.71787650615414,rebalance,rebalance,0.0
2012-07-19,2012-07-20,DLTR,buy,6037.968129141009,52.619998931884766,317717.87650615413,317.71787650615414,rebalance,rebalance,0.0
2012-07-19,2012-07-20,EBAY,buy,6816.991365292341,16.24916564701289,110770.4219088918,110.7704219088918,rebalance,rebalance,0.0
2012-07-19,2012-07-20,EW,buy,18534.830212142257,17.141666412353516,317717.87650615413,317.71787650615414,rebalance,rebalance,0.0
2012-07-19,2012-07-20,EXPE,buy,7377.33503072355,43.06675448288448,317717.87650615413,317.71787650615414,rebalance,rebalance,0.0
2012-07-19,2012-07-20,MNST,buy,56224.96173634895,5.6508331298828125,317717.87650615413,317.71787650615414,rebalance,rebalance,0.0
2012-07-19,2012-07-20,ROST,buy,10672.438234603145,29.769942867977488,317717.87650615413,317.71787650615414,rebalance,rebalance,0.0
2012-07-19,2012-07-20,SHW,buy,2944.6409056155726,38.244652136209936,112616.76710132176,112.61676710132177,rebalance,rebalance,0.0
2012-07-19,2012-07-20,SRE,buy,13915.537105724006,22.83188022799812,317717.87650615413,317.71787650615414,rebalance,rebalance,0.0
2012-07-19,2012-07-20,STX,buy,21533.969943551725,14.754263953140406,317717.87650615413,317.71787650615414,rebalance,rebalance,0.0
2012-07-19,2012-07-20,TDC,buy,1854.9136468211927,68.0199966430664,126171.2200299556,126.1712200299556,rebalance,rebalance,0.0
2012-07-19,2012-07-20,TJX,buy,5810.449498687351,18.597296772777316,108058.65371032384,108.05865371032384,rebalance,rebalance,0.0
2012-08-16,2012-08-17,AAPL,sell,17328.015670720728,19.224350331775444,333119.84380843013,333.1198438084301,rebalance,rebalance,13843.449727371139
2012-08-16,2012-08-17,AIG,sell,13534.050627477625,25.907555746722945,350634.1711103472,350.6341711103472,rebalance,rebalance,32247.94255657664
2012-08-16,2012-08-17,BKNG,sell,12098.485289912733,23.050361899081203,278874.46436319884,278.87446436319885,rebalance,rebalance,-48862.7977822768
2012-08-16,2012-08-17,CCI,sell,8922.853450359662,38.047043048085264,339488.1893375902,339.4881893375902,rebalance,rebalance,21113.10676559239
2012-08-16,2012-08-17,DLTR,sell,6037.968129141009,49.20000076293945,297068.0365603417,297.06803656034174,rebalance,rebalance,-21264.625858878877
2012-08-16,2012-08-17,EBAY,sell,19552.87326180718,17.16591841398698,335643.0271712095,335.6430271712095,rebalance,rebalance,20820.609052050753
2012-08-16,2012-08-17,STX,sell,21533.969943551725,19.008033461982592,409318.42125635856,409.3184212563586,rebalance,rebalance,90873.50845244195
2012-08-16,2012-08-17,TDC,sell,4670.9481356397655,76.05000305175781,355225.61997000664,355.2256199700066,rebalance,rebalance,24967.420338864227
2012-08-16,2012-08-17,AN,buy,11273.398079090959,39.91999816894531,450034.03067510267,450.03403067510266,rebalance,rebalance,0.0
2012-08-16,2012-08-17,DHI,buy,27684.358177690265,16.25589539719824,450034.03067510267,450.03403067510266,rebalance,rebalance,0.0
2012-08-16,2012-08-17,EW,buy,8510.485123329687,16.639999389648438,141614.4672578181,141.6144672578181,rebalance,rebalance,0.0
2012-08-16,2012-08-17,EXPE,buy,2084.4610495146126,47.56327729521041,99143.79890912883,99.14379890912883,rebalance,rebalance,0.0
2012-08-16,2012-08-17,KMB,buy,9081.026908877453,49.55761448467433,450034.03067510267,450.03403067510266,rebalance,rebalance,0.0
2012-08-16,2012-08-17,LEN,buy,16345.54106220811,27.5325257794989,450034.03067510267,450.03403067510266,rebalance,rebalance,0.0
2012-08-16,2012-08-17,MNST,buy,32905.38724026554,5.049167156219482,166144.8005162324,166.1448005162324,rebalance,rebalance,0.0
2012-08-16,2012-08-17,MO,buy,30214.275125905813,14.894748551794383,450034.03067510267,450.03403067510266,rebalance,rebalance,0.0
2012-08-16,2012-08-17,ROST,buy,4350.027683377897,29.957400677903177,130315.52227092261,130.3155222709226,rebalance,rebalance,0.0
2012-08-16,2012-08-17,SHW,buy,2678.40070251211,40.964649460640985,109719.74589354314,109.71974589354313,rebalance,rebalance,0.0
2012-08-16,2012-08-17,SRE,buy,6173.086126766824,22.402432733529942,138292.14671318067,138.29214671318067,rebalance,rebalance,0.0
2012-08-16,2012-08-17,STZ,buy,16729.25419920924,26.90102172614335,450034.03067510267,450.03403067510266,rebalance,rebalance,0.0
2012-08-16,2012-08-17,T,buy,42499.33426281313,10.589201889425405,450034.03067510267,450.03403067510266,rebalance,rebalance,0.0
2012-08-16,2012-08-17,TJX,buy,6750.729119804921,18.881370316412593,127463.01641682674,127.46301641682673,rebalance,rebalance,0.0
2012-08-16,2012-08-17,VZ,buy,20849.542917410374,21.584839171668484,450034.03067510267,450.03403067510266,rebalance,rebalance,0.0
2012-09-14,2012-09-17,AN,sell,11273.398079090959,42.09000015258789,474497.3268691225,474.4973268691225,rebalance,rebalance,23538.76483647564
2012-09-14,2012-09-17,DHI,sell,27684.358177690265,18.953711486380644,524721.3375855639,524.7213375855639,rebalance,rebalance,73712.55154220058
2012-09-14,2012-09-17,EW,sell,539.4177464388194,17.426666259765625,9400.253041784184,9.400253041784184,rebalance,rebalance,220.32596437713872
2012-09-14,2012-09-17,EXPE,sell,343.8476662389712,50.65936000366228,17419.102710419156,17.419102710419157,rebalance,rebalance,2237.5171076590914
2012-09-14,2012-09-17,KMB,sell,9081.026908877453,49.50239244466525,449532.55784381705,449.5325578438171,rebalance,rebalance,-1401.0394198044798
2012-09-14,2012-09-17,LEN,sell,16345.54106220811,30.721636363253744,502161.7686737899,502.16176867378994,rebalance,rebalance,51175.54219933843
2012-09-14,2012-09-17,MNST,sell,89130.34897661449,4.487500190734863,399972.45803282247,399.9724580328225,rebalance,rebalance,-84774.05412461936
2012-09-14,2012-09-17,MO,sell,30214.275125905813,13.995770919486027,422872.0731605026,422.8720731605026,rebalance,rebalance,-28034.863618435607
2012-09-14,2012-09-17,SHW,sell,147.32385927236464,42.61712215189989,6278.518906499674,6.278518906499674,rebalance,rebalance,794.9489432031027
2012-09-14,2012-09-17,SRE,sell,20088.62323249083,21.32558606222279,428401.6636160514,428.4016636160514,rebalance,rebalance,-28492.771290118784
2012-09-14,2012-09-17,T,sell,42499.33426281313,10.600616595824125,450519.1480978537,450.5191480978537,rebalance,rebalance,-415.4357560218436
2012-09-14,2012-09-17,TJX,sell,23834.81829620764,19.059931992298296,454290.01577450475,454.29001577450475,rebalance,rebalance,14472.95120026563
2012-09-14,2012-09-17,VZ,sell,20849.542917410374,21.706955717756674,452580.1048436943,452.5801048436943,rebalance,rebalance,1643.4600330728877
2012-09-14,2012-09-17,AMGN,buy,8323.535740395386,55.494377102015655,461909.4311996066,461.9094311996066,rebalance,rebalance,0.0
2012-09-14,2012-09-17,AMZN,buy,35361.48755595074,13.0625,461909.43119960657,461.90943119960656,rebalance,rebalance,0.0
2012-09-14,2012-09-17,ANDV,buy,12794.946927610386,36.1009259212202,461909.43119960657,461.90943119960656,rebalance,rebalance,0.0
2012-09-14,2012-09-17,BIIB,buy,2998.8277274575403,154.02999877929688,461909.43119960657,461.90943119960656,rebalance,rebalance,0.0
2012-09-14,2012-09-17,GILD,buy,21738.55624519447,21.248395063113556,461909.43119960657,461.90943119960656,rebalance,rebalance,0.0
2012-09-14,2012-09-17,NRG,buy,28102.654629686538,16.43650527988426,461909.43119960657,461.90943119960656,rebalance,rebalance,0.0
2012-09-14,2012-09-17,PHM,buy,32946.35252052322,14.020047618681613,461909.43119960657,461.90943119960656,rebalance,rebalance,0.0
2012-09-14,2012-09-17,ROST,buy,585.6942944314505,29.594098530092612,17333.09465791742,17.33309465791742,rebalance,rebalance,0.0
2012-09-14,2012-09-17,STX,buy,27755.064280144896,16.64234773651892,461909.43119960657,461.90943119960656,rebalance,rebalance,0.0
2012-09-14,2012-09-17,STZ,buy,398.75013490251877,26.968082339848422,10753.526471076791,10.753526471076793,rebalance,rebalance,0.0
2012-09-14,2012-09-17,VRSN,buy,9867.671481524221,46.81037791585023,461909.43119960657,461.90943119960656,rebalance,rebalance,0.0
2012-09-14,2012-09-17,WMT,buy,24423.479486587778,18.912515370844904,461909.43119960657,461.90943119960656,rebalance,rebalance,0.0
2012-10-12,2012-10-15,AMGN,sell,8323.535740395386,57.83515304979335,481392.96346119215,481.39296346119215,rebalance,rebalance,18540.229866924783
2012-10-12,2012-10-15,AMZN,sell,6811.620095502069,12.142499923706055,82710.0964899485,82.7100964899485,rebalance,rebalance,-6438.3778915347075
2012-10-12,2012-10-15,ANDV,sell,2597.8421593810253,33.996587398063156,88317.76801777014,88.31776801777015,rebalance,rebalance,-5648.841608435583
2012-10-12,2012-10-15,BIIB,sell,2998.8277274575403,147.5,442327.0897999872,442.3270897999872,rebalance,rebalance,-20486.577920618944
2012-10-12,2012-10-15,EW,sell,2775.1425366645344,14.608332633972168,40540.20528228082,40.540205282280816,rebalance,rebalance,-6679.945237890575
2012-10-12,2012-10-15,EXPE,sell,2131.6874421669054,49.6212158203125,105776.92262921394,105.77692262921394,rebalance,rebalance,11660.726346582094
2012-10-12,2012-10-15,GILD,sell,6956.25009990778,23.451466912748927,163134.26905479372,163.13426905479372,rebalance,rebalance,15014.17535479463
2012-10-12,2012-10-15,NRG,sell,7978.359808717589,17.226281295536328,137437.4703419706,137.4374703419706,rebalance,rebalance,6032.543397704841
2012-10-12,2012-10-15,PHM,sell,6943.349276534838,13.331797108492138,92567.32380815814,92.56732380815814,rebalance,rebalance,-4968.677093297133
2012-10-12,2012-10-15,ROST,sell,15608.160212412493,26.964478341390237,420865.8979965455,420.86589799654547,rebalance,rebalance,-45386.827829880254
2012-10-12,2012-10-15,SHW,sell,10838.588057476669,43.517680027433876,471670.20703443576,471.67020703443575,rebalance,rebalance,68235.25627192519
2012-10-12,2012-10-15,STX,sell,27755.064280144896,15.448498821667654,428774.0778271284,428.7740778271284,rebalance,rebalance,-34026.036881504864
2012-10-12,2012-10-15,STZ,sell,5305.937722171517,29.323702432042115,155589.7388879049,155.5897388879049,rebalance,rebalance,12547.976089354275
2012-10-12,2012-10-15,VRSN,sell,9867.671481524221,47.213065716266804,465883.0221237349,465.88302212373486,rebalance,rebalance,3045.7984708050203
2012-10-12,2012-10-15,WMT,sell,24423.479486587778,19.296566647082656,471289.29966659716,471.2892996665972,rebalance,rebalance,8446.669736124433
2012-10-12,2012-10-15,DHI,buy,20120.10730088266,17.229866534812558,346666.763460316,346.666763460316,rebalance,rebalance,0.0
2012-10-12,2012-10-15,EBAY,buy,19552.475800308795,17.73006994105785,346666.763460316,346.666763460316,rebalance,rebalance,0.0
2012-10-12,2012-10-15,LEN,buy,11476.16140703973,30.20755382959872,346666.763460316,346.666763460316,rebalance,rebalance,0.0
2012-10-12,2012-10-15,MPC,buy,18986.476667642266,18.25861477770246,346666.763460316,346.666763460316,rebalance,rebalance,0.0
2012-10-12,2012-10-15,URBN,buy,9438.245787661368,36.72999954223633,346666.763460316,346.666763460316,rebalance,rebalance,0.0
2012-10-12,2012-10-15,VLO,buy,21343.157025568726,16.24252508872119,346666.763460316,346.666763460316,rebalance,rebalance,0.0
2012-10-12,2012-10-15,WY,buy,21777.36553188602,15.918673126587919,346666.763460316,346.666763460316,rebalance,rebalance,0.0
2012-11-13,2012-11-14,AMZN,sell,28549.867460448673,11.324999809265137,323327.24354412616,323.3272435441262,rebalance,rebalance,-50301.66004523083
2012-11-13,2012-11-14,DHI,sell,20120.10730088266,16.729946306623813,336608.3148272767,336.6083148272767,rebalance,rebalance,-10741.723711326895
2012-11-13,2012-11-14,EBAY,sell,19552.475800308795,17.748627399752937,347029.6077223669,347.02960772236696,rebalance,rebalance,-330.85210913169584
2012-11-13,2012-11-14,EW,sell,23730.75505236859,14.37166690826416,341050.5070942482,341.0505070942482,rebalance,rebalance,-62732.08238132783
2012-11-13,2012-11-14,EXPE,sell,175.66861862783207,52.47244296086566,9217.761570962983,9.217761570962983,rebalance,rebalance,1461.3102427264764
2012-11-13,2012-11-14,GILD,sell,14782.306145286691,24.903029829752544,368124.2108886088,368.12421088860884,rebalance,rebalance,53341.7054778584
2012-11-13,2012-11-14,LEN,sell,11476.16140703973,30.763521840145486,353047.14208650147,353.0471420865015,rebalance,rebalance,5680.664720638696
2012-11-13,2012-11-14,PHM,sell,168.74596895928698,13.833121462665547,2334.283484949007,2.334283484949007,rebalance,rebalance,-36.24314532598449
2012-11-13,2012-11-14,AN,buy,8748.309232119684,40.849998474121094,357368.41878322855,357.36841878322855,rebalance,rebalance,0.0
2012-11-13,2012-11-14,ANDV,buy,575.3425266626455,33.17430190191626,19086.586676517905,19.086586676517907,rebalance,rebalance,0.0
2012-11-13,2012-11-14,DVA,buy,6341.941942506903,56.349998474121094,357368.41878322855,357.36841878322855,rebalance,rebalance,0.0
2012-11-13,2012-11-14,FSLR,buy,14421.646847484646,24.780000686645508,357368.41878322855,357.36841878322855,rebalance,rebalance,0.0
2012-11-13,2012-11-14,LYB,buy,14893.158936643662,23.9954747212122,357368.41878322855,357.36841878322855,rebalance,rebalance,0.0
2012-11-13,2012-11-14,MPC,buy,568.0929305146965,18.275442831373333,10382.149874528679,10.382149874528679,rebalance,rebalance,0.0
2012-11-13,2012-11-14,NRG,buy,4346.459791890935,14.603898589846677,63475.258025621304,63.47525802562131,rebalance,rebalance,0.0
2012-11-13,2012-11-14,STZ,buy,584.8561874382231,28.803952806181012,16846.170021373535,16.846170021373535,rebalance,rebalance,0.0
2012-11-13,2012-11-14,TMUS,buy,22258.84459034398,16.055119902236846,357368.41878322855,357.36841878322855,rebalance,rebalance,0.0
2012-11-13,2012-11-14,URBN,buy,382.26602264897156,36.38999938964844,13910.660330879411,13.910660330879411,rebalance,rebalance,0.0
2012-11-13,2012-11-14,VLO,buy,234.45483215566856,16.562000518852468,3883.041051809651,3.883041051809651,rebalance,rebalance,0.0
2012-11-13,2012-11-14,WHR,buy,5856.36969331634,61.02217542568736,357368.41878322855,357.36841878322855,rebalance,rebalance,0.0
2012-11-13,2012-11-14,WY,buy,685.2131261976101,15.909501051635587,10901.398951835386,10.901398951835386,rebalance,rebalance,0.0
2012-11-14,2012-11-15,AN,sell,8748.309232119684,39.439998626708984,345033.30410082586,345.0333041008259,market_trend_exit,risk_exit,-13037.516405286708
2012-11-14,2012-11-15,ANDV,sell,10772.447294892007,33.1389285201328,356987.3608923241,356.98736089232415,market_trend_exit,risk_exit,-30968.348504380865
2012-11-14,2012-11-15,DVA,sell,6341.941942506903,56.06999969482422,355592.6827809549,355.59268278095493,market_trend_exit,risk_exit,-2488.697103837707
2012-11-14,2012-11-15,EXPE,sell,6810.5923532044535,50.77476807117739,345806.2471612904,345.8062471612904,market_trend_exit,risk_exit,45103.723250148665
2012-11-14,2012-11-15,FSLR,sell,14421.646847484646,23.549999237060547,339629.77225542004,339.62977225542005,market_trend_exit,risk_exit,-18435.644718847114
2012-11-14,2012-11-15,LYB,sell,14893.158936643662,23.36017774907103,347906.84000516165,347.90684000516165,market_trend_exit,risk_exit,-10166.854036855293
2012-11-14,2012-11-15,MPC,sell,19554.569598156962,17.93208768996396,350654.25677365396,350.65425677365397,market_trend_exit,risk_exit,-7102.359731299181
2012-11-14,2012-11-15,NRG,sell,24470.754612859884,14.573978696356313,356636.25641158293,356.63625641158296,market_trend_exit,risk_exit,-38362.964285357884
2012-11-14,2012-11-15,PHM,sell,25834.257275029096,12.940935175568844,334319.4487051194,334.3194487051194,market_trend_exit,risk_exit,-28574.58544995473
2012-11-14,2012-11-15,STZ,sell,12406.922799378466,28.401571468489987,352376.10459058534,352.3761045905853,market_trend_exit,risk_exit,16798.54065093693
2012-11-14,2012-11-15,TMUS,sell,22258.84459034398,16.023612204182484,356667.09382883704,356.66709382883704,market_trend_exit,risk_exit,-1415.360467003527
2012-11-14,2012-11-15,URBN,sell,9820.51181031034,36.08000183105469,354324.08409789123,354.3240840978912,market_trend_exit,risk_exit,-6968.241201193186
2012-11-14,2012-11-15,VLO,sell,21577.611857724394,16.085596357081155,347088.75469312264,347.08875469312267,market_trend_exit,risk_exit,-4158.688378208188
2012-11-14,2012-11-15,WHR,sell,5856.36969331634,59.87636626907373,350658.13676411216,350.65813676411216,market_trend_exit,risk_exit,-7418.308574663743
2012-11-14,2012-11-15,WY,sell,22462.57865808363,15.143577337170774,340163.7971009711,340.1637971009711,market_trend_exit,risk_exit,-18102.09727069336
2012-12-12,2012-12-13,ANDV,buy,12203.646360784422,36.22301744798081,442052.8950556816,442.0528950556816,rebalance,rebalance,0.0
2012-12-12,2012-12-13,DXC,buy,34418.53219441815,12.843455745256092,442052.8950556815,442.0528950556815,rebalance,rebalance,0.0
2012-12-12,2012-12-13,FSLR,buy,13643.607229542873,32.400001525878906,442052.8950556816,442.0528950556816,rebalance,rebalance,0.0
2012-12-12,2012-12-13,GILD,buy,16954.30121870951,26.073200502528813,442052.89505568164,442.05289505568163,rebalance,rebalance,0.0
2012-12-12,2012-12-13,LEN,buy,13901.191994013554,31.799639573789673,442052.8950556816,442.0528950556816,rebalance,rebalance,0.0
2012-12-12,2012-12-13,LYB,buy,16176.982070930291,27.326042219583197,442052.8950556816,442.0528950556816,rebalance,rebalance,0.0
2012-12-12,2012-12-13,MPC,buy,21211.619156046665,20.840129732843536,442052.89505568164,442.05289505568163,rebalance,rebalance,0.0
2012-12-12,2012-12-13,NRG,buy,26272.16354991904,16.825903744689644,442052.8950556816,442.0528950556816,rebalance,rebalance,0.0
2012-12-12,2012-12-13,PHM,buy,30495.05480716982,14.495887869391488,442052.8950556816,442.0528950556816,rebalance,rebalance,0.0
2012-12-12,2012-12-13,STZ,buy,14766.765212455657,29.935662191121807,442052.8950556816,442.0528950556816,rebalance,rebalance,0.0
2012-12-12,2012-12-13,THC,buy,14671.52032421213,30.1299991607666,442052.8950556816,442.0528950556816,rebalance,rebalance,0.0
2012-12-12,2012-12-13,TMUS,buy,28311.389848089235,15.613959520447782,442052.8950556816,442.0528950556816,rebalance,rebalance,0.0
2012-12-12,2012-12-13,VLO,buy,23888.2423639083,18.505040610420128,442052.8950556816,442.0528950556816,rebalance,rebalance,0.0
2012-12-12,2012-12-13,VMC,buy,9504.898242909123,46.507904004702354,442052.8950556816,442.0528950556816,rebalance,rebalance,0.0
2012-12-12,2012-12-13,WHR,buy,6990.924138939025,63.232397644465,442052.8950556816,442.0528950556816,rebalance,rebalance,0.0
2013-01-11,2013-01-14,ANDV,sell,2035.1606552620233,37.34111255386673,75995.16309334038,75.99516309334038,rebalance,rebalance,2125.788345321726
2013-01-11,2013-01-14,DXC,sell,6462.604358248031,13.582184481855315,87776.28462696692,87.77628462696693,rebalance,rebalance,4603.333095007979
2013-01-11,2013-01-14,FSLR,sell,1718.2753384425105,31.84000015258789,54709.88703819754,54.70988703819754,rebalance,rebalance,-1072.6185598454933
2013-01-11,2013-01-14,GILD,sell,2848.0761790384113,26.917376418173887,76662.73857881132,76.66273857881131,rebalance,rebalance,2253.356116425325
2013-01-11,2013-01-14,LEN,sell,13901.191994013554,34.663713543753914,481866.93719721114,481.86693719721114,rebalance,rebalance,38890.122309276674
2013-01-11,2013-01-14,LYB,sell,3827.1597631309232,30.74558967480047,117668.28369712993,117.66828369712992,rebalance,rebalance,12864.905015758763
2013-01-11,2013-01-14,MPC,sell,3193.951810561328,21.073902739548487,67309.02981057421,67.30902981057422,rebalance,rebalance,612.7883181225218
2013-01-11,2013-01-14,NRG,sell,26272.16354991904,17.58154420748927,461905.20487928984,461.90520487928984,rebalance,rebalance,18948.351723673335
2013-01-11,2013-01-14,PHM,sell,7555.290110551421,16.552156234116453,125056.34230392208,125.05634230392208,rebalance,rebalance,15301.127060079074
2013-01-11,2013-01-14,STZ,sell,14766.765212455657,29.60033721383912,437101.2298462761,437.1012298462761,rebalance,rebalance,-5830.81933430739
2013-01-11,2013-01-14,THC,sell,3556.1054843885213,34.15999984741211,121476.56280409325,121.47656280409325,rebalance,rebalance,14102.48552580529
2013-01-11,2013-01-14,TMUS,sell,3720.2855824790568,15.44064736300996,57443.61776874922,57.44361776874923,rebalance,rebalance,-760.3027268423436
2013-01-11,2013-01-14,VLO,sell,23888.2423639083,19.565050171105852,467374.6603494021,467.3746603494021,rebalance,rebalance,24412.337738315528
2013-01-11,2013-01-14,VMC,sell,9504.898242909123,49.35753837120274,469138.37973876455,469.13837973876457,rebalance,rebalance,26174.293408288588
2013-01-11,2013-01-14,WHR,sell,1215.3796099691644,65.7431636666857,79902.90061535541,79.9029006153554,rebalance,rebalance,2894.779561408536
2013-01-11,2013-01-14,ANF,buy,10376.48808996793,36.59258951006711,379702.5692322968,379.7025692322968,rebalance,rebalance,0.0
2013-01-11,2013-01-14,C,buy,12237.053632271105,31.02892090224719,379702.5692322968,379.7025692322968,rebalance,rebalance,0.0
2013-01-11,2013-01-14,ETN,buy,9413.577432307073,40.33562925070024,379702.5692322968,379.7025692322968,rebalance,rebalance,0.0
2013-01-11,2013-01-14,FOSL,buy,3776.2561681559177,100.55000305175781,379702.5692322968,379.7025692322968,rebalance,rebalance,0.0
2013-01-11,2013-01-14,R,buy,10452.304689738223,36.32716233435847,379702.5692322968,379.7025692322968,rebalance,rebalance,0.0
2013-02-11,2013-02-12,ANDV,sell,10168.485705522398,48.539908984509296,493577.370656341,493.57737065634103,rebalance,rebalance,124382.2249198728
2013-02-11,2013-02-12,ETN,sell,9413.577432307073,43.12488016431067,405959.39868570183,405.95939868570184,rebalance,rebalance,25471.167485487054
2013-02-11,2013-02-12,FOSL,sell,3776.2561681559177,111.5199966430664,421128.07519610674,421.12807519610675,rebalance,rebalance,40624.67531938158
2013-02-11,2013-02-12,GILD,sell,14106.225039671097,27.768403340885907,391707.34651889134,391.70734651889137,rebalance,rebalance,23153.410945442356
2013-02-11,2013-02-12,MPC,sell,18017.667345485337,27.707776197005902,499229.49440080917,499.2294944008092,rebalance,rebalance,122864.24941831217
2013-02-11,2013-02-12,R,sell,10452.304689738223,39.47680234456761,412623.5662819929,412.6235662819929,rebalance,rebalance,32128.670914181916
2013-02-11,2013-02-12,TMUS,sell,24591.104265610178,15.913320246557154,391326.11739513243,391.3261173951324,rebalance,rebalance,6586.320204822911
2013-02-11,2013-02-12,ANF,buy,2633.391026925059,38.19712379518188,100587.96305657763,100.58796305657764,rebalance,rebalance,0.0
2013-02-11,2013-02-12,BAC,buy,53882.65772477551,9.22263273884164,496939.963188313,496.939963188313,rebalance,rebalance,0.0
2013-02-11,2013-02-12,C,buy,3448.6542836305343,31.68106698483988,109257.04736725395,109.25704736725396,rebalance,rebalance,0.0
2013-02-11,2013-02-12,DXC,buy,5275.19127641599,14.954054406193611,78885.49735060263,78.88549735060263,rebalance,rebalance,0.0
2013-02-11,2013-02-12,F,buy,74250.08763404007,6.692786217810336,496939.96318831306,496.9399631883131,rebalance,rebalance,0.0
2013-02-11,2013-02-12,FSLR,buy,3421.7943224825194,32.380001068115234,110797.70381685463,110.79770381685464,rebalance,rebalance,0.0
2013-02-11,2013-02-12,GNW,buy,55215.55146536811,9.0,496939.963188313,496.939963188313,rebalance,rebalance,0.0
2013-02-11,2013-02-12,HIG,buy,27008.094865255738,18.399667420733028,496939.963188313,496.939963188313,rebalance,rebalance,0.0
2013-02-11,2013-02-12,LYB,buy,3855.807017339863,30.664650734509106,118236.97548639619,118.23697548639619,rebalance,rebalance,0.0
2013-02-11,2013-02-12,MS,buy,29718.4828143982,16.72157916983408,496939.963188313,496.939963188313,rebalance,rebalance,0.0
2013-02-11,2013-02-12,PHM,buy,7331.540645887686,16.41620529956217,120356.07640497688,120.35607640497687,rebalance,rebalance,0.0
2013-02-11,2013-02-12,THC,buy,1478.0969371155043,39.459999084472656,58325.70378533963,58.325703785339634,rebalance,rebalance,0.0
2013-02-11,2013-02-12,URBN,buy,11643.39174402605,42.68000030517578,496939.963188313,496.939963188313,rebalance,rebalance,0.0
2013-02-11,2013-02-12,VMC,buy,9885.174211925158,50.271239791486984,496939.96318831295,496.93996318831296,rebalance,rebalance,0.0
2013-02-11,2013-02-12,WHR,buy,1661.439469691948,66.8200931019525,111017.54004807454,111.01754004807455,rebalance,rebalance,0.0
2013-03-12,2013-03-13,ANF,sell,3681.060784359561,37.04885600587841,136379.09094862323,136.37909094862323,rebalance,rebalance,211.73061256119746
2013-03-12,2013-03-13,BAC,sell,16969.581644777623,9.363133171508082,158888.45280483205,158.88845280483204,rebalance,rebalance,2068.8408912133964
2013-03-12,2013-03-13,C,sell,15685.70791590164,34.34802965376095,538773.1606356225,538.7731606356225,rebalance,rebalance,48785.811258836504
2013-03-12,2013-03-13,DXC,sell,12010.279129331593,16.28691641705805,195610.41232496037,195.61041232496038,rebalance,rebalance,36979.09129394751
2013-03-12,2013-03-13,F,sell,74250.08763404007,6.820312629375964,506408.8104227156,506.40881042271565,rebalance,rebalance,8465.498460791614
2013-03-12,2013-03-13,FSLR,sell,2654.432386286375,27.229999542236328,72280.19266347527,72.28019266347528,rebalance,rebalance,-13869.855759091479
2013-03-12,2013-03-13,GNW,sell,22173.290868181917,10.460000038146973,231932.62332702678,231.9326233270268,rebalance,rebalance,31941.51327224889
2013-03-12,2013-03-13,HIG,sell,27008.094865255738,19.530509597291545,527481.8559704376,527.4818559704377,rebalance,rebalance,29517.470962966006
2013-03-12,2013-03-13,LYB,sell,16205.62932513923,32.636601017015316,528896.6585142122,528.8966585142123,rebalance,rebalance,72203.31184075227
2013-03-12,2013-03-13,MS,sell,8512.285594692312,16.298162444035935,138734.61339232232,138.73461339232233,rebalance,rebalance,-3885.3175664435266
2013-03-12,2013-03-13,PHM,sell,30271.305342506086,16.77308298021864,507743.1164293904,507.7431164293904,rebalance,rebalance,53894.15178238098
2013-03-12,2013-03-13,THC,sell,4668.218443533596,43.61000061035156,203581.00917175453,203.58100917175454,rebalance,rebalance,57466.26817535132
2013-03-12,2013-03-13,URBN,sell,11643.39174402605,41.70000076293945,485529.44460908923,485.52944460908924,rebalance,rebalance,-12392.987987021084
2013-03-12,2013-03-13,VMC,sell,2849.2782544566817,49.1226773670748,139964.17642269764,139.96417642269765,rebalance,rebalance,-3555.774866548834
2013-03-12,2013-03-13,WHR,sell,7436.983998661809,74.69156793006248,555479.9955308362,555.4799955308362,rebalance,rebalance,78229.22814977705
2013-03-12,2013-03-13,HP,buy,9838.09934003301,35.130977555860916,345622.04710702976,345.62204710702974,rebalance,rebalance,0.0
2013-03-12,2013-03-13,HRB,buy,20504.042411130657,16.856288149277734,345622.04710702976,345.62204710702974,rebalance,rebalance,0.0
2013-03-12,2013-03-13,LOW,buy,11243.611576300775,30.739415423735387,345622.04710702976,345.62204710702974,rebalance,rebalance,0.0
2013-03-12,2013-03-13,MPC,buy,11474.263116806325,30.121502669813978,345622.04710702976,345.62204710702974,rebalance,rebalance,0.0
2013-03-12,2013-03-13,R,buy,8515.589538745602,40.586978216183724,345622.04710702976,345.62204710702974,rebalance,rebalance,0.0
2013-03-12,2013-03-13,TSN,buy,19411.96736755016,17.804586241206323,345622.0471070297,345.6220471070297,rebalance,rebalance,0.0
2013-03-12,2013-03-13,VLO,buy,14030.515746685822,24.633595325151884,345622.04710702976,345.62204710702974,rebalance,rebalance,0.0
2013-04-10,2013-04-11,BAC,sell,36913.07607999789,9.57309698210479,353372.4572216323,353.3724572216323,rebalance,rebalance,12242.905073723243
2013-04-10,2013-04-11,FSLR,sell,12692.693827296507,36.369998931884766,461633.26094151434,461.6332609415143,rebalance,rebalance,49573.74215007228
2013-04-10,2013-04-11,HP,sell,9838.09934003301,34.88884063556366,343239.8800312557,343.2398800312557,rebalance,rebalance,-3071.0290029123234
2013-04-10,2013-04-11,LOW,sell,11243.611576300775,30.70021241429062,345181.26369621075,345.18126369621075,rebalance,rebalance,-1131.5867216222307
2013-04-10,2013-04-11,MS,sell,21206.19721970589,15.989562443240649,339077.8146281636,339.0778146281636,rebalance,rebalance,-16216.96999259237
2013-04-10,2013-04-11,VLO,sell,14030.515746685822,24.316474565001325,341172.67928813637,341.17267928813635,rebalance,rebalance,-5136.162545288514
2013-04-10,2013-04-11,VMC,sell,7035.895957468476,45.10527165342552,317355.998486854,317.35599848685405,rebalance,rebalance,-37018.27355031031
2013-04-10,2013-04-11,ANF,buy,2573.013250542337,37.430724118109396,96309.74913329011,96.30974913329011,rebalance,rebalance,0.0
2013-04-10,2013-04-11,AVY,buy,13551.60110207922,32.87391439067359,445494.17448631016,445.49417448631016,rebalance,rebalance,0.0
2013-04-10,2013-04-11,DXC,buy,6873.652546654881,15.856993110376957,108995.46107543146,108.99546107543146,rebalance,rebalance,0.0
2013-04-10,2013-04-11,GNW,buy,11686.070003221415,9.960000038146973,116393.2576778735,116.39325767787349,rebalance,rebalance,0.0
2013-04-10,2013-04-11,HPQ,buy,71206.28652925363,6.256388251664944,445494.17448631016,445.49417448631016,rebalance,rebalance,0.0
2013-04-10,2013-04-11,HRB,buy,4591.34745936031,17.752032416525854,81505.74893409784,81.50574893409784,rebalance,rebalance,0.0
2013-04-10,2013-04-11,KMX,buy,10189.710934302337,43.720001220703125,445494.17448631016,445.49417448631016,rebalance,rebalance,0.0
2013-04-10,2013-04-11,MPC,buy,4057.7645931273237,28.682293310704715,116385.99424587027,116.38599424587028,rebalance,rebalance,0.0
2013-04-10,2013-04-11,MU,buy,46100.18413378815,9.66360943794571,445494.17448631016,445.49417448631016,rebalance,rebalance,0.0
2013-04-10,2013-04-11,R,buy,2002.9747061920334,42.3531352865689,84832.25870692679,84.8322587069268,rebalance,rebalance,0.0
2013-04-10,2013-04-11,STT,buy,10466.403506352523,42.56420786910423,445494.17448631016,445.49417448631016,rebalance,rebalance,0.0
2013-04-10,2013-04-11,THC,buy,2996.358161746225,40.790000915527344,122221.45216087635,122.22145216087635,rebalance,rebalance,0.0
2013-04-10,2013-04-11,TRIP,buy,9983.320462047615,44.62384796520272,445494.17448631016,445.49417448631016,rebalance,rebalance,0.0
2013-04-10,2013-04-11,TSN,buy,6068.745180953891,17.4835838534062,106103.41525616212,106.10341525616212,rebalance,rebalance,0.0
2013-04-10,2013-04-11,WHR,buy,6007.447101724134,74.15698664386967,445494.17448631016,445.49417448631016,rebalance,rebalance,0.0
2013-05-08,2013-05-09,ANF,sell,11901.831583075766,40.088519022893266,477126.8018254047,477.1268018254047,rebalance,rebalance,35503.77456510606
2013-05-08,2013-05-09,AVY,sell,13551.60110207922,33.117936039653685,448801.05853355996,448.80105853355997,rebalance,rebalance,2412.5888142300137
2013-05-08,2013-05-09,DXC,sell,9095.772449740038,15.830882385040427,143994.1038529256,143.9941038529256,rebalance,rebalance,17894.970990718844
2013-05-08,2013-05-09,GNW,sell,16724.000110170226,10.739999771118164,179615.75735540836,179.61575735540836,rebalance,rebalance,24570.76567552134
2013-05-08,2013-05-09,HPQ,sell,23247.02524010274,6.271291403804521,145788.86955228305,145.78886955228305,rebalance,rebalance,55.222668795230845
2013-05-08,2013-05-09,HRB,sell,7474.791318469721,17.06902873744696,127587.42782137872,127.58742782137872,rebalance,rebalance,110.40094033686566
2013-05-08,2013-05-09,KMX,sell,10189.710934302337,47.040000915527344,479324.0116785409,479.3240116785409,rebalance,rebalance,32905.01900606596
2013-05-08,2013-05-09,MPC,sell,4262.502230415535,26.688479794654825,113759.70465111615,113.75970465111615,rebalance,rebalance,-13271.135930401828
2013-05-08,2013-05-09,MU,sell,15920.627364517131,9.965901930067739,158663.41097993054,158.66341097993055,rebalance,rebalance,4500.17198632838
2013-05-08,2013-05-09,R,sell,10518.564244937636,41.9805776770292,441575.4033354264,441.5754033354264,rebalance,rebalance,10249.06781232059
2013-05-08,2013-05-09,STT,sell,10466.403506352523,42.78388815958256,447793.43704884907,447.79343704884906,rebalance,rebalance,1405.9749510038323
2013-05-08,2013-05-09,THC,sell,4668.7094453243135,48.099998474121094,224564.91719621423,224.56491719621422,rebalance,rebalance,66150.2253123147
2013-05-08,2013-05-09,TRIP,sell,9983.320462047615,46.758109286124046,466801.1892028208,466.8011892028208,rebalance,rebalance,20394.719352821554
2013-05-08,2013-05-09,TSN,sell,25480.712548504052,18.722814527362722,477070.65507068526,477.0706550706853,rebalance,rebalance,24416.39659005963
2013-05-08,2013-05-09,WHR,sell,6007.447101724134,77.89942085253642,467976.6500265585,467.9766500265585,rebalance,rebalance,21569.004715735537
2013-05-08,2013-05-09,ANDV,buy,5893.743668024811,51.031486945590856,300766.5030554669,300.76650305546696,rebalance,rebalance,0.0
2013-05-08,2013-05-09,BBY,buy,18849.708069181364,15.956029767230719,300766.5030554669,300.76650305546696,rebalance,rebalance,0.0
2013-05-08,2013-05-09,BSX,buy,38216.837030373164,7.869999885559082,300766.5030554669,300.76650305546696,rebalance,rebalance,0.0
2013-05-08,2013-05-09,FSLR,buy,6680.730786256577,45.02000045776367,300766.5030554669,300.76650305546696,rebalance,rebalance,0.0
2013-05-08,2013-05-09,GILD,buy,8334.582358948634,36.08657160038036,300766.5030554669,300.76650305546696,rebalance,rebalance,0.0
2013-05-08,2013-05-09,LUV,buy,24388.51104188576,12.332302801877452,300766.5030554669,300.76650305546696,rebalance,rebalance,0.0
2013-05-08,2013-05-09,VLO,buy,12672.474693910799,23.733841283580315,300766.5030554669,300.76650305546696,rebalance,rebalance,0.0
2013-05-08,2013-05-09,WDC,buy,8430.379654432198,35.67650751023314,300766.5030554669,300.76650305546696,rebalance,rebalance,0.0
2013-06-06,2013-06-07,ANDV,sell,5893.743668024811,52.96560164774398,312165.6793345156,312.1656793345156,rebalance,rebalance,10786.244096658736
2013-06-06,2013-06-07,BSX,sell,38216.837030373164,9.25,353505.74253095174,353.50574253095175,rebalance,rebalance,52084.96722989851
2013-06-06,2013-06-07,DXC,sell,18998.720080169358,14.90714126287463,283216.60404889745,283.21660404889747,rebalance,rebalance,19845.62473402488
2013-06-06,2013-06-07,GILD,sell,8334.582358948634,35.60615589322872,296762.438777679,296.762438777679,rebalance,rebalance,-4601.593219621047
2013-06-06,2013-06-07,MPC,sell,11269.525479518114,28.31175457108646,319060.0395087223,319.0600395087223,rebalance,rebalance,-16811.989048172523
2013-06-06,2013-06-07,VLO,sell,12672.474693910799,24.553086716905266,311148.3700773794,311.1483700773794,rebalance,rebalance,9769.952148779641
2013-06-06,2013-06-07,BBY,buy,5230.271504326985,17.415078695802638,91085.5898482685,91.0855898482685,rebalance,rebalance,0.0
2013-06-06,2013-06-07,BLK,buy,2117.446994270385,198.0473373835109,419354.739265968,419.35473926596796,rebalance,rebalance,0.0
2013-06-06,2013-06-07,FSLR,buy,1111.070433435675,53.81999969482422,59797.81038843625,59.797810388436254,rebalance,rebalance,0.0
2013-06-06,2013-06-07,GME,buy,66146.26649198678,6.339809659805519,419354.7392659679,419.3547392659679,rebalance,rebalance,0.0
2013-06-06,2013-06-07,GNW,buy,11261.093412675687,10.680000305175781,120268.48108398932,120.26848108398931,rebalance,rebalance,0.0
2013-06-06,2013-06-07,HPQ,buy,9867.417706683482,7.251925003270148,71557.77318480852,71.55777318480853,rebalance,rebalance,0.0
2013-06-06,2013-06-07,HRB,buy,5584.056827232143,18.072008931487986,100915.12485567576,100.91512485567577,rebalance,rebalance,0.0
2013-06-06,2013-06-07,LUV,buy,11308.665441984675,11.747560467575104,132849.2310872919,132.8492310872919,rebalance,rebalance,0.0
2013-06-06,2013-06-07,MU,buy,4059.8503142255577,12.247721995983316,49723.91799394014,49.72391799394014,rebalance,rebalance,0.0
2013-06-06,2013-06-07,OI,buy,15673.086597394104,26.75635948669436,419354.739265968,419.35473926596796,rebalance,rebalance,0.0
2013-06-06,2013-06-07,REGN,buy,1679.4098867266805,249.70362660144139,419354.739265968,419.35473926596796,rebalance,rebalance,0.0
2013-06-06,2013-06-07,STX,buy,16606.25570062145,25.252817180833524,419354.739265968,419.35473926596796,rebalance,rebalance,0.0
2013-06-06,2013-06-07,THC,buy,2835.804044955805,46.13999938964844,130843.99690342341,130.8439969034234,rebalance,rebalance,0.0
2013-06-06,2013-06-07,TRIP,buy,7530.64432843609,55.68643544649473,419354.739265968,419.35473926596796,rebalance,rebalance,0.0
2013-06-06,2013-06-07,WDC,buy,2210.37531673006,39.41024301400327,87111.42838448612,87.11142838448612,rebalance,rebalance,0.0
2013-07-05,2013-07-08,BBY,sell,2296.712585986872,18.857415415200613,43310.0633232741,43.3100633232741,rebalance,rebalance,5855.110010800417
2013-07-05,2013-07-08,BLK,sell,2117.446994270385,188.60896946189789,399369.4954795305,399.3694954795305,rebalance,rebalance,-20803.96802118293
2013-07-05,2013-07-08,GME,sell,12603.214201278264,7.671884532350452,96690.40408868628,96.69040408868628,rebalance,rebalance,16611.832567597692
2013-07-05,2013-07-08,GNW,sell,39265.42390291307,12.430000305175781,488069.2310960659,488.0692310960659,rebalance,rebalance,107870.4115668265
2013-07-05,2013-07-08,HPQ,sell,4536.623247906522,7.7083070925458905,34969.68515804642,34.969685158046424,rebalance,rebalance,5752.021185551657
2013-07-05,2013-07-08,LUV,sell,35697.17648387043,11.06766431935351,395084.366472198,395.084366472198,rebalance,rebalance,-39360.06777117585
2013-07-05,2013-07-08,MU,sell,4904.476076968291,14.002968494880822,68677.22398968367,68.67722398968367,rebalance,rebalance,19661.953970929426
2013-07-05,2013-07-08,OI,sell,15673.086597394104,27.922661508936137,437634.2918592792,437.63429185927924,rebalance,rebalance,17422.56356218605
2013-07-05,2013-07-08,REGN,sell,1679.4098867266805,232.6148942980991,390655.75328410935,390.6557532841094,rebalance,rebalance,-29508.996474408665
2013-07-05,2013-07-08,STX,sell,909.0357715383707,26.168717552517137,23788.30035052212,23.78830035052212,rebalance,rebalance,785.8421865256764
2013-07-05,2013-07-08,THC,sell,9088.746094783233,43.5,395360.4551230706,395.3604551230706,rebalance,rebalance,52121.49038413992
2013-07-05,2013-07-08,TRIP,sell,80.28652448697721,55.13508552115221,4426.60439378557,4.426604393785571,rebalance,rebalance,-53.16344403875739
2013-07-05,2013-07-08,WDC,sell,347.81313864304866,39.90852385720519,13880.708941385523,13.880708941385523,rebalance,rebalance,1175.6282046986098
2013-07-05,2013-07-08,AIZ,buy,10318.238346881617,39.81068287767001,410776.11468391813,410.77611468391814,rebalance,rebalance,0.0
2013-07-05,2013-07-08,BIIB,buy,1838.911745477916,223.3800048828125,410776.11468391813,410.77611468391814,rebalance,rebalance,0.0
2013-07-05,2013-07-08,BMY,buy,14310.537431540833,28.704450594465854,410776.11468391813,410.77611468391814,rebalance,rebalance,0.0
2013-07-05,2013-07-08,BSX,buy,44698.16468335304,9.1899995803833,410776.11468391813,410.77611468391814,rebalance,rebalance,0.0
2013-07-05,2013-07-08,FSLR,buy,985.4663311718905,46.79999923706055,46119.82354699333,46.11982354699333,rebalance,rebalance,0.0
2013-07-05,2013-07-08,HRB,buy,155.03315234993352,17.584828416191385,2726.231382894839,2.7262313828948392,rebalance,rebalance,0.0
2013-07-05,2013-07-08,SLM,buy,58425.64646783211,7.030750013353853,410776.11468391813,410.77611468391814,rebalance,rebalance,0.0
2013-07-05,2013-07-08,STZ,buy,9670.641438142262,42.476615156442875,410776.11468391813,410.77611468391814,rebalance,rebalance,0.0
2013-08-02,2013-08-05,AIZ,sell,10318.238346881617,42.48078281024981,438326.84219826903,438.32684219826905,rebalance,rebalance,26701.624557468804
2013-08-02,2013-08-05,BMY,sell,14310.537431540833,28.476421327178073,407512.8933189095,407.5128933189095,rebalance,rebalance,-4081.510373011419
2013-08-02,2013-08-05,BSX,sell,44698.16468335304,11.15999984741211,498831.51104582124,498.83151104582123,rebalance,rebalance,87145.78873617346
2013-08-02,2013-08-05,HRB,sell,23359.688531603322,19.68534166351975,459843.44989801536,459.84344989801536,rebalance,rebalance,55433.12446935992
2013-08-02,2013-08-05,TRIP,sell,7450.357803949113,67.54937307183837,503266.9988176411,503.26699881764114,rebalance,rebalance,87464.97904702011
2013-08-02,2013-08-05,APTV,buy,13523.728149599527,43.03557281876368,582001.3875632547,582.0013875632548,rebalance,rebalance,0.0
2013-08-02,2013-08-05,BA,buy,6408.041343324403,90.8236005951423,582001.3875632547,582.0013875632548,rebalance,rebalance,0.0
2013-08-02,2013-08-05,BBY,buy,7843.086610359009,19.644718869651644,154075.23153083178,154.0752315308318,rebalance,rebalance,0.0
2013-08-02,2013-08-05,BIIB,buy,713.725919273201,228.0,162729.50959428985,162.72950959428985,rebalance,rebalance,0.0
2013-08-02,2013-08-05,EQT,buy,13559.545238816128,42.92189577989628,582001.3875632547,582.0013875632548,rebalance,rebalance,0.0
2013-08-02,2013-08-05,FSLR,buy,3485.72020283066,47.459999084472656,165432.27763507096,165.43227763507096,rebalance,rebalance,0.0
2013-08-02,2013-08-05,GME,buy,11403.646901730259,8.961215809271065,102190.5408991302,102.1905408991302,rebalance,rebalance,0.0
2013-08-02,2013-08-05,HPQ,buy,19277.606312363714,8.020120409552524,154608.72383310678,154.60872383310678,rebalance,rebalance,0.0
2013-08-02,2013-08-05,MU,buy,14842.754031387238,13.174103329854239,195539.97530910603,195.53997530910604,rebalance,rebalance,0.0
2013-08-02,2013-08-05,REGN,buy,2149.6287718201197,270.74506779627177,582001.3875632547,582.0013875632548,rebalance,rebalance,0.0
2013-08-02,2013-08-05,SLM,buy,18093.134564473243,7.605993975747475,137616.2724997719,137.6162724997719,rebalance,rebalance,0.0
2013-08-02,2013-08-05,STX,buy,9262.075532950867,23.318021474145695,215973.27617250773,215.97327617250772,rebalance,rebalance,0.0
2013-08-02,2013-08-05,STZ,buy,3354.9614896396924,44.68133957330449,149904.17357395057,149.90417357395057,rebalance,rebalance,0.0
2013-08-02,2013-08-05,VFC,buy,17436.051043388303,33.37919728010591,582001.3875632547,582.0013875632548,rebalance,rebalance,0.0
2013-08-02,2013-08-05,WDC,buy,4169.568966463818,40.24207107967586,167792.09072004756,167.79209072004755,rebalance,rebalance,0.0
2013-08-30,2013-09-03,APTV,sell,13523.728149599527,43.16475593324315,583748.4248849936,583.7484248849936,rebalance,rebalance,581.2875092907187
2013-08-30,2013-09-03,BA,sell,6408.041343324403,89.52534073936494,573682.084733055,573.682084733055,rebalance,rebalance,-9474.986302495927
2013-08-30,2013-09-03,BBY,sell,12445.250400082823,22.951376488203202,285635.6274222624,285.6356274222624,rebalance,rebalance,71506.62541352224
2013-08-30,2013-09-03,BIIB,sell,2552.637664751117,216.0,551369.7355862412,551.3697355862413,rebalance,rebalance,-23260.764051831065
2013-08-30,2013-09-03,EQT,sell,13559.545238816128,43.0212645885402,583348.7834193892,583.3487834193892,rebalance,rebalance,182.04568515187634
2013-08-30,2013-09-03,FSLR,sell,1648.4533854893652,37.150001525878906,61240.045786270166,61.240045786270166,rebalance,rebalance,-15804.90873320609
2013-08-30,2013-09-03,GME,sell,21573.01338659721,9.091456274675595,196130.1079172398,196.1301079172398,rebalance,rebalance,49088.87958888779
2013-08-30,2013-09-03,HPQ,sell,72567.66206029156,6.742894839930905,489316.1140521897,489.3161140521897,rebalance,rebalance,-8734.98193631986
2013-08-30,2013-09-03,MU,sell,14831.962071812588,13.437391487366463,199302.88088471672,199.30288088471673,rebalance,rebalance,35098.18202867555
2013-08-30,2013-09-03,REGN,sell,531.4690893729012,243.69039239623277,129513.91093575078,129.5139109357508,rebalance,rebalance,-14652.1302437078
2013-08-30,2013-09-03,SLM,sell,76518.78103230536,7.414247588893866,567329.1877738676,567.3291877738676,rebalance,rebalance,17821.079015220053
2013-08-30,2013-09-03,STX,sell,24959.295462033944,22.261510856399163,555631.626896143,555.631626896143,rebalance,rebalance,-57908.67832102136
2013-08-30,2013-09-03,STZ,sell,13025.602927781954,46.27411347358736,602748.227942074,602.748227942074,rebalance,rebalance,40904.51116800533
2013-08-30,2013-09-03,VFC,sell,17436.051043388303,31.334487377097545,546349.7213254792,546.3497213254792,rebalance,rebalance,-36780.01734666417
2013-08-30,2013-09-03,WDC,sell,14462.510798983027,38.716398160013256,559936.3264869183,559.9363264869182,rebalance,rebalance,15841.898006016278
2013-08-30,2013-09-03,BSX,buy,36613.737345857684,10.770000457763672,394329.9679753261,394.3299679753261,rebalance,rebalance,0.0
2013-08-30,2013-09-03,GNW,buy,32806.15249233455,12.020000457763672,394329.9679753261,394.3299679753261,rebalance,rebalance,0.0
2013-08-30,2013-09-03,GT,buy,21755.799959350585,18.125280095979377,394329.9679753261,394.3299679753261,rebalance,rebalance,0.0
2013-08-30,2013-09-03,LMT,buy,4565.515527486651,86.37140003166468,394329.9679753261,394.3299679753261,rebalance,rebalance,0.0
2013-08-30,2013-09-03,LNC,buy,14286.684802123318,27.601222637509295,394329.9679753261,394.3299679753261,rebalance,rebalance,0.0
2013-08-30,2013-09-03,MET,buy,14402.902301050293,27.378507451694,394329.9679753261,394.3299679753261,rebalance,rebalance,0.0
2013-08-30,2013-09-03,NOC,buy,5251.596532207447,75.08763583739632,394329.9679753261,394.3299679753261,rebalance,rebalance,0.0
2013-08-30,2013-09-03,PFG,buy,15115.72372609842,26.087402437402723,394329.9679753261,394.3299679753261,rebalance,rebalance,0.0
2013-08-30,2013-09-03,PRU,buy,8958.707106044345,44.01639246686342,394329.9679753261,394.3299679753261,rebalance,rebalance,0.0
2013-08-30,2013-09-03,TRIP,buy,5920.270946699804,66.6067434287178,394329.9679753261,394.3299679753261,rebalance,rebalance,0.0
2013-09-30,2013-10-01,GNW,sell,32806.15249233455,12.800000190734863,419918.7581591592,419.9187581591592,rebalance,rebalance,24774.54145769872
2013-09-30,2013-10-01,MET,sell,14402.902301050293,27.442806495538008,395256.0608218623,395.2560608218623,rebalance,rebalance,136.50681773908434
2013-09-30,2013-10-01,PFG,sell,15115.72372609842,27.20761463377875,411262.78605035204,411.262786050352,rebalance,rebalance,16127.225321000278
2013-09-30,2013-10-01,PRU,sell,8958.707106044345,45.13387798058587,404341.19338801305,404.34119338801304,rebalance,rebalance,9212.554251323634
2013-09-30,2013-10-01,AKAM,buy,11404.428092893022,51.7400016784668,590065.1286682389,590.0651286682389,rebalance,rebalance,0.0
2013-09-30,2013-10-01,BBY,buy,7648.522373741336,23.764560080382445,181763.76947692534,181.76376947692535,rebalance,rebalance,0.0
2013-09-30,2013-10-01,BKNG,buy,14945.125757319542,39.482111977495265,590065.1286682389,590.0651286682389,rebalance,rebalance,0.0
2013-09-30,2013-10-01,BSX,buy,13476.682182480508,11.779999732971191,158755.312510958,158.755312510958,rebalance,rebalance,0.0
2013-09-30,2013-10-01,DAL,buy,28980.090896326245,20.3610516881795,590065.1286682389,590.0651286682389,rebalance,rebalance,0.0
2013-09-30,2013-10-01,FSLR,buy,4023.647436948502,40.310001373291016,162193.233709033,162.193233709033,rebalance,rebalance,0.0
2013-09-30,2013-10-01,GME,buy,23073.9488274819,8.880152497893754,204900.18431663606,204.90018431663606,rebalance,rebalance,0.0
2013-09-30,2013-10-01,GT,buy,7688.2203428337525,20.04023644231981,154073.75349104145,154.07375349104146,rebalance,rebalance,0.0
2013-09-30,2013-10-01,LMT,buy,2029.8732211258457,89.46631520278068,181605.27742292863,181.60527742292862,rebalance,rebalance,0.0
2013-09-30,2013-10-01,LNC,buy,7473.565004608847,27.116652332074107,202658.0639111339,202.65806391113392,rebalance,rebalance,0.0
2013-09-30,2013-10-01,MU,buy,5153.134043506783,17.10390371784999,88138.70852531503,88.13870852531502,rebalance,rebalance,0.0
2013-09-30,2013-10-01,NOC,buy,2461.465668473287,76.50205758954742,188307.18832423724,188.30718832423725,rebalance,rebalance,0.0
2013-09-30,2013-10-01,REGN,buy,263.3029650437518,313.62043219679214,82577.18969571829,82.57718969571829,rebalance,rebalance,0.0
2013-09-30,2013-10-01,TRIP,buy,2840.419270892071,67.35372602073757,191312.82135568772,191.31282135568773,rebalance,rebalance,0.0
2013-09-30,2013-10-01,VRTX,buy,7761.972569385232,76.0199966430664,590065.1286682389,590.0651286682389,rebalance,rebalance,0.0
2013-10-28,2013-10-29,AKAM,sell,11404.428092893022,46.08000183105469,525516.067402642,525.516067402642,rebalance,rebalance,-65664.6424616677
2013-10-28,2013-10-29,BBY,sell,7369.511414669345,26.99137852639667,198913.2721479413,198.91327214794129,rebalance,rebalance,57090.640903861444
2013-10-28,2013-10-29,BKNG,sell,3651.9527625388637,41.730747464859725,152398.71848710615,152.39871848710615,rebalance,rebalance,7915.325053629389
2013-10-28,2013-10-29,BSX,sell,9568.274585537278,11.630000114440918,111279.03452480066,111.27903452480066,rebalance,rebalance,5411.72560221221
2013-10-28,2013-10-29,DAL,sell,8171.729067983571,22.648229313287636,185075.19381775017,185.07519381775018,rebalance,rebalance,18338.735690985046
2013-10-28,2013-10-29,FSLR,sell,14638.18180515394,51.7400016784668,757379.5511683669,757.3795511683669,rebalance,rebalance,98561.92810755299
2013-10-28,2013-10-29,GME,sell,18510.339866914386,9.83102097476721,181975.53948170503,181.97553948170503,rebalance,rebalance,42412.30880253221
2013-10-28,2013-10-29,GT,sell,4343.588587028189,18.77547588305432,81552.94276165776,81.55294276165776,rebalance,rebalance,489.84717222654785
2013-10-28,2013-10-29,LMT,sell,1550.1060510620619,93.40855182425682,144793.1614037247,144.7931614037247,rebalance,rebalance,9151.659301750653
2013-10-28,2013-10-29,LNC,sell,21760.249806732165,28.79398427827245,626564.290826327,626.564290826327,rebalance,rebalance,28352.706617154203
2013-10-28,2013-10-29,MU,sell,6103.5320070394555,16.596835932658205,101299.31933056189,101.2993193305619,rebalance,rebalance,28179.824382309518
2013-10-28,2013-10-29,NOC,sell,7713.062200680734,86.70878253684269,668790.2330519671,668.7902330519671,rebalance,rebalance,84901.64936305207
2013-10-28,2013-10-29,REGN,sell,303.35736402042085,298.6318816991407,90592.18044470948,90.59218044470948,rebalance,rebalance,6464.911180549426
2013-10-28,2013-10-29,TRIP,sell,1953.3543604106671,69.23010120398428,135230.92005847447,135.23092005847448,rebalance,rebalance,4385.45562513114
2013-10-28,2013-10-29,VRTX,sell,7761.972569385232,76.08000183105469,590530.8872914248,590.5308872914248,rebalance,rebalance,-714.8373927737305
2013-10-28,2013-10-29,EOG,buy,7261.730031526398,64.89810944171188,471272.55032216606,471.27255032216607,rebalance,rebalance,0.0
2013-10-28,2013-10-29,GHC,buy,1359.5797060307527,346.6310568124251,471272.550322166,471.272550322166,rebalance,rebalance,0.0
2013-10-28,2013-10-29,GRMN,buy,14305.614055545857,32.94318919078261,471272.55032216606,471.27255032216607,rebalance,rebalance,0.0
2013-10-28,2013-10-29,PBI,buy,42499.66341369608,11.088853710081201,471272.55032216606,471.27255032216607,rebalance,rebalance,0.0
2013-10-28,2013-10-29,PRU,buy,10010.171918029504,47.07936628674163,471272.55032216606,471.27255032216607,rebalance,rebalance,0.0
2013-11-25,2013-11-26,BSX,sell,40522.144942800915,11.869999885559082,480997.8558336554,480.9978558336554,rebalance,rebalance,32634.522099114944
2013-11-25,2013-11-26,LMT,sell,5045.282697550435,99.08029044603107,499888.0750556322,499.8880750556322,rebalance,rebalance,58373.71527749403
2013-11-25,2013-11-26,PBI,sell,42499.66341369608,13.496444769744828,573594.359995694,573.594359995694,rebalance,rebalance,101276.94276321023
2013-11-25,2013-11-26,PRU,sell,10010.171918029504,52.017097388482675,520700.0875355951,520.7000875355951,rebalance,rebalance,48435.564575571356
2013-11-25,2013-11-26,REGN,sell,1578.1052834705495,293.08423991480583,462517.7875115052,462.5177875115052,rebalance,rebalance,24885.318239999866
2013-11-25,2013-11-26,TRIP,sell,6807.335857181208,76.90455245323754,523515.11749539693,523.5151174953969,rebalance,rebalance,67473.40377084164
2013-11-25,2013-11-26,AMZN,buy,32465.03634994313,18.88050079345703,612956.1445647127,612.9561445647126,rebalance,rebalance,0.0
2013-11-25,2013-11-26,BBY,buy,6807.924293600696,25.25775397198749,171952.8768676831,171.9528768676831,rebalance,rebalance,0.0
2013-11-25,2013-11-26,BKNG,buy,2163.4801851251577,45.55041557287143,98547.42151612375,98.54742151612375,rebalance,rebalance,0.0
2013-11-25,2013-11-26,CMG,buy,57591.339929188405,10.643199920654297,612956.1445647127,612.9561445647126,rebalance,rebalance,0.0
2013-11-25,2013-11-26,CTSH,buy,15203.287762781005,40.317341494073645,612956.1445647127,612.9561445647126,rebalance,rebalance,0.0
2013-11-25,2013-11-26,DAL,buy,3566.8604273933124,25.14668945923033,89694.7315120772,89.6947315120772,rebalance,rebalance,0.0
2013-11-25,2013-11-26,EOG,buy,2937.189891166383,60.1001036591016,176525.41692556496,176.52541692556497,rebalance,rebalance,0.0
2013-11-25,2013-11-26,FDX,buy,6596.881758299291,92.91604230947074,612956.1445647127,612.9561445647126,rebalance,rebalance,0.0
2013-11-25,2013-11-26,GHC,buy,419.54615796721805,344.5265773312437,144544.80183691892,144.54480183691894,rebalance,rebalance,0.0
2013-11-25,2013-11-26,GME,buy,21962.031477007265,8.769128080436191,192587.86692844794,192.58786692844794,rebalance,rebalance,0.0
2013-11-25,2013-11-26,GRMN,buy,4366.90842626626,32.8266384556109,143350.92407780327,143.35092407780328,rebalance,rebalance,0.0
2013-11-25,2013-11-26,GT,buy,6020.767445919086,19.69577526213598,118583.68252040677,118.58368252040677,rebalance,rebalance,0.0
2013-11-25,2013-11-26,MCK,buy,4074.910778522194,150.4219792480971,612956.1445647127,612.9561445647126,rebalance,rebalance,0.0
2013-11-25,2013-11-26,MU,buy,3144.2820233850907,19.434488960508723,61107.514272203574,61.107514272203574,rebalance,rebalance,0.0
2013-11-25,2013-11-26,NFLX,buy,122416.3444182197,5.007143020629883,612956.1445647127,612.9561445647126,rebalance,rebalance,0.0
2013-12-24,2013-12-26,AMZN,sell,32465.03634994313,20.089500427246094,652206.3616227425,652.2063616227425,rebalance,rebalance,37985.054551842484
2013-12-24,2013-12-26,EOG,sell,10198.919922692781,59.78418743920128,609734.1403356695,609.7341403356695,rebalance,rebalance,-39321.359019644784
2013-12-24,2013-12-26,FDX,sell,6596.881758299291,96.6402815686405,637524.5105970717,637.5245105970718,rebalance,rebalance,23317.885377197403
2013-12-24,2013-12-26,GHC,sell,1779.1258639979708,345.6369509702285,614931.639024532,614.931639024532,rebalance,rebalance,-2116.4621257365116
2013-12-24,2013-12-26,GME,sell,69899.32624341635,9.197597207129709,642905.8478366946,642.9058478366945,rebalance,rebalance,88518.8117243915
2013-12-24,2013-12-26,GRMN,sell,18672.522481812117,32.00792813689352,597668.7577323709,597.6687577323709,rebalance,rebalance,-18167.008899730863
2013-12-24,2013-12-26,GT,sell,165.8026741609101,21.097516517415972,3498.0246567415393,3.4980246567415394,rebalance,rebalance,368.9424707574884
2013-12-24,2013-12-26,MU,sell,860.1138470034057,21.28724828915656,18309.457018103116,18.309457018103117,rebalance,rebalance,7359.069760555801
2013-12-24,2013-12-26,NFLX,sell,1510.4055286290823,5.401570796966553,8158.56239501968,8.158562395019679,rebalance,rebalance,580.024515127767
2013-12-24,2013-12-26,BBY,buy,1278.2038710405322,25.564698732068162,32676.89688131451,32.67689688131451,rebalance,rebalance,0.0
2013-12-24,2013-12-26,BKNG,buy,635.5296944677175,46.343564691702674,29452.7115090627,29.452711509062702,rebalance,rebalance,0.0
2013-12-24,2013-12-26,CLF,buy,28948.52709305396,22.56011114439528,653081.9886858353,653.0819886858353,rebalance,rebalance,0.0
2013-12-24,2013-12-26,CMG,buy,3720.54906077333,10.651800155639648,39630.545064610305,39.63054506461031,rebalance,rebalance,0.0
2013-12-24,2013-12-26,CRM,buy,12106.060441207308,53.94669817299417,653081.9886858353,653.0819886858353,rebalance,rebalance,0.0
2013-12-24,2013-12-26,CTSH,buy,7.991697679610297,42.934060240193574,343.11602959780373,0.34311602959780374,rebalance,rebalance,0.0
2013-12-24,2013-12-26,DAL,buy,2826.163188465609,24.00914431456101,67853.7598483707,67.8537598483707,rebalance,rebalance,0.0
2013-12-24,2013-12-26,GILD,buy,12692.731558800917,51.45322625475363,653081.9886858353,653.0819886858353,rebalance,rebalance,0.0
2013-12-24,2013-12-26,LUV,buy,39865.558890104774,16.382110444911884,653081.9886858353,653.0819886858353,rebalance,rebalance,0.0
2013-12-24,2013-12-26,MCK,buy,380.8760237201832,146.56939787989214,55824.76946355477,55.824769463554766,rebalance,rebalance,0.0
2013-12-24,2013-12-26,OKE,buy,26461.78020484667,24.680198521421417,653081.9886858353,653.0819886858353,rebalance,rebalance,0.0
2013-12-24,2013-12-26,PBI,buy,49714.62842606629,13.13661611002633,653081.9886858353,653.0819886858353,rebalance,rebalance,0.0
2014-01-24,2014-01-27,BKNG,sell,14092.182874373553,46.26013953729479,651906.3461535965,651.9063461535966,rebalance,rebalance,76802.10756731387
2014-01-24,2014-01-27,CLF,sell,28948.52709305396,17.74922832877611,513814.01715637604,513.814017156376,rebalance,rebalance,-140434.86753530143
2014-01-24,2014-01-27,CMG,sell,61311.888989961735,9.847200393676758,603750.4573990168,603.7504573990168,rebalance,rebalance,-50092.56937733434
2014-01-24,2014-01-27,CRM,sell,12106.060441207308,57.514957109512615,696279.5470412057,696.2795470412057,rebalance,rebalance,41848.19681964349
2014-01-24,2014-01-27,CTSH,sell,3661.5603342003396,42.333213767750834,155005.61635122017,155.00561635122017,rebalance,rebalance,7073.569120774308
2014-01-24,2014-01-27,DAL,sell,27201.385444201595,26.904720811284193,731845.6810563735,731.8456810563736,rebalance,rebalance,149303.9846595491
2014-01-24,2014-01-27,GILD,sell,12692.731558800917,55.4270132724416,703520.2005731968,703.5202005731968,rebalance,rebalance,49081.60969810246
2014-01-24,2014-01-27,GT,sell,7104.033864951096,20.499320583018825,145627.86763025477,145.62786763025477,rebalance,rebalance,11562.471325868604
2014-01-24,2014-01-27,LUV,sell,12740.834510996629,18.025500347794974,229659.91690916795,229.65991690916795,rebalance,rebalance,20499.777114647655
2014-01-24,2014-01-27,MCK,sell,1367.536441326979,158.32159688780197,216510.55319314922,216.5105531931492,rebalance,rebalance,10831.59703818398
2014-01-24,2014-01-27,MU,sell,8973.73476759337,22.52566897057129,202139.37880451474,202.13937880451473,rebalance,rebalance,87880.74913384284
2014-01-24,2014-01-27,NFLX,sell,32556.806731612058,5.534142971038818,180174.02313322015,180.17402313322015,rebalance,rebalance,16814.244922299473
2014-01-24,2014-01-27,OKE,sell,26461.78020484667,26.868515787738474,710988.7592055881,710.9887592055882,rebalance,rebalance,56542.699771861495
2014-01-24,2014-01-27,PBI,sell,10119.522473953723,12.348413193307033,124960.04482733717,124.96004482733717,rebalance,rebalance,-8234.133456561225
2014-01-24,2014-01-27,BBY,buy,5188.930696918611,15.90805193893912,82545.77903413682,82.54577903413683,rebalance,rebalance,0.0
2014-01-24,2014-01-27,CAH,buy,10340.374191863642,47.28423939572498,488936.7287294567,488.9367287294567,rebalance,rebalance,0.0
2014-01-24,2014-01-27,FDX,buy,5358.349508482607,91.24763660068064,488936.72872945666,488.93672872945666,rebalance,rebalance,0.0
2014-01-24,2014-01-27,MA,buy,6686.033755158937,73.12806764581372,488936.72872945666,488.93672872945666,rebalance,rebalance,0.0
2014-01-24,2014-01-27,STX,buy,14409.495899296766,33.931563751187056,488936.72872945666,488.93672872945666,rebalance,rebalance,0.0
2014-01-24,2014-01-27,STZ,buy,7673.311514687826,63.71912932161833,488936.72872945666,488.93672872945666,rebalance,rebalance,0.0
2014-01-24,2014-01-27,VLO,buy,15734.307358677392,31.074563219321536,488936.72872945666,488.93672872945666,rebalance,rebalance,0.0
2014-01-24,2014-01-27,WYNN,buy,3039.778737185194,160.84615723781508,488936.72872945666,488.93672872945666,rebalance,rebalance,0.0
2014-02-24,2014-02-25,BBY,sell,30735.173018429494,15.933466017038972,489717.83481695945,489.71783481695945,rebalance,rebalance,-133774.66875677888
2014-02-24,2014-02-25,CAH,sell,10340.374191863642,51.78577385046083,535484.2794289922,535.4842794289922,rebalance,rebalance,45523.1296913771
2014-02-24,2014-02-25,CTSH,sell,11549.719126260276,45.25034666231668,522628.7943156668,522.6287943156668,rebalance,rebalance,55970.64728054093
2014-02-24,2014-02-25,FDX,sell,5358.349508482607,91.35607885234496,489517.80021536094,489.517800215361,rebalance,rebalance,-397.3830430404583
2014-02-24,2014-02-25,GT,sell,23851.362621963228,23.97011377234594,571719.875673938,571.719875673938,rebalance,rebalance,121520.65965225574
2014-02-24,2014-02-25,LUV,sell,2790.077614895461,19.184533499811423,53526.33747003593,53.52633747003593,rebalance,rebalance,7719.744135835035
2014-02-24,2014-02-25,MA,sell,6686.033755158937,70.39560290760072,470667.37725498306,470.6673772549831,rebalance,rebalance,-19228.95558045805
2014-02-24,2014-02-25,MCK,sell,190.98056128885537,161.1340601121416,30773.473242968965,30.773473242968965,rebalance,rebalance,2049.253658168087
2014-02-24,2014-02-25,MU,sell,2401.2442188394234,24.183402980170733,58070.256597999054,58.070256597999055,rebalance,rebalance,27492.286319003637
2014-02-24,2014-02-25,NFLX,sell,15728.198241003221,6.4285712242126465,101109.84262082528,101.10984262082528,rebalance,rebalance,22176.641390632456
2014-02-24,2014-02-25,PBI,sell,39595.105952112564,14.196441436420718,562109.6028180395,562.1096028180394,rebalance,rebalance,40881.64077977141
2014-02-24,2014-02-25,STZ,sell,805.6354963594413,67.97770378337509,54765.25112889446,54.76525112889446,rebalance,rebalance,3324.759106773544
2014-02-24,2014-02-25,VLO,sell,1262.6993597015498,32.259638741400046,40734.22518296915,40.734225182969155,rebalance,rebalance,1416.4220466635084
2014-02-24,2014-02-25,WYNN,sell,661.8457959259867,196.32548839114924,129937.19912479824,129.93719912479824,rebalance,rebalance,23245.453614016627
2014-02-24,2014-02-25,ADSK,buy,8573.89971556932,54.45000076293945,466848.8460541158,466.8488460541158,rebalance,rebalance,0.0
2014-02-24,2014-02-25,AMZN,buy,26450.360121480313,17.649999618530273,466848.84605411586,466.8488460541159,rebalance,rebalance,0.0
2014-02-24,2014-02-25,BIIB,buy,1347.2881962916065,346.510009765625,466848.84605411586,466.8488460541159,rebalance,rebalance,0.0
2014-02-24,2014-02-25,DAL,buy,16574.987380677492,28.165864343182005,466848.84605411586,466.8488460541159,rebalance,rebalance,0.0
2014-02-24,2014-02-25,EXPE,buy,6306.43994274563,74.0273197386328,466848.84605411586,466.8488460541159,rebalance,rebalance,0.0
2014-02-24,2014-02-25,STX,buy,1097.8166219255945,30.105077550685525,33049.85453950163,33.04985453950163,rebalance,rebalance,0.0
2014-02-24,2014-02-25,TXT,buy,12150.27940807214,38.422889743914936,466848.84605411586,466.8488460541159,rebalance,rebalance,0.0
2014-02-24,2014-02-25,XYL,buy,13890.850072365689,33.608371238766736,466848.84605411586,466.8488460541159,rebalance,rebalance,0.0
2014-03-24,2014-03-25,ADSK,sell,8573.89971556932,49.869998931884766,427580.36965752905,427.58036965752905,rebalance,rebalance,-40162.905612298346
2014-03-24,2014-03-25,AMZN,sell,26450.360121480313,17.701499938964844,468211.0480759819,468.2110480759819,rebalance,rebalance,427.14212773600264
2014-03-24,2014-03-25,MCK,sell,2897.269799626543,162.50778091443286,470828.885847713,470.82888584771297,rebalance,rebalance,35064.253732899815
2014-03-24,2014-03-25,STX,sell,15507.31252122236,31.11617860319171,482528.3060658661,482.5283060658661,rebalance,rebalance,-40462.792092427044
2014-03-24,2014-03-25,TXT,sell,12150.27940807214,37.558537487389565,456346.72463033494,456.34672463033496,rebalance,rebalance,-11425.31699446534
2014-03-24,2014-03-25,BIIB,buy,752.719557501058,316.0,237859.38017033433,237.85938017033433,rebalance,rebalance,0.0
2014-03-24,2014-03-25,DAL,buy,6394.052850131167,28.89117018082383,184731.6690383212,184.73166903832123,rebalance,rebalance,0.0
2014-03-24,2014-03-25,EXPE,buy,3540.3150180852717,67.39300945724814,238592.48349545835,238.59248349545837,rebalance,rebalance,0.0
2014-03-24,2014-03-25,FSLR,buy,8967.600678357865,74.0,663602.450198482,663.6024501984821,rebalance,rebalance,0.0
2014-03-24,2014-03-25,HPQ,buy,68418.44011348896,9.699175384556161,663602.450198482,663.6024501984821,rebalance,rebalance,0.0
2014-03-24,2014-03-25,LUV,buy,8254.313142453397,20.362799306851826,168080.92193568795,168.08092193568794,rebalance,rebalance,0.0
2014-03-24,2014-03-25,MPC,buy,21218.75931386359,31.274328549686107,663602.450198482,663.6024501984821,rebalance,rebalance,0.0
2014-03-24,2014-03-25,MU,buy,9482.37927556243,23.052242539969555,218590.10691624595,218.59010691624596,rebalance,rebalance,0.0
2014-03-24,2014-03-25,NFLX,buy,49944.152865059776,5.414286136627197,270411.93446288264,270.41193446288264,rebalance,rebalance,0.0
2014-03-24,2014-03-25,PBI,buy,45010.98448348134,14.743122324774271,663602.450198482,663.6024501984821,rebalance,rebalance,0.0
2014-03-24,2014-03-25,STZ,buy,2774.2969567642494,68.82434247769778,190939.16388717742,190.93916388717741,rebalance,rebalance,0.0
2014-03-24,2014-03-25,VLO,buy,4869.835525441393,34.30987192660826,167083.43318154122,167.0834331815412,rebalance,rebalance,0.0
2014-03-24,2014-03-25,WDC,buy,12120.369446318438,54.75100846864459,663602.450198482,663.6024501984821,rebalance,rebalance,0.0
2014-03-24,2014-03-25,WYNN,buy,1175.847181144391,186.73143169860904,219567.62759386582,219.56762759386584,rebalance,rebalance,0.0
2014-03-24,2014-03-25,XYL,buy,7764.604624763908,30.643662738997655,237935.92542292664,237.93592542292663,rebalance,rebalance,0.0
2014-04-22,2014-04-23,BIIB,sell,2100.0077537926645,309.0,648902.3959219333,648.9023959219334,rebalance,rebalance,-57159.44092466329
2014-04-22,2014-04-23,DAL,sell,10295.644893896493,31.835547947253456,327767.496667537,327.76749666753705,rebalance,rebalance,35083.149300807876
2014-04-22,2014-04-23,EXPE,sell,3946.461036580682,68.38040444807771,269860.60181996704,269.86060181996703,rebalance,rebalance,-13424.397115971698
2014-04-22,2014-04-23,FSLR,sell,3299.3724798054673,71.18000030517578,234849.33411944174,234.84933411944175,rebalance,rebalance,-9783.232283787884
2014-04-22,2014-04-23,HPQ,sell,26846.772418469416,9.70527542610715,260555.32062326244,260.55532062326245,rebalance,rebalance,-357.1804475566199
2014-04-22,2014-04-23,LUV,sell,13490.334971792989,21.125315894656925,284987.5878038646,284.98758780386464,rebalance,rebalance,49866.19683876555
2014-04-22,2014-04-23,MPC,sell,21218.75931386359,31.399406667882946,666256.4526839318,666.2564526839318,rebalance,rebalance,1324.1435825673975
2014-04-22,2014-04-23,MU,sell,12988.822698424381,25.538845266960422,331719.5330950436,331.71953309504363,rebalance,rebalance,121951.57235345234
2014-04-22,2014-04-23,NFLX,sell,122565.08678203511,5.181857109069824,635114.7662652486,635.1147662652487,rebalance,rebalance,-189.72071478309704
2014-04-22,2014-04-23,PBI,sell,45010.98448348134,14.789158575926747,665674.5871847838,665.6745871847838,rebalance,rebalance,742.859948918577
2014-04-22,2014-04-23,STZ,sell,9641.972975092634,67.78488452774778,653580.024736319,653.5800247363189,rebalance,rebalance,23756.4029733239
2014-04-22,2014-04-23,VLO,sell,7976.09451154473,35.499524426904784,283147.5619438833,283.1475619438833,rebalance,rebalance,28259.132635230682
2014-04-22,2014-04-23,WDC,sell,12120.369446318438,57.27592177146427,694205.3322485805,694.2053322485806,rebalance,rebalance,29245.074267651635
2014-04-22,2014-04-23,WYNN,sell,1307.9435661657376,179.6499766566423,234972.03112988026,234.97203112988026,rebalance,rebalance,12935.614035064056
2014-04-22,2014-04-23,XYL,sell,21655.454697129597,30.33697972238864,656961.0900259265,656.9610900259265,rebalance,rebalance,-49185.42731261895
2014-04-22,2014-04-23,GLW,buy,25960.358674855997,15.541560498297072,403464.48490276566,403.46448490276566,rebalance,rebalance,0.0
2014-04-22,2014-04-23,HP,buy,6301.76210581316,64.02407423958189,403464.48490276566,403.46448490276566,rebalance,rebalance,0.0
2014-04-22,2014-04-23,M,buy,11541.48763883213,34.95775393332153,403464.48490276566,403.46448490276566,rebalance,rebalance,0.0
2014-04-22,2014-04-23,NBR,buy,370.68207180171447,1088.438086421906,403464.48490276566,403.46448490276566,rebalance,rebalance,0.0
2014-04-22,2014-04-23,TRIP,buy,5279.881028815325,76.41545002639825,403464.48490276566,403.46448490276566,rebalance,rebalance,0.0
2014-04-22,2014-04-23,TSN,buy,12419.06788204958,32.48750137568134,403464.48490276566,403.46448490276566,rebalance,rebalance,0.0
2014-04-22,2014-04-23,TXT,buy,10244.018004045987,39.38537444422813,403464.48490276566,403.46448490276566,rebalance,rebalance,0.0
2014-05-20,2014-05-21,DAL,sell,12673.395336912166,32.872208545603804,416602.49449585954,416.60249449585956,rebalance,rebalance,56310.376263895785
2014-05-20,2014-05-21,EXPE,sell,5900.29392425022,65.74426900582523,387910.51096934266,387.9105109693427,rebalance,rebalance,-35609.03208663165
2014-05-20,2014-05-21,FSLR,sell,5668.228198552398,59.209999084472656,335615.78644686955,335.61578644686955,rebalance,rebalance,-84588.1649191476
2014-05-20,2014-05-21,GLW,sell,25960.358674855997,15.482885480703821,401941.2604007914,401.9412604007914,rebalance,rebalance,-2328.630247277786
2014-05-20,2014-05-21,M,sell,11541.48763883213,34.34457067504249,396387.4379069994,396.38743790699937,rebalance,rebalance,-7876.898918576055
2014-05-20,2014-05-21,TRIP,sell,5279.881028815325,76.94011852082558,406234.67213290965,406.2346721329097,rebalance,rebalance,1960.4880731083415
2014-05-20,2014-05-21,AVGO,buy,131576.86230829626,5.024090751188541,661054.0969935193,661.0540969935194,rebalance,rebalance,0.0
2014-05-20,2014-05-21,EXC,buy,41867.38211508552,15.789238868014403,661054.0969935193,661.0540969935194,rebalance,rebalance,0.0
2014-05-20,2014-05-21,FFIV,buy,6236.359405599239,106.0,661054.0969935193,661.0540969935194,rebalance,rebalance,0.0
2014-05-20,2014-05-21,GT,buy,29978.21637438228,22.05114836513154,661054.0969935193,661.0540969935194,rebalance,rebalance,0.0
2014-05-20,2014-05-21,HP,buy,4770.265689380999,59.70488055317667,284808.14319140953,284.80814319140956,rebalance,rebalance,0.0
2014-05-20,2014-05-21,HPQ,buy,24186.78873288561,10.05276177244628,243144.02517218684,243.14402517218684,rebalance,rebalance,0.0
2014-05-20,2014-05-21,LUV,buy,11429.581562063344,21.65387924311431,247494.77894424548,247.4947789442455,rebalance,rebalance,0.0
2014-05-20,2014-05-21,MU,buy,9374.927962191163,26.260442946638978,246189.76087997144,246.18976087997143,rebalance,rebalance,0.0
2014-05-20,2014-05-21,NBR,buy,238.11061035533186,1085.8443545203315,258551.0620057275,258.5510620057275,rebalance,rebalance,0.0
2014-05-20,2014-05-21,RRC,buy,8025.112942693469,82.3731829961822,661054.0969935193,661.0540969935194,rebalance,rebalance,0.0
2014-05-20,2014-05-21,TSN,buy,9184.98560234162,30.5986141661391,281047.830567594,281.04783056759396,rebalance,rebalance,0.0
2014-05-20,2014-05-21,TXT,buy,7375.049385191165,37.519244486080645,276706.2809799061,276.7062809799061,rebalance,rebalance,0.0
2014-05-20,2014-05-21,UAA,buy,28226.050163964246,23.420000076293945,661054.0969935193,661.0540969935194,rebalance,rebalance,0.0
2014-05-20,2014-05-21,VLO,buy,7470.479941982934,35.095566995107745,262180.7292894707,262.1807292894707,rebalance,rebalance,0.0
2014-05-20,2014-05-21,WYNN,buy,1693.4571291366087,167.81031062696192,284179.56687385746,284.1795668738575,rebalance,rebalance,0.0
2014-06-18,2014-06-19,EXC,sell,41867.38211508552,17.18993937544725,719697.7603670046,719.6977603670045,rebalance,rebalance,57262.9115161247
2014-06-18,2014-06-19,GT,sell,29978.21637438228,24.327976767931563,729309.3514999977,729.3093514999977,rebalance,rebalance,66864.8910579849
2014-06-18,2014-06-19,HP,sell,251.59465311649365,65.21860932637667,16408.653390209853,16.408653390209853,rebalance,rebalance,736.6772080527343
2014-06-18,2014-06-19,HPQ,sell,65758.45642790516,10.624222301657731,698632.4593039382,698.6324593039382,rebalance,rebalance,50932.550748790585
2014-06-18,2014-06-19,LUV,sell,174.47413637178033,23.248989397830147,4056.347346703092,4.056347346703093,rebalance,rebalance,736.3081215295791
2014-06-18,2014-06-19,MU,sell,25172.998731848365,31.292154547979006,787717.3667530785,787.7173667530785,rebalance,rebalance,285760.1761496054
2014-06-18,2014-06-19,NBR,sell,16.88996170633891,1192.2459171973182,20136.987886001614,20.136987886001613,rebalance,rebalance,1731.9409253730996
2014-06-18,2014-06-19,RRC,sell,8025.112942693469,81.79608236096236,656422.79921658,656.42279921658,rebalance,rebalance,-5948.774673149396
2014-06-18,2014-06-19,TSN,sell,21604.0534843912,27.20859042377657,587815.8427501633,587.8158427501633,rebalance,rebalance,-97968.80087841683
2014-06-18,2014-06-19,TXT,sell,17619.067389237152,38.96251202509746,686483.125024155,686.483125024155,rebalance,rebalance,4945.7052505766
2014-06-18,2014-06-19,UAA,sell,28226.050163964246,29.8700008392334,843112.1420858561,843.112142085856,rebalance,rebalance,180553.87885325734
2014-06-18,2014-06-19,VLO,sell,18835.82895485544,35.515114717122145,668956.6261237818,668.9566261237818,rebalance,rebalance,43050.92806382058
2014-06-18,2014-06-19,WYNN,sell,3939.2936853744695,167.52666525383935,659936.7345662919,659.9367345662919,rebalance,rebalance,-6036.5559133081815
2014-06-18,2014-06-19,ATI,buy,17504.80980356259,40.31426846418624,705693.6018353415,705.6936018353416,rebalance,rebalance,0.0
2014-06-18,2014-06-19,AVGO,buy,1210.8263305925648,5.314450526768706,6434.876630443075,6.434876630443075,rebalance,rebalance,0.0
2014-06-18,2014-06-19,DAL,buy,20486.832016794586,34.44620433539123,705693.6018353415,705.6936018353416,rebalance,rebalance,0.0
2014-06-18,2014-06-19,EOG,buy,8766.875863432319,80.49544818797692,705693.6018353417,705.6936018353417,rebalance,rebalance,0.0
2014-06-18,2014-06-19,ESS,buy,5750.128028865625,122.7265894416197,705693.6018353415,705.6936018353416,rebalance,rebalance,0.0
2014-06-18,2014-06-19,EW,buy,51199.05401764404,13.783332824707031,705693.6018353415,705.6936018353416,rebalance,rebalance,0.0
2014-06-18,2014-06-19,FFIV,buy,10.37507443911818,112.97000122070312,1172.0721720520667,1.1720721720520666,rebalance,rebalance,0.0
2014-06-18,2014-06-19,GD,buy,7674.207467985748,91.95654466982572,705693.6018353415,705.6936018353416,rebalance,rebalance,0.0
2014-06-18,2014-06-19,HAL,buy,12993.19344318888,54.31256025863841,705693.6018353415,705.6936018353416,rebalance,rebalance,0.0
2014-06-18,2014-06-19,LYB,buy,13485.674833900046,52.32912779873512,705693.6018353415,705.6936018353416,rebalance,rebalance,0.0
2014-06-18,2014-06-19,ORCL,buy,19693.9991440332,35.83292538372783,705693.6018353415,705.6936018353416,rebalance,rebalance,0.0
2014-06-18,2014-06-19,WMB,buy,23836.547598850655,29.605529026752535,705693.6018353415,705.6936018353416,rebalance,rebalance,0.0
2014-07-17,2014-07-18,ATI,sell,17504.80980356259,42.844568933444556,749986.0302955735,749.9860302955735,rebalance,rebalance,42836.748828101176
2014-07-17,2014-07-18,AVGO,sell,132787.68863888882,5.434741765878425,721666.7974402292,721.6667974402293,rebalance,rebalance,52788.66804520278
2014-07-17,2014-07-18,DAL,sell,20486.832016794586,31.95549682490391,654666.8954650192,654.6668954650191,rebalance,rebalance,-52387.06686762264
2014-07-17,2014-07-18,EOG,sell,125.55906747514018,82.16366595769571,10316.393277987194,10.316393277987194,rebalance,rebalance,189.03654082288713
2014-07-17,2014-07-18,ESS,sell,5750.128028865625,128.8108194523174,740678.7033539198,740.6787033539198,rebalance,rebalance,33538.729213389
2014-07-17,2014-07-18,EW,sell,51199.05401764404,14.241666793823242,729159.8674782435,729.1598674782435,rebalance,rebalance,22031.41217358861
2014-07-17,2014-07-18,FFIV,sell,6246.734480038357,109.80999755859375,685953.8980021954,685.9538980021954,rebalance,rebalance,22379.548769456196
2014-07-17,2014-07-18,GD,sell,7674.207467985748,90.1228235457707,691621.2454909153,691.6212454909153,rebalance,rebalance,-15469.671191752393
2014-07-17,2014-07-18,HAL,sell,270.109327758717,55.804257852589544,15073.250574637064,15.073250574637065,rebalance,rebalance,373.1778546064849
2014-07-17,2014-07-18,LUV,sell,30353.732360564656,23.961135603723584,727309.8971706225,727.3098971706225,rebalance,rebalance,149692.17314758134
2014-07-17,2014-07-18,LYB,sell,13485.674833900046,52.46120169207955,707474.7074150316,707.4747074150316,rebalance,rebalance,367.93727043984404
2014-07-17,2014-07-18,NBR,sell,24.6068230077276,1251.5554402171838,30796.80320178284,30.79680320178284,rebalance,rebalance,3981.207618220611
2014-07-17,2014-07-18,ORCL,sell,19693.9991440332,33.46774681299794,659113.7770879013,659.1137770879012,rebalance,rebalance,-47944.63212636337
2014-07-17,2014-07-18,WMB,sell,107.4277865522381,29.921137921418744,3214.3616180222502,3.2143616180222505,rebalance,rebalance,27.510346899115277
2014-07-17,2014-07-18,DVN,buy,13900.5625494182,51.0772326036091,710002.2666576509,710.0022666576509,rebalance,rebalance,0.0
2014-07-17,2014-07-18,ETR,buy,29721.96859622803,23.888130571127654,710002.2666576509,710.0022666576509,rebalance,rebalance,0.0
2014-07-17,2014-07-18,EXC,buy,47412.863929524516,14.974886725109315,710002.2666576509,710.0022666576509,rebalance,rebalance,0.0
2014-07-17,2014-07-18,FSLR,buy,11531.626931570963,61.56999969482422,710002.2666576509,710.0022666576509,rebalance,rebalance,0.0
2014-07-17,2014-07-18,GRMN,buy,17881.945487912664,39.70497880879786,710002.2666576508,710.0022666576508,rebalance,rebalance,0.0
2014-07-17,2014-07-18,HP,buy,198.18134470768018,64.43661927814595,12770.135856959794,12.770135856959794,rebalance,rebalance,0.0
2014-07-17,2014-07-18,MU,buy,21944.093599510546,32.35505095883693,710002.2666576509,710.0022666576509,rebalance,rebalance,0.0
2014-07-17,2014-07-18,NFLX,buy,112747.34272286759,6.297286033630371,710002.2666576509,710.0022666576509,rebalance,rebalance,0.0
2014-07-17,2014-07-18,NRG,buy,29006.415911543034,24.477421437479535,710002.2666576509,710.0022666576509,rebalance,rebalance,0.0
2014-07-17,2014-07-18,TAP,buy,13549.96273255518,52.39883538216658,710002.2666576509,710.0022666576509,rebalance,rebalance,0.0
2014-07-17,2014-07-18,UAA,buy,24695.731014179164,28.75,710002.2666576509,710.0022666576509,rebalance,rebalance,0.0
2014-08-14,2014-08-15,DVN,sell,13900.5625494182,48.65420842516903,676320.8675064921,676.320867506492,rebalance,rebalance,-35067.722285322845
2014-08-14,2014-08-15,EOG,sell,333.864273389383,74.05130177940575,24723.084062119226,24.723084062119227,rebalance,rebalance,-2203.0678966949663
2014-08-14,2014-08-15,ETR,sell,29721.96859622803,22.91241275373262,681002.0123302556,681.0020123302556,rebalance,rebalance,-30391.258606383206
2014-08-14,2014-08-15,EXC,sell,47412.863929524516,14.966906978305785,709623.924008263,709.6239240082631,rebalance,rebalance,-1797.9688400536738
2014-08-14,2014-08-15,FSLR,sell,11531.626931570963,69.47000122070312,801102.1370129278,801.1021370129278,rebalance,rebalance,89588.76595160639
2014-08-14,2014-08-15,GRMN,sell,17881.945487912664,39.55724519030676,707360.5021450609,707.360502145061,rebalance,rebalance,-4059.127281392599
2014-08-14,2014-08-15,HAL,sell,1286.1904505547773,53.78887762645436,69182.74074920511,69.18274074920511,rebalance,rebalance,-812.5946377355579
2014-08-14,2014-08-15,HP,sell,113.25504171624198,56.410582050544704,6388.782823371931,6.3887828233719315,rebalance,rebalance,-669.5771708282365
2014-08-14,2014-08-15,MU,sell,1852.926960656714,30.61931070628202,56735.346324394726,56.735346324394726,rebalance,rebalance,-3332.8868032155247
2014-08-14,2014-08-15,NBR,sell,19.48764570346134,1122.9799328748863,21884.235063962584,21.884235063962585,rebalance,rebalance,649.833117601799
2014-08-14,2014-08-15,NFLX,sell,112747.34272286759,6.449857234954834,727204.2641830198,727.2042641830197,rebalance,rebalance,15764.790994528255
2014-08-14,2014-08-15,NRG,sell,29006.415911543034,22.715001563202954,658880.7827736151,658.8807827736151,rebalance,rebalance,-52490.36693346712
2014-08-14,2014-08-15,TAP,sell,2316.774591270154,54.76429897099362,126876.53636472026,126.87653636472027,rebalance,rebalance,5231.973112378934
2014-08-14,2014-08-15,UAA,sell,24695.731014179164,34.6150016784668,854842.7705067763,854.8427705067763,rebalance,rebalance,143275.658811961
2014-08-14,2014-08-15,WMB,sell,2884.3992460790505,29.512397242863535,85125.53635730103,85.12553635730103,rebalance,rebalance,-439.1489491972565
2014-08-14,2014-08-15,ATI,buy,15566.937659830084,39.51822042393071,615177.6737667533,615.1776737667533,rebalance,rebalance,0.0
2014-08-14,2014-08-15,COP,buy,11290.993897635479,54.48392580351865,615177.6737667533,615.1776737667533,rebalance,rebalance,0.0
2014-08-14,2014-08-15,HUM,buy,5639.245096623404,109.08865694365753,615177.6737667533,615.1776737667533,rebalance,rebalance,0.0
2014-08-14,2014-08-15,INTC,buy,23667.87986727448,25.992090428740003,615177.6737667533,615.1776737667533,rebalance,rebalance,0.0
2014-08-14,2014-08-15,KR,buy,30714.43962281241,20.028940176718866,615177.6737667533,615.1776737667533,rebalance,rebalance,0.0
2014-08-14,2014-08-15,LRCX,buy,104660.60100711421,5.877834331611923,615177.6737667533,615.1776737667533,rebalance,rebalance,0.0
2014-08-14,2014-08-15,LUV,buy,23706.32372734923,25.94993980686438,615177.6737667533,615.1776737667533,rebalance,rebalance,0.0
2014-08-14,2014-08-15,TWX,buy,8624.448363876018,71.32950976243991,615177.6737667533,615.1776737667533,rebalance,rebalance,0.0
2014-09-12,2014-09-15,ATI,sell,15566.937659830084,39.6815154267573,617719.6768959167,617.7196768959167,rebalance,rebalance,1309.1057785007192
2014-09-12,2014-09-15,COP,sell,11290.993897635479,53.11267091817679,599694.8432242555,599.6948432242555,rebalance,rebalance,-16697.703059488715
2014-09-12,2014-09-15,EOG,sell,8307.452522567795,71.79349996224107,596421.0923652905,596.4210923652905,rebalance,rebalance,-73556.15494561332
2014-09-12,2014-09-15,HP,sell,10905.359445069103,57.42616565582727,626252.9780288789,626.2529780288789,rebalance,rebalance,-53409.542924092246
2014-09-12,2014-09-15,HUM,sell,5639.245096623404,116.18600114637646,655201.3372609846,655.2013372609846,rebalance,rebalance,38753.28448320361
2014-09-12,2014-09-15,KR,sell,30714.43962281241,20.540069476849716,630876.7237950726,630.8767237950726,rebalance,rebalance,14452.995630757656
2014-09-12,2014-09-15,LUV,sell,23706.32372734923,29.57693817701625,701160.4712881416,701.1604712881416,rebalance,rebalance,84666.45937633347
2014-09-12,2014-09-15,NBR,sell,547.8082517395185,1046.1990721543762,573116.4846883952,573.1164846883952,rebalance,rebalance,-23751.9677872951
2014-09-12,2014-09-15,TWX,sell,8624.448363876018,71.61558474235774,617644.9126592515,617.6449126592515,rebalance,rebalance,1234.41630607221
2014-09-12,2014-09-15,AAPL,buy,31246.58245405874,22.63211428172297,707176.2250135371,707.1762250135371,rebalance,rebalance,0.0
2014-09-12,2014-09-15,CHRW,buy,13826.322127173504,51.14709598901152,707176.2250135371,707.1762250135371,rebalance,rebalance,0.0
2014-09-12,2014-09-15,EW,buy,42417.847046381845,16.671667098999023,707176.2250135371,707.1762250135371,rebalance,rebalance,0.0
2014-09-12,2014-09-15,FSLR,buy,9735.355602361324,72.63999938964844,707176.2250135371,707.1762250135371,rebalance,rebalance,0.0
2014-09-12,2014-09-15,GILD,buy,10111.7935923019,69.93578523516439,707176.2250135371,707.1762250135371,rebalance,rebalance,0.0
2014-09-12,2014-09-15,HAL,buy,2108.7059754611255,52.207081546075344,110089.38481759533,110.08938481759533,rebalance,rebalance,0.0
2014-09-12,2014-09-15,INTC,buy,3061.3343512596184,26.457052543025355,80993.88378304416,80.99388378304417,rebalance,rebalance,0.0
2014-09-12,2014-09-15,IRM,buy,42982.96545834291,16.452476404842272,707176.2250135371,707.1762250135371,rebalance,rebalance,0.0
2014-09-12,2014-09-15,KMI,buy,34107.97332463248,20.733457783691314,707176.2250135371,707.1762250135371,rebalance,rebalance,0.0
2014-09-12,2014-09-15,LRCX,buy,10245.068742014904,6.154406710804598,63052.31981851095,63.05231981851095,rebalance,rebalance,0.0
2014-09-12,2014-09-15,MU,buy,3004.5921384374415,30.61931118317977,91998.54166535157,91.99854166535157,rebalance,rebalance,0.0
2014-09-12,2014-09-15,TAP,buy,1292.1811030184435,56.459511190471325,72955.9134459854,72.9559134459854,rebalance,rebalance,0.0
2014-09-12,2014-09-15,THC,buy,11468.962484001977,61.65999984741211,707176.2250135371,707.1762250135371,rebalance,rebalance,0.0
2014-09-12,2014-09-15,WMB,buy,3298.561381713611,29.290807543838582,96617.52660331165,96.61752660331165,rebalance,rebalance,0.0
2014-09-12,2014-09-15,XRX,buy,39636.44118917153,17.841567098277583,707176.2250135371,707.1762250135371,rebalance,rebalance,0.0
2014-10-10,2014-10-13,AAPL,sell,12928.834799277585,22.306311090630352,288394.61107205326,288.39461107205324,rebalance,rebalance,-4793.257112492703
2014-10-10,2014-10-13,CHRW,sell,13826.322127173504,48.869318485519145,675682.9395162225,675.6829395162225,rebalance,rebalance,-32876.14466184435
2014-10-10,2014-10-13,EW,sell,19015.705059410837,17.459999084472656,332014.19292791525,332.01419292791525,rebalance,rebalance,14341.650827335223
2014-10-10,2014-10-13,FSLR,sell,9735.355602361324,53.90999984741211,524833.0190378015,524.8330190378016,rebalance,rebalance,-183575.21521978668
2014-10-10,2014-10-13,GILD,sell,4414.0875970593315,71.7133137456345,316548.8487486297,316.54884874862967,rebalance,rebalance,7220.915020539687
2014-10-10,2014-10-13,HAL,sell,13545.599640336512,42.97442620131097,582114.3720961459,582.1143720961459,rebalance,rebalance,-150455.35979989273
2014-10-10,2014-10-13,INTC,sell,26729.2142185341,24.177978881009288,646258.3768816907,646.2583768816908,rebalance,rebalance,-51255.610602538145
2014-10-10,2014-10-13,IRM,sell,18286.788983079492,16.545127059505866,302557.24723542226,302.55724723542227,rebalance,rebalance,1090.862759477475
2014-10-10,2014-10-13,KMI,sell,34107.97332463248,20.068008560434386,684479.1006577923,684.4791006577923,rebalance,rebalance,-24088.779681415934
2014-10-10,2014-10-13,LRCX,sell,44161.098331581816,5.775727656268824,255062.4769649241,255.06247696492412,rebalance,rebalance,-6113.851495195957
2014-10-10,2014-10-13,MU,sell,8439.606567515473,27.879171273526463,235289.23697694266,235.28923697694268,rebalance,rebalance,-36375.38653793814
2014-10-10,2014-10-13,TAP,sell,12525.369244303469,53.78043656830617,673619.8261378757,673.6198261378756,rebalance,rebalance,10722.754743974532
2014-10-10,2014-10-13,THC,sell,4094.8174056331236,55.40999984741211,226893.83182131182,226.89383182131184,rebalance,rebalance,-26071.989057634833
2014-10-10,2014-10-13,WMB,sell,8502.745235971717,26.12451127426662,222130.06377935992,222.13006377935992,rebalance,rebalance,-29706.093414237894
2014-10-10,2014-10-13,XRX,sell,39636.44118917153,16.59247004254239,657666.463024322,657.666463024322,rebalance,rebalance,-50874.604677253046
2014-10-10,2014-10-13,AVGO,buy,76962.20376341387,5.309117432802164,408601.3776672129,408.60137766721294,rebalance,rebalance,0.0
2014-10-10,2014-10-13,LUV,buy,15265.514185233615,26.76630296950328,408601.3776672129,408.60137766721294,rebalance,rebalance,0.0
2014-10-10,2014-10-13,MNST,buy,51979.39823083963,7.860833168029785,408601.3776672129,408.60137766721294,rebalance,rebalance,0.0
2014-10-10,2014-10-13,NFLX,buy,63384.14521880872,6.4464287757873535,408601.3776672129,408.60137766721294,rebalance,rebalance,0.0
2014-10-10,2014-10-13,UAA,buy,12867.308721961523,31.7549991607666,408601.3776672129,408.60137766721294,rebalance,rebalance,0.0
2014-10-10,2014-10-13,UHS,buy,4136.498307925838,98.77953458467572,408601.3776672129,408.60137766721294,rebalance,rebalance,0.0
2014-10-10,2014-10-13,VRTX,buy,3828.0062380055883,106.73999786376953,408601.3776672129,408.60137766721294,rebalance,rebalance,0.0
2014-10-13,2014-10-14,AAPL,sell,18317.747654781153,22.099385063339888,404810.95891609986,404.8109589160999,market_trend_exit,risk_exit,-10577.77970789291
2014-10-13,2014-10-14,AVGO,sell,76962.20376341387,5.403603533084631,415873.23616996245,415.87323616996247,market_trend_exit,risk_exit,6447.383888912413
2014-10-13,2014-10-14,EW,sell,23402.141986971008,17.333332061767578,405637.0980168018,405.6370980168018,market_trend_exit,risk_exit,14688.587587886559
2014-10-13,2014-10-14,GILD,sell,5697.705995242568,70.0044009940038,398864.4952369002,398.8644952369002,market_trend_exit,risk_exit,-406.3856175458195
2014-10-13,2014-10-14,IRM,sell,24696.176475263415,16.467328142853585,406680.0418919839,406.6800418919839,market_trend_exit,risk_exit,-446.21215974926815
2014-10-13,2014-10-14,LRCX,sell,70744.5714175473,5.666559533749773,400878.3256271443,400.8783256271443,market_trend_exit,risk_exit,-17509.510294177107
2014-10-13,2014-10-14,LUV,sell,15265.514185233615,25.556772874589903,390137.27884584584,390.13727884584586,market_trend_exit,risk_exit,-19262.837477880086
2014-10-13,2014-10-14,MNST,sell,51979.39823083963,7.804999828338623,405699.1942688482,405.69919426884826,market_trend_exit,risk_exit,-3716.4839703006683
2014-10-13,2014-10-14,MU,sell,14656.1522097758,27.09906556560335,397168.02967217687,397.1680296721769,market_trend_exit,risk_exit,-74591.11542963111
2014-10-13,2014-10-14,NFLX,sell,63384.14521880872,6.364428997039795,403403.8917831675,403.4038917831675,market_trend_exit,risk_exit,-6009.491153495786
2014-10-13,2014-10-14,THC,sell,7374.145078368853,55.119998931884766,406462.8688432545,406.4628688432545,market_trend_exit,risk_exit,-49088.068217014
2014-10-13,2014-10-14,UAA,sell,12867.308721961523,31.110000610351562,400301.9821938049,400.3019821938049,market_trend_exit,risk_exit,-9108.298833268958
2014-10-13,2014-10-14,UHS,sell,4136.498307925838,97.6951000900838,404115.61621527706,404.11561621527704,market_trend_exit,risk_exit,-5298.478445818324
2014-10-13,2014-10-14,VRTX,sell,3828.0062380055883,107.0199966430664,409673.2147409953,409.6732147409953,market_trend_exit,risk_exit,253.56248137423364
2014-10-13,2014-10-14,WMB,sell,15640.53671196126,25.13178148716733,393074.550987029,393.074550987029,market_trend_exit,risk_exit,-70154.73932158518
2014-11-07,2014-11-10,AMGN,buy,4483.072260782223,114.9010838574045,515109.86177494214,515.1098617749421,rebalance,rebalance,0.0
2014-11-07,2014-11-10,CMG,buy,39751.03954288938,12.958399772644043,515109.86177494214,515.1098617749421,rebalance,rebalance,0.0
2014-11-07,2014-11-10,EW,buy,25176.4362084388,20.459999084472656,515109.8617749421,515.1098617749421,rebalance,rebalance,0.0
2014-11-07,2014-11-10,GILD,buy,6881.283694644586,74.8566524260336,515109.86177494214,515.1098617749421,rebalance,rebalance,0.0
2014-11-07,2014-11-10,INTC,buy,20083.45063840631,25.64847401222372,515109.8617749421,515.1098617749421,rebalance,rebalance,0.0
2014-11-07,2014-11-10,IRM,buy,26184.09057988038,19.672627552348445,515109.86177494214,515.1098617749421,rebalance,rebalance,0.0
2014-11-07,2014-11-10,ISRG,buy,9288.324770794678,55.45777893066406,515109.8617749422,515.1098617749423,rebalance,rebalance,0.0
2014-11-07,2014-11-10,LRCX,buy,76450.98443047672,6.737779318504063,515109.86177494214,515.1098617749421,rebalance,rebalance,0.0
2014-11-07,2014-11-10,LUV,buy,15480.32028450812,33.27514239420722,515109.86177494214,515.1098617749421,rebalance,rebalance,0.0
2014-11-07,2014-11-10,MNST,buy,57170.904405056666,9.010000228881836,515109.86177494214,515.1098617749421,rebalance,rebalance,0.0
2014-11-07,2014-11-10,NFLX,buy,94145.4003890257,5.471428871154785,515109.86177494214,515.1098617749421,rebalance,rebalance,0.0
2014-11-07,2014-11-10,THC,buy,10588.074935638682,48.650001525878906,515109.8617749421,515.1098617749421,rebalance,rebalance,0.0
2014-11-07,2014-11-10,UAA,buy,15330.651344275584,33.599998474121094,515109.86177494214,515.1098617749421,rebalance,rebalance,0.0
2014-11-07,2014-11-10,UHS,buy,5501.360995822476,93.63316862247305,515109.86177494214,515.1098617749421,rebalance,rebalance,0.0
2014-11-07,2014-11-10,VRTX,buy,4434.485584843069,116.16000366210938,515109.86177494214,515.1098617749421,rebalance,rebalance,0.0
2014-12-08,2014-12-09,CMG,sell,39751.03954288938,13.09000015258789,520341.11368194927,520.3411136819493,rebalance,rebalance,4195.800931550313
2014-12-08,2014-12-09,INTC,sell,20083.45063840631,28.134303442835638,565033.8944401342,565.0338944401342,rebalance,rebalance,48843.88890897708
2014-12-08,2014-12-09,LRCX,sell,76450.98443047672,6.969294299713202,532809.4099987842,532.8094099987842,rebalance,rebalance,16651.628952068368
2014-12-08,2014-12-09,NFLX,sell,94145.4003890257,4.7820000648498535,450203.3107656363,450.20331076563633,rebalance,rebalance,-65871.8641818464
2014-12-08,2014-12-09,THC,sell,10588.074935638682,50.720001220703125,537027.1736604901,537.0271736604901,rebalance,rebalance,20865.17485011268
2014-12-08,2014-12-09,UAA,sell,15330.651344275584,34.0099983215332,521395.42648682336,521.3954264868233,rebalance,rebalance,5249.059423619545
2014-12-08,2014-12-09,UHS,sell,5501.360995822476,101.98824959819709,561074.1783717287,561.0741783717287,rebalance,rebalance,44888.132556640005
2014-12-08,2014-12-09,ADP,buy,10093.274639226687,65.62079480529135,662328.7040141455,662.3287040141455,rebalance,rebalance,0.0
2014-12-08,2014-12-09,AMGN,buy,966.1788538752307,121.54490407546217,117434.11611400491,117.43411611400491,rebalance,rebalance,0.0
2014-12-08,2014-12-09,ANDV,buy,9870.122578934717,67.10440510918464,662328.7040141455,662.3287040141455,rebalance,rebalance,0.0
2014-12-08,2014-12-09,AVGO,buy,88422.37448470706,7.490510268175364,662328.7040141455,662.3287040141455,rebalance,rebalance,0.0
2014-12-08,2014-12-09,BMY,buy,16380.341881266995,40.43436387439524,662328.7040141455,662.3287040141455,rebalance,rebalance,0.0
2014-12-08,2014-12-09,CME,buy,12063.050786928281,54.905572040851865,662328.7040141455,662.3287040141455,rebalance,rebalance,0.0
2014-12-08,2014-12-09,EW,buy,5131.467788454775,21.85333251953125,112139.67189436583,112.13967189436583,rebalance,rebalance,0.0
2014-12-08,2014-12-09,GILD,buy,2414.9990082730037,71.2466181569841,172060.51219192197,172.06051219192196,rebalance,rebalance,0.0
2014-12-08,2014-12-09,IRM,buy,7706.78086645071,19.54298239462494,150613.48279227858,150.61348279227857,rebalance,rebalance,0.0
2014-12-08,2014-12-09,ISRG,buy,2422.791452053765,56.55555725097656,137022.32067380336,137.02232067380336,rebalance,rebalance,0.0
2014-12-08,2014-12-09,LUV,buy,3121.450084626287,35.60568111910122,111141.3563423951,111.1413563423951,rebalance,rebalance,0.0
2014-12-08,2014-12-09,MNST,buy,18265.1689614297,8.779999732971191,160368.17860402644,160.36817860402644,rebalance,rebalance,0.0
2014-12-08,2014-12-09,NKE,buy,16130.933859923583,41.05953875737255,662328.7040141455,662.3287040141455,rebalance,rebalance,0.0
2014-12-08,2014-12-09,VRTX,buy,1162.8159765968048,118.33000183105469,137596.01663987956,137.59601663987956,rebalance,rebalance,0.0
2014-12-08,2014-12-09,ZTS,buy,16974.101549919647,39.01995649468003,662328.7040141455,662.3287040141455,rebalance,rebalance,0.0
2015-01-07,2015-01-08,ADP,sell,10093.274639226687,65.05485566504834,656616.524842585,656.616524842585,rebalance,rebalance,-7031.124400417258
2015-01-07,2015-01-08,AMGN,sell,881.88471219045,113.89483768720739,100442.11615376092,100.44211615376092,rebalance,rebalance,-2129.047719062319
2015-01-07,2015-01-08,ANDV,sell,1956.6001074036112,65.73551246469584,128618.11074865531,128.6181107486553,rebalance,rebalance,-2938.290092223317
2015-01-07,2015-01-08,AVGO,sell,19664.817816978015,7.5657059424151445,148778.22901442178,148.77822901442178,rebalance,rebalance,1182.6314857558377
2015-01-07,2015-01-08,BMY,sell,16380.341881266995,40.645286891988924,665783.6951529586,665.7836951529587,rebalance,rebalance,2126.8787396460557
2015-01-07,2015-01-08,CME,sell,12063.050786928281,56.893616435566244,686310.5845142532,686.3105845142532,rebalance,rebalance,22633.241211579334
2015-01-07,2015-01-08,EW,sell,6485.611138003656,21.836666107177734,141624.12492157886,141.62412492157887,rebalance,rebalance,7122.676413799446
2015-01-07,2015-01-08,GILD,sell,9296.28270291759,69.18079761880186,643124.2522777101,643.1242522777102,rebalance,rebalance,-45376.41631539847
2015-01-07,2015-01-08,IRM,sell,33890.87144633109,21.112969737222446,715536.9432144846,715.5369432144846,rebalance,rebalance,48432.338359482346
2015-01-07,2015-01-08,ISRG,sell,2854.1448355407338,58.733333587646484,167633.44073327232,167.63344073327232,rebalance,rebalance,8374.142170846933
2015-01-07,2015-01-08,LUV,sell,4041.652080449692,35.72769429155344,144398.90996312755,144.39890996312755,rebalance,rebalance,8051.312225881287
2015-01-07,2015-01-08,MNST,sell,22241.415197509996,9.779167175292969,217502.51743155194,217.50251743155195,rebalance,rebalance,17929.315852733886
2015-01-07,2015-01-08,NKE,sell,16130.933859923583,40.583662456527705,654652.3748797122,654.6523748797123,rebalance,rebalance,-8993.310213327059
2015-01-07,2015-01-08,VRTX,sell,5597.301561439874,122.0,682870.7904956646,682.8707904956646,rebalance,rebalance,28829.33541193242
2015-01-07,2015-01-08,ZTS,sell,4110.193656088315,40.438680015459106,166210.80606012535,166.21080606012535,rebalance,rebalance,5504.638031144044
2015-01-07,2015-01-08,ABBV,buy,12229.671511973322,42.53584853507213,520199.45506698376,520.1994550669838,rebalance,rebalance,0.0
2015-01-07,2015-01-08,DRI,buy,13381.04722272749,38.875840314159674,520199.4550669837,520.1994550669837,rebalance,rebalance,0.0
2015-01-07,2015-01-08,LOW,buy,9348.667906148978,55.64423298476872,520199.45506698365,520.1994550669837,rebalance,rebalance,0.0
2015-01-07,2015-01-08,RCL,buy,7147.4438152382745,72.78118842402426,520199.4550669837,520.1994550669837,rebalance,rebalance,0.0
2015-01-07,2015-01-08,REGN,buy,1275.8664923768008,407.7224836416141,520199.4550669837,520.1994550669837,rebalance,rebalance,0.0
2015-01-07,2015-01-08,ROST,buy,12129.915109905223,42.88566328400696,520199.4550669837,520.1994550669837,rebalance,rebalance,0.0
2015-01-07,2015-01-08,WHR,buy,4137.210897901005,125.73675065269322,520199.45506698376,520.1994550669838,rebalance,rebalance,0.0
2015-02-05,2015-02-06,ABBV,sell,12229.671511973322,36.28479735804908,443751.1525674577,443.7511525674577,rebalance,rebalance,-77412.2531071604
2015-02-05,2015-02-06,AMGN,sell,4567.366402467003,110.12689839003515,502989.89571454405,502.98989571454405,rebalance,rebalance,-28218.89429133699
2015-02-05,2015-02-06,ANDV,sell,7913.522471531106,79.40627163816659,628383.3149891344,628.3833149891344,rebalance,rebalance,96191.68168611567
2015-02-05,2015-02-06,DRI,sell,13381.04722272749,38.99736025944794,521825.5191933892,521.8255191933893,rebalance,rebalance,584.039152145195
2015-02-05,2015-02-06,ISRG,sell,8856.971387307709,57.15444564819336,506215.2897634822,506.2152897634822,rebalance,rebalance,12016.424964216621
2015-02-05,2015-02-06,LUV,sell,65.17749801762147,38.45518509923323,2506.412750572541,2.506412750572541,rebalance,rebalance,307.43233539590767
2015-02-05,2015-02-06,REGN,sell,1275.8664923768008,409.6047107132304,522600.9255187035,522.6009255187034,rebalance,rebalance,1358.670071134158
2015-02-05,2015-02-06,WHR,sell,83.35172595984022,137.4999987581263,11460.862215965715,11.460862215965715,rebalance,rebalance,958.5457950822204
2015-02-05,2015-02-06,AVGO,buy,938.2974911300553,7.997687062375672,7504.2097054703945,7.5042097054703945,rebalance,rebalance,0.0
2015-02-05,2015-02-06,DAL,buy,13956.002266114401,39.94020783881119,557405.6311075292,557.4056311075292,rebalance,rebalance,0.0
2015-02-05,2015-02-06,EW,buy,989.8873023159977,22.46500015258789,22237.8183975737,22.2378183975737,rebalance,rebalance,0.0
2015-02-05,2015-02-06,IRM,buy,25649.722715168955,21.731448612420508,557405.6311075292,557.4056311075292,rebalance,rebalance,0.0
2015-02-05,2015-02-06,LOW,buy,272.460588785636,57.93557703766198,15785.161431316956,15.785161431316956,rebalance,rebalance,0.0
2015-02-05,2015-02-06,MAC,buy,11826.780840849127,47.13079904062119,557405.6311075292,557.4056311075292,rebalance,rebalance,0.0
2015-02-05,2015-02-06,MNST,buy,3356.471712005121,9.856666564941406,33083.62249989252,33.08362249989252,rebalance,rebalance,0.0
2015-02-05,2015-02-06,PNW,buy,12554.297320286601,44.39958819573378,557405.6311075292,557.4056311075292,rebalance,rebalance,0.0
2015-02-05,2015-02-06,RCL,buy,1340.3699461868282,65.67128435838121,88023.81588146332,88.02381588146332,rebalance,rebalance,0.0
2015-02-05,2015-02-06,ROST,buy,938.4195128623815,42.65314955559977,40026.54782801223,40.026547828012234,rebalance,rebalance,0.0
2015-02-05,2015-02-06,TGT,buy,10432.056050058403,53.43200117338409,557405.6311075292,557.4056311075292,rebalance,rebalance,0.0
2015-02-05,2015-02-06,VRTX,buy,5203.562516948449,107.12000274658203,557405.6311075292,557.4056311075292,rebalance,rebalance,0.0
2015-02-05,2015-02-06,ZTS,buy,1309.0891527322165,39.328705797104526,51484.782149986175,51.484782149986174,rebalance,rebalance,0.0
2015-03-06,2015-03-09,AVGO,sell,69695.8541588591,9.617241502701617,670281.8611828189,670.281861182819,rebalance,rebalance,146555.65198795203
2015-03-06,2015-03-09,DAL,sell,13956.002266114401,38.192444900474754,533013.847579475,533.013847579475,rebalance,rebalance,-25482.20300674096
2015-03-06,2015-03-09,PNW,sell,12554.297320286601,39.4486058747576,495249.5270225116,495.2495270225116,rebalance,rebalance,-63208.7592431476
2015-03-06,2015-03-09,RCL,sell,8487.813761425103,69.09747843181056,586486.5283132959,586.4865283132959,rebalance,rebalance,-22931.45243441285
2015-03-06,2015-03-09,ROST,sell,13068.334622767605,46.96130116855624,613705.9979912603,613.7059979912602,rebalance,rebalance,52306.06309537815
2015-03-06,2015-03-09,TGT,sell,10432.056050058403,54.581578146062164,569398.0825203633,569.3980825203632,rebalance,rebalance,10865.647699206334
2015-03-06,2015-03-09,VRTX,sell,5203.562516948449,126.33999633789062,657418.069335252,657.4180693352521,rebalance,rebalance,98797.6145272801
2015-03-06,2015-03-09,ZTS,sell,14172.997046563549,41.52872954229446,588586.5611504758,588.5865611504757,rebalance,rebalance,34010.632161950714
2015-03-06,2015-03-09,ANDV,buy,8650.299877959405,80.40060083985021,695489.3076328192,695.4893076328192,rebalance,rebalance,0.0
2015-03-06,2015-03-09,DLTR,buy,8743.893633738313,79.54000091552734,695489.3076328192,695.4893076328192,rebalance,rebalance,0.0
2015-03-06,2015-03-09,DRI,buy,17314.57111861032,40.16786225130822,695489.3076328192,695.4893076328192,rebalance,rebalance,0.0
2015-03-06,2015-03-09,EW,buy,6462.1656047755205,22.238332748413086,143707.7889943481,143.7077889943481,rebalance,rebalance,0.0
2015-03-06,2015-03-09,IRM,buy,10094.969062944987,19.457135396497087,196419.17988116993,196.41917988116992,rebalance,rebalance,0.0
2015-03-06,2015-03-09,KDP,buy,72478.77910634324,9.595764666680912,695489.3076328192,695.4893076328192,rebalance,rebalance,0.0
2015-03-06,2015-03-09,KR,buy,23425.797415855144,29.689034498441245,695489.3076328192,695.4893076328192,rebalance,rebalance,0.0
2015-03-06,2015-03-09,LOW,buy,2056.883810740892,59.55545254005357,122498.64617098372,122.49864617098372,rebalance,rebalance,0.0
2015-03-06,2015-03-09,LUV,buy,3912.4304459806044,37.78319558461189,147824.1247516755,147.8241247516755,rebalance,rebalance,0.0
2015-03-06,2015-03-09,MAC,buy,2487.739109170345,48.58628232460377,120869.99470810866,120.86999470810866,rebalance,rebalance,0.0
2015-03-06,2015-03-09,MNST,buy,4367.639894253291,11.416666984558105,49863.890181160394,49.86389018116039,rebalance,rebalance,0.0
2015-03-06,2015-03-09,MO,buy,27143.127181051463,25.623035363380612,695489.3076328192,695.4893076328192,rebalance,rebalance,0.0
2015-03-06,2015-03-09,NOC,buy,5247.45795234483,132.53832883444818,695489.3076328192,695.4893076328192,rebalance,rebalance,0.0
2015-03-06,2015-03-09,STZ,buy,7417.4646310958115,93.76375112287819,695489.3076328192,695.4893076328192,rebalance,rebalance,0.0
2015-03-06,2015-03-09,WHR,buy,1185.6533871772517,132.7393149239516,157382.81835117115,157.38281835117115,rebalance,rebalance,0.0
2015-04-06,2015-04-07,ANDV,sell,934.0368866668605,80.56673942026538,75252.30645700489,75.25230645700489,rebalance,rebalance,4.8301290546408495
2015-04-06,2015-04-07,DLTR,sell,1075.5310821421308,81.06999969482422,87193.3045010365,87.19330450103651,rebalance,rebalance,1472.8201950140212
2015-04-06,2015-04-07,DRI,sell,17314.57111861032,42.66236429658714,738680.5407013199,738.68054070132,rebalance,rebalance,41757.06322016675
2015-04-06,2015-04-07,EW,sell,31274.345765981438,23.329999923706055,729630.4843343038,729.6304843343038,rebalance,rebalance,69272.3420305363
2015-04-06,2015-04-07,IRM,sell,35744.69177811394,20.228130410241043,723048.2867615597,723.0482867615597,rebalance,rebalance,-32253.397324889644
2015-04-06,2015-04-07,KDP,sell,72478.77910634324,9.743524694253509,706198.7740320006,706.1987740320005,rebalance,rebalance,9307.778317516706
2015-04-06,2015-04-07,KR,sell,3200.273292313028,30.737109501854015,98367.1506216844,98.3671506216844,rebalance,rebalance,3160.7462669611728
2015-04-06,2015-04-07,LOW,sell,1444.0338327093377,60.74608729732073,87719.40526204607,87.71940526204607,rebalance,rebalance,6126.121659505523
2015-04-06,2015-04-07,LUV,sell,18407.371236647698,35.985648739104036,662401.1955322911,662.4011955322911,rebalance,rebalance,25289.048954586353
2015-04-06,2015-04-07,MNST,sell,6891.470444501028,11.506667137145996,79297.85649035289,79.29785649035288,rebalance,rebalance,15887.666418524866
2015-04-06,2015-04-07,MO,sell,27143.127181051463,24.864219926532968,674892.6837235184,674.8926837235184,rebalance,rebalance,-21967.005900656994
2015-04-06,2015-04-07,NOC,sell,5247.45795234483,134.88444447352828,707800.4508002306,707.8004508002306,rebalance,rebalance,10907.853408978406
2015-04-06,2015-04-07,STZ,sell,7417.4646310958115,100.07612697601476,742311.132261643,742.311132261643,rebalance,rebalance,45384.02418892941
2015-04-06,2015-04-07,WHR,sell,497.14111713244984,131.08929937747874,65169.880736629944,65.16988073662995,rebalance,rebalance,1744.7278485525017
2015-04-06,2015-04-07,AAL,buy,13556.758945146034,45.85713681515986,621674.1497177039,621.6741497177039,rebalance,rebalance,0.0
2015-04-06,2015-04-07,AVGO,buy,65103.453774825844,9.549019501605803,621674.1497177039,621.6741497177039,rebalance,rebalance,0.0
2015-04-06,2015-04-07,BSX,buy,35063.40472467326,17.729999542236328,621674.1497177039,621.6741497177039,rebalance,rebalance,0.0
2015-04-06,2015-04-07,CTSH,buy,11422.780474071611,54.42406523777921,621674.1497177039,621.6741497177039,rebalance,rebalance,0.0
2015-04-06,2015-04-07,KMX,buy,8406.68256082303,73.94999694824219,621674.1497177039,621.6741497177039,rebalance,rebalance,0.0
2015-04-06,2015-04-07,MAC,buy,343.10041919062314,42.413033907167986,14551.929712695448,14.551929712695449,rebalance,rebalance,0.0
2015-04-06,2015-04-07,SWKS,buy,8245.121132783519,75.39903170686702,621674.1497177039,621.6741497177039,rebalance,rebalance,0.0
2015-04-06,2015-04-07,TSCO,buy,43191.69917240124,14.393370986315423,621674.1497177039,621.6741497177039,rebalance,rebalance,0.0
2015-04-06,2015-04-07,VMC,buy,8088.340479654149,76.8605316852693,621674.1497177039,621.6741497177039,rebalance,rebalance,0.0
2015-05-04,2015-05-05,AAL,sell,13556.758945146034,45.86551321282411,621787.7065216668,621.7877065216669,rebalance,rebalance,-1129.905052276424
2015-05-04,2015-05-05,ANDV,sell,7716.262991292545,82.30214368661228,635064.9854330478,635.0649854330478,rebalance,rebalance,13417.347528656057
2015-05-04,2015-05-05,CTSH,sell,11422.780474071611,54.74625262757549,625354.4255428609,625.3544255428609,rebalance,rebalance,2433.247249896488
2015-05-04,2015-05-05,MAC,sell,14657.620369210095,43.77243512412973,641599.7366853714,641.5997366853713,rebalance,rebalance,-52562.24613517536
2015-05-04,2015-05-05,TSCO,sell,43191.69917240124,14.539010276837894,627964.5581416324,627.9645581416323,rebalance,rebalance,5040.769716069251
2015-05-04,2015-05-05,WHR,sell,4742.371441985967,117.5695086578428,557558.2803072756,557.5582803072756,rebalance,rebalance,-47408.29509859629
2015-05-04,2015-05-05,ADI,buy,13724.431068301543,50.234856622994265,689444.826948296,689.444826948296,rebalance,rebalance,0.0
2015-05-04,2015-05-05,AVGO,buy,10950.643735832913,9.065189772999046,99269.6636018286,99.2696636018286,rebalance,rebalance,0.0
2015-05-04,2015-05-05,BSX,buy,3582.6054239468576,17.84000015258789,63913.68130987415,63.91368130987415,rebalance,rebalance,0.0
2015-05-04,2015-05-05,CI,buy,6051.541642392569,113.92879165179363,689444.826948296,689.444826948296,rebalance,rebalance,0.0
2015-05-04,2015-05-05,DLTR,buy,1294.77893774727,76.91999816894531,99594.39352070897,99.59439352070896,rebalance,rebalance,0.0
2015-05-04,2015-05-05,KMX,buy,1288.7867266281191,71.11000061035156,91645.62491713854,91.64562491713855,rebalance,rebalance,0.0
2015-05-04,2015-05-05,KR,buy,4645.874487791942,27.720388295096182,128785.4447718737,128.7854447718737,rebalance,rebalance,0.0
2015-05-04,2015-05-05,KSS,buy,16630.41672657599,41.45685813432077,689444.8269482959,689.4448269482959,rebalance,rebalance,0.0
2015-05-04,2015-05-05,LOW,buy,1690.176466969122,57.819177159403594,97724.61257434252,97.72461257434253,rebalance,rebalance,0.0
2015-05-04,2015-05-05,MHK,buy,3861.1381965440355,178.55999755859375,689444.826948296,689.444826948296,rebalance,rebalance,0.0
2015-05-04,2015-05-05,MNST,buy,4532.5707261753705,11.773332595825195,53363.46267336357,53.36346267336357,rebalance,rebalance,0.0
2015-05-04,2015-05-05,SWKS,buy,624.0169792311626,77.7352678739247,48508.12703841173,48.50812703841173,rebalance,rebalance,0.0
2015-05-04,2015-05-05,TGT,buy,12172.099948222367,56.641403692136436,689444.826948296,689.444826948296,rebalance,rebalance,0.0
2015-05-04,2015-05-05,URBN,buy,17082.37900203269,40.36000061035156,689444.826948296,689.444826948296,rebalance,rebalance,0.0
2015-05-04,2015-05-05,VMC,buy,772.6757989160906,77.80651849333255,60119.2138377153,60.11921383771531,rebalance,rebalance,0.0
2015-06-02,2015-06-03,ADI,sell,13724.431068301543,54.577655512449,749047.270950114,749.047270950114,rebalance,rebalance,58163.951903919704
2015-06-02,2015-06-03,AVGO,sell,11858.562335999442,11.020134348974187,130682.95012839902,130.68295012839903,rebalance,rebalance,18028.329767081712
2015-06-02,2015-06-03,BSX,sell,114.23461969231721,18.360000610351562,2097.3476872742226,2.0973476872742225,rebalance,rebalance,66.67914409295966
2015-06-02,2015-06-03,CI,sell,6051.541642392569,127.92364745506116,774135.2796210488,774.1352796210489,rebalance,rebalance,83226.87256618343
2015-06-02,2015-06-03,DLTR,sell,8963.141489343452,77.94999694824219,698676.8517409851,698.6768517409851,rebalance,rebalance,-12267.31896391615
2015-06-02,2015-06-03,KMX,sell,9695.46928745115,72.1500015258789,699528.1238837125,699.5281238837125,rebalance,rebalance,-15204.498649648238
2015-06-02,2015-06-03,KR,sell,24871.398611334058,28.915190300653407,719161.2238901312,719.1612238901313,rebalance,rebalance,-11548.927286754873
2015-06-02,2015-06-03,LOW,sell,11924.15493993529,57.03102888884296,680046.8248544891,680.046824854489,rebalance,rebalance,3908.2591080428524
2015-06-02,2015-06-03,MHK,sell,3861.1381965440355,189.49000549316406,731647.0980729948,731.6470980729948,rebalance,rebalance,40781.17919967758
2015-06-02,2015-06-03,SWKS,sell,616.0818102477988,85.71896232885125,52809.893484121545,52.809893484121545,rebalance,rebalance,6157.290899363716
2015-06-02,2015-06-03,TGT,sell,12172.099948222367,57.25412494673482,696902.9312996678,696.9029312996678,rebalance,rebalance,6071.756593123809
2015-06-02,2015-06-03,VMC,sell,287.7143117636315,82.51703077391464,23741.33071789525,23.74133071789525,rebalance,rebalance,1557.8433833699555
2015-06-02,2015-06-03,AET,buy,6225.74168797581,113.63199080285911,707443.4222290438,707.4434222290438,rebalance,rebalance,0.0
2015-06-02,2015-06-03,AMZN,buy,32571.060984982345,21.719999313354492,707443.4222290438,707.4434222290438,rebalance,rebalance,0.0
2015-06-02,2015-06-03,BIIB,buy,1819.6965872387982,388.7699890136719,707443.4222290438,707.4434222290438,rebalance,rebalance,0.0
2015-06-02,2015-06-03,EFX,buy,8019.522699214705,88.21515304125502,707443.4222290438,707.4434222290438,rebalance,rebalance,0.0
2015-06-02,2015-06-03,KSS,buy,2221.4244246135386,37.52648967044818,83362.26072394125,83.36226072394125,rebalance,rebalance,0.0
2015-06-02,2015-06-03,LYB,buy,12715.742740065501,55.63524181721528,707443.4222290438,707.4434222290438,rebalance,rebalance,0.0
2015-06-02,2015-06-03,MNST,buy,8740.911569549156,10.511667251586914,91881.55389464703,91.88155389464704,rebalance,rebalance,0.0
2015-06-02,2015-06-03,NEM,buy,33910.706060703815,20.861949054161357,707443.4222290438,707.4434222290438,rebalance,rebalance,0.0
2015-06-02,2015-06-03,NFLX,buy,79271.71216321562,8.924285888671875,707443.4222290438,707.4434222290438,rebalance,rebalance,0.0
2015-06-02,2015-06-03,SBUX,buy,17153.166186856866,41.24273119741022,707443.4222290438,707.4434222290438,rebalance,rebalance,0.0
2015-06-02,2015-06-03,URBN,buy,3205.646346375477,34.869998931884766,111780.88467411319,111.78088467411318,rebalance,rebalance,0.0
2015-06-30,2015-07-01,AET,sell,552.040658814467,124.31360131077867,68626.16236720124,68.62616236720123,rebalance,rebalance,5765.327660559044
2015-06-30,2015-07-01,AMZN,sell,463.7121446795827,21.967500686645508,10186.596856654594,10.186596856654594,rebalance,rebalance,94.5109682992311
2015-06-30,2015-07-01,BIIB,sell,1819.6965872387982,408.32000732421875,743018.5238292019,743.018523829202,rebalance,rebalance,34124.63965410003
2015-06-30,2015-07-01,EFX,sell,8019.522699214705,87.82949178676628,704350.6030444638,704.3506030444638,rebalance,rebalance,-4504.613209853501
2015-06-30,2015-07-01,KSS,sell,18851.84115118953,36.10228696222055,680594.5790064426,680.5945790064426,rebalance,rebalance,-93665.9103324733
2015-06-30,2015-07-01,LYB,sell,174.5304543996681,56.240034187274844,9815.598722157947,9.815598722157947,rebalance,rebalance,86.02904440679733
2015-06-30,2015-07-01,MNST,sell,67300.78162645828,11.195833206176758,753488.3257351522,753.4883257351522,rebalance,rebalance,110847.18848848123
2015-06-30,2015-07-01,NFLX,sell,4875.536755170193,9.480570793151855,46222.8713620049,46.2228713620049,rebalance,rebalance,2622.453942912616
2015-06-30,2015-07-01,SBUX,sell,642.1184797166607,42.71795589269013,27429.98889441755,27.42998889441755,rebalance,rebalance,893.3563298233474
2015-06-30,2015-07-01,URBN,sell,20288.025348408166,35.060001373291016,711298.1965765533,711.2981965765533,rebalance,rebalance,-91440.03895405498
2015-06-30,2015-07-01,AVGO,buy,5130.210573311248,10.173972166990577,52194.6195836694,52.1946195836694,rebalance,rebalance,0.0
2015-06-30,2015-07-01,BSX,buy,1048.3714842383124,17.81999969482422,18681.97952918914,18.68197952918914,rebalance,rebalance,0.0
2015-06-30,2015-07-01,CI,buy,4766.277185940434,147.9809461724689,705318.2076957178,705.3182076957178,rebalance,rebalance,0.0
2015-06-30,2015-07-01,GME,buy,86143.4397343298,8.187718181105264,705318.2076957178,705.3182076957178,rebalance,rebalance,0.0
2015-06-30,2015-07-01,HAS,buy,13762.368546365138,51.24976891292478,705318.2076957178,705.3182076957178,rebalance,rebalance,0.0
2015-06-30,2015-07-01,HUM,buy,4026.679327744192,175.16125578612886,705318.2076957178,705.3182076957178,rebalance,rebalance,0.0
2015-06-30,2015-07-01,MLM,buy,5388.270983936897,130.89880033843113,705318.2076957178,705.3182076957178,rebalance,rebalance,0.0
2015-06-30,2015-07-01,NEM,buy,5109.799281974381,18.075578506777685,92362.57807520418,92.36257807520418,rebalance,rebalance,0.0
2015-06-30,2015-07-01,SWKS,buy,166.16371561458982,83.77476847494054,13920.326804548125,13.920326804548125,rebalance,rebalance,0.0
2015-06-30,2015-07-01,VMC,buy,567.3504797395508,77.16278589743622,43778.34359695068,43.778343596950684,rebalance,rebalance,0.0
2015-07-29,2015-07-30,AMZN,sell,5570.038865820799,26.38249969482422,146951.54867767627,146.95154867767627,rebalance,rebalance,25702.375547672036
2015-07-29,2015-07-30,BSX,sell,39580.14701316611,17.260000228881836,683153.3465064238,683.1533465064238,rebalance,rebalance,-20475.31601191268
2015-07-29,2015-07-30,GME,sell,86143.4397343298,8.660996438224753,746088.0247154591,746.0880247154591,rebalance,rebalance,39318.41078733017
2015-07-29,2015-07-30,HAS,sell,1213.2602565195466,55.79046384273735,67688.35247318402,67.68835247318401,rebalance,rebalance,5379.17703507037
2015-07-29,2015-07-30,MLM,sell,519.8217557844027,143.80771771320528,74754.38031702612,74.75438031702612,rebalance,rebalance,6567.53767049186
2015-07-29,2015-07-30,NEM,sell,39020.505342678196,13.488659987093435,526334.3290919489,526.3343290919489,rebalance,rebalance,-274797.81154169503
2015-07-29,2015-07-30,NFLX,sell,8595.371863655106,10.640000343322754,91454.75958027707,91.45475958027707,rebalance,rebalance,14579.04143416155
2015-07-29,2015-07-30,SBUX,sell,16511.047707140206,45.44633016014684,750366.5253886293,750.3665253886293,rebalance,rebalance,67974.49578766765
2015-07-29,2015-07-30,SWKS,sell,8419.220017381473,75.23132275697769,633389.0584896329,633.3890584896329,rebalance,rebalance,-5431.244041807448
2015-07-29,2015-07-30,VMC,sell,9140.652446546159,82.62628396213452,755258.1446475026,755.2581446475026,rebalance,rebalance,50365.35364714027
2015-07-29,2015-07-30,AET,buy,662.778338495239,110.49046823648878,73230.68895734102,73.23068895734102,rebalance,rebalance,0.0
2015-07-29,2015-07-30,AVGO,buy,4233.988329179323,9.517714835251246,40297.893532910675,40.29789353291068,rebalance,rebalance,0.0
2015-07-29,2015-07-30,CI,buy,505.61623703742225,132.80248975666117,67147.09513996384,67.14709513996384,rebalance,rebalance,0.0
2015-07-29,2015-07-30,HCA,buy,8100.856315345235,86.42550182960368,700120.5723032261,700.1205723032261,rebalance,rebalance,0.0
2015-07-29,2015-07-30,HUM,buy,119.65034947376807,168.85308858821426,20203.331059304957,20.203331059304958,rebalance,rebalance,0.0
2015-07-29,2015-07-30,LYB,buy,1281.1975164106698,50.65112251251941,64894.09236645243,64.89409236645243,rebalance,rebalance,0.0
2015-07-29,2015-07-30,THC,buy,12382.747806269577,56.540000915527344,700120.5723032261,700.1205723032261,rebalance,rebalance,0.0
2015-07-29,2015-07-30,TRIP,buy,9890.617789627071,70.78633379580067,700120.5723032261,700.1205723032261,rebalance,rebalance,0.0
2015-07-29,2015-07-30,UHS,buy,5180.302487712525,135.150519484892,700120.5723032261,700.1205723032261,rebalance,rebalance,0.0
2015-07-29,2015-07-30,WMB,buy,23955.4953156633,29.225885880366345,700120.5723032261,700.1205723032261,rebalance,rebalance,0.0
2015-07-29,2015-07-30,ZION,buy,30366.91049251995,23.055377084727848,700120.5723032261,700.1205723032261,rebalance,rebalance,0.0
2015-08-20,2015-08-21,AET,sell,6336.479367656582,113.95898115381601,722098.7328403204,722.0987328403205,market_trend_exit,risk_exit,2714.0573541839694
2015-08-20,2015-08-21,AMZN,sell,26537.309974481963,25.368000030517578,673198.4802425129,673.1984802425129,market_trend_exit,risk_exit,95558.53698382287
2015-08-20,2015-08-21,AVGO,sell,73559.73407714989,8.534452405328206,627792.049430035,627.792049430035,market_trend_exit,risk_exit,-74561.56797075483
2015-08-20,2015-08-21,CI,sell,5271.893422977856,130.89612643392726,690070.428040299,690.070428040299,market_trend_exit,risk_exit,-83857.41052625857
2015-08-20,2015-08-21,HAS,sell,12549.108289845592,53.924527943888585,676704.7406466625,676.7047406466626,market_trend_exit,risk_exit,32245.997088242828
2015-08-20,2015-08-21,HCA,sell,8100.856315345235,79.85788203608043,646917.2280220769,646.9172280220769,market_trend_exit,risk_exit,-54550.38208147441
2015-08-20,2015-08-21,HUM,sell,4146.32967721796,168.82558004650767,700006.5128203711,700.0065128203711,market_trend_exit,risk_exit,-26940.55398622717
2015-08-20,2015-08-21,LYB,sell,13822.409802076503,45.163460250262084,624267.8556589151,624.2678556589151,market_trend_exit,risk_exit,-139746.51022780643
2015-08-20,2015-08-21,MLM,sell,4868.4492281524945,151.74964049120294,738785.4201218155,738.7854201218155,market_trend_exit,risk_exit,100135.19706449744
2015-08-20,2015-08-21,NFLX,sell,65800.80354439032,10.619999885559082,698804.5261111208,698.8045261111208,market_trend_exit,risk_exit,110293.31386800244
2015-08-20,2015-08-21,THC,sell,12382.747806269577,49.59000015258789,614060.4656023657,614.0604656023656,market_trend_exit,risk_exit,-87374.28773876588
2015-08-20,2015-08-21,TRIP,sell,9890.617789627071,62.06254129489243,613836.8750007278,613.8368750007278,market_trend_exit,risk_exit,-87597.65474980215
2015-08-20,2015-08-21,UHS,sell,5180.302487712525,133.32881515462913,690683.5928292887,690.6835928292887,market_trend_exit,risk_exit,-10827.78363906984
2015-08-20,2015-08-21,WMB,sell,23955.4953156633,27.220408241103122,652078.3621101885,652.0783621101884,market_trend_exit,risk_exit,-49394.409127451
2015-08-20,2015-08-21,ZION,sell,30366.91049251995,21.12028321991561,641357.7501158484,641.3577501158484,market_trend_exit,risk_exit,-60104.30050979668
2015-10-22,2015-10-23,AAP,buy,2605.2356768796094,168.03711471921773,437776.2863064178,437.7762863064178,rebalance,rebalance,0.0
2015-10-22,2015-10-23,AIZ,buy,6693.106179816421,65.40704338839954,437776.2863064178,437.7762863064178,rebalance,rebalance,0.0
2015-10-22,2015-10-23,AMZN,buy,14174.856730849928,30.884000778198242,437776.2863064178,437.7762863064178,rebalance,rebalance,0.0
2015-10-22,2015-10-23,CMG,buy,33266.18188861105,13.159799575805664,437776.2863064177,437.7762863064177,rebalance,rebalance,0.0
2015-10-22,2015-10-23,EQIX,buy,1822.7968179357638,240.16735271799516,437776.2863064178,437.7762863064178,rebalance,rebalance,0.0
2015-10-22,2015-10-23,EXPE,buy,3590.162744301766,121.93772747523701,437776.2863064178,437.7762863064178,rebalance,rebalance,0.0
2015-10-22,2015-10-23,LLY,buy,6777.199665926781,64.59545356283257,437776.2863064178,437.7762863064178,rebalance,rebalance,0.0
2015-10-22,2015-10-23,MAS,buy,18484.540064435445,23.683374581156414,437776.2863064178,437.7762863064178,rebalance,rebalance,0.0
2015-10-22,2015-10-23,MDLZ,buy,11979.75798413575,36.54299918964516,437776.2863064178,437.7762863064178,rebalance,rebalance,0.0
2015-10-22,2015-10-23,MLM,buy,3098.71955679709,141.27651059811097,437776.2863064178,437.7762863064178,rebalance,rebalance,0.0
2015-10-22,2015-10-23,NFLX,buy,44849.53392867113,9.76099967956543,437776.2863064178,437.7762863064178,rebalance,rebalance,0.0
2015-10-22,2015-10-23,NKE,buy,7691.471448397652,56.91710477552625,437776.2863064178,437.7762863064178,rebalance,rebalance,0.0
2015-10-22,2015-10-23,PGR,buy,17924.62600599069,24.423175477140006,437776.28630641784,437.77628630641783,rebalance,rebalance,0.0
2015-10-22,2015-10-23,RCL,buy,5171.362184951101,84.65395975945499,437776.2863064177,437.7762863064177,rebalance,rebalance,0.0
2015-10-22,2015-10-23,UAA,buy,9376.232580482196,46.689998626708984,437776.2863064178,437.7762863064178,rebalance,rebalance,0.0
2015-11-12,2015-11-13,AAP,sell,2605.2356768796094,141.6660643905428,369073.4851533661,369.0734851533661,market_trend_exit,risk_exit,-69509.6509245114
2015-11-12,2015-11-13,AIZ,sell,6693.106179816421,66.69649606177168,446406.7299631456,446.4067299631456,market_trend_exit,risk_exit,7746.260640458369
2015-11-12,2015-11-13,AMZN,sell,14174.856730849928,33.17850112915039,470300.50005004933,470.3005000500493,market_trend_exit,risk_exit,31616.13695727518
2015-11-12,2015-11-13,CMG,sell,33266.18188861105,12.272000312805176,408242.59454286867,408.2425945428687,market_trend_exit,risk_exit,-30379.710644398332
2015-11-12,2015-11-13,EQIX,sell,1822.7968179357638,237.82691148956673,433510.13748267276,433.51013748267275,market_trend_exit,risk_exit,-5137.43524753407
2015-11-12,2015-11-13,EXPE,sell,3590.162744301766,120.42939767574025,432361.13685414434,432.3611368541443,market_trend_exit,risk_exit,-6285.2868754339615
2015-11-12,2015-11-13,LLY,sell,6777.199665926781,66.77367132848741,452538.5030201295,452.53850302012955,market_trend_exit,risk_exit,13871.901924385198
2015-11-12,2015-11-13,MAS,sell,18484.540064435445,24.286290274631764,448920.90559793974,448.92090559793974,market_trend_exit,risk_exit,10257.922099617668
2015-11-12,2015-11-13,MDLZ,sell,11979.75798413575,33.90827724940847,406212.9551068897,406.2129551068897,market_trend_exit,risk_exit,-32407.32044094136
2015-11-12,2015-11-13,MLM,sell,3098.71955679709,139.32533839127285,431730.15083040955,431.73015083040957,market_trend_exit,risk_exit,-6915.64191314499
2015-11-12,2015-11-13,NFLX,sell,44849.53392867113,10.833999633789062,485899.8341588332,485.8998341588332,market_trend_exit,risk_exit,47199.8717319502
2015-11-12,2015-11-13,NKE,sell,7691.471448397652,53.49959841745843,411490.6337286217,411.49063372862173,market_trend_exit,risk_exit,-27134.919497831077
2015-11-12,2015-11-13,PGR,sell,17924.62600599069,22.811157586582432,408881.46850320726,408.88146850320726,market_trend_exit,risk_exit,-29741.475558020094
2015-11-12,2015-11-13,RCL,sell,5171.362184951101,85.2681490602953,440952.48163118487,440.95248163118487,market_trend_exit,risk_exit,2297.4665568295513
2015-11-12,2015-11-13,UAA,sell,9376.232580482196,45.44499969482422,426102.8867586143,426.10288675861426,market_trend_exit,risk_exit,-12537.278720868457
2015-11-19,2015-11-20,AAP,buy,4452.426336359108,141.27572069891295,629019.7395279536,629.0197395279536,rebalance,rebalance,0.0
2015-11-19,2015-11-20,AIZ,buy,9083.160739123936,69.25119543669135,629019.7395279536,629.0197395279536,rebalance,rebalance,0.0
2015-11-19,2015-11-20,AMZN,buy,18834.61842675927,33.39699935913086,629019.7395279536,629.0197395279536,rebalance,rebalance,0.0
2015-11-19,2015-11-20,DHI,buy,22087.379904165256,28.478694270538288,629019.7395279536,629.0197395279536,rebalance,rebalance,0.0
2015-11-19,2015-11-20,GOOG,buy,17000.406329512985,37.000276777853536,629019.7395279536,629.0197395279536,rebalance,rebalance,0.0
2015-11-19,2015-11-20,GOOGL,buy,16498.04798152761,38.126919028981426,629019.7395279536,629.0197395279536,rebalance,rebalance,0.0
2015-11-19,2015-11-20,HRL,buy,24095.74539026125,26.10501270411762,629019.7395279536,629.0197395279536,rebalance,rebalance,0.0
2015-11-19,2015-11-20,MO,buy,22209.271682380182,28.32239384180207,629019.7395279536,629.0197395279536,rebalance,rebalance,0.0
2015-11-19,2015-11-20,NKE,buy,11135.187279999207,56.48937226747733,629019.7395279536,629.0197395279536,rebalance,rebalance,0.0
2015-11-19,2015-11-20,PGR,buy,27120.02514513982,23.19392169297749,629019.7395279536,629.0197395279536,rebalance,rebalance,0.0
2015-11-19,2015-11-20,PSA,buy,4071.312990044463,154.50046239777896,629019.7395279536,629.0197395279536,rebalance,rebalance,0.0
2015-11-19,2015-11-20,RCL,buy,7589.383125978669,82.88153715350086,629019.7395279536,629.0197395279536,rebalance,rebalance,0.0
2015-11-19,2015-11-20,SBUX,buy,12723.575214377242,49.43734201509501,629019.7395279536,629.0197395279536,rebalance,rebalance,0.0
2015-11-19,2015-11-20,TAP,buy,8861.919059586167,70.98008177444666,629019.7395279536,629.0197395279536,rebalance,rebalance,0.0
2015-11-19,2015-11-20,UAA,buy,13902.525237649521,45.244998931884766,629019.7395279536,629.0197395279536,rebalance,rebalance,0.0
2015-12-11,2015-12-14,AAP,sell,4452.426336359108,129.0184035908738,574444.9380230149,574.444938023015,market_trend_exit,risk_exit,-55778.266182489526
2015-12-11,2015-12-14,AIZ,sell,9083.160739123936,66.65057394367619,605397.8764852764,605.3978764852764,market_trend_exit,risk_exit,-24856.28065869023
2015-12-11,2015-12-14,AMZN,sell,18834.61842675927,32.087501525878906,604355.847507985,604.355847507985,market_trend_exit,risk_exit,-25897.267607004433
2015-12-11,2015-12-14,DHI,sell,22087.379904165256,28.273605411407917,624489.8639822293,624.4898639822293,market_trend_exit,risk_exit,-5783.385149234453
2015-12-11,2015-12-14,GOOG,sell,17000.406329512985,36.76535043362824,625025.8962186165,625.0258962186165,market_trend_exit,risk_exit,-5247.888945083584
2015-12-11,2015-12-14,GOOGL,sell,16498.04798152761,37.23285093204639,614269.3611659663,614.2693611659663,market_trend_exit,risk_exit,-15993.66746268114
2015-12-11,2015-12-14,HRL,sell,24095.74539026125,28.84972609065169,695155.6544591201,695.1556544591201,market_trend_exit,risk_exit,64811.73953717965
2015-12-11,2015-12-14,MO,sell,22209.271682380182,27.75150201089202,616340.6477540208,616.3406477540208,market_trend_exit,risk_exit,-13924.452161214696
2015-12-11,2015-12-14,NKE,sell,11135.187279999207,54.29385581454954,604572.252648283,604.5722526482831,market_trend_exit,risk_exit,-25681.07887184668
2015-12-11,2015-12-14,PGR,sell,27120.02514513982,22.3327024824999,605663.4528843238,605.6634528843238,market_trend_exit,risk_exit,-24590.969836041906
2015-12-11,2015-12-14,PSA,sell,4071.312990044463,159.59991470527729,649781.2059495837,649.7812059495836,market_trend_exit,risk_exit,19482.665476152724
2015-12-11,2015-12-14,RCL,sell,7589.383125978669,80.81083083075913,613304.3559032802,613.3043559032802,market_trend_exit,risk_exit,-16957.707720104616
2015-12-11,2015-12-14,SBUX,sell,12723.575214377242,47.905403401339846,609528.0033520309,609.5280033520309,market_trend_exit,risk_exit,-20730.283918802575
2015-12-11,2015-12-14,TAP,sell,8861.919059586167,69.92980480658404,619712.2700486075,619.7122700486075,market_trend_exit,risk_exit,-10556.201488922548
2015-12-11,2015-12-14,UAA,sell,13902.525237649521,41.310001373291016,574313.3366595147,574.3133366595147,market_trend_exit,risk_exit,-55909.735944626234
2016-03-17,2016-03-18,AWK,buy,11338.129203145643,56.836619918738236,644420.9401087353,644.4209401087354,rebalance,rebalance,0.0
2016-03-17,2016-03-18,EW,buy,22827.52215934629,28.229999542236328,644420.9401087353,644.4209401087354,rebalance,rebalance,0.0
2016-03-17,2016-03-18,FSLR,buy,8775.989887382757,73.43000030517578,644420.9401087355,644.4209401087355,rebalance,rebalance,0.0
2016-03-17,2016-03-18,HRL,buy,19289.98884434568,33.40701465971191,644420.9401087353,644.4209401087354,rebalance,rebalance,0.0
2016-03-17,2016-03-18,KLAC,buy,107805.02592513633,5.977652104608224,644420.9401087353,644.4209401087354,rebalance,rebalance,0.0
2016-03-17,2016-03-18,KMB,buy,6791.883957978247,94.88102919540476,644420.9401087353,644.4209401087354,rebalance,rebalance,0.0
2016-03-17,2016-03-18,MAT,buy,21124.745791262787,30.50550034903939,644420.9401087353,644.4209401087354,rebalance,rebalance,0.0
2016-03-17,2016-03-18,MCD,buy,6739.729186722349,95.61525726853853,644420.9401087353,644.4209401087354,rebalance,rebalance,0.0
2016-03-17,2016-03-18,NDAQ,buy,34569.767340092825,18.641170875378098,644420.9401087353,644.4209401087354,rebalance,rebalance,0.0
2016-03-17,2016-03-18,NEM,buy,30070.29517374038,21.430482686830814,644420.9401087353,644.4209401087354,rebalance,rebalance,0.0
2016-03-17,2016-03-18,NI,buy,38447.45685111942,16.761081041176137,644420.9401087353,644.4209401087354,rebalance,rebalance,0.0
2016-03-17,2016-03-18,O,buy,17737.5526435088,36.330882453762094,644420.9401087352,644.4209401087353,rebalance,rebalance,0.0
2016-03-17,2016-03-18,PSA,buy,3589.407558823878,179.53406782257107,644420.9401087353,644.4209401087354,rebalance,rebalance,0.0
2016-03-17,2016-03-18,TPR,buy,21489.820735397214,29.987264577189784,644420.9401087353,644.4209401087354,rebalance,rebalance,0.0
2016-03-17,2016-03-18,TSN,buy,12507.582185403131,51.522423003608274,644420.9401087353,644.4209401087354,rebalance,rebalance,0.0
2016-04-15,2016-04-18,AWK,sell,11338.129203145643,57.84359121778054,655838.1108011365,655.8381108011365,rebalance,rebalance,10116.91164149125
2016-04-15,2016-04-18,EW,sell,22827.52215934629,35.52000045776367,810833.5975495905,810.8335975495905,rebalance,rebalance,164957.40290319693
2016-04-15,2016-04-18,KLAC,sell,1426.926182527357,6.099593678256802,8703.66992228298,8.70366992228298,rebalance,rebalance,156.7682859573571
2016-04-15,2016-04-18,KMB,sell,6791.883957978247,95.27195005175689,647076.0292018325,647.0760292018325,rebalance,rebalance,1363.5921237866341
2016-04-15,2016-04-18,MAT,sell,974.192054551575,32.20076198267744,31369.726474030784,31.369726474030784,rebalance,rebalance,1590.4224713421295
2016-04-15,2016-04-18,MCD,sell,6739.729186722349,98.98496762494763,667131.8753486264,667.1318753486264,rebalance,rebalance,21399.382424433657
2016-04-15,2016-04-18,NDAQ,sell,34569.767340092825,18.120456416038195,626419.9623987327,626.4199623987327,rebalance,rebalance,-19271.818612510087
2016-04-15,2016-04-18,NEM,sell,1674.7109465662143,22.850848198926528,38268.56561706512,38.26856561706512,rebalance,rebalance,2304.5432416689246
2016-04-15,2016-04-18,NI,sell,38447.45685111942,17.005145213737485,653804.586852192,653.804586852192,rebalance,rebalance,8085.421216495734
2016-04-15,2016-04-18,O,sell,377.7145963701878,37.377260256292544,14117.936771129,14.117936771129,rebalance,rebalance,367.3915279605891
2016-04-15,2016-04-18,PSA,sell,3589.407558823878,178.09839566718355,639267.7276221944,639.2677276221945,rebalance,rebalance,-6436.9011542717735
2016-04-15,2016-04-18,AMAT,buy,33998.864418394616,19.084848738181112,648863.1846949892,648.8631846949893,rebalance,rebalance,0.0
2016-04-15,2016-04-18,AVGO,buy,54657.75199632777,11.871384405611554,648863.1846949892,648.8631846949893,rebalance,rebalance,0.0
2016-04-15,2016-04-18,CPB,buy,14935.502706537785,43.44434850599032,648863.1846949892,648.8631846949893,rebalance,rebalance,0.0
2016-04-15,2016-04-18,CPRI,buy,12437.477620638125,52.16999816894531,648863.1846949892,648.8631846949893,rebalance,rebalance,0.0
2016-04-15,2016-04-18,DG,buy,8978.995190275551,72.26456534888473,648863.1846949892,648.8631846949893,rebalance,rebalance,0.0
2016-04-15,2016-04-18,DLTR,buy,7944.9393809551575,81.66999816894531,648863.1846949892,648.8631846949893,rebalance,rebalance,0.0
2016-04-15,2016-04-18,FSLR,buy,2142.11849833232,59.43000030517578,127306.10300961247,127.30610300961247,rebalance,rebalance,0.0
2016-04-15,2016-04-18,HRL,buy,2390.403764307579,29.9285717010498,71541.37045453873,71.54137045453874,rebalance,rebalance,0.0
2016-04-15,2016-04-18,ISRG,buy,9350.062593100853,69.39666748046875,648863.1846949892,648.8631846949893,rebalance,rebalance,0.0
2016-04-15,2016-04-18,TPR,buy,592.2234252571398,29.384199215176352,17402.011107649898,17.402011107649898,rebalance,rebalance,0.0
2016-04-15,2016-04-18,TSN,buy,500.46272843241786,49.88168391122703,24963.92362901612,24.963923629016122,rebalance,rebalance,0.0
2016-05-13,2016-05-16,CPB,sell,1363.9012276989288,46.23977110425763,63066.48057761443,63.06648057761443,rebalance,rebalance,3690.360032872602
2016-05-13,2016-05-16,DG,sell,172.9816348064178,71.26354529740227,12327.284567645851,12.327284567645851,rebalance,rebalance,-197.98581219970904
2016-05-13,2016-05-16,DLTR,sell,7944.9393809551575,77.77999877929688,617957.3753522799,617.9573753522799,rebalance,rebalance,-32172.629902756573
2016-05-13,2016-05-16,FSLR,sell,10918.108385715077,48.849998474121094,533349.5779824703,533.3495779824702,rebalance,rebalance,-239682.54175697832
2016-05-13,2016-05-16,HRL,sell,21680.39260865326,30.2779926522206,656438.7681020612,656.4387681020612,rebalance,rebalance,-60895.94353987823
2016-05-13,2016-05-16,ISRG,sell,372.26957163178304,69.9000015258789,26021.64362509992,26.021643625099923,rebalance,rebalance,135.52003817180673
2016-05-13,2016-05-16,KLAC,sell,106378.09974260897,5.771784173294776,613991.4324795635,613.9914324795635,rebalance,rebalance,-23149.72203535666
2016-05-13,2016-05-16,NEM,sell,5215.703792984023,27.072950081920396,141204.4884295393,141.2044884295393,rebalance,rebalance,29176.459056092706
2016-05-13,2016-05-16,O,sell,779.0523414567688,37.84788954148701,29485.486966492605,29.485486966492605,rebalance,rebalance,1124.0387776893215
2016-05-13,2016-05-16,TSN,sell,1097.3658532247518,52.68782264271098,57817.81744887293,57.81781744887293,rebalance,rebalance,1233.8531509969405
2016-05-13,2016-05-16,AMAT,buy,2013.1390518696862,17.42607146025323,35081.10497730759,35.08110497730759,rebalance,rebalance,0.0
2016-05-13,2016-05-16,AVGO,buy,3638.1671132864067,10.764865799949584,39164.380732318146,39.16438073231815,rebalance,rebalance,0.0
2016-05-13,2016-05-16,AWK,buy,10335.866774276443,60.71554128982513,627547.745899713,627.547745899713,rebalance,rebalance,0.0
2016-05-13,2016-05-16,CPRI,buy,2554.1071082098406,41.86000061035156,106914.92510856719,106.91492510856719,rebalance,rebalance,0.0
2016-05-13,2016-05-16,EW,buy,18217.952728075285,34.4466667175293,627547.745899713,627.547745899713,rebalance,rebalance,0.0
2016-05-13,2016-05-16,MAT,buy,1744.1988083499746,28.662015914916992,49992.25400370622,49.99225400370622,rebalance,rebalance,0.0
2016-05-13,2016-05-16,TPR,buy,170.87824384978012,28.20068908219863,4818.884225719769,4.81888422571977,rebalance,rebalance,0.0
2016-05-13,2016-05-16,VTR,buy,14509.855326562412,43.249758993178595,627547.745899713,627.547745899713,rebalance,rebalance,0.0
2016-05-13,2016-05-16,WYNN,buy,7898.876918241194,79.44771799779431,627547.745899713,627.547745899713,rebalance,rebalance,0.0
2016-06-13,2016-06-14,AMAT,sell,36012.0034702643,21.246643842068544,765134.2117720421,765.1342117720421,rebalance,rebalance,79740.84359830114
2016-06-13,2016-06-14,AVGO,sell,58295.91910961417,12.170938526677148,709516.0478392577,709.5160478392578,rebalance,rebalance,20090.938798683805
2016-06-13,2016-06-14,AWK,sell,1702.9144179993618,63.106919289360334,107465.68273337376,107.46568273337377,rebalance,rebalance,3861.453020902528
2016-06-13,2016-06-14,CPB,sell,13571.601478838857,43.59148717181892,591606.2917658427,591.6062917658427,rebalance,rebalance,815.6916585569239
2016-06-13,2016-06-14,CPRI,sell,14991.584728847965,49.279998779296875,738785.2771373534,738.7852771373534,rebalance,rebalance,-18487.396053143933
2016-06-13,2016-06-14,DG,sell,8806.013555469133,78.88674662155674,694677.7600962875,694.6777600962874,rebalance,rebalance,56983.977551784985
2016-06-13,2016-06-14,EW,sell,18217.952728075285,33.54666519165039,611151.5606460554,611.1515606460554,rebalance,rebalance,-17634.88456020329
2016-06-13,2016-06-14,ISRG,sell,8977.79302146907,71.27666473388672,639907.1432414787,639.9071432414787,rebalance,rebalance,15615.290161856085
2016-06-13,2016-06-14,MAT,sell,21894.752545061187,28.93400282702766,633502.8320358713,633.5028320358714,rebalance,rebalance,-32490.343826503762
2016-06-13,2016-06-14,NEM,sell,3818.600636141233,28.13858553045506,107450.02060671018,107.45002060671018,rebalance,rebalance,25426.281310536917
2016-06-13,2016-06-14,O,sell,2363.806456013541,38.320308274289815,90581.79209519537,90.58179209519537,rebalance,rebalance,4526.156631731398
2016-06-13,2016-06-14,TPR,sell,22252.922404504134,28.611865012381788,636697.6119686787,636.6976119686786,rebalance,rebalance,-31247.562920837077
2016-06-13,2016-06-14,TSN,sell,11910.679060610797,46.13908915226974,549547.883041594,549.547883041594,rebalance,rebalance,-64529.766962509704
2016-06-13,2016-06-14,VTR,sell,14509.855326562412,45.41589293589112,658978.036026428,658.978036026428,rebalance,rebalance,30143.76434478888
2016-06-13,2016-06-14,WYNN,sell,1698.5700123184206,87.8664614256526,149247.33646614678,149.24733646614678,rebalance,rebalance,14015.630280158568
2016-06-13,2016-06-14,CNP,buy,32696.924671613528,16.662087736020286,544799.0275764709,544.7990275764708,rebalance,rebalance,0.0
2016-06-13,2016-06-14,DLR,buy,7659.200966134525,71.13000820651168,544799.0275764709,544.7990275764708,rebalance,rebalance,0.0
2016-06-13,2016-06-14,EQT,buy,14772.599560798144,36.87902222857221,544799.0275764709,544.7990275764708,rebalance,rebalance,0.0
2016-06-13,2016-06-14,EXC,buy,31555.920424443597,17.26455829044565,544799.0275764709,544.7990275764708,rebalance,rebalance,0.0
2016-06-13,2016-06-14,FCX,buy,58728.6548735961,9.276545303975757,544799.0275764709,544.7990275764708,rebalance,rebalance,0.0
2016-06-13,2016-06-14,IRM,buy,24888.93990644964,21.889201774933507,544799.0275764709,544.7990275764708,rebalance,rebalance,0.0
2016-06-13,2016-06-14,MLM,buy,3215.2342728593962,169.44302695926606,544799.0275764709,544.7990275764708,rebalance,rebalance,0.0
2016-06-13,2016-06-14,MUR,buy,27137.134945390673,20.07577545208053,544799.0275764709,544.7990275764708,rebalance,rebalance,0.0
2016-06-13,2016-06-14,NRG,buy,45384.434708145585,12.004094158711434,544799.0275764709,544.7990275764708,rebalance,rebalance,0.0
2016-06-13,2016-06-14,OKE,buy,22516.84674201967,24.195174120886016,544799.0275764709,544.7990275764708,rebalance,rebalance,0.0
2016-06-13,2016-06-14,RRC,buy,13475.28992024634,40.429484693900484,544799.0275764709,544.7990275764708,rebalance,rebalance,0.0
2016-06-27,2016-06-28,AWK,sell,8632.952356277081,67.19599394794521,580099.814285294,580.0998142852941,market_trend_exit,risk_exit,54841.18485513396
2016-06-27,2016-06-28,CNP,sell,32696.924671613528,16.922997146627235,553329.9629212014,553.3299629212014,market_trend_exit,risk_exit,7432.806354232853
2016-06-27,2016-06-28,DLR,sell,7659.200966134525,74.35258212509545,569481.3688471277,569.4813688471277,market_trend_exit,risk_exit,23568.060874233204
2016-06-27,2016-06-28,EQT,sell,14772.599560798144,38.408815680972005,567398.0536595039,567.398053659504,market_trend_exit,risk_exit,21486.829001797156
2016-06-27,2016-06-28,EXC,sell,31555.920424443597,17.42516446087194,549867.1031101176,549.8671031101176,market_trend_exit,risk_exit,3973.409402960194
2016-06-27,2016-06-28,FCX,sell,58728.6548735961,9.56475004807756,561724.9045257587,561.7249045257587,market_trend_exit,risk_exit,15819.353017185711
2016-06-27,2016-06-28,IRM,sell,24888.93990644964,22.149857790027422,551286.479472398,551.2864794723979,market_trend_exit,risk_exit,5391.366388878223
2016-06-27,2016-06-28,MLM,sell,3215.2342728593962,168.27481550860458,541042.9540823572,541.0429540823573,market_trend_exit,risk_exit,-4841.915475772364
2016-06-27,2016-06-28,MUR,sell,27137.134945390673,20.437126144149715,554605.0500697626,554.6050500697627,market_trend_exit,risk_exit,8706.618415645595
2016-06-27,2016-06-28,NEM,sell,19361.27979804891,28.833654092854154,558256.4444919074,558.2564444919074,market_trend_exit,risk_exit,142361.6949689342
2016-06-27,2016-06-28,NRG,sell,45384.434708145585,11.022674169497984,500257.83615474415,500.25783615474415,market_trend_exit,risk_exit,-45586.248285457914
2016-06-27,2016-06-28,O,sell,14216.979249668302,40.153028524898296,570854.7733498185,570.8547733498185,market_trend_exit,risk_exit,53252.00120722754
2016-06-27,2016-06-28,OKE,sell,22516.84674201967,24.605069980435697,554028.5898261395,554.0285898261395,market_trend_exit,risk_exit,8130.734632266047
2016-06-27,2016-06-28,RRC,sell,13475.28992024634,40.87902060712091,550856.6543366788,550.8566543366788,market_trend_exit,risk_exit,4961.971078294818
2016-06-27,2016-06-28,WYNN,sell,6200.306905922774,79.76607791841019,494574.16377589275,494.57416377589277,market_trend_exit,risk_exit,986.7548160263067
2016-07-12,2016-07-13,ALB,buy,4176.611897806829,74.824911948094,312514.61749475775,312.5146174947578,rebalance,rebalance,0.0
2016-07-12,2016-07-13,AMAT,buy,13687.518982330961,22.832086508751424,312514.61749475775,312.5146174947578,rebalance,rebalance,0.0
2016-07-12,2016-07-13,APA,buy,7036.706235431759,44.412059710715276,312514.61749475775,312.5146174947578,rebalance,rebalance,0.0
2016-07-12,2016-07-13,EQT,buy,8018.327671515898,38.97503697746435,312514.61749475775,312.5146174947578,rebalance,rebalance,0.0
2016-07-12,2016-07-13,FCX,buy,27108.859740266274,11.528135837840596,312514.61749475775,312.5146174947578,rebalance,rebalance,0.0
2016-07-12,2016-07-13,HP,buy,7279.041074052353,42.93348729804269,312514.61749475775,312.5146174947578,rebalance,rebalance,0.0
2016-07-12,2016-07-13,IRM,buy,13133.690793511287,23.794881607016052,312514.61749475775,312.5146174947578,rebalance,rebalance,0.0
2016-07-12,2016-07-13,JCI,buy,9720.976721443049,32.148479154918284,312514.61749475775,312.5146174947578,rebalance,rebalance,0.0
2016-07-12,2016-07-13,MLM,buy,1693.9261469804135,184.49128850856053,312514.61749475775,312.5146174947578,rebalance,rebalance,0.0
2016-07-12,2016-07-13,MUR,buy,13799.430899604919,22.646920714948116,312514.61749475775,312.5146174947578,rebalance,rebalance,0.0
2016-07-12,2016-07-13,NEM,buy,9846.426993647472,31.73888535368006,312514.61749475775,312.5146174947578,rebalance,rebalance,0.0
2016-07-12,2016-07-13,NRG,buy,24370.85350814871,12.82329391501469,312514.61749475775,312.5146174947578,rebalance,rebalance,0.0
2016-07-12,2016-07-13,OKE,buy,11996.479689181067,26.050526953886035,312514.61749475775,312.5146174947578,rebalance,rebalance,0.0
2016-07-12,2016-07-13,RRC,buy,7430.381202724794,42.05902886653454,312514.61749475775,312.5146174947578,rebalance,rebalance,0.0
2016-07-12,2016-07-13,WYNN,buy,3662.868062365541,85.31964902195539,312514.61749475775,312.5146174947578,rebalance,rebalance,0.0
2016-08-09,2016-08-10,APA,sell,7036.706235431759,39.07835384695609,274982.8961852846,274.98289618528463,rebalance,rebalance,-38119.21882315319
2016-08-09,2016-08-10,EQT,sell,8018.327671515898,34.341010825806414,275357.47737239057,275.3574773723906,rebalance,rebalance,-37745.01221723427
2016-08-09,2016-08-10,HP,sell,7279.041074052353,39.34850798411058,286419.4058190179,286.4194058190179,rebalance,rebalance,-26694.145699053577
2016-08-09,2016-08-10,JCI,sell,9720.976721443049,33.6497912077606,327108.83701205975,327.1088370120598,rebalance,rebalance,13954.596062795266
2016-08-09,2016-08-10,MLM,sell,1693.9261469804135,185.928418667987,314949.0098484244,314.9490098484244,rebalance,rebalance,1806.9287263234396
2016-08-09,2016-08-10,NRG,sell,24370.85350814871,10.444888028570574,254550.83605330964,254.55083605330964,rebalance,rebalance,-58530.84689499617
2016-08-09,2016-08-10,RRC,sell,7430.381202724794,36.505466500339864,271249.532080825,271.249532080825,rebalance,rebalance,-41848.849563508316
2016-08-09,2016-08-10,ALB,buy,4826.361312264732,71.77139637147667,346394.69077451236,346.39469077451236,rebalance,rebalance,0.0
2016-08-09,2016-08-10,AMAT,buy,13229.497807691796,24.00548187871028,317580.4698869828,317.5804698869828,rebalance,rebalance,0.0
2016-08-09,2016-08-10,AMZN,buy,16787.631348515195,38.4900016784668,646155.9587818317,646.1559587818317,rebalance,rebalance,0.0
2016-08-09,2016-08-10,DHR,buy,9439.582994118196,68.45174825884273,646155.9587818317,646.1559587818317,rebalance,rebalance,0.0
2016-08-09,2016-08-10,DVN,buy,23145.399139586214,27.91725279330756,646155.9587818317,646.1559587818317,rebalance,rebalance,0.0
2016-08-09,2016-08-10,FCX,buy,30424.758936910363,11.230928518635995,341698.29281717195,341.698292817172,rebalance,rebalance,0.0
2016-08-09,2016-08-10,IRM,buy,17130.50152852962,21.350510593710673,365744.9543604486,365.7449543604486,rebalance,rebalance,0.0
2016-08-09,2016-08-10,MUR,buy,19057.430922380565,19.66578434308872,374779.32665284653,374.7793266528465,rebalance,rebalance,0.0
2016-08-09,2016-08-10,NAVI,buy,73341.23801227975,8.810267951485136,646155.9587818317,646.1559587818317,rebalance,rebalance,0.0
2016-08-09,2016-08-10,NEM,buy,8234.195370247713,35.737484350766984,294269.4281853856,294.2694281853856,rebalance,rebalance,0.0
2016-08-09,2016-08-10,OKE,buy,13940.785855630673,24.912262152903892,347296.5118529659,347.2965118529659,rebalance,rebalance,0.0
2016-08-09,2016-08-10,QRVO,buy,11778.271082627516,54.86000061035156,646155.9587818317,646.1559587818317,rebalance,rebalance,0.0
2016-08-09,2016-08-10,ULTA,buy,2462.578309801849,262.3900146484375,646155.9587818317,646.1559587818317,rebalance,rebalance,0.0
2016-08-09,2016-08-10,WMB,buy,41731.45085823164,15.48366868376865,646155.9587818317,646.1559587818317,rebalance,rebalance,0.0
2016-08-09,2016-08-10,WYNN,buy,3578.4253196636464,89.23211982895285,319310.4769231854,319.31047692318543,rebalance,rebalance,0.0
2016-09-07,2016-09-08,ALB,sell,364.4737823396299,72.41006459944337,26391.570124016063,26.391570124016063,rebalance,rebalance,-336.5917793313331
2016-09-07,2016-09-08,AMAT,sell,3610.3956091750697,26.83848065108394,96897.53269960353,96.89753269960353,rebalance,rebalance,12201.088079399995
2016-09-07,2016-09-08,AMZN,sell,828.3946675686075,39.19449996948242,32468.514772737188,32.46851477273719,rebalance,rebalance,519.2492006706594
2016-09-07,2016-09-08,DHR,sell,57.948258260315924,66.67433973031622,3863.661858028407,3.863661858028407,rebalance,rebalance,-110.82804988964381
2016-09-07,2016-09-08,DVN,sell,3065.0151145304044,31.150514891738247,95476.79896858217,95.47679896858217,rebalance,rebalance,9728.953600192115
2016-09-07,2016-09-08,FCX,sell,57533.61867717664,9.564751625061035,550294.7727381672,550.2947727381672,rebalance,rebalance,-105122.64525681268
2016-09-07,2016-09-08,IRM,sell,30264.192322040908,22.88176011549901,692497.988802267,692.4979888022671,rebalance,rebalance,12867.659386403293
2016-09-07,2016-09-08,MUR,sell,32856.86182198548,19.767815753794935,649508.390744908,649.5083907449081,rebalance,rebalance,-39122.35573758885
2016-09-07,2016-09-08,NAVI,sell,73341.23801227975,9.228939853105649,676861.8743676355,676.8618743676354,rebalance,rebalance,29382.89775265447
2016-09-07,2016-09-08,OKE,sell,3261.817991186621,27.585532771736755,89978.98709131908,89.97898709131908,rebalance,rebalance,6829.520102995743
2016-09-07,2016-09-08,QRVO,sell,11778.271082627516,55.709999084472656,656167.4712298497,656.1674712298498,rebalance,rebalance,8709.189018006364
2016-09-07,2016-09-08,WMB,sell,7958.253701116482,18.521027153407765,147395.03289208622,147.39503289208622,rebalance,rebalance,23901.451286121435
2016-09-07,2016-09-08,WYNN,sell,7241.293382029187,85.26821289598074,617452.1457411211,617.4521457411212,rebalance,rebalance,-15622.225916981022
2016-09-07,2016-09-08,BSX,buy,25699.026198971387,24.34000015258789,625514.3016043238,625.5143016043238,rebalance,rebalance,0.0
2016-09-07,2016-09-08,GRMN,buy,16634.85359629811,37.602633409621625,625514.3016043238,625.5143016043238,rebalance,rebalance,0.0
2016-09-07,2016-09-08,NEM,buy,1002.9776404082804,32.77758397070084,32875.1838292178,32.875183829217804,rebalance,rebalance,0.0
2016-09-07,2016-09-08,NWL,buy,18183.977598352478,34.39920106704252,625514.3016043238,625.5143016043238,rebalance,rebalance,0.0
2016-09-07,2016-09-08,OI,buy,34667.2239199174,18.043391736508394,625514.3016043238,625.5143016043238,rebalance,rebalance,0.0
2016-09-07,2016-09-08,RRC,buy,16113.744828841578,38.818679844348274,625514.3016043238,625.5143016043238,rebalance,rebalance,0.0
2016-09-07,2016-09-08,ULTA,buy,91.27103617159264,244.92999267578125,22355.01422101915,22.355014221019154,rebalance,rebalance,0.0
2016-09-07,2016-09-08,URI,buy,7746.396431488563,80.74906921386719,625514.3016043238,625.5143016043238,rebalance,rebalance,0.0
2016-10-05,2016-10-06,ALB,sell,8638.499427731931,72.93354349939834,630036.3737820145,630.0363737820145,rebalance,rebalance,-3460.109836083379
2016-10-05,2016-10-06,AMAT,sell,7608.961419991165,27.009255637802436,205512.3841307176,205.5123841307176,rebalance,rebalance,27012.09199954856
2016-10-05,2016-10-06,AMZN,sell,5908.695218485993,42.185001373291016,249258.31590618967,249.25831590618967,rebalance,rebalance,21355.94302433183
2016-10-05,2016-10-06,BSX,sell,25699.026198971387,23.3799991607666,600843.2109644699,600.8432109644699,rebalance,rebalance,-25897.448152422523
2016-10-05,2016-10-06,DHR,sell,2917.7227260889194,65.59218392135459,191379.8056811405,191.3798056811405,rebalance,rebalance,-8734.518881419013
2016-10-05,2016-10-06,DVN,sell,6415.323908443814,31.026728150343267,199046.51090368387,199.04651090368387,rebalance,rebalance,19570.146870501383
2016-10-05,2016-10-06,GRMN,sell,16634.85359629811,37.75047151391989,627973.5668252797,627.9735668252797,rebalance,rebalance,1205.777352526339
2016-10-05,2016-10-06,NEM,sell,2945.85731740518,26.272702051473154,77395.63158633826,77.39563158633827,rebalance,rebalance,-21522.085907603745
2016-10-05,2016-10-06,NWL,sell,18183.977598352478,33.84520007903796,615440.3600489837,615.4403600489837,rebalance,rebalance,-11314.896216993307
2016-10-05,2016-10-06,OI,sell,34667.2239199174,17.896379470825195,620417.7944709099,620.4177944709098,rebalance,rebalance,-6342.43922948894
2016-10-05,2016-10-06,OKE,sell,7092.63426498431,27.208315824799296,192978.63311148633,192.97863311148635,rebalance,rebalance,12177.609449081807
2016-10-05,2016-10-06,RRC,sell,16113.744828841578,36.66364453167585,590788.6124787775,590.7886124787775,rebalance,rebalance,-35941.99203962936
2016-10-05,2016-10-06,ULTA,sell,2553.849345973442,235.60000610351562,601686.9214988023,601.6869214988022,rebalance,rebalance,-68094.24939855014
2016-10-05,2016-10-06,URI,sell,2284.822094004864,77.63001640138052,177370.77663183416,177.37077663183416,rebalance,rebalance,-7488.348812379528
2016-10-05,2016-10-06,WMB,sell,10881.270536340064,18.521031996120513,201532.35976199774,201.53235976199775,rebalance,rebalance,32680.357571249453
2016-10-05,2016-10-06,CHTR,buy,1587.9479602854624,267.0,423982.1053962185,423.9821053962185,rebalance,rebalance,0.0
2016-10-05,2016-10-06,CTAS,buy,17124.584146666373,24.758680372320438,423982.1053962185,423.9821053962185,rebalance,rebalance,0.0
2016-10-05,2016-10-06,EBAY,buy,14968.22491526653,28.325476654468677,423982.1053962185,423.9821053962185,rebalance,rebalance,0.0
2016-10-05,2016-10-06,JCI,buy,12879.42416050996,32.919337084665976,423982.1053962185,423.9821053962185,rebalance,rebalance,0.0
2016-10-05,2016-10-06,MS,buy,17294.755689593076,24.515067631244133,423982.1053962185,423.9821053962185,rebalance,rebalance,0.0
2016-10-05,2016-10-06,MU,buy,24648.092710800116,17.201416368027584,423982.1053962185,423.9821053962185,rebalance,rebalance,0.0
2016-10-05,2016-10-06,NTAP,buy,15449.70148253923,27.442737704375052,423982.1053962185,423.9821053962185,rebalance,rebalance,0.0
2016-11-02,2016-11-03,AMZN,sell,10050.541462460595,38.252498626708984,384458.32349045563,384.45832349045565,rebalance,rebalance,-3158.337950402828
2016-11-02,2016-11-03,CHTR,sell,1587.9479602854624,267.57000732421875,424887.2473640594,424.88724736405936,rebalance,rebalance,56.27261508066698
2016-11-02,2016-11-03,CTAS,sell,17124.584146666373,23.329170081422546,399502.336131212,399.502336131212,rebalance,rebalance,-25303.253706533866
2016-11-02,2016-11-03,JCI,sell,12879.42416050996,33.42442313765803,430487.322910261,430.487322910261,rebalance,rebalance,5650.7480857360415
2016-11-02,2016-11-03,MS,sell,17294.755689593076,25.10989682319809,434269.53094810026,434.2695309481003,rebalance,rebalance,9429.173915537445
2016-11-02,2016-11-03,NEM,sell,16137.742686898286,29.210999633590898,471399.59571397,471.39959571397003,rebalance,rebalance,-70530.37075825874
2016-11-02,2016-11-03,OKE,sell,15582.81328864081,25.95261597789192,404414.769135286,404.414769135286,rebalance,rebalance,7206.946919604342
2016-11-02,2016-11-03,URI,sell,5461.574337483699,68.6482665054027,374927.6106586492,374.9276106586492,rebalance,rebalance,-66905.3781903556
2016-11-02,2016-11-03,AMAT,buy,6337.098107749736,25.634076870820873,162445.66003199024,162.44566003199023,rebalance,rebalance,0.0
2016-11-02,2016-11-03,DHR,buy,2234.761410668956,64.934116931745,145112.2587549294,145.11225875492943,rebalance,rebalance,0.0
2016-11-02,2016-11-03,DVN,buy,6676.298951483375,27.76808939574291,185388.066117495,185.38806611749501,rebalance,rebalance,0.0
2016-11-02,2016-11-03,EBAY,buy,7769.00017436419,24.84211133096328,192998.36726182833,192.99836726182832,rebalance,rebalance,0.0
2016-11-02,2016-11-03,HPE,buy,58050.42686404248,9.73017267136843,564840.6770337779,564.840677033778,rebalance,rebalance,0.0
2016-11-02,2016-11-03,HPQ,buy,53546.33651327388,10.548633460549754,564840.6770337779,564.840677033778,rebalance,rebalance,0.0
2016-11-02,2016-11-03,ILMN,buy,4273.930713131053,132.15953063964844,564840.6770337779,564.840677033778,rebalance,rebalance,0.0
2016-11-02,2016-11-03,KMI,buy,47386.848918024516,11.919777109697828,564840.6770337779,564.840677033778,rebalance,rebalance,0.0
2016-11-02,2016-11-03,MCHP,buy,22749.878858481992,24.828293836087155,564840.6770337779,564.840677033778,rebalance,rebalance,0.0
2016-11-02,2016-11-03,MU,buy,10120.358206345834,16.245782085023194,164413.13404267063,164.41313404267063,rebalance,rebalance,0.0
2016-11-02,2016-11-03,NTAP,buy,6665.419987629239,25.540925822890134,170240.99748244765,170.24099748244765,rebalance,rebalance,0.0
2016-11-02,2016-11-03,QCOM,buy,10929.978424082365,51.678114550459384,564840.6770337779,564.840677033778,rebalance,rebalance,0.0
2016-11-02,2016-11-03,STX,buy,25781.243013017287,21.90897765280683,564840.6770337779,564.840677033778,rebalance,rebalance,0.0
2016-11-02,2016-11-03,WDC,buy,15224.373344453583,37.101078924838376,564840.6770337779,564.840677033778,rebalance,rebalance,0.0
2016-11-02,2016-11-03,WMB,buy,10108.111325754526,17.116364470519592,173014.11756020144,173.01411756020144,rebalance,rebalance,0.0
2016-12-01,2016-12-02,AMAT,sell,22034.75786860626,27.230932774128096,600027.0102142071,600.0270102142072,rebalance,rebalance,68988.02187739054
2016-12-01,2016-12-02,DVN,sell,20341.35906809537,32.89278490286344,669083.9484587718,669.0839484587718,rebalance,rebalance,100968.98167778735
2016-12-01,2016-12-02,EBAY,sell,22737.22508963072,24.454095213405957,556018.2672304724,556.0182672304725,rebalance,rebalance,-62135.20416746286
2016-12-01,2016-12-02,HPE,sell,58050.42686404248,10.298905717093035,597855.8731097782,597.8558731097781,rebalance,rebalance,31852.499525856743
2016-12-01,2016-12-02,HPQ,sell,53546.33651327388,10.807493905710833,578701.705540349,578.701705540349,rebalance,rebalance,12717.486123997029
2016-12-01,2016-12-02,ILMN,sell,4273.930713131053,124.50389099121094,532121.0036116571,532.1210036116571,rebalance,rebalance,-33816.63510276619
2016-12-01,2016-12-02,KMI,sell,47386.848918024516,12.952337697154913,613770.4695903135,613.7704695903135,rebalance,rebalance,47751.181409911536
2016-12-01,2016-12-02,MCHP,sell,22749.878858481992,25.469223169150577,579421.7417178184,579.4217417178185,rebalance,rebalance,13436.802265288989
2016-12-01,2016-12-02,STX,sell,1435.6787509418646,25.708146374251392,36908.63947561586,36.908639475615864,rebalance,rebalance,5386.022911474325
2016-12-01,2016-12-02,WDC,sell,22.28435500872365,41.17061346290895,917.4605663344005,0.9174605663344005,rebalance,rebalance,88.94271818632488
2016-12-01,2016-12-02,AAL,buy,14052.612777779592,44.53828903638742,625879.3296131785,625.8793296131785,rebalance,rebalance,0.0
2016-12-01,2016-12-02,AKAM,buy,9881.26504744896,63.34000015258789,625879.3296131785,625.8793296131785,rebalance,rebalance,0.0
2016-12-01,2016-12-02,DHR,buy,925.0027049495911,65.03536917271067,60157.892402152625,60.157892402152626,rebalance,rebalance,0.0
2016-12-01,2016-12-02,FFIV,buy,4509.542185241342,138.7899932861328,625879.3296131785,625.8793296131785,rebalance,rebalance,0.0
2016-12-01,2016-12-02,HOG,buy,12875.263218073716,48.610992956990366,625879.3296131785,625.8793296131785,rebalance,rebalance,0.0
2016-12-01,2016-12-02,MS,buy,19583.981668178683,31.95873751404433,625879.3296131785,625.8793296131785,rebalance,rebalance,0.0
2016-12-01,2016-12-02,MU,buy,0.6237490434650681,18.001034989343676,11.22812835598434,0.011228128355984341,rebalance,rebalance,0.0
2016-12-01,2016-12-02,NFLX,buy,53608.50701397578,11.675000190734863,625879.3296131785,625.8793296131785,rebalance,rebalance,0.0
2016-12-01,2016-12-02,NTAP,buy,407.82228846986254,27.78852250932483,11332.77884294914,11.33277884294914,rebalance,rebalance,0.0
2016-12-01,2016-12-02,PFG,buy,15476.287969119156,40.44117884482611,625879.3296131785,625.8793296131785,rebalance,rebalance,0.0
2016-12-01,2016-12-02,QCOM,buy,1789.9349132710686,49.20468504885285,88073.18366544867,88.07318366544867,rebalance,rebalance,0.0
2016-12-01,2016-12-02,UAL,buy,9054.966793156385,69.12000274658203,625879.3296131785,625.8793296131785,rebalance,rebalance,0.0
2016-12-01,2016-12-02,WMB,buy,1411.5673526211976,18.188030583642185,25673.630180345175,25.673630180345175,rebalance,rebalance,0.0
2016-12-30,2017-01-03,AAL,sell,148.72531148229427,45.68823618058385,6794.99715703396,6.7949971570339605,rebalance,rebalance,157.6072791419308
2016-12-30,2017-01-03,AKAM,sell,9881.26504744896,67.2699966430664,664712.666571141,664.712666571141,rebalance,rebalance,37542.74496177821
2016-12-30,2017-01-03,DHR,sell,40.57532688502033,66.28794872821514,2689.655188184797,2.689655188184797,rebalance,rebalance,-46.74983584683208
2016-12-30,2017-01-03,FFIV,sell,4509.542185241342,145.64999389648438,656814.7917563403,656.8147917563404,rebalance,rebalance,29652.768021792308
2016-12-30,2017-01-03,HOG,sell,12875.263218073716,46.36374990385021,596945.4837890115,596.9454837890115,rebalance,rebalance,-30156.670637569245
2016-12-30,2017-01-03,MS,sell,168.2637436830919,32.71803272270468,5505.258671868193,5.5052586718681935,rebalance,rebalance,116.87909888045829
2016-12-30,2017-01-03,MU,sell,5252.050267111088,21.521278222349746,113030.83503626403,113.03083503626404,rebalance,rebalance,23947.053176043017
2016-12-30,2017-01-03,NFLX,sell,53608.50701397578,12.496000289916992,669891.9191886585,669.8919191886584,rebalance,rebalance,42716.81832667823
2016-12-30,2017-01-03,PFG,sell,15476.287969119156,40.775127429683444,631047.6140793103,631.0476140793104,rebalance,rebalance,3911.357522439453
2016-12-30,2017-01-03,QCOM,sell,12719.913337353433,50.6743004884363,644572.7106439165,644.5727106439165,rebalance,rebalance,-9638.636626653215
2016-12-30,2017-01-03,STX,sell,135.00475995336456,26.238307063195762,3542.2963466494134,3.5422963466494135,rebalance,rebalance,577.9799651931095
2016-12-30,2017-01-03,UAL,sell,472.9062257711121,74.0199966430664,35004.51724406292,35.00451724406292,rebalance,rebalance,2249.5458230196778
2016-12-30,2017-01-03,WDC,sell,15202.08898944486,46.48165527723208,706618.2599011813,706.6182599011813,rebalance,rebalance,141333.7243180502
2016-12-30,2017-01-03,WMB,sell,34411.60529915082,19.102889262462533,657361.0853732469,657.361085373247,rebalance,rebalance,103011.83046303209
2016-12-30,2017-01-03,BAC,buy,34830.99157405504,18.23789865522037,635244.0943884505,635.2440943884505,rebalance,rebalance,0.0
2016-12-30,2017-01-03,CFG,buy,25248.074073715972,25.160101025280152,635244.0943884505,635.2440943884505,rebalance,rebalance,0.0
2016-12-30,2017-01-03,KEY,buy,51891.198508041714,12.241846645534793,635244.0943884505,635.2440943884505,rebalance,rebalance,0.0
2016-12-30,2017-01-03,LNC,buy,13923.176858996725,45.62493896484375,635244.0943884505,635.2440943884505,rebalance,rebalance,0.0
2016-12-30,2017-01-03,NTAP,buy,285.39935723478993,27.851391535159866,7948.769242229095,7.948769242229095,rebalance,rebalance,0.0
2016-12-30,2017-01-03,RF,buy,62628.7972868111,10.143003249436909,635244.0943884505,635.2440943884505,rebalance,rebalance,0.0
2016-12-30,2017-01-03,SCHW,buy,17990.047031263857,35.310863461584994,635244.0943884505,635.2440943884505,rebalance,rebalance,0.0
2016-12-30,2017-01-03,URI,buy,6116.747387935666,103.85324979111788,635244.0943884505,635.2440943884505,rebalance,rebalance,0.0
2016-12-30,2017-01-03,ZION,buy,19340.662837058033,32.84500121532957,635244.0943884505,635.2440943884505,rebalance,rebalance,0.0
2017-01-31,2017-02-01,AAL,sell,13903.887466297298,43.24341633468119,601251.5943756497,601.2515943756497,rebalance,rebalance,-19224.27128078263
2017-01-31,2017-02-01,BAC,sell,8333.995475037504,18.536478870185363,154482.9310272531,154.4829310272531,rebalance,rebalance,2181.8886645599364
2017-01-31,2017-02-01,CFG,sell,5854.682289724704,25.32620460533691,148276.88156881023,148.27688156881024,rebalance,rebalance,676.902408968967
2017-01-31,2017-02-01,DHR,sell,9583.100798502488,71.45137968964279,684725.7737579203,684.7257737579203,rebalance,rebalance,38390.79830709169
2017-01-31,2017-02-01,KEY,sell,11063.890046694054,12.030207888374965,133100.89731585208,133.10089731585208,rebalance,rebalance,-2610.0912814058374
2017-01-31,2017-02-01,LNC,sell,3453.5020445955724,46.912728142924294,162013.2025591453,162.01320255914533,rebalance,rebalance,4127.803536950435
2017-01-31,2017-02-01,MS,sell,4544.46895951067,33.02755602231427,150092.7031519069,150.0927031519069,rebalance,rebalance,4561.884340413629
2017-01-31,2017-02-01,MU,sell,8899.586756202705,23.82260185870109,212011.31199998618,212.0113119999862,rebalance,rebalance,61038.57349702637
2017-01-31,2017-02-01,NTAP,sell,22808.343115873122,30.45815393686076,694700.025668002,694.700025668002,rebalance,rebalance,79887.17002752578
2017-01-31,2017-02-01,RF,sell,14171.883677188387,10.136035742385507,143646.71948891124,143.64671948891126,rebalance,rebalance,-386.13488112970515
2017-01-31,2017-02-01,SCHW,sell,17990.047031263857,36.739172346790205,660939.4384084643,660.9394384084643,rebalance,rebalance,24399.160487216945
2017-01-31,2017-02-01,STX,sell,24210.559502122058,31.116209668221344,753340.8456529785,753.3408456529785,rebalance,rebalance,221628.4691062895
2017-01-31,2017-02-01,UAL,sell,1659.4244935440984,70.94999694824219,117736.16275279212,117.73616275279213,rebalance,rebalance,2804.3016129742514
2017-01-31,2017-02-01,URI,sell,6116.747387935666,122.76979146086533,750951.8012356544,750.9518012356544,rebalance,rebalance,114321.51095157996
2017-01-31,2017-02-01,ZION,sell,4018.9570304820845,32.056548697209706,128833.89175964225,128.83389175964226,rebalance,rebalance,-3429.5933312092975
2017-01-31,2017-02-01,FITB,buy,26119.232650447146,18.80457266436632,491161.0083128226,491.1610083128226,rebalance,rebalance,0.0
2017-01-31,2017-02-01,FTI,buy,21399.171497270418,22.952337588185266,491161.00831282255,491.16100831282256,rebalance,rebalance,0.0
2017-01-31,2017-02-01,GS,buy,2612.212825812525,188.02488199254887,491161.0083128226,491.1610083128226,rebalance,rebalance,0.0
2017-01-31,2017-02-01,PNC,buy,5540.616572509795,88.64735573830475,491161.0083128226,491.1610083128226,rebalance,rebalance,0.0
2017-01-31,2017-02-01,RIG,buy,34883.59452941972,14.079999923706055,491161.00831282267,491.1610083128227,rebalance,rebalance,0.0
2017-01-31,2017-02-01,WDC,buy,9054.04317699934,54.24769892422819,491161.0083128226,491.1610083128226,rebalance,rebalance,0.0
2017-03-01,2017-03-02,FITB,sell,26119.232650447146,20.523164109979643,536049.2981118653,536.0492981118653,rebalance,rebalance,43861.07949261804
2017-03-01,2017-03-02,FTI,sell,21399.171497270418,22.598073475327098,483580.0498064423,483.5800498064423,rebalance,rebalance,-8555.699564499519
2017-03-01,2017-03-02,GS,sell,2612.212825812525,207.33448182294072,541601.7926510796,541.6017926510796,rebalance,rebalance,49408.021537293076
2017-03-01,2017-03-02,MS,sell,14871.248964984921,35.91078633410848,534038.2441029054,534.0382441029054,rebalance,rebalance,57762.59733866803
2017-03-01,2017-03-02,PNC,sell,5540.616572509795,95.43833962158159,528787.2461601532,528.7872461601532,rebalance,rebalance,36606.28959285768
2017-03-01,2017-03-02,RIG,sell,34883.59452941972,13.569999694824219,473370.36711859744,473.37036711859747,rebalance,rebalance,-18755.172569656614
2017-03-01,2017-03-02,ZION,sell,15321.705806575948,35.108900020244285,537928.2373026713,537.9282373026713,rebalance,rebalance,33645.62178162161
2017-03-01,2017-03-02,BAC,buy,9156.028644521022,20.786582328106377,190322.54321783647,190.32254321783648,rebalance,rebalance,0.0
2017-03-01,2017-03-02,CF,buy,29451.435437486158,25.163613354284625,741104.5340775781,741.1045340775781,rebalance,rebalance,0.0
2017-03-01,2017-03-02,CFG,buy,7553.348237703936,27.502567415609615,207736.46912102858,207.7364691210286,rebalance,rebalance,0.0
2017-03-01,2017-03-02,CSX,buy,51358.072920261846,14.430146848153967,741104.5340775781,741.1045340775781,rebalance,rebalance,0.0
2017-03-01,2017-03-02,FCX,buy,59029.28648153064,12.554861802530146,741104.5340775781,741.1045340775781,rebalance,rebalance,0.0
2017-03-01,2017-03-02,INCY,buy,5501.889761455183,134.6999969482422,741104.5340775781,741.1045340775781,rebalance,rebalance,0.0
2017-03-01,2017-03-02,KEY,buy,16469.6989004258,12.934437036095831,213026.28343101425,213.02628343101426,rebalance,rebalance,0.0
2017-03-01,2017-03-02,LNC,buy,4415.189804844722,49.789135006262846,219828.48127168918,219.82848127168918,rebalance,rebalance,0.0
2017-03-01,2017-03-02,LUV,buy,14320.017974819313,51.75304495991244,741104.5340775781,741.1045340775781,rebalance,rebalance,0.0
2017-03-01,2017-03-02,MU,buy,9929.195270351087,24.261414872887002,240896.32580789513,240.89632580789512,rebalance,rebalance,0.0
2017-03-01,2017-03-02,NFLX,buy,52135.386994185676,14.21500015258789,741104.5340775781,741.1045340775781,rebalance,rebalance,0.0
2017-03-01,2017-03-02,RF,buy,17991.23920503349,11.15312469474871,200658.53426679017,200.65853426679018,rebalance,rebalance,0.0
2017-03-01,2017-03-02,UAL,buy,3045.145355711018,74.3499984741211,226406.55255059112,226.40655255059113,rebalance,rebalance,0.0
2017-03-01,2017-03-02,URI,buy,5783.484885278532,128.1415182676468,741104.5340775781,741.1045340775781,rebalance,rebalance,0.0
2017-03-01,2017-03-02,WDC,buy,4962.791174230717,52.87246146363583,262394.9851115856,262.3949851115856,rebalance,rebalance,0.0
2017-03-29,2017-03-30,BAC,sell,6815.813530092742,18.924855439722663,128988.28576111096,128.98828576111097,rebalance,rebalance,-36.71125249693827
2017-03-29,2017-03-30,CF,sell,29451.435437486158,23.966090240534427,705835.7594080667,705.8357594080668,rebalance,rebalance,-36715.71496299684
2017-03-29,2017-03-30,CFG,sell,4157.170414303164,23.946922337760817,99551.43705615483,99.55143705615482,rebalance,rebalance,-7979.900776288764
2017-03-29,2017-03-30,CSX,sell,11961.492653724541,13.852472722429477,165696.2507052598,165.69625070525979,rebalance,rebalance,-7248.147157321838
2017-03-29,2017-03-30,FCX,sell,59029.28648153064,11.483105652852386,677839.5332799074,677.8395332799074,rebalance,rebalance,-64683.94486502821
2017-03-29,2017-03-30,INCY,sell,1606.5290924771912,140.10000610351562,225074.7356615299,225.0747356615299,rebalance,rebalance,8233.797608074512
2017-03-29,2017-03-30,KEY,sell,10354.498449705796,11.625711240136043,120378.4090127159,120.3784090127159,rebalance,rebalance,-8690.356730412163
2017-03-29,2017-03-30,LNC,sell,2427.9822097686447,43.81032392856265,106370.68710275168,106.37068710275167,rebalance,rebalance,-7625.0316768546845
2017-03-29,2017-03-30,LUV,sell,2821.616451764019,47.46225398416947,133920.27667953493,133.92027667953494,rebalance,rebalance,-12386.913928004236
2017-03-29,2017-03-30,MU,sell,30546.63291322671,27.693893669627307,845955.2038640383,845.9552038640384,rebalance,rebalance,254708.6307078036
2017-03-29,2017-03-30,NFLX,sell,52135.386994185676,14.680999755859375,765399.6037332739,765.3996037332739,rebalance,rebalance,22788.5655178851
2017-03-29,2017-03-30,RF,sell,11936.91849267864,10.011515246118408,119506.64148112499,119.50664148112499,rebalance,rebalance,-5078.11443504419
2017-03-29,2017-03-30,UAL,sell,9967.781429552193,69.66000366210938,694355.6908857116,694.3556908857116,rebalance,rebalance,-11942.740970243085
2017-03-29,2017-03-30,URI,sell,1199.1381630836113,119.04423608647097,142750.48658642254,142.75048658642254,rebalance,rebalance,-11205.30811520506
2017-03-29,2017-03-30,WDC,sell,14016.834351230056,54.993506327304935,770834.8685831552,770.8348685831552,rebalance,rebalance,15754.48429673961
2017-03-29,2017-03-30,ALK,buy,6136.750497370142,88.92980963346713,545740.0534992114,545.7400534992114,rebalance,rebalance,0.0
2017-03-29,2017-03-30,AMD,buy,39748.002308405165,13.729999542236328,545740.0534992114,545.7400534992114,rebalance,rebalance,0.0
2017-03-29,2017-03-30,GS,buy,2907.915558009433,187.67396872857927,545740.0534992114,545.7400534992114,rebalance,rebalance,0.0
2017-03-29,2017-03-30,MS,buy,16697.30992166914,32.68430999121424,545740.0534992114,545.7400534992114,rebalance,rebalance,0.0
2017-03-29,2017-03-30,NRG,buy,35735.890654450915,15.271483192520888,545740.0534992114,545.7400534992114,rebalance,rebalance,0.0
2017-03-29,2017-03-30,ZION,buy,17497.54284811544,31.189525194275486,545740.0534992114,545.7400534992114,rebalance,rebalance,0.0
2017-04-27,2017-04-28,ALK,sell,6136.750497370142,80.08960467782936,491489.92134084733,491.48992134084733,rebalance,rebalance,-55287.362133204086
2017-04-27,2017-04-28,CFG,sell,22789.56960739204,25.485610611704832,580806.0970223366,580.8060970223365,rebalance,rebalance,-8714.764474014437
2017-04-27,2017-04-28,GS,sell,2907.915558009433,184.2636708722469,535823.1953053364,535.8231953053364,rebalance,rebalance,-10998.42144267955
2017-04-27,2017-04-28,KEY,sell,46942.508912067664,12.190386816211806,572247.3417615748,572.2473417615748,rebalance,rebalance,-12917.27874341343
2017-04-27,2017-04-28,LNC,sell,12456.88240947723,45.803628301356405,570570.4116774,570.5704116774,rebalance,rebalance,-14315.073057937834
2017-04-27,2017-04-28,LUV,sell,11498.401523055294,49.590596986457825,570212.5959183079,570.2125959183079,rebalance,rebalance,-26029.984958406414
2017-04-27,2017-04-28,MS,sell,16697.30992166914,33.40694566125129,557806.1252422731,557.8061252422731,rebalance,rebalance,10962.525564320233
2017-04-27,2017-04-28,ZION,sell,17497.54284811544,30.647884725053622,536262.6761807285,536.2626761807285,rebalance,rebalance,-10559.380048162791
2017-04-27,2017-04-28,AMAT,buy,18858.740967225698,37.16496591958788,700884.4653332788,700.8844653332787,rebalance,rebalance,0.0
2017-04-27,2017-04-28,AMD,buy,11299.666205873575,13.729999542236328,155144.4118340675,155.14441183406748,rebalance,rebalance,0.0
2017-04-27,2017-04-28,BAC,buy,7899.372332944189,19.078651242792354,150709.3697772052,150.7093697772052,rebalance,rebalance,0.0
2017-04-27,2017-04-28,CSX,buy,7014.5076161134275,15.101659911645415,105930.70846619159,105.93070846619159,rebalance,rebalance,0.0
2017-04-27,2017-04-28,IDXX,buy,4221.686828672972,166.02000427246094,700884.4653332789,700.8844653332789,rebalance,rebalance,0.0
2017-04-27,2017-04-28,INCY,buy,1745.106523070463,124.26000213623047,216846.94028468546,216.84694028468547,rebalance,rebalance,0.0
2017-04-27,2017-04-28,JEF,buy,39011.19603913946,17.966238836412245,700884.4653332789,700.8844653332789,rebalance,rebalance,0.0
2017-04-27,2017-04-28,MAR,buy,7929.105852120629,88.39388430485239,700884.4653332789,700.8844653332789,rebalance,rebalance,0.0
2017-04-27,2017-04-28,MU,buy,25651.48696861907,27.323346447350634,700884.4653332789,700.8844653332789,rebalance,rebalance,0.0
2017-04-27,2017-04-28,NRG,buy,14899.243669399519,13.841860492569968,206233.2523166344,206.2332523166344,rebalance,rebalance,0.0
2017-04-27,2017-04-28,RCL,buy,7281.852041996203,96.25085229569463,700884.4653332789,700.8844653332789,rebalance,rebalance,0.0
2017-04-27,2017-04-28,RF,buy,18031.27949760176,9.661706335080288,174212.92735158224,174.21292735158224,rebalance,rebalance,0.0
2017-04-27,2017-04-28,STX,buy,23730.842777299284,29.534748171849117,700884.4653332789,700.8844653332789,rebalance,rebalance,0.0
2017-04-27,2017-04-28,URI,buy,1919.6749156246024,107.76170565881617,206867.44321815117,206.86744321815118,rebalance,rebalance,0.0
2017-04-27,2017-04-28,WDC,buy,11400.482324760898,61.478492345101586,700884.4653332789,700.8844653332789,rebalance,rebalance,0.0
2017-05-25,2017-05-26,AMAT,sell,18858.740967225698,40.66492999770204,766889.3812770287,766.8893812770287,rebalance,rebalance,64537.142097139564
2017-05-25,2017-05-26,BAC,sell,36736.58354639001,18.80343832548183,690774.0830034551,690.7740830034551,rebalance,rebalance,-6126.406310911178
2017-05-25,2017-05-26,CSX,sell,8986.649213442208,15.784946649523247,141853.77839216532,141.8537783921653,rebalance,rebalance,10990.59704739337
2017-05-25,2017-05-26,IDXX,sell,683.6694395435334,166.97000122070312,114152.2871551412,114.1522871551412,rebalance,rebalance,421.8287907437082
2017-05-25,2017-05-26,INCY,sell,5640.467192048455,138.4600067138672,780979.1252803768,780.9791252803768,rebalance,rebalance,37904.583636264426
2017-05-25,2017-05-26,JEF,sell,39011.19603913946,16.994537027894687,662977.2155896141,662.9772155896142,rebalance,rebalance,-39271.111424587674
2017-05-25,2017-05-26,MAR,sell,7929.105852120629,98.64212246738255,782143.8305217227,782.1438305217226,rebalance,rebalance,79776.33689258885
2017-05-25,2017-05-26,MU,sell,4954.364375298301,28.542265482471063,141408.783296661,141.408783296661,rebalance,rebalance,5762.190446424304
2017-05-25,2017-05-26,NRG,sell,6817.680207500525,13.481905320496095,91915.31906294225,91.91531906294225,rebalance,rebalance,-9525.991407933947
2017-05-25,2017-05-26,RCL,sell,7281.852041996203,99.59137162793954,725209.6328541143,725.2096328541143,rebalance,rebalance,22899.07342264808
2017-05-25,2017-05-26,RF,sell,72542.51381957933,9.962541473018465,722707.8024845741,722.7078024845741,rebalance,rebalance,-20786.119955499853
2017-05-25,2017-05-26,STX,sell,23730.842777299284,29.507080911414977,700227.8979258377,700.2278979258376,rebalance,rebalance,-2057.679770700157
2017-05-25,2017-05-26,URI,sell,6504.021637819523,106.8568016084249,694998.9498093836,694.9989498093836,rebalance,rebalance,-100802.95419840956
2017-05-25,2017-05-26,WDC,sell,1617.7613373898384,60.386345327074835,97690.6947764132,97.69069477641321,rebalance,rebalance,-1963.9814432826058
2017-05-25,2017-05-26,ALB,buy,5939.5004101248005,99.46000959521756,590742.7677818113,590.7427677818113,rebalance,rebalance,0.0
2017-05-25,2017-05-26,AMD,buy,3398.667615876315,10.850000381469727,36875.54492874682,36.87554492874682,rebalance,rebalance,0.0
2017-05-25,2017-05-26,CNC,buy,15688.296027952816,37.654998779296875,590742.7677818113,590.7427677818113,rebalance,rebalance,0.0
2017-05-25,2017-05-26,FMC,buy,11312.808408024719,52.21893153982605,590742.7677818113,590.7427677818113,rebalance,rebalance,0.0
2017-05-25,2017-05-26,ILMN,buy,3489.9347894499615,169.2704315185547,590742.7677818113,590.7427677818113,rebalance,rebalance,0.0
2017-05-25,2017-05-26,ISRG,buy,5820.50817200909,101.49333190917969,590742.7677818113,590.7427677818113,rebalance,rebalance,0.0
2017-05-25,2017-05-26,LRCX,buy,43568.136584252665,13.559055174173556,590742.7677818113,590.7427677818113,rebalance,rebalance,0.0
2017-05-25,2017-05-26,SWKS,buy,6853.808390002578,86.19190006004663,590742.7677818113,590.7427677818113,rebalance,rebalance,0.0
2017-05-25,2017-05-26,VRTX,buy,5002.055676666745,118.0999984741211,590742.7677818113,590.7427677818113,rebalance,rebalance,0.0
2017-05-25,2017-05-26,XRX,buy,34225.749846949344,17.260184814751874,590742.7677818113,590.7427677818113,rebalance,rebalance,0.0
2017-06-23,2017-06-26,ALB,sell,5939.5004101248005,93.1948066755679,553530.5924710371,553.530592471037,rebalance,rebalance,-38356.448671026985
2017-06-23,2017-06-26,AMD,sell,54446.336130155054,14.390000343322754,783482.7956055973,783.4827956055973,rebalance,rebalance,44201.54253770394
2017-06-23,2017-06-26,CNC,sell,15688.296027952816,42.07500076293945,660085.0673453347,660.0850673453347,rebalance,rebalance,68091.4717283963
2017-06-23,2017-06-26,FMC,sell,11312.808408024719,52.14958243745002,589958.2346733628,589.9582346733628,rebalance,rebalance,-1965.2341109036201
2017-06-23,2017-06-26,ILMN,sell,108.26575516941011,180.23345947265625,19513.1115966024,19.5131115966024,rebalance,rebalance,1149.0811977013514
2017-06-23,2017-06-26,ISRG,sell,60.70191370730572,105.81777954101562,6423.341722397431,6.423341722397431,rebalance,rebalance,249.91806578165296
2017-06-23,2017-06-26,MU,sell,1435.796536292586,31.643195646830673,45433.19070694812,45.43319070694812,rebalance,rebalance,6117.760561023771
2017-06-23,2017-06-26,NRG,sell,1048.929060766015,14.250898483120936,14948.181560971872,14.948181560971873,rebalance,rebalance,-659.8015870633623
2017-06-23,2017-06-26,VRTX,sell,447.8458544973282,133.8300018310547,59935.211527407686,59.93521152740769,rebalance,rebalance,6931.790988371589
2017-06-23,2017-06-26,WDC,sell,9782.72098737106,63.764519460182406,623790.5027727567,623.7905027727568,rebalance,rebalance,21138.347996291403
2017-06-23,2017-06-26,XRX,sell,34225.749846949344,17.63109708292432,603437.5182874461,603.4375182874461,rebalance,rebalance,11500.5702195656
2017-06-23,2017-06-26,ADSK,buy,5655.993845187769,107.76000213623047,609489.9088399403,609.4899088399403,rebalance,rebalance,0.0
2017-06-23,2017-06-26,ALGN,buy,3966.4837583902313,153.66000366210938,609489.9088399403,609.4899088399403,rebalance,rebalance,0.0
2017-06-23,2017-06-26,AMAT,buy,15122.911960480193,40.30241731438258,609489.9088399403,609.4899088399403,rebalance,rebalance,0.0
2017-06-23,2017-06-26,CSX,buy,1573.0545169159886,15.628950966950862,24585.191913220562,24.585191913220562,rebalance,rebalance,0.0
2017-06-23,2017-06-26,IDXX,buy,83.86229509435589,168.27999877929688,14112.346916107243,14.112346916107242,rebalance,rebalance,0.0
2017-06-23,2017-06-26,INCY,buy,4449.805821771544,136.97000122070312,609489.9088399403,609.4899088399403,rebalance,rebalance,0.0
2017-06-23,2017-06-26,LRCX,buy,1558.0294994103315,13.506352560728478,21043.29571905124,21.04329571905124,rebalance,rebalance,0.0
2017-06-23,2017-06-26,QRVO,buy,8713.222808157056,69.94999694824219,609489.9088399402,609.4899088399402,rebalance,rebalance,0.0
2017-06-23,2017-06-26,SWKS,buy,321.06597492591027,84.9478162041678,27273.85342741817,27.27385342741817,rebalance,rebalance,0.0
2017-06-23,2017-06-26,WYNN,buy,4876.857903940946,124.97594165034353,609489.9088399403,609.4899088399403,rebalance,rebalance,0.0
2017-07-24,2017-07-25,ADSK,sell,5655.993845187769,110.91000366210938,627306.2980826435,627.3062980826436,rebalance,rebalance,16579.593035780665
2017-07-24,2017-07-25,AMAT,sell,15122.911960480193,42.25998125490959,639093.975969541,639.093975969541,rebalance,rebalance,28355.483244791223
2017-07-24,2017-07-25,CSX,sell,38997.49318612451,15.004965285533682,585156.0314806346,585.1560314806346,rebalance,rebalance,15578.849735963107
2017-07-24,2017-07-25,ILMN,sell,3381.6690342805514,170.23345947265625,575673.2184971349,575.6732184971348,rebalance,rebalance,2108.552016349163
2017-07-24,2017-07-25,INCY,sell,4449.805821771544,134.1300048828125,596852.4766017847,596.8524766017847,rebalance,rebalance,-13843.77462359717
2017-07-24,2017-07-25,NRG,sell,42768.525055583894,20.75461024482203,887644.0682745491,887.6440682745491,rebalance,rebalance,250973.57520290054
2017-07-24,2017-07-25,QRVO,sell,8713.222808157056,69.19999694824219,602954.9917338225,602.9549917338226,rebalance,rebalance,-7747.3620066915255
2017-07-24,2017-07-25,SWKS,sell,7174.874364928488,86.50902557373047,620691.3899239018,620.6913899239017,rebalance,rebalance,1436.0607035391208
2017-07-24,2017-07-25,VRTX,sell,524.5505780787994,166.94000244140625,87568.47478511583,87.56847478511584,rebalance,rebalance,25469.53441715447
2017-07-24,2017-07-25,ALGN,buy,190.93132223804923,161.80999755859375,30894.596785197824,30.894596785197823,rebalance,rebalance,0.0
2017-07-24,2017-07-25,AMD,buy,47075.67010792983,14.289999961853027,672711.324046523,672.7113240465229,rebalance,rebalance,0.0
2017-07-24,2017-07-25,COO,buy,10742.808191988825,62.619690496585456,672711.324046523,672.7113240465229,rebalance,rebalance,0.0
2017-07-24,2017-07-25,HAS,buy,8622.7127394183,78.0162049202053,672711.324046523,672.7113240465229,rebalance,rebalance,0.0
2017-07-24,2017-07-25,HRB,buy,32344.8326386359,20.79810804904179,672711.324046523,672.7113240465229,rebalance,rebalance,0.0
2017-07-24,2017-07-25,IDXX,buy,322.2533696912733,170.55999755859375,54963.53394779218,54.96353394779218,rebalance,rebalance,0.0
2017-07-24,2017-07-25,ISRG,buy,601.6636943059366,105.7477798461914,63624.599886910386,63.62459988691039,rebalance,rebalance,0.0
2017-07-24,2017-07-25,LRCX,buy,1153.563702020292,14.535766028924122,16767.93207202651,16.76793207202651,rebalance,rebalance,0.0
2017-07-24,2017-07-25,MTD,buy,1088.3007113917051,618.1300048828125,672711.324046523,672.7113240465229,rebalance,rebalance,0.0
2017-07-24,2017-07-25,MU,buy,3136.8314361170815,30.034225996151676,94212.30426417345,94.21230426417345,rebalance,rebalance,0.0
2017-07-24,2017-07-25,RCL,buy,6350.697866449608,105.92714977048747,672711.324046523,672.7113240465229,rebalance,rebalance,0.0
2017-07-24,2017-07-25,REGN,buy,1295.9893702584066,519.0716370709055,672711.324046523,672.7113240465229,rebalance,rebalance,0.0
2017-07-24,2017-07-25,TPR,buy,17569.81171159997,38.28790741123221,672711.324046523,672.7113240465229,rebalance,rebalance,0.0
2017-07-24,2017-07-25,WYNN,buy,483.0371357767144,125.5083017599462,60625.17059832398,60.62517059832398,rebalance,rebalance,0.0
2017-08-21,2017-08-22,ALGN,sell,403.3327525557038,167.97000122070312,67747.80293913111,67.74780293913112,rebalance,rebalance,5490.851417306634
2017-08-21,2017-08-22,AMD,sell,47075.67010792983,12.199999809265137,574323.1663377724,574.3231663377724,rebalance,rebalance,-99635.19219913478
2017-08-21,2017-08-22,COO,sell,10742.808191988825,61.76814689264843,663563.3544423126,663.5633544423126,rebalance,rebalance,-10484.244282699077
2017-08-21,2017-08-22,HAS,sell,8622.7127394183,69.38602620961203,598295.7721352337,598.2957721352337,rebalance,rebalance,-75686.55900747093
2017-08-21,2017-08-22,HRB,sell,1924.1450599519012,20.728433951335738,39884.513788001925,39.884513788001925,rebalance,rebalance,-213.9661615546128
2017-08-21,2017-08-22,IDXX,sell,3944.133053915068,151.0,595564.0911411752,595.5640911411753,rebalance,rebalance,-62145.47341609898
2017-08-21,2017-08-22,ISRG,sell,6361.469952607721,109.21111297607422,694743.2136881433,694.7432136881433,rebalance,rebalance,45193.73575295812
2017-08-21,2017-08-22,LRCX,sell,1571.9643285555067,14.104333034350706,22171.50840806636,22.17150840806636,rebalance,rebalance,778.1549880215878
2017-08-21,2017-08-22,MTD,sell,4.450461225769459,581.7899780273438,2589.2337387519588,2.589233738751959,rebalance,rebalance,-167.07007782165206
2017-08-21,2017-08-22,MU,sell,734.8155426483572,29.10784562556872,21388.89737867689,21.38889737867689,rebalance,rebalance,990.5558534164496
2017-08-21,2017-08-22,RCL,sell,6350.697866449608,109.10953725998633,692921.7054862992,692.9217054862993,rebalance,rebalance,18844.7484102435
2017-08-21,2017-08-22,TPR,sell,17569.81171159997,32.25403054233956,566697.2435691006,566.6972435691007,rebalance,rebalance,-107253.48904503793
2017-08-21,2017-08-22,WYNN,sell,259.3178017263381,123.62781383491003,32058.892915901833,32.058892915901836,rebalance,rebalance,-426.51455640482635
2017-08-21,2017-08-22,AMAT,buy,15914.09934885756,39.62355640781131,630573.2132289708,630.5732132289708,rebalance,rebalance,0.0
2017-08-21,2017-08-22,EXPE,buy,4524.328873675665,139.3738675581024,630573.2132289708,630.5732132289708,rebalance,rebalance,0.0
2017-08-21,2017-08-22,FMC,buy,10821.069010809373,58.27272819340484,630573.2132289708,630.5732132289708,rebalance,rebalance,0.0
2017-08-21,2017-08-22,NFLX,buy,37587.81880157316,16.775999069213867,630573.2132289708,630.5732132289708,rebalance,rebalance,0.0
2017-08-21,2017-08-22,NRG,buy,29804.87621438421,21.15671303894388,630573.2132289708,630.5732132289708,rebalance,rebalance,0.0
2017-08-21,2017-08-22,PVH,buy,5308.133241169159,118.79378014446411,630573.2132289708,630.5732132289708,rebalance,rebalance,0.0
2017-08-21,2017-08-22,PYPL,buy,10650.271939429227,59.207240605235164,630573.2132289708,630.5732132289708,rebalance,rebalance,0.0
2017-08-21,2017-08-22,REGN,buy,58.316523882912634,465.60619425552886,27152.53474733461,27.15253474733461,rebalance,rebalance,0.0
2017-08-21,2017-08-22,VRTX,buy,196.9859929226718,149.19000244140625,29388.34076505624,29.388340765056242,rebalance,rebalance,0.0
2017-09-19,2017-09-20,AMAT,sell,15914.09934885756,43.938373474080166,699239.6406937195,699.2396406937195,rebalance,rebalance,67336.61461082616
2017-09-19,2017-09-20,EXPE,sell,4524.328873675665,135.8923595572331,614821.726056705,614.821726056705,rebalance,rebalance,-16996.882111551367
2017-09-19,2017-09-20,MTD,sell,1083.8502501659357,632.0,684993.3581048714,684.9933581048714,rebalance,rebalance,13678.043959031811
2017-09-19,2017-09-20,MU,sell,21663.341950496906,35.13418944057273,761123.9600046647,761.1239600046647,rebalance,rebalance,159623.1033276495
2017-09-19,2017-09-20,NFLX,sell,37587.81880157316,18.610000610351562,699509.3308390604,699.5093308390603,rebalance,rebalance,67606.03506602171
2017-09-19,2017-09-20,WYNN,sell,5100.577237991322,133.47417192485455,680795.3231796535,680.7953231796536,rebalance,rebalance,41782.681918162045
2017-09-19,2017-09-20,ADSK,buy,6797.252990205116,113.06999969482422,768565.3935281354,768.5653935281354,rebalance,rebalance,0.0
2017-09-19,2017-09-20,ALGN,buy,337.73147183053015,187.8300018310547,63436.102972333276,63.43610297233328,rebalance,rebalance,0.0
2017-09-19,2017-09-20,BA,buy,3201.4957927521205,240.06447088516992,768565.3935281354,768.5653935281354,rebalance,rebalance,0.0
2017-09-19,2017-09-20,BBY,buy,20311.625844819984,37.83869392829232,768565.3935281354,768.5653935281354,rebalance,rebalance,0.0
2017-09-19,2017-09-20,COO,buy,13013.588479929756,59.058682754065686,768565.3935281354,768.5653935281354,rebalance,rebalance,0.0
2017-09-19,2017-09-20,DXC,buy,11021.553748988981,69.73294428642937,768565.3935281354,768.5653935281354,rebalance,rebalance,0.0
2017-09-19,2017-09-20,FMC,buy,1086.6296875049175,64.54357076039697,70134.96012582169,70.13496012582169,rebalance,rebalance,0.0
2017-09-19,2017-09-20,HRB,buy,11533.959977980743,18.318957214217956,211290.11934713152,211.29011934713154,rebalance,rebalance,0.0
2017-09-19,2017-09-20,ISRG,buy,6616.944152873332,116.15110778808594,768565.3935281354,768.5653935281354,rebalance,rebalance,0.0
2017-09-19,2017-09-20,LRCX,buy,4064.063060727887,15.758387923609607,64043.08225696224,64.04308225696224,rebalance,rebalance,0.0
2017-09-19,2017-09-20,NRG,buy,8230.516956170512,20.206584695517854,166310.63796275525,166.31063796275527,rebalance,rebalance,0.0
2017-09-19,2017-09-20,PVH,buy,788.3955963273766,126.06606382325212,99389.92956457796,99.38992956457797,rebalance,rebalance,0.0
2017-09-19,2017-09-20,PYPL,buy,1464.4566518487736,63.440578774621834,92905.97758363106,92.90597758363106,rebalance,rebalance,0.0
2017-09-19,2017-09-20,REGN,buy,443.0671118589171,427.60483826251163,189457.6407058704,189.4576407058704,rebalance,rebalance,0.0
2017-09-19,2017-09-20,VRTX,buy,787.1549273165674,153.2899932861328,120662.97352350298,120.66297352350298,rebalance,rebalance,0.0
2017-10-17,2017-10-18,ADSK,sell,6797.252990205116,118.5,805474.4793393062,805.4744793393063,rebalance,rebalance,35335.04593830339
2017-10-17,2017-10-18,ALGN,sell,24.831668730386355,194.72000122070312,4835.222565492926,4.835222565492926,rebalance,rebalance,932.2980570626997
2017-10-17,2017-10-18,BBY,sell,20311.625844819984,39.380774471309735,799887.5565404819,799.8875565404819,rebalance,rebalance,29753.710062278024
2017-10-17,2017-10-18,COO,sell,13013.588479929756,59.07116850890713,768727.8780035032,768.7278780035032,rebalance,rebalance,-1374.8087961636916
2017-10-17,2017-10-18,DXC,sell,11021.553748988981,76.22413868179176,840108.4414517579,840.1084414517579,rebalance,rebalance,69934.37408864267
2017-10-17,2017-10-18,FMC,sell,11907.69869831429,65.83608017078568,783956.2061517799,783.9562061517798,rebalance,rebalance,81763.36841748096
2017-10-17,2017-10-18,HRB,sell,41954.64755666474,17.580577859583194,737586.9479413163,737.5869479413163,rebalance,rebalance,-107977.48840790453
2017-10-17,2017-10-18,ISRG,sell,6616.944152873332,119.08999633789062,788011.8549337119,788.0118549337119,rebalance,rebalance,17889.884157114768
2017-10-17,2017-10-18,LRCX,sell,3533.4888533538615,17.505566548631446,61855.72427123344,61.85572427123344,rebalance,rebalance,13113.78872394241
2017-10-17,2017-10-18,NRG,sell,705.2894062182386,21.214052083699205,14962.046197594998,14.962046197594999,rebalance,rebalance,155.70893286321953
2017-10-17,2017-10-18,PVH,sell,6096.528837496536,123.07626342569831,750337.98918609,750.33798918609,rebalance,rebalance,18894.54526056157
2017-10-17,2017-10-18,PYPL,sell,263.3749798631143,66.82129244576522,17599.056552330687,17.599056552330687,rebalance,rebalance,1837.244805261802
2017-10-17,2017-10-18,REGN,sell,1797.3730060002363,439.05672409871175,789148.7039979179,789.148703997918,rebalance,rebalance,-101851.26570530773
2017-10-17,2017-10-18,ABBV,buy,12357.954712563158,64.08202521906455,791922.7655465299,791.92276554653,rebalance,rebalance,0.0
2017-10-17,2017-10-18,APTV,buy,9898.34506920515,80.0055726497442,791922.7655465299,791.92276554653,rebalance,rebalance,0.0
2017-10-17,2017-10-18,BA,buy,30.802776896692194,245.0029749673069,7546.771976943817,7.546771976943817,rebalance,rebalance,0.0
2017-10-17,2017-10-18,CAT,buy,7315.190549995683,108.25729830742375,791922.7655465299,791.92276554653,rebalance,rebalance,0.0
2017-10-17,2017-10-18,CF,buy,26770.40928325586,29.58201935455112,791922.7655465299,791.92276554653,rebalance,rebalance,0.0
2017-10-17,2017-10-18,CNC,buy,16964.926314679633,46.68000030517578,791922.7655465299,791.92276554653,rebalance,rebalance,0.0
2017-10-17,2017-10-18,MU,buy,19788.356366279313,40.01963330800022,791922.7655465299,791.92276554653,rebalance,rebalance,0.0
2017-10-17,2017-10-18,NFLX,buy,39598.11709558651,19.999000549316406,791922.76554653,791.9227655465301,rebalance,rebalance,0.0
2017-10-17,2017-10-18,PRGO,buy,11739.25202141936,67.45938873291016,791922.7655465299,791.92276554653,rebalance,rebalance,0.0
2017-10-17,2017-10-18,VRTX,buy,85.83793074917503,155.2899932861328,13329.771689734924,13.329771689734924,rebalance,rebalance,0.0
2017-10-17,2017-10-18,XYL,buy,13947.89242891724,56.777234953769,791922.7655465299,791.92276554653,rebalance,rebalance,0.0
2017-11-14,2017-11-15,ALGN,sell,788.2192146861648,252.24000549316406,198820.41904225567,198.82041904225568,rebalance,rebalance,74886.50417420465
2017-11-14,2017-11-15,APTV,sell,9898.34506920515,81.75171464584967,809206.6815638125,809.2066815638126,rebalance,rebalance,15682.786570172413
2017-11-14,2017-11-15,CAT,sell,7315.190549995683,113.89334936048205,833151.5529491551,833.1515529491551,rebalance,rebalance,39603.713084129704
2017-11-14,2017-11-15,CNC,sell,16964.926314679633,46.400001525878906,787172.6068875581,787.1726068875581,rebalance,rebalance,-6329.254031405771
2017-11-14,2017-11-15,LRCX,sell,45238.33966450181,18.653180122684752,843838.8982131463,843.8388982131463,rebalance,rebalance,219756.64614190863
2017-11-14,2017-11-15,MU,sell,1020.4454310827387,44.06644825420412,44967.40578504652,44.967405785046516,rebalance,rebalance,4043.748564543303
2017-11-14,2017-11-15,NFLX,sell,39598.11709558651,19.45400047302246,770341.7887083387,770.3417887083388,rebalance,rebalance,-23143.241392446063
2017-11-14,2017-11-15,NRG,sell,2397.4134577497534,23.675106864283222,56759.019810096164,56.75901981009616,rebalance,rebalance,6423.550100893832
2017-11-14,2017-11-15,PRGO,sell,11739.25202141936,65.36437225341797,767328.8391047444,767.3288391047444,rebalance,rebalance,-26153.17804643668
2017-11-14,2017-11-15,PYPL,sell,623.9289391268849,73.6620552090342,45959.88796047873,45.95988796047873,rebalance,rebalance,8616.270085083195
2017-11-14,2017-11-15,XYL,sell,13947.89242891724,59.276811257380096,826786.586947168,826.786586947168,rebalance,rebalance,33245.11204814448
2017-11-14,2017-11-15,ABBV,buy,236.97404679484134,65.66414085120303,15560.69718681604,15.560697186816041,rebalance,rebalance,0.0
2017-11-14,2017-11-15,BA,buy,87.37669228035384,249.13134894547957,21768.273214198623,21.768273214198622,rebalance,rebalance,0.0
2017-11-14,2017-11-15,BIIB,buy,2670.5259115422286,309.69000244140625,827035.1760653515,827.0351760653515,rebalance,rebalance,0.0
2017-11-14,2017-11-15,CF,buy,2471.190461874874,28.2828293689051,69892.25817127284,69.89225817127284,rebalance,rebalance,0.0
2017-11-14,2017-11-15,CPRI,buy,15130.537474827814,54.65999984741211,827035.1760653515,827.0351760653515,rebalance,rebalance,0.0
2017-11-14,2017-11-15,FCX,buy,67570.22656675626,12.239638936955153,827035.1760653515,827.0351760653515,rebalance,rebalance,0.0
2017-11-14,2017-11-15,GM,buy,22325.854529550244,37.043830728660225,827035.1760653515,827.0351760653515,rebalance,rebalance,0.0
2017-11-14,2017-11-15,NVDA,buy,158132.1358284065,5.23002596362064,827035.1760653516,827.0351760653516,rebalance,rebalance,0.0
2017-11-14,2017-11-15,TROW,buy,12301.659055336075,67.22956410555123,827035.1760653515,827.0351760653515,rebalance,rebalance,0.0
2017-11-14,2017-11-15,URI,buy,5967.231535166079,138.59612639319744,827035.1760653515,827.0351760653515,rebalance,rebalance,0.0
2017-11-14,2017-11-15,VRTX,buy,515.3745586231926,147.2899932861328,75909.5152794537,75.9095152794537,rebalance,rebalance,0.0
2017-12-13,2017-12-14,ABBV,sell,2116.1617566153836,67.53766477847793,142920.62333532478,142.9206233353248,rebalance,rebalance,6971.107753067806
2017-12-13,2017-12-14,ALGN,sell,277.56932651946545,235.80999755859375,65453.62220889566,65.45362220889565,rebalance,rebalance,21815.180015596736
2017-12-13,2017-12-14,BA,sell,788.1604827181013,279.5604666955813,220338.51237968702,220.33851237968702,rebalance,rebalance,30495.201770261152
2017-12-13,2017-12-14,BIIB,sell,2670.5259115422286,332.0,886614.6026320199,886.6146026320199,rebalance,rebalance,57865.77678797123
2017-12-13,2017-12-14,CF,sell,7850.185300217978,33.083901718865185,259714.75894729176,259.7147589472918,rebalance,rebalance,27861.249821642963
2017-12-13,2017-12-14,CPRI,sell,3677.0426919014644,61.790000915527344,227204.47129902462,227.20447129902462,rebalance,rebalance,25789.12669648548
2017-12-13,2017-12-14,FCX,sell,67570.22656675626,14.698370189731568,993172.2038822182,993.1722038822182,rebalance,rebalance,164316.82043691934
2017-12-13,2017-12-14,GM,sell,22325.854529550244,36.19983121823745,808192.1657726408,808.1921657726408,rebalance,rebalance,-20478.23763454843
2017-12-13,2017-12-14,MU,sell,1606.5087134320493,41.23855638238402,66250.10015765877,66.25010015765878,rebalance,rebalance,1827.6685502256346
2017-12-13,2017-12-14,NRG,sell,4264.5765639041165,23.076458469568124,98411.32396722687,98.41132396722686,rebalance,rebalance,8875.936064946472
2017-12-13,2017-12-14,NVDA,sell,158132.1358284065,4.590902913340465,725969.2830673816,725.9692830673816,rebalance,rebalance,-102618.8974571026
2017-12-13,2017-12-14,PYPL,sell,1645.6722008898723,73.86033559472033,121549.90103662797,121.54990103662797,rebalance,rebalance,23052.21395222289
2017-12-13,2017-12-14,TROW,sell,12301.659055336075,73.82874249771825,908216.018691131,908.216018691131,rebalance,rebalance,79445.59143102315
2017-12-13,2017-12-14,URI,sell,1479.6736786741212,157.70525433988354,233352.3138353334,233.3523138353334,rebalance,rebalance,27836.84429110194
2017-12-13,2017-12-14,VRTX,sell,5615.012653702224,145.57000732421875,817377.4331250137,817.3774331250137,rebalance,rebalance,100651.51050397502
2017-12-13,2017-12-14,ADBE,buy,3970.1081281917536,178.25999450683594,707711.4531230067,707.7114531230068,rebalance,rebalance,0.0
2017-12-13,2017-12-14,ALB,buy,6109.249058270842,115.84262588949302,707711.4531230067,707.7114531230068,rebalance,rebalance,0.0
2017-12-13,2017-12-14,AMAT,buy,15250.318124134561,46.40634033745238,707711.4531230067,707.7114531230068,rebalance,rebalance,0.0
2017-12-13,2017-12-14,DHI,buy,15577.001739383455,45.43309842058336,707711.4531230067,707.7114531230068,rebalance,rebalance,0.0
2017-12-13,2017-12-14,LRCX,buy,43824.99997187526,16.14857851858942,707711.4531230067,707.7114531230068,rebalance,rebalance,0.0
2017-12-13,2017-12-14,PHM,buy,23322.010606669253,30.345216159048775,707711.4531230067,707.7114531230068,rebalance,rebalance,0.0
2018-01-12,2018-01-16,ABBV,sell,10478.767002742616,70.06983192597093,734245.4426735853,734.2454426735853,rebalance,rebalance,61026.84599375415
2018-01-12,2018-01-16,ADBE,sell,3970.1081281917536,195.9199981689453,777823.5772058433,777.8235772058433,rebalance,rebalance,68626.5890525078
2018-01-12,2018-01-16,ALB,sell,6109.249058270842,119.50504442601414,730086.0801182421,730.0860801182421,rebalance,rebalance,20936.829461994104
2018-01-12,2018-01-16,AMAT,sell,15250.318124134561,49.88225257892531,760720.2205770427,760.7202205770427,rebalance,rebalance,51540.335780335874
2018-01-12,2018-01-16,LRCX,sell,43824.99997187526,17.117678484365577,750182.2590958911,750.1822590958911,rebalance,rebalance,41012.91226066547
2018-01-12,2018-01-16,MU,sell,17161.402221764525,42.06741373678044,721935.8075662713,721.9358075662713,rebalance,rebalance,33734.054768622314
2018-01-12,2018-01-16,NRG,sell,30668.113742682614,23.61769713614964,724310.2221116666,724.3102221116666,rebalance,rebalance,80412.23933287688
2018-01-12,2018-01-16,PYPL,sell,9581.75247139813,80.25495562563,768983.1194078275,768.9831194078275,rebalance,rebalance,195429.47414632546
2018-01-12,2018-01-16,ALGN,buy,462.7209947190563,262.1199951171875,121288.42487637918,121.28842487637918,rebalance,rebalance,0.0
2018-01-12,2018-01-16,AZO,buy,1150.7164393548921,789.0399780273438,907961.2740242874,907.9612740242874,rebalance,rebalance,0.0
2018-01-12,2018-01-16,BA,buy,271.5075899498984,323.9222362310544,87947.34569027524,87.94734569027524,rebalance,rebalance,0.0
2018-01-12,2018-01-16,BF.B,buy,20466.563260747716,44.36315283893522,907961.2740242874,907.9612740242874,rebalance,rebalance,0.0
2018-01-12,2018-01-16,CBOE,buy,7669.980295555455,118.37856670250198,907961.2740242874,907.9612740242874,rebalance,rebalance,0.0
2018-01-12,2018-01-16,CF,buy,4857.616785078622,34.5902774875317,168026.31252396118,168.0263125239612,rebalance,rebalance,0.0
2018-01-12,2018-01-16,CPRI,buy,2512.9910529243625,65.01000213623047,163369.55371894085,163.36955371894086,rebalance,rebalance,0.0
2018-01-12,2018-01-16,DHI,buy,3661.9971974663695,47.19378991623127,172823.5264110555,172.8235264110555,rebalance,rebalance,0.0
2018-01-12,2018-01-16,DLTR,buy,7861.817393877749,115.48999786376953,907961.2740242874,907.9612740242874,rebalance,rebalance,0.0
2018-01-12,2018-01-16,ORLY,buy,52410.60408759288,17.323999404907227,907961.2740242874,907.9612740242874,rebalance,rebalance,0.0
2018-01-12,2018-01-16,PHM,buy,5474.859459777075,31.52985973577142,172621.5508398325,172.62155083983248,rebalance,rebalance,0.0
2018-01-12,2018-01-16,RL,buy,9961.14762154178,91.15026787282504,907961.2740242874,907.9612740242874,rebalance,rebalance,0.0
2018-01-12,2018-01-16,ROST,buy,11740.308186480452,77.337090270752,907961.2740242874,907.9612740242874,rebalance,rebalance,0.0
2018-01-12,2018-01-16,TSN,buy,14496.959552172491,62.63115177749266,907961.2740242874,907.9612740242874,rebalance,rebalance,0.0
2018-01-12,2018-01-16,URI,buy,696.0978960780076,175.15848223025537,121927.45096069784,121.92745096069784,rebalance,rebalance,0.0
2018-02-12,2018-02-13,ALGN,sell,1406.2776006269664,230.75999450683594,324512.6113957652,324.5126113957652,rebalance,rebalance,83629.6281767755
2018-02-12,2018-02-13,AZO,sell,498.8131103858053,728.3599853515625,363315.5097737725,363.31550977377253,rebalance,rebalance,-31024.874880226642
2018-02-12,2018-02-13,BA,sell,2803.0223691609635,326.04802037777984,913919.8945395666,913.9198945395666,rebalance,rebalance,215915.33454811058
2018-02-12,2018-02-13,BF.B,sell,20466.563260747716,44.38328165489032,908373.2417093962,908.3732417093962,rebalance,rebalance,-1404.3668306247025
2018-02-12,2018-02-13,CBOE,sell,7669.980295555455,99.13823443478375,760388.3046509487,760.3883046509487,rebalance,rebalance,-149241.31895201377
2018-02-12,2018-02-13,CF,sell,26249.03122999138,30.900868967166527,811117.8745530256,811.1178745530256,rebalance,rebalance,11029.373467168527
2018-02-12,2018-02-13,CPRI,sell,13966.485835850712,60.880001068115234,850279.6726044076,850.2796726044077,rebalance,rebalance,59222.3985489667
2018-02-12,2018-02-13,DHI,sell,19238.998936849825,40.632035409795186,781719.686051094,781.719686051094,rebalance,rebalance,-100477.54814855332
2018-02-12,2018-02-13,DLTR,sell,3284.3539428769,103.7300033569336,340686.0455199789,340.6860455199789,rebalance,rebalance,-39343.98040210397
2018-02-12,2018-02-13,ORLY,sell,52410.60408759288,16.472667694091797,863342.4647815267,863.3424647815267,rebalance,rebalance,-46390.112981566286
2018-02-12,2018-02-13,PHM,sell,28796.87006644633,26.499666794278994,763107.4614789746,763.1074614789745,rebalance,rebalance,-118868.98294930652
2018-02-12,2018-02-13,RL,sell,9961.14762154178,88.0673508795481,877251.882749296,877.2518827492961,rebalance,rebalance,-32494.60443176485
2018-02-12,2018-02-13,ROST,sell,5047.461188709842,70.94444252150419,358089.32018194854,358.08932018194855,rebalance,rebalance,-33015.086689192955
2018-02-12,2018-02-13,TSN,sell,14496.959552172491,58.46569761742841,847574.8535494073,847.5748535494073,rebalance,rebalance,-62141.9566024537
2018-02-12,2018-02-13,URI,sell,2196.188480692915,158.93740614611835,349056.5005293164,349.05650052931645,rebalance,rebalance,33226.10271703918
2018-02-12,2018-02-13,CAT,buy,3744.497883624796,126.80479837230335,474820.2991385589,474.82029913855894,rebalance,rebalance,0.0
2018-02-12,2018-02-13,CHRW,buy,6354.9555750566315,74.71654105691016,474820.2991385589,474.82029913855894,rebalance,rebalance,0.0
2018-02-12,2018-02-13,FLR,buy,8997.199581118235,52.77423212162922,474820.2991385589,474.82029913855894,rebalance,rebalance,0.0
2018-02-12,2018-02-13,GWW,buy,1987.1308456902457,238.94767683183252,474820.2991385589,474.82029913855894,rebalance,rebalance,0.0
2018-02-12,2018-02-13,HP,buy,11064.803164745124,42.912674728045765,474820.2991385589,474.82029913855894,rebalance,rebalance,0.0
2018-02-12,2018-02-13,KSS,buy,12069.448536119035,39.34067888169137,474820.2991385589,474.82029913855894,rebalance,rebalance,0.0
2018-02-12,2018-02-13,MU,buy,11579.705948990591,41.004521291833775,474820.2991385589,474.82029913855894,rebalance,rebalance,0.0
2018-02-12,2018-02-13,NTAP,buy,9907.986631055894,47.9229854479484,474820.29913855885,474.8202991385589,rebalance,rebalance,0.0
2018-02-12,2018-02-13,STX,buy,13258.419867617544,35.81273665184366,474820.29913855897,474.820299138559,rebalance,rebalance,0.0
2018-02-12,2018-02-13,TSCO,buy,41125.846238181155,11.545544774656495,474820.2991385589,474.82029913855894,rebalance,rebalance,0.0
2018-03-13,2018-03-14,ALGN,sell,2057.63698405918,271.2900085449219,558216.3549877623,558.2163549877623,rebalance,rebalance,205677.8427578927
2018-03-13,2018-03-14,CAT,sell,3744.497883624796,129.7810589321251,485964.90050592733,485.96490050592735,rebalance,rebalance,10183.816167724013
2018-03-13,2018-03-14,CHRW,sell,6354.9555750566315,75.90544875877389,482375.75476674555,482.37575476674556,rebalance,rebalance,6598.25957428141
2018-03-13,2018-03-14,DLTR,sell,4577.463451000849,94.4000015258789,432112.5567591351,432.1125567591351,rebalance,rebalance,-97499.45121937276
2018-03-13,2018-03-14,MU,sell,11579.705948990591,57.845135163092934,669829.6557682321,669.8296557682321,rebalance,rebalance,193864.70667476638
2018-03-13,2018-03-14,ROST,sell,6692.84699777061,71.21120656850442,476605.71008963755,476.60571008963757,rebalance,rebalance,-41993.81336780412
2018-03-13,2018-03-14,TSCO,sell,41125.846238181155,11.018426715791195,453142.12290029606,453.14212290029604,rebalance,rebalance,-22606.13866030166
2018-03-13,2018-03-14,URI,sell,2987.4672718770503,180.89602985438097,540420.968802457,540.420968802457,rebalance,rebalance,110732.41672272318
2018-03-13,2018-03-14,AKAM,buy,9839.915594168368,73.12000274658203,719494.6552717264,719.4946552717264,rebalance,rebalance,0.0
2018-03-13,2018-03-14,AMZN,buy,9010.578196878869,79.8499984741211,719494.6552717264,719.4946552717264,rebalance,rebalance,0.0
2018-03-13,2018-03-14,AZO,buy,453.0226875162233,651.1699829101562,294994.7756878522,294.99477568785215,rebalance,rebalance,0.0
2018-03-13,2018-03-14,BA,buy,2210.9999935286005,325.41594634899275,719494.6552717264,719.4946552717264,rebalance,rebalance,0.0
2018-03-13,2018-03-14,CPRI,buy,11561.861812057316,62.22999954223633,719494.6552717264,719.4946552717264,rebalance,rebalance,0.0
2018-03-13,2018-03-14,DE,buy,5018.487345370382,143.3688292420363,719494.6552717263,719.4946552717263,rebalance,rebalance,0.0
2018-03-13,2018-03-14,FLR,buy,4065.6032030138504,55.07965382021427,223932.01699235718,223.93201699235718,rebalance,rebalance,0.0
2018-03-13,2018-03-14,GWW,buy,899.6061305010621,249.2415004227405,224219.18175558042,224.21918175558042,rebalance,rebalance,0.0
2018-03-13,2018-03-14,HP,buy,5464.550386230203,43.5282997034855,237862.58695662572,237.86258695662573,rebalance,rebalance,0.0
2018-03-13,2018-03-14,KSS,buy,5189.5905390886255,41.687990399492705,216343.60057082478,216.34360057082478,rebalance,rebalance,0.0
2018-03-13,2018-03-14,NFLX,buy,22614.239867261513,31.81599998474121,719494.6552717264,719.4946552717264,rebalance,rebalance,0.0
2018-03-13,2018-03-14,NTAP,buy,3803.245960483675,52.474834079883244,199574.70074136704,199.57470074136705,rebalance,rebalance,0.0
2018-03-13,2018-03-14,NVDA,buy,116735.30263661896,6.163471023940503,719494.6552717264,719.4946552717264,rebalance,rebalance,0.0
2018-03-13,2018-03-14,RF,buy,50771.45052480437,14.171244820358591,719494.6552717264,719.4946552717264,rebalance,rebalance,0.0
2018-03-13,2018-03-14,STX,buy,3264.203971215138,43.54602890496831,142143.12048224674,142.14312048224676,rebalance,rebalance,0.0
2018-04-11,2018-04-12,AKAM,sell,4241.936481318627,72.12999725341797,305970.86674668605,305.97086674668606,rebalance,rebalance,-4815.681692069986
2018-04-11,2018-04-12,AMZN,sell,3400.5437877815966,71.9749984741211,244754.13393676237,244.75413393676237,rebalance,rebalance,-27295.569878982365
2018-04-11,2018-04-12,AZO,sell,1104.9260164853101,618.2999877929688,683175.7425050008,683.1757425050008,rebalance,rebalance,-127689.36985513032
2018-04-11,2018-04-12,BA,sell,2210.9999935286005,317.93627946834783,702957.1118470244,702.9571118470244,rebalance,rebalance,-17959.99519182072
2018-04-11,2018-04-12,CPRI,sell,11561.861812057316,65.16999816894531,753486.513121374,753.486513121374,rebalance,rebalance,32518.8766812545
2018-04-11,2018-04-12,DE,sell,5018.487345370382,129.0748849407338,647760.6766802106,647.7606766802106,rebalance,rebalance,-73101.23392346749
2018-04-11,2018-04-12,FLR,sell,5864.424791850306,56.09350029513385,328956.1137924454,328.9561137924454,rebalance,rebalance,14615.053670639905
2018-04-11,2018-04-12,GWW,sell,1279.0378167273957,251.15533317140273,321237.1689989926,321.2371689989926,rebalance,rebalance,10880.055072918147
2018-04-11,2018-04-12,HP,sell,16529.353550975327,47.87110193584402,791278.3687723451,791.2783687723452,rebalance,rebalance,77091.52142229305
2018-04-11,2018-04-12,KSS,sell,7484.837612975791,41.31101856195444,309206.2655628577,309.2062655628577,rebalance,rebalance,8855.858842060825
2018-04-11,2018-04-12,NFLX,sell,9577.23171657343,30.972000122070312,296626.0218948079,296.62602189480793,rebalance,rebalance,-8684.517479598475
2018-04-11,2018-04-12,NTAP,sell,6247.136766011496,54.096601580805135,337948.8686517234,337.9488686517234,rebalance,rebalance,30034.57256502533
2018-04-11,2018-04-12,NVDA,sell,116735.30263661896,5.682894984599744,663394.4658793751,663.3944658793752,rebalance,rebalance,-57483.078513502245
2018-04-11,2018-04-12,RF,sell,50771.45052480437,13.30610183077416,675570.0907791592,675.5700907791593,rebalance,rebalance,-45319.62923861809
2018-04-11,2018-04-12,STX,sell,7188.033183155565,43.256553278956105,310929.54035807314,310.92954035807315,rebalance,rebalance,41945.28569321497
2018-04-11,2018-04-12,ADBE,buy,1788.863263560482,225.72000122070312,403782.218034543,403.782218034543,rebalance,rebalance,0.0
2018-04-11,2018-04-12,ALGN,buy,1555.2816640809326,259.6199951171875,403782.218034543,403.782218034543,rebalance,rebalance,0.0
2018-04-11,2018-04-12,CSCO,buy,11976.241324341781,33.71527068462233,403782.218034543,403.782218034543,rebalance,rebalance,0.0
2018-04-11,2018-04-12,HCA,buy,4493.149849846564,89.86618108192667,403782.218034543,403.782218034543,rebalance,rebalance,0.0
2018-04-11,2018-04-12,M,buy,19476.811319879787,20.731433467366728,403782.2180345429,403.78221803454295,rebalance,rebalance,0.0
2018-04-11,2018-04-12,MU,buy,8100.106219610842,49.84900285097028,403782.218034543,403.782218034543,rebalance,rebalance,0.0
2018-04-11,2018-04-12,NKTR,buy,260.5887176731481,1549.5,403782.218034543,403.782218034543,rebalance,rebalance,0.0
2018-05-09,2018-05-10,ADBE,sell,1788.863263560482,240.4600067138672,430150.07236594387,430.15007236594386,rebalance,rebalance,25533.922041000453
2018-05-09,2018-05-10,ALGN,sell,1555.2816640809326,268.010009765625,416831.05397862825,416.83105397862823,rebalance,rebalance,12228.222672072186
2018-05-09,2018-05-10,AMZN,sell,5610.034409097272,80.42400360107422,451181.4275193893,451.18142751938933,rebalance,rebalance,2321.045846679729
2018-05-09,2018-05-10,CSCO,sell,11976.241324341781,36.252978532976165,434174.4196371046,434.1744196371046,rebalance,rebalance,29554.244964890055
2018-05-09,2018-05-10,FLR,sell,7198.377992281779,43.08397961265918,310134.77066368266,310.1347706636827,rebalance,rebalance,-75614.3285460148
2018-05-09,2018-05-10,HCA,sell,4493.149849846564,93.4355306395206,419819.84046329604,419.81984046329603,rebalance,rebalance,15214.020370255246
2018-05-09,2018-05-10,MU,sell,8100.106219610842,50.51210095212092,409153.3830878854,409.1533830878854,rebalance,rebalance,4558.229452220058
2018-05-09,2018-05-10,AAP,buy,8251.067300315803,103.04799689519852,850255.9575450169,850.2559575450169,rebalance,rebalance,0.0
2018-05-09,2018-05-10,AKAM,buy,5397.18366242858,77.33000183105469,417364.22249814053,417.3642224981405,rebalance,rebalance,0.0
2018-05-09,2018-05-10,EW,buy,18776.355548660253,45.28333282470703,850255.9575450168,850.2559575450168,rebalance,rebalance,0.0
2018-05-09,2018-05-10,GWW,buy,1582.515412148804,266.5199905707897,421771.9927240286,421.7719927240286,rebalance,rebalance,0.0
2018-05-09,2018-05-10,KDP,buy,53589.35447815688,15.866135463370487,850255.9575450169,850.2559575450169,rebalance,rebalance,0.0
2018-05-09,2018-05-10,KSS,buy,11727.781264147097,39.54314206112303,463753.32058994565,463.75332058994564,rebalance,rebalance,0.0
2018-05-09,2018-05-10,M,buy,21424.256646189948,20.788111407026413,445369.8339737227,445.36983397372273,rebalance,rebalance,0.0
2018-05-09,2018-05-10,NFLX,buy,12611.737502649381,33.150001525878906,418079.1174568112,418.0791174568112,rebalance,rebalance,0.0
2018-05-09,2018-05-10,NKTR,buy,464.73093047785795,1172.25,544780.833252669,544.780833252669,rebalance,rebalance,0.0
2018-05-09,2018-05-10,NTAP,buy,7297.767518766186,57.59814582443327,420337.87773870735,420.33787773870733,rebalance,rebalance,0.0
2018-05-09,2018-05-10,RL,buy,9057.032022524072,93.8779895478455,850255.9575450169,850.2559575450169,rebalance,rebalance,0.0
2018-05-09,2018-05-10,STX,buy,10709.14421794496,42.42003613128855,454282.2846604051,454.2822846604051,rebalance,rebalance,0.0
2018-05-09,2018-05-10,TPR,buy,22739.17087349496,37.391686894621344,850255.9575450169,850.2559575450169,rebalance,rebalance,0.0
2018-05-09,2018-05-10,UA,buy,51406.040536963796,16.540000915527344,850255.9575450169,850.2559575450169,rebalance,rebalance,0.0
2018-05-09,2018-05-10,UAA,buy,46589.36753671325,18.25,850255.9575450169,850.2559575450169,rebalance,rebalance,0.0
2018-06-07,2018-06-08,AAP,sell,8251.067300315803,113.20900527976836,934095.1215651758,934.0951215651759,rebalance,rebalance,82054.81294104882
2018-06-07,2018-06-08,AKAM,sell,728.9191406502669,78.0,56855.69297072082,56.85569297072082,rebalance,rebalance,1939.1093267733413
2018-06-07,2018-06-08,EW,sell,18776.355548660253,47.12333297729492,884804.4546195961,884.8044546195962,rebalance,rebalance,32813.436662414824
2018-06-07,2018-06-08,GWW,sell,335.9712911820611,280.5531711298858,94257.81114972949,94.25781114972949,rebalance,rebalance,8660.249880092306
2018-06-07,2018-06-08,KDP,sell,3257.654230691427,15.90979441512732,51828.609085870354,51.828609085870355,rebalance,rebalance,38.71077649536436
2018-06-07,2018-06-08,KSS,sell,21501.982726378967,50.21539428508757,1079730.540516262,1079.730540516262,rebalance,rebalance,222619.8729113511
2018-06-07,2018-06-08,M,sell,40901.067966069735,28.47560327243754,1164682.5848208056,1164.6825848208057,rebalance,rebalance,313516.69817571086
2018-06-07,2018-06-08,NFLX,sell,3284.700270972491,35.805999755859375,117611.97710051225,117.61197710051225,rebalance,rebalance,10727.109461673279
2018-06-07,2018-06-08,NTAP,sell,14761.86334429426,59.48611738144272,878125.9356675049,878.1259356675049,rebalance,rebalance,88996.5464536317
2018-06-07,2018-06-08,RL,sell,9057.032022524072,116.32726990984877,1053579.8086663012,1053.5798086663012,rebalance,rebalance,201420.01535507312
2018-06-07,2018-06-08,STX,sell,202.19946739290026,40.358116804286745,8160.389722807237,8.160389722807238,rebalance,rebalance,45.1418094692387
2018-06-07,2018-06-08,TPR,sell,22739.17087349496,37.1185938699674,844046.0485930513,844.0460485930513,rebalance,rebalance,-7904.210958103578
2018-06-07,2018-06-08,UA,sell,14281.932292625963,21.56999969482422,308061.2751934422,308.0612751934422,rebalance,rebalance,71293.81754952026
2018-06-07,2018-06-08,UAA,sell,12514.17589837333,23.5,294083.13361177326,294.08313361177323,rebalance,rebalance,65176.95662270292
2018-06-07,2018-06-08,ADBE,buy,3243.810262987619,246.86000061035156,800767.0035009882,800.7670035009883,rebalance,rebalance,0.0
2018-06-07,2018-06-08,AMZN,buy,9526.589485900064,84.05599975585938,800767.0035009882,800.7670035009883,rebalance,rebalance,0.0
2018-06-07,2018-06-08,CMG,buy,89174.25594098178,8.9798002243042,800767.0035009882,800.7670035009883,rebalance,rebalance,0.0
2018-06-07,2018-06-08,COP,buy,15013.895882392004,53.335057720768646,800767.0035009882,800.7670035009883,rebalance,rebalance,0.0
2018-06-07,2018-06-08,MA,buy,4211.462438868797,190.13988967596612,800767.0035009882,800.7670035009883,rebalance,rebalance,0.0
2018-06-07,2018-06-08,NKTR,buy,270.4733994018567,804.1500244140625,217501.19073235753,217.50119073235754,rebalance,rebalance,0.0
2018-06-07,2018-06-08,NVDA,buy,124591.751114626,6.427126967372603,800767.0035009882,800.7670035009883,rebalance,rebalance,0.0
2018-06-07,2018-06-08,VLO,buy,9056.74660910933,88.41662884722555,800767.0035009882,800.7670035009883,rebalance,rebalance,0.0
2018-07-06,2018-07-09,AKAM,sell,10266.243634628054,75.80000305175781,778181.2988348957,778.1812988348958,rebalance,rebalance,4747.686411410139
2018-07-06,2018-07-09,COP,sell,15013.895882392004,53.46462193851623,802712.267176334,802.7122671763341,rebalance,rebalance,341.7844046685384
2018-07-06,2018-07-09,KDP,sell,50331.70024746545,16.32126970673147,821477.2545372468,821.4772545372468,rebalance,rebalance,21287.6334804368
2018-07-06,2018-07-09,MA,sell,4211.462438868797,191.90837448109798,808214.9108315114,808.2149108315114,rebalance,rebalance,5838.925416190622
2018-07-06,2018-07-09,NFLX,sell,133.3880869114255,41.595001220703125,5548.277637907998,5.548277637907998,rebalance,rebalance,1207.0278342109336
2018-07-06,2018-07-09,NKTR,sell,995.7930475528627,713.5499877929688,710548.1169256683,710.5481169256683,rebalance,rebalance,-457392.7374528465
2018-07-06,2018-07-09,NVDA,sell,124591.751114626,6.189041043467061,771103.4613258531,771.1034613258531,rebalance,rebalance,-31235.412639961876
2018-07-06,2018-07-09,ADBE,buy,456.40678353401245,249.89999389648438,114056.05241946377,114.05605241946377,rebalance,rebalance,0.0
2018-07-06,2018-07-09,ALGN,buy,2637.5841541394334,350.5799865722656,924684.2173414232,924.6842173414232,rebalance,rebalance,0.0
2018-07-06,2018-07-09,AMZN,buy,1200.2945822951006,86.20249938964844,103468.39299769173,103.46839299769174,rebalance,rebalance,0.0
2018-07-06,2018-07-09,CMG,buy,12578.048555095957,9.087599754333496,114304.2709592848,114.30427095928479,rebalance,rebalance,0.0
2018-07-06,2018-07-09,GWW,buy,582.902865610592,269.02673847791823,156816.45678464984,156.81645678464983,rebalance,rebalance,0.0
2018-07-06,2018-07-09,IDXX,buy,4083.7532449398277,226.42999267578125,924684.2173414232,924.6842173414232,rebalance,rebalance,0.0
2018-07-06,2018-07-09,KSS,buy,19594.613679203892,47.19073478457025,924684.2173414233,924.6842173414233,rebalance,rebalance,0.0
2018-07-06,2018-07-09,M,buy,34746.61908546639,26.612206933485353,924684.2173414232,924.6842173414232,rebalance,rebalance,0.0
2018-07-06,2018-07-09,RL,buy,8485.171715277684,108.97648844000587,924684.2173414233,924.6842173414233,rebalance,rebalance,0.0
2018-07-06,2018-07-09,STX,buy,1292.5311541129013,43.75325565958926,56552.44603388573,56.55244603388573,rebalance,rebalance,0.0
2018-07-06,2018-07-09,TRIP,buy,18024.223780117496,51.302304533160616,924684.2173414232,924.6842173414232,rebalance,rebalance,0.0
2018-07-06,2018-07-09,UA,buy,6971.468656923636,20.969999313354492,146191.69294876102,146.19169294876102,rebalance,rebalance,0.0
2018-07-06,2018-07-09,UAA,buy,7260.7128163293455,22.3700008392334,162422.15179472015,162.42215179472015,rebalance,rebalance,0.0
2018-07-06,2018-07-09,VLO,buy,2678.1388695696805,78.7978901900212,211031.6925579792,211.0316925579792,rebalance,rebalance,0.0
2018-08-03,2018-08-06,ADBE,sell,3700.2170465216313,252.74000549316406,935192.8766637765,935.1928766637765,rebalance,rebalance,18519.804810740206
2018-08-03,2018-08-06,ALGN,sell,247.7914438565117,362.1099853515625,89727.75610512398,89.72775610512397,rebalance,rebalance,2680.4365680207443
2018-08-03,2018-08-06,AMZN,sell,10726.884068195164,91.29049682617188,979262.5759822843,979.2625759822843,rebalance,rebalance,73143.68151112337
2018-08-03,2018-08-06,CMG,sell,8657.957801093187,9.295599937438965,80480.91199419103,80.48091199419103,rebalance,rebalance,2460.465328845504
2018-08-03,2018-08-06,GWW,sell,3437.146146041247,305.54681022737697,1050209.041208225,1050.209041208225,rebalance,rebalance,165792.45404935922
2018-08-03,2018-08-06,IDXX,sell,4083.7532449398277,242.05999755859375,988513.300500034,988.513300500034,rebalance,rebalance,61915.88564076958
2018-08-03,2018-08-06,KSS,sell,19594.613679203892,47.29553755072406,926737.7870567191,926.7377870567191,rebalance,rebalance,202.1477108978254
2018-08-03,2018-08-06,M,sell,3666.340391808655,27.84298724742154,102081.86877383488,102.08186877383488,rebalance,rebalance,4312.808300457948
2018-08-03,2018-08-06,RL,sell,8485.171715277684,112.39840611295043,953719.7763919012,953.7197763919012,rebalance,rebalance,27157.155056744792
2018-08-03,2018-08-06,STX,sell,21134.06656034208,39.90379860673534,843329.5357652302,843.3295357652302,rebalance,rebalance,-9659.32958783117
2018-08-03,2018-08-06,VLO,sell,11734.88547867901,83.89062055286782,984446.8249232195,984.4468249232195,rebalance,rebalance,-29348.116656729966
2018-08-03,2018-08-06,CPRT,buy,60126.302442320135,14.392499923706055,865367.8033138197,865.3678033138198,rebalance,rebalance,0.0
2018-08-03,2018-08-06,CRM,buy,6248.414595203418,138.4939795733333,865367.8033138197,865.3678033138198,rebalance,rebalance,0.0
2018-08-03,2018-08-06,EXR,buy,12659.05443520271,68.35959255435199,865367.8033138197,865.3678033138198,rebalance,rebalance,0.0
2018-08-03,2018-08-06,ILMN,buy,2673.15157086952,323.7256774902344,865367.8033138197,865.3678033138198,rebalance,rebalance,0.0
2018-08-03,2018-08-06,INTU,buy,4484.942853968362,192.94957182077044,865367.8033138197,865.3678033138198,rebalance,rebalance,0.0
2018-08-03,2018-08-06,MU,buy,16994.098787102383,50.92166487643274,865367.8033138197,865.3678033138198,rebalance,rebalance,0.0
2018-08-03,2018-08-06,NFLX,buy,3008.291428357661,34.2869987487793,103145.2844400626,103.14528444006261,rebalance,rebalance,0.0
2018-08-03,2018-08-06,NTAP,buy,13118.127269039065,65.96732792463676,865367.8033138197,865.3678033138198,rebalance,rebalance,0.0
2018-08-03,2018-08-06,TRIP,buy,305.31950840996797,47.21164022976268,14414.634786179407,14.414634786179407,rebalance,rebalance,0.0
2018-08-03,2018-08-06,UA,buy,3244.0166878140444,18.280000686645508,59300.627280730216,59.30062728073022,rebalance,rebalance,0.0
2018-08-03,2018-08-06,UAA,buy,2725.594028366584,19.639999389648438,53530.665053549135,53.530665053549136,rebalance,rebalance,0.0
2018-08-03,2018-08-06,VRSN,buy,5830.683049768851,148.41619685503673,865367.8033138197,865.3678033138198,rebalance,rebalance,0.0
2018-08-31,2018-09-04,CPRT,sell,60126.302442320135,16.177499771118164,972693.2439988155,972.6932439988155,rebalance,rebalance,105487.3796376832
2018-08-31,2018-09-04,CRM,sell,6248.414595203418,149.52317781913152,934282.8066062573,934.2828066062574,rebalance,rebalance,67115.35268251755
2018-08-31,2018-09-04,EXR,sell,12659.05443520271,68.17457914853567,863025.7085383487,863.0257085383487,rebalance,rebalance,-4070.488287323124
2018-08-31,2018-09-04,INTU,sell,4484.942853968362,207.47691245296284,930522.0958693351,930.5220958693351,rebalance,rebalance,63358.402656332444
2018-08-31,2018-09-04,MU,sell,16994.098787102383,50.843648138862676,864041.9791685066,864.0419791685066,rebalance,rebalance,-3055.233927795384
2018-08-31,2018-09-04,NFLX,sell,25238.94872381121,36.64699935913086,924931.737706646,924.931737706646,rebalance,rebalance,98163.90028347996
2018-08-31,2018-09-04,TRIP,sell,18329.543288527464,48.083129845260764,881341.8099465941,881.341809946594,rebalance,rebalance,-59577.48284308266
2018-08-31,2018-09-04,UA,sell,47339.59358907551,18.920000076293945,895665.1143170331,895.6651143170332,rebalance,rebalance,74424.81951916186
2018-08-31,2018-09-04,UAA,sell,44061.49848303585,20.510000228881836,903701.343971942,903.701343971942,rebalance,rebalance,64134.753315749374
2018-08-31,2018-09-04,ALGN,buy,73.8319035605391,386.6400146484375,28546.368274168864,28.546368274168866,rebalance,rebalance,0.0
2018-08-31,2018-09-04,AMD,buy,37179.38429283785,25.6200008392334,952535.8567846868,952.5358567846869,rebalance,rebalance,0.0
2018-08-31,2018-09-04,CMG,buy,6922.0193734294735,9.523799896240234,65923.92739044051,65.92392739044051,rebalance,rebalance,0.0
2018-08-31,2018-09-04,CNC,buy,13012.785471264433,73.19999694824219,952535.8567846868,952.5358567846869,rebalance,rebalance,0.0
2018-08-31,2018-09-04,COP,buy,16836.126178284343,56.57690175862969,952535.8567846868,952.5358567846869,rebalance,rebalance,0.0
2018-08-31,2018-09-04,DVN,buy,31401.85624161653,30.333743631445,952535.8567846868,952.5358567846869,rebalance,rebalance,0.0
2018-08-31,2018-09-04,GWW,buy,2973.4076164959656,320.3515897047475,952535.8567846867,952.5358567846866,rebalance,rebalance,0.0
2018-08-31,2018-09-04,ILMN,buy,91.56366015786398,344.5330810546875,31546.70994683321,31.54670994683321,rebalance,rebalance,0.0
2018-08-31,2018-09-04,LLY,buy,10040.316046805952,94.87110289598002,952535.8567846868,952.5358567846869,rebalance,rebalance,0.0
2018-08-31,2018-09-04,M,buy,6040.443745493241,25.660488110006547,155000.73491039273,155.00073491039274,rebalance,rebalance,0.0
2018-08-31,2018-09-04,NOV,buy,22615.619381817403,42.118495217977994,952535.8567846868,952.5358567846869,rebalance,rebalance,0.0
2018-08-31,2018-09-04,NTAP,buy,399.07597793208333,70.46841268722693,28122.250706476716,28.122250706476716,rebalance,rebalance,0.0
2018-08-31,2018-09-04,PSX,buy,10972.17916932106,86.8137351828924,952535.8567846868,952.5358567846869,rebalance,rebalance,0.0
2018-08-31,2018-09-04,RHI,buy,15855.652662803774,60.07547447222199,952535.8567846868,952.5358567846869,rebalance,rebalance,0.0
2018-08-31,2018-09-04,VRSN,buy,278.4499031373607,155.91997491747998,43415.90191295201,43.41590191295201,rebalance,rebalance,0.0
2018-10-01,2018-10-02,ALGN,sell,27.236754271601967,390.5199890136719,10636.496978914081,10.636496978914082,rebalance,rebalance,1038.18732763406
2018-10-01,2018-10-02,AMD,sell,6217.517246750518,30.729999542236328,191064.3021464899,191.06430214648992,rebalance,rebalance,31421.147967567336
2018-10-01,2018-10-02,COP,sell,16836.126178284343,60.67880361713077,1021595.99404535,1021.59599404535,rebalance,rebalance,67086.00540983328
2018-10-01,2018-10-02,GWW,sell,2973.4076164959656,318.5838452713631,947279.6320224432,947.2796320224433,rebalance,rebalance,-7156.040251050574
2018-10-01,2018-10-02,ILMN,sell,100.90185307570027,357.1789855957031,36040.0215263053,36.0400215263053,rebalance,rebalance,3237.193895603052
2018-10-01,2018-10-02,LLY,sell,215.66919571957078,96.84400615863727,20886.26891849446,20.886268918494462,rebalance,rebalance,384.14741651271135
2018-10-01,2018-10-02,M,sell,37120.72243915097,25.091054658931657,931398.0756997679,931.3980756997679,rebalance,rebalance,-52630.98097539628
2018-10-01,2018-10-02,NOV,sell,22615.619381817403,40.02326203770356,905150.8606634453,905.1508606634453,rebalance,rebalance,-49242.68283868936
2018-10-01,2018-10-02,PSX,sell,10972.17916932106,83.90798155085075,920653.4073120204,920.6534073120205,rebalance,rebalance,-33755.63873676307
2018-10-01,2018-10-02,RHI,sell,15855.652662803774,53.64076861995831,850509.3958038831,850.5093958038831,rebalance,rebalance,-103829.50623339212
2018-10-01,2018-10-02,VRSN,sell,6109.132952906211,157.08878670775738,959676.2834084159,959.6762834084159,rebalance,rebalance,49024.118193009126
2018-10-01,2018-10-02,AAP,buy,6399.741811280661,148.67133522104515,951458.1601530458,951.4581601530458,rebalance,rebalance,0.0
2018-10-01,2018-10-02,AMZN,buy,9514.629511499617,99.99949645996094,951458.1601530459,951.4581601530459,rebalance,rebalance,0.0
2018-10-01,2018-10-02,CF,buy,20936.094344674315,45.44582883937356,951458.1601530457,951.4581601530457,rebalance,rebalance,0.0
2018-10-01,2018-10-02,CMG,buy,6173.160282282057,8.960000038146973,55311.516364734605,55.31151636473461,rebalance,rebalance,0.0
2018-10-01,2018-10-02,CNC,buy,64.77890330293849,72.75499725341797,4712.988931884718,4.712988931884718,rebalance,rebalance,0.0
2018-10-01,2018-10-02,DRI,buy,10920.403590013451,87.12664805018198,951458.1601530458,951.4581601530458,rebalance,rebalance,0.0
2018-10-01,2018-10-02,DVN,buy,1842.5024229787814,28.620138825729036,52732.67513239484,52.73267513239484,rebalance,rebalance,0.0
2018-10-01,2018-10-02,NTAP,buy,119.68066055131021,69.77093642545397,8350.2317586818,8.350231758681801,rebalance,rebalance,0.0
2018-10-01,2018-10-02,ORLY,buy,41147.10284574002,23.123332977294922,951458.1601530459,951.4581601530459,rebalance,rebalance,0.0
2018-10-01,2018-10-02,TSCO,buy,59848.30438153638,15.89782985475153,951458.1601530458,951.4581601530458,rebalance,rebalance,0.0
2018-10-01,2018-10-02,TTWO,buy,6894.6243489351145,138.0,951458.1601530458,951.4581601530458,rebalance,rebalance,0.0
2018-10-11,2018-10-12,AAP,sell,6399.741811280661,142.66240937512313,913002.5861760137,913.0025861760137,market_trend_exit,risk_exit,-40320.0347233611
2018-10-11,2018-10-12,ALGN,sell,2436.387859571859,326.1300048828125,794579.1845385954,794.5791845385954,market_trend_exit,risk_exit,-63853.94591185129
2018-10-11,2018-10-12,AMD,sell,30961.867046087333,26.770000457763672,828849.1949969758,828.8491949969758,market_trend_exit,risk_exit,33984.04303728364
2018-10-11,2018-10-12,AMZN,sell,9514.629511499617,90.4000015258789,860122.5223577379,860.1225223577379,market_trend_exit,risk_exit,-93147.21847781859
2018-10-11,2018-10-12,CF,sell,20936.094344674315,43.149658203125,903385.315081075,903.385315081075,market_trend_exit,risk_exit,-49927.688547204765
2018-10-11,2018-10-12,CMG,sell,106189.52635069608,8.791000366210938,933512.1650367352,933.5121650367353,market_trend_exit,risk_exit,-26824.406308613827
2018-10-11,2018-10-12,CNC,sell,13077.564374567371,70.5250015258789,922295.2474711435,922.2952474711435,market_trend_exit,risk_exit,-36833.14233861566
2018-10-11,2018-10-12,DRI,sell,10920.403590013451,84.57199851152315,923560.3561598497,923.5603561598497,market_trend_exit,risk_exit,-29772.822509508962
2018-10-11,2018-10-12,DVN,sell,33244.35866459531,26.00868462552449,864642.040085282,864.6420400852819,market_trend_exit,risk_exit,-142496.4024038019
2018-10-11,2018-10-12,ILMN,sell,2663.813377951684,307.9280090332031,820262.7499086735,820.2627499086735,market_trend_exit,risk_exit,-45602.15300597269
2018-10-11,2018-10-12,LLY,sell,9824.646851086382,98.19531304651976,964734.2731139318,964.7342731139317,market_trend_exit,risk_exit,30762.38143240979
2018-10-11,2018-10-12,NTAP,sell,13636.883907522459,61.83571076569913,843246.4090509758,843.2464090509758,market_trend_exit,risk_exit,-60338.96342283222
2018-10-11,2018-10-12,ORLY,sell,41147.10284574002,22.274667739868164,916538.0443470427,916.5380443470427,market_trend_exit,risk_exit,-36788.11201050314
2018-10-11,2018-10-12,TSCO,sell,59848.30438153638,15.201123190308792,909761.4476348319,909.7614476348319,market_trend_exit,risk_exit,-43557.93212600165
2018-10-11,2018-10-12,TTWO,sell,6894.6243489351145,126.7300033569336,873755.7668853431,873.7557668853432,market_trend_exit,risk_exit,-79527.60719474088
2019-02-26,2019-02-27,AES,buy,68303.06415469866,12.92838956312951,883048.6217473715,883.0486217473715,rebalance,rebalance,0.0
2019-02-26,2019-02-27,AMT,buy,6204.202907295014,142.33071273492152,883048.6217473715,883.0486217473715,rebalance,rebalance,0.0
2019-02-26,2019-02-27,AVGO,buy,39153.885628388576,22.553281943162137,883048.6217473716,883.0486217473716,rebalance,rebalance,0.0
2019-02-26,2019-02-27,DE,buy,6005.185606530444,147.04768172145836,883048.6217473715,883.0486217473715,rebalance,rebalance,0.0
2019-02-26,2019-02-27,EW,buy,15842.27834870171,55.7400016784668,883048.6217473715,883.0486217473715,rebalance,rebalance,0.0
2019-02-26,2019-02-27,INCY,buy,10359.557060978097,85.23999786376953,883048.6217473715,883.0486217473715,rebalance,rebalance,0.0
2019-02-26,2019-02-27,MCD,buy,5786.864089883621,152.59536219125727,883048.6217473715,883.0486217473715,rebalance,rebalance,0.0
2019-02-26,2019-02-27,NRG,buy,26033.73401337508,33.91939939517308,883048.6217473715,883.0486217473715,rebalance,rebalance,0.0
2019-02-26,2019-02-27,O,buy,19095.85340518982,46.242951441352126,883048.6217473715,883.0486217473715,rebalance,rebalance,0.0
2019-02-26,2019-02-27,PG,buy,10763.944664306828,82.03764040849775,883048.6217473715,883.0486217473715,rebalance,rebalance,0.0
2019-02-26,2019-02-27,SBAC,buy,5394.109944337066,163.7060851298421,883048.6217473716,883.0486217473716,rebalance,rebalance,0.0
2019-02-26,2019-02-27,SBUX,buy,14695.031055963844,60.09164719587267,883048.6217473715,883.0486217473715,rebalance,rebalance,0.0
2019-02-26,2019-02-27,ULTA,buy,2871.8895219066308,307.4800109863281,883048.6217473715,883.0486217473715,rebalance,rebalance,0.0
2019-02-26,2019-02-27,WAT,buy,3717.4734642838876,237.5399932861328,883048.6217473715,883.0486217473715,rebalance,rebalance,0.0
2019-02-26,2019-02-27,WELL,buy,14907.641349959727,59.234630148233144,883048.6217473715,883.0486217473715,rebalance,rebalance,0.0
2019-03-26,2019-03-27,AES,sell,866.3733020820946,13.912973840971524,12053.829088384302,12.053829088384303,rebalance,rebalance,829.7628913273044
2019-03-26,2019-03-27,AMT,sell,313.4736492378024,159.27483247864888,49928.46296882172,49.92846296882172,rebalance,rebalance,5216.989658300058
2019-03-26,2019-03-27,AVGO,sell,39153.885628388576,24.782702034187846,970339.0810090238,970.3390810090239,rebalance,rebalance,85437.07155889593
2019-03-26,2019-03-27,DE,sell,6005.185606530444,142.2093467178449,853993.5220240996,853.9935220240997,rebalance,rebalance,-30792.141867043232
2019-03-26,2019-03-27,EW,sell,15842.27834870171,63.5099983215332,1006143.0713353073,1006.1430713353074,rebalance,rebalance,121205.25789485335
2019-03-26,2019-03-27,MCD,sell,5786.864089883621,157.4004354771409,910854.9277947105,910.8549277947105,rebalance,rebalance,26012.402497796997
2019-03-26,2019-03-27,NRG,sell,26033.73401337508,35.591874699733744,926589.3989702424,926.5893989702424,rebalance,rebalance,41731.13920215333
2019-03-26,2019-03-27,O,sell,287.6537200187777,49.88488698861905,14349.57331499259,14.349573314992591,rebalance,rebalance,1019.9647779182094
2019-03-26,2019-03-27,SBAC,sell,5394.109944337066,177.01023730908793,954812.6813184151,954.8126813184151,rebalance,rebalance,69926.19826797777
2019-03-26,2019-03-27,ULTA,sell,2871.8895219066308,343.70001220703125,987068.4637365541,987.0684637365541,rebalance,rebalance,102149.72490369885
2019-03-26,2019-03-27,WELL,sell,14907.641349959727,62.87578432081469,937329.6422521266,937.3296422521266,rebalance,rebalance,52460.642240755646
2019-03-26,2019-03-27,CDNS,buy,15048.034301774114,62.349998474121094,938244.9157541379,938.2449157541379,rebalance,rebalance,0.0
2019-03-26,2019-03-27,CMG,buy,67993.6901427029,13.798999786376953,938244.915754138,938.244915754138,rebalance,rebalance,0.0
2019-03-26,2019-03-27,GRMN,buy,12934.101225278848,72.5404030332158,938244.9157541379,938.2449157541379,rebalance,rebalance,0.0
2019-03-26,2019-03-27,INCY,buy,419.9110672990173,87.04000091552734,36549.05968214653,36.54905968214653,rebalance,rebalance,0.0
2019-03-26,2019-03-27,KEYS,buy,10956.96538419178,85.62999725341797,938244.9157541379,938.2449157541379,rebalance,rebalance,0.0
2019-03-26,2019-03-27,LLY,buy,7870.180569257669,119.21517016002024,938244.9157541379,938.2449157541379,rebalance,rebalance,0.0
2019-03-26,2019-03-27,PG,buy,292.18373017182967,84.86197720195526,24795.289048624054,24.795289048624056,rebalance,rebalance,0.0
2019-03-26,2019-03-27,PNW,buy,13192.858745406449,71.11763521919163,938244.9157541379,938.2449157541379,rebalance,rebalance,0.0
2019-03-26,2019-03-27,SBUX,buy,466.8721622601606,61.881737553000924,28890.86061578532,28.89086061578532,rebalance,rebalance,0.0
2019-03-26,2019-03-27,TDG,buy,2828.5115965902573,331.70976455786246,938244.9157541379,938.2449157541379,rebalance,rebalance,0.0
2019-03-26,2019-03-27,WAT,buy,48.30995429390032,249.14999389648438,12036.424817464704,12.036424817464704,rebalance,rebalance,0.0
2019-03-26,2019-03-27,WHR,buy,9798.847922383351,95.7505334490313,938244.9157541379,938.2449157541379,rebalance,rebalance,0.0
2019-04-24,2019-04-25,AES,sell,67436.69085261656,13.352514082632899,900449.3642957238,900.4493642957239,rebalance,rebalance,26829.256930277927
2019-04-24,2019-04-25,AMT,sell,26.38496550947093,157.85755305827684,4165.066092852112,4.165066092852112,rebalance,rebalance,401.75468936349114
2019-04-24,2019-04-25,CDNS,sell,1456.3292361869844,68.11000061035156,99190.58516556834,99.19058516556834,rebalance,rebalance,8198.466800672286
2019-04-24,2019-04-25,CMG,sell,2893.96810420938,14.220199584960938,41152.80403436841,41.152804034368415,rebalance,rebalance,1137.8521133153336
2019-04-24,2019-04-25,GRMN,sell,349.5478120281059,73.56089722962449,25713.050677439598,25.7130506774396,rebalance,rebalance,305.64212370070607
2019-04-24,2019-04-25,KEYS,sell,896.8580805189922,92.0199966430664,82528.87755866464,82.52887755866463,rebalance,rebalance,5571.595754587428
2019-04-24,2019-04-25,LLY,sell,7870.180569257669,107.18986044267781,843603.5568774042,843.6035568774042,rebalance,rebalance,-96423.2073493652
2019-04-24,2019-04-25,O,sell,18808.199685171043,47.10529831540865,885965.856945757,885.9658569457571,rebalance,rebalance,14463.479683451871
2019-04-24,2019-04-25,PG,sell,11056.128394478657,85.74381805705858,947994.6614716571,947.9946614716571,rebalance,rebalance,38294.912103394025
2019-04-24,2019-04-25,PNW,sell,13192.858745406449,69.147422384695,912252.1761302372,912.2521761302372,rebalance,rebalance,-27843.236715785017
2019-04-24,2019-04-25,SBUX,sell,15161.903218224004,64.5711404498763,979021.3821913736,979.0213821913736,rebalance,rebalance,65190.93896366226
2019-04-24,2019-04-25,TDG,sell,202.42851470093683,352.51399572889596,71358.8845666928,71.3588845666928,rebalance,rebalance,4072.86321592931
2019-04-24,2019-04-25,WHR,sell,9798.847922383351,100.43188374514776,984116.7553771874,984.1167553771874,rebalance,rebalance,43949.47795191826
2019-04-24,2019-04-25,ADI,buy,9075.97701200309,101.99794899089842,925731.0403128578,925.7310403128579,rebalance,rebalance,0.0
2019-04-24,2019-04-25,ANET,buy,45775.86398533017,20.223125457763672,925731.0403128578,925.7310403128579,rebalance,rebalance,0.0
2019-04-24,2019-04-25,AVGO,buy,35518.15544770374,26.063601238411344,925731.040312858,925.731040312858,rebalance,rebalance,0.0
2019-04-24,2019-04-25,AZO,buy,894.4607281950317,1034.9599609375,925731.0403128578,925.7310403128579,rebalance,rebalance,0.0
2019-04-24,2019-04-25,EW,buy,15565.481497687597,59.473331451416016,925731.0403128578,925.7310403128579,rebalance,rebalance,0.0
2019-04-24,2019-04-25,INCY,buy,1896.5698805759184,73.02999877929688,138506.49606331054,138.50649606331055,rebalance,rebalance,0.0
2019-04-24,2019-04-25,KLAC,buy,79904.89919754438,11.585410276586735,925731.0403128578,925.7310403128579,rebalance,rebalance,0.0
2019-04-24,2019-04-25,WAT,buy,701.3837840408255,207.22999572753906,145347.75857014544,145.34775857014543,rebalance,rebalance,0.0
2019-04-24,2019-04-25,XRAY,buy,20926.34925187004,44.237579578298,925731.0403128578,925.7310403128579,rebalance,rebalance,0.0
2019-05-22,2019-05-23,ADI,sell,9075.97701200309,87.18640695502783,791301.8252829789,791.3018252829789,rebalance,rebalance,-136146.2478954746
2019-05-22,2019-05-23,AMT,sell,5864.34429254774,164.2069774621887,962966.2510769017,962.9662510769017,rebalance,rebalance,126492.30564165452
2019-05-22,2019-05-23,ANET,sell,8570.245667239433,15.566875457763672,133411.94694435498,133.41194694435498,rebalance,rebalance,-40211.93548836038
2019-05-22,2019-05-23,AVGO,sell,9234.031025440741,22.035172919674665,203473.47039122749,203.4734703912275,rebalance,rebalance,-37642.77765183999
2019-05-22,2019-05-23,AZO,sell,894.4607281950317,1037.219970703125,927752.5302935466,927.7525302935467,rebalance,rebalance,168.0064100825184
2019-05-22,2019-05-23,CDNS,sell,4571.6889474609725,64.20999908447266,293548.1431309628,293.5481431309628,rebalance,rebalance,7924.751290585634
2019-05-22,2019-05-23,CMG,sell,22638.196224065272,13.640000343322754,308785.0042684582,308.7850042684582,rebalance,rebalance,-4220.630060506324
2019-05-22,2019-05-23,EW,sell,15565.481497687597,57.65999984741211,897505.6607815628,897.5056607815628,rebalance,rebalance,-30048.61623238926
2019-05-22,2019-05-23,GRMN,sell,3676.112885815748,65.01421038880427,238999.57657141946,238.99957657141945,rebalance,rebalance,-28172.80004815694
2019-05-22,2019-05-23,INCY,sell,12676.038008853033,78.61000061035156,996463.3556127765,996.4633556127765,rebalance,rebalance,-63695.38941315744
2019-05-22,2019-05-23,KEYS,sell,2303.6423125207757,74.66999816894531,172012.96725783127,172.0129672578313,rebalance,rebalance,-25617.191488331988
2019-05-22,2019-05-23,KLAC,sell,79904.89919754438,9.568859806085667,764598.7782407093,764.5987782407093,rebalance,rebalance,-162822.59189070205
2019-05-22,2019-05-23,TDG,sell,910.6069369058555,337.61776774365563,307437.0813300428,307.4370813300428,rebalance,rebalance,4770.374390269339
2019-05-22,2019-05-23,WAT,sell,4467.167202618613,205.6699981689453,918762.2703829427,918.7622703829428,rebalance,rebalance,-123629.72982755676
2019-05-22,2019-05-23,XRAY,sell,8837.362625391794,47.90932810019445,423392.10556029127,423.39210556029127,rebalance,rebalance,31634.237519281924
2019-05-22,2019-05-23,AMD,buy,21458.882237805024,26.989999771118164,579175.2266868092,579.1752266868092,rebalance,rebalance,0.0
2019-05-22,2019-05-23,DHI,buy,14365.649532575302,40.31667523097242,579175.2266868092,579.1752266868092,rebalance,rebalance,0.0
2019-05-22,2019-05-23,LRCX,buy,34407.22989554349,16.8329513432241,579175.2266868092,579.1752266868092,rebalance,rebalance,0.0
2019-05-22,2019-05-23,MSCI,buy,2805.3618771192764,206.45294691234025,579175.2266868092,579.1752266868092,rebalance,rebalance,0.0
2019-05-22,2019-05-23,NFLX,buy,16291.849201589415,35.54999923706055,579175.2266868092,579.1752266868092,rebalance,rebalance,0.0
2019-05-22,2019-05-23,QCOM,buy,10276.312741166137,56.36021803488685,579175.2266868092,579.1752266868092,rebalance,rebalance,0.0
2019-05-22,2019-05-23,WYNN,buy,5229.54758234502,110.75054152716916,579175.2266868092,579.1752266868092,rebalance,rebalance,0.0
2019-05-31,2019-06-03,AMD,sell,21458.882237805024,28.75,616942.8643368945,616.9428643368944,market_trend_exit,risk_exit,36571.519559061584
2019-05-31,2019-06-03,ANET,sell,37205.61831809074,15.233750343322754,566781.1008267502,566.7811008267502,market_trend_exit,risk_exit,-186951.98114147616
2019-05-31,2019-06-03,AVGO,sell,26284.124422263,21.033267213770067,552841.0124534374,552.8410124534374,market_trend_exit,risk_exit,-133455.82533951034
2019-05-31,2019-06-03,CDNS,sell,9020.016118126157,63.310001373291016,571057.2328256741,571.0572328256741,market_trend_exit,risk_exit,7525.786399933234
2019-05-31,2019-06-03,CMG,sell,42461.52581442824,13.152600288391113,558479.4766723756,558.4794766723755,market_trend_exit,risk_exit,-28591.51503247406
2019-05-31,2019-06-03,DHI,sell,14365.649532575302,39.52960211359091,567868.4101259949,567.868410125995,market_trend_exit,risk_exit,-12453.86019762703
2019-05-31,2019-06-03,GRMN,sell,8908.440527434994,65.0312380395822,579326.9165010863,579.3269165010863,market_trend_exit,risk_exit,-68120.49853924013
2019-05-31,2019-06-03,KEYS,sell,7756.464991152013,75.1500015258789,582898.3559205001,582.8983559205001,market_trend_exit,risk_exit,-82534.80439988838
2019-05-31,2019-06-03,LRCX,sell,34407.22989554349,16.070981037497976,552957.9392041129,552.9579392041129,market_trend_exit,risk_exit,-27349.42064858713
2019-05-31,2019-06-03,MSCI,sell,2805.3618771192764,203.81268237030162,571768.3291950641,571.7683291950642,market_trend_exit,risk_exit,-8557.841047626796
2019-05-31,2019-06-03,NFLX,sell,16291.849201589415,34.35599899291992,559722.7547626091,559.7227547626092,market_trend_exit,risk_exit,-20591.369905649342
2019-05-31,2019-06-03,QCOM,sell,10276.312741166137,56.419069067123466,579779.9982992131,579.7799982992132,market_trend_exit,risk_exit,-554.1836125820437
2019-05-31,2019-06-03,TDG,sell,1715.476144983465,326.75919679331287,560547.6072528857,560.5476072528858,market_trend_exit,risk_exit,-9622.168699618886
2019-05-31,2019-06-03,WYNN,sell,5229.54758234502,100.21406587098836,524074.22589259176,524.0742258925918,market_trend_exit,risk_exit,-56204.250246796764
2019-05-31,2019-06-03,XRAY,sell,12088.986626478247,47.68867748835957,576507.7843912131,576.5077843912131,market_trend_exit,risk_exit,40608.98118910037
2019-06-20,2019-06-21,AIG,buy,16136.352510813287,45.623479850826804,736196.5536429285,736.1965536429285,rebalance,rebalance,0.0
2019-06-20,2019-06-21,ALGN,buy,2496.3431029841204,294.9100036621094,736196.5536429284,736.1965536429284,rebalance,rebalance,0.0
2019-06-20,2019-06-21,CDNS,buy,10154.435222661083,72.5,736196.5536429285,736.1965536429285,rebalance,rebalance,0.0
2019-06-20,2019-06-21,CMG,buy,49765.87733389751,14.79319953918457,736196.5536429285,736.1965536429285,rebalance,rebalance,0.0
2019-06-20,2019-06-21,COTY,buy,56537.66887549625,13.021346091649708,736196.5536429285,736.1965536429285,rebalance,rebalance,0.0
2019-06-20,2019-06-21,GE,buy,14313.912969503483,51.432236259325634,736196.5536429285,736.1965536429285,rebalance,rebalance,0.0
2019-06-20,2019-06-21,GIS,buy,17899.637863398635,41.129131173559145,736196.5536429284,736.1965536429284,rebalance,rebalance,0.0
2019-06-20,2019-06-21,GPN,buy,4825.885730621423,152.5515925442622,736196.5536429285,736.1965536429285,rebalance,rebalance,0.0
2019-06-20,2019-06-21,IR,buy,22065.06211216777,33.364807671987165,736196.5536429285,736.1965536429285,rebalance,rebalance,0.0
2019-06-20,2019-06-21,MSCI,buy,3350.774170584944,219.70939137160974,736196.5536429285,736.1965536429285,rebalance,rebalance,0.0
2019-06-20,2019-06-21,SYF,buy,25679.904755077678,28.66819642301674,736196.5536429285,736.1965536429285,rebalance,rebalance,0.0
2019-06-20,2019-06-21,TSN,buy,11536.437935976153,63.814893100331616,736196.5536429285,736.1965536429285,rebalance,rebalance,0.0
2019-06-20,2019-06-21,ULTA,buy,2049.08861095596,359.2799987792969,736196.5536429285,736.1965536429285,rebalance,rebalance,0.0
2019-06-20,2019-06-21,XRAY,buy,14468.189664729607,50.88380583215745,736196.5536429285,736.1965536429285,rebalance,rebalance,0.0
2019-06-20,2019-06-21,XRX,buy,31311.50307807006,23.512015753678256,736196.5536429285,736.1965536429285,rebalance,rebalance,0.0
2019-07-19,2019-07-22,AIG,sell,16136.352510813287,46.567006789728374,751421.6369324928,751.4216369324929,rebalance,rebalance,13737.465098988936
2019-07-19,2019-07-22,ALGN,sell,2496.3431029841204,281.42999267578125,702545.821189058,702.5458211890581,rebalance,rebalance,-35089.47482870234
2019-07-19,2019-07-22,GE,sell,14313.912969503483,48.49030129141472,694085.9525503126,694.0859525503126,rebalance,rebalance,-43540.8835988091
2019-07-19,2019-07-22,GIS,sell,17899.637863398635,40.59141659528947,726571.6574180311,726.5716574180311,rebalance,rebalance,-11087.664435958133
2019-07-19,2019-07-22,GPN,sell,4825.885730621423,156.2764735641433,754172.4038050352,754.1724038050352,rebalance,rebalance,16485.48120465875
2019-07-19,2019-07-22,SYF,sell,25679.904755077678,29.532618212484937,758394.8228646856,758.3948228646856,rebalance,rebalance,20703.677845249567
2019-07-19,2019-07-22,TSN,sell,11536.437935976153,65.38421068547474,754300.8885657681,754.3008885657681,rebalance,rebalance,16613.837480631053
2019-07-19,2019-07-22,ULTA,sell,2049.08861095596,357.7900085449219,733143.4316232351,733.1434316232351,rebalance,rebalance,-4522.462004959468
2019-07-19,2019-07-22,AMD,buy,25589.77271675768,32.79999923706055,839344.5255862047,839.3445255862048,rebalance,rebalance,0.0
2019-07-19,2019-07-22,APD,buy,4403.4018552182915,190.61274741289665,839344.5255862047,839.3445255862048,rebalance,rebalance,0.0
2019-07-19,2019-07-22,CDNS,buy,1280.7760598655805,73.4000015258789,94008.96474844278,94.00896474844279,rebalance,rebalance,0.0
2019-07-19,2019-07-22,CMG,buy,6452.026429902573,14.93019962310791,96330.04257201367,96.33004257201367,rebalance,rebalance,0.0
2019-07-19,2019-07-22,COTY,buy,21684.35370671653,10.73028410514492,232679.27590952071,232.67927590952073,rebalance,rebalance,0.0
2019-07-19,2019-07-22,CPRT,buy,43309.83291709303,19.3799991607666,839344.5255862046,839.3445255862047,rebalance,rebalance,0.0
2019-07-19,2019-07-22,EL,buy,4819.544009193856,174.15434405932484,839344.5255862047,839.3445255862048,rebalance,rebalance,0.0
2019-07-19,2019-07-22,IR,buy,4099.291454069233,32.07969665527344,131504.02634809574,131.50402634809575,rebalance,rebalance,0.0
2019-07-19,2019-07-22,LHX,buy,4976.791080102494,168.6517501090118,839344.5255862047,839.3445255862048,rebalance,rebalance,0.0
2019-07-19,2019-07-22,MKTX,buy,2459.266821723931,341.29868226247584,839344.5255862047,839.3445255862048,rebalance,rebalance,0.0
2019-07-19,2019-07-22,MSCI,buy,410.0108317807908,223.18333142102304,91507.58335554156,91.50758335554156,rebalance,rebalance,0.0
2019-07-19,2019-07-22,MSI,buy,5422.776946549046,154.78131109935248,839344.5255862047,839.3445255862048,rebalance,rebalance,0.0
2019-07-19,2019-07-22,SNPS,buy,6190.769392613714,135.5800018310547,839344.5255862047,839.3445255862048,rebalance,rebalance,0.0
2019-07-19,2019-07-22,XRAY,buy,2271.9798323785526,50.139547615166045,113916.04098624141,113.91604098624141,rebalance,rebalance,0.0
2019-07-19,2019-07-22,XRX,buy,5187.658331541046,22.996268768114355,119296.78526926559,119.29678526926558,rebalance,rebalance,0.0
2019-08-16,2019-08-19,AMD,sell,10612.629151632183,32.0,339604.1328522299,339.6041328522299,rebalance,rebalance,-9177.793585441193
2019-08-16,2019-08-19,APD,sell,4403.4018552182915,193.8242863262476,853486.22199536,853.48622199536,rebalance,rebalance,12448.865661573856
2019-08-16,2019-08-19,CDNS,sell,4645.742250825372,70.58999633789062,327942.92847254674,327.9429284725467,rebalance,rebalance,-10006.915715609002
2019-08-16,2019-08-19,CMG,sell,56217.90376380008,16.488800048828125,926965.7743255616,926.9657743255616,rebalance,rebalance,92679.68574007899
2019-08-16,2019-08-19,COTY,sell,78222.02258221278,9.096574154571389,711552.4289396564,711.5524289396564,rebalance,rebalance,-259003.82887128473
2019-08-16,2019-08-19,CPRT,sell,18213.95136645323,19.09749984741211,347840.9334416122,347.84093344161215,rebalance,rebalance,-5846.256050132852
2019-08-16,2019-08-19,EL,sell,4819.544009193856,177.75128644308612,856680.1477032768,856.6801477032768,rebalance,rebalance,15639.597443782737
2019-08-16,2019-08-19,IR,sell,26164.353566237,29.202601318001076,764067.1859380387,764.0671859380387,rebalance,rebalance,-105265.16181891451
2019-08-16,2019-08-19,LHX,sell,4976.791080102494,184.66160208724003,919022.2141052122,919.0222141052122,rebalance,rebalance,77919.32177931612
2019-08-16,2019-08-19,MKTX,sell,1055.2494421580548,341.35517199381553,360214.85482424067,360.21485482424066,rebalance,rebalance,-660.7593414070956
2019-08-16,2019-08-19,MSCI,sell,1520.6358085321694,213.94494411501407,325332.34307570424,325.3323430757042,rebalance,rebalance,-10001.554060928833
2019-08-16,2019-08-19,MSI,sell,5422.776946549046,160.0678376941057,868012.1801315508,868.0121801315507,rebalance,rebalance,26960.297839628533
2019-08-16,2019-08-19,SNPS,sell,2520.4631637617886,130.5800018310547,329122.08453912026,329.1220845391203,rebalance,rebalance,-13273.162303705967
2019-08-16,2019-08-19,XRAY,sell,6475.703317855345,46.69201356547346,302363.62716328324,302.36362716328324,rebalance,rebalance,-27121.904381759618
2019-08-16,2019-08-19,XRX,sell,36499.16140961111,19.44497465571264,709725.2685646529,709.7252685646529,rebalance,rebalance,-147333.28895501775
2019-08-16,2019-08-19,AIG,buy,10430.420997511668,45.94911309892022,479268.59408401593,479.26859408401594,rebalance,rebalance,0.0
2019-08-16,2019-08-19,BR,buy,4225.771280771691,113.4156494140625,479268.59408401593,479.26859408401594,rebalance,rebalance,0.0
2019-08-16,2019-08-19,COST,buy,1913.2441007924526,250.50049488484305,479268.59408401593,479.26859408401594,rebalance,rebalance,0.0
2019-08-16,2019-08-19,GPN,buy,3168.3872549450675,151.26578777136424,479268.59408401593,479.26859408401594,rebalance,rebalance,0.0
2019-08-16,2019-08-19,HSY,buy,3659.8292314882915,130.95381335295758,479268.59408401593,479.26859408401594,rebalance,rebalance,0.0
2019-08-16,2019-08-19,IDXX,buy,1719.2259316712564,278.7699890136719,479268.59408401593,479.26859408401594,rebalance,rebalance,0.0
2019-08-16,2019-08-19,KMX,buy,5572.890628883906,86.0,479268.59408401593,479.26859408401594,rebalance,rebalance,0.0
2019-08-16,2019-08-19,QCOM,buy,7572.457549985737,63.29102420454224,479268.59408401593,479.26859408401594,rebalance,rebalance,0.0
2019-09-16,2019-09-17,AIG,sell,10430.420997511668,47.17284351282842,492032.6174885377,492.0326174885377,rebalance,rebalance,11792.72219294925
2019-09-16,2019-09-17,BR,sell,4225.771280771691,110.51837223736585,467025.36339829594,467.02536339829595,rebalance,rebalance,-13189.524643202243
2019-09-16,2019-09-17,CDNS,sell,6789.469031701291,66.04000091552734,448376.5410694978,448.3765410694978,rebalance,rebalance,-45485.65812165098
2019-09-16,2019-09-17,COST,sell,1913.2441007924526,262.99831652906937,503179.9776175882,503.1799776175882,rebalance,rebalance,22928.934961870684
2019-09-16,2019-09-17,CPRT,sell,25095.8815506398,20.642499923706055,518041.73299441824,518.0417329944182,rebalance,rebalance,30679.169707936406
2019-09-16,2019-09-17,GPN,sell,3168.3872549450675,157.94048724051584,500416.62681266444,500.41662681266445,rebalance,rebalance,20168.347507751914
2019-09-16,2019-09-17,IDXX,sell,1719.2259316712564,266.2699890136719,457778.2699381252,457.7782699381252,rebalance,rebalance,-22427.371009912815
2019-09-16,2019-09-17,MSCI,sell,2240.1491938335653,214.15863303305923,479747.28914150596,479.747289141506,rebalance,rebalance,-14255.734489546585
2019-09-16,2019-09-17,QCOM,sell,7572.457549985737,66.38530323809842,502699.890713431,502.699890713431,rebalance,rebalance,22449.328144617626
2019-09-16,2019-09-17,SNPS,sell,3670.306228851926,133.0500030517578,488334.2549496344,488.33425494963444,rebalance,rebalance,-10271.824658818961
2019-09-16,2019-09-17,XRAY,sell,10264.466179252815,45.41907531409203,466202.56245443405,466.2025624544341,rebalance,rebalance,-56043.17941393976
2019-09-16,2019-09-17,AMD,buy,7265.561207255283,31.06999969482422,225740.98449214833,225.74098449214833,rebalance,rebalance,0.0
2019-09-16,2019-09-17,CINF,buy,7307.3549668064725,94.57332148625025,691080.830489936,691.080830489936,rebalance,rebalance,0.0
2019-09-16,2019-09-17,HAS,buy,7487.19980369502,92.30164128234959,691080.830489936,691.080830489936,rebalance,rebalance,0.0
2019-09-16,2019-09-17,HSY,buy,1822.8635598063906,126.04770261562373,229767.76389533316,229.76776389533316,rebalance,rebalance,0.0
2019-09-16,2019-09-17,KMX,buy,2703.5265027320947,83.5,225744.46297812992,225.74446297812992,rebalance,rebalance,0.0
2019-09-16,2019-09-17,LDOS,buy,8740.179125102575,79.069412720054,691080.830489936,691.080830489936,rebalance,rebalance,0.0
2019-09-16,2019-09-17,LHX,buy,3694.3261111145907,187.0654646352903,691080.830489936,691.080830489936,rebalance,rebalance,0.0
2019-09-16,2019-09-17,MKTX,buy,811.7056622462594,311.89856198125443,253169.82880665013,253.16982880665014,rebalance,rebalance,0.0
2019-09-16,2019-09-17,MLM,buy,2753.964941940208,250.94031516721472,691080.830489936,691.080830489936,rebalance,rebalance,0.0
2019-09-16,2019-09-17,NOC,buy,2087.1997768670853,331.10430450853033,691080.8304899359,691.0808304899359,rebalance,rebalance,0.0
2019-09-16,2019-09-17,RMD,buy,5596.088539418441,123.49354832791029,691080.830489936,691.080830489936,rebalance,rebalance,0.0
2019-09-16,2019-09-17,SBAC,buy,3071.7444838021675,224.97992073693732,691080.830489936,691.080830489936,rebalance,rebalance,0.0
2019-09-16,2019-09-17,SBUX,buy,9008.069804639734,76.71797016204127,691080.830489936,691.080830489936,rebalance,rebalance,0.0
2019-09-16,2019-09-17,TSN,buy,9710.099740201082,71.17134210566047,691080.830489936,691.080830489936,rebalance,rebalance,0.0
2019-09-16,2019-09-17,TTWO,buy,5369.28594857636,128.7100067138672,691080.830489936,691.080830489936,rebalance,rebalance,0.0
2019-10-14,2019-10-15,AMD,sell,22242.70477238078,30.700000762939453,682851.053481927,682.851053481927,rebalance,rebalance,-35540.07085516741
2019-10-14,2019-10-15,KMX,sell,8276.417131616001,90.75,751084.8546941521,751.0848546941521,rebalance,rebalance,44615.69972025008
2019-10-14,2019-10-15,MLM,sell,2753.964941940208,256.4803715057696,706337.9514226897,706.3379514226897,rebalance,rebalance,13859.70215084122
2019-10-14,2019-10-15,SBAC,sell,3071.7444838021675,217.82423350446683,669100.3877057813,669.1003877057813,rebalance,rebalance,-23340.624002350407
2019-10-14,2019-10-15,SBUX,sell,9008.069804639734,74.43361076266237,670503.161561446,670.5031615614461,rebalance,rebalance,-21939.252920541367
2019-10-14,2019-10-15,TSN,sell,9710.099740201082,68.24717268528325,662686.8537608272,662.6868537608273,rebalance,rebalance,-29747.744413359578
2019-10-14,2019-10-15,AIZ,buy,7302.473153137859,111.49690645198359,814203.1660235336,814.2031660235335,rebalance,rebalance,0.0
2019-10-14,2019-10-15,CINF,buy,992.5520114672172,98.09786641643554,97367.23463227546,97.36723463227547,rebalance,rebalance,0.0
2019-10-14,2019-10-15,DG,buy,5513.698021277552,147.6691619456661,814203.1660235336,814.2031660235335,rebalance,rebalance,0.0
2019-10-14,2019-10-15,HAS,buy,1218.5677199977772,93.52457021252577,113966.02228764957,113.96602228764957,rebalance,rebalance,0.0
2019-10-14,2019-10-15,HSY,buy,699.7489638598627,131.69605121547653,92154.17538246511,92.15417538246511,rebalance,rebalance,0.0
2019-10-14,2019-10-15,LDOS,buy,2039.595785658801,75.53062775093012,154051.95004896077,154.05195004896078,rebalance,rebalance,0.0
2019-10-14,2019-10-15,LHX,buy,803.89840721873,181.0054528637027,145509.9952550355,145.5099952550355,rebalance,rebalance,0.0
2019-10-14,2019-10-15,LMT,buy,2557.8627161942086,318.3138644887751,814203.1660235336,814.2031660235335,rebalance,rebalance,0.0
2019-10-14,2019-10-15,MDT,buy,9151.585794834906,88.96853335331942,814203.1660235334,814.2031660235334,rebalance,rebalance,0.0
2019-10-14,2019-10-15,MKTX,buy,276.40355185358067,326.71019525774034,90303.8583960163,90.3038583960163,rebalance,rebalance,0.0
2019-10-14,2019-10-15,NOC,buy,406.2918652825915,326.53133953222186,132667.02701176965,132.66702701176965,rebalance,rebalance,0.0
2019-10-14,2019-10-15,QCOM,buy,12381.268680649975,65.76088339767703,814203.1660235336,814.2031660235335,rebalance,rebalance,0.0
2019-10-14,2019-10-15,RMD,buy,1067.4841862288067,122.18718089318193,130432.88336335031,130.4328833633503,rebalance,rebalance,0.0
2019-10-14,2019-10-15,TGT,buy,8842.500269541128,92.07838747012961,814203.1660235334,814.2031660235334,rebalance,rebalance,0.0
2019-10-14,2019-10-15,TTWO,buy,1307.2469452218766,121.94999694824219,159418.76098040678,159.41876098040677,rebalance,rebalance,0.0
2019-11-11,2019-11-12,AIZ,sell,234.28548898852114,114.04436077408319,26718.938830339397,26.718938830339397,rebalance,rebalance,543.9905354498778
2019-11-11,2019-11-12,CINF,sell,8299.90697827369,91.88997130657665,762678.2140808246,762.6782140808247,rebalance,rebalance,-27320.977320589747
2019-11-11,2019-11-12,HSY,sell,6182.441755154545,119.99348593608588,741852.737797807,741.852737797807,rebalance,rebalance,-60880.83883516676
2019-11-11,2019-11-12,LDOS,sell,10779.774910761376,80.00209249749123,862404.5495128669,862.4045495128669,rebalance,rebalance,15564.23164391833
2019-11-11,2019-11-12,LHX,sell,4498.224518333321,170.03803652850374,764869.2649617724,764.8692649617724,rebalance,rebalance,-73323.02087390592
2019-11-11,2019-11-12,LMT,sell,2557.8627161942086,316.5467729466575,809683.1884518487,809.6831884518488,rebalance,rebalance,-6143.863926160069
2019-11-11,2019-11-12,MDT,sell,9151.585794834906,89.30595995179125,817291.1544889078,817.2911544889078,rebalance,rebalance,1456.4941448619686
2019-11-11,2019-11-12,MKTX,sell,2492.1265936657164,333.9796309658208,832319.5200725839,832.3195200725839,rebalance,rebalance,8001.568861674872
2019-11-11,2019-11-12,NOC,sell,2493.491642149677,311.4843433475478,776683.6067975907,776.6836067975908,rebalance,rebalance,-48664.682168414
2019-11-11,2019-11-12,QCOM,sell,12381.268680649975,78.84806221873245,976239.0432787327,976.2390432787327,rebalance,rebalance,160245.43504589688
2019-11-11,2019-11-12,RMD,sell,6663.572725647247,135.3249825116498,901747.8625633204,901.7478625633205,rebalance,rebalance,78510.88713361742
2019-11-11,2019-11-12,TTWO,sell,6676.532893798237,119.22000122070312,795976.2597486903,795.9762597486903,rebalance,rebalance,-56169.8075728714
2019-11-11,2019-11-12,AAPL,buy,12808.185891812147,62.93529394388914,806086.9439891714,806.0869439891715,rebalance,rebalance,0.0
2019-11-11,2019-11-12,AMAT,buy,15071.841307375946,53.482977132640315,806086.9439891714,806.0869439891715,rebalance,rebalance,0.0
2019-11-11,2019-11-12,DG,buy,147.7939670321066,142.38065613333904,21043.001998580417,21.04300199858042,rebalance,rebalance,0.0
2019-11-11,2019-11-12,EW,buy,10322.097162878104,78.09333038330078,806086.9439891714,806.0869439891715,rebalance,rebalance,0.0
2019-11-11,2019-11-12,FISV,buy,7289.626791838182,110.58000183105469,806086.9439891714,806.0869439891715,rebalance,rebalance,0.0
2019-11-11,2019-11-12,HAS,buy,2167.4284876537204,74.13523522872158,160682.82077364082,160.68282077364083,rebalance,rebalance,0.0
2019-11-11,2019-11-12,KLAC,buy,49877.53907456296,16.161321487496313,806086.9439891714,806.0869439891715,rebalance,rebalance,0.0
2019-11-11,2019-11-12,MPC,buy,15035.864909573636,53.61094615022244,806086.9439891714,806.0869439891715,rebalance,rebalance,0.0
2019-11-11,2019-11-12,NWL,buy,57216.962234686405,14.088251324543418,806086.9439891714,806.0869439891715,rebalance,rebalance,0.0
2019-11-11,2019-11-12,SHW,buy,4441.505362768004,181.48958025501688,806086.9439891714,806.0869439891715,rebalance,rebalance,0.0
2019-11-11,2019-11-12,T,buy,42939.32402439555,18.77269757509925,806086.9439891714,806.0869439891715,rebalance,rebalance,0.0
2019-11-11,2019-11-12,TGT,buy,18.283828409883427,90.97241678369896,1663.324058505551,1.663324058505551,rebalance,rebalance,0.0
2019-11-11,2019-11-12,WDC,buy,20981.73171835118,38.41851353404478,806086.9439891714,806.0869439891715,rebalance,rebalance,0.0
2019-11-11,2019-11-12,ZTS,buy,7384.535357869226,109.15878994745096,806086.9439891714,806.0869439891715,rebalance,rebalance,0.0
2019-12-10,2019-12-11,AAPL,sell,12808.185891812147,64.68222511329466,828461.9631471181,828.4619631471181,rebalance,rebalance,20740.47025081051
2019-12-10,2019-12-11,AIZ,sell,7068.187664149338,115.48776864609681,816289.2217044742,816.2892217044742,rebalance,rebalance,26603.79264927188
2019-12-10,2019-12-11,AMAT,sell,15071.841307375946,53.49844704173631,806320.1040041058,806.3201040041058,rebalance,rebalance,-1379.2470330587312
2019-12-10,2019-12-11,DG,sell,5661.491988309658,139.89519180071,792015.5075827626,792.0155075827627,rebalance,rebalance,-44857.922114956105
2019-12-10,2019-12-11,EW,sell,10322.097162878104,76.41999816894531,788814.6462868203,788.8146462868203,rebalance,rebalance,-18867.19929262707
2019-12-10,2019-12-11,FISV,sell,7289.626791838182,113.9000015258789,830288.5027134566,830.2885027134566,rebalance,rebalance,22565.1832775827
2019-12-10,2019-12-11,HAS,sell,10873.196011346517,77.17097788476828,839095.1689283728,839.0951689283728,rebalance,rebalance,-128439.3294653333
2019-12-10,2019-12-11,SHW,sell,4441.505362768004,179.9771894685639,799369.6522005396,799.3696522005396,rebalance,rebalance,-8322.748384821496
2019-12-10,2019-12-11,T,sell,42939.32402439555,18.13819159351004,778841.6860502951,778.8416860502952,rebalance,rebalance,-28830.186568915702
2019-12-10,2019-12-11,TGT,sell,8860.784097951011,104.1153030906981,922543.2219794075,922.5432219794075,rebalance,rebalance,104938.32218530716
2019-12-10,2019-12-11,ZTS,sell,7384.535357869226,115.30789718557492,851495.2438084274,851.4952438084274,rebalance,rebalance,43750.71763145842
2019-12-10,2019-12-11,CVS,buy,13660.382167968774,58.85238200227186,803946.0296463209,803.9460296463209,rebalance,rebalance,0.0
2019-12-10,2019-12-11,DVA,buy,11131.90274242,72.22000122070312,803946.0296463209,803.9460296463209,rebalance,rebalance,0.0
2019-12-10,2019-12-11,KLAC,buy,3384.058528619702,15.094290555007325,51079.96268613635,51.079962686136355,rebalance,rebalance,0.0
2019-12-10,2019-12-11,LRCX,buy,32174.65356526432,24.986936627478066,803946.0296463209,803.9460296463209,rebalance,rebalance,0.0
2019-12-10,2019-12-11,MPC,buy,1697.2934202707147,48.045085918564844,81546.60820592128,81.54660820592127,rebalance,rebalance,0.0
2019-12-10,2019-12-11,MU,buy,17265.84103607273,46.562807335401345,803946.0296463209,803.9460296463209,rebalance,rebalance,0.0
2019-12-10,2019-12-11,NVDA,buy,150843.67599773046,5.329663470004647,803946.0296463207,803.9460296463208,rebalance,rebalance,0.0
2019-12-10,2019-12-11,NWL,buy,1747.9027059669024,13.634323261072044,23831.470522055308,23.83147052205531,rebalance,rebalance,0.0
2019-12-10,2019-12-11,ODFL,buy,13298.067646876281,60.45585351155646,803946.0296463209,803.9460296463209,rebalance,rebalance,0.0
2019-12-10,2019-12-11,PSX,buy,9392.777296036778,85.5919398818857,803946.0296463209,803.9460296463209,rebalance,rebalance,0.0
2019-12-10,2019-12-11,QRVO,buy,7230.3805377644085,111.19000244140625,803946.0296463209,803.9460296463209,rebalance,rebalance,0.0
2019-12-10,2019-12-11,STX,buy,17478.36370069744,45.99664152853399,803946.0296463209,803.9460296463209,rebalance,rebalance,0.0
2019-12-10,2019-12-11,SWKS,buy,9045.844299266342,88.87462607680793,803946.0296463209,803.9460296463209,rebalance,rebalance,0.0
2019-12-10,2019-12-11,WDC,buy,971.6260910145138,36.62064075242937,35581.57002472975,35.58157002472975,rebalance,rebalance,0.0
2019-12-10,2019-12-11,WU,buy,47998.19418494309,16.749505753250123,803946.0296463209,803.9460296463209,rebalance,rebalance,0.0
2020-01-09,2020-01-10,DVA,sell,11131.90274242,75.86000061035156,844466.1488343554,844.4661488343554,rebalance,rebalance,38871.707009553924
2020-01-09,2020-01-10,KLAC,sell,5.2204364861609065,16.358177927014683,85.39682889729943,0.08539682889729944,rebalance,rebalance,1.2121864336047514
2020-01-09,2020-01-10,LRCX,sell,848.2147389214733,27.809649806362227,23588.55485000114,23.588554850001138,rebalance,rebalance,2349.484079299509
2020-01-09,2020-01-10,MPC,sell,16733.15832984435,48.91417112401349,818488.5699912184,818.4885699912184,rebalance,rebalance,-70851.10432606045
2020-01-09,2020-01-10,MU,sell,17265.84103607273,56.04112948992814,967597.2332550668,967.5972332550668,rebalance,rebalance,161879.66034584463
2020-01-09,2020-01-10,NVDA,sell,150843.67599773046,6.148253347803174,927425.1359479836,927.4251359479836,rebalance,rebalance,121747.73513606864
2020-01-09,2020-01-10,PSX,sell,9392.777296036778,80.7748001247182,758699.7087033618,758.6997087033618,rebalance,rebalance,-46808.9666813086
2020-01-09,2020-01-10,STX,sell,17478.36370069744,48.61152304998953,849649.8799125538,849.6498799125538,rebalance,rebalance,44050.2543566741
2020-01-09,2020-01-10,SWKS,sell,577.8193158990944,102.87845101451346,59445.15618596466,59.44515618596466,rebalance,rebalance,7980.8819136492375
2020-01-09,2020-01-10,WDC,sell,21953.357809365694,51.16353346239516,1123211.3568914158,1123.2113568914158,rebalance,rebalance,279577.9630066094
2020-01-09,2020-01-10,AAPL,buy,11656.425273476276,74.73794692643483,871177.2934410236,871.1772934410236,rebalance,rebalance,0.0
2020-01-09,2020-01-10,AMGN,buy,4480.255990199197,194.44810639096764,871177.2934410236,871.1772934410236,rebalance,rebalance,0.0
2020-01-09,2020-01-10,BMY,buy,17111.680585691476,50.911264330722055,871177.2934410236,871.1772934410236,rebalance,rebalance,0.0
2020-01-09,2020-01-10,CVS,buy,1093.9100774561575,59.045685075891164,64590.66993481999,64.59066993482,rebalance,rebalance,0.0
2020-01-09,2020-01-10,JBHT,buy,7753.1726267434515,112.36397477285918,871177.2934410236,871.1772934410236,rebalance,rebalance,0.0
2020-01-09,2020-01-10,LKQ,buy,28906.696733429093,30.13755952383007,871177.2934410236,871.1772934410236,rebalance,rebalance,0.0
2020-01-09,2020-01-10,NWL,buy,3469.0419158669683,13.9535924836977,48405.59720287359,48.405597202873594,rebalance,rebalance,0.0
2020-01-09,2020-01-10,ODFL,buy,552.6869822475928,62.89746059100678,34762.60768508043,34.76260768508043,rebalance,rebalance,0.0
2020-01-09,2020-01-10,QRVO,buy,445.19032955738476,113.5,50529.10240476317,50.52910240476317,rebalance,rebalance,0.0
2020-01-09,2020-01-10,STT,buy,12936.783068078676,67.34110704775138,871177.2934410236,871.1772934410236,rebalance,rebalance,0.0
2020-01-09,2020-01-10,TGT,buy,8413.724148866528,103.5424121384329,871177.2934410236,871.1772934410236,rebalance,rebalance,0.0
2020-01-09,2020-01-10,WU,buy,3766.9467341695636,16.82941991411384,63395.52838343934,63.39552838343934,rebalance,rebalance,0.0
2020-02-07,2020-02-10,AAPL,sell,4352.60827705263,75.77878713871854,329835.3761249957,329.8353761249957,rebalance,rebalance,3875.2293405483915
2020-02-07,2020-02-10,AMGN,sell,4480.255990199197,185.86950932278214,832742.9825387802,832.7429825387802,rebalance,rebalance,-40138.2311782231
2020-02-07,2020-02-10,BMY,sell,6311.283600306737,51.245745338908556,323426.43214294896,323.42643214294895,rebalance,rebalance,1466.2626417972542
2020-02-07,2020-02-10,CVS,sell,14754.292245424931,58.01704426352872,856000.4262798567,856.0004262798567,rebalance,rebalance,-14260.810427145068
2020-02-07,2020-02-10,JBHT,sell,7753.1726267434515,105.82538554372287,820482.4824121643,820.4824824121644,rebalance,rebalance,-52386.47080471228
2020-02-07,2020-02-10,KLAC,sell,53256.377166696504,15.216690919183353,810385.8308210744,810.3858308210745,rebalance,rebalance,-48364.529346094925
2020-02-07,2020-02-10,LKQ,sell,28906.696733429093,28.565539094996655,825735.3756459808,825.7353756459809,rebalance,rebalance,-47138.830464129576
2020-02-07,2020-02-10,LRCX,sell,12366.759548675218,29.192181226613503,361012.68593087996,361.01268593087997,rebalance,rebalance,51335.22867781221
2020-02-07,2020-02-10,NWL,sell,62433.906856520276,14.461520575702698,902889.2286270737,902.8892286270737,rebalance,rebalance,22784.003672632334
2020-02-07,2020-02-10,ODFL,sell,13850.754629123874,71.06202420606837,984262.6607271143,984.2626607271143,rebalance,rebalance,143731.0520976547
2020-02-07,2020-02-10,QRVO,sell,2340.877918192713,103.75,242866.08401249396,242.86608401249396,rebalance,rebalance,-18233.23494537175
2020-02-07,2020-02-10,STT,sell,4327.32965689557,64.2868213623429,278190.26862881414,278.1902686288141,rebalance,rebalance,-13786.498465384373
2020-02-07,2020-02-10,SWKS,sell,2688.1335157000076,95.75861356018228,257411.9385280912,257.41193852809124,rebalance,rebalance,18008.758676137506
2020-02-07,2020-02-10,TGT,sell,2647.085230823349,95.9786803609953,254063.74725750566,254.06374725750567,rebalance,rebalance,-20549.99201515725
2020-02-07,2020-02-10,WU,sell,51765.14091911265,17.408016712396062,901128.4382394503,901.1284382394504,rebalance,rebalance,32018.41021342091
2020-02-07,2020-02-10,ABBV,buy,7762.440420533534,71.30159633922192,553474.393472142,553.4743934721421,rebalance,rebalance,0.0
2020-02-07,2020-02-10,ALGN,buy,2147.330333548563,257.75,553474.393472142,553.4743934721421,rebalance,rebalance,0.0
2020-02-07,2020-02-10,AMD,buy,11188.081257627175,49.470001220703125,553474.393472142,553.4743934721421,rebalance,rebalance,0.0
2020-02-07,2020-02-10,APA,buy,23369.5043779823,23.683617098597985,553474.393472142,553.4743934721421,rebalance,rebalance,0.0
2020-02-07,2020-02-10,LW,buy,6595.087866147103,83.92221676274431,553474.393472142,553.4743934721421,rebalance,rebalance,0.0
2020-02-07,2020-02-10,NVDA,buy,88178.18396429921,6.2767724236215585,553474.393472142,553.4743934721421,rebalance,rebalance,0.0
2020-02-07,2020-02-10,PVH,buy,6508.260271435793,85.04183459000474,553474.393472142,553.4743934721421,rebalance,rebalance,0.0
2020-02-07,2020-02-10,URI,buy,3851.641251326597,143.6983242615112,553474.393472142,553.4743934721421,rebalance,rebalance,0.0
2020-02-27,2020-02-28,AAPL,sell,7303.816996423646,62.049941078008516,453201.4142726444,453.2014142726444,market_trend_exit,risk_exit,-93669.94646777047
2020-02-27,2020-02-28,ABBV,sell,7762.440420533534,63.91361001128081,496125.5897737829,496.1255897737829,market_trend_exit,risk_exit,-58398.40368160501
2020-02-27,2020-02-28,ALGN,sell,2147.330333548563,215.3300018310547,462384.64465489134,462.38464465489136,market_trend_exit,risk_exit,-92105.60785537776
2020-02-27,2020-02-28,AMD,sell,11188.081257627175,41.36000061035156,462739.0476441228,462.7390476441228,market_trend_exit,risk_exit,-91751.55926913547
2020-02-27,2020-02-28,APA,sell,23369.5043779823,20.3876219197219,476448.6197095889,476.4486197095889,market_trend_exit,risk_exit,-78055.69677573482
2020-02-27,2020-02-28,BMY,sell,10800.39698538474,44.92948874377456,485256.3147831404,485.2563147831404,market_trend_exit,risk_exit,-65640.66919709844
2020-02-27,2020-02-28,LRCX,sell,18959.67927766763,25.644266313922227,486207.06462306133,486.20706462306134,market_trend_exit,risk_exit,11502.808665459735
2020-02-27,2020-02-28,LW,sell,6595.087866147103,78.29660027501917,516372.9584343489,516.3729584343489,market_trend_exit,risk_exit,-38171.28238969955
2020-02-27,2020-02-28,NVDA,sell,88178.18396429921,6.030797544626237,531784.7753414963,531.7847753414964,market_trend_exit,risk_exit,-22774.877299459255
2020-02-27,2020-02-28,PVH,sell,6508.260271435793,69.57337699972777,452801.645476953,452.801645476953,market_trend_exit,risk_exit,-101679.02403413811
2020-02-27,2020-02-28,QRVO,sell,5334.69294912908,91.80999755859375,489778.14663538814,489.77814663538817,market_trend_exit,risk_exit,-105184.78582052905
2020-02-27,2020-02-28,STT,sell,8609.453411183105,54.57821491411182,469888.59856858465,469.88859856858465,market_trend_exit,risk_exit,-110931.18393887872
2020-02-27,2020-02-28,SWKS,sell,5779.89146766724,78.3030551166044,452583.1601607394,452.5831601607394,market_trend_exit,risk_exit,-62068.80164583332
2020-02-27,2020-02-28,TGT,sell,5766.638918043179,85.34440015030016,492150.33934377105,492.15033934377107,market_trend_exit,risk_exit,-106030.60620463183
2020-02-27,2020-02-28,URI,sell,3851.641251326597,119.89138689037556,461778.61142572726,461.77861142572726,market_trend_exit,risk_exit,-92711.03505131263
2020-06-03,2020-06-04,AMD,buy,10018.699778321288,52.59000015258789,526883.4228706488,526.8834228706488,rebalance,rebalance,0.0
2020-06-03,2020-06-04,AMZN,buy,4253.46775423396,123.87149810791016,526883.4228706488,526.8834228706488,rebalance,rebalance,0.0
2020-06-03,2020-06-04,CLX,buy,3140.7053192547014,167.75958560661138,526883.4228706488,526.8834228706488,rebalance,rebalance,0.0
2020-06-03,2020-06-04,DLR,buy,4695.364876809894,112.21352050250499,526883.4228706488,526.8834228706488,rebalance,rebalance,0.0
2020-06-03,2020-06-04,DXCM,buy,5795.34089605517,90.91500091552734,526883.4228706488,526.8834228706488,rebalance,rebalance,0.0
2020-06-03,2020-06-04,GILD,buy,8989.199725937679,58.61293985385208,526883.4228706488,526.8834228706488,rebalance,rebalance,0.0
2020-06-03,2020-06-04,LLY,buy,3702.0773840247007,142.32101823270082,526883.4228706488,526.8834228706488,rebalance,rebalance,0.0
2020-06-03,2020-06-04,MSCI,buy,1788.826933564732,294.54130692268143,526883.4228706488,526.8834228706488,rebalance,rebalance,0.0
2020-06-03,2020-06-04,NEM,buy,11009.075541763505,47.85900695039188,526883.4228706488,526.8834228706488,rebalance,rebalance,0.0
2020-06-03,2020-06-04,NFLX,buy,12473.861660209646,42.23899841308594,526883.4228706488,526.8834228706488,rebalance,rebalance,0.0
2020-06-03,2020-06-04,NOW,buy,6830.40031547995,77.13800048828125,526883.4228706488,526.8834228706488,rebalance,rebalance,0.0
2020-06-03,2020-06-04,NVDA,buy,60646.6796182327,8.687753825722185,526883.4228706488,526.8834228706488,rebalance,rebalance,0.0
2020-06-03,2020-06-04,REGN,buy,890.8951400239613,591.409021331599,526883.4228706488,526.8834228706488,rebalance,rebalance,0.0
2020-06-03,2020-06-04,SBAC,buy,1852.0796373897829,284.4820558651618,526883.4228706488,526.8834228706488,rebalance,rebalance,0.0
2020-06-03,2020-06-04,WST,buy,2566.8331243009807,205.26594342362387,526883.4228706488,526.8834228706488,rebalance,rebalance,0.0
2020-07-01,2020-07-02,AMD,sell,10018.699778321288,53.029998779296875,531291.6370145198,531.2916370145198,rebalance,rebalance,3350.0390839858424
2020-07-01,2020-07-02,AMZN,sell,961.0418484906409,145.60049438476562,139928.16826468633,139.92816826468635,rebalance,rebalance,20623.500885973823
2020-07-01,2020-07-02,CLX,sell,481.5128263336219,180.27233488270235,86803.44147913119,86.8034414791312,rebalance,rebalance,5857.467435445421
2020-07-01,2020-07-02,DLR,sell,4695.364876809894,121.88703069250994,572304.0828522607,572.3040828522606,rebalance,rebalance,44321.47247588898
2020-07-01,2020-07-02,DXCM,sell,1028.0111944335358,100.55500030517578,103371.66596998832,103.37166596998831,rebalance,rebalance,9713.193982237974
2020-07-01,2020-07-02,GILD,sell,8989.199725937679,60.8819237548745,547279.7723318764,547.2797723318764,rebalance,rebalance,19322.186266025252
2020-07-01,2020-07-02,LLY,sell,3702.0773840247007,153.4104977834176,567937.5343159618,567.9375343159618,rebalance,rebalance,39959.29048812649
2020-07-01,2020-07-02,MSCI,sell,1788.826933564732,322.4226349819126,576758.2934465556,576.7582934465556,rebalance,rebalance,48771.22885958965
2020-07-01,2020-07-02,NEM,sell,1632.504336054797,51.12517455310084,83462.06913949549,83.4620691394955,rebalance,rebalance,5170.4406681987975
2020-07-01,2020-07-02,NFLX,sell,12473.861660209646,48.56399917602539,605780.607388276,605.780607388276,rebalance,rebalance,77764.52048736831
2020-07-01,2020-07-02,NOW,sell,1141.2541559015854,84.26200103759766,96164.35886874203,96.16435886874203,rebalance,rebalance,7946.0968110486
2020-07-01,2020-07-02,NVDA,sell,10683.03294501103,9.59455267019897,102498.92226837914,102.49892226837915,rebalance,rebalance,9492.051447436721
2020-07-01,2020-07-02,REGN,sell,100.33376266504456,606.3777631066813,60840.16256890637,60.84016256890637,rebalance,rebalance,1381.6917297022985
2020-07-01,2020-07-02,SBAC,sell,122.32854799438292,277.13746939682187,33901.82422615095,33.90182422615095,rebalance,rebalance,-967.1546993418012
2020-07-01,2020-07-02,WST,sell,407.0690663400119,221.9588930718747,90352.59936863057,90.35259936863058,rebalance,rebalance,6621.273412464825
2020-07-01,2020-07-02,BIO,buy,1050.854590946832,456.17999267578125,479378.839601437,479.378839601437,rebalance,rebalance,0.0
2020-07-01,2020-07-02,CDNS,buy,4922.764973528597,97.37999725341797,479378.8396014369,479.37883960143694,rebalance,rebalance,0.0
2020-07-01,2020-07-02,FTNT,buy,17081.62962073354,28.06399917602539,479378.839601437,479.378839601437,rebalance,rebalance,0.0
2020-07-01,2020-07-02,MKTX,buy,1004.0050890274687,477.4665435867343,479378.8396014369,479.37883960143694,rebalance,rebalance,0.0
2020-07-01,2020-07-02,PYPL,buy,2697.5612915025135,177.70822895164983,479378.83960143686,479.3788396014369,rebalance,rebalance,0.0
2020-07-01,2020-07-02,TSCO,buy,19858.11700149675,24.14019615078837,479378.8396014369,479.37883960143694,rebalance,rebalance,0.0
2020-07-30,2020-07-31,BIO,sell,1050.854590946832,524.9299926757812,551625.0927290317,551.6250927290317,rebalance,rebalance,71215.24919526427
2020-07-30,2020-07-31,FTNT,sell,17081.62962073354,27.68000030517578,472819.51311480405,472.81951311480407,rebalance,rebalance,-7511.524839349124
2020-07-30,2020-07-31,NOW,sell,5689.146159578365,87.39800262451172,497220.0109860607,497.22001098606074,rebalance,rebalance,57434.5823803799
2020-07-30,2020-07-31,SBAC,sell,1729.7510893954,285.8763121314758,494494.86234175967,494.4948623417597,rebalance,rebalance,1425.1382871651524
2020-07-30,2020-07-31,AMZN,buy,411.11053480552346,162.1999969482422,66682.12749084612,66.68212749084613,rebalance,rebalance,0.0
2020-07-30,2020-07-31,CDNS,buy,624.5024960073797,108.29000091552734,67627.37586438826,67.62737586438826,rebalance,rebalance,0.0
2020-07-30,2020-07-31,CLX,buy,480.77691413033654,191.31192743652403,91978.35810925889,91.97835810925889,rebalance,rebalance,0.0
2020-07-30,2020-07-31,DPZ,buy,1688.1408313974598,355.84329706512057,600713.5993547259,600.713599354726,rebalance,rebalance,0.0
2020-07-30,2020-07-31,DXCM,buy,759.268587548152,108.69499969482422,82528.698891836,82.528698891836,rebalance,rebalance,0.0
2020-07-30,2020-07-31,EBAY,buy,12088.084317107772,49.694689712294654,600713.5993547259,600.713599354726,rebalance,rebalance,0.0
2020-07-30,2020-07-31,INCY,buy,5983.799213138232,100.38999938964844,600713.5993547259,600.713599354726,rebalance,rebalance,0.0
2020-07-30,2020-07-31,MKTX,buy,241.49398162041587,482.3075452334511,116474.36946399494,116.47436946399495,rebalance,rebalance,0.0
2020-07-30,2020-07-31,NEM,buy,1364.2921071793608,55.927869283461014,76301.95063478487,76.30195063478487,rebalance,rebalance,0.0
2020-07-30,2020-07-31,NFLX,buy,12302.394417259666,48.82899856567383,600713.5993547259,600.713599354726,rebalance,rebalance,0.0
2020-07-30,2020-07-31,NVDA,buy,7168.049630985166,10.514541633004042,75368.75627243279,75.36875627243279,rebalance,rebalance,0.0
2020-07-30,2020-07-31,PYPL,buy,448.83969494250414,190.9208654404365,85692.8630024444,85.6928630024444,rebalance,rebalance,0.0
2020-07-30,2020-07-31,REGN,buy,164.85300477906003,628.7466575607541,103650.77574368102,103.65077574368102,rebalance,rebalance,0.0
2020-07-30,2020-07-31,TSCO,buy,3237.7378451005134,26.009584981576452,84212.21763020802,84.21221763020802,rebalance,rebalance,0.0
2020-07-30,2020-07-31,WST,buy,96.41761786154757,266.25231726329355,25671.414180643762,25.67141418064376,rebalance,rebalance,0.0
2020-08-27,2020-08-28,CLX,sell,3139.969407051416,180.43603121122527,566563.6179330219,566.5636179330219,rebalance,rebalance,27375.582156407887
2020-08-27,2020-08-28,DPZ,sell,1688.1408313974598,383.43826784170284,647297.7962638941,647.297796263894,rebalance,rebalance,45336.18551354968
2020-08-27,2020-08-28,INCY,sell,5983.799213138232,94.12999725341797,563255.0034977064,563.2550034977064,rebalance,rebalance,-38622.56445987187
2020-08-27,2020-08-28,NFLX,sell,12302.394417259666,53.20000076293945,654487.3923841963,654.4873923841963,rebalance,rebalance,52518.59203773151
2020-08-27,2020-08-28,NVDA,sell,6122.567842528406,12.616554992173452,77245.7138785724,77.2457138785724,rebalance,rebalance,22519.22725125397
2020-08-27,2020-08-28,REGN,sell,955.4143821379768,605.2880822779977,578300.9391451139,578.300939145114,rebalance,rebalance,5955.536069659929
2020-08-27,2020-08-28,AMD,buy,7634.157189110404,84.30000305175781,643559.4743396059,643.5594743396059,rebalance,rebalance,0.0
2020-08-27,2020-08-28,AMZN,buy,56.670964009092586,171.14999389648438,9699.235144264081,9.699235144264081,rebalance,rebalance,0.0
2020-08-27,2020-08-28,BIO,buy,1303.543565783287,493.70001220703125,643559.4743396059,643.5594743396059,rebalance,rebalance,0.0
2020-08-27,2020-08-28,CDNS,buy,276.80017154642974,110.5,30586.418955880486,30.586418955880486,rebalance,rebalance,0.0
2020-08-27,2020-08-28,CMG,buy,25041.419078589333,25.699800491333008,643559.4743396059,643.5594743396059,rebalance,rebalance,0.0
2020-08-27,2020-08-28,DXCM,buy,483.4826160862758,107.08000183105469,51771.319415801525,51.77131941580153,rebalance,rebalance,0.0
2020-08-27,2020-08-28,EBAY,buy,585.9615613407004,50.77774536337633,29753.80695448451,29.75380695448451,rebalance,rebalance,0.0
2020-08-27,2020-08-28,KHC,buy,24860.424170049537,25.88690643158578,643559.4743396059,643.5594743396059,rebalance,rebalance,0.0
2020-08-27,2020-08-28,MKTX,buy,131.05866797387898,467.5136075178003,61271.71066094576,61.271710660945764,rebalance,rebalance,0.0
2020-08-27,2020-08-28,NEM,buy,911.2842289865857,55.23097540833807,50331.11684116443,50.33111684116443,rebalance,rebalance,0.0
2020-08-27,2020-08-28,PYPL,buy,21.494045713886408,203.15050461158222,4366.52623292044,4.36652623292044,rebalance,rebalance,0.0
2020-08-27,2020-08-28,TSCO,buy,591.9401654252979,27.1683993386878,16082.06679888341,16.08206679888341,rebalance,rebalance,0.0
2020-08-27,2020-08-28,TTWO,buy,3717.2035822168186,173.1300048828125,643559.4743396059,643.5594743396059,rebalance,rebalance,0.0
2020-08-27,2020-08-28,WST,buy,132.82062061617762,269.3842008017177,35779.77673467716,35.77977673467716,rebalance,rebalance,0.0
2020-09-25,2020-09-28,AMD,sell,7634.157189110404,79.12000274658203,604014.5377702541,604.014537770254,rebalance,rebalance,-40792.510581461596
2020-09-25,2020-09-28,AMZN,sell,3760.2074045579348,157.4425048828125,592016.4726525004,592.0164726525004,rebalance,rebalance,106721.14509903105
2020-09-25,2020-09-28,BIO,sell,1303.543565783287,508.8500061035156,663308.1514050241,663.3081514050241,rebalance,rebalance,18441.809439673685
2020-09-25,2020-09-28,CDNS,sell,5824.067641082406,105.05000305175781,611818.3234693507,611.8183234693507,rebalance,rebalance,33036.27808975392
2020-09-25,2020-09-28,CMG,sell,9006.272753332218,25.263200759887695,227527.27666573832,227.52727666573833,rebalance,rebalance,-4391.122955024971
2020-09-25,2020-09-28,DXCM,sell,6010.080905256062,99.75,599505.5702992921,599.5055702992921,rebalance,rebalance,30616.540431308822
2020-09-25,2020-09-28,EBAY,sell,4262.154653305515,48.157912410744636,205256.47047493467,205.25647047493467,rebalance,rebalance,-7180.678237759471
2020-09-25,2020-09-28,KHC,sell,24860.424170049537,22.0813256857535,548951.122784842,548.951122784842,rebalance,rebalance,-95800.86215188827
2020-09-25,2020-09-28,MKTX,sell,1376.5577386217635,435.4326278383678,599398.1534993155,599.3981534993155,rebalance,rebalance,-58983.28930028763
2020-09-25,2020-09-28,NEM,sell,11652.147541874654,52.25579837965318,608892.2726381733,608.8922726381733,rebalance,rebalance,32321.539930747735
2020-09-25,2020-09-28,NVDA,sell,19809.26803527759,12.984004264530533,257203.6206472726,257.2036206472726,rebalance,rebalance,80131.47776876511
2020-09-25,2020-09-28,PYPL,sell,1023.304778679118,188.89348218002812,193295.6029761616,193.2956029761616,rebalance,rebalance,8976.392950290761
2020-09-25,2020-09-28,TSCO,sell,23687.79501202256,25.33915092106785,600228.612796958,600.2286127969579,rebalance,rebalance,19375.58702960205
2020-09-25,2020-09-28,TTWO,sell,3717.2035822168186,167.3699951171875,622148.3454052209,622.1483454052209,rebalance,rebalance,-22676.836754129916
2020-09-25,2020-09-28,WST,sell,876.5794736187017,267.84779673836,234789.88067484062,234.78988067484062,rebalance,rebalance,49155.6006503351
2020-09-25,2020-09-28,AAPL,buy,3634.4617571109766,111.46055396966348,405099.12082914595,405.09912082914593,rebalance,rebalance,0.0
2020-09-25,2020-09-28,APA,buy,46758.29927781965,8.663683818399903,405099.12082914595,405.09912082914593,rebalance,rebalance,0.0
2020-09-25,2020-09-28,DHI,buy,5901.0550052477265,68.6485925769031,405099.12082914595,405.09912082914593,rebalance,rebalance,0.0
2020-09-25,2020-09-28,ETSY,buy,3365.4491284012947,120.37000274658203,405099.12082914595,405.09912082914593,rebalance,rebalance,0.0
2020-09-25,2020-09-28,FCX,buy,27872.46075945889,14.534027846524824,405099.12082914595,405.09912082914593,rebalance,rebalance,0.0
2020-09-25,2020-09-28,HAL,buy,35479.62769599464,11.417795144306949,405099.12082914595,405.09912082914593,rebalance,rebalance,0.0
2020-09-25,2020-09-28,LEN,buy,5860.58475478511,69.12264522723376,405099.12082914595,405.09912082914593,rebalance,rebalance,0.0
2020-09-25,2020-09-28,LOW,buy,2800.9363721755226,144.6298905085446,405099.12082914595,405.09912082914593,rebalance,rebalance,0.0
2020-09-25,2020-09-28,URI,buy,2444.6998724247314,165.70505255001126,405099.12082914595,405.09912082914593,rebalance,rebalance,0.0
2020-09-25,2020-09-28,WHR,buy,2930.1399266630656,138.2524831469347,405099.12082914595,405.09912082914593,rebalance,rebalance,0.0
2020-10-23,2020-10-26,APA,sell,46758.29927781965,7.7620248449769,362939.0807033016,362.9390807033016,rebalance,rebalance,-42928.07832737684
2020-10-23,2020-10-26,CMG,sell,16035.146325257116,26.462600708007812,424331.6744997578,424.3316744997578,rebalance,rebalance,11395.181355410155
2020-10-23,2020-10-26,EBAY,sell,8411.891225142957,48.42043387820513,407307.4228576885,407.3074228576885,rebalance,rebalance,-11965.866038469672
2020-10-23,2020-10-26,HAL,sell,35479.62769599464,11.72346652935335,415944.22776791133,415.94422776791134,rebalance,rebalance,10024.063590168356
2020-10-23,2020-10-26,PYPL,sell,2144.590253479786,198.44695452698093,425587.40451130964,425.58740451130967,rebalance,rebalance,39280.06446405453
2020-10-23,2020-10-26,URI,sell,2444.6998724247314,177.73846413590326,434517.2005980104,434.5172005980104,rebalance,rebalance,28578.46344743737
2020-10-23,2020-10-26,WST,sell,1512.4228228199922,274.7416440102235,415525.5327801477,415.52553278014767,rebalance,rebalance,95227.52234823977
2020-10-23,2020-10-26,AAPL,buy,1874.0308948922611,110.49142421725676,207064.34260378615,207.06434260378614,rebalance,rebalance,0.0
2020-10-23,2020-10-26,ALGN,buy,1315.326829813324,462.7300109863281,608641.1984101315,608.6411984101316,rebalance,rebalance,0.0
2020-10-23,2020-10-26,DE,buy,2763.14981868219,220.27079179528764,608641.1984101315,608.6411984101316,rebalance,rebalance,0.0
2020-10-23,2020-10-26,DHI,buy,3031.0601513798065,68.14076931806306,206538.7705643447,206.5387705643447,rebalance,rebalance,0.0
2020-10-23,2020-10-26,ETSY,buy,1061.3540870541938,137.49000549316406,145925.57925927322,145.92557925927323,rebalance,rebalance,0.0
2020-10-23,2020-10-26,FCX,buy,8574.73148023853,16.699261616844492,143191.68428269544,143.19168428269543,rebalance,rebalance,0.0
2020-10-23,2020-10-26,FDX,buy,2999.7595589674556,202.89666103093654,608641.1984101315,608.6411984101316,rebalance,rebalance,0.0
2020-10-23,2020-10-26,LEN,buy,3053.9073318428764,68.27547688590269,208506.97944692706,208.50697944692706,rebalance,rebalance,0.0
2020-10-23,2020-10-26,LOW,buy,1186.1434744290755,152.65337586064425,181068.8056266721,181.06880562667212,rebalance,rebalance,0.0
2020-10-23,2020-10-26,MOS,buy,37484.67012453505,16.237069617740993,608641.1984101315,608.6411984101316,rebalance,rebalance,0.0
2020-10-23,2020-10-26,NVDA,buy,14326.154074749826,13.369085896916106,191527.5843977851,191.52758439778512,rebalance,rebalance,0.0
2020-10-23,2020-10-26,PHM,buy,14615.046972728063,41.64483354352995,608641.1984101315,608.6411984101316,rebalance,rebalance,0.0
2020-10-23,2020-10-26,RCL,buy,10058.8905738862,60.507786016702454,608641.1984101315,608.6411984101316,rebalance,rebalance,0.0
2020-10-23,2020-10-26,UPS,buy,4613.194398317259,131.93486895591127,608641.1984101315,608.6411984101316,rebalance,rebalance,0.0
2020-10-23,2020-10-26,WHR,buy,1143.70283483903,149.40223126965142,170871.7554343767,170.87175543437672,rebalance,rebalance,0.0
2020-11-20,2020-11-23,AAPL,sell,5508.492652003238,113.75947798730789,626643.2485888096,626.6432485888097,rebalance,rebalance,13240.9784438557
2020-11-20,2020-11-23,ALGN,sell,382.0288281367534,452.1499938964844,172734.33231031414,172.73433231031416,rebalance,rebalance,-4391.3820666509355
2020-11-20,2020-11-23,DE,sell,1020.7954027581518,242.19566461618223,247232.22100815398,247.232221008154,rebalance,rebalance,21908.7257489917
2020-11-20,2020-11-23,DHI,sell,8932.115156627533,71.0560095881277,634680.4602115867,634.6804602115867,rebalance,rebalance,21796.25046649097
2020-11-20,2020-11-23,ETSY,sell,1433.9614724649746,141.0,202188.5676175614,202.1885676175614,rebalance,rebalance,23316.06099012434
2020-11-20,2020-11-23,FCX,sell,15404.455482662313,20.05398302673632,308920.6887854253,308.9206887854253,rebalance,rebalance,76644.17606388999
2020-11-20,2020-11-23,FDX,sell,921.5617792037992,203.05607573580096,187128.71843322614,187.12871843322614,rebalance,rebalance,-227.2000273212765
2020-11-20,2020-11-23,LEN,sell,8914.492086627986,67.32671467462288,600183.465185586,600.183465185586,rebalance,rebalance,-14636.42465594868
2020-11-20,2020-11-23,LOW,sell,3987.079846604598,134.96938332813977,538133.7081762768,538.1337081762767,rebalance,rebalance,-49158.51991417345
2020-11-20,2020-11-23,MOS,sell,13441.270609680178,17.551207161904934,235910.52498972102,235.910524989721,rebalance,rebalance,17209.52097781812
2020-11-20,2020-11-23,NVDA,sell,45526.01450115067,13.114436775948434,597048.0388362521,597.0480388362521,rebalance,rebalance,126245.99956298234
2020-11-20,2020-11-23,PHM,sell,14615.046972728063,41.578668280083896,607674.1899769045,607.6741899769046,rebalance,rebalance,-2183.323821613902
2020-11-20,2020-11-23,RCL,sell,10058.8905738862,71.53571635341513,719569.9429235642,719.5699429235642,rebalance,rebalance,109600.53337209915
2020-11-20,2020-11-23,UPS,sell,1329.9896597425286,128.53011595763368,170943.72518916096,170.94372518916097,rebalance,rebalance,-4874.702018346568
2020-11-20,2020-11-23,WHR,sell,1250.02185806971,149.43960689883983,186802.77508489482,186.80277508489482,rebalance,rebalance,9707.779402488282
2020-11-20,2020-11-23,AES,buy,25516.567164580105,16.537909783861267,421990.68576166243,421.99068576166246,rebalance,rebalance,0.0
2020-11-20,2020-11-23,GLW,buy,13320.691364013628,31.679338123671783,421990.68576166243,421.99068576166246,rebalance,rebalance,0.0
2020-11-20,2020-11-23,IVZ,buy,33180.53533025668,12.71801921100584,421990.6857616625,421.9906857616625,rebalance,rebalance,0.0
2020-11-20,2020-11-23,PWR,buy,6303.8892805728665,66.94132256766318,421990.68576166243,421.99068576166246,rebalance,rebalance,0.0
2020-11-20,2020-11-23,QCOM,buy,3367.6520434674,125.30709239401486,421990.68576166243,421.99068576166246,rebalance,rebalance,0.0
2020-11-20,2020-11-23,UA,buy,28455.204850480262,14.829999923706055,421990.68576166243,421.99068576166246,rebalance,rebalance,0.0
2020-11-20,2020-11-23,UAA,buy,24955.096958575283,16.90999984741211,421990.68576166243,421.99068576166246,rebalance,rebalance,0.0
2020-12-21,2020-12-22,AES,sell,25516.567164580105,18.222995257922868,464988.2824386136,464.9882824386136,rebalance,rebalance,42110.617708750906
2020-12-21,2020-12-22,ETSY,sell,2992.841742990514,191.11000061035156,571961.9873296027,571.9619873296027,rebalance,rebalance,198484.61861358513
2020-12-21,2020-12-22,GLW,sell,13320.691364013628,31.39324403251596,418179.7146723077,418.17971467230774,rebalance,rebalance,-4651.141489788665
2020-12-21,2020-12-22,IVZ,sell,33180.53533025668,13.892966342821774,460976.06058006483,460.9760605800648,rebalance,rebalance,38102.40807206068
2020-12-21,2020-12-22,MOS,sell,24043.39951485487,20.53535153254222,493739.66107489984,493.73966107489986,rebalance,rebalance,102461.1752921966
2020-12-21,2020-12-22,UPS,sell,3283.20473857473,133.83443129960497,439405.83902731724,439.40583902731726,rebalance,rebalance,5364.077062066689
2020-12-21,2020-12-22,WHR,sell,2823.8209034323854,143.0632920032128,403985.11447252356,403.98511447252355,rebalance,rebalance,3942.475125586485
2020-12-21,2020-12-22,ALB,buy,5555.018246295285,134.5160314492735,747239.0091199448,747.2390091199447,rebalance,rebalance,0.0
2020-12-21,2020-12-22,ALGN,buy,471.31303017900836,531.989990234375,250733.81432226434,250.73381432226435,rebalance,rebalance,0.0
2020-12-21,2020-12-22,AMD,buy,8003.8453752654805,93.36000061035156,747239.0091199448,747.2390091199447,rebalance,rebalance,0.0
2020-12-21,2020-12-22,DE,buy,1263.5876546755208,248.58729528706522,314111.8374339139,314.1118374339139,rebalance,rebalance,0.0
2020-12-21,2020-12-22,FCX,buy,11198.654126443238,23.17638875507871,259544.36156811487,259.5443615681149,rebalance,rebalance,0.0
2020-12-21,2020-12-22,FDX,buy,1697.429453867062,197.91122451497546,335940.34174261626,335.9403417426163,rebalance,rebalance,0.0
2020-12-21,2020-12-22,GM,buy,18853.718939242764,39.63350740127012,747239.0091199448,747.2390091199447,rebalance,rebalance,0.0
2020-12-21,2020-12-22,PVH,buy,7991.735197701524,93.5014725381361,747239.0091199448,747.2390091199447,rebalance,rebalance,0.0
2020-12-21,2020-12-22,PWR,buy,4721.745930755726,67.77287610170283,320006.30194882734,320.00630194882734,rebalance,rebalance,0.0
2020-12-21,2020-12-22,QCOM,buy,2397.456526730511,129.61403935785597,310744.02461439715,310.7440246143972,rebalance,rebalance,0.0
2020-12-21,2020-12-22,TPR,buy,28434.511880413796,26.2792979272015,747239.0091199448,747.2390091199447,rebalance,rebalance,0.0
2020-12-21,2020-12-22,TSLA,buy,3459.439857036781,216.0,747239.0091199448,747.2390091199447,rebalance,rebalance,0.0
2020-12-21,2020-12-22,TT,buy,5632.777263607578,132.65907280725082,747239.0091199448,747.2390091199447,rebalance,rebalance,0.0
2020-12-21,2020-12-22,UA,buy,20932.700203581047,15.130000114440918,316711.75647573866,316.71175647573864,rebalance,rebalance,0.0
2020-12-21,2020-12-22,UAA,buy,17989.674622003746,17.399999618530273,313020.3315603489,313.02033156034895,rebalance,rebalance,0.0
2021-01-21,2021-01-22,ALB,sell,5555.018246295285,162.46204097824975,902479.6019645496,902.4796019645496,rebalance,rebalance,153590.8742335205
2021-01-21,2021-01-22,ALGN,sell,330.43343294414944,546.8499755859375,180697.51473828565,180.69751473828566,rebalance,rebalance,19775.504438106494
2021-01-21,2021-01-22,AMD,sell,8003.8453752654805,94.41999816894531,755723.0656770881,755.7230656770881,rebalance,rebalance,6981.094482346297
2021-01-21,2021-01-22,DE,sell,3005.942070599559,282.19929756025414,848274.7408300114,848.2747408300114,rebalance,rebalance,148826.9402474463
2021-01-21,2021-01-22,FCX,sell,10682.27215572769,27.246660735884507,291056.245315498,291.05624531549796,rebalance,rebalance,99700.11698905074
2021-01-21,2021-01-22,FDX,sell,566.1089126297093,183.02247720351662,103610.65555647854,103.61065555647853,rebalance,rebalance,-10199.319104348455
2021-01-21,2021-01-22,GM,sell,18853.718939242764,52.23763563004268,984873.7002193984,984.8737002193984,rebalance,rebalance,235902.57839011436
2021-01-21,2021-01-22,PVH,sell,1930.2850550930134,96.90981199539914,187063.5617865926,187.0635617865926,rebalance,rebalance,6211.518660182558
2021-01-21,2021-01-22,PWR,sell,3381.6263702183805,76.84632578922559,259865.56174323807,259.86556174323806,rebalance,rebalance,31803.334802444286
2021-01-21,2021-01-22,QCOM,sell,5765.108570197911,144.98810101915973,835872.1437622783,835.8721437622783,rebalance,rebalance,101568.8265320804
2021-01-21,2021-01-22,TPR,sell,8480.519833705373,29.438419759046408,249653.10263953722,249.65310263953722,rebalance,rebalance,26318.480142125372
2021-01-21,2021-01-22,TSLA,sell,1347.2249892109098,278.10333251953125,374667.75915314356,374.66775915314355,rebalance,rebalance,83001.49312676436
2021-01-21,2021-01-22,TT,sell,5632.777263607578,143.05000134427664,805768.7951310748,805.7687951310749,rebalance,rebalance,56976.778206879266
2021-01-21,2021-01-22,UA,sell,49387.90505406131,16.0,790206.480864981,790.206480864981,rebalance,rebalance,49975.12970447753
2021-01-21,2021-01-22,UAA,sell,11261.170462322669,18.540000915527344,208782.11068137176,208.78211068137176,rebalance,rebalance,15642.707748550098
2021-01-21,2021-01-22,ENPH,buy,2821.6640138637745,208.17999267578125,587413.9937396761,587.4139937396761,rebalance,rebalance,0.0
2021-01-21,2021-01-22,ETSY,buy,2781.711411815797,211.1699981689453,587413.9937396761,587.4139937396761,rebalance,rebalance,0.0
2021-01-21,2021-01-22,HWM,buy,22326.54781204086,26.310112906164548,587413.9937396761,587.4139937396761,rebalance,rebalance,0.0
2021-01-21,2021-01-22,IVZ,buy,35710.64126257546,16.449270384715337,587413.9937396761,587.4139937396761,rebalance,rebalance,0.0
2021-01-21,2021-01-22,MGM,buy,18960.66948437026,30.980656786612712,587413.9937396761,587.4139937396761,rebalance,rebalance,0.0
2021-01-21,2021-01-22,MOS,buy,23894.083434892607,24.584077281737184,587413.9937396761,587.4139937396761,rebalance,rebalance,0.0
2021-01-21,2021-01-22,NCLH,buy,23976.081377129634,24.5,587413.9937396761,587.4139937396761,rebalance,rebalance,0.0
2021-02-19,2021-02-22,ALGN,sell,269.3624684154156,590.3699951171875,159023.51916316248,159.0235191631625,rebalance,rebalance,27831.517526621537
2021-02-19,2021-02-22,ENPH,sell,222.5791114700737,182.80999755859375,40689.68682443814,40.68968682443814,rebalance,rebalance,-5733.857175803756
2021-02-19,2021-02-22,ETSY,sell,2781.711411815797,222.86000061035156,619932.2069350904,619.9322069350903,rebalance,rebalance,31310.86699473962
2021-02-19,2021-02-22,FCX,sell,8064.933349015009,35.2106252675246,283971.3459597297,283.9713459597297,rebalance,rebalance,139436.50277721486
2021-02-19,2021-02-22,FDX,sell,3209.518321001009,183.9230733457807,590304.4735580955,590.3044735580955,rebalance,rebalance,-54936.79886097822
2021-02-19,2021-02-22,HWM,sell,22326.54781204086,27.807357244069816,620842.2910362255,620.8422910362256,rebalance,rebalance,32220.04101177357
2021-02-19,2021-02-22,IVZ,sell,9080.15129917156,17.841906225312208,162007.2079914658,162.0072079914658,rebalance,rebalance,12333.975065422892
2021-02-19,2021-02-22,MGM,sell,18960.66948437026,36.47722563740876,691632.6190177047,691.6326190177048,rebalance,rebalance,102939.57866527134
2021-02-19,2021-02-22,MOS,sell,23894.083434892607,25.742120133684583,615084.3662652883,615.0843662652883,rebalance,rebalance,26467.874165607274
2021-02-19,2021-02-22,NCLH,sell,23976.081377129634,27.479999542236328,658862.7052681433,658.8627052681434,rebalance,rebalance,70202.43482945954
2021-02-19,2021-02-22,PVH,sell,992.1869043080624,93.72934139053866,92997.02507711209,92.9970250771121,rebalance,rebalance,40.32052959057522
2021-02-19,2021-02-22,PWR,sell,7644.0088411102115,76.45000879889105,584384.5431616766,584.3845431616767,rebalance,rebalance,68863.53529936528
2021-02-19,2021-02-22,TPR,sell,6356.3764966649815,34.942795883036446,222109.56647869473,222.10956647869475,rebalance,rebalance,54679.304107202355
2021-02-19,2021-02-22,TSLA,sell,243.1598548127963,254.2133331298828,61814.47717533933,61.81447717533933,rebalance,rebalance,9177.611529960426
2021-02-19,2021-02-22,UAA,sell,10594.444874119836,22.530000686645508,238692.85028854787,238.69285028854787,rebalance,rebalance,56946.13092639541
2021-02-19,2021-02-22,ALB,buy,3287.012191652294,144.55033232545776,475138.70466117037,475.1387046611704,rebalance,rebalance,0.0
2021-02-19,2021-02-22,APTV,buy,3107.30948454557,152.91000366210938,475138.70466117025,475.13870466117027,rebalance,rebalance,0.0
2021-02-19,2021-02-22,DVN,buy,29582.70099111216,16.06136994738652,475138.7046611703,475.1387046611703,rebalance,rebalance,0.0
2021-02-19,2021-02-22,GE,buy,8101.459508742503,58.64853168104282,475138.7046611703,475.1387046611703,rebalance,rebalance,0.0
2021-02-19,2021-02-22,GM,buy,9533.009603084336,49.84141676595423,475138.7046611703,475.1387046611703,rebalance,rebalance,0.0
2021-02-19,2021-02-22,MU,buy,5442.346593154808,87.30401427553016,475138.7046611703,475.1387046611703,rebalance,rebalance,0.0
2021-02-19,2021-02-22,UA,buy,25531.364270718015,18.610000610351562,475138.7046611703,475.1387046611703,rebalance,rebalance,0.0
2021-03-19,2021-03-22,ALB,sell,3287.012191652294,142.53335057148786,468508.86104553106,468.5088610455311,rebalance,rebalance,-7573.491181345973
2021-03-19,2021-03-22,ALGN,sell,167.4351786917415,532.3400268554688,89132.44752131187,89.13244752131187,rebalance,rebalance,7593.474512637598
2021-03-19,2021-03-22,APTV,sell,3107.30948454557,146.22999572753906,454381.8526492403,454.3818526492403,rebalance,rebalance,-21686.372569240375
2021-03-19,2021-03-22,DVN,sell,10110.037412577414,17.424573648704463,176163.09148661265,176.16309148661267,rebalance,rebalance,13443.496278736502
2021-03-19,2021-03-22,ENPH,sell,446.01130289237017,157.58999633789062,70286.91958946644,70.28691958946645,rebalance,rebalance,-22726.847729341738
2021-03-19,2021-03-22,FCX,sell,3118.4455217741215,32.70155818652017,101978.02768178968,101.97802768178968,rebalance,rebalance,46098.96312112892
2021-03-19,2021-03-22,GE,sell,8101.459508742503,63.99202081124041,518428.76548487175,518.4287654848717,rebalance,rebalance,42296.493353555474
2021-03-19,2021-03-22,GM,sell,9533.009603084336,56.311221132556724,536815.4118180688,536.8154118180688,rebalance,rebalance,60664.75304041936
2021-03-19,2021-03-22,IVZ,sell,9945.600541564723,20.33593703153367,202253.1063540474,202.2531063540474,rebalance,rebalance,38289.382928677354
2021-03-19,2021-03-22,MU,sell,5442.346593154808,89.54685703732477,487345.0323248051,487.3450323248051,rebalance,rebalance,11243.843926648888
2021-03-19,2021-03-22,PVH,sell,5069.263238300448,104.5587382703438,530035.768156932,530.035768156932,rebalance,rebalance,55048.17134677838
2021-03-19,2021-03-22,TPR,sell,4969.898377306101,39.32707272009151,195451.55489578182,195.45155489578184,rebalance,rebalance,64520.057775618574
2021-03-19,2021-03-22,TSLA,sell,382.1671462038771,228.19667053222656,87209.27035052741,87.20927035052742,rebalance,rebalance,4491.409396559391
2021-03-19,2021-03-22,UA,sell,25531.364270718015,19.309999465942383,493010.6304323453,493.01063043234535,rebalance,rebalance,16903.776436081545
2021-03-19,2021-03-22,UAA,sell,6693.616784917445,23.56999969482422,157768.54557777446,157.76854557777446,rebalance,rebalance,42933.208996052825
2021-03-19,2021-03-22,AMAT,buy,3017.8467709260967,112.43210355458196,339302.8606606237,339.3028606606237,rebalance,rebalance,0.0
2021-03-19,2021-03-22,ETSY,buy,1545.4257982437261,219.55299377441406,339302.8606606237,339.3028606606237,rebalance,rebalance,0.0
2021-03-19,2021-03-22,FANG,buy,5573.512623302967,60.8777414878351,339302.8606606237,339.3028606606237,rebalance,rebalance,0.0
2021-03-19,2021-03-22,KLAC,buy,11947.916525977718,28.398496082802016,339302.8606606237,339.3028606606237,rebalance,rebalance,0.0
2021-03-19,2021-03-22,LRCX,buy,6464.752435040252,52.485050907987485,339302.8606606237,339.3028606606237,rebalance,rebalance,0.0
2021-03-19,2021-03-22,OXY,buy,13060.193859378001,25.979925283956174,339302.8606606237,339.3028606606237,rebalance,rebalance,0.0
2021-03-19,2021-03-22,ZBRA,buy,738.208683193197,459.6300048828125,339302.8606606237,339.3028606606237,rebalance,rebalance,0.0
2021-04-19,2021-04-20,ALGN,sell,637.3799518042723,603.8499755859375,384881.86833597586,384.88186833597587,rebalance,rebalance,74439.71023113803
2021-04-19,2021-04-20,AMAT,sell,3017.8467709260967,123.69446283703776,373290.9352541925,373.2909352541925,rebalance,rebalance,33275.48079765403
2021-04-19,2021-04-20,ENPH,sell,2153.0735995013306,141.85000610351562,305413.5032305821,305.41350323058214,rebalance,rebalance,-143566.983293428
2021-04-19,2021-04-20,ETSY,sell,1545.4257982437261,212.0,327630.2692276699,327.63026922766994,rebalance,rebalance,-12339.524562841996
2021-04-19,2021-04-20,IVZ,sell,16684.889421839176,20.951446405831835,349572.56650889403,349.57256650889406,rebalance,rebalance,74494.28224603683
2021-04-19,2021-04-20,KLAC,sell,11947.916525977718,30.586131876654346,365440.55051481235,365.44055051481234,rebalance,rebalance,25432.946443013258
2021-04-19,2021-04-20,LRCX,sell,6464.752435040252,58.42893904459905,377728.6259653901,377.7286259653901,rebalance,rebalance,37708.73381814048
2021-04-19,2021-04-20,TSLA,sell,1486.887866809198,239.13999938964844,355574.3635612273,355.5743635612273,rebalance,rebalance,33729.84218764852
2021-04-19,2021-04-20,UAA,sell,14395.539459219079,21.530000686645508,309935.97444161924,309.93597444161924,rebalance,rebalance,62996.22549799227
2021-04-19,2021-04-20,ZBRA,sell,738.208683193197,505.3900146484375,373083.2972126136,373.08329721261356,rebalance,rebalance,33068.05039411668
2021-04-19,2021-04-20,AAL,buy,26682.807798271733,21.020000457763672,560872.6321340919,560.872632134092,rebalance,rebalance,0.0
2021-04-19,2021-04-20,APA,buy,36459.44475442424,15.383466092583095,560872.6321340919,560.872632134092,rebalance,rebalance,0.0
2021-04-19,2021-04-20,CCL,buy,21521.361999031975,26.061205241532566,560872.6321340919,560.872632134092,rebalance,rebalance,0.0
2021-04-19,2021-04-20,DVN,buy,13806.568537840758,16.85353286316083,232689.45657998158,232.68945657998157,rebalance,rebalance,0.0
2021-04-19,2021-04-20,EXPE,buy,3266.591070131622,171.69967715349583,560872.6321340919,560.872632134092,rebalance,rebalance,0.0
2021-04-19,2021-04-20,FANG,buy,3496.467705070335,61.838351554030794,216215.7991434546,216.2157991434546,rebalance,rebalance,0.0
2021-04-19,2021-04-20,FCX,buy,5878.2504189131105,34.506765576609226,202839.40920603968,202.83940920603968,rebalance,rebalance,0.0
2021-04-19,2021-04-20,GE,buy,8601.324965678761,65.20770164737422,560872.6321340919,560.872632134092,rebalance,rebalance,0.0
2021-04-19,2021-04-20,LNC,buy,11431.986175432043,49.06169615035378,560872.6321340919,560.872632134092,rebalance,rebalance,0.0
2021-04-19,2021-04-20,MGM,buy,14268.453128135012,39.30858006101198,560872.6321340919,560.872632134092,rebalance,rebalance,0.0
2021-04-19,2021-04-20,NWSA,buy,21909.777467023847,25.59919346411687,560872.6321340919,560.872632134092,rebalance,rebalance,0.0
2021-04-19,2021-04-20,OXY,buy,11453.991919983006,22.879512996360745,262061.75699346213,262.06175699346215,rebalance,rebalance,0.0
2021-04-19,2021-04-20,TPR,buy,5669.020855651241,39.230811323561,222400.28757738616,222.40028757738617,rebalance,rebalance,0.0
2021-04-19,2021-04-20,WYNN,buy,4645.778687166908,120.72736776794758,560872.6321340919,560.872632134092,rebalance,rebalance,0.0
2021-04-19,2021-04-20,ZION,buy,12247.10173866246,45.79635607692325,560872.6321340919,560.872632134092,rebalance,rebalance,0.0
2021-05-17,2021-05-18,AAL,sell,5169.155629866258,23.540000915527344,121681.92825955503,121.68192825955504,rebalance,rebalance,12795.936971549056
2021-05-17,2021-05-18,APA,sell,9940.15951481932,19.096721015100268,189824.45310009897,189.82445310009896,rebalance,rebalance,36567.60768905758
2021-05-17,2021-05-18,CCL,sell,2911.2502532369326,27.212700206114018,79222.98036631016,79.22298036631017,rebalance,rebalance,3197.196336513435
2021-05-17,2021-05-18,DVN,sell,9292.766283010344,21.113214229174016,196200.1653148425,196.2001653148425,rebalance,rebalance,43543.07875108995
2021-05-17,2021-05-18,EXPE,sell,3266.591070131622,167.5965740528544,547469.4721857073,547.4694721857073,rebalance,rebalance,-14511.502052704343
2021-05-17,2021-05-18,FANG,sell,1265.9198504849837,64.89331972445653,82149.74160305825,82.14974160305826,rebalance,rebalance,4454.927293988555
2021-05-17,2021-05-18,FCX,sell,4097.570662424399,41.65958463462963,170703.09180764467,170.70309180764468,rebalance,rebalance,72561.56141297205
2021-05-17,2021-05-18,GE,sell,8601.324965678761,64.08929221567163,551252.8291673379,551.2528291673378,rebalance,rebalance,-10731.928428055433
2021-05-17,2021-05-18,LNC,sell,11431.986175432043,53.672504969601086,613583.3348132872,613.5833348132873,rebalance,rebalance,51536.246712248016
2021-05-17,2021-05-18,MGM,sell,14268.453128135012,39.69836705124949,566434.2895342527,566.4342895342527,rebalance,rebalance,4434.350478492411
2021-05-17,2021-05-18,NWSA,sell,21909.777467023847,25.70434553522843,563176.4906123428,563.1764906123428,rebalance,rebalance,1179.8093555046112
2021-05-17,2021-05-18,OXY,sell,3925.7140791349666,24.597813723834662,96563.98365159704,96.56398365159704,rebalance,rebalance,68.28355003039216
2021-05-17,2021-05-18,TPR,sell,2204.979878905453,41.8823619758099,92349.76543769566,92.34976543769567,rebalance,rebalance,22918.91755195635
2021-05-17,2021-05-18,WYNN,sell,4645.778687166908,121.14231777103106,562800.3980146571,562.800398014657,rebalance,rebalance,804.0928504163362
2021-05-17,2021-05-18,ZION,sell,12247.10173866246,50.19986552370176,614802.8603359496,614.8028603359496,rebalance,rebalance,52754.55270938762
2021-05-17,2021-05-18,AMAT,buy,4226.179436451239,119.8319662843887,506431.3917406017,506.43139174060167,rebalance,rebalance,0.0
2021-05-17,2021-05-18,FTNT,buy,12397.948419447139,40.847999572753906,506431.3917406017,506.43139174060167,rebalance,rebalance,0.0
2021-05-17,2021-05-18,HPQ,buy,18550.265803179333,27.300492462690446,506431.3917406017,506.43139174060167,rebalance,rebalance,0.0
2021-05-17,2021-05-18,IVZ,buy,22571.477773267932,22.4367849029532,506431.3917406016,506.4313917406016,rebalance,rebalance,0.0
2021-05-17,2021-05-18,MOS,buy,15416.932737848409,32.84903685785162,506431.3917406017,506.43139174060167,rebalance,rebalance,0.0
2021-05-17,2021-05-18,TSLA,buy,2674.813760627155,189.3333282470703,506431.3917406017,506.43139174060167,rebalance,rebalance,0.0
2021-05-17,2021-05-18,WFC,buy,11994.053465652307,42.22353962243731,506431.3917406017,506.43139174060167,rebalance,rebalance,0.0
2021-06-15,2021-06-16,AAL,sell,21513.652168405475,22.739999771118164,489220.4453854563,489.22044538545634,rebalance,rebalance,36062.02953359137
2021-06-15,2021-06-16,AMAT,sell,4226.179436451239,133.61253258274962,564670.5376533876,564.6705376533877,rebalance,rebalance,57168.04398339195
2021-06-15,2021-06-16,APA,sell,26519.285239604924,19.543026890415668,518267.10455220233,518.2671045522023,rebalance,rebalance,109382.35363936546
2021-06-15,2021-06-16,CCL,sell,18610.111745795042,28.521664774231546,530791.3686245552,530.7913686245552,rebalance,rebalance,44773.63353913517
2021-06-15,2021-06-16,HPQ,sell,18550.265803179333,24.351107102966495,451719.5093617167,451.7195093617167,rebalance,rebalance,-55670.033279987234
2021-06-15,2021-06-16,OXY,sell,20588.47170022604,27.01642205771757,556226.8409766807,556.2268409766807,rebalance,rebalance,50103.767981879224
2021-06-15,2021-06-16,TSLA,sell,2674.813760627155,199.17999267578125,532769.3852507956,532.7693852507956,rebalance,rebalance,25298.79273320261
2021-06-15,2021-06-16,COF,buy,5196.795749307283,146.7467668807897,762612.9743506747,762.6129743506747,rebalance,rebalance,0.0
2021-06-15,2021-06-16,DVN,buy,9386.11263116727,22.851484944777678,214486.6114811065,214.4866114811065,rebalance,rebalance,0.0
2021-06-15,2021-06-16,EOG,buy,11501.626579129388,66.30479342239265,762612.9743506747,762.6129743506747,rebalance,rebalance,0.0
2021-06-15,2021-06-16,FANG,buy,2719.9738688468524,72.46393818424367,197100.0182948764,197.1000182948764,rebalance,rebalance,0.0
2021-06-15,2021-06-16,FCX,buy,9985.805694195882,34.44156871113268,343926.8129526675,343.9268129526675,rebalance,rebalance,0.0
2021-06-15,2021-06-16,FITB,buy,23203.958136560028,32.86564170916624,762612.9743506747,762.6129743506747,rebalance,rebalance,0.0
2021-06-15,2021-06-16,FTNT,buy,4160.43655521955,46.055999755859375,191613.06497146003,191.61306497146003,rebalance,rebalance,0.0
2021-06-15,2021-06-16,GS,buy,2331.7037068510826,327.06255606573944,762612.9743506747,762.6129743506747,rebalance,rebalance,0.0
2021-06-15,2021-06-16,IVZ,buy,10667.371798740784,22.943422656628,244746.0198139039,244.7460198139039,rebalance,rebalance,0.0
2021-06-15,2021-06-16,MHK,buy,4045.262874323398,188.52000427246094,762612.9743506747,762.6129743506747,rebalance,rebalance,0.0
2021-06-15,2021-06-16,MOS,buy,10678.43728075151,29.224072078959193,312067.42078332714,312.0674207833271,rebalance,rebalance,0.0
2021-06-15,2021-06-16,NUE,buy,8147.033711844771,93.60621317203224,762612.9743506747,762.6129743506747,rebalance,rebalance,0.0
2021-06-15,2021-06-16,STX,buy,9442.605571363281,80.76298100001777,762612.9743506747,762.6129743506747,rebalance,rebalance,0.0
2021-06-15,2021-06-16,TPR,buy,8038.905719052109,37.88315076596451,304539.07734822534,304.53907734822536,rebalance,rebalance,0.0
2021-06-15,2021-06-16,WFC,buy,7252.6118466991375,39.623122342199814,287371.12650224764,287.37112650224765,rebalance,rebalance,0.0
2021-07-14,2021-07-15,COF,sell,5196.795749307283,142.40181925690848,740033.1690079259,740.033169007926,rebalance,rebalance,-24082.45148610714
2021-07-14,2021-07-15,EOG,sell,11501.626579129388,60.60029202921344,697001.9295062041,697.0019295062041,rebalance,rebalance,-67070.65974832744
2021-07-14,2021-07-15,FANG,sell,10524.03434673517,66.89660377152352,704022.155771447,704.022155771447,rebalance,rebalance,27559.50140608865
2021-07-14,2021-07-15,FCX,sell,22142.225307646117,32.115392204587906,711106.2500374072,711.1062500374072,rebalance,rebalance,75470.60334614817
2021-07-14,2021-07-15,FITB,sell,23203.958136560028,30.82442534979335,715248.6754001246,715.2486754001246,rebalance,rebalance,-48842.16060030076
2021-07-14,2021-07-15,FTNT,sell,1205.0735238597827,51.55400085449219,62126.361478793144,62.12636147879314,rebalance,rebalance,11211.685823266915
2021-07-14,2021-07-15,GS,sell,2331.7037068510826,327.2829197539507,763126.7971793322,763.1267971793322,rebalance,rebalance,-1011.9169428723616
2021-07-14,2021-07-15,MHK,sell,4045.262874323398,192.0,776690.4718700924,776.6904718700924,rebalance,rebalance,12538.1940731971
2021-07-14,2021-07-15,MOS,sell,26095.37001859992,27.405328917828562,715152.1985921728,715.1521985921728,rebalance,rebalance,-104880.26494287208
2021-07-14,2021-07-15,TPR,sell,20130.663868535237,35.91417779035493,722976.2412124486,722.9762412124486,rebalance,rebalance,37168.3784369895
2021-07-14,2021-07-15,WFC,sell,19246.665312351444,39.3057860655626,756505.3092427704,756.5053092427704,rebalance,rebalance,-38847.51682756457
2021-07-14,2021-07-15,AAL,buy,38498.28074973171,20.559999465942383,791524.631654184,791.524631654184,rebalance,rebalance,0.0
2021-07-14,2021-07-15,BIIB,buy,2315.414999333077,341.8500061035156,791524.631654184,791.524631654184,rebalance,rebalance,0.0
2021-07-14,2021-07-15,DVN,buy,4316.932285637682,21.001191469449132,90660.72149132364,90.66072149132364,rebalance,rebalance,0.0
2021-07-14,2021-07-15,DXC,buy,20217.742038425487,39.150001525878906,791524.631654184,791.524631654184,rebalance,rebalance,0.0
2021-07-14,2021-07-15,EXR,buy,5603.35921176303,141.25894873784833,791524.631654184,791.524631654184,rebalance,rebalance,0.0
2021-07-14,2021-07-15,F,buy,76279.0313006305,10.376700099069579,791524.631654184,791.524631654184,rebalance,rebalance,0.0
2021-07-14,2021-07-15,FRT,buy,8307.5444195579,95.2778091430664,791524.631654184,791.524631654184,rebalance,rebalance,0.0
2021-07-14,2021-07-15,IRM,buy,21785.108302761884,36.33328880691567,791524.631654184,791.524631654184,rebalance,rebalance,0.0
2021-07-14,2021-07-15,IVZ,buy,5253.755464736663,20.563031026312395,108033.13662603831,108.03313662603831,rebalance,rebalance,0.0
2021-07-14,2021-07-15,NUE,buy,849.4645135618493,87.98141363701642,74737.08873765201,74.73708873765202,rebalance,rebalance,0.0
2021-07-14,2021-07-15,REG,buy,14882.738211197913,53.18407274399501,791524.631654184,791.524631654184,rebalance,rebalance,0.0
2021-07-14,2021-07-15,SPG,buy,8144.725840292919,97.18247700105734,791524.631654184,791.524631654184,rebalance,rebalance,0.0
2021-07-14,2021-07-15,STX,buy,702.0843275263069,78.0235413347452,54779.1055492256,54.7791055492256,rebalance,rebalance,0.0
2021-07-14,2021-07-15,WDC,buy,15090.824900831301,52.450720014025315,791524.631654184,791.524631654184,rebalance,rebalance,0.0
2021-08-11,2021-08-12,AAL,sell,38498.28074973171,21.030000686645508,809618.8706015295,809.6188706015295,rebalance,rebalance,16493.09544508984
2021-08-11,2021-08-12,BIIB,sell,2315.414999333077,335.8699951171875,777678.4245202633,777.6784245202633,rebalance,rebalance,-15415.410190095072
2021-08-11,2021-08-12,F,sell,76279.0313006305,10.208032145512675,778658.8035454036,778.6588035454037,rebalance,rebalance,-14436.011543979786
2021-08-11,2021-08-12,FRT,sell,8307.5444195579,98.25399239166009,816249.4061926202,816.2494061926202,rebalance,rebalance,23117.000500589456
2021-08-11,2021-08-12,IRM,sell,21785.108302761884,38.5141025990772,839033.8963045797,839.0338963045797,rebalance,rebalance,45878.70612243717
2021-08-11,2021-08-12,IVZ,sell,38492.60503674538,20.602970543966535,793062.0077326029,793.0620077326029,rebalance,rebalance,-67800.81300385394
2021-08-11,2021-08-12,NUE,sell,283.22680940687496,113.32586672178839,32096.923654880873,32.096923654880875,rebalance,rebalance,5677.0988882465535
2021-08-11,2021-08-12,REG,sell,14882.738211197913,54.656634448093094,813440.3819961112,813.4403819961112,rebalance,rebalance,20310.785328277067
2021-08-11,2021-08-12,SPG,sell,8144.725840292919,102.50019978379147,834836.0258142331,834.8360258142332,rebalance,rebalance,41685.0335025808
2021-08-11,2021-08-12,STX,sell,10144.689898889588,81.39189524881914,825695.537582175,825.695537582175,rebalance,rebalance,6660.370064792843
2021-08-11,2021-08-12,WDC,sell,15090.824900831301,49.147629320415334,741678.2683653503,741.6782683653504,rebalance,rebalance,-51379.566188853125
2021-08-11,2021-08-12,BBWI,buy,17857.42116687707,55.295724168275314,987439.0352003556,987.4390352003556,rebalance,rebalance,0.0
2021-08-11,2021-08-12,COF,buy,6179.482957772269,159.79314805915922,987439.0352003553,987.4390352003553,rebalance,rebalance,0.0
2021-08-11,2021-08-12,CRL,buy,2473.730495738055,399.1700134277344,987439.0352003555,987.4390352003555,rebalance,rebalance,0.0
2021-08-11,2021-08-12,DVN,buy,7401.060365818725,21.899013713095677,162075.92244251317,162.07592244251316,rebalance,rebalance,0.0
2021-08-11,2021-08-12,DXC,buy,3813.385523840181,41.09000015258789,156692.0117564695,156.6920117564695,rebalance,rebalance,0.0
2021-08-11,2021-08-12,EOG,buy,17981.362883040536,54.914582483159684,987439.0352003556,987.4390352003556,rebalance,rebalance,0.0
2021-08-11,2021-08-12,EXR,buy,1329.832652418002,142.42199762302332,189397.42286169546,189.39742286169547,rebalance,rebalance,0.0
2021-08-11,2021-08-12,FTNT,buy,1140.2917211215117,59.86800003051758,68266.98479490161,68.26698479490162,rebalance,rebalance,0.0
2021-08-11,2021-08-12,GNRC,buy,2378.7407435262717,415.1099853515625,987439.0352003556,987.4390352003556,rebalance,rebalance,0.0
2021-08-11,2021-08-12,IT,buy,3349.976260299035,294.760009765625,987439.0352003555,987.4390352003555,rebalance,rebalance,0.0
2021-08-11,2021-08-12,MCO,buy,2724.996098822612,362.36346746587924,987439.0352003555,987.4390352003555,rebalance,rebalance,0.0
2021-08-11,2021-08-12,NVDA,buy,49866.85451933417,19.80151033623967,987439.0352003555,987.4390352003555,rebalance,rebalance,0.0
2021-08-11,2021-08-12,ORCL,buy,11853.77893143542,83.30162397256574,987439.0352003553,987.4390352003553,rebalance,rebalance,0.0
2021-08-11,2021-08-12,WELL,buy,13224.154372196357,74.66935180947641,987439.0352003555,987.4390352003555,rebalance,rebalance,0.0
2021-09-09,2021-09-10,BBWI,sell,17857.42116687707,57.179816434093354,1021084.064308324,1021.0840643083241,rebalance,rebalance,31636.506008459906
2021-09-09,2021-09-10,COF,sell,6179.482957772269,143.6856294523135,887902.8984773525,887.9028984773524,rebalance,rebalance,-101411.47865668057
2021-09-09,2021-09-10,DVN,sell,45090.57111598884,22.799151268544666,1028026.7516585004,1028.0267516585004,rebalance,rebalance,165776.57534891792
2021-09-09,2021-09-10,DXC,sell,24031.12756226567,35.7599983215332,859353.0812911706,859.3530812911706,rebalance,rebalance,-90671.13184418468
2021-09-09,2021-09-10,EOG,sell,17981.362883040536,54.08541185033212,972529.4171595228,972.5294171595228,rebalance,rebalance,-16869.58649319259
2021-09-09,2021-09-10,EXR,sell,6933.191864181032,153.67549637351047,1065461.7011808045,1065.4617011808045,rebalance,rebalance,82493.26290922846
2021-09-09,2021-09-10,GNRC,sell,2378.7407435262717,456.0299987792969,1084777.1383665495,1084.7771383665495,rebalance,rebalance,95265.88699262704
2021-09-09,2021-09-10,MCO,sell,2724.996098822612,368.8203693502888,1005034.0676458519,1005.0340676458519,rebalance,rebalance,15602.559342650247
2021-09-09,2021-09-10,ORCL,sell,11853.77893143542,83.80641400566364,993422.7046594899,993.4227046594899,rebalance,rebalance,4002.8077192747605
2021-09-09,2021-09-10,WELL,sell,13224.154372196357,76.63878985976326,1013483.1880038262,1013.4831880038262,rebalance,rebalance,24043.230580266783
2021-09-09,2021-09-10,ALB,buy,4757.903992253505,235.42450977597332,1120127.2149374278,1120.1272149374279,rebalance,rebalance,0.0
2021-09-09,2021-09-10,CARR,buy,21034.718973501604,53.25135155589685,1120127.2149374278,1120.1272149374279,rebalance,rebalance,0.0
2021-09-09,2021-09-10,CRL,buy,45.333970848411354,444.6600036621094,20158.203643472552,20.158203643472554,rebalance,rebalance,0.0
2021-09-09,2021-09-10,DPZ,buy,2328.597981676966,481.03074199641605,1120127.2149374278,1120.1272149374279,rebalance,rebalance,0.0
2021-09-09,2021-09-10,EFX,buy,4192.745620484664,267.1584008017986,1120127.2149374278,1120.1272149374279,rebalance,rebalance,0.0
2021-09-09,2021-09-10,FTNT,buy,1386.6639891738887,62.645999908447266,86868.95213883455,86.86895213883454,rebalance,rebalance,0.0
2021-09-09,2021-09-10,IT,buy,189.0183382189698,316.510009765625,59826.19607556834,59.82619607556834,rebalance,rebalance,0.0
2021-09-09,2021-09-10,MRNA,buy,2418.461091258178,463.1570129394531,1120127.2149374278,1120.1272149374279,rebalance,rebalance,0.0
2021-09-09,2021-09-10,MSCI,buy,1808.7131177473564,619.2951242220652,1120127.2149374278,1120.1272149374279,rebalance,rebalance,0.0
2021-09-09,2021-09-10,NUE,buy,1916.2365963969241,105.37902729186325,201931.14858937863,201.93114858937864,rebalance,rebalance,0.0
2021-09-09,2021-09-10,NVDA,buy,419.6780654349059,22.2748946360381,9348.28468861883,9.34828468861883,rebalance,rebalance,0.0
2021-09-09,2021-09-10,RMD,buy,3942.3364576737026,284.12775696937683,1120127.2149374278,1120.1272149374279,rebalance,rebalance,0.0
2021-09-09,2021-09-10,TGT,buy,5294.796995849648,211.55243833058094,1120127.2149374278,1120.1272149374279,rebalance,rebalance,0.0
2021-09-09,2021-09-10,WAT,buy,2642.1209639933354,423.95001220703125,1120127.2149374278,1120.1272149374279,rebalance,rebalance,0.0
2021-09-09,2021-09-10,WST,buy,2442.3530582626513,458.62624617188703,1120127.2149374278,1120.1272149374279,rebalance,rebalance,0.0
2021-10-07,2021-10-08,ALB,sell,1831.8965835208523,209.52124882418784,383821.25989605207,383.8212598960521,rebalance,rebalance,-48267.18985465662
2021-10-07,2021-10-08,CARR,sell,21034.718973501604,49.31991621352861,1037430.5773482196,1037.4305773482197,rebalance,rebalance,-84854.19538149369
2021-10-07,2021-10-08,CRL,sell,1050.5852335374668,417.4800109863281,438598.33483929577,438.5983348392958,rebalance,rebalance,17517.326864655104
2021-10-07,2021-10-08,DPZ,sell,2328.597981676966,452.7303529249234,1054226.9860648771,1054.226986064877,rebalance,rebalance,-68074.58307355276
2021-10-07,2021-10-08,EFX,sell,1737.1128286420144,249.65488666832172,433678.7063647099,433.6787063647099,rebalance,rebalance,-31303.341939256443
2021-10-07,2021-10-08,FTNT,sell,7997.92894969366,62.0359992980957,496159.5147094152,496.1595147094152,rebalance,rebalance,136396.6444807592
2021-10-07,2021-10-08,IT,sell,1532.5119474698486,305.5400085449219,468243.7135251324,468.2437135251324,rebalance,rebalance,13818.45437790488
2021-10-07,2021-10-08,MRNA,sell,445.9361542402735,310.79998779296875,138596.95129432043,138.59695129432043,rebalance,rebalance,-68286.64127376582
2021-10-07,2021-10-08,MSCI,sell,743.4557716710169,575.5048098044821,427862.372473573,427.86237247357303,rebalance,rebalance,-33444.44290398487
2021-10-07,2021-10-08,NUE,sell,3992.7878621411055,92.37405110759171,368829.99003919435,368.82999003919434,rebalance,rebalance,-12404.862402963949
2021-10-07,2021-10-08,NVDA,sell,21137.547012968073,21.03197467494621,444564.3534672294,444.5643534672294,rebalance,rebalance,24709.116099736682
2021-10-07,2021-10-08,RMD,sell,1446.0441506331344,245.58851726514897,355131.8388539332,355.13183885393323,rebalance,rebalance,-56495.4352639989
2021-10-07,2021-10-08,TGT,sell,5294.796995849648,196.86756984123843,1042373.81737561,1042.37381737561,rebalance,rebalance,-79915.89859413078
2021-10-07,2021-10-08,WAT,sell,2642.1209639933354,346.8399963378906,916393.2254757124,916.3932254757125,rebalance,rebalance,-205770.50990212828
2021-10-07,2021-10-08,WST,sell,960.4919665854959,413.70998252787325,397365.1147142481,397.36511471424814,rebalance,rebalance,-43979.58233893896
2021-10-07,2021-10-08,DHR,buy,2337.612560183134,262.259339630885,613060.7263464911,613.0607263464912,rebalance,rebalance,0.0
2021-10-07,2021-10-08,DXCM,buy,4541.190565529564,135.0,613060.7263464911,613.0607263464912,rebalance,rebalance,0.0
2021-10-07,2021-10-08,EW,buy,5527.551222648941,110.91000366210938,613060.7263464911,613.0607263464912,rebalance,rebalance,0.0
2021-10-07,2021-10-08,REGN,buy,1121.3416927912162,546.7207099206981,613060.7263464911,613.0607263464912,rebalance,rebalance,0.0
2021-11-04,2021-11-05,CRL,sell,1468.4792330489997,375.92999267578125,552045.3873246473,552.0453873246473,rebalance,rebalance,-36469.084505547704
2021-11-04,2021-11-05,DHR,sell,2337.612560183134,255.3680390120693,596951.5354639498,596.9515354639498,rebalance,rebalance,-17319.203144351814
2021-11-04,2021-11-05,EFX,sell,2455.6327918426496,274.80015336975254,674808.2678181537,674.8082678181537,rebalance,rebalance,17434.486995572242
2021-11-04,2021-11-05,EW,sell,5527.551222648941,116.62999725341797,644678.2839156731,644.6782839156732,rebalance,rebalance,30359.81855891982
2021-11-04,2021-11-05,MSCI,sell,1065.2573460763394,628.7010489576451,669728.4108880317,669.7284108880317,rebalance,rebalance,8690.293329862812
2021-11-04,2021-11-05,NUE,sell,6636.720150255564,104.72350805866381,695020.616138385,695.0206161383851,rebalance,rebalance,61258.85292796216
2021-11-04,2021-11-05,REGN,sell,1121.3416927912162,594.3909014757367,666515.2996404995,666.5152996404995,rebalance,rebalance,52174.99726802144
2021-11-04,2021-11-05,WST,sell,1481.8610916771554,423.145301865502,627042.5589604722,627.0425589604722,rebalance,rebalance,-53884.493812380526
2021-11-04,2021-11-05,ALB,buy,1165.9274264737373,258.42336798437947,301302.89237470314,301.30289237470316,rebalance,rebalance,0.0
2021-11-04,2021-11-05,AMD,buy,7597.1805671300945,139.19000244140625,1057451.581686642,1057.451581686642,rebalance,rebalance,0.0
2021-11-04,2021-11-05,CMG,buy,29130.89817938715,36.29999923706055,1057451.581686642,1057.451581686642,rebalance,rebalance,0.0
2021-11-04,2021-11-05,COP,buy,16833.230136026454,62.81929095851222,1057451.581686642,1057.451581686642,rebalance,rebalance,0.0
2021-11-04,2021-11-05,DVN,buy,30892.0906131276,34.230495919796304,1057451.581686642,1057.451581686642,rebalance,rebalance,0.0
2021-11-04,2021-11-05,DXCM,buy,2140.334634386535,158.26499938964844,338740.05960482836,338.7400596048284,rebalance,rebalance,0.0
2021-11-04,2021-11-05,FTNT,buy,5257.4202790132695,69.84600067138672,367209.780337723,367.209780337723,rebalance,rebalance,0.0
2021-11-04,2021-11-05,INTU,buy,1743.7062230019776,606.4390708350662,1057451.581686642,1057.451581686642,rebalance,rebalance,0.0
2021-11-04,2021-11-05,IT,buy,1175.0668185837344,332.3699951171875,390556.95275504485,390.55695275504485,rebalance,rebalance,0.0
2021-11-04,2021-11-05,MPWR,buy,2028.3179282058538,521.3440984678421,1057451.581686642,1057.451581686642,rebalance,rebalance,0.0
2021-11-04,2021-11-05,MRNA,buy,2404.8876126592695,241.57000732421875,580948.7182040227,580.9487182040227,rebalance,rebalance,0.0
2021-11-04,2021-11-05,NOW,buy,7531.706749690397,140.39999389648438,1057451.581686642,1057.451581686642,rebalance,rebalance,0.0
2021-11-04,2021-11-05,NVDA,buy,5996.014434042463,30.088251003295557,180409.58731085277,180.40958731085277,rebalance,rebalance,0.0
2021-11-04,2021-11-05,PAYC,buy,2108.9737842096456,501.40574985048016,1057451.581686642,1057.451581686642,rebalance,rebalance,0.0
2021-11-04,2021-11-05,RMD,buy,1724.2620859869962,250.54802834281014,432010.46599030285,432.01046599030286,rebalance,rebalance,0.0
2021-12-03,2021-12-06,ALB,sell,2155.5010398421746,237.80916093307192,512597.89367523155,512.5978936752316,rebalance,rebalance,-10019.35125499956
2021-12-03,2021-12-06,AMD,sell,4334.450667247565,141.13999938964844,611764.3645297827,611.7643645297827,rebalance,rebalance,7237.089009953047
2021-12-03,2021-12-06,CMG,sell,29130.89817938715,31.95359992980957,930837.066020155,930.837066020155,rebalance,rebalance,-128602.8043141938
2021-12-03,2021-12-06,COP,sell,16833.230136026454,61.08369195121379,1028235.8441729285,1028.2358441729284,rebalance,rebalance,-31301.424939573073
2021-12-03,2021-12-06,DVN,sell,30892.0906131276,33.64264333839718,1039291.5864748992,1039.2915864748993,rebalance,rebalance,-20256.738379904215
2021-12-03,2021-12-06,DXCM,sell,3122.7109091871325,129.3975067138672,404071.0058370083,404.07100583700833,rebalance,rebalance,-41616.261346565974
2021-12-03,2021-12-06,FTNT,sell,7407.771075459775,59.55799865722656,441192.019765275,441.192019765275,rebalance,rebalance,43694.17623624601
2021-12-03,2021-12-06,INTU,sell,1743.7062230019776,627.4843828781453,1094148.4232611775,1094.1484232611774,rebalance,rebalance,34545.241569587786
2021-12-03,2021-12-06,IT,sell,1688.6921601506692,308.4700012207031,520910.8727030687,520.9108727030688,rebalance,rebalance,-2585.8560178778594
2021-12-03,2021-12-06,MPWR,sell,1153.0761809926826,526.1422887382558,606682.1409570574,606.6821409570574,rebalance,rebalance,4324.847309683583
2021-12-03,2021-12-06,MRNA,sell,2737.7412444599813,280.8500061035156,768894.6452164322,768.8946452164322,rebalance,rebalance,-167529.38811978622
2021-12-03,2021-12-06,NOW,sell,3704.271588646507,120.31600189208984,445683.1474684078,445.6831474684078,rebalance,rebalance,-75362.32382438751
2021-12-03,2021-12-06,NVDA,sell,19684.608086868415,29.78590054452752,586323.7787334648,586.3237787334648,rebalance,rebalance,160644.33528346446
2021-12-03,2021-12-06,PAYC,sell,969.4624207771437,404.1220744748505,391781.1646098697,391.78116460986973,rebalance,rebalance,-95190.74262840723
2021-12-03,2021-12-06,RMD,sell,4220.554393027564,247.08100304088254,1042818.8128178538,1042.8188128178538,rebalance,rebalance,-100641.68232454397
2021-12-03,2021-12-06,ANET,buy,15036.790076016585,30.625,460501.6960780079,460.5016960780079,rebalance,rebalance,0.0
2021-12-03,2021-12-06,ENPH,buy,2127.028619297958,216.5,460501.69607800787,460.50169607800785,rebalance,rebalance,0.0
2021-12-03,2021-12-06,ETSY,buy,2013.914496207613,228.66000366210938,460501.6960780079,460.5016960780079,rebalance,rebalance,0.0
2021-12-03,2021-12-06,TMO,buy,735.0706479060154,626.4727035283372,460501.696078008,460.50169607800797,rebalance,rebalance,0.0
2021-12-03,2021-12-06,TSLA,buy,1379.42214732065,333.836669921875,460501.69607800787,460.50169607800785,rebalance,rebalance,0.0
2022-01-03,2022-01-04,ANET,sell,385.6536484016833,35.5625,13714.807871284862,13.714807871284862,rebalance,rebalance,1878.6394381297262
2022-01-03,2022-01-04,DXCM,sell,3558.8142907289666,129.27499389648438,460065.6957127085,460.06569571270853,rebalance,rebalance,-47863.760542537806
2022-01-03,2022-01-04,ENPH,sell,2127.028619297958,187.58999633789062,399009.2909046925,399.0092909046925,rebalance,rebalance,-62351.916160298046
2022-01-03,2022-01-04,ETSY,sell,2013.914496207613,205.9199981689453,414705.26937148406,414.70526937148406,rebalance,rebalance,-46671.63367197327
2022-01-03,2022-01-04,FTNT,sell,7731.987414962142,66.0999984741211,511084.35633092106,511.0843563309211,rebalance,rebalance,96138.61933434376
2022-01-03,2022-01-04,IT,sell,1492.8573094812214,322.92999267578125,482088.4000167573,482.0884000167573,rebalance,rebalance,19279.13868368706
2022-01-03,2022-01-04,MRNA,sell,1639.6713052171926,232.1999969482422,380731.6720675524,380.7316720675524,rebalance,rebalance,-180025.9343713131
2022-01-03,2022-01-04,NOW,sell,3827.4351610438903,125.6780014038086,481024.40154266043,481.0244015426604,rebalance,rebalance,-57365.86798188381
2022-01-03,2022-01-04,PAYC,sell,1139.5113634325019,394.69158624970385,449755.54758273694,449.75554758273694,rebalance,rebalance,-122623.1151595074
2022-01-03,2022-01-04,TMO,sell,735.0706479060154,628.9950761527823,462355.8181573192,462.3558181573192,rebalance,rebalance,931.2645650759596
2022-01-03,2022-01-04,TSLA,sell,65.40160706470897,396.51666259765625,25932.8269618217,25.9328269618217,rebalance,rebalance,4051.6059701284416
2022-01-03,2022-01-04,ALB,buy,369.2947746005884,225.97240889243452,83450.42980788361,83.45042980788362,rebalance,rebalance,0.0
2022-01-03,2022-01-04,AMD,buy,187.57841188599332,151.00999450683594,28326.21494850486,28.326214948504862,rebalance,rebalance,0.0
2022-01-03,2022-01-04,CDNS,buy,2859.8223405514395,182.19000244140625,521031.0392070549,521.0310392070548,rebalance,rebalance,0.0
2022-01-03,2022-01-04,COST,buy,972.8526164878556,535.5703735351562,521031.03920705494,521.031039207055,rebalance,rebalance,0.0
2022-01-03,2022-01-04,DLTR,buy,3693.1601392449443,141.0800018310547,521031.03920705494,521.031039207055,rebalance,rebalance,0.0
2022-01-03,2022-01-04,DVN,buy,13910.007767565468,37.45727881058156,521031.039207055,521.031039207055,rebalance,rebalance,0.0
2022-01-03,2022-01-04,F,buy,31391.427846003095,16.59787639361537,521031.03920705494,521.031039207055,rebalance,rebalance,0.0
2022-01-03,2022-01-04,FDS,buy,1146.8524602010903,454.3139220503541,521031.03920705494,521.031039207055,rebalance,rebalance,0.0
2022-01-03,2022-01-04,INTU,buy,854.7018564275312,609.6056014021684,521031.03920705494,521.031039207055,rebalance,rebalance,0.0
2022-01-03,2022-01-04,MPWR,buy,204.42961545252183,482.5829944406757,98654.25597743382,98.65425597743382,rebalance,rebalance,0.0
2022-01-03,2022-01-04,NVDA,buy,1802.7815238153162,30.18164886854297,54410.91893849071,54.41091893849071,rebalance,rebalance,0.0
2022-01-03,2022-01-04,ODFL,buy,3078.554930831695,169.2453280560092,521031.03920705494,521.031039207055,rebalance,rebalance,0.0
2022-01-03,2022-01-04,PFE,buy,11969.801026169553,43.52879701742124,521031.03920705494,521.031039207055,rebalance,rebalance,0.0
2022-01-21,2022-01-24,ALB,sell,2305.7285699648037,194.71708231348944,448964.739750401,448.964739750401,market_trend_exit,risk_exit,-104060.36711911525
2022-01-21,2022-01-24,AMD,sell,3450.3083117685223,115.4000015258789,398165.58444284013,398.16558444284016,market_trend_exit,risk_exit,-85180.64441808472
2022-01-21,2022-01-24,ANET,sell,14651.136427614902,29.352500915527344,430047.4954050824,430.04749540508243,market_trend_exit,risk_exit,-19522.29623912469
2022-01-21,2022-01-24,CDNS,sell,2859.8223405514395,146.19000244140625,418077.4349472031,418.0774349472031,market_trend_exit,risk_exit,-103892.71273400603
2022-01-21,2022-01-24,COST,sell,972.8526164878556,451.39477847436,439140.5913077371,439.1405913077371,market_trend_exit,risk_exit,-82850.61952983252
2022-01-21,2022-01-24,DLTR,sell,3693.1601392449443,123.62000274658203,456548.4665570273,456.5484665570273,market_trend_exit,risk_exit,-65460.15215579162
2022-01-21,2022-01-24,DVN,sell,13910.007767565468,35.98392286900154,500536.6466152881,500.53664661528813,market_trend_exit,risk_exit,-21515.96027758917
2022-01-21,2022-01-24,F,sell,31391.427846003095,14.688970482537744,461107.75703465287,461.1077570346529,market_trend_exit,risk_exit,-60905.42096864374
2022-01-21,2022-01-24,FDS,sell,1146.8524602010903,394.78030983417506,452754.7695722723,452.7547695722723,market_trend_exit,risk_exit,-69250.05544356188
2022-01-21,2022-01-24,INTU,sell,854.7018564275312,508.3768744013405,434510.6583156516,434.5106583156516,market_trend_exit,risk_exit,-87475.92258892603
2022-01-21,2022-01-24,MPWR,sell,1079.671362665693,378.2174326030439,408350.53084244835,408.35053084244834,market_trend_exit,risk_exit,-147569.15168371724
2022-01-21,2022-01-24,NVDA,sell,17263.17344279037,22.259682338807043,384272.75699624355,384.2727569962436,market_trend_exit,risk_exit,-4447.157039916268
2022-01-21,2022-01-24,ODFL,sell,3078.554930831695,143.82828376819026,442783.2721876224,442.7832721876224,market_trend_exit,risk_exit,-79211.58133082719
2022-01-21,2022-01-24,PFE,sell,11969.801026169553,40.06785931094756,479604.3034965974,479.6043034965974,market_trend_exit,risk_exit,-42427.37105316113
2022-01-21,2022-01-24,TSLA,sell,1314.0205402559411,301.586669921875,396291.0789447324,396.29107894473236,market_trend_exit,risk_exit,-43212.12174356675
2022-02-01,2022-02-02,ANET,buy,16083.941046713117,31.5,506644.14297146315,506.64414297146317,rebalance,rebalance,0.0
2022-02-01,2022-02-02,APA,buy,16853.804062459425,30.061115051169647,506644.14297146315,506.64414297146317,rebalance,rebalance,0.0
2022-02-01,2022-02-02,AVGO,buy,9164.560093223317,55.28297461283476,506644.1429714632,506.6441429714632,rebalance,rebalance,0.0
2022-02-01,2022-02-02,CF,buy,7573.669557331474,66.89546449528166,506644.14297146315,506.64414297146317,rebalance,rebalance,0.0
2022-02-01,2022-02-02,DLTR,buy,3783.7503066888894,133.89999389648438,506644.14297146315,506.64414297146317,rebalance,rebalance,0.0
2022-02-01,2022-02-02,DVN,buy,12007.756033520016,42.1930743393812,506644.14297146315,506.64414297146317,rebalance,rebalance,0.0
2022-02-01,2022-02-02,F,buy,32863.936018090506,15.416417032109981,506644.14297146315,506.64414297146317,rebalance,rebalance,0.0
2022-02-01,2022-02-02,FANG,buy,4795.806353666082,105.64316104718587,506644.14297146315,506.64414297146317,rebalance,rebalance,0.0
2022-02-01,2022-02-02,FDS,buy,1264.7769120143585,400.57984784411644,506644.14297146315,506.64414297146317,rebalance,rebalance,0.0
2022-02-01,2022-02-02,LOW,buy,2323.128781918225,218.08698119314903,506644.1429714631,506.6441429714631,rebalance,rebalance,0.0
2022-02-01,2022-02-02,LYV,buy,4577.9719106711855,110.66999816894531,506644.14297146315,506.64414297146317,rebalance,rebalance,0.0
2022-02-01,2022-02-02,NVDA,buy,19703.989461994894,25.712769688020778,506644.14297146315,506.64414297146317,rebalance,rebalance,0.0
2022-02-01,2022-02-02,ODFL,buy,3352.0018162650344,151.1467387974124,506644.14297146315,506.64414297146317,rebalance,rebalance,0.0
2022-02-01,2022-02-02,PLD,buy,3749.4003841311214,135.12671122448606,506644.14297146315,506.64414297146317,rebalance,rebalance,0.0
2022-02-01,2022-02-02,TSLA,buy,1637.5405534856632,309.3933410644531,506644.14297146315,506.64414297146317,rebalance,rebalance,0.0
2022-02-11,2022-02-14,ANET,sell,16083.941046713117,30.0,482518.2314013935,482.5182314013935,market_trend_exit,risk_exit,-25115.073944442494
2022-02-11,2022-02-14,APA,sell,16853.804062459425,29.27412810094121,493380.41911260056,493.3804191126006,market_trend_exit,risk_exit,-14263.748420946598
2022-02-11,2022-02-14,AVGO,sell,9164.560093223317,53.06796530628607,486344.55707454885,486.34455707454885,market_trend_exit,risk_exit,-21292.574596960316
2022-02-11,2022-02-14,CF,sell,7573.669557331474,68.56582690226057,519294.91588291025,519.2949158829102,market_trend_exit,risk_exit,11624.833852592774
2022-02-11,2022-02-14,DLTR,sell,3783.7503066888894,137.63999938964844,520795.38990324084,520.7953899032409,market_trend_exit,risk_exit,13123.807398902973
2022-02-11,2022-02-14,DVN,sell,12007.756033520016,43.57738402981068,523266.59600897797,523.266596008978,market_trend_exit,risk_exit,15592.542298534501
2022-02-11,2022-02-14,F,sell,32863.936018090506,12.971715989783004,426301.6443330702,426.3016443330702,market_trend_exit,risk_exit,-81275.44442569745
2022-02-11,2022-02-14,FANG,sell,4795.806353666082,108.96710411459726,522585.130253379,522.585130253379,market_trend_exit,risk_exit,14911.758008691117
2022-02-11,2022-02-14,FDS,sell,1264.7769120143585,386.5033119515165,488840.4653733613,488.8404653733613,market_trend_exit,risk_exit,-18799.162206446646
2022-02-11,2022-02-14,LOW,sell,2323.128781918225,204.52339437284266,475134.1840431627,475.1341840431627,market_trend_exit,risk_exit,-32491.737255314994
2022-02-11,2022-02-14,LYV,sell,4577.9719106711855,116.12999725341797,531639.8654124694,531.6398654124694,market_trend_exit,risk_exit,23957.438432622348
2022-02-11,2022-02-14,NVDA,sell,19703.989461994894,23.85862696314563,470110.13425948867,470.1101342594887,market_trend_exit,risk_exit,-37510.76298920532
2022-02-11,2022-02-14,ODFL,sell,3352.0018162650344,144.4767820943372,484286.43598834594,484.28643598834594,market_trend_exit,risk_exit,-23348.63756207696
2022-02-11,2022-02-14,PLD,sell,3749.4003841311214,127.5459063912843,478220.67041783343,478.22067041783345,market_trend_exit,risk_exit,-29408.337367018965
2022-02-11,2022-02-14,TSLA,sell,1637.5405534856632,287.19000244140625,470285.27555344935,470.28527555344937,market_trend_exit,risk_exit,-37335.79683653866
2022-03-30,2022-03-31,ABBV,buy,2960.7668787518523,138.68158228284875,410603.83551595826,410.6038355159583,rebalance,rebalance,0.0
2022-03-30,2022-03-31,ANET,buy,11885.19656304537,34.54750061035156,410603.83551595826,410.6038355159583,rebalance,rebalance,0.0
2022-03-30,2022-03-31,APA,buy,11563.21879900659,35.509475575367794,410603.83551595826,410.6038355159583,rebalance,rebalance,0.0
2022-03-30,2022-03-31,CF,buy,4475.93100328803,91.73596179528407,410603.83551595826,410.6038355159583,rebalance,rebalance,0.0
2022-03-30,2022-03-31,COP,buy,4821.225557674976,85.16586303710938,410603.83551595826,410.6038355159583,rebalance,rebalance,0.0
2022-03-30,2022-03-31,CVX,buy,3002.7152127010845,136.74418199207133,410603.83551595826,410.6038355159583,rebalance,rebalance,0.0
2022-03-30,2022-03-31,DLTR,buy,2561.151551631263,160.32000732421875,410603.8355159583,410.60383551595834,rebalance,rebalance,0.0
2022-03-30,2022-03-31,DVN,buy,8302.831881267795,49.45346857405733,410603.83551595826,410.6038355159583,rebalance,rebalance,0.0
2022-03-30,2022-03-31,EOG,buy,4118.3870856865315,99.70015614681128,410603.83551595826,410.6038355159583,rebalance,rebalance,0.0
2022-03-30,2022-03-31,FANG,buy,3654.5688454641218,112.35356423113505,410603.83551595826,410.6038355159583,rebalance,rebalance,0.0
2022-03-30,2022-03-31,FCX,buy,8650.876261779713,47.46384332533341,410603.83551595826,410.6038355159583,rebalance,rebalance,0.0
2022-03-30,2022-03-31,HAL,buy,11841.354628281368,34.675410745261374,410603.83551595826,410.6038355159583,rebalance,rebalance,0.0
2022-03-30,2022-03-31,MOS,buy,6978.126558740228,58.84155755267432,410603.83551595826,410.6038355159583,rebalance,rebalance,0.0
2022-03-30,2022-03-31,OXY,buy,7719.696227148611,53.189118254672714,410603.83551595826,410.6038355159583,rebalance,rebalance,0.0
2022-03-30,2022-03-31,XOM,buy,5761.829613440785,71.26275212271653,410603.83551595826,410.6038355159583,rebalance,rebalance,0.0
2022-04-11,2022-04-12,ABBV,sell,2960.7668787518523,144.11207472241637,426682.2576663424,426.6822576663424,market_trend_exit,risk_exit,15241.136057201902
2022-04-11,2022-04-12,ANET,sell,11885.19656304537,32.157501220703125,382198.2229844281,382.1982229844281,market_trend_exit,risk_exit,-29198.414590030527
2022-04-11,2022-04-12,APA,sell,11563.21879900659,36.30511242166267,419803.95845421747,419.8039584542175,market_trend_exit,risk_exit,8369.715144289063
2022-04-11,2022-04-12,CF,sell,4475.93100328803,98.50262925465091,440890.97218627855,440.8909721862786,market_trend_exit,risk_exit,29435.641862618082
2022-04-11,2022-04-12,COP,sell,4821.225557674976,85.20844856768382,410809.1499643509,410.8091499643509,market_trend_exit,risk_exit,-616.0985370876382
2022-04-11,2022-04-12,CVX,sell,3002.7152127010845,141.34500898186445,424418.80870921584,424.41880870921585,market_trend_exit,risk_exit,12979.95054903245
2022-04-11,2022-04-12,DLTR,sell,2561.151551631263,166.47000122070312,426354.901926462,426.35490192646205,market_trend_exit,risk_exit,14914.107673061375
2022-04-11,2022-04-12,DVN,sell,8302.831881267795,50.58114448883607,419966.73905292095,419.96673905292096,market_trend_exit,risk_exit,8532.33296239388
2022-04-11,2022-04-12,EOG,sell,4118.3870856865315,102.10853160689341,420522.4579082448,420.5224579082448,market_trend_exit,risk_exit,9087.496098862452
2022-04-11,2022-04-12,FANG,sell,3654.5688454641218,112.05153768278397,409500.05870185135,409.50005870185134,market_trend_exit,risk_exit,-1923.8807083247038
2022-04-11,2022-04-12,FCX,sell,8650.876261779713,45.64335941260288,394855.05445036583,394.85505445036586,market_trend_exit,risk_exit,-16554.239955558645
2022-04-11,2022-04-12,HAL,sell,11841.354628281368,36.18936867329641,428531.1482341192,428.5311482341192,market_trend_exit,risk_exit,17088.17773441087
2022-04-11,2022-04-12,MOS,sell,6978.126558740228,66.65672277697314,465139.04752858094,465.13904752858093,market_trend_exit,risk_exit,53659.46912957815
2022-04-11,2022-04-12,OXY,sell,7719.696227148611,55.278815336819946,426735.6621968937,426.7356621968937,market_trend_exit,risk_exit,15294.487183222662
2022-04-11,2022-04-12,XOM,sell,5761.829613440785,73.70496010893956,424675.42181315966,424.6754218131597,market_trend_exit,risk_exit,13236.30703987235
2023-01-17,2023-01-18,BBWI,buy,14198.406614610036,41.47975534668288,588946.4326867482,588.9464326867483,rebalance,rebalance,0.0
2023-01-17,2023-01-18,DE,buy,1406.4601282266958,418.7437815455944,588946.4326867482,588.9464326867483,rebalance,rebalance,0.0
2023-01-17,2023-01-18,DXCM,buy,5356.493397303036,109.94999694824219,588946.4326867482,588.9464326867483,rebalance,rebalance,0.0
2023-01-17,2023-01-18,ENPH,buy,2309.5938536735225,255.0,588946.4326867482,588.9464326867483,rebalance,rebalance,0.0
2023-01-17,2023-01-18,ETSY,buy,4360.628189936422,135.05999755859375,588946.4326867482,588.9464326867483,rebalance,rebalance,0.0
2023-01-17,2023-01-18,FSLR,buy,3297.0185108213905,178.6300048828125,588946.4326867482,588.9464326867483,rebalance,rebalance,0.0
2023-01-17,2023-01-18,GILD,buy,7792.699170437533,75.57669297962659,588946.4326867482,588.9464326867483,rebalance,rebalance,0.0
2023-01-17,2023-01-18,NFLX,buy,18024.374795355925,32.67499923706055,588946.4326867482,588.9464326867483,rebalance,rebalance,0.0
2023-01-17,2023-01-18,PCG,buy,37498.24871212376,15.705971689721414,588946.4326867482,588.9464326867483,rebalance,rebalance,0.0
2023-01-17,2023-01-18,RCL,buy,9317.10936749791,63.21128254018859,588946.4326867482,588.9464326867483,rebalance,rebalance,0.0
2023-01-17,2023-01-18,ROST,buy,5092.35701629,115.65301309447878,588946.4326867482,588.9464326867483,rebalance,rebalance,0.0
2023-01-17,2023-01-18,SLB,buy,10949.2891597448,53.788554132994975,588946.4326867482,588.9464326867483,rebalance,rebalance,0.0
2023-01-17,2023-01-18,STLD,buy,5588.675932550684,105.38210477664104,588946.4326867482,588.9464326867483,rebalance,rebalance,0.0
2023-01-17,2023-01-18,WYNN,buy,6164.91205595107,95.53200878481803,588946.4326867482,588.9464326867483,rebalance,rebalance,0.0
2023-01-17,2023-01-18,XYL,buy,5287.946362417793,111.37526599597841,588946.4326867482,588.9464326867483,rebalance,rebalance,0.0
2023-01-18,2023-01-19,BBWI,sell,14198.406614610036,40.44410405528704,574241.8345405641,574.2418345405641,market_trend_exit,risk_exit,-15867.786413411324
2023-01-18,2023-01-19,DE,sell,1406.4601282266958,402.6554771237044,566318.8739865866,566.3188739865866,market_trend_exit,risk_exit,-23782.82400683487
2023-01-18,2023-01-19,DXCM,sell,5356.493397303036,106.0,567788.3001141218,567.7883001141217,market_trend_exit,risk_exit,-22314.86730542723
2023-01-18,2023-01-19,ENPH,sell,2309.5938536735225,245.89999389648438,567929.114521677,567.929114521677,market_trend_exit,risk_exit,-22174.19371227958
2023-01-18,2023-01-19,ETSY,sell,4360.628189936422,130.47000122070312,568931.1652640374,568.9311652640374,market_trend_exit,risk_exit,-21173.145020661552
2023-01-18,2023-01-19,FSLR,sell,3297.0185108213905,175.3000030517578,577967.3550086918,577.9673550086918,market_trend_exit,risk_exit,-12145.991465751798
2023-01-18,2023-01-19,GILD,sell,7792.699170437533,74.82111335236793,583058.4279522102,583.0584279522102,market_trend_exit,risk_exit,-7060.009595176956
2023-01-18,2023-01-19,NFLX,sell,18024.374795355925,32.25699996948242,581412.2572237358,581.4122572237358,market_trend_exit,risk_exit,-8704.534152922857
2023-01-18,2023-01-19,PCG,sell,37498.24871212376,15.234204413548031,571255.9860305575,571.2559860305576,market_trend_exit,risk_exit,-18850.649074907913
2023-01-18,2023-01-19,RCL,sell,9317.10936749791,59.36997315581033,553156.5330380998,553.1565330380997,market_trend_exit,risk_exit,-36932.002614373116
2023-01-18,2023-01-19,ROST,sell,5092.35701629,112.19250282132394,571324.2789173046,571.3242789173046,market_trend_exit,risk_exit,-18782.42448104769
2023-01-18,2023-01-19,SLB,sell,10949.2891597448,51.37016625761224,562466.8045387617,562.4668045387617,market_trend_exit,risk_exit,-27631.04138521184
2023-01-18,2023-01-19,STLD,sell,5588.675932550684,102.67024893915487,573790.7492352423,573.7907492352423,market_trend_exit,risk_exit,-16318.420633427924
2023-01-18,2023-01-19,WYNN,sell,6164.91205595107,94.7214463461806,583949.3865366912,583.9493865366912,market_trend_exit,risk_exit,-6169.941969280344
2023-01-18,2023-01-19,XYL,sell,5287.946362417793,107.75880148945815,569822.7623546813,569.8227623546812,market_trend_exit,risk_exit,-20282.439527108196
2023-02-14,2023-02-15,ACGL,buy,12357.511925508983,62.997024642898225,778486.4832961981,778.4864832961981,rebalance,rebalance,0.0
2023-02-14,2023-02-15,APA,buy,21031.66174991274,37.014977349539585,778486.4832961981,778.4864832961981,rebalance,rebalance,0.0
2023-02-14,2023-02-15,CAT,buy,3359.7396140712435,231.71036232562344,778486.4832961981,778.4864832961981,rebalance,rebalance,0.0
2023-02-14,2023-02-15,FCX,buy,19533.491331484973,39.853934459806375,778486.4832961981,778.4864832961981,rebalance,rebalance,0.0
2023-02-14,2023-02-15,FSLR,buy,4718.099898764837,165.0,778486.4832961982,778.4864832961982,rebalance,rebalance,0.0
2023-02-14,2023-02-15,GILD,buy,10270.415309705042,75.79892923712309,778486.4832961981,778.4864832961981,rebalance,rebalance,0.0
2023-02-14,2023-02-15,HAL,buy,22036.65224200939,35.32689424631101,778486.4832961981,778.4864832961981,rebalance,rebalance,0.0
2023-02-14,2023-02-15,LVS,buy,14580.035876890213,53.39400327060389,778486.4832961981,778.4864832961981,rebalance,rebalance,0.0
2023-02-14,2023-02-15,NFLX,buy,21828.9690323323,35.66299819946289,778486.4832961981,778.4864832961981,rebalance,rebalance,0.0
2023-02-14,2023-02-15,RCL,buy,10673.54174163553,72.93609770217743,778486.4832961982,778.4864832961982,rebalance,rebalance,0.0
2023-02-14,2023-02-15,ROST,buy,6969.384562896062,111.70089356824147,778486.4832961981,778.4864832961981,rebalance,rebalance,0.0
2023-02-14,2023-02-15,SLB,buy,15120.6897322465,51.48485268076044,778486.4832961981,778.4864832961981,rebalance,rebalance,0.0
2023-02-14,2023-02-15,STLD,buy,6538.847678687656,119.05560758565338,778486.4832961981,778.4864832961981,rebalance,rebalance,0.0
2023-02-14,2023-02-15,UHS,buy,5377.892605549342,144.7567923712149,778486.4832961981,778.4864832961981,rebalance,rebalance,0.0
2023-02-14,2023-02-15,WYNN,buy,7467.803755713579,104.2457071398779,778486.4832961981,778.4864832961981,rebalance,rebalance,0.0
2023-03-10,2023-03-13,ACGL,sell,12357.511925508983,62.16974146528582,768263.3215630798,768.2633215630799,market_trend_exit,risk_exit,-11769.911537977468
2023-03-10,2023-03-13,APA,sell,21031.66174991274,30.5082952323173,641640.1458925729,641.640145892573,market_trend_exit,risk_exit,-138266.46403281388
2023-03-10,2023-03-13,CAT,sell,3359.7396140712435,211.19610456249484,709563.9188361464,709.5639188361464,market_trend_exit,risk_exit,-70410.61486218395
2023-03-10,2023-03-13,FCX,sell,19533.491331484973,35.404506515217534,691573.621110505,691.573621110505,market_trend_exit,risk_exit,-88382.9222900997
2023-03-10,2023-03-13,FSLR,sell,4718.099898764837,204.60000610351562,965323.2680842822,965.3232680842822,market_trend_exit,risk_exit,185092.97503670354
2023-03-10,2023-03-13,GILD,sell,10270.415309705042,69.84310839073629,717317.7296936067,717.3177296936068,market_trend_exit,risk_exit,-62664.557815581094
2023-03-10,2023-03-13,HAL,sell,22036.65224200939,31.204259373884565,687637.4122917558,687.6374122917558,market_trend_exit,risk_exit,-92315.19490003018
2023-03-10,2023-03-13,LVS,sell,14580.035876890213,51.79875484968335,755227.7040866242,755.2277040866243,market_trend_exit,risk_exit,-24792.49339695667
2023-03-10,2023-03-13,NFLX,sell,21828.9690323323,28.733999252319336,627233.5798539383,627.2335798539383,market_trend_exit,risk_exit,-152658.62350540975
2023-03-10,2023-03-13,RCL,sell,10673.54174163553,63.036237871036384,672819.9161521733,672.8199161521733,market_trend_exit,risk_exit,-107117.87354347315
2023-03-10,2023-03-13,ROST,sell,6969.384562896062,99.50901400509882,693516.5860761437,693.5165860761437,market_trend_exit,risk_exit,-86441.9002894266
2023-03-10,2023-03-13,SLB,sell,15120.6897322465,45.268152893830376,684485.6946595056,684.4856946595056,market_trend_exit,risk_exit,-95463.7608146481
2023-03-10,2023-03-13,STLD,sell,6538.847678687656,112.34731036437644,734621.9495829046,734.6219495829046,market_trend_exit,risk_exit,-45377.64214617254
2023-03-10,2023-03-13,UHS,sell,5377.892605549342,113.93353527800464,612722.3168956763,612.7223168956763,market_trend_exit,risk_exit,-167155.3752007136
2023-03-10,2023-03-13,WYNN,sell,7467.803755713579,103.24213664063527,770992.0157528305,770.9920157528305,market_trend_exit,risk_exit,-9043.946042416395
2023-04-13,2023-04-14,ALGN,buy,1488.167313531399,341.6700134277344,508462.1459969885,508.4621459969885,rebalance,rebalance,0.0
2023-04-13,2023-04-14,AMAT,buy,4613.585196729514,110.20976622636731,508462.1459969886,508.46214599698857,rebalance,rebalance,0.0
2023-04-13,2023-04-14,AMD,buy,5537.596903582324,91.81999969482422,508462.1459969885,508.4621459969885,rebalance,rebalance,0.0
2023-04-13,2023-04-14,BA,buy,2509.808752594811,202.58999633789062,508462.1459969886,508.46214599698857,rebalance,rebalance,0.0
2023-04-13,2023-04-14,BKNG,buy,4942.631319723717,102.87276414244276,508462.1459969885,508.4621459969885,rebalance,rebalance,0.0
2023-04-13,2023-04-14,FICO,buy,731.3687284942993,695.219970703125,508462.1459969885,508.4621459969885,rebalance,rebalance,0.0
2023-04-13,2023-04-14,FSLR,buy,2406.1240222128044,211.32000732421875,508462.1459969885,508.4621459969885,rebalance,rebalance,0.0
2023-04-13,2023-04-14,GE,buy,6904.500624201272,73.64213194720487,508462.1459969885,508.4621459969885,rebalance,rebalance,0.0
2023-04-13,2023-04-14,LRCX,buy,10536.413480607838,48.25761127662728,508462.1459969885,508.4621459969885,rebalance,rebalance,0.0
2023-04-13,2023-04-14,LVS,buy,9471.230623838808,53.68490813825231,508462.1459969886,508.46214599698857,rebalance,rebalance,0.0
2023-04-13,2023-04-14,MKTX,buy,1572.3293026270496,323.3814603260585,508462.1459969885,508.4621459969885,rebalance,rebalance,0.0
2023-04-13,2023-04-14,NVDA,buy,19223.71695012776,26.44973120006375,508462.1459969886,508.46214599698857,rebalance,rebalance,0.0
2023-04-13,2023-04-14,RCL,buy,8452.15608893739,60.15768528724753,508462.1459969885,508.4621459969885,rebalance,rebalance,0.0
2023-04-13,2023-04-14,SEDG,buy,1661.912488020823,305.95001220703125,508462.14599698846,508.46214599698845,rebalance,rebalance,0.0
2023-04-13,2023-04-14,WYNN,buy,4794.978862559376,106.04053960846679,508462.14599698846,508.46214599698845,rebalance,rebalance,0.0
2023-05-11,2023-05-12,AMAT,sell,4613.585196729514,113.46667233562214,523488.15980978456,523.4881598097845,rebalance,rebalance,13994.063506989245
2023-05-11,2023-05-12,BA,sell,2509.808752594811,201.83999633789062,506579.78943254246,506.57978943254244,rebalance,rebalance,-2897.3984998756064
2023-05-11,2023-05-12,BKNG,sell,4942.631319723717,104.9596421806048,518776.8147488518,518.7768147488518,rebalance,rebalance,9287.429791117502
2023-05-11,2023-05-12,LRCX,sell,10536.413480607838,51.452523555086586,542125.0627971067,542.1250627971067,rebalance,rebalance,32612.32959132406
2023-05-11,2023-05-12,LVS,sell,9471.230623838808,57.072464952896695,540546.4778398423,540.5464778398423,rebalance,rebalance,31035.32321901698
2023-05-11,2023-05-12,MKTX,sell,1572.3293026270496,286.28970766285096,450141.69639883237,450.1416963988324,rebalance,rebalance,-59279.053440551885
2023-05-11,2023-05-12,RCL,sell,8452.15608893739,74.03498781841353,625755.2730838094,625.7552730838095,rebalance,rebalance,116158.90966774015
2023-05-11,2023-05-12,SEDG,sell,1661.912488020823,301.7200012207031,501432.23791434447,501.43223791434446,rebalance,rebalance,-8039.802466555281
2023-05-11,2023-05-12,ALGN,buy,1340.6515637816647,296.7799987792969,397878.5694625849,397.87856946258495,rebalance,rebalance,0.0
2023-05-11,2023-05-12,AMD,buy,3132.6173593546428,96.83000183105469,303331.34464230377,303.33134464230375,rebalance,rebalance,0.0
2023-05-11,2023-05-12,AXON,buy,4092.906020576812,205.1199951171875,839536.862955823,839.5368629558229,rebalance,rebalance,0.0
2023-05-11,2023-05-12,CDNS,buy,4155.300390288843,202.0399932861328,839536.862955823,839.5368629558229,rebalance,rebalance,0.0
2023-05-11,2023-05-12,FDX,buy,4944.939596201794,169.77697029922686,839536.8629558228,839.5368629558228,rebalance,rebalance,0.0
2023-05-11,2023-05-12,FICO,buy,385.91330523023964,751.4099731445312,289979.10631917167,289.97910631917165,rebalance,rebalance,0.0
2023-05-11,2023-05-12,FSLR,buy,1713.2913378674948,203.8000030517578,349168.77988594567,349.1687798859457,rebalance,rebalance,0.0
2023-05-11,2023-05-12,GE,buy,3840.880825095478,78.13001957327144,300088.09404331265,300.08809404331265,rebalance,rebalance,0.0
2023-05-11,2023-05-12,META,buy,3577.381873384604,234.6791292262928,839536.862955823,839.5368629558229,rebalance,rebalance,0.0
2023-05-11,2023-05-12,NVDA,buy,10264.155318614674,28.47058123775665,292226.4678355711,292.2264678355711,rebalance,rebalance,0.0
2023-05-11,2023-05-12,PHM,buy,12616.405668097459,66.54326795140412,839536.862955823,839.5368629558229,rebalance,rebalance,0.0
2023-05-11,2023-05-12,WBD,buy,67813.9624551802,12.380000114440918,839536.862955823,839.5368629558229,rebalance,rebalance,0.0
2023-05-11,2023-05-12,WST,buy,2351.4263400683403,357.0330265720436,839536.862955823,839.5368629558229,rebalance,rebalance,0.0
2023-05-11,2023-05-12,WYNN,buy,3355.0310194965823,103.01053312883072,345603.53398210736,345.60353398210736,rebalance,rebalance,0.0
2023-05-11,2023-05-12,XRAY,buy,22288.34669004067,37.667076640142255,839536.862955823,839.5368629558229,rebalance,rebalance,0.0
2023-06-09,2023-06-12,ALGN,sell,504.82565479969026,304.80999755859375,153875.9066070091,153.87590660700909,rebalance,rebalance,-8183.559251571916
2023-06-09,2023-06-12,AMD,sell,3158.415749619615,128.52000427246094,405919.6056353208,405.9196056353208,rebalance,rebalance,109495.01223618446
2023-06-09,2023-06-12,AXON,sell,4092.906020576812,195.89999389648438,801800.2644498816,801.8002644498816,rebalance,rebalance,-39377.93563334702
2023-06-09,2023-06-12,CDNS,sell,4155.300390288843,230.91000366210938,959500.4283387613,959.5004283387614,rebalance,rebalance,118164.52809164382
2023-06-09,2023-06-12,FDX,sell,780.935018674998,170.11901771280682,132851.89827452312,132.8518982745231,rebalance,rebalance,1.6801235660809937
2023-06-09,2023-06-12,FICO,sell,1117.282033724539,782.4500122070312,874217.3409264622,874.2173409264623,rebalance,rebalance,74103.43001705948
2023-06-09,2023-06-12,FSLR,sell,4119.415360080299,191.3300018310547,788167.7483870385,788.1677483870385,rebalance,rebalance,-71108.97617016565
2023-06-09,2023-06-12,GE,sell,2252.7132926487684,83.41034353567429,187899.58962721375,187.89958962721374,rebalance,rebalance,18033.83225376835
2023-06-09,2023-06-12,META,sell,902.6913032202065,264.84423147196054,239072.58445777808,239.07258445777808,rebalance,rebalance,26778.86006445498
2023-06-09,2023-06-12,NVDA,sell,11381.844121376165,39.12378588583667,445300.8323906899,445.3008323906899,rebalance,rebalance,135493.55988883914
2023-06-09,2023-06-12,PHM,sell,2549.3492141718543,70.36578882045124,179386.96843400004,179.38696843400004,rebalance,rebalance,9395.911577366465
2023-06-09,2023-06-12,WBD,sell,67813.9624551802,13.920000076293945,943970.3625499031,943.9703625499031,rebalance,rebalance,102649.99236857444
2023-06-09,2023-06-12,WST,sell,305.9900845193288,346.32043240592503,105970.6183826595,105.9706183826595,rebalance,rebalance,-3493.166778671509
2023-06-09,2023-06-12,WYNN,sell,8150.009882055958,99.71443163989447,812673.6032487332,812.6736032487332,rebalance,rebalance,-43058.81601359043
2023-06-09,2023-06-12,XRAY,sell,2177.6706526419875,35.223896360478506,76706.04537591696,76.70604537591696,rebalance,rebalance,-5479.174526883358
2023-06-09,2023-06-12,BKNG,buy,6886.522810927873,102.86415770763197,708376.3684804898,708.3763684804899,rebalance,rebalance,0.0
2023-06-09,2023-06-12,CMG,buy,17282.277007930963,40.98860168457031,708376.3684804898,708.3763684804899,rebalance,rebalance,0.0
2023-06-09,2023-06-12,CRM,buy,3333.942763719234,212.47406409888364,708376.3684804898,708.3763684804899,rebalance,rebalance,0.0
2023-06-09,2023-06-12,DVA,buy,7269.87223657408,97.44000244140625,708376.3684804898,708.3763684804899,rebalance,rebalance,0.0
2023-06-09,2023-06-12,RCL,buy,7850.216718540149,90.23653663057365,708376.3684804898,708.3763684804899,rebalance,rebalance,0.0
2023-06-09,2023-06-12,TDG,buy,1032.929165784811,685.7937523162796,708376.3684804899,708.37636848049,rebalance,rebalance,0.0
2023-07-11,2023-07-12,ALGN,sell,2323.9932225133734,355.30999755859375,825738.0262174151,825.7380262174152,rebalance,rebalance,79570.82196813893
2023-07-11,2023-07-12,BKNG,sell,6886.522810927873,109.8348739721171,756380.3650443725,756.3803650443725,rebalance,rebalance,46539.23983035797
2023-07-11,2023-07-12,DVA,sell,7269.87223657408,103.80999755859375,754685.4191300437,754.6854191300437,rebalance,rebalance,44845.98886194335
2023-07-11,2023-07-12,FDX,sell,4164.004577526796,197.02823548300944,820426.4744532788,820.4264744532788,rebalance,rebalance,111947.01441272945
2023-07-11,2023-07-12,TDG,sell,1032.929165784811,765.5451369938766,790753.8997257038,790.7538997257037,rebalance,rebalance,80878.40097700775
2023-07-11,2023-07-12,XRAY,sell,20110.676037398684,37.74547326600603,759086.9847309401,759.0869847309401,rebalance,rebalance,60.01178485485366
2023-07-11,2023-07-12,AMD,buy,2048.559639279142,112.88999938964844,231261.89642788077,231.26189642788077,rebalance,rebalance,0.0
2023-07-11,2023-07-12,AMZN,buy,6549.680325551164,130.30999755859375,853488.8272321417,853.4888272321417,rebalance,rebalance,0.0
2023-07-11,2023-07-12,ANET,buy,21073.79820326276,40.5,853488.8272321417,853.4888272321417,rebalance,rebalance,0.0
2023-07-11,2023-07-12,CMG,buy,3338.475111862219,41.389801025390625,138178.82060819594,138.17882060819593,rebalance,rebalance,0.0
2023-07-11,2023-07-12,CRM,buy,578.8769588978303,218.12628430049193,126268.2801115523,126.2682801115523,rebalance,rebalance,0.0
2023-07-11,2023-07-12,GE,buy,1274.6411527597193,87.38218481624989,111380.9287848476,111.3809287848476,rebalance,rebalance,0.0
2023-07-11,2023-07-12,META,buy,178.61142407369016,299.12320145419704,53426.82098521544,53.42682098521544,rebalance,rebalance,0.0
2023-07-11,2023-07-12,MSFT,buy,2600.4999090513165,328.20182929500714,853488.8272321417,853.4888272321417,rebalance,rebalance,0.0
2023-07-11,2023-07-12,NOW,buy,7475.46551810356,114.1719970703125,853488.8272321417,853.4888272321417,rebalance,rebalance,0.0
2023-07-11,2023-07-12,NVDA,buy,1765.9662418764929,42.949329116868,75847.06533163201,75.84706533163201,rebalance,rebalance,0.0
2023-07-11,2023-07-12,PANW,buy,6796.916694325047,125.56999969482422,853488.8272321417,853.4888272321417,rebalance,rebalance,0.0
2023-07-11,2023-07-12,PHM,buy,992.3051210227222,77.17342646301259,76579.58628611786,76.57958628611786,rebalance,rebalance,0.0
2023-07-11,2023-07-12,RCL,buy,733.9038210494491,99.42647278726896,72969.46829204576,72.96946829204576,rebalance,rebalance,0.0
2023-07-11,2023-07-12,TSLA,buy,3088.6580129042127,276.3299865722656,853488.8272321417,853.4888272321417,rebalance,rebalance,0.0
2023-07-11,2023-07-12,WST,buy,226.8738147488125,375.60403326482543,85214.7198618308,85.2147198618308,rebalance,rebalance,0.0
2023-08-08,2023-08-09,AMD,sell,1424.4155392885705,112.88999938964844,160802.26936089247,160.80226936089247,rebalance,rebalance,19698.87871140317
2023-08-08,2023-08-09,AMZN,sell,6549.680325551164,139.97000122070312,916758.7631626116,916.7587631626117,rebalance,rebalance,61499.688340075285
2023-08-08,2023-08-09,ANET,sell,21073.79820326276,45.130001068115234,951060.5354224932,951.0605354224932,rebalance,rebalance,95767.15882769696
2023-08-08,2023-08-09,CMG,sell,20620.752119793182,37.24340057373047,767986.9313290592,767.9869313290592,rebalance,rebalance,-80182.79988004433
2023-08-08,2023-08-09,CRM,sell,3912.819722617064,208.05062773367993,814064.5994992036,814.0645994992036,rebalance,rebalance,-22228.758340929788
2023-08-08,2023-08-09,GE,sell,9767.309309407701,89.43150207238547,873505.1427459248,873.5051427459248,rebalance,rebalance,121458.39539302308
2023-08-08,2023-08-09,META,sell,619.9553689655218,310.156314310015,192283.07227505167,192.28307227505167,rebalance,rebalance,43951.26218068958
2023-08-08,2023-08-09,MSFT,sell,2600.4999090513165,318.324602002666,827803.0985567294,827.8030985567294,rebalance,rebalance,-27367.02060120118
2023-08-08,2023-08-09,NOW,sell,7475.46551810356,110.30400085449219,824573.7548966219,824.573754896622,rebalance,rebalance,-30593.134917648476
2023-08-08,2023-08-09,NVDA,sell,4196.068918753144,44.18792110075107,185415.56231517778,185.4155623151778,rebalance,rebalance,65283.55644170371
2023-08-08,2023-08-09,PANW,sell,242.6604245341441,105.68499755859375,25645.566374458343,25.645566374458344,rebalance,rebalance,-4881.4194960492
2023-08-08,2023-08-09,PHM,sell,2810.648083940454,83.97510213275852,236024.45990814167,236.02445990814167,rebalance,rebalance,45888.23507624803
2023-08-08,2023-08-09,RCL,sell,1859.9839766028426,103.0149449498344,191606.1469573159,191.60614695731593,rebalance,rebalance,21945.3423514575
2023-08-08,2023-08-09,TSLA,sell,327.5204860840822,250.8699951171875,82165.06274469258,82.16506274469258,rebalance,rebalance,-8511.33757133021
2023-08-08,2023-08-09,WST,sell,510.48788365326436,393.1648512103769,200705.8928212359,200.70589282123592,rebalance,rebalance,17114.408074710944
2023-08-08,2023-08-09,AVGO,buy,8135.409656394967,85.14464386274047,692686.5578712493,692.6865578712493,rebalance,rebalance,0.0
2023-08-08,2023-08-09,CCL,buy,39122.720422761005,17.705480354792883,692686.5578712493,692.6865578712493,rebalance,rebalance,0.0
2023-08-08,2023-08-09,EQT,buy,16425.737254764685,42.17080470286463,692686.5578712493,692.6865578712493,rebalance,rebalance,0.0
2023-08-08,2023-08-09,FTNT,buy,11772.375188221064,58.84000015258789,692686.5578712493,692.6865578712493,rebalance,rebalance,0.0
2023-08-08,2023-08-09,ISRG,buy,2287.0755407884913,302.8699951171875,692686.5578712493,692.6865578712493,rebalance,rebalance,0.0
2023-08-08,2023-08-09,NCLH,buy,37625.56021794971,18.40999984741211,692686.5578712493,692.6865578712493,rebalance,rebalance,0.0
2023-08-08,2023-08-09,TTWO,buy,4947.761127651781,140.0,692686.5578712494,692.6865578712494,rebalance,rebalance,0.0
2023-09-06,2023-09-07,AMD,sell,233.6590421339406,106.13999938964844,24800.570589482293,24.800570589482295,rebalance,rebalance,1655.753922166337
2023-09-06,2023-09-07,AVGO,sell,578.9405203622509,82.90490748577923,47997.0102804013,47.9970102804013,rebalance,rebalance,-1393.9648382565495
2023-09-06,2023-09-07,EQT,sell,16425.737254764685,40.72324570059006,668909.3340391179,668.9093340391179,rebalance,rebalance,-25138.819724041685
2023-09-06,2023-09-07,FTNT,sell,11772.375188221064,61.880001068115234,728474.5892213727,728.4745892213728,rebalance,rebalance,34366.87020303091
2023-09-06,2023-09-07,ISRG,sell,2287.0755407884913,305.5299987792969,698770.1871852675,698.7701871852674,rebalance,rebalance,4692.17256896177
2023-09-06,2023-09-07,META,sell,112.64265208866118,295.4058570001141,33275.29917501665,33.27529917501665,rebalance,rebalance,6325.8456503478
2023-09-06,2023-09-07,NCLH,sell,37625.56021794971,16.420000076293945,617811.7016493366,617.8117016493367,rebalance,rebalance,-76185.35448143314
2023-09-06,2023-09-07,NVDA,sell,1889.28023209389,45.44023319735737,85849.33432150382,85.84933432150382,rebalance,rebalance,31757.5269417471
2023-09-06,2023-09-07,PANW,sell,6554.2562697909025,122.09500122070312,800241.9272609213,800.2419272609213,rebalance,rebalance,-24399.29042158023
2023-09-06,2023-09-07,PHM,sell,145.40826149316217,77.31022797464786,11241.545845433577,11.241545845433578,rebalance,rebalance,1405.8591294262546
2023-09-06,2023-09-07,RCL,sell,156.07207886680771,95.38097199815765,14886.306584089238,14.886306584089239,rebalance,rebalance,651.1848130681503
2023-09-06,2023-09-07,TSLA,sell,2761.1375268201305,245.07000732421875,676671.9939209846,676.6719939209846,rebalance,rebalance,-87752.75887903207
2023-09-06,2023-09-07,TTWO,sell,4947.761127651781,140.75,696397.3787169881,696.3973787169881,rebalance,rebalance,2321.7369091506657
2023-09-06,2023-09-07,WST,sell,1761.8221866445597,401.8404286174826,707971.3826290403,707.9713826290402,rebalance,rebalance,74335.67024259194
2023-09-06,2023-09-07,ADBE,buy,1130.8093405089141,554.0,626468.3746419385,626.4683746419385,rebalance,rebalance,0.0
2023-09-06,2023-09-07,AMZN,buy,4678.628851366861,133.89999389648438,626468.3746419385,626.4683746419385,rebalance,rebalance,0.0
2023-09-06,2023-09-07,CCL,buy,2617.313979928833,15.008813088126425,39282.77631769213,39.28277631769213,rebalance,rebalance,0.0
2023-09-06,2023-09-07,DHI,buy,5595.50056981265,111.95930852401183,626468.3746419385,626.4683746419385,rebalance,rebalance,0.0
2023-09-06,2023-09-07,DVA,buy,6324.130729676062,99.05999755859375,626468.3746419385,626.4683746419385,rebalance,rebalance,0.0
2023-09-06,2023-09-07,GOOGL,buy,4734.109488193516,132.33077439469866,626468.3746419385,626.4683746419385,rebalance,rebalance,0.0
2023-09-06,2023-09-07,LLY,buy,1133.4988517539823,552.685495598463,626468.3746419385,626.4683746419385,rebalance,rebalance,0.0
2023-09-06,2023-09-07,LRCX,buy,9449.866535774303,66.29388597926975,626468.3746419385,626.4683746419385,rebalance,rebalance,0.0
2023-09-06,2023-09-07,NFLX,buy,14200.801333024254,44.1150016784668,626468.3746419385,626.4683746419385,rebalance,rebalance,0.0
2023-10-04,2023-10-05,AMD,sell,5902.283571173983,103.41000366210938,610355.1657099095,610.3551657099096,rebalance,rebalance,25727.646360315455
2023-10-04,2023-10-05,AMZN,sell,4678.628851366861,126.70999908447266,592829.0574732823,592.8290574732823,rebalance,rebalance,-34858.61460077127
2023-10-04,2023-10-05,DHI,sell,5595.50056981265,100.77401552591165,563881.0612975474,563.8810612975475,rebalance,rebalance,-63777.662780330385
2023-10-04,2023-10-05,DVA,sell,6324.130729676062,93.0999984741211,588776.5612829837,588.7765612829837,rebalance,rebalance,-38907.05829487958
2023-10-04,2023-10-05,GOOGL,sell,4734.109488193516,133.79681396484375,633408.7664810296,633.4087664810296,rebalance,rebalance,5680.514697968072
2023-10-04,2023-10-05,NFLX,sell,14200.801333024254,37.80099868774414,536804.472554565,536.8044725545651,rebalance,rebalance,-90827.17493456988
2023-10-04,2023-10-05,PHM,sell,8103.305229514711,70.48597517197807,571169.371218534,571.1693712185339,rebalance,rebalance,23101.951586479572
2023-10-04,2023-10-05,ADBE,buy,313.00770442374323,519.8400268554688,162713.93347360732,162.7139334736073,rebalance,rebalance,0.0
2023-10-04,2023-10-05,AKAM,buy,7044.808381476079,106.54000091552734,750553.8914121762,750.5538914121762,rebalance,rebalance,0.0
2023-10-04,2023-10-05,AVGO,buy,1880.1503839606066,79.53630956742306,149540.22297200013,149.54022297200015,rebalance,rebalance,0.0
2023-10-04,2023-10-05,BX,buy,7957.075396913741,94.32534618225291,750553.8914121762,750.5538914121762,rebalance,rebalance,0.0
2023-10-04,2023-10-05,CCL,buy,15729.06937403496,13.060128696772079,205423.6703053528,205.4236703053528,rebalance,rebalance,0.0
2023-10-04,2023-10-05,CEG,buy,7152.182270104556,104.94054304927607,750553.8914121762,750.5538914121762,rebalance,rebalance,0.0
2023-10-04,2023-10-05,DLR,buy,6941.259198546799,108.12935664026347,750553.8914121762,750.5538914121762,rebalance,rebalance,0.0
2023-10-04,2023-10-05,ETN,buy,3733.0058222694443,201.0588590391976,750553.8914121762,750.5538914121762,rebalance,rebalance,0.0
2023-10-04,2023-10-05,HAS,buy,13674.04891584774,54.888928365782775,750553.8914121762,750.5538914121762,rebalance,rebalance,0.0
2023-10-04,2023-10-05,LLY,buy,302.52730296911045,522.6603212926192,158119.0173696248,158.1190173696248,rebalance,rebalance,0.0
2023-10-04,2023-10-05,LRCX,buy,2693.942580461544,61.80547505549243,166500.40095764486,166.50040095764487,rebalance,rebalance,0.0
2023-10-04,2023-10-05,META,buy,364.7534821290301,301.97816897158543,110147.58865933442,110.14758865933442,rebalance,rebalance,0.0
2023-10-04,2023-10-05,NVDA,buy,3283.8229324740514,43.967973455641534,144383.03952804604,144.38303952804603,rebalance,rebalance,0.0
2023-10-04,2023-10-05,RCL,buy,2024.5949939684497,87.34826433261048,176844.85869963607,176.84485869963606,rebalance,rebalance,0.0
2023-10-04,2023-10-05,ZION,buy,25022.577612053366,29.995066977058137,750553.8914121762,750.5538914121762,rebalance,rebalance,0.0
2023-10-25,2023-10-26,ADBE,sell,1443.8170449326574,530.0,765223.0338143085,765.2230338143085,market_trend_exit,risk_exit,-25513.679643167063
2023-10-25,2023-10-26,AKAM,sell,7044.808381476079,103.13999938964844,726601.532165633,726.6015321656331,market_trend_exit,risk_exit,-25429.514670120905
2023-10-25,2023-10-26,AVGO,sell,9436.619519993323,82.23242180622097,775996.0767929094,775.9960767929094,market_trend_exit,risk_exit,-18505.948799598722
2023-10-25,2023-10-26,BX,sell,7957.075396913741,83.58918308422392,665125.4321675964,665.1254321675964,market_trend_exit,risk_exit,-86844.13856815944
2023-10-25,2023-10-26,CCL,sell,57469.1037767248,11.455908189299912,658360.7765875082,658.3607765875082,market_trend_exit,risk_exit,-280627.9816878679
2023-10-25,2023-10-26,CEG,sell,7152.182270104556,109.86483084701169,785773.2952920331,785.7732952920331,market_trend_exit,risk_exit,33683.07669315273
2023-10-25,2023-10-26,DLR,sell,6941.259198546799,108.02818100158956,749851.605079562,749.8516050795621,market_trend_exit,risk_exit,-2202.6918291057414
2023-10-25,2023-10-26,ETN,sell,3733.0058222694443,188.95019891667567,705352.19267492,705.3521926749199,market_trend_exit,risk_exit,-46657.60482134322
2023-10-25,2023-10-26,HAS,sell,13674.04891584774,41.12033509547529,562281.4735315796,562.2814735315796,market_trend_exit,risk_exit,-189585.25324554023
2023-10-25,2023-10-26,LLY,sell,1436.0261547230928,568.1728666971072,815911.0969810432,815.9110969810432,market_trend_exit,risk_exit,29723.20648048731
2023-10-25,2023-10-26,LRCX,sell,12143.809116235847,57.52094682663371,698523.3984477918,698.5233984477918,market_trend_exit,risk_exit,-95936.86932583878
2023-10-25,2023-10-26,META,sell,2485.457455312935,292.43197892863674,726827.2422000953,726.8272422000954,market_trend_exit,risk_exit,109096.38814136831
2023-10-25,2023-10-26,NVDA,sell,17070.46817086978,41.77506880872993,713119.9824353191,713.1199824353191,market_trend_exit,risk_exit,173781.74506800793
2023-10-25,2023-10-26,RCL,sell,8592.659478088397,81.5814513019966,701001.630766308,701.001630766308,market_trend_exit,risk_exit,-75158.82310876397
2023-10-25,2023-10-26,ZION,sell,25022.577612053366,26.666287346833276,667259.2447614523,667.2592447614524,market_trend_exit,risk_exit,-84712.45978689745
2023-11-01,2023-11-02,ADBE,buy,1011.1625713303905,550.4400024414062,556584.3282317588,556.5843282317588,rebalance,rebalance,0.0
2023-11-01,2023-11-02,AKAM,buy,5346.117807787412,104.11000061035156,556584.3282317588,556.5843282317588,rebalance,rebalance,0.0
2023-11-01,2023-11-02,ANET,buy,10488.727836348526,53.064998626708984,556584.3282317588,556.5843282317588,rebalance,rebalance,0.0
2023-11-01,2023-11-02,AVGO,buy,6657.795335994269,83.59889424997456,556584.3282317588,556.5843282317588,rebalance,rebalance,0.0
2023-11-01,2023-11-02,CARR,buy,11380.959754023477,48.90486745065513,556584.3282317588,556.5843282317588,rebalance,rebalance,0.0
2023-11-01,2023-11-02,CCL,buy,48668.54254854309,11.436223463577303,556584.3282317588,556.5843282317588,rebalance,rebalance,0.0
2023-11-01,2023-11-02,CEG,buy,4937.787826932723,112.71936902511672,556584.3282317588,556.5843282317588,rebalance,rebalance,0.0
2023-11-01,2023-11-02,HAL,buy,15095.334736560098,36.871280958330864,556584.3282317588,556.5843282317588,rebalance,rebalance,0.0
2023-11-01,2023-11-02,MPC,buy,3804.3280099664125,146.30292834204712,556584.3282317588,556.5843282317588,rebalance,rebalance,0.0
2023-11-01,2023-11-02,NVDA,buy,12869.798800356062,43.24732164549146,556584.3282317588,556.5843282317588,rebalance,rebalance,0.0
2023-11-01,2023-11-02,PANW,buy,4496.56110616194,123.77999877929688,556584.3282317588,556.5843282317588,rebalance,rebalance,0.0
2023-11-01,2023-11-02,SLB,buy,10759.194368536675,51.73104129983834,556584.3282317588,556.5843282317588,rebalance,rebalance,0.0
2023-11-01,2023-11-02,TSLA,buy,2613.4400386980533,212.97000122070312,556584.3282317588,556.5843282317588,rebalance,rebalance,0.0
2023-11-01,2023-11-02,WDC,buy,17663.140887884376,31.51106203390672,556584.3282317588,556.5843282317588,rebalance,rebalance,0.0
2023-11-01,2023-11-02,ZION,buy,19506.240937484356,28.533653922124646,556584.3282317588,556.5843282317588,rebalance,rebalance,0.0
2023-11-30,2023-12-01,AKAM,sell,5346.117807787412,115.62999725341797,618171.5874309073,618.1715874309073,rebalance,rebalance,60412.50328348595
2023-11-30,2023-12-01,ANET,sell,10488.727836348526,54.752498626708984,574284.0564555969,574.2840564555969,rebalance,rebalance,16568.859839150853
2023-11-30,2023-12-01,AVGO,sell,6657.795335994269,89.46246452707176,595622.7790748911,595.6227790748911,rebalance,rebalance,37886.24373582579
2023-11-30,2023-12-01,CARR,sell,11380.959754023477,50.24459593330119,571831.7241740725,571.8317241740725,rebalance,rebalance,14118.979889907943
2023-11-30,2023-12-01,CCL,sell,48668.54254854309,14.880869493103365,724230.230084418,724.2302300844179,rebalance,rebalance,166365.08729434304
2023-11-30,2023-12-01,NVDA,sell,12869.798800356062,46.43836652084653,597652.4337404858,597.6524337404858,rebalance,rebalance,39913.868746754815
2023-11-30,2023-12-01,PANW,sell,4496.56110616194,146.15499877929688,657194.8829821321,657.1948829821322,rebalance,rebalance,99396.77553915957
2023-11-30,2023-12-01,TSLA,sell,2613.4400386980533,233.13999938964844,609297.409026947,609.297409026947,rebalance,rebalance,51547.19905792949
2023-11-30,2023-12-01,WDC,sell,17663.140887884376,36.00296647048555,635925.4691499636,635.9254691499636,rebalance,rebalance,78148.6311208232
2023-11-30,2023-12-01,ZION,sell,19506.240937484356,32.3232360853419,630504.8309598677,630.5048309598677,rebalance,rebalance,72733.4135689173
2023-11-30,2023-12-01,ACGL,buy,11288.519259555851,79.59020745720494,898455.5897527037,898.4555897527036,rebalance,rebalance,0.0
2023-11-30,2023-12-01,ADBE,buy,463.5528185885595,609.239990234375,282414.91467001097,282.414914670011,rebalance,rebalance,0.0
2023-11-30,2023-12-01,AIZ,buy,5594.780641608015,160.5881708875141,898455.5897527037,898.4555897527036,rebalance,rebalance,0.0
2023-11-30,2023-12-01,APA,buy,27831.299475495678,32.28220049673775,898455.5897527037,898.4555897527036,rebalance,rebalance,0.0
2023-11-30,2023-12-01,CEG,buy,2638.0641095252213,118.594660678225,312860.3179165474,312.86031791654744,rebalance,rebalance,0.0
2023-11-30,2023-12-01,CF,buy,12615.927502683837,71.21597596067127,898455.5897527037,898.4555897527036,rebalance,rebalance,0.0
2023-11-30,2023-12-01,FANG,buy,6361.591800834414,141.23125435914613,898455.5897527037,898.4555897527036,rebalance,rebalance,0.0
2023-11-30,2023-12-01,HAL,buy,10856.195259904287,34.62052487368215,375847.17802906665,375.84717802906664,rebalance,rebalance,0.0
2023-11-30,2023-12-01,LDOS,buy,8644.59533896529,103.93263704351068,898455.5897527037,898.4555897527036,rebalance,rebalance,0.0
2023-11-30,2023-12-01,LLY,buy,1547.179387020853,580.7055066075503,898455.5897527037,898.4555897527036,rebalance,rebalance,0.0
2023-11-30,2023-12-01,MPC,buy,2567.4736667959305,141.00495202625788,362026.50121524057,362.02650121524056,rebalance,rebalance,0.0
2023-11-30,2023-12-01,NRG,buy,19720.324006110146,45.559879719741225,898455.5897527037,898.4555897527036,rebalance,rebalance,0.0
2023-11-30,2023-12-01,PKG,buy,5751.906318152719,156.20136004601193,898455.5897527037,898.4555897527036,rebalance,rebalance,0.0
2023-11-30,2023-12-01,PSX,buy,7648.686971880424,117.46533660689464,898455.5897527037,898.4555897527036,rebalance,rebalance,0.0
2023-11-30,2023-12-01,SLB,buy,7911.718996303949,48.12060193287566,380716.6804259129,380.7166804259129,rebalance,rebalance,0.0
2023-12-29,2024-01-02,ACGL,sell,11288.519259555851,70.94653851478071,800881.366422923,800.8813664229231,rebalance,rebalance,-99273.56028595624
2023-12-29,2024-01-02,ADBE,sell,1474.71538991895,589.510009765625,869359.4839126377,869.3594839126378,rebalance,rebalance,28651.882284053685
2023-12-29,2024-01-02,AIZ,sell,46.01309143468643,161.64346838264166,7437.715690510336,7.437715690510336,rebalance,rebalance,33.730626253213124
2023-12-29,2024-01-02,APA,sell,27831.299475495678,32.4257537334789,902450.8628751233,902.4508628751233,rebalance,rebalance,2194.3666697919966
2023-12-29,2024-01-02,CF,sell,12615.927502683837,74.82838641906083,944029.4982056833,944.0294982056834,rebalance,rebalance,43731.42336502124
2023-12-29,2024-01-02,FANG,sell,6361.591800834414,143.3089789032599,911673.2251769303,911.6732251769304,rebalance,rebalance,11407.50660929712
2023-12-29,2024-01-02,HAL,sell,25951.529996464385,34.22021502072982,888066.936595931,888.066936595931,rebalance,rebalance,-46185.06810775116
2023-12-29,2024-01-02,LDOS,sell,8644.59533896529,105.08088151610852,908381.6985685156,908.3816985685156,rebalance,rebalance,8119.27152749081
2023-12-29,2024-01-02,LLY,sell,1547.179387020853,569.6251423451448,881312.2785652273,881.3122785652273,rebalance,rebalance,-18923.079055794176
2023-12-29,2024-01-02,MPC,sell,21.546019340380553,141.2418775629574,3043.2002256431424,3.0432002256431425,rebalance,rebalance,-69.19886939946706
2023-12-29,2024-01-02,NRG,sell,1478.6257354920308,49.16877906613234,72702.2221099051,72.7022221099051,rebalance,rebalance,5196.143217604834
2023-12-29,2024-01-02,PKG,sell,5751.906318152719,153.0835427648466,880522.1968343232,880.5221968343233,rebalance,rebalance,-19712.370704967456
2023-12-29,2024-01-02,PSX,sell,299.0344976362603,122.03597859928877,36492.96755398773,36.49296755398773,rebalance,rebalance,1295.160476594873
2023-12-29,2024-01-02,SLB,sell,18670.913364840624,48.78083318133092,910782.7101933724,910.7827101933725,rebalance,rebalance,-28366.38218315029
2023-12-29,2024-01-02,AKAM,buy,7656.838285235049,117.13999938964844,896922.0320590704,896.9220320590705,rebalance,rebalance,0.0
2023-12-29,2024-01-02,ANET,buy,15332.000548018297,58.5,896922.0320590704,896.9220320590705,rebalance,rebalance,0.0
2023-12-29,2024-01-02,CBOE,buy,5156.361032912082,173.94476964164957,896922.0320590703,896.9220320590704,rebalance,rebalance,0.0
2023-12-29,2024-01-02,CEG,buy,261.2578301342819,114.4455110074431,29899.78587441366,29.899785874413663,rebalance,rebalance,0.0
2023-12-29,2024-01-02,FICO,buy,778.3078905392338,1152.4000244140625,896922.0320590704,896.9220320590705,rebalance,rebalance,0.0
2023-12-29,2024-01-02,INTC,buy,18474.277093354896,48.54977694264902,896922.0320590704,896.9220320590705,rebalance,rebalance,0.0
2023-12-29,2024-01-02,KEY,buy,71286.7539021403,12.581889102291434,896922.0320590705,896.9220320590706,rebalance,rebalance,0.0
2023-12-29,2024-01-02,SNPS,buy,1765.7683049597038,507.95001220703125,896922.0320590704,896.9220320590705,rebalance,rebalance,0.0
2023-12-29,2024-01-02,STX,buy,11138.197988444423,80.52667343403328,896922.0320590704,896.9220320590705,rebalance,rebalance,0.0
2023-12-29,2024-01-02,UBER,buy,14769.011013004892,60.72999954223633,896922.0320590704,896.9220320590705,rebalance,rebalance,0.0
2023-12-29,2024-01-02,ZION,buy,22581.556500364695,39.71922980794459,896922.0320590704,896.9220320590705,rebalance,rebalance,0.0
2024-01-30,2024-01-31,AIZ,sell,5548.767550173328,163.69651880738974,908313.9316347821,908.3139316347821,rebalance,rebalance,15448.119709257568
2024-01-30,2024-01-31,AKAM,sell,7656.838285235049,124.5,953276.3665117635,953.2763665117635,rebalance,rebalance,54504.136054122435
2024-01-30,2024-01-31,ANET,sell,2153.6028575043983,66.13249969482422,142423.1403166822,142.4231403166822,rebalance,rebalance,16168.964245194207
2024-01-30,2024-01-31,CBOE,sell,293.7959493996259,179.2305843270365,52657.219683811396,52.6572196838114,rebalance,rebalance,1449.1894554199653
2024-01-30,2024-01-31,CEG,sell,7837.109766592226,120.71838641481008,946083.2451787625,946.0832451787625,rebalance,rebalance,44893.38547884127
2024-01-30,2024-01-31,FICO,sell,50.42741705224614,1197.3399658203125,60378.76180974304,60.37876180974304,rebalance,rebalance,2147.713849144589
2024-01-30,2024-01-31,KEY,sell,71286.7539021403,12.775455235520575,910720.7333623652,910.7207333623652,rebalance,rebalance,11991.058537873329
2024-01-30,2024-01-31,MPC,sell,6350.2556574219625,161.10655245093818,1023067.7961493183,1023.0677961493184,rebalance,rebalance,105624.64397153951
2024-01-30,2024-01-31,NRG,sell,1396.248396674957,51.736248528112384,72236.65405735401,72.23665405735402,rebalance,rebalance,8487.8954828927
2024-01-30,2024-01-31,PSX,sell,7349.652474244163,132.08222896329522,970758.4809037668,970.7584809037668,rebalance,rebalance,105594.99119024568
2024-01-30,2024-01-31,SNPS,sell,1765.7683049597038,538.0,949983.3480683207,949.9833480683207,rebalance,rebalance,51214.41062912298
2024-01-30,2024-01-31,STX,sell,643.7826923675566,83.04611135143314,53463.64915648153,53.46364915648153,rebalance,rebalance,1516.6651979293492
2024-01-30,2024-01-31,UBER,sell,1503.8599973548025,65.69999694824219,98803.59723679403,98.80359723679403,rebalance,rebalance,7284.047271661614
2024-01-30,2024-01-31,ZION,sell,22581.556500364695,38.52308536409185,869911.2287176123,869.9112287176124,rebalance,rebalance,-28777.63660223472
2024-01-30,2024-01-31,AMD,buy,5258.358587915749,165.74000549316406,871520.3812461827,871.5203812461828,rebalance,rebalance,0.0
2024-01-30,2024-01-31,AXON,buy,3418.531312858551,254.94000244140625,871520.3812461826,871.5203812461826,rebalance,rebalance,0.0
2024-01-30,2024-01-31,BX,buy,7545.7139619241725,115.49873022538256,871520.3812461826,871.5203812461826,rebalance,rebalance,0.0
2024-01-30,2024-01-31,CE,buy,5933.372934140576,146.8844771633116,871520.3812461826,871.5203812461826,rebalance,rebalance,0.0
2024-01-30,2024-01-31,INTC,buy,2272.5508866905984,42.00740383466907,95463.96283204724,95.46396283204724,rebalance,rebalance,0.0
2024-01-30,2024-01-31,IT,buy,1884.1647481272091,462.54998779296875,871520.3812461826,871.5203812461826,rebalance,rebalance,0.0
2024-01-30,2024-01-31,LLY,buy,1365.3878720051239,638.2950948336181,871520.3812461826,871.5203812461826,rebalance,rebalance,0.0
2024-01-30,2024-01-31,LULU,buy,1846.363292934485,472.0199890136719,871520.3812461826,871.5203812461826,rebalance,rebalance,0.0
2024-01-30,2024-01-31,NWS,buy,34316.996931785805,25.396172718101237,871520.3812461825,871.5203812461825,rebalance,rebalance,0.0
2024-02-28,2024-02-29,AMD,sell,1996.8756081565593,179.82000732421875,359078.18648426625,359.07818648426627,rebalance,rebalance,27425.971858483532
2024-02-28,2024-02-29,ANET,sell,4647.7810605777195,68.75,319534.9479147182,319.5349479147182,rebalance,rebalance,47048.32573096313
2024-02-28,2024-02-29,AXON,sell,3418.531312858551,309.2200012207031,1057078.256735133,1057.078256735133,rebalance,rebalance,183629.27685096906
2024-02-28,2024-02-29,BX,sell,7545.7139619241725,117.9126791075899,889735.3490300258,889.7353490300258,rebalance,rebalance,16453.71205356704
2024-02-28,2024-02-29,CBOE,sell,4862.565083512456,190.12433828426583,924491.9688669816,924.4919688669816,rebalance,rebalance,76903.8958156929
2024-02-28,2024-02-29,CE,sell,5933.372934140576,147.44591526837712,874851.6029029735,874.8516029029736,rebalance,rebalance,1584.8496726418564
2024-02-28,2024-02-29,FICO,sell,269.4566698250255,1279.3399658203125,344726.6867640033,344.7266867640033,rebalance,rebalance,33549.565319463116
2024-02-28,2024-02-29,INTC,sell,20746.827980045495,41.93259519224425,869968.3392103742,869.9683392103742,rebalance,rebalance,-124280.01001484493
2024-02-28,2024-02-29,IT,sell,1884.1647481272091,468.010009765625,881807.9621710615,881.8079621710616,rebalance,rebalance,8534.25258146178
2024-02-28,2024-02-29,LLY,sell,1365.3878720051239,740.382125632438,1010908.7749879048,1010.9087749879048,rebalance,rebalance,137505.96458548825
2024-02-28,2024-02-29,LULU,sell,1846.363292934485,466.0299987792969,860460.6831523966,860.4606831523967,rebalance,rebalance,-12791.679158184535
2024-02-28,2024-02-29,NRG,sell,5700.153894154815,52.621293716351346,299949.4722927244,299.9494722927244,rebalance,rebalance,39691.49869292207
2024-02-28,2024-02-29,NWS,sell,34316.996931785805,27.253708551387557,935265.4327377514,935.2654327377514,rebalance,rebalance,61938.26567758495
2024-02-28,2024-02-29,STX,sell,10494.415296076866,87.91384684263141,922604.41904227,922.60441904227,rebalance,rebalance,75756.38084149404
2024-02-28,2024-02-29,UBER,sell,5779.766143539009,78.3499984741211,452844.66852705815,452.84466852705816,rebalance,rebalance,101035.62341192267
2024-02-28,2024-02-29,ALL,buy,3849.7632509351647,152.3418078152332,586479.8933081123,586.4798933081123,rebalance,rebalance,0.0
2024-02-28,2024-02-29,AVGO,buy,4618.699542460879,126.97944257175719,586479.8933081123,586.4798933081123,rebalance,rebalance,0.0
2024-02-28,2024-02-29,EXPE,buy,4344.344508614519,134.99847724902233,586479.8933081123,586.4798933081123,rebalance,rebalance,0.0
2024-02-28,2024-02-29,FITB,buy,18896.09747037437,31.03709081875798,586479.8933081123,586.4798933081123,rebalance,rebalance,0.0
2024-02-28,2024-02-29,KEY,buy,46397.1628864882,12.640425767906322,586479.8933081123,586.4798933081123,rebalance,rebalance,0.0
2024-02-28,2024-02-29,META,buy,1209.9808259400995,484.70180744595217,586479.8933081123,586.4798933081123,rebalance,rebalance,0.0
2024-02-28,2024-02-29,NOW,buy,3822.957299446089,153.41000366210938,586479.8933081123,586.4798933081123,rebalance,rebalance,0.0
2024-02-28,2024-02-29,PANW,buy,3714.4841064998004,157.88999938964844,586479.8933081123,586.4798933081123,rebalance,rebalance,0.0
2024-02-28,2024-02-29,URI,buy,865.9782344482321,677.2455357169509,586479.8933081123,586.4798933081123,rebalance,rebalance,0.0
2024-02-28,2024-02-29,WDC,buy,13413.617022771556,43.72272537023219,586479.8933081123,586.4798933081123,rebalance,rebalance,0.0
2024-03-27,2024-03-28,ALL,sell,3849.7632509351647,163.8348168463307,630725.2571186974,630.7252571186974,rebalance,rebalance,43028.15866015836
2024-03-27,2024-03-28,ANET,sell,8530.61662993618,71.94750213623047,613756.5582056964,613.7565582056964,rebalance,rebalance,113602.687723373
2024-03-27,2024-03-28,AVGO,sell,8.2319862127124,128.94776083158834,1061.4961893257712,1.0614961893257713,rebalance,rebalance,14.096379567285869
2024-03-27,2024-03-28,EXPE,sell,4344.344508614519,137.5530488668094,597577.8324877081,597.5778324877081,rebalance,rebalance,9913.881453800012
2024-03-27,2024-03-28,FICO,sell,458.42380366196215,1259.1099853515625,577205.9887136207,577.2059887136207,rebalance,rebalance,47812.89259034254
2024-03-27,2024-03-28,FITB,sell,18896.09747037437,33.94719178279161,641469.4447731222,641.4694447731222,rebalance,rebalance,53761.60212692878
2024-03-27,2024-03-28,KEY,sell,46397.1628864882,13.961600003716276,647778.6295284183,647.7786295284183,rebalance,rebalance,60064.477697469505
2024-03-27,2024-03-28,NOW,sell,3822.957299446089,151.92999267578125,580821.8745046688,580.8218745046688,rebalance,rebalance,-6825.320571256213
2024-03-27,2024-03-28,NRG,sell,11145.295979788343,63.87668196342356,711924.5266891632,711.9245266891631,rebalance,rebalance,202926.47953812158
2024-03-27,2024-03-28,PANW,sell,3714.4841064998004,140.67999267578125,522553.59689669777,522.5535968966977,rebalance,rebalance,-65035.32990161925
2024-03-27,2024-03-28,URI,sell,22.80925340316128,705.0893487898686,16082.56162841808,16.08256162841808,rebalance,rebalance,603.5665614216891
2024-03-27,2024-03-28,WDC,sell,13413.617022771556,51.45753304633794,690231.6412201885,690.2316412201885,rebalance,rebalance,102475.03637754795
2024-03-27,2024-03-28,AMD,buy,51.10109402029639,179.47000122070312,9171.113406201857,9.171113406201858,rebalance,rebalance,0.0
2024-03-27,2024-03-28,BLDR,buy,2830.9974655470764,210.0,594509.4677648861,594.5094677648862,rebalance,rebalance,0.0
2024-03-27,2024-03-28,DECK,buy,3803.2783704669323,156.31500244140625,594509.4677648861,594.5094677648862,rebalance,rebalance,0.0
2024-03-27,2024-03-28,KLAC,buy,8693.440941096347,68.38597878481835,594509.4677648861,594.5094677648862,rebalance,rebalance,0.0
2024-03-27,2024-03-28,LRCX,buy,6272.5833757609635,94.77904591308246,594509.4677648861,594.5094677648862,rebalance,rebalance,0.0
2024-03-27,2024-03-28,META,buy,5.615607514152771,489.06812442310434,2746.414634442987,2.7464146344429867,rebalance,rebalance,0.0
2024-03-27,2024-03-28,MPWR,buy,895.6775404675279,663.7539079684443,594509.4677648861,594.5094677648862,rebalance,rebalance,0.0
2024-03-27,2024-03-28,NFLX,buy,9666.977714347495,61.499000549316406,594509.4677648861,594.5094677648862,rebalance,rebalance,0.0
2024-03-27,2024-03-28,NVDA,buy,6617.0912037345315,89.8445328106342,594509.4677648861,594.5094677648862,rebalance,rebalance,0.0
2024-03-27,2024-03-28,RL,buy,3294.0522282564193,180.479672624853,594509.4677648861,594.5094677648862,rebalance,rebalance,0.0
2024-03-27,2024-03-28,SMCI,buy,5894.285961441925,100.86199951171875,594509.4677648861,594.5094677648862,rebalance,rebalance,0.0
2024-03-27,2024-03-28,TPR,buy,13280.283405673888,44.7663238505051,594509.4677648861,594.5094677648862,rebalance,rebalance,0.0
2024-03-27,2024-03-28,UBER,buy,146.31546318847722,77.9000015258789,11397.974805642054,11.397974805642054,rebalance,rebalance,0.0
2024-04-25,2024-04-26,AVGO,sell,4610.467556248166,128.1748249445961,590945.8719348485,590.9458719348485,rebalance,rebalance,4334.891175062471
2024-04-25,2024-04-26,KLAC,sell,8693.440941096347,67.02490020061258,582677.0114769022,582.6770114769022,rebalance,rebalance,-13009.642767225685
2024-04-25,2024-04-26,LRCX,sell,6272.5833757609635,88.15012584355418,552929.0139375149,552.9290139375149,rebalance,rebalance,-42727.89230907361
2024-04-25,2024-04-26,META,sell,1215.5964334542523,438.0813579966591,532530.1363435343,532.5301363435343,rebalance,rebalance,-57817.92804330696
2024-04-25,2024-04-26,MPWR,sell,895.6775404675279,651.3929736603864,583438.056525964,583.438056525964,rebalance,rebalance,-12249.358763212824
2024-04-25,2024-04-26,NFLX,sell,9666.977714347495,55.82099914550781,539620.3547322346,539.6203547322347,rebalance,rebalance,-56023.24285514854
2024-04-25,2024-04-26,NVDA,sell,283.11389505378247,83.67320929669376,23689.048195637333,23.689048195637334,rebalance,rebalance,-1796.312721497619
2024-04-25,2024-04-26,RL,sell,3294.0522282564193,161.4236043198554,531737.7835030023,531.7377835030022,rebalance,rebalance,-63897.93151315176
2024-04-25,2024-04-26,UBER,sell,57.79221687697918,69.9749984741211,4044.0102877826935,4.044010287782694,rebalance,rebalance,507.6919304353326
2024-04-25,2024-04-26,URI,sell,52.94805358430892,670.6785287663361,35511.12267896543,35.511122678965435,rebalance,rebalance,-419.0801915035241
2024-04-25,2024-04-26,AMD,buy,123.51674413213095,154.24000549316406,19051.22329343762,19.05122329343762,rebalance,rebalance,0.0
2024-04-25,2024-04-26,BBWI,buy,12583.516746329622,42.11733648976467,529984.2090297533,529.9842090297534,rebalance,rebalance,0.0
2024-04-25,2024-04-26,BLDR,buy,11.655409853496622,186.44000244140625,2173.0346415415006,2.1730346415415007,rebalance,rebalance,0.0
2024-04-25,2024-04-26,CEG,buy,2878.1960655860776,184.13763237558814,529984.2090297533,529.9842090297534,rebalance,rebalance,0.0
2024-04-25,2024-04-26,DECK,buy,102.1834583089194,135.70333862304688,13866.636444569282,13.866636444569282,rebalance,rebalance,0.0
2024-04-25,2024-04-26,DVA,buy,4024.1778383490473,131.6999969482422,529984.2090297533,529.9842090297534,rebalance,rebalance,0.0
2024-04-25,2024-04-26,DXCM,buy,3999.8808228660628,132.5,529984.2090297533,529.9842090297534,rebalance,rebalance,0.0
2024-04-25,2024-04-26,MU,buy,4765.926577627866,111.2027641209574,529984.2090297533,529.9842090297534,rebalance,rebalance,0.0
2024-04-25,2024-04-26,PHM,buy,4801.569968121047,110.37727504721691,529984.2090297533,529.9842090297534,rebalance,rebalance,0.0
2024-04-25,2024-04-26,RCL,buy,3913.4094284552675,135.42774368971482,529984.2090297533,529.9842090297534,rebalance,rebalance,0.0
2024-04-25,2024-04-26,SMCI,buy,736.9823809080826,79.9219970703125,58901.103687807714,58.90110368780771,rebalance,rebalance,0.0
2024-04-25,2024-04-26,TPR,buy,774.2995116716884,37.70899585897131,29198.057079231206,29.19805707923121,rebalance,rebalance,0.0
2024-05-23,2024-05-24,AMD,sell,3436.100817911617,161.41000366210938,554621.0456024911,554.6210456024911,rebalance,rebalance,-15282.899667580721
2024-05-23,2024-05-24,BLDR,sell,2842.652875400573,168.14999389648438,477992.0636484301,477.99206364843013,rebalance,rebalance,-119765.11332405223
2024-05-23,2024-05-24,DECK,sell,3905.4618287758517,169.15333557128906,660621.8952837819,660.6218952837819,rebalance,rebalance,50976.7930748333
2024-05-23,2024-05-24,DVA,sell,4024.1778383490473,139.0,559360.7195305176,559.3607195305176,rebalance,rebalance,28287.165572204045
2024-05-23,2024-05-24,DXCM,sell,3999.8808228660628,125.81999969482422,503265.00391234126,503.2650039123413,rebalance,rebalance,-27752.45433035412
2024-05-23,2024-05-24,PHM,sell,4801.569968121047,112.01866586756378,537865.4618986804,537.8654618986805,rebalance,rebalance,6813.403197998757
2024-05-23,2024-05-24,RCL,sell,3913.4094284552675,142.95472653427785,559440.3746614874,559.4403746614875,rebalance,rebalance,28366.741048042895
2024-05-23,2024-05-24,TPR,sell,14054.582917345577,39.95017279725895,561483.0161413596,561.4830161413596,rebalance,rebalance,-63409.69924374321
2024-05-23,2024-05-24,UBER,sell,7573.908118422579,63.779998779296875,483063.8505474988,483.0638505474988,rebalance,rebalance,19661.68098693774
2024-05-23,2024-05-24,URI,sell,790.2209274607619,658.6064922759147,520444.6331579524,520.4446331579524,rebalance,rebalance,-15784.580423467947
2024-05-23,2024-05-24,AXP,buy,2883.5905493830087,231.14878652182614,666538.4563156884,666.5384563156884,rebalance,rebalance,0.0
2024-05-23,2024-05-24,BBWI,buy,2209.696035410483,45.05704515643994,99562.37404949644,99.56237404949644,rebalance,rebalance,0.0
2024-05-23,2024-05-24,CAT,buy,1945.2322723483494,342.6523741100701,666538.4563156884,666.5384563156884,rebalance,rebalance,0.0
2024-05-23,2024-05-24,CEG,buy,151.63657362095137,219.9918397110329,33358.808798350576,33.35880879835057,rebalance,rebalance,0.0
2024-05-23,2024-05-24,GE,buy,4072.7457078570797,163.6582551740985,666538.4563156884,666.5384563156884,rebalance,rebalance,0.0
2024-05-23,2024-05-24,GM,buy,15496.233282432819,43.01293379929331,666538.4563156884,666.5384563156884,rebalance,rebalance,0.0
2024-05-23,2024-05-24,HAS,buy,11973.262946602148,55.66890657027149,666538.4563156884,666.5384563156884,rebalance,rebalance,0.0
2024-05-23,2024-05-24,META,buy,1436.3778242085398,464.04117710669794,666538.4563156884,666.5384563156884,rebalance,rebalance,0.0
2024-05-23,2024-05-24,MU,buy,486.12284410871325,126.91016454588099,61693.93013534845,61.69393013534845,rebalance,rebalance,0.0
2024-05-23,2024-05-24,NRG,buy,8458.706237618875,78.79910208388073,666538.4563156884,666.5384563156884,rebalance,rebalance,0.0
2024-05-23,2024-05-24,NVDA,buy,58.539007542683976,104.2685576920773,6103.777885201292,6.103777885201292,rebalance,rebalance,0.0
2024-05-23,2024-05-24,SMCI,buy,1137.2448582102206,85.80000305175781,97575.61230503282,97.57561230503282,rebalance,rebalance,0.0
2024-05-23,2024-05-24,SYF,buy,16083.618251844291,41.44207142191137,666538.4563156884,666.5384563156884,rebalance,rebalance,0.0
2024-05-23,2024-05-24,VST,buy,7042.3490820408615,94.64717646778831,666538.4563156884,666.5384563156884,rebalance,rebalance,0.0
2024-05-23,2024-05-24,WDC,buy,11851.072921227917,56.242878661371606,666538.4563156884,666.5384563156884,rebalance,rebalance,0.0
2024-06-24,2024-06-25,AXP,sell,2883.5905493830087,225.29347741854025,649654.1423217369,649.6541423217369,rebalance,rebalance,-18200.506592588845
2024-06-24,2024-06-25,BBWI,sell,14793.212781740105,38.72527213612438,572871.1907404792,572.8711907404792,rebalance,rebalance,-57877.810112590305
2024-06-24,2024-06-25,CAT,sell,1945.2322723483494,318.7199970899916,619984.4241822236,619.9844241822236,rebalance,rebalance,-47840.5550139627
2024-06-24,2024-06-25,CEG,sell,337.96512697678145,213.60906768158625,72192.4156823992,72.1924156823992,rebalance,rebalance,9218.833143667252
2024-06-24,2024-06-25,GE,sell,421.6770496481099,157.49013876170812,66409.97706170852,66.40997706170852,rebalance,rebalance,-2736.374037916938
2024-06-24,2024-06-25,GM,sell,15496.233282432819,46.972253974834835,727893.0053957228,727.8930053957229,rebalance,rebalance,59960.11761832302
2024-06-24,2024-06-25,HAS,sell,11973.262946602148,56.71735760665145,679091.8362609033,679.0918362609033,rebalance,rebalance,11207.749652638224
2024-06-24,2024-06-25,META,sell,1436.3778242085398,493.7355866348011,709190.8476648226,709.1908476648226,rebalance,rebalance,41276.66204515371
2024-06-24,2024-06-25,MU,sell,1117.4756315346413,139.07293442736452,155410.61522859492,155.41061522859493,rebalance,rebalance,29238.285314812994
2024-06-24,2024-06-25,NRG,sell,1203.4376188916676,79.25375886506153,95376.95485678404,95.37695485678404,rebalance,rebalance,356.9443155177671
2024-06-24,2024-06-25,NVDA,sell,1640.4115769940627,121.00055473590018,198490.71081147442,198.49071081147443,rebalance,rebalance,50545.93266742504
2024-06-24,2024-06-25,SMCI,sell,975.831448704067,84.6510009765625,82605.10891720837,82.60510891720837,rebalance,rebalance,-11905.96051301456
2024-06-24,2024-06-25,SYF,sell,16083.618251844291,43.75721409629366,703774.327289007,703.774327289007,rebalance,rebalance,35865.558189713964
2024-06-24,2024-06-25,VST,sell,418.8084994497549,86.81268008248743,36357.88827855819,36.357888278558185,rebalance,rebalance,-3357.150605304573
2024-06-24,2024-06-25,WDC,sell,1761.0607288433512,56.98777153548345,100358.92647543688,100.35892647543687,rebalance,rebalance,1112.3955364305607
2024-06-24,2024-06-25,ETN,buy,1833.1046786416894,313.6794730325648,575007.3096098541,575.0073096098541,rebalance,rebalance,0.0
2024-06-24,2024-06-25,FSLR,buy,2213.098658304347,259.82000732421875,575007.3096098541,575.0073096098541,rebalance,rebalance,0.0
2024-06-24,2024-06-25,HWM,buy,7328.832789260715,78.45823832308461,575007.3096098541,575.0073096098541,rebalance,rebalance,0.0
2024-06-24,2024-06-25,LDOS,buy,3952.540423232308,145.47790738079908,575007.3096098541,575.0073096098541,rebalance,rebalance,0.0
2024-06-24,2024-06-25,LLY,buy,654.7356610663297,878.2281824597324,575007.3096098541,575.0073096098541,rebalance,rebalance,0.0
2024-06-24,2024-06-25,MRNA,buy,4227.994923601868,136.0,575007.3096098541,575.0073096098541,rebalance,rebalance,0.0
2024-06-24,2024-06-25,QCOM,buy,2969.8504732231313,193.61490243170655,575007.3096098541,575.0073096098541,rebalance,rebalance,0.0
2024-07-23,2024-07-24,ETN,sell,1833.1046786416894,308.3081310434673,565161.077479055,565.161077479055,rebalance,rebalance,-10986.400517887994
2024-07-23,2024-07-24,GE,sell,635.8986181154823,169.5404985459023,107810.56873994922,107.81056873994922,rebalance,rebalance,3528.6298045006397
2024-07-23,2024-07-24,HWM,sell,1055.0448883772924,81.4808278306852,85965.93090351464,85.96593090351465,rebalance,rebalance,3020.2247154594675
2024-07-23,2024-07-24,LDOS,sell,3952.540423232308,151.27351390531933,597914.6786751694,597.9146786751694,rebalance,rebalance,21734.447077030258
2024-07-23,2024-07-24,LLY,sell,59.80637431314915,859.2507432067264,51388.67157707307,51.388671577073076,rebalance,rebalance,-1238.884150459938
2024-07-23,2024-07-24,MRNA,sell,4227.994923601868,119.80999755859375,506556.0614744866,506.5560614744866,rebalance,rebalance,-69532.8115064518
2024-07-23,2024-07-24,NRG,sell,312.86968090177197,73.63354315651571,23037.703151045927,23.03770315104593,rebalance,rebalance,-1663.8383263593657
2024-07-23,2024-07-24,NVDA,sell,455.4197550022636,118.97391446537992,54183.07097748359,54.183070977483595,rebalance,rebalance,13110.780640622817
2024-07-23,2024-07-24,QCOM,sell,2969.8504732231313,180.46194062605153,535944.9797670437,535.9449797670437,rebalance,rebalance,-40173.28213218716
2024-07-23,2024-07-24,SMCI,sell,110.41466952782048,76.5,8446.722218878267,8.446722218878268,rebalance,rebalance,-2246.241482069855
2024-07-23,2024-07-24,VST,sell,73.18278655453014,78.04053575629499,5711.223870854114,5.711223870854114,rebalance,rebalance,-1227.9580105612708
2024-07-23,2024-07-24,WDC,sell,10090.012192384565,54.85843757414697,553522.3039783104,553.5223039783104,rebalance,rebalance,-15090.041085141022
2024-07-23,2024-07-24,AMAT,buy,2393.911401013593,213.53899379136436,511193.43179811805,511.19343179811807,rebalance,rebalance,0.0
2024-07-23,2024-07-24,APH,buy,16599.98556423718,30.79481182799504,511193.43179811805,511.19343179811807,rebalance,rebalance,0.0
2024-07-23,2024-07-24,CEG,buy,59.80172989941639,185.7757553020719,11109.711540434575,11.109711540434576,rebalance,rebalance,0.0
2024-07-23,2024-07-24,FSLR,buy,68.81109104279994,224.02000427246094,15415.060909400741,15.415060909400742,rebalance,rebalance,0.0
2024-07-23,2024-07-24,MU,buy,480.1957292270463,110.77333974013318,53192.8846554286,53.1928846554286,rebalance,rebalance,0.0
2024-07-23,2024-07-24,NFLX,buy,8040.919577915094,63.57400131225586,511193.43179811805,511.19343179811807,rebalance,rebalance,0.0
2024-07-23,2024-07-24,NTAP,buy,4124.969054152759,123.92661013625805,511193.43179811805,511.19343179811807,rebalance,rebalance,0.0
2024-07-23,2024-07-24,TRGP,buy,3936.938138942523,129.8454315910147,511193.43179811805,511.19343179811807,rebalance,rebalance,0.0
2024-08-20,2024-08-21,AMAT,sell,2393.911401013593,204.38326825705403,489275.43605698127,489.2754360569813,rebalance,rebalance,-22918.464608991802
2024-08-20,2024-08-21,APH,sell,16599.98556423718,33.00428259020566,547870.6145554185,547.8706145554185,rebalance,rebalance,35618.118710946954
2024-08-20,2024-08-21,CEG,sell,866.6419378013275,189.275077777796,164033.7201828461,164.0337201828461,rebalance,rebalance,2574.9777964332616
2024-08-20,2024-08-21,FSLR,sell,674.7534897074395,222.0,149795.27471505158,149.7952747150516,rebalance,rebalance,-25115.13262077071
2024-08-20,2024-08-21,GE,sell,3015.1700400934874,168.15650425927632,507020.45368942287,507.0204536894229,rebalance,rebalance,12562.507953001754
2024-08-20,2024-08-21,HWM,sell,6273.7879008834225,95.33449534178979,598108.4034121478,598.1084034121478,rebalance,rebalance,104787.71834642335
2024-08-20,2024-08-21,LLY,sell,594.9292867531806,942.4235336363103,560675.3606856621,560.6753606856621,rebalance,rebalance,37108.5354614685
2024-08-20,2024-08-21,MU,sell,1295.3114738714648,107.48401839797634,139225.28228871038,139.2252822887104,rebalance,rebalance,-6731.189305850721
2024-08-20,2024-08-21,NFLX,sell,8040.919577915094,69.69999694824219,560452.0700417429,560.4520700417429,rebalance,rebalance,48186.99274178511
2024-08-20,2024-08-21,NRG,sell,2464.4351573205167,79.67654655745895,196357.6825500868,196.35768255008682,rebalance,rebalance,1771.852049191882
2024-08-20,2024-08-21,NTAP,sell,1317.3070580580934,127.0767956172404,167399.15978199657,167.39915978199656,rebalance,rebalance,3819.1130102945144
2024-08-20,2024-08-21,NVDA,sell,1489.7678028679993,127.11051541152283,189365.15326604331,189.3651532660433,rebalance,rebalance,54997.472683761385
2024-08-20,2024-08-21,SMCI,sell,6682.267082328341,61.28900146484375,409549.4769972988,409.5494769972988,rebalance,rebalance,-237484.2611211478
2024-08-20,2024-08-21,TRGP,sell,1328.1845426449127,136.76595986158904,181650.43384815712,181.65043384815712,rebalance,rebalance,8837.629546893591
2024-08-20,2024-08-21,VST,sell,2015.8289531211167,78.68263760135639,158610.73898475047,158.61073898475047,rebalance,rebalance,-32531.182927820493
2024-08-20,2024-08-21,GNRC,buy,2332.4095364635905,152.97000122070312,356788.6896400151,356.7886896400151,rebalance,rebalance,0.0
2024-08-20,2024-08-21,GRMN,buy,2075.3952680713746,171.91360852025647,356788.689640015,356.78868964001504,rebalance,rebalance,0.0
2024-08-20,2024-08-21,IRM,buy,3464.824628812981,102.97453056440774,356788.689640015,356.78868964001504,rebalance,rebalance,0.0
2024-08-20,2024-08-21,MRNA,buy,4066.894745101099,87.7300033569336,356788.689640015,356.78868964001504,rebalance,rebalance,0.0
2024-08-20,2024-08-21,NEM,buy,7151.133152942673,49.89260890677128,356788.689640015,356.78868964001504,rebalance,rebalance,0.0
2024-08-20,2024-08-21,RCL,buy,2301.228999842611,155.04267053144952,356788.689640015,356.78868964001504,rebalance,rebalance,0.0
2024-08-20,2024-08-21,TER,buy,2697.9679190269885,132.2434885618245,356788.689640015,356.78868964001504,rebalance,rebalance,0.0
2024-09-18,2024-09-19,CEG,sell,1885.0273043283364,202.74812754854446,382185.7563304505,382.1857563304505,rebalance,rebalance,30972.487265492513
2024-09-18,2024-09-19,GRMN,sell,2075.3952680713746,167.4187157900341,347460.0105372231,347.46001053722307,rebalance,rebalance,-10032.927802969147
2024-09-18,2024-09-19,MRNA,sell,4066.894745101099,71.8499984741211,292206.3812299251,292.2063812299251,rebalance,rebalance,-65231.303480959854
2024-09-18,2024-09-19,MU,sell,3319.4580455575197,88.79156556642347,294739.8766971124,294.7398766971124,rebalance,rebalance,-79236.59241310987
2024-09-18,2024-09-19,NRG,sell,4477.963780504919,80.72696884152732,361492.4425823085,361.4924425823085,rebalance,rebalance,7918.565546730699
2024-09-18,2024-09-19,NTAP,sell,2807.6619960946655,117.52990896699092,329984.25881108607,329.9842588110861,rebalance,rebalance,-18637.703065721078
2024-09-18,2024-09-19,RCL,sell,2301.228999842611,167.26679187246228,384919.1921675485,384.91919216754854,rebalance,rebalance,27388.794645725993
2024-09-18,2024-09-19,TER,sell,2697.9679190269885,133.09400427435116,359083.3537470403,359.08335374704035,rebalance,rebalance,1578.7920636382812
2024-09-18,2024-09-19,TRGP,sell,2608.7535962976103,148.1295321423044,386433.4496941191,386.43344969411913,rebalance,rebalance,46973.544881924216
2024-09-18,2024-09-19,VST,sell,4534.52884291546,93.1843481937015,422547.11459261656,422.5471145926166,rebalance,rebalance,-7484.964467265161
2024-09-18,2024-09-19,AVGO,buy,3902.308216600779,165.12601432007654,644372.6024557726,644.3726024557726,rebalance,rebalance,0.0
2024-09-18,2024-09-19,CHRW,buy,6503.539989115723,99.08028604947303,644372.6024557726,644.3726024557726,rebalance,rebalance,0.0
2024-09-18,2024-09-19,FICO,buy,332.84052983840957,1935.97998046875,644372.6024557726,644.3726024557726,rebalance,rebalance,0.0
2024-09-18,2024-09-19,FOX,buy,17399.561394590564,37.033841706843525,644372.6024557726,644.3726024557726,rebalance,rebalance,0.0
2024-09-18,2024-09-19,FSLR,buy,956.1844593493154,251.3800048828125,240365.65406010032,240.36565406010033,rebalance,rebalance,0.0
2024-09-18,2024-09-19,GDDY,buy,4078.307610479573,158.0,644372.6024557726,644.3726024557726,rebalance,rebalance,0.0
2024-09-18,2024-09-19,GNRC,buy,2033.8500817835466,147.5800018310547,300155.5987937065,300.15559879370653,rebalance,rebalance,0.0
2024-09-18,2024-09-19,HWM,buy,6679.585598370123,96.46894900381321,644372.6024557726,644.3726024557726,rebalance,rebalance,0.0
2024-09-18,2024-09-19,IRM,buy,2315.4639010347405,111.47758440230461,258122.3224580898,258.1223224580898,rebalance,rebalance,0.0
2024-09-18,2024-09-19,MMM,buy,4980.191918532444,129.38710254476607,644372.6024557726,644.3726024557726,rebalance,rebalance,0.0
2024-09-18,2024-09-19,MPWR,buy,730.6146558204061,881.9595902195631,644372.6024557726,644.3726024557726,rebalance,rebalance,0.0
2024-09-18,2024-09-19,NEM,buy,5076.157717476226,52.699539847758345,267511.1759056444,267.51117590564445,rebalance,rebalance,0.0
2024-09-18,2024-09-19,NVDA,buy,2692.694562513986,117.16692604230532,315494.74466059386,315.4947446605939,rebalance,rebalance,0.0
2024-09-18,2024-09-19,TYL,buy,1099.405603999841,586.1099853515625,644372.6024557726,644.3726024557726,rebalance,rebalance,0.0
2024-09-18,2024-09-19,VTR,buy,10596.623068642071,60.80924066862625,644372.6024557726,644.3726024557726,rebalance,rebalance,0.0
2024-10-16,2024-10-17,AVGO,sell,3902.308216600779,178.60749382690068,696981.4907071874,696.9814907071875,rebalance,rebalance,51267.534158251954
2024-10-16,2024-10-17,FOX,sell,17399.561394590564,37.84701866202912,658521.5248121906,658.5215248121906,rebalance,rebalance,12846.028229150164
2024-10-16,2024-10-17,FSLR,sell,2563.3407189890227,206.38999938964844,529047.8894276053,529.0478894276054,rebalance,rebalance,-128339.35900464933
2024-10-16,2024-10-17,GDDY,sell,4078.307610479573,164.4199981689453,670555.3298474471,670.5553298474471,rebalance,rebalance,24867.799459371425
2024-10-16,2024-10-17,GNRC,sell,4366.259618247137,175.86000061035156,767850.4191298949,767.8504191298949,rebalance,rebalance,109481.33598860972
2024-10-16,2024-10-17,MPWR,sell,730.6146558204061,925.4527062773077,676149.3104748586,676.1493104748587,rebalance,rebalance,30456.18610615548
2024-10-16,2024-10-17,NEM,sell,12227.2908704189,55.16649365889123,674536.7642683828,674.5367642683829,rebalance,rebalance,48938.06209290942
2024-10-16,2024-10-17,NVDA,sell,5499.6117438730935,139.12262899690117,765120.444269857,765.120444269857,rebalance,rebalance,195735.6075216717
2024-10-16,2024-10-17,CARR,buy,12694.120080026581,79.50955429478884,1009303.8297274427,1009.3038297274427,rebalance,rebalance,0.0
2024-10-16,2024-10-17,CHRW,buy,2997.7368942364665,106.22823038616107,318444.2854380463,318.44428543804634,rebalance,rebalance,0.0
2024-10-16,2024-10-17,FICO,buy,157.99675991843952,2056.2900390625,324887.1636244364,324.8871636244364,rebalance,rebalance,0.0
2024-10-16,2024-10-17,GL,buy,9199.167432674394,109.7168670006495,1009303.8297274428,1009.3038297274428,rebalance,rebalance,0.0
2024-10-16,2024-10-17,HWM,buy,2886.8367317775655,105.50483711624521,304575.23916738573,304.57523916738575,rebalance,rebalance,0.0
2024-10-16,2024-10-17,IP,buy,23212.751080113885,43.48057781880505,1009303.8297274428,1009.3038297274428,rebalance,rebalance,0.0
2024-10-16,2024-10-17,IRM,buy,2866.8415175034006,116.72125019521629,334621.32603454794,334.62132603454796,rebalance,rebalance,0.0
2024-10-16,2024-10-17,MMM,buy,2694.265066507279,131.5146897943319,354335.4344454098,354.3354344454098,rebalance,rebalance,0.0
2024-10-16,2024-10-17,PLTR,buy,23945.52297009429,42.150001525878906,1009303.8297274428,1009.3038297274428,rebalance,rebalance,0.0
2024-10-16,2024-10-17,RMD,buy,4290.798954228994,235.22515048920596,1009303.8297274427,1009.3038297274427,rebalance,rebalance,0.0
2024-10-16,2024-10-17,TSLA,buy,4554.8257882021435,221.58999633789062,1009303.8297274427,1009.3038297274427,rebalance,rebalance,0.0
2024-10-16,2024-10-17,TYL,buy,614.1832410382622,589.0,361753.9289715364,361.7539289715364,rebalance,rebalance,0.0
2024-10-16,2024-10-17,UHS,buy,4339.918170513908,232.56287102019874,1009303.8297274429,1009.3038297274429,rebalance,rebalance,0.0
2024-10-16,2024-10-17,VTR,buy,5818.334079176751,61.48683914545318,357750.9716208494,357.7509716208494,rebalance,rebalance,0.0
2024-10-16,2024-10-17,WELL,buy,7975.670212224384,126.54783897414332,1009303.8297274428,1009.3038297274428,rebalance,rebalance,0.0
2024-11-13,2024-11-14,CARR,sell,12694.120080026581,74.38136647877955,944205.9977980916,944.2059977980916,rebalance,rebalance,-67051.3417568765
2024-11-13,2024-11-14,CHRW,sell,9501.27688335219,107.10367869022959,1017621.7064614589,1017.621706461459,rebalance,rebalance,52824.37997328478
2024-11-13,2024-11-14,FICO,sell,202.32209539342506,2344.52001953125,474348.20304339635,474.3482030433964,rebalance,rebalance,73947.49713027511
2024-11-13,2024-11-14,GL,sell,9199.167432674394,109.10578907499189,1003682.4215749071,1003.6824215749072,rebalance,rebalance,-7634.394403838005
2024-11-13,2024-11-14,HWM,sell,9566.422330147689,115.29036937937532,1102916.3640818314,1102.9163640818315,rebalance,rebalance,151916.65825296813
2024-11-13,2024-11-14,IP,sell,23212.751080113885,51.45049312962851,1194307.4899671762,1194.3074899671763,rebalance,rebalance,182800.048920039
2024-11-13,2024-11-14,IRM,sell,2482.6220313114463,109.72970549538883,272417.384352169,272.417384352169,rebalance,rebalance,-741.7849454064594
2024-11-13,2024-11-14,MMM,sell,2346.2022303306157,126.9514466300939,297853.7672272244,297.8537672272244,rebalance,rebalance,-8070.165260952358
2024-11-13,2024-11-14,PLTR,sell,12865.594099049047,61.04999923706055,785444.509931275,785.4445099312751,rebalance,rebalance,241831.9697041815
2024-11-13,2024-11-14,RMD,sell,4290.798954228994,231.46706195504734,993178.627375175,993.178627375175,rebalance,rebalance,-18127.684809370297
2024-11-13,2024-11-14,TSLA,sell,4554.8257882021435,327.69000244140625,1492570.8736561406,1492.5708736561407,rebalance,rebalance,480765.1692253144
2024-11-13,2024-11-14,TYL,sell,1713.5888450381033,619.1199951171875,1060917.1173728574,1060.9171173728573,rebalance,rebalance,52723.542296748274
2024-11-13,2024-11-14,UHS,sell,4339.918170513908,200.94708633069828,872093.9112784244,872.0939112784245,rebalance,rebalance,-139091.31619002423
2024-11-13,2024-11-14,VTR,sell,16414.957147818823,60.54294967651367,993809.9245425233,993.8099245425234,rebalance,rebalance,-10309.583032717672
2024-11-13,2024-11-14,WELL,sell,7975.670212224384,130.90813249108768,1044080.0928470911,1044.0800928470912,rebalance,rebalance,32722.87919707383
2024-11-13,2024-11-14,AXON,buy,1125.5069037004946,601.0,676429.6491239973,676.4296491239974,rebalance,rebalance,0.0
2024-11-13,2024-11-14,BXP,buy,9223.758069620559,73.33558014188287,676429.6491239973,676.4296491239974,rebalance,rebalance,0.0
2024-11-13,2024-11-14,CCL,buy,27973.12459280392,24.181411943448342,676429.6491239973,676.4296491239974,rebalance,rebalance,0.0
2024-11-13,2024-11-14,FTNT,buy,7006.729259469081,96.54000091552734,676429.6491239973,676.4296491239974,rebalance,rebalance,0.0
2024-11-13,2024-11-14,IBM,buy,3371.6307568714365,200.62388140973712,676429.6491239973,676.4296491239974,rebalance,rebalance,0.0
2024-11-13,2024-11-14,NCLH,buy,24723.30533750326,27.360000610351562,676429.6491239973,676.4296491239974,rebalance,rebalance,0.0
2024-11-13,2024-11-14,NVDA,buy,4588.7744475021855,147.40965302668107,676429.6491239973,676.4296491239974,rebalance,rebalance,0.0
2024-11-13,2024-11-14,ORCL,buy,3656.0327834044456,185.01739158206226,676429.6491239973,676.4296491239974,rebalance,rebalance,0.0
2024-11-13,2024-11-14,RCL,buy,2952.9750145561616,229.06717658959474,676429.6491239973,676.4296491239974,rebalance,rebalance,0.0
2024-11-13,2024-11-14,TRGP,buy,3650.264305846449,185.3097727856564,676429.6491239973,676.4296491239974,rebalance,rebalance,0.0
2024-11-13,2024-11-14,WMT,buy,8100.386707968068,83.50584651207048,676429.6491239973,676.4296491239974,rebalance,rebalance,0.0
2024-12-12,2024-12-13,BXP,sell,9223.758069620559,72.9776485490525,673128.1747062561,673.1281747062561,rebalance,rebalance,-4651.03224157141
2024-12-12,2024-12-13,CCL,sell,27973.12459280392,25.87421064636225,723782.5181511448,723.7825181511448,rebalance,rebalance,45952.65685987257
2024-12-12,2024-12-13,IBM,sell,3371.6307568714365,221.88044348787798,748098.927612004,748.098927612004,rebalance,rebalance,70244.74991127082
2024-12-12,2024-12-13,IRM,sell,6164.508016039676,106.42287833407448,656044.6865804172,656.0446865804172,rebalance,rebalance,-22206.476663725272
2024-12-12,2024-12-13,MMM,sell,5328.254754709107,125.52645795043455,668836.9464161957,668.8369464161957,rebalance,rebalance,-25912.556747354498
2024-12-12,2024-12-13,NVDA,sell,4588.7744475021855,138.7327975455873,636613.5164076849,636.6135164076849,rebalance,rebalance,-41129.17588184406
2024-12-12,2024-12-13,ORCL,sell,3656.0327834044456,171.62115152068236,627452.5562852364,627.4525562852364,rebalance,rebalance,-50280.97504417008
2024-12-12,2024-12-13,WMT,sell,8100.386707968068,92.32273039122208,747849.8181043749,747.8498181043749,rebalance,rebalance,69995.88951314923
2024-12-12,2024-12-13,AXON,buy,205.97518187940886,635.2899780273438,130853.9687703478,130.8539687703478,rebalance,rebalance,0.0
2024-12-12,2024-12-13,FICO,buy,97.84300318679004,2189.360107421875,214213.5679675095,214.2135679675095,rebalance,rebalance,0.0
2024-12-12,2024-12-13,FTNT,buy,1599.2043758233303,98.29000091552734,157185.79956379047,157.18579956379048,rebalance,rebalance,0.0
2024-12-12,2024-12-13,GILD,buy,9602.990248341366,88.08477391070548,845877.2248918588,845.8772248918588,rebalance,rebalance,0.0
2024-12-12,2024-12-13,MTB,buy,4435.381370381473,190.71127243768612,845877.2248918588,845.8772248918588,rebalance,rebalance,0.0
2024-12-12,2024-12-13,NCLH,buy,6227.196940330421,27.329999923706055,170189.291904133,170.189291904133,rebalance,rebalance,0.0
2024-12-12,2024-12-13,PAYC,buy,3581.9848069592413,236.14763056740227,845877.2248918586,845.8772248918586,rebalance,rebalance,0.0
2024-12-12,2024-12-13,PLTR,buy,430.17113548741327,73.48999786376953,31613.275828025315,31.613275828025316,rebalance,rebalance,0.0
2024-12-12,2024-12-13,RCL,buy,600.6099502596212,238.0348952584306,142966.12660122014,142.96612660122014,rebalance,rebalance,0.0
2024-12-12,2024-12-13,SYF,buy,12708.53938124757,66.55975163754977,845877.2248918586,845.8772248918586,rebalance,rebalance,0.0
2024-12-12,2024-12-13,TPL,buy,2130.541516481976,397.02452092489636,845877.2248918588,845.8772248918588,rebalance,rebalance,0.0
2024-12-12,2024-12-13,TRGP,buy,1070.1022774580742,179.19735892624186,191759.50190144338,191.75950190144337,rebalance,rebalance,0.0
2024-12-12,2024-12-13,TSLA,buy,2013.9933925996634,420.0,845877.2248918586,845.8772248918586,rebalance,rebalance,0.0
2024-12-12,2024-12-13,UAL,buy,8800.220565140771,96.12000274658203,845877.2248918586,845.8772248918586,rebalance,rebalance,0.0
2024-12-12,2024-12-13,VST,buy,5837.004145521831,144.91633101559788,845877.2248918586,845.8772248918586,rebalance,rebalance,0.0
2025-01-14,2025-01-15,AXON,sell,328.66887632068836,589.4000244140625,193717.4437275562,193.7174437275562,rebalance,rebalance,-5948.975182766621
2025-01-14,2025-01-15,FICO,sell,386.3581975502141,2016.969970703125,779272.8823937675,779.2728823937675,rebalance,rebalance,-6236.840160314533
2025-01-14,2025-01-15,FTNT,sell,2310.0436980075374,93.87999725341797,216866.8960242231,216.8668960242231,rebalance,rebalance,-7336.569375387676
2025-01-14,2025-01-15,GILD,sell,9602.990248341366,87.78686425554744,843016.4013784893,843.0164013784894,rebalance,rebalance,-4549.717139639606
2025-01-14,2025-01-15,MTB,sell,4435.381370381473,190.18823100215747,843557.3366527774,843.5573366527774,rebalance,rebalance,-4009.3228006258646
2025-01-14,2025-01-15,NCLH,sell,30950.502277833682,26.530000686645508,821116.846682951,821.116846682951,rebalance,rebalance,-27169.8301328903
2025-01-14,2025-01-15,PAYC,sell,666.2961867300173,202.71647867996901,135069.2167318002,135.0692167318002,rebalance,rebalance,-22567.462503072984
2025-01-14,2025-01-15,PLTR,sell,2887.8081946146503,68.55000305175781,197959.2605537255,197.9592605537255,rebalance,rebalance,72532.64296735244
2025-01-14,2025-01-15,RCL,sell,3553.5849648157828,228.40632107353827,811661.2684358119,811.6612684358118,rebalance,rebalance,-9365.564333566605
2025-01-14,2025-01-15,SYF,sell,12708.53938124757,65.14296057203498,827871.8798407643,827.8718798407643,rebalance,rebalance,-19679.094155826886
2025-01-14,2025-01-15,TPL,sell,803.2442962439336,445.30955162712024,357692.3574074278,357.69235740742783,rebalance,rebalance,38108.07546621526
2025-01-14,2025-01-15,TRGP,sell,4720.366583304523,196.58011376232344,927930.1999458732,927.9301999458733,rebalance,rebalance,57944.92956946127
2025-01-14,2025-01-15,TSLA,sell,572.0364791545978,409.8999938964844,234477.74931403607,234.4777493140361,rebalance,rebalance,-6252.30500145397
2025-01-14,2025-01-15,UAL,sell,3385.1209613172305,109.1500015258789,369485.95809306036,369.4859580930604,rebalance,rebalance,43413.25819954342
2025-01-14,2025-01-15,VST,sell,2431.6343086658153,173.56650182989117,422050.26068467135,422.05026068467134,rebalance,rebalance,68892.30451810342
2025-01-14,2025-01-15,APO,buy,3656.113085204247,161.66297820821003,591058.1300201258,591.0581300201258,rebalance,rebalance,0.0
2025-01-14,2025-01-15,BX,buy,3555.9973596217897,166.21444569435502,591058.1300201258,591.0581300201258,rebalance,rebalance,0.0
2025-01-14,2025-01-15,DAL,buy,8980.442021109591,65.81615121291065,591058.1300201259,591.0581300201259,rebalance,rebalance,0.0
2025-01-14,2025-01-15,HWM,buy,4832.806601979763,122.30121722189304,591058.1300201258,591.0581300201258,rebalance,rebalance,0.0
2025-01-14,2025-01-15,NOW,buy,2805.717798310725,210.66200256347656,591058.1300201258,591.0581300201258,rebalance,rebalance,0.0
2025-01-14,2025-01-15,PYPL,buy,6736.356512178813,87.74151560291357,591058.1300201258,591.0581300201258,rebalance,rebalance,0.0
2025-01-14,2025-01-15,TPR,buy,8783.225551583848,67.29397150839903,591058.1300201258,591.0581300201258,rebalance,rebalance,0.0
2025-02-12,2025-02-13,AXON,sell,133.97673453879713,667.75,89462.96448828178,89.46296448828178,rebalance,rebalance,8061.569979502786
2025-02-12,2025-02-13,BX,sell,3555.9973596217897,153.43276426846407,545606.5046181307,545.6065046181308,rebalance,rebalance,-46588.29003663334
2025-02-12,2025-02-13,DAL,sell,79.31378285403844,65.17887850453666,5169.583416378574,5.169583416378574,rebalance,rebalance,-60.93422055274738
2025-02-12,2025-02-13,FTNT,sell,6295.889937284874,108.98999786376953,686189.0308152065,686.1890308152065,rebalance,rebalance,75040.37615150244
2025-02-12,2025-02-13,HWM,sell,4832.806601979763,125.21655933064173,605147.414610316,605.1474146103161,rebalance,rebalance,12893.079045559918
2025-02-12,2025-02-13,NOW,sell,2805.717798310725,196.47999572753906,551267.4210247715,551.2674210247716,rebalance,rebalance,-40933.034546399045
2025-02-12,2025-02-13,PAYC,sell,2915.688620229224,212.74286107741594,620291.9390784283,620.2919390784283,rebalance,rebalance,-69549.84495925915
2025-02-12,2025-02-13,PLTR,sell,3676.7154069336048,117.30999755859375,431315.4754110252,431.31547541102526,rebalance,rebalance,271444.8528809419
2025-02-12,2025-02-13,PYPL,sell,6736.356512178813,75.52773296782247,508781.73582789337,508.7817358278934,rebalance,rebalance,-83376.23405808033
2025-02-12,2025-02-13,TPL,sell,11.083178100253008,440.7835940211188,4885.2830762056765,4.885283076205677,rebalance,rebalance,475.7040240756397
2025-02-12,2025-02-13,TPR,sell,1847.9545374748068,83.65434527566067,154589.4269316413,154.5894269316413,rebalance,rebalance,29954.281311069688
2025-02-12,2025-02-13,APO,buy,109.56312815834463,154.0667659996438,16880.036828160664,16.880036828160666,rebalance,rebalance,0.0
2025-02-12,2025-02-13,AVGO,buy,2489.047986736893,233.08733262115527,580165.5559945591,580.1655559945591,rebalance,rebalance,0.0
2025-02-12,2025-02-13,CCL,buy,22681.362868956247,25.578954816186368,580165.5559945591,580.1655559945591,rebalance,rebalance,0.0
2025-02-12,2025-02-13,EQT,buy,11260.488518461658,51.52223680556782,580165.5559945591,580.1655559945591,rebalance,rebalance,0.0
2025-02-12,2025-02-13,JBL,buy,3445.5059394112445,168.38326974229383,580165.5559945591,580.1655559945591,rebalance,rebalance,0.0
2025-02-12,2025-02-13,LULU,buy,1450.37759513691,400.010009765625,580165.5559945591,580.1655559945591,rebalance,rebalance,0.0
2025-02-12,2025-02-13,NCLH,buy,21975.968347641126,26.399999618530273,580165.5559945591,580.1655559945591,rebalance,rebalance,0.0
2025-02-12,2025-02-13,TSLA,buy,239.6823792927869,345.0,82690.42085601148,82.69042085601149,rebalance,rebalance,0.0
2025-02-12,2025-02-13,UAL,buy,149.50373501478498,104.26000213623047,15587.259732015917,15.587259732015918,rebalance,rebalance,0.0
2025-02-12,2025-02-13,VST,buy,73.61858859321546,166.76271520496482,12276.835723361863,12.276835723361863,rebalance,rebalance,0.0
2025-03-10,2025-03-11,APO,sell,3765.6762133625916,123.72212214489952,465897.4524277893,465.8974524277893,market_trend_exit,risk_exit,-143114.55003977314
2025-03-10,2025-03-11,AVGO,sell,2489.047986736893,185.68193909594572,462171.2566801661,462.17125668016615,market_trend_exit,risk_exit,-119036.63612706763
2025-03-10,2025-03-11,AXON,sell,868.836474720418,518.260009765625,450283.199873335,450.28319987333504,market_trend_exit,risk_exit,-77473.35182789165
2025-03-10,2025-03-11,CCL,sell,22681.362868956247,18.591246210109695,421674.8014776056,421.6748014776056,market_trend_exit,risk_exit,-159492.59487442556
2025-03-10,2025-03-11,DAL,sell,8901.128238255553,47.58802639745938,423587.12556927634,423.58712556927634,market_trend_exit,risk_exit,-163260.3016529238
2025-03-10,2025-03-11,EQT,sell,11260.488518461658,47.31313015754233,532768.9589114875,532.7689589114875,market_trend_exit,risk_exit,-48509.53159797762
2025-03-10,2025-03-11,JBL,sell,3445.5059394112445,132.0655884485582,455032.76939134835,455.0327693913484,market_trend_exit,risk_exit,-126167.98492859658
2025-03-10,2025-03-11,LULU,sell,1450.37759513691,333.70001220703125,483991.02120199153,483.99102120199154,market_trend_exit,risk_exit,-97238.69136976408
2025-03-10,2025-03-11,NCLH,sell,21975.968347641126,18.600000381469727,408753.0196492916,408.7530196492916,market_trend_exit,risk_exit,-172401.4549209113
2025-03-10,2025-03-11,PLTR,sell,4945.576404984402,75.78500366210938,374800.5259629846,374.8005259629846,market_trend_exit,risk_exit,159962.76387365203
2025-03-10,2025-03-11,TPL,sell,1316.2140421377894,442.5527759216925,582494.1780551902,582.4941780551902,market_trend_exit,risk_exit,58819.865113243555
2025-03-10,2025-03-11,TPR,sell,6935.271014109041,69.83717607258382,484339.74292342004,484.33974292342003,market_trend_exit,risk_exit,16686.77122399075
2025-03-10,2025-03-11,TSLA,sell,1681.6392927378524,225.30999755859375,378890.14494120085,378.89014494120084,market_trend_exit,risk_exit,-310489.38203118223
2025-03-10,2025-03-11,UAL,sell,5564.603338838326,79.58000183105469,442831.143893847,442.831143893847,market_trend_exit,risk_exit,-94234.42242312137
2025-03-10,2025-03-11,VST,sell,3478.988425449231,108.60304989648013,377828.75355833967,377.82875355833966,market_trend_exit,risk_exit,-128825.3839651711
2025-06-09,2025-06-10,AVGO,buy,4104.844248743875,241.87431459404814,992856.3891802452,992.8563891802453,rebalance,rebalance,0.0
2025-06-09,2025-06-10,BA,buy,4563.178512845004,217.5800018310547,992856.3891802453,992.8563891802454,rebalance,rebalance,0.0
2025-06-09,2025-06-10,EXC,buy,24561.84388159653,40.42271394470362,992856.3891802453,992.8563891802454,rebalance,rebalance,0.0
2025-06-09,2025-06-10,HII,buy,4458.012311414918,222.71279660623568,992856.3891802453,992.8563891802454,rebalance,rebalance,0.0
2025-06-09,2025-06-10,HWM,buy,5805.139426346543,171.03058449796754,992856.3891802452,992.8563891802453,rebalance,rebalance,0.0
2025-06-09,2025-06-10,KR,buy,15544.875701166631,63.87033310956176,992856.3891802452,992.8563891802453,rebalance,rebalance,0.0
2025-06-09,2025-06-10,MOS,buy,29589.68198253133,33.554141939287874,992856.3891802452,992.8563891802453,rebalance,rebalance,0.0
2025-06-09,2025-06-10,NEM,buy,18826.0952116516,52.73830701577243,992856.3891802452,992.8563891802453,rebalance,rebalance,0.0
2025-06-09,2025-06-10,NFLX,buy,8088.311376322418,122.75199890136719,992856.3891802452,992.8563891802453,rebalance,rebalance,0.0
2025-06-09,2025-06-10,NRG,buy,6517.347215071535,152.34056993069802,992856.3891802452,992.8563891802453,rebalance,rebalance,0.0
2025-06-09,2025-06-10,PLTR,buy,7577.8992276291165,131.02000427246094,992856.3891802452,992.8563891802453,rebalance,rebalance,0.0
2025-06-09,2025-06-10,PM,buy,5739.851874420512,172.97596016456134,992856.3891802452,992.8563891802453,rebalance,rebalance,0.0
2025-06-09,2025-06-10,TKO,buy,6175.164773793667,160.78216947242547,992856.3891802453,992.8563891802454,rebalance,rebalance,0.0
2025-06-09,2025-06-10,TPR,buy,12656.187735738604,78.44829816933046,992856.3891802453,992.8563891802454,rebalance,rebalance,0.0
2025-06-09,2025-06-10,VRSN,buy,3593.7829556246274,276.2705487337031,992856.3891802452,992.8563891802453,rebalance,rebalance,0.0
2025-07-09,2025-07-10,AVGO,sell,4104.844248743875,277.75487211273963,1140140.48935257,1140.1404893525698,rebalance,rebalance,145151.10329379188
2025-07-09,2025-07-10,BA,sell,4563.178512845004,226.64999389648438,1034244.3820848888,1034.2443820848887,rebalance,rebalance,39360.892133378366
2025-07-09,2025-07-10,EXC,sell,24561.84388159653,41.13020510144788,1010233.676519808,1010.233676519808,rebalance,rebalance,15374.197273862716
2025-07-09,2025-07-10,HII,sell,4458.012311414918,246.25362263083758,1097801.6814187972,1097.8016814187972,rebalance,rebalance,102854.63416795307
2025-07-09,2025-07-10,KR,sell,15544.875701166631,68.04404381585974,1057736.2033222755,1057.7362033222755,rebalance,rebalance,62829.22154952798
2025-07-09,2025-07-10,MOS,sell,124.3836546578932,35.92119783174194,4468.009866001252,4.4680098660012515,rebalance,rebalance,285.78146601361897
2025-07-09,2025-07-10,NEM,sell,667.3743243515964,58.287630333427806,38899.667911827,38.899667911826995,rebalance,rebalance,3629.3800398048975
2025-07-09,2025-07-10,PLTR,sell,192.3097472156005,143.30999755859375,27559.90940396149,27.55990940396149,rebalance,rebalance,2310.7291688318464
2025-07-09,2025-07-10,TKO,sell,6175.164773793667,168.91514283788976,1043078.8398128626,1043.0788398128625,rebalance,rebalance,48186.51540362422
2025-07-09,2025-07-10,TPR,sell,12656.187735738604,94.30319055496504,1193518.883742769,1193.518883742769,rebalance,rebalance,198476.11928960093
2025-07-09,2025-07-10,APH,buy,21624.258972948945,48.94636212648431,1058428.8104068367,1058.4288104068366,rebalance,rebalance,0.0
2025-07-09,2025-07-10,CVS,buy,16506.174898935842,64.12320340038768,1058428.8104068367,1058.4288104068366,rebalance,rebalance,0.0
2025-07-09,2025-07-10,DG,buy,9662.878195466918,109.53556373124628,1058428.8104068367,1058.4288104068366,rebalance,rebalance,0.0
2025-07-09,2025-07-10,GE,buy,4244.858246196007,249.34373517780918,1058428.8104068367,1058.4288104068366,rebalance,rebalance,0.0
2025-07-09,2025-07-10,GEV,buy,1968.8595281081755,537.5847262317656,1058428.8104068367,1058.4288104068366,rebalance,rebalance,0.0
2025-07-09,2025-07-10,HWM,buy,28.60915323257268,181.4320236754527,5190.616566626781,5.1906165666267805,rebalance,rebalance,0.0
2025-07-09,2025-07-10,NFLX,buy,145.2847752131338,128.5500030517578,18676.358297022296,18.676358297022297,rebalance,rebalance,0.0
2025-07-09,2025-07-10,NRG,buy,626.7898091140723,148.1534868135444,92861.09571944572,92.86109571944571,rebalance,rebalance,0.0
2025-07-09,2025-07-10,PM,buy,407.91296321660684,172.16481735395098,70228.26080849604,70.22826080849605,rebalance,rebalance,0.0
2025-07-09,2025-07-10,STX,buy,7385.245064981508,143.31668090820312,1058428.8104068367,1058.4288104068366,rebalance,rebalance,0.0
2025-07-09,2025-07-10,UBER,buy,11017.26671977766,96.06999969482422,1058428.8104068367,1058.4288104068366,rebalance,rebalance,0.0
2025-07-09,2025-07-10,VRSN,buy,128.1531228273875,284.37587000340056,36443.655797690975,36.44365579769097,rebalance,rebalance,0.0
2025-08-06,2025-08-07,APH,sell,1641.7005157387212,54.42403084302128,89347.9595035681,89.3479595035681,rebalance,rebalance,8822.988329534457
2025-08-06,2025-08-07,CVS,sell,16506.174898935842,61.67252267247298,1017977.4456904251,1017.9774456904252,rebalance,rebalance,-42527.770972508675
2025-08-06,2025-08-07,GE,sell,4244.858246196007,270.575945608908,1148556.5339402554,1148.5565339402553,rebalance,rebalance,87920.73818907177
2025-08-06,2025-08-07,GEV,sell,331.6560658536889,664.2615917145179,220306.38620574636,220.30638620574635,rebalance,rebalance,41614.55121911582
2025-08-06,2025-08-07,MOS,sell,29465.298327873435,30.133996827953652,887907.2063468462,887.9072063468462,rebalance,rebalance,-102652.1860388044
2025-08-06,2025-08-07,NEM,sell,18158.7208873,67.59903347995679,1227511.9812137834,1227.5119812137834,rebalance,rebalance,267666.61186725466
2025-08-06,2025-08-07,NFLX,sell,8233.596151535552,118.1760025024414,973013.4794079573,973.0134794079573,rebalance,rebalance,-40503.814296195174
2025-08-06,2025-08-07,PLTR,sell,7385.589480413516,181.00999450683594,1336865.5112793958,1336.8655112793958,rebalance,rebalance,366901.0205244167
2025-08-06,2025-08-07,VRSN,sell,3721.936078452015,270.282642208996,1005974.7174169995,1005.9747174169995,rebalance,rebalance,-25360.602323331637
2025-08-06,2025-08-07,DG,buy,145.45594800306753,110.87829613979065,16127.907677978112,16.12790767797811,rebalance,rebalance,0.0
2025-08-06,2025-08-07,DLTR,buy,9324.628340980378,116.62999725341797,1087531.3777976849,1087.5313777976849,rebalance,rebalance,0.0
2025-08-06,2025-08-07,HWM,buy,169.97457340603978,181.14282589078834,30789.67455635129,30.78967455635129,rebalance,rebalance,0.0
2025-08-06,2025-08-07,JBL,buy,4894.559565952042,222.19187715333254,1087531.3777976849,1087.5313777976849,rebalance,rebalance,0.0
2025-08-06,2025-08-07,JCI,buy,10360.886268398355,104.96509175231026,1087531.3777976849,1087.5313777976849,rebalance,rebalance,0.0
2025-08-06,2025-08-07,MCHP,buy,16572.065066693624,65.62437290832239,1087531.3777976849,1087.5313777976849,rebalance,rebalance,0.0
2025-08-06,2025-08-07,MU,buy,9543.340747358368,113.95709391375526,1087531.3777976849,1087.5313777976849,rebalance,rebalance,0.0
2025-08-06,2025-08-07,NRG,buy,142.71476188816632,149.24571127906216,21299.566148021375,21.299566148021377,rebalance,rebalance,0.0
2025-08-06,2025-08-07,ORCL,buy,4268.079514274792,254.80579126053888,1087531.3777976849,1087.5313777976849,rebalance,rebalance,0.0
2025-08-06,2025-08-07,PM,buy,602.6712344521166,161.1053517407947,97093.56121046719,97.09356121046719,rebalance,rebalance,0.0
2025-08-06,2025-08-07,SMCI,buy,23065.35191098093,47.150001525878906,1087531.3777976849,1087.5313777976849,rebalance,rebalance,0.0
2025-08-06,2025-08-07,STX,buy,177.94234573125232,143.79273165402034,25586.815969620875,25.586815969620876,rebalance,rebalance,0.0
2025-08-06,2025-08-07,UBER,buy,970.5128565469095,90.72000122070312,88044.9275306437,88.0449275306437,rebalance,rebalance,0.0
2025-09-04,2025-09-05,APH,sell,5388.266049265483,56.1174818341659,302375.92213730863,302.37592213730863,rebalance,rebalance,38073.78891270086
2025-09-04,2025-09-05,DG,sell,9808.334143469985,106.79128131852602,1047444.5707814071,1047.444570781407,rebalance,rebalance,-29234.148592273734
2025-09-04,2025-09-05,DLTR,sell,1149.3943961764162,100.18000030517578,115146.33095972071,115.14633095972071,rebalance,rebalance,-19156.73450565758
2025-09-04,2025-09-05,GEV,sell,269.02112627228826,598.600725609719,161036.24139093558,161.03624139093557,rebalance,rebalance,16108.934983377718
2025-09-04,2025-09-05,HWM,sell,6003.723152985155,179.87550152994623,1079922.7131901549,1079.9227131901548,rebalance,rebalance,48977.27349343861
2025-09-04,2025-09-05,JBL,sell,956.897337475471,207.99014531071205,199025.2162689567,199.02521626895668,rebalance,rebalance,-14001.239419669793
2025-09-04,2025-09-05,JCI,sell,10360.886268398355,106.6353128652191,1104836.3487916111,1104.8363487916113,rebalance,rebalance,15112.603267337061
2025-09-04,2025-09-05,MCHP,sell,16572.065066693624,63.087590263252046,1045491.65074352,1045.49165074352,rebalance,rebalance,-44172.750082705934
2025-09-04,2025-09-05,MU,sell,9543.340747358368,127.56524026756098,1217398.5553919752,1217.3985553919752,rebalance,rebalance,127562.24766110085
2025-09-04,2025-09-05,NRG,sell,1720.449860220434,147.13183668636916,253132.94786103952,253.13294786103953,rebalance,rebalance,-8751.950633494696
2025-09-04,2025-09-05,ORCL,sell,706.1379952716693,229.92936147771334,162361.85836796748,162.36185836796747,rebalance,rebalance,-17908.482165353147
2025-09-04,2025-09-05,PM,sell,6750.4360720892355,155.82654183258097,1051897.108975577,1051.8971089755769,rebalance,rebalance,-110493.17754380625
2025-09-04,2025-09-05,SMCI,sell,23065.35191098093,40.9900016784668,945448.8135455357,945.4488135455357,rebalance,rebalance,-144115.5444434922
2025-09-04,2025-09-05,STX,sell,3123.6328108703165,184.4768254712781,576237.8648872812,576.2378648872813,rebalance,rebalance,127510.2510532162
2025-09-04,2025-09-05,UBER,sell,11987.779576324569,92.52999877929688,1109229.2295637922,1109.2292295637922,rebalance,rebalance,-39500.21134118948
2025-09-04,2025-09-05,AMD,buy,5212.544326229767,157.1199951171875,818994.9390853443,818.9949390853443,rebalance,rebalance,0.0
2025-09-04,2025-09-05,AVGO,buy,2318.8366294187563,353.192169165723,818994.9390853443,818.9949390853443,rebalance,rebalance,0.0
2025-09-04,2025-09-05,AXON,buy,1120.3761136598418,731.0,818994.9390853444,818.9949390853444,rebalance,rebalance,0.0
2025-09-04,2025-09-05,NEM,buy,10860.173186985356,75.41269600256594,818994.9390853443,818.9949390853443,rebalance,rebalance,0.0
2025-09-04,2025-09-05,PLTR,buy,5189.424034196347,157.82000732421875,818994.9390853443,818.9949390853443,rebalance,rebalance,0.0
2025-09-04,2025-09-05,PWR,buy,2165.805486307151,378.1479658553214,818994.9390853443,818.9949390853443,rebalance,rebalance,0.0
2025-09-04,2025-09-05,VST,buy,4327.417019646518,189.25722558447654,818994.9390853443,818.9949390853443,rebalance,rebalance,0.0
2025-09-04,2025-09-05,WDC,buy,8868.629705170553,92.34740498950556,818994.9390853444,818.9949390853444,rebalance,rebalance,0.0
2025-10-02,2025-10-03,AXON,sell,1120.3761136598418,721.510009765625,808362.5807078854,808.3625807078855,rebalance,rebalance,-12259.715897252012
2025-10-02,2025-10-03,DLTR,sell,8175.233944803962,90.38999938964844,738959.3912810633,738.9593912810633,rebalance,rebalance,-216210.55815128167
2025-10-02,2025-10-03,JBL,sell,3937.6622284765713,215.75119294235708,849555.3231978805,849.5553231978805,rebalance,rebalance,-27085.71082844227
2025-10-02,2025-10-03,NRG,sell,5566.40192585334,166.1764995238203,925005.18698096,925.0051869809599,rebalance,rebalance,77587.87924189211
2025-10-02,2025-10-03,ORCL,sell,3561.9415190031227,286.3364357918345,1019913.6390503071,1019.9136390503071,rebalance,rebalance,110382.79491072707
2025-10-02,2025-10-03,PLTR,sell,81.94534608753384,186.39999389648438,15274.612010561606,15.274612010561606,rebalance,rebalance,2313.7896637110957
2025-10-02,2025-10-03,PWR,sell,2165.805486307151,422.10248495852665,914191.8777070588,914.1918777070588,rebalance,rebalance,93463.75180492207
2025-10-02,2025-10-03,STX,sell,686.6479281582087,253.6791025135329,174188.2301579512,174.1882301579512,rebalance,rebalance,75499.83349087146
2025-10-02,2025-10-03,VST,sell,4327.417019646518,203.50249558216657,880640.1629228081,880.6401629228081,rebalance,rebalance,59945.58873545564
2025-10-02,2025-10-03,WDC,sell,1630.8586624402988,131.53690420286873,214518.0996498282,214.5180996498282,rebalance,rebalance,63547.410603779754
2025-10-02,2025-10-03,AMD,buy,365.3443376065561,170.67999267578125,62356.96886682515,62.35696886682515,rebalance,rebalance,0.0
2025-10-02,2025-10-03,ANET,buy,6520.3344435803965,146.00999450683594,952033.9962899069,952.0339962899069,rebalance,rebalance,0.0
2025-10-02,2025-10-03,APH,buy,825.7155795259623,61.74017530104185,50979.82462873428,50.97982462873428,rebalance,rebalance,0.0
2025-10-02,2025-10-03,APP,buy,1377.7227422958229,691.02001953125,952033.9962899068,952.0339962899068,rebalance,rebalance,0.0
2025-10-02,2025-10-03,AVGO,buy,484.5875195424396,339.5968450377662,164564.39278128935,164.56439278128934,rebalance,rebalance,0.0
2025-10-02,2025-10-03,CCL,buy,33356.305318847786,28.54135034409718,952033.9962899068,952.0339962899068,rebalance,rebalance,0.0
2025-10-02,2025-10-03,COIN,buy,2549.9771815349704,373.3500061035156,952033.9962899068,952.0339962899068,rebalance,rebalance,0.0
2025-10-02,2025-10-03,EME,buy,1438.7974953036396,661.6872766302615,952033.9962899068,952.0339962899068,rebalance,rebalance,0.0
2025-10-02,2025-10-03,GEV,buy,195.32973158127197,608.9073541808524,118937.7100500084,118.9377100500084,rebalance,rebalance,0.0
2025-10-02,2025-10-03,HOOD,buy,6484.361454822402,146.82000732421875,952033.9962899069,952.0339962899069,rebalance,rebalance,0.0
2025-10-02,2025-10-03,NEM,buy,291.7753436461535,85.3692961077534,24908.655708669983,24.908655708669983,rebalance,rebalance,0.0
2025-10-02,2025-10-03,RCL,buy,2992.871266345105,318.1005501290842,952033.9962899068,952.0339962899068,rebalance,rebalance,0.0
2025-10-30,2025-10-31,AMD,sell,5577.888663836323,259.6000061035156,1448019.93117664,1448.01993117664,rebalance,rebalance,564338.6513853418
2025-10-30,2025-10-31,ANET,sell,3442.539939506536,161.08999633789062,554558.7462481501,554.5587462481501,rebalance,rebalance,50856.30460733247
2025-10-30,2025-10-31,APH,sell,15420.007987470703,69.91086322164192,1078026.06928869,1078.0260692886902,rebalance,rebalance,310865.3800657956
2025-10-30,2025-10-31,APP,sell,580.0492959069255,621.5599975585938,360535.43894777267,360.53543894777266,rebalance,rebalance,-41051.59795365324
2025-10-30,2025-10-31,AVGO,sell,2803.424148961196,376.1619333582533,1054541.4478964594,1054.5414478964594,rebalance,rebalance,68944.01525006266
2025-10-30,2025-10-31,CCL,sell,33356.305318847786,27.803213637668463,927412.4829432218,927.4124829432218,rebalance,rebalance,-26500.959825918024
2025-10-30,2025-10-31,COIN,sell,1074.3762726360476,336.0,360990.427605712,360.990427605712,rebalance,rebalance,-40890.06915598054
2025-10-30,2025-10-31,EME,sell,1438.7974953036396,656.4316028370037,944472.1460000344,944.4721460000344,rebalance,rebalance,-9458.356432162302
2025-10-30,2025-10-31,GEV,sell,1563.5120675634703,579.056996009842,905362.6010684402,905.3626010684403,rebalance,rebalance,49151.15025666184
2025-10-30,2025-10-31,HOOD,sell,3031.7020932856494,143.60000610351562,435352.4390998604,435.35243909986036,rebalance,rebalance,-10642.55140382889
2025-10-30,2025-10-31,NEM,sell,11151.94853063151,81.2578518938509,906183.3820299034,906.1833820299033,rebalance,rebalance,60529.70025906516
2025-10-30,2025-10-31,PLTR,sell,5107.478688108813,199.1999969482422,1017409.7390844875,1017.4097390844876,rebalance,rebalance,209523.9430558135
2025-10-30,2025-10-31,RCL,sell,2992.871266345105,280.6050305590813,839814.7331521645,839.8147331521645,rebalance,rebalance,-114011.11186718415
2025-10-30,2025-10-31,STX,sell,1952.7951155887213,275.4284331496902,537855.2989489697,537.8552989489697,rebalance,rebalance,257147.56741122602
2025-10-30,2025-10-31,WDC,sell,4044.4110666801307,155.26026163930848,627936.3203896718,627.9363203896719,rebalance,rebalance,253444.0264838152
2025-10-30,2025-10-31,FSLR,buy,1990.133246387792,249.1300048828125,495801.9053900381,495.8019053900381,rebalance,rebalance,0.0
2025-10-30,2025-10-31,GLW,buy,5480.8286618998545,90.46112111415195,495801.9053900381,495.8019053900381,rebalance,rebalance,0.0
2025-10-30,2025-10-31,INTC,buy,12187.854023367754,40.68000030517578,495801.9053900381,495.8019053900381,rebalance,rebalance,0.0
2025-10-30,2025-10-31,IVZ,buy,21759.153616827945,22.785900321352493,495801.90539003816,495.80190539003814,rebalance,rebalance,0.0
2025-10-30,2025-10-31,LRCX,buy,3060.986772145717,161.97453380123122,495801.9053900381,495.8019053900381,rebalance,rebalance,0.0
2025-10-30,2025-10-31,MU,buy,2179.086232653072,227.52743694148873,495801.90539003804,495.80190539003803,rebalance,rebalance,0.0
2025-10-30,2025-10-31,ORCL,buy,1928.9590771415264,257.0308055081987,495801.9053900381,495.8019053900381,rebalance,rebalance,0.0
2025-10-30,2025-10-31,TER,buy,2759.790503406859,179.6520079252353,495801.90539003816,495.80190539003814,rebalance,rebalance,0.0
2025-10-30,2025-10-31,WBD,buy,22393.943950235625,22.139999389648438,495801.90539003804,495.80190539003803,rebalance,rebalance,0.0
2025-11-28,2025-12-01,APP,sell,797.6734463888973,588.1300048828125,469135.6879195921,469.1356879195921,rebalance,rebalance,-83092.976592046
2025-11-28,2025-12-01,COIN,sell,1475.6009088989229,260.5299987792969,384438.30299416574,384.4383029941657,rebalance,rebalance,-167412.65926093818
2025-11-28,2025-12-01,FSLR,sell,1990.133246387792,269.2699890136719,535883.1573905839,535.8831573905838,rebalance,rebalance,39049.56693776524
2025-11-28,2025-12-01,GLW,sell,475.1521919236384,82.91128193311269,39395.477345717256,39.395477345717254,rebalance,rebalance,-3669.7009128687446
2025-11-28,2025-12-01,HOOD,sell,90.75524385458584,123.44999694824219,11203.734576885598,11.203734576885598,rebalance,rebalance,-2145.4794107002804
2025-11-28,2025-12-01,INTC,sell,1775.7354405003807,39.86000061035156,70780.81574216808,70.78081574216809,rebalance,rebalance,-1599.1202533024916
2025-11-28,2025-12-01,IVZ,sell,4269.82807883522,23.730306361246882,101324.32842061398,101.32432842061398,rebalance,rebalance,3833.8352215483874
2025-11-28,2025-12-01,LRCX,sell,371.27685729791756,154.30178948930674,57288.683477034654,57.28868347703465,rebalance,rebalance,-2966.1384743308367
2025-11-28,2025-12-01,MU,sell,390.66222225618594,232.06300667817794,90658.24989234911,90.6582498923491,rebalance,rebalance,1592.3311285007528
2025-11-28,2025-12-01,STX,sell,267.0195760061299,270.71242851583435,72285.51788188783,72.28551788188784,rebalance,rebalance,33903.61095734899
2025-11-28,2025-12-01,TER,sell,440.66935876067055,178.95876376542805,78861.6436731135,78.8616436731135,rebalance,rebalance,-463.52023817243116
2025-11-28,2025-12-01,WBD,sell,4970.473824905337,23.81999969482422,118396.6849923769,118.3966849923769,rebalance,rebalance,8121.954570267158
2025-11-28,2025-12-01,WDC,sell,598.6788710005271,159.9530101253862,95760.48751500208,95.76048751500208,rebalance,rebalance,40323.00042838251
2025-11-28,2025-12-01,ALB,buy,3256.6062411920147,127.44158253416418,415027.05306814634,415.02705306814636,rebalance,rebalance,0.0
2025-11-28,2025-12-01,AMD,buy,1940.4668206153483,213.8800048828125,415027.05306814634,415.02705306814636,rebalance,rebalance,0.0
2025-11-28,2025-12-01,ANET,buy,139.96845774900294,128.97999572753906,18053.13108245663,18.05313108245663,rebalance,rebalance,0.0
2025-11-28,2025-12-01,CAT,buy,732.0407059714013,566.9453210493465,415027.05306814634,415.02705306814636,rebalance,rebalance,0.0
2025-11-28,2025-12-01,ORCL,buy,160.96721257108584,198.58454104867837,31965.600032314134,31.965600032314136,rebalance,rebalance,0.0
2025-12-29,2025-12-30,AMD,sell,1940.4668206153483,215.8699951171875,418888.5630912996,418.8885630912996,rebalance,rebalance,3027.594406993862
2025-12-29,2025-12-30,ANET,sell,3217.7629618228634,134.25,431984.6776247194,431.9846776247194,rebalance,rebalance,-36356.63865807146
2025-12-29,2025-12-30,CAT,sell,732.0407059714013,576.4871384018078,422012.0517790923,422.0120517790923,rebalance,rebalance,6147.959606098747
2025-12-29,2025-12-30,HOOD,sell,3361.904117682167,117.625,395443.9718423649,395.4439718423649,rebalance,rebalance,-99039.8540980758
2025-12-29,2025-12-30,IVZ,sell,17489.325537992725,26.292045194727315,459830.13747020334,459.83013747020334,rebalance,rebalance,60461.76890795002
2025-12-29,2025-12-30,ORCL,sell,2089.9262897126123,194.18695089448133,405836.4137935086,405.8364137935086,rebalance,rebalance,-122864.69554805948
2025-12-29,2025-12-30,ALB,buy,1168.6343022062792,144.3331051752191,168672.61765170767,168.67261765170767,rebalance,rebalance,0.0
2025-12-29,2025-12-30,APP,buy,915.1996666662433,697.8900146484375,638708.7087759497,638.7087087759497,rebalance,rebalance,0.0
2025-12-29,2025-12-30,CHRW,buy,3952.8859514660817,161.58035334641002,638708.7087759497,638.7087087759497,rebalance,rebalance,0.0
2025-12-29,2025-12-30,FIX,buy,672.811794668728,949.3125920755155,638708.7087759497,638.7087087759497,rebalance,rebalance,0.0
2025-12-29,2025-12-30,FSLR,buy,2381.020349584155,268.25,638708.7087759497,638.7087087759497,rebalance,rebalance,0.0
2025-12-29,2025-12-30,GLW,buy,2185.3675227890335,88.82002521727587,194104.39848313766,194.10439848313766,rebalance,rebalance,0.0
2025-12-29,2025-12-30,GOOG,buy,2041.92127210325,312.79791121332386,638708.7087759497,638.7087087759497,rebalance,rebalance,0.0
2025-12-29,2025-12-30,GOOGL,buy,2047.8437874345382,311.8932765746258,638708.7087759497,638.7087087759497,rebalance,rebalance,0.0
2025-12-29,2025-12-30,INTC,buy,6892.371024729626,36.90999984741211,254397.41347107812,254.39741347107812,rebalance,rebalance,0.0
2025-12-29,2025-12-30,LRCX,buy,935.1027720355478,176.20461081676422,164769.4200202011,164.7694200202011,rebalance,rebalance,0.0
2025-12-29,2025-12-30,MU,buy,380.13828922599214,294.53094747936166,111962.49049891508,111.96249049891509,rebalance,rebalance,0.0
2025-12-29,2025-12-30,STX,buy,736.9986978585996,281.35823603015774,207360.65358601877,207.36065358601877,rebalance,rebalance,0.0
2025-12-29,2025-12-30,TER,buy,910.3250878949002,197.77654210188908,180040.9480724516,180.0409480724516,rebalance,rebalance,0.0
2025-12-29,2025-12-30,WBD,buy,4815.691575448618,28.719999313354492,138306.65874021134,138.30665874021133,rebalance,rebalance,0.0
2025-12-29,2025-12-30,WDC,buy,951.0056412273839,180.13681255023516,171311.12492799346,171.31112492799346,rebalance,rebalance,0.0
2026-01-28,2026-01-29,ALB,sell,544.2572156810616,183.13767354659427,99674.0002907766,99.6740002907766,rebalance,rebalance,27713.726348201853
2026-01-28,2026-01-29,CHRW,sell,226.07984958493853,190.71404260943257,43116.602066876076,43.11660206687608,rebalance,rebalance,6506.893422391169
2026-01-28,2026-01-29,FIX,sell,672.811794668728,1178.504746361433,792911.8934250498,792.9118934250498,rebalance,rebalance,152771.56404689926
2026-01-28,2026-01-29,FSLR,sell,2381.020349584155,230.22000122070312,548158.5077877832,548.1585077877832,rebalance,rebalance,-91737.0682047301
2026-01-28,2026-01-29,GLW,sell,7191.04399276525,104.42744452774342,750942.3476510557,750.9423476510557,rebalance,rebalance,102620.97790759585
2026-01-28,2026-01-29,INTC,sell,2360.1196078433295,47.560001373291016,112247.2917901598,112.2472917901598,rebalance,rebalance,19576.843493259523
2026-01-28,2026-01-29,LRCX,sell,725.4718780205694,245.14339795397703,177844.64129801554,177.84464129801555,rebalance,rebalance,57375.4696047919
2026-01-28,2026-01-29,MU,sell,549.9670637492995,439.11797215172794,241500.4217838325,241.5004217838325,rebalance,rebalance,109535.15767900423
2026-01-28,2026-01-29,STX,sell,687.7029166327825,449.1656691786534,308892.54074547545,308.89254074547546,rebalance,rebalance,179069.6494673785
2026-01-28,2026-01-29,TER,sell,398.81168800995283,251.09361400412868,100139.0680495061,100.1390680495061,rebalance,rebalance,26280.397480922224
2026-01-28,2026-01-29,WDC,sell,1049.9680547593543,284.78941161395466,299019.78452836507,299.01978452836505,rebalance,rebalance,176914.26816601565
2026-01-28,2026-01-29,APP,buy,376.8459418691791,550.0999755859375,207302.94342189506,207.30294342189507,rebalance,rebalance,0.0
2026-01-28,2026-01-29,CNC,buy,16886.534928357636,42.09000015258789,710754.2577112536,710.7542577112536,rebalance,rebalance,0.0
2026-01-28,2026-01-29,GM,buy,8300.939915237592,85.62334687022128,710754.2577112536,710.7542577112536,rebalance,rebalance,0.0
2026-01-28,2026-01-29,GOOG,buy,50.46894215702059,339.6853287055392,17143.55920602838,17.14355920602838,rebalance,rebalance,0.0
2026-01-28,2026-01-29,GOOGL,buy,44.82999236307205,339.6393000059441,15226.027225465612,15.226027225465613,rebalance,rebalance,0.0
2026-01-28,2026-01-29,NEM,buy,5352.350559369264,132.79291963921938,710754.2577112536,710.7542577112536,rebalance,rebalance,0.0
2026-01-28,2026-01-29,WBD,buy,2973.8302909225204,28.190000534057617,83832.27748930256,83.83227748930257,rebalance,rebalance,0.0
2026-02-26,2026-02-27,ALB,sell,1397.077405483064,182.62028045351724,255134.66760458937,255.13466760458937,rebalance,rebalance,70417.44840918946
2026-02-26,2026-02-27,APP,sell,1292.0456085354224,431.7900085449219,557892.3843499388,557.8923843499389,rebalance,rebalance,-289523.17188445356
2026-02-26,2026-02-27,CHRW,sell,3726.806101881143,180.58745233392577,673014.4192812446,673.0144192812446,rebalance,rebalance,69560.57941965593
2026-02-26,2026-02-27,CNC,sell,16886.534928357636,42.880001068115234,724094.6357647406,724.0946357647407,rebalance,rebalance,11905.529160011078
2026-02-26,2026-02-27,GM,sell,8300.939915237592,79.46411132151295,659626.8134976302,659.6268134976302,rebalance,rebalance,-52497.82528483212
2026-02-26,2026-02-27,GOOG,sell,2092.3902142602706,303.3464148812802,634719.0700285268,634.7190700285269,rebalance,rebalance,-22423.76929146169
2026-02-26,2026-02-27,GOOGL,sell,2092.67377979761,303.5495233120643,635230.1283052204,635.2301283052204,rebalance,rebalance,-19993.772560501475
2026-02-26,2026-02-27,INTC,sell,4741.679818030816,44.459999084472656,210815.08036851254,210.81508036851255,rebalance,rebalance,24647.01454515362
2026-02-26,2026-02-27,LRCX,sell,952.6476770100282,233.01648766122423,221982.61567550118,221.9826156755012,rebalance,rebalance,63801.02531715123
2026-02-26,2026-02-27,MU,sell,489.0266666538332,401.57951318695996,196383.0907302881,196.3830907302881,rebalance,rebalance,79058.90614201127
2026-02-26,2026-02-27,NEM,sell,1815.2058689805667,128.24230724039415,232786.1887543725,232.78618875437252,rebalance,rebalance,-8734.131009645795
2026-02-26,2026-02-27,STX,sell,445.5705956745501,399.0189538375982,177791.11294685444,177.79111294685444,rebalance,rebalance,93699.71877962656
2026-02-26,2026-02-27,TER,sell,1429.5319018027508,323.75329423063005,462815.66241641814,462.81566241641815,rebalance,rebalance,197966.97998997246
2026-02-26,2026-02-27,WBD,sell,9235.126338630927,28.389999389648438,262185.23111705825,262.18523111705827,rebalance,rebalance,39038.074789192535
2026-02-26,2026-02-27,WDC,sell,849.7903772548402,275.5962044080453,234199.0025139149,234.1990025139149,rebalance,rebalance,135380.86259075959
2026-02-26,2026-02-27,AMAT,buy,1242.4472750016541,365.09524811662715,453611.5961385562,453.6115961385562,rebalance,rebalance,0.0
2026-02-26,2026-02-27,CIEN,buy,1331.5669326079153,340.6600036621094,453611.5961385562,453.6115961385562,rebalance,rebalance,0.0
2026-02-26,2026-02-27,FIX,buy,320.19243804573864,1416.6842880710349,453611.5961385562,453.6115961385562,rebalance,rebalance,0.0
2026-02-26,2026-02-27,KLAC,buy,3037.4140158187806,149.34137848056199,453611.5961385562,453.6115961385562,rebalance,rebalance,0.0
2026-02-26,2026-02-27,MRNA,buy,8847.50520944977,51.27000045776367,453611.59613855614,453.61159613855614,rebalance,rebalance,0.0
2026-02-26,2026-02-27,SNDK,buy,723.3711548387067,627.0800170898438,453611.5961385562,453.6115961385562,rebalance,rebalance,0.0
2026-03-20,2026-03-23,ALB,sell,2483.9059222341684,159.3432498161405,395793.64188635,395.79364188635003,market_trend_exit,risk_exit,67437.16232396908
2026-03-20,2026-03-23,AMAT,sell,1242.4472750016541,366.9709128060676,455942.0106207683,455.9420106207683,market_trend_exit,risk_exit,1420.860875452841
2026-03-20,2026-03-23,CIEN,sell,1331.5669326079153,399.3999938964844,531827.8247563618,531.8278247563618,market_trend_exit,risk_exit,77230.78919691073
2026-03-20,2026-03-23,FIX,sell,320.19243804573864,1366.296776014938,437477.89580625546,437.47789580625545,market_trend_exit,risk_exit,-17024.7898242455
2026-03-20,2026-03-23,INTC,sell,10202.690181722854,44.5,454019.713086667,454.019713086667,market_trend_exit,risk_exit,53440.78212143198
2026-03-20,2026-03-23,KLAC,sell,3037.4140158187806,152.98361555560055,464674.57807921316,464.6745780792132,market_trend_exit,risk_exit,10144.695766439185
2026-03-20,2026-03-23,LRCX,sell,1946.6931318527497,230.22782447272576,448182.9246624556,448.18292466245566,market_trend_exit,risk_exit,124951.3130646324
2026-03-20,2026-03-23,MRNA,sell,8847.50520944977,51.23400115966797,453293.0921611179,453.2930921611179,market_trend_exit,risk_exit,-1225.4086657378687
2026-03-20,2026-03-23,MU,sell,1129.5685692197453,425.90552375147496,481089.49308673985,481.0894930867399,market_trend_exit,risk_exit,210063.06900335808
2026-03-20,2026-03-23,NEM,sell,3537.1446903886977,95.44798085708207,337613.3186969499,337.61331869694993,market_trend_exit,risk_exit,-132901.77301544786
2026-03-20,2026-03-23,SNDK,sell,723.3711548387067,716.0,517933.746864514,517.933746864514,market_trend_exit,risk_exit,63350.605382954804
2026-03-20,2026-03-23,STX,sell,1136.8171656406512,418.9699014127051,476292.17581273447,476.29217581273446,market_trend_exit,risk_exit,261720.9112376667
2026-03-20,2026-03-23,TER,sell,1401.102642728385,300.7808409695417,421424.831164491,421.424831164491,market_trend_exit,risk_exit,161875.4105495508
2026-03-20,2026-03-23,WBD,sell,15977.8656530705,27.739999771118164,443225.98955913243,443.2259895591324,market_trend_exit,risk_exit,57165.28594226782
2026-03-20,2026-03-23,WDC,sell,1645.928314262786,298.53214633195165,491362.51236540056,491.36251236540056,market_trend_exit,risk_exit,299927.4724051165
2026-04-24,2026-04-27,ALB,buy,2996.618859898107,189.51622381025723,567907.8905264875,567.9078905264874,rebalance,rebalance,0.0
2026-04-24,2026-04-27,APA,buy,15002.755338287521,37.85357274187949,567907.8905264875,567.9078905264874,rebalance,rebalance,0.0
2026-04-24,2026-04-27,CIEN,buy,1100.9807344861847,515.8200073242188,567907.8905264875,567.9078905264874,rebalance,rebalance,0.0
2026-04-24,2026-04-27,COHR,buy,1718.3294720922465,330.5,567907.8905264875,567.9078905264874,rebalance,rebalance,0.0
2026-04-24,2026-04-27,DOW,buy,14692.154386211301,38.65381996390355,567907.8905264875,567.9078905264874,rebalance,rebalance,0.0
2026-04-24,2026-04-27,FIX,buy,325.8194769898099,1743.0139406437295,567907.8905264875,567.9078905264874,rebalance,rebalance,0.0
2026-04-24,2026-04-27,KEYS,buy,1639.456987681694,346.3999938964844,567907.8905264875,567.9078905264874,rebalance,rebalance,0.0
2026-04-24,2026-04-27,LITE,buy,663.641498071183,855.7449951171875,567907.8905264875,567.9078905264874,rebalance,rebalance,0.0
2026-04-24,2026-04-27,LYB,buy,8233.068595841847,68.9788848368532,567907.8905264874,567.9078905264873,rebalance,rebalance,0.0
2026-04-24,2026-04-27,MRNA,buy,11216.8255687463,50.630001068115234,567907.8905264875,567.9078905264874,rebalance,rebalance,0.0
2026-04-24,2026-04-27,MU,buy,1112.4946391916217,510.4814625795857,567907.8905264875,567.9078905264874,rebalance,rebalance,0.0
2026-04-24,2026-04-27,SNDK,buy,556.9662771339435,1019.64501953125,567907.8905264875,567.9078905264874,rebalance,rebalance,0.0
2026-04-24,2026-04-27,STX,buy,948.2785629456831,598.8829788183422,567907.8905264875,567.9078905264874,rebalance,rebalance,0.0
2026-04-24,2026-04-27,TER,buy,1348.568220022758,421.11914109684693,567907.8905264875,567.9078905264874,rebalance,rebalance,0.0
2026-04-24,2026-04-27,WDC,buy,1379.6807502662357,411.6226818536816,567907.8905264875,567.9078905264874,rebalance,rebalance,0.0
2026-05-22,2026-05-26,ALB,sell,2996.618859898107,174.57437032437295,523132.8505688524,523.1328505688524,rebalance,rebalance,-45866.08069873041
2026-05-22,2026-05-26,APA,sell,15002.755338287521,38.25077894577524,573867.0780223854,573.8670780223854,rebalance,rebalance,4817.412527349084
2026-05-22,2026-05-26,CIEN,sell,441.32936266264585,591.0,260825.6533336237,260.8256533336237,rebalance,rebalance,32690.666084170298
2026-05-22,2026-05-26,COHR,sell,701.3102604365574,383.3299865722656,268833.2527161377,268.8332527161377,rebalance,rebalance,36549.595348065035
2026-05-22,2026-05-26,DOW,sell,14692.154386211301,35.4342970581187,520606.1629447529,520.6061629447529,rebalance,rebalance,-48390.24163520578
2026-05-22,2026-05-26,FIX,sell,118.05451610424251,1876.4182328243253,221519.6464852536,221.5196464852536,rebalance,rebalance,15321.688845798342
2026-05-22,2026-05-26,KEYS,sell,526.2246999648175,350.20001220703125,184283.89635132047,184.28389635132046,rebalance,rebalance,1633.0953661210451
2026-05-22,2026-05-26,LITE,sell,258.8129326416366,963.010009765625,249239.44479069253,249.23944479069254,rebalance,rebalance,27290.855694439866
2026-05-22,2026-05-26,LYB,sell,8233.068595841847,68.26383225009194,562020.8135300478,562.0208135300478,rebalance,rebalance,-7017.005700496135
2026-05-22,2026-05-26,MRNA,sell,2958.9571445138117,47.209999084472656,139692.3640834909,139.6923640834909,rebalance,rebalance,-10409.143671221324
2026-05-22,2026-05-26,MU,sell,637.2796282806842,820.373834573117,522807.5323479555,522.8075323479555,rebalance,rebalance,196639.96866199235
2026-05-22,2026-05-26,SNDK,sell,303.02449023357644,1535.2099609375,465206.21581459476,465.20621581459477,rebalance,rebalance,155454.61992385538
2026-05-22,2026-05-26,STX,sell,478.90173754935506,830.577778139196,397765.1411207437,397.7651411207437,rebalance,rebalance,110274.47073564044
2026-05-22,2026-05-26,TER,sell,299.12737480363967,371.487313957474,111122.02499695469,111.12202499695469,rebalance,rebalance,-15083.328447061478
2026-05-22,2026-05-26,WDC,sell,607.2313412167266,504.69837400409523,306468.67055640783,306.46867055640786,rebalance,rebalance,55962.05851543717
2026-05-22,2026-05-26,GEV,buy,372.9781873519464,1045.2460062492632,389853.9607477115,389.8539607477115,rebalance,rebalance,0.0
2026-05-22,2026-05-26,GLW,buy,1966.7506962971656,198.22235806586775,389853.9607477115,389.8539607477115,rebalance,rebalance,0.0
2026-05-22,2026-05-26,INTC,buy,3192.907171332524,122.0999984741211,389853.9607477115,389.8539607477115,rebalance,rebalance,0.0
2026-05-22,2026-05-26,ON,buy,3174.706441850784,122.80000305175781,389853.9607477115,389.8539607477115,rebalance,rebalance,0.0
2026-06-23,2026-06-24,CIEN,sell,40.75522191284779,449.3599853515625,18313.76592175696,18.31376592175696,rebalance,rebalance,-2747.9290686156837
2026-06-23,2026-06-24,COHR,sell,294.8505270276996,385.1000061035156,113546.93975799193,113.54693975799194,rebalance,rebalance,15887.845536396559
2026-06-23,2026-06-24,FIX,sell,207.7649608855674,1920.3056202724492,398972.2220842407,398.9722220842407,rebalance,rebalance,36073.88943811246
2026-06-23,2026-06-24,GEV,sell,372.9781873519464,1046.1600341796875,390194.8732283902,390.1948732283902,rebalance,rebalance,-439.1363532973308
2026-06-23,2026-06-24,GLW,sell,533.6119679687811,194.0546015265328,103549.8578139708,103.5498578139708,rebalance,rebalance,-2433.2884493661772
2026-06-23,2026-06-24,INTC,sell,1102.6617111364799,133.0500030517578,146709.14403176514,146.70914403176513,rebalance,rebalance,11792.8066472502
2026-06-23,2026-06-24,KEYS,sell,1113.2322877168765,350.0,389631.3007009068,389.63130070090676,rebalance,rebalance,3232.3880720400484
2026-06-23,2026-06-24,LITE,sell,67.72897166226574,825.0,55876.40162136923,55.87640162136923,rebalance,rebalance,-2196.1620331942718
2026-06-23,2026-06-24,MRNA,sell,8257.868424232489,61.16999816894531,505133.79638969264,505.13379638969263,rebalance,rebalance,86114.67956691781
2026-06-23,2026-06-24,MU,sell,218.19707530743295,1082.05353141983,236100.91588188644,236.10091588188644,rebalance,rebalance,124367.86727034465
2026-06-23,2026-06-24,ON,sell,800.5629698764901,117.13999938964844,93777.9458027072,93.7779458027072,rebalance,rebalance,-4723.27642219675
2026-06-23,2026-06-24,SNDK,sell,114.01576779192018,1987.530029296875,226609.76229978082,226.60976229978084,rebalance,rebalance,110011.28715064107
2026-06-23,2026-06-24,STX,sell,198.77085024169838,1027.719970703125,204280.7723870335,204.2807723870335,rebalance,rebalance,84916.97224074855
2026-06-23,2026-06-24,TER,sell,1049.4408452191183,422.90756113971116,443816.4684120144,443.81646841201444,rebalance,rebalance,991.0849456076364
2026-06-23,2026-06-24,WDC,sell,350.08942427042484,658.4600219726562,230519.8899974985,230.51988999749852,rebalance,rebalance,86040.51765299057
2026-06-23,2026-06-24,AMD,buy,533.9794188914107,520.8200073242188,278107.1648580066,278.10716485800657,rebalance,rebalance,0.0
2026-06-23,2026-06-24,DELL,buy,660.4707315921921,421.0741696116883,278107.1648580066,278.10716485800657,rebalance,rebalance,0.0
2026-06-23,2026-06-24,FLEX,buy,1832.183787858523,151.7899932861328,278107.1648580066,278.10716485800657,rebalance,rebalance,0.0
2026-06-23,2026-06-24,MRVL,buy,986.6137756921962,281.8804801938732,278107.1648580066,278.10716485800657,rebalance,rebalance,0.0
2026-06-23,2026-06-24,VRT,buy,859.0713107217967,323.7300109863281,278107.1648580066,278.10716485800657,rebalance,rebalance,0.0
