signal_date,execution_date,ticker,side,quantity,price,notional,cost,reason,event_type,realized_pnl
2005-01-03,2005-01-04,AAPL,buy,6032.280795978466,0.9539675764637918,5754.60029148865,5.75460029148865,rebalance,rebalance,0.0
2005-01-03,2005-01-04,ADBE,buy,185.04193114171233,31.09889880624707,5754.60029148865,5.75460029148865,rebalance,rebalance,0.0
2005-01-03,2005-01-04,ADSK,buy,153.65806432071525,37.45068842906704,5754.60029148865,5.75460029148865,rebalance,rebalance,0.0
2005-01-03,2005-01-04,AMD,buy,267.90504721256275,21.479999542236328,5754.600291488649,5.754600291488649,rebalance,rebalance,0.0
2005-01-03,2005-01-04,BEN,buy,506.91398084625104,11.35222248532546,5754.60029148865,5.75460029148865,rebalance,rebalance,0.0
2005-01-03,2005-01-04,HUM,buy,225.0212692536837,25.57358382420752,5754.60029148865,5.75460029148865,rebalance,rebalance,0.0
2005-01-03,2005-01-04,NSC,buy,261.85122748801246,21.976602312288552,5754.60029148865,5.75460029148865,rebalance,rebalance,0.0
2005-01-03,2005-01-04,NTAP,buy,240.8215591909725,23.8957023234171,5754.60029148865,5.75460029148865,rebalance,rebalance,0.0
2005-01-03,2005-01-04,NUE,buy,418.21196691202033,13.760008672107777,5754.60029148865,5.75460029148865,rebalance,rebalance,0.0
2005-01-03,2005-01-04,PCAR,buy,496.8588971692671,11.581960842955793,5754.60029148865,5.75460029148865,rebalance,rebalance,0.0
2005-01-03,2005-01-04,PH,buy,164.4155458406708,35.00034173815429,5754.60029148865,5.75460029148865,rebalance,rebalance,0.0
2005-01-03,2005-01-04,QLGC,buy,311.6490815861712,18.465,5754.60029148865,5.75460029148865,rebalance,rebalance,0.0
2005-01-03,2005-01-04,UNH,buy,173.30943817096244,33.204194487157594,5754.60029148865,5.75460029148865,rebalance,rebalance,0.0
2005-01-03,2005-01-04,X,buy,132.98613331842242,43.27218295542,5754.60029148865,5.75460029148865,rebalance,rebalance,0.0
2005-01-04,2005-01-05,AMD,sell,267.90504721256275,20.31999969482422,5443.830477601143,5.443830477601143,sma50_exit,risk_exit,-321.9682446565957
2005-01-04,2005-01-05,PH,sell,164.4155458406708,34.26913793368278,5634.379018855691,5.634379018855691,sma50_exit,risk_exit,-131.61025194330202
2005-01-05,2005-01-06,ADBE,sell,185.04193114171233,30.1090915095642,5571.444437852294,5.5714444378522945,sma50_exit,risk_exit,-194.4818983656959
2005-01-05,2005-01-06,NUE,sell,418.21196691202033,13.547305980453796,5665.645480444558,5.665645480444558,sma50_exit,risk_exit,-100.37505681602467
2005-01-05,2005-01-06,PCAR,sell,496.8588971692671,10.85256436125743,5392.193159992858,5.392193159992859,sma50_exit,risk_exit,-373.55392494727306
2005-01-06,2005-01-07,QLGC,sell,311.6490815861712,16.875,5259.0782517666385,5.259078251766638,sma50_exit,risk_exit,-506.5357182652671
2005-01-11,2005-01-12,ADSK,sell,153.65806432071525,32.933016111959994,5060.4235080067,5.0604235080067,sma50_exit,risk_exit,-704.9918072814442
2005-01-11,2005-01-12,X,sell,132.98613331842242,41.456257160975,5513.107341692225,5.513107341692225,sma50_exit,risk_exit,-252.76065742960486
2005-01-20,2005-01-21,BEN,sell,506.91398084625104,10.87384051704875,5512.101783584439,5.512101783584439,sma50_exit,risk_exit,-253.7652099792844
2005-01-24,2005-01-25,NSC,sell,261.85122748801246,21.0730253395149,5517.997552037967,5.517997552037967,sma50_exit,risk_exit,-247.87533729420932
2005-01-24,2005-01-25,NTAP,sell,240.8215591909725,22.336812762656933,5379.186076859856,5.379186076859856,sma50_exit,risk_exit,-386.54800099714186
2005-02-01,2005-02-02,AAPL,sell,2375.3305091744724,1.1657276406827075,2768.988430301612,2.768988430301612,rebalance,rebalance,497.9651644444969
2005-02-01,2005-02-02,HUM,sell,85.10745118952909,30.46881350900777,2593.123058520743,2.593123058520743,rebalance,rebalance,411.8508958650905
2005-02-01,2005-02-02,UNH,sell,173.30943817096244,34.62285502142428,6000.467551637727,6.000467551637728,rebalance,rebalance,234.11219230595069
2005-02-01,2005-02-02,BEN,buy,384.31035409197153,11.092618204373865,4263.00802992997,4.26300802992997,rebalance,rebalance,0.0
2005-02-01,2005-02-02,MON,buy,187.34969705475712,22.754283016983,4263.00802992997,4.26300802992997,rebalance,rebalance,0.0
2005-02-01,2005-02-02,MWW,buy,144.80326188620822,29.44,4263.00802992997,4.26300802992997,rebalance,rebalance,0.0
2005-02-01,2005-02-02,NCR,buy,536.7369626692358,7.94245287063833,4263.00802992997,4.26300802992997,rebalance,rebalance,0.0
2005-02-01,2005-02-02,NTAP,buy,180.61334399593835,23.6029516735255,4263.00802992997,4.26300802992997,rebalance,rebalance,0.0
2005-02-01,2005-02-02,NVDA,buy,23017.91803572753,0.18520389304163357,4263.00802992997,4.26300802992997,rebalance,rebalance,0.0
2005-02-01,2005-02-02,QLGC,buy,213.89904816507627,19.93,4263.00802992997,4.26300802992997,rebalance,rebalance,0.0
2005-02-02,2005-02-03,MWW,sell,144.80326188620822,29.32,4245.631638503625,4.2456316385036255,sma50_exit,risk_exit,-25.88503109477836
2005-02-02,2005-02-03,NTAP,sell,180.61334399593835,22.783250827416552,4114.959119037932,4.114959119037932,sma50_exit,risk_exit,-156.42687804100476
2005-02-03,2005-02-04,BEN,sell,384.31035409197153,10.93914966924382,4204.028482852165,4.2040284828521655,sma50_exit,risk_exit,-67.44658359058558
2005-03-02,2005-03-03,AAPL,buy,486.1847533711707,1.3270906130275388,645.2112223959897,0.6452112223959897,rebalance,rebalance,0.0
2005-03-02,2005-03-03,ADM,buy,380.21701544389094,14.460993056564897,5498.315620321935,5.498315620321935,rebalance,rebalance,0.0
2005-03-02,2005-03-03,ELV,buy,113.96100957962624,48.247340389523146,5498.315620321935,5.498315620321935,rebalance,rebalance,0.0
2005-03-02,2005-03-03,HAL,buy,348.34669229383564,15.784032809715969,5498.315620321935,5.498315620321935,rebalance,rebalance,0.0
2005-03-02,2005-03-03,HUM,buy,45.037734389868916,29.728410209958863,1338.9002428691945,1.3389002428691945,rebalance,rebalance,0.0
2005-03-02,2005-03-03,MON,buy,37.701949982037405,24.431350282111,921.1095463297844,0.9211095463297844,rebalance,rebalance,0.0
2005-03-02,2005-03-03,NCR,buy,91.44400655633001,8.752757389483431,800.3872041098888,0.8003872041098888,rebalance,rebalance,0.0
2005-03-02,2005-03-03,NUE,buy,327.85600976880465,16.770519546672947,5498.315620321935,5.498315620321935,rebalance,rebalance,0.0
2005-03-02,2005-03-03,NVDA,buy,2715.1710315544733,0.21366714295147318,580.1428369368485,0.5801428369368485,rebalance,rebalance,0.0
2005-03-02,2005-03-03,QLGC,buy,53.91954025781391,20.53,1106.9681614929195,1.1069681614929197,rebalance,rebalance,0.0
2005-03-02,2005-03-03,ROK,buy,142.28979910858948,38.64167111604294,5498.315620321935,5.498315620321935,rebalance,rebalance,0.0
2005-03-02,2005-03-03,VLO,buy,303.70059410579563,18.104395338807173,5498.315620321936,5.498315620321936,rebalance,rebalance,0.0
2005-03-02,2005-03-03,WMB,buy,873.6058609350428,6.293817230618104,5498.315620321935,5.498315620321935,rebalance,rebalance,0.0
2005-03-10,2005-03-11,HAL,sell,348.34669229383564,14.428963617254938,5026.281749298856,5.026281749298856,sma50_exit,risk_exit,-482.55846839269907
2005-03-15,2005-03-16,ELV,sell,113.96100957962624,47.725314514337946,5438.825024559142,5.438825024559142,sma50_exit,risk_exit,-70.42773640767356
2005-03-17,2005-03-18,NVDA,sell,25733.089067282002,0.1884089740580657,4848.344910511429,4.848344910511429,sma50_exit,risk_exit,-4.497452132766643
2005-03-18,2005-03-21,HUM,sell,184.95155245402353,27.96022432910896,5171.286896631461,5.171286896631461,sma50_exit,risk_exit,244.20061443975905
2005-03-21,2005-03-22,QLGC,sell,267.8185884228902,19.51,5225.140660130588,5.225140660130588,sma50_exit,risk_exit,-155.4306481438542
2005-03-22,2005-03-23,ADM,sell,380.21701544389094,14.040544579266252,5338.453955135516,5.338453955135516,sma50_exit,risk_exit,-170.6984347618762
2005-03-23,2005-03-24,ROK,sell,142.28979910858948,37.0577862776402,5272.944964854468,5.272944964854468,sma50_exit,risk_exit,-236.1419160526433
2005-03-29,2005-03-30,NCR,sell,628.1809692255658,7.278156342399982,4571.99930534402,4.57199930534402,sma50_exit,risk_exit,-501.0313232352216
2005-03-29,2005-03-30,NUE,sell,327.85600976880465,15.525951221941375,5090.276415490795,5.090276415490796,sma50_exit,risk_exit,-418.62779686695154
2005-03-31,2005-04-01,MON,sell,5.982582586219337,26.708849037223,159.78789514805143,0.15978789514805145,rebalance,rebalance,21.68010128649464
2005-03-31,2005-04-01,AAPL,buy,504.65478058382723,1.258895689517345,635.3077279713017,0.6353077279713018,rebalance,rebalance,0.0
2005-03-31,2005-04-01,ADM,buy,399.7012018117786,14.638641426681009,5851.0825711360885,5.8510825711360885,rebalance,rebalance,0.0
2005-03-31,2005-04-01,AES,buy,569.2097534644798,10.279308349028863,5851.0825711360885,5.8510825711360885,rebalance,rebalance,0.0
2005-03-31,2005-04-01,ELV,buy,117.79670319304964,49.671021450805085,5851.0825711360885,5.8510825711360885,rebalance,rebalance,0.0
2005-03-31,2005-04-01,JWN,buy,297.0911516106881,19.694570300779,5851.0825711360885,5.8510825711360885,rebalance,rebalance,0.0
2005-03-31,2005-04-01,MCK,buy,181.57313523399398,32.22438475601457,5851.0825711360885,5.8510825711360885,rebalance,rebalance,0.0
2005-03-31,2005-04-01,MO,buy,1357.2755543626402,4.310902493107735,5851.0825711360885,5.8510825711360885,rebalance,rebalance,0.0
2005-03-31,2005-04-01,VLO,buy,1.837413976774883,19.150097259110414,35.18665636048785,0.03518665636048785,rebalance,rebalance,0.0
2005-03-31,2005-04-01,WMB,buy,50.64864125610961,6.33059677530895,320.63612500970737,0.3206361250097074,rebalance,rebalance,0.0
2005-04-01,2005-04-04,AAPL,sell,4647.7898207589915,1.2259964454998864,5698.173799681078,5.698173799681078,sma50_exit,risk_exit,918.5755422104137
2005-04-05,2005-04-06,ADM,sell,399.7012018117786,13.324007834264643,5325.621944305131,5.325621944305132,sma50_exit,risk_exit,-536.6373313463974
2005-04-12,2005-04-13,WMB,sell,924.2545021911524,6.0429898048688795,5585.260533845295,5.585260533845295,sma50_exit,risk_exit,-245.0954237655231
2005-04-14,2005-04-15,ELV,sell,117.79670319304964,48.54393743713775,5718.315790104486,5.718315790104486,sma50_exit,risk_exit,-144.33617939284204
2005-04-14,2005-04-15,MON,sell,219.06906445057518,23.780261586838,5209.519658218552,5.209519658218552,sma50_exit,risk_exit,152.95645069072825
2005-04-15,2005-04-18,AES,sell,569.2097534644798,10.217009272898691,5815.621329370968,5.815621329370968,market_trend_exit,risk_exit,-47.12794566562591
2005-04-15,2005-04-18,JWN,sell,297.0911516106881,18.755032483057,5571.954198887267,5.571954198887267,market_trend_exit,risk_exit,-290.5514090188444
2005-04-15,2005-04-18,MCK,sell,181.57313523399398,31.789182464719364,5772.061526644599,5.7720615266446,market_trend_exit,risk_exit,-90.64418858926939
2005-04-15,2005-04-18,MO,sell,1357.2755543626402,4.23905214813623,5753.561854333742,5.753561854333743,market_trend_exit,risk_exit,-109.1253612278144
2005-04-15,2005-04-18,VLO,sell,305.5380080825705,16.83192406483201,5142.792550965855,5.142792550965855,market_trend_exit,risk_exit,-401.3860205442166
2005-05-26,2005-05-27,CI,buy,199.57142220661203,29.357107434542616,5858.839682583974,5.858839682583974,rebalance,rebalance,0.0
2005-05-26,2005-05-27,CMS,buy,832.333716859048,7.039051241001381,5858.839682583974,5.858839682583974,rebalance,rebalance,0.0
2005-05-26,2005-05-27,ELV,buy,110.1887524365205,53.17094125336647,5858.839682583974,5.858839682583974,rebalance,rebalance,0.0
2005-05-26,2005-05-27,EOG,buy,340.94633154872497,17.184052563260035,5858.839682583974,5.858839682583974,rebalance,rebalance,0.0
2005-05-26,2005-05-27,HSY,buy,152.5642357277311,38.40244507264314,5858.839682583974,5.858839682583974,rebalance,rebalance,0.0
2005-05-26,2005-05-27,HUM,buy,183.4777453375032,31.932154342788383,5858.839682583974,5.858839682583974,rebalance,rebalance,0.0
2005-05-26,2005-05-27,JWN,buy,272.38746584006435,21.50921175655,5858.839682583974,5.858839682583974,rebalance,rebalance,0.0
2005-05-26,2005-05-27,MCK,buy,172.27812504797865,34.00803021830145,5858.839682583974,5.858839682583974,rebalance,rebalance,0.0
2005-05-26,2005-05-27,MRO,buy,520.8333917533637,11.248970928804,5858.839682583974,5.858839682583974,rebalance,rebalance,0.0
2005-05-26,2005-05-27,PEG,buy,460.908770031616,12.711495340351384,5858.839682583974,5.858839682583974,rebalance,rebalance,0.0
2005-05-26,2005-05-27,PHM,buy,185.66696511378052,31.55563876963011,5858.839682583974,5.858839682583974,rebalance,rebalance,0.0
2005-06-22,2005-06-23,HSY,sell,152.5642357277311,37.85554170675862,5775.401788550878,5.775401788550878,sma50_exit,risk_exit,-95.07213550422973
2005-06-24,2005-06-27,CMS,sell,12.024278386219407,8.084247589111328,97.2072435545977,0.0972072435545977,rebalance,rebalance,12.385885102682638
2005-06-24,2005-06-27,ELV,sell,110.1887524365205,54.021198299055314,5952.528445698788,5.952528445698788,rebalance,rebalance,81.87739498653275
2005-06-24,2005-06-27,MRO,sell,1.354586141407026,12.765842472605,17.292433296775933,0.017292433296775933,rebalance,rebalance,2.0222030381054914
2005-06-24,2005-06-27,PEG,sell,460.908770031616,13.75599966009967,6340.260883891866,6.340260883891866,rebalance,rebalance,469.2221007414174
2005-06-24,2005-06-27,PHM,sell,185.66696511378052,33.580475578811814,6234.784987795412,6.234784987795412,rebalance,rebalance,363.85168054105895
2005-06-24,2005-06-27,AAPL,buy,6018.477869748757,1.1018707294135268,6631.584600299232,6.631584600299232,rebalance,rebalance,0.0
2005-06-24,2005-06-27,CI,buy,8.934726281074433,31.805223243528797,284.17096398939617,0.2841709639893962,rebalance,rebalance,0.0
2005-06-24,2005-06-27,COP,buy,297.68775430671514,22.276981516231753,6631.584600299233,6.631584600299233,rebalance,rebalance,0.0
2005-06-24,2005-06-27,CVS,buy,357.43503779427397,18.55325835212641,6631.584600299232,6.631584600299232,rebalance,rebalance,0.0
2005-06-24,2005-06-27,EFX,buy,233.50045399369938,28.400735359932852,6631.584600299232,6.631584600299232,rebalance,rebalance,0.0
2005-06-24,2005-06-27,EOG,buy,8.520133714947576,18.976311776569748,161.68071375290864,0.16168071375290866,rebalance,rebalance,0.0
2005-06-24,2005-06-27,GLW,buy,607.83073534042,10.910248881352084,6631.584600299232,6.631584600299232,rebalance,rebalance,0.0
2005-06-24,2005-06-27,HUM,buy,18.470644883075437,32.83801664898575,606.5393441879346,0.6065393441879346,rebalance,rebalance,0.0
2005-06-24,2005-06-27,JCP,buy,170.91051628438984,38.80150118594504,6631.584600299232,6.631584600299232,rebalance,rebalance,0.0
2005-06-24,2005-06-27,JWN,buy,11.743836988369765,23.339859192859,274.0995016924396,0.27409950169243963,rebalance,rebalance,0.0
2005-06-24,2005-06-27,MCK,buy,8.172100959947528,36.75021498730594,300.32646717604086,0.3003264671760409,rebalance,rebalance,0.0
2005-06-24,2005-06-27,OXY,buy,300.5093709907116,22.067812988448225,6631.584600299231,6.631584600299231,rebalance,rebalance,0.0
2005-06-24,2005-06-27,VLO,buy,325.80149439066156,20.354678276421414,6631.584600299232,6.631584600299232,rebalance,rebalance,0.0
2005-06-27,2005-06-28,AAPL,sell,6018.477869748757,1.1213120891099477,6748.591993389967,6.748591993389967,sma50_exit,risk_exit,103.62721649704577
2005-07-21,2005-07-22,HUM,sell,201.94839022057863,33.37804953661802,6740.64337262274,6.74064337262274,sma50_exit,risk_exit,262.0583234514379
2005-07-25,2005-07-26,COP,sell,1.4031532827836486,23.61209215377334,33.13138461895709,0.033131384618957094,rebalance,rebalance,1.8089754695818832
2005-07-25,2005-07-26,CVS,sell,357.43503779427397,19.642884539825133,7021.055177880956,7.021055177880956,rebalance,rebalance,375.81793780354434
2005-07-25,2005-07-26,EFX,sell,233.50045399369938,29.56112727037482,6902.5366381980475,6.902536638198048,rebalance,rebalance,257.41791666031844
2005-07-25,2005-07-26,EOG,sell,31.85135080133881,22.02634252769695,701.5687627201233,0.7015687627201234,rebalance,rebalance,151.59140375343398
2005-07-25,2005-07-26,GLW,sell,16.642531622609,11.833624654764517,196.94147252700398,0.19694147252700397,rebalance,rebalance,14.988794874022048
2005-07-25,2005-07-26,JCP,sell,170.91051628438984,42.70198438502745,7298.218197612995,7.298218197612996,rebalance,rebalance,652.703794515851
2005-07-25,2005-07-26,JWN,sell,14.182606966660217,25.915662532792,367.5516559831909,0.36755165598319095,rebalance,rebalance,60.74814954049755
2005-07-25,2005-07-26,CI,buy,17.1422088823316,31.003546334924852,531.4692673663282,0.5314692673663282,rebalance,rebalance,0.0
2005-07-25,2005-07-26,CMS,buy,24.447767072236843,8.281550316705555,202.46541313982667,0.20246541313982666,rebalance,rebalance,0.0
2005-07-25,2005-07-26,DVN,buy,205.6309874902507,34.021619934362874,6995.899303121037,6.995899303121036,rebalance,rebalance,0.0
2005-07-25,2005-07-26,JBL,buy,282.0393846908099,24.80468928405301,6995.899303121037,6.995899303121036,rebalance,rebalance,0.0
2005-07-25,2005-07-26,MCK,buy,4.0771728707481145,37.91252326556015,154.57591131994855,0.15457591131994855,rebalance,rebalance,0.0
2005-07-25,2005-07-26,MRO,buy,0.570475506920161,13.452377605579,7.674251933824102,0.007674251933824102,rebalance,rebalance,0.0
2005-07-25,2005-07-26,ODP,buy,256.59655799786293,27.264197765191,6995.8993031210375,6.995899303121037,rebalance,rebalance,0.0
2005-07-25,2005-07-26,OXY,buy,2.262627980818934,23.106163472464495,52.28065200217454,0.05228065200217454,rebalance,rebalance,0.0
2005-07-25,2005-07-26,TXN,buy,357.0412482074134,19.59409266645001,6995.899303121037,6.995899303121036,rebalance,rebalance,0.0
2005-07-25,2005-07-26,VLO,buy,0.8084611856389188,21.419736856388322,17.31702585498935,0.01731702585498935,rebalance,rebalance,0.0
2005-07-26,2005-07-27,CI,sell,225.64835737001806,30.914129702401755,6975.722586870641,6.975722586870641,sma50_exit,risk_exit,287.5924704301335
2005-08-04,2005-08-05,JWN,sell,269.9486958617739,23.966793246389,6469.804580851481,6.469804580851481,sma50_exit,risk_exit,630.6986075966499
2005-08-05,2005-08-08,JBL,sell,282.0393846908099,23.60320786914926,6657.034224144139,6.657034224144139,sma50_exit,risk_exit,-352.51801250416156
2005-08-17,2005-08-18,OXY,sell,302.77199897153054,21.883585045529934,6625.73678889859,6.62573678889859,sma50_exit,risk_exit,-71.43806544401583
2005-08-22,2005-08-23,CMS,sell,844.7572055450654,8.532187646203603,7207.626993193085,7.2076269931930845,rebalance,rebalance,1217.777116588728
2005-08-22,2005-08-23,COP,sell,296.2846010239315,24.099991945947135,7140.4564983849095,7.14045649838491,rebalance,rebalance,526.3891347517497
2005-08-22,2005-08-23,DVN,sell,205.6309874902507,35.686119639793354,7338.172021225937,7.338172021225937,rebalance,rebalance,327.9386467805551
2005-08-22,2005-08-23,EOG,sell,3.8045907403387105,20.971974344651663,79.78977939828272,0.07978977939828272,rebalance,rebalance,14.09991240939885
2005-08-22,2005-08-23,GLW,sell,61.706433635696726,12.42956155328773,766.9839151087568,0.7669839151087569,rebalance,rebalance,92.3111500990153
2005-08-22,2005-08-23,MCK,sell,184.5273988786743,39.52782303791425,7293.966368522854,7.293966368522854,rebalance,rebalance,966.6165990132893
2005-08-22,2005-08-23,MRO,sell,520.0492811188768,14.10658525598,7336.119521414546,7.336119521414546,rebalance,rebalance,1471.6558912661906
2005-08-22,2005-08-23,ODP,sell,22.309056506887686,28.090385576257,626.6699991209802,0.6266699991209802,rebalance,rebalance,17.196562034693706
2005-08-22,2005-08-23,TXN,sell,357.0412482074134,19.584951977177298,6992.635700013631,6.992635700013632,rebalance,rebalance,-17.25213811053936
2005-08-22,2005-08-23,VLO,sell,326.6099555763005,22.409210152080895,7319.071132271123,7.319071132271123,rebalance,rebalance,656.2015333584783
2005-08-22,2005-08-23,AMGN,buy,124.88238658105298,52.69939526906733,6581.226252579381,6.581226252579381,rebalance,rebalance,0.0
2005-08-22,2005-08-23,BRCM,buy,250.33142643982904,26.290052136787065,6581.226252579381,6.581226252579381,rebalance,rebalance,0.0
2005-08-22,2005-08-23,MSI,buy,105.15446142474805,62.58627701963098,6581.226252579381,6.581226252579381,rebalance,rebalance,0.0
2005-09-20,2005-09-21,EOG,sell,313.810523721995,24.73174166812615,7761.080805431754,7.761080805431754,rebalance,rebalance,2341.664675306559
2005-09-20,2005-09-21,ODP,sell,234.28750149097525,27.00176163697,6326.175269780567,6.326175269780567,rebalance,rebalance,-74.19934082620583
2005-09-20,2005-09-21,A,buy,357.7786170253981,20.13041554802545,7202.232234919116,7.202232234919117,rebalance,rebalance,0.0
2005-09-20,2005-09-21,ADSK,buy,171.84997044002247,41.90999984741211,7202.232234919117,7.2022322349191175,rebalance,rebalance,0.0
2005-09-20,2005-09-21,AMD,buy,322.68066009827237,22.31999969482422,7202.232234919116,7.202232234919117,rebalance,rebalance,0.0
2005-09-20,2005-09-21,AMGN,buy,1.5816157173327667,56.950848494623756,90.07435709453407,0.09007435709453407,rebalance,rebalance,0.0
2005-09-20,2005-09-21,BRCM,buy,8.445748518344885,27.83179094556238,235.06030714136804,0.23506030714136805,rebalance,rebalance,0.0
2005-09-20,2005-09-21,CI,buy,214.95826645857576,33.50525826978162,7202.232234919117,7.2022322349191175,rebalance,rebalance,0.0
2005-09-20,2005-09-21,ETFC,buy,43.1271391312522,167.0,7202.232234919117,7.2022322349191175,rebalance,rebalance,0.0
2005-09-20,2005-09-21,GLW,buy,17.946908056687562,13.156475943872591,236.1180641147031,0.2361180641147031,rebalance,rebalance,0.0
2005-09-20,2005-09-21,HPQ,buy,945.4345089422055,7.6179070753164035,7202.232234919117,7.2022322349191175,rebalance,rebalance,0.0
2005-09-20,2005-09-21,HUM,buy,176.114784651763,40.89510286805452,7202.232234919117,7.2022322349191175,rebalance,rebalance,0.0
2005-09-20,2005-09-21,MRO,buy,442.2157305302817,16.286693886449,7202.232234919117,7.2022322349191175,rebalance,rebalance,0.0
2005-09-20,2005-09-21,MSI,buy,2.972835806590524,66.60882514717747,198.01710043245652,0.19801710043245652,rebalance,rebalance,0.0
2005-09-20,2005-09-21,SCHW,buy,691.0438622425335,10.422250494414163,7202.232234919117,7.2022322349191175,rebalance,rebalance,0.0
2005-09-20,2005-09-21,SWY,buy,387.2983815521023,18.596081414169863,7202.232234919117,7.2022322349191175,rebalance,rebalance,0.0
2005-09-22,2005-09-23,GLW,sell,547.4286781388018,12.213454149648506,6685.995060650946,6.685995060650946,sma50_exit,risk_exit,660.4002157870348
2005-09-27,2005-09-28,AMGN,sell,126.46400229838575,53.55367584205632,6772.612184776816,6.772612184776817,sma50_exit,risk_exit,87.86766230845151
2005-10-05,2005-10-06,HUM,sell,176.114784651763,38.93526678068144,6857.076124438653,6.857076124438653,sma50_exit,risk_exit,-359.21541883982127
2005-10-05,2005-10-06,MRO,sell,442.2157305302817,14.164876930591,6263.931399732833,6.263931399732833,sma50_exit,risk_exit,-951.7669988209353
2005-10-06,2005-10-07,A,sell,357.7786170253981,18.70187990898927,6691.132729613259,6.691132729613258,market_trend_exit,risk_exit,-524.99287027039
2005-10-06,2005-10-07,ADSK,sell,171.84997044002247,43.58000183105469,7489.222026442873,7.4892220264428735,market_trend_exit,risk_exit,272.29833726239514
2005-10-06,2005-10-07,AMD,sell,322.68066009827237,24.010000228881836,7747.562722815262,7.747562722815262,market_trend_exit,risk_exit,530.3806929384109
2005-10-06,2005-10-07,BRCM,sell,258.77717495817393,28.531455545528683,7383.289463516638,7.383289463516638,market_trend_exit,risk_exit,552.803327772651
2005-10-06,2005-10-07,CI,sell,214.95826645857576,34.539623705743665,7424.577635918186,7.424577635918187,market_trend_exit,risk_exit,207.71859112823373
2005-10-06,2005-10-07,ETFC,sell,43.1271391312522,169.20000000000002,7297.111941007873,7.297111941007873,market_trend_exit,risk_exit,80.38036191282974
2005-10-06,2005-10-07,HPQ,sell,945.4345089422055,7.291423000375392,6893.562923849811,6.893562923849811,market_trend_exit,risk_exit,-322.7651062280738
2005-10-06,2005-10-07,MSI,sell,108.12729723133857,64.15953422946613,6937.397027853725,6.937397027853725,market_trend_exit,risk_exit,144.43703446102327
2005-10-06,2005-10-07,SCHW,sell,691.0438622425335,10.208649465148357,7054.624554676294,7.054624554676294,market_trend_exit,risk_exit,-161.8645370324178
2005-10-06,2005-10-07,SWY,sell,387.2983815521023,18.92774499350013,7330.685002413507,7.3306850024135075,market_trend_exit,risk_exit,113.91985025705874
2005-11-15,2005-11-16,A,buy,189.46479594395464,20.386356353759766,3862.496846605837,3.862496846605837,rebalance,rebalance,0.0
2005-11-15,2005-11-16,AAPL,buy,2044.9553736480577,1.888792731801972,3862.496846605837,3.862496846605837,rebalance,rebalance,0.0
2005-11-15,2005-11-16,AMD,buy,153.21289118906896,25.209999084472656,3862.496846605837,3.862496846605837,rebalance,rebalance,0.0
2005-11-15,2005-11-16,AON,buy,135.0186031131709,28.60714566398188,3862.496846605837,3.862496846605837,rebalance,rebalance,0.0
2005-11-15,2005-11-16,ETFC,buy,20.414888195591107,189.2,3862.496846605837,3.862496846605837,rebalance,rebalance,0.0
2005-11-15,2005-11-16,FCX,buy,244.46604362590566,15.799727394927803,3862.496846605837,3.862496846605837,rebalance,rebalance,0.0
2005-11-15,2005-11-16,MYL,buy,193.44264889016523,19.96714203804624,3862.496846605837,3.862496846605837,rebalance,rebalance,0.0
2005-12-07,2005-12-08,MYL,sell,193.44264889016523,19.869167837663287,3843.5444577608628,3.843544457760863,sma50_exit,risk_exit,-26.658430149340788
2005-12-14,2005-12-15,A,buy,150.12627029940882,21.13038782995152,3172.2263148906404,3.1722263148906404,rebalance,rebalance,0.0
2005-12-14,2005-12-15,AAPL,buy,1255.9849477072482,2.173832373425891,2730.300739861641,2.730300739861641,rebalance,rebalance,0.0
2005-12-14,2005-12-15,AMD,buy,107.34232648571685,27.540000915527344,2956.207769691477,2.9562077696914772,rebalance,rebalance,0.0
2005-12-14,2005-12-15,AON,buy,112.72626409845878,28.96403471067426,3265.0074261523937,3.2650074261523936,rebalance,rebalance,0.0
2005-12-14,2005-12-15,BEN,buy,433.9094148427858,16.537301768178796,7175.690933309028,7.175690933309028,rebalance,rebalance,0.0
2005-12-14,2005-12-15,ETFC,buy,13.836619839296855,209.5,2898.771856332691,2.8987718563326914,rebalance,rebalance,0.0
2005-12-14,2005-12-15,FCX,buy,178.48961274039758,16.965586877255234,3028.181031634858,3.028181031634858,rebalance,rebalance,0.0
2005-12-14,2005-12-15,MWW,buy,174.8036768162979,41.05,7175.690933309028,7.175690933309028,rebalance,rebalance,0.0
2005-12-14,2005-12-15,NSC,buy,260.1511616404047,27.58277490695069,7175.690933309028,7.175690933309028,rebalance,rebalance,0.0
2005-12-14,2005-12-15,PAYX,buy,340.17864025814777,21.09389033909856,7175.690933309028,7.175690933309028,rebalance,rebalance,0.0
2005-12-14,2005-12-15,PFG,buy,267.53041917762647,26.82196273368352,7175.690933309028,7.175690933309028,rebalance,rebalance,0.0
2005-12-14,2005-12-15,QCOM,buy,247.50915351627827,28.991618416395635,7175.690933309028,7.175690933309028,rebalance,rebalance,0.0
2005-12-14,2005-12-15,SCHW,buy,629.1159230354874,11.405991599586741,7175.690933309028,7.175690933309028,rebalance,rebalance,0.0
2005-12-14,2005-12-15,VLO,buy,260.29937040256317,27.567069878853495,7175.690933309028,7.175690933309028,rebalance,rebalance,0.0
2005-12-19,2005-12-20,PFG,sell,267.53041917762647,26.178097529627696,7003.437405374086,7.003437405374086,sma50_exit,risk_exit,-186.43265627362524
2005-12-19,2005-12-20,QCOM,sell,247.50915351627827,27.25361632693885,6745.5195073380555,6.745519507338056,sma50_exit,risk_exit,-444.0926364116178
2005-12-19,2005-12-20,SCHW,sell,629.1159230354874,10.948572266302653,6887.921147235732,6.8879211472357325,sma50_exit,risk_exit,-301.83339815384085
2005-12-22,2005-12-23,PAYX,sell,340.17864025814777,20.118019963670335,6843.720675927646,6.8437206759276465,sma50_exit,risk_exit,-345.98966899061764
2005-12-27,2005-12-28,VLO,sell,260.29937040256317,25.978816902899908,6762.269683628312,6.762269683628312,sma50_exit,risk_exit,-427.3592102976521
2005-12-29,2005-12-30,A,sell,339.59106624336346,19.8089918438196,6726.9566614487885,6.726956661448789,sma50_exit,risk_exit,-321.528179870634
2006-01-06,2006-01-09,NSC,sell,260.1511616404047,26.34099578448499,6852.640652098774,6.852640652098774,sma50_exit,risk_exit,-337.0786127956612
2006-01-13,2006-01-17,AAPL,sell,1172.8958518260165,2.56325460692903,3006.4306956409855,3.0064306956409856,rebalance,rebalance,658.5174043271228
2006-01-13,2006-01-17,AMD,sell,92.51085710423737,32.459999084472656,3002.9023369073257,3.0029023369073258,rebalance,rebalance,576.4783331330649
2006-01-13,2006-01-17,AON,sell,63.10823028679454,29.54299797223554,1864.4063193941445,1.8644063193941445,rebalance,rebalance,45.13196927262155
2006-01-13,2006-01-17,BEN,sell,433.9094148427858,16.463643308882947,7143.729834337745,7.143729834337745,rebalance,rebalance,-46.28051973892959
2006-01-13,2006-01-17,ETFC,sell,9.647449440973684,221.7,2138.8395410638655,2.1388395410638656,rebalance,rebalance,230.38384972468248
2006-01-13,2006-01-17,FCX,sell,144.10019835839933,19.56110104223309,2818.75854029448,2.81875854029448,rebalance,rebalance,465.9511194283459
2006-01-13,2006-01-17,MWW,sell,48.82862392320793,43.3,2114.279415874903,2.114279415874903,rebalance,rebalance,105.74570939929532
2006-01-13,2006-01-17,EOG,buy,197.56467707886023,27.6097927571004,5454.719790270795,5.454719790270795,rebalance,rebalance,0.0
2006-01-13,2006-01-17,HAL,buy,214.39228547219977,25.44270554444977,5454.719790270795,5.454719790270795,rebalance,rebalance,0.0
2006-01-13,2006-01-17,NEM,buy,135.55228103619785,40.24070822396687,5454.719790270796,5.454719790270796,rebalance,rebalance,0.0
2006-01-13,2006-01-17,NUE,buy,279.7890711769572,19.4958286516519,5454.719790270795,5.454719790270795,rebalance,rebalance,0.0
2006-01-13,2006-01-17,NVDA,buy,17047.746212369297,0.3199672098774573,5454.719790270795,5.454719790270795,rebalance,rebalance,0.0
2006-01-13,2006-01-17,SLB,buy,155.36532622639822,35.10899067866779,5454.719790270795,5.454719790270795,rebalance,rebalance,0.0
2006-01-13,2006-01-17,VLO,buy,179.10580181263163,30.45529365920348,5454.719790270795,5.454719790270795,rebalance,rebalance,0.0
2006-01-20,2006-01-23,AON,sell,184.63663692483516,28.63094063711781,5286.32059123203,5.28632059123203,sma50_exit,risk_exit,-36.18756258806252
2006-01-26,2006-01-27,AAPL,sell,2128.0444695292895,2.1819075048419787,4643.196198703424,4.643196198703424,sma50_exit,risk_exit,384.06947906899705
2006-02-07,2006-02-08,EOG,sell,197.56467707886023,25.11524203154446,4961.884681719499,4.961884681719499,sma50_exit,risk_exit,-503.2517130232853
2006-02-09,2006-02-10,FCX,sell,278.8554580079039,17.32555197780262,4831.324732009894,4.831324732009895,sma50_exit,risk_exit,278.91351348479003
2006-02-09,2006-02-10,VLO,sell,179.10580181263163,26.823527206718445,4804.249347802246,4.804249347802246,sma50_exit,risk_exit,-660.7294116066217
2006-02-13,2006-02-14,AMD,sell,39.45149533424234,39.29999923706055,1550.4437365366216,1.5504437365366217,rebalance,rebalance,515.4190685959621
2006-02-13,2006-02-14,ETFC,sell,3.0439071191776783,234.4,713.4918287352479,0.7134918287352479,rebalance,rebalance,111.30833469512677
2006-02-13,2006-02-14,HAL,sell,214.39228547219977,25.522117683614717,5471.745140280605,5.471745140280604,rebalance,rebalance,6.098885079258925
2006-02-13,2006-02-14,MWW,sell,18.2432365281729,46.91,855.7902255365907,0.8557902255365907,rebalance,rebalance,105.30069097007512
2006-02-13,2006-02-14,NEM,sell,135.55228103619785,36.887306693269466,5000.158563554484,5.000158563554485,sma50_exit,risk_exit,-465.01610507013515
2006-02-13,2006-02-14,NUE,sell,279.7890711769572,22.210974341036234,6214.387880813756,6.2143878808137565,rebalance,rebalance,747.9989828718775
2006-02-13,2006-02-14,NVDA,sell,2013.4348176003077,0.33614439484316083,676.8048283184054,0.6768048283184054,rebalance,rebalance,31.250669511531683
2006-02-13,2006-02-14,SLB,sell,155.36532622639822,37.10237295526782,5764.422277968679,5.764422277968679,rebalance,rebalance,298.483345629645
2006-02-13,2006-02-14,ADBE,buy,132.12286289354924,38.25,5053.699505678258,5.053699505678258,rebalance,rebalance,0.0
2006-02-13,2006-02-14,BRCM,buy,120.56167936503218,41.917958776742445,5053.699505678259,5.053699505678259,rebalance,rebalance,0.0
2006-02-13,2006-02-14,GILD,buy,496.109081232562,10.18667002249295,5053.699505678259,5.053699505678259,rebalance,rebalance,0.0
2006-02-13,2006-02-14,HPQ,buy,582.5613108322937,8.674965899225509,5053.699505678259,5.053699505678259,rebalance,rebalance,0.0
2006-02-13,2006-02-14,JNS,buy,283.82107462197445,17.805934645302,5053.699505678259,5.053699505678259,rebalance,rebalance,0.0
2006-02-13,2006-02-14,MCO,buy,100.91116782387681,50.08067605062928,5053.699505678259,5.053699505678259,rebalance,rebalance,0.0
2006-02-13,2006-02-14,MU,buy,320.10831530458444,15.787467129273546,5053.699505678259,5.053699505678259,rebalance,rebalance,0.0
2006-02-13,2006-02-14,NTAP,buy,218.03426847658014,23.178464289071584,5053.699505678259,5.053699505678259,rebalance,rebalance,0.0
2006-02-15,2006-02-16,ADBE,sell,132.12286289354924,37.709999084472656,4982.353038753648,4.982353038753648,sma50_exit,risk_exit,-81.38251946904192
2006-03-07,2006-03-08,JNS,sell,283.82107462197445,17.473113436978,4959.237832674758,4.9592378326747575,sma50_exit,risk_exit,-104.47461034185358
2006-03-07,2006-03-08,MU,sell,320.10831530458444,14.197995107216295,4544.896294473741,4.544896294473742,sma50_exit,risk_exit,-518.4018070046692
2006-03-08,2006-03-09,AMD,sell,128.5928652363061,37.119998931884766,4773.367020219684,4.773367020219684,sma50_exit,risk_exit,1399.9656579273292
2006-03-14,2006-03-15,GILD,sell,496.109081232562,10.787197380342475,5351.626581436005,5.351626581436005,rebalance,rebalance,287.52174967063246
2006-03-14,2006-03-15,HPQ,sell,582.5613108322937,9.11991541291114,5312.909877625153,5.312909877625153,rebalance,rebalance,248.84376256359047
2006-03-14,2006-03-15,MCO,sell,100.91116782387681,54.49645187735162,5499.300601201256,5.499300601201256,rebalance,rebalance,435.04809541611706
2006-03-14,2006-03-15,BRCM,buy,27.251606633044815,42.43496757406268,1156.4210438143682,1.1564210438143683,rebalance,rebalance,0.0
2006-03-14,2006-03-15,DRI,buy,313.49831623139556,20.007928826368257,6272.451998344051,6.272451998344051,rebalance,rebalance,0.0
2006-03-14,2006-03-15,ETFC,buy,3.066672232935371,254.7,781.0814177286389,0.7810814177286389,rebalance,rebalance,0.0
2006-03-14,2006-03-15,IGT,buy,235.87268364499397,26.592532468849,6272.4519983440505,6.27245199834405,rebalance,rebalance,0.0
2006-03-14,2006-03-15,JNS,buy,338.0504214646065,18.554782364029,6272.4519983440505,6.27245199834405,rebalance,rebalance,0.0
2006-03-14,2006-03-15,MWW,buy,20.539185646208708,48.9,1004.3661780996058,1.0043661780996058,rebalance,rebalance,0.0
2006-03-14,2006-03-15,NSC,buy,187.21404605082932,33.50417412933352,6272.4519983440505,6.27245199834405,rebalance,rebalance,0.0
2006-03-14,2006-03-15,NTAP,buy,33.14968953253651,24.971546941371127,827.7990282536147,0.8277990282536147,rebalance,rebalance,0.0
2006-03-14,2006-03-15,NUE,buy,233.521319188614,26.860297038994638,6272.4519983440505,6.27245199834405,rebalance,rebalance,0.0
2006-03-14,2006-03-15,NVDA,buy,1608.1831956774076,0.3768937381505741,606.1141762497944,0.6061141762497944,rebalance,rebalance,0.0
2006-03-14,2006-03-15,SBUX,buy,471.80654679893036,13.294542097605058,6272.4519983440505,6.27245199834405,rebalance,rebalance,0.0
2006-03-14,2006-03-15,SLB,buy,162.23418203826702,38.66294956795563,6272.4519983440505,6.27245199834405,rebalance,rebalance,0.0
2006-03-16,2006-03-17,IGT,sell,235.87268364499397,26.398634948513,6226.716869870288,6.226716869870288,sma50_exit,risk_exit,-58.234297341976294
2006-03-24,2006-03-27,BRCM,sell,147.813285998077,40.27096069186601,5952.583030164107,5.952583030164107,sma50_exit,risk_exit,-269.7002229081767
2006-03-28,2006-03-29,DRI,sell,313.49831623139556,19.968779337934407,6260.178699638718,6.260178699638718,sma50_exit,risk_exit,-24.80592940331469
2006-04-11,2006-04-12,NSC,sell,187.21404605082932,34.10189700135688,6384.3541156326655,6.384354115632665,rebalance,rebalance,99.24531117464007
2006-04-11,2006-04-12,NVDA,sell,830.5102934735351,0.4496173492123209,373.4118366451175,0.3734118366451175,rebalance,rebalance,102.46352533977063
2006-04-11,2006-04-12,SBUX,sell,471.80654679893036,13.866662963794493,6542.382368572501,6.542382368572501,rebalance,rebalance,257.115535861534
2006-04-11,2006-04-12,ADM,buy,320.1546121206387,22.205966105879124,7109.342465391781,7.109342465391781,rebalance,rebalance,0.0
2006-04-11,2006-04-12,ETFC,buy,2.716801159219493,260.0,706.3683013970682,0.7063683013970682,rebalance,rebalance,0.0
2006-04-11,2006-04-12,JNS,buy,34.57662896839838,19.078975767139,659.6866661974291,0.6596866661974291,rebalance,rebalance,0.0
2006-04-11,2006-04-12,MWW,buy,12.11885710008633,50.64,613.6989235483718,0.6136989235483719,rebalance,rebalance,0.0
2006-04-11,2006-04-12,NTAP,buy,17.60082247447886,26.449944273633,465.54077362007314,0.4655407736200731,rebalance,rebalance,0.0
2006-04-11,2006-04-12,NUE,buy,3.835929916675468,29.95207642568415,114.89406602783185,0.11489406602783185,rebalance,rebalance,0.0
2006-04-11,2006-04-12,PMCS,buy,569.6588513935721,12.48,7109.342465391781,7.109342465391781,rebalance,rebalance,0.0
2006-04-11,2006-04-12,ROK,buy,152.97096833579855,46.4751092493937,7109.342465391781,7.109342465391781,rebalance,rebalance,0.0
2006-04-11,2006-04-12,SLB,buy,13.028655418015433,40.56389003267812,528.4929456500339,0.5284929456500339,rebalance,rebalance,0.0
2006-04-11,2006-04-12,X,buy,127.64172531741734,55.697636863748,7109.342465391781,7.109342465391781,rebalance,rebalance,0.0
2006-04-27,2006-04-28,ETFC,sell,27.343624866891464,255.3,6980.827428517391,6.980827428517391,sma50_exit,risk_exit,1224.6663146120793
2006-04-27,2006-04-28,JNS,sell,372.62705043300485,17.040445866158,6349.731081169745,6.349731081169746,sma50_exit,risk_exit,-595.6894531174448
2006-05-02,2006-05-03,PMCS,sell,569.6588513935721,11.8,6721.974446444152,6.721974446444152,sma50_exit,risk_exit,-401.1993358594639
2006-05-10,2006-05-11,ADM,sell,26.74458740023897,27.359093534353686,731.7076682208351,0.7317076682208351,rebalance,rebalance,136.49266982586045
2006-05-10,2006-05-11,MWW,sell,6.151860612174573,59.8,367.8812646080395,0.3678812646080395,rebalance,rebalance,102.55689267380443
2006-05-10,2006-05-11,NTAP,sell,268.7847804835955,26.310884827291208,7071.965402632631,7.071965402632631,rebalance,rebalance,711.5070903705005
2006-05-10,2006-05-11,ROK,sell,152.97096833579855,49.62090612255849,7590.558059267527,7.5905580592675275,rebalance,rebalance,466.51569335108724
2006-05-10,2006-05-11,SLB,sell,6.917453241055512,47.68430300399265,329.853936362442,0.32985393636244204,rebalance,rebalance,60.82899254164399
2006-05-10,2006-05-11,X,sell,11.399679012028088,69.057906027849,787.2379619602782,0.7872379619602782,rebalance,rebalance,150.88060684111278
2006-05-10,2006-05-11,CAT,buy,163.6716696875148,49.04594867009408,8027.432310242443,8.027432310242443,rebalance,rebalance,0.0
2006-05-10,2006-05-11,CTXS,buy,231.20452115341644,34.72004902929998,8027.432310242442,8.027432310242443,rebalance,rebalance,0.0
2006-05-10,2006-05-11,ETFC,buy,30.326529317122944,264.7,8027.432310242443,8.027432310242443,rebalance,rebalance,0.0
2006-05-10,2006-05-11,IGT,buy,268.9894439306183,29.84292689312,8027.432310242443,8.027432310242443,rebalance,rebalance,0.0
2006-05-10,2006-05-11,NCR,buy,863.5963355610905,9.295352446148245,8027.432310242443,8.027432310242443,rebalance,rebalance,0.0
2006-05-10,2006-05-11,NUE,buy,0.9749529240050094,33.68169404676484,32.8380660963355,0.0328380660963355,rebalance,rebalance,0.0
2006-05-10,2006-05-11,NVDA,buy,1826.3959206443124,0.45511164921054725,831.2140595558487,0.8312140595558487,rebalance,rebalance,0.0
2006-05-11,2006-05-12,ETFC,sell,30.326529317122944,254.0,7702.938446549228,7.702938446549227,sma50_exit,risk_exit,-340.22423445000527
2006-05-11,2006-05-12,NCR,sell,863.5963355610905,9.101210526889258,7859.772060191585,7.8597720601915855,sma50_exit,risk_exit,-183.54745442129126
2006-05-12,2006-05-15,NVDA,sell,17638.380217617174,0.40108432298713886,7074.477788172727,7.074477788172727,sma50_exit,risk_exit,1083.9154897292965
2006-05-17,2006-05-18,NUE,sell,238.33220202929448,29.81426279594297,7105.698904037158,7.105698904037158,sma50_exit,risk_exit,671.9888905344345
2006-05-17,2006-05-18,X,sell,116.24204630538925,58.330983431723,6780.512877109238,6.780512877109238,sma50_exit,risk_exit,292.85067353216243
2006-05-18,2006-05-19,CAT,sell,163.6716696875148,45.42366486235004,7434.567071346927,7.434567071346927,sma50_exit,risk_exit,-608.3272382771048
2006-05-18,2006-05-19,MWW,sell,134.23799849903753,52.32,7023.3320814696435,7.023332081469643,sma50_exit,risk_exit,1234.7686204665504
2006-05-18,2006-05-19,SLB,sell,168.34538421522694,41.4917973938449,6984.952574047172,6.984952574047172,sma50_exit,risk_exit,438.9168224194817
2006-05-22,2006-05-23,IGT,sell,268.9894439306183,27.736814600281,7460.910335736241,7.460910335736241,sma50_exit,risk_exit,-582.0103171521802
2006-05-26,2006-05-30,CTXS,sell,231.20452115341644,30.441028934696092,7038.103518263704,7.038103518263704,sma50_exit,risk_exit,-1004.3943278072436
2006-06-08,2006-06-09,ADM,sell,135.33180981895742,24.829779785190528,3360.259035735998,3.3602590357359983,rebalance,rebalance,348.7200212313272
2006-06-08,2006-06-09,ODP,buy,97.84768706578683,40.113848191423,3925.047264838837,3.925047264838837,rebalance,rebalance,0.0
2006-06-09,2006-06-12,ADM,sell,158.07821490144232,25.311910717339174,4001.261661941663,4.001261661941663,market_trend_exit,risk_exit,483.47063861823807
2006-06-09,2006-06-12,ODP,sell,97.84768706578683,39.69589435759,3884.151448897999,3.8841514488979993,market_trend_exit,risk_exit,-48.705014654573866
2006-07-07,2006-07-10,ADM,buy,182.11271553628538,26.366568432977953,4801.687376702916,4.801687376702915,rebalance,rebalance,0.0
2006-07-07,2006-07-10,BIG,buy,309.5759404170656,15.510531503947,4801.687376702916,4.801687376702915,rebalance,rebalance,0.0
2006-07-07,2006-07-10,CMCSA,buy,722.2209115656859,6.648502279300455,4801.687376702916,4.801687376702915,rebalance,rebalance,0.0
2006-07-07,2006-07-10,DIS,buy,200.1811991123308,23.98670503521397,4801.687376702916,4.801687376702915,rebalance,rebalance,0.0
2006-07-07,2006-07-10,JCP,buy,90.95853493657094,52.789849573229446,4801.687376702916,4.801687376702915,rebalance,rebalance,0.0
2006-07-07,2006-07-10,LXK,buy,105.77958714953711,45.39332687992938,4801.687376702916,4.801687376702915,rebalance,rebalance,0.0
2006-07-07,2006-07-10,NUE,buy,154.52964633077252,31.07292025003958,4801.687376702916,4.801687376702915,rebalance,rebalance,0.0
2006-07-07,2006-07-10,X,buy,77.9412555681143,61.606492501351,4801.687376702916,4.801687376702915,rebalance,rebalance,0.0
2006-07-10,2006-07-11,CMCSA,sell,722.2209115656859,6.569948632133561,4744.954290039232,4.744954290039232,sma50_exit,risk_exit,-66.2797283304258
2006-07-13,2006-07-14,ADM,sell,182.11271553628538,25.088920741345138,4569.011486080997,4.569011486080997,market_trend_exit,risk_exit,-242.04658948470217
2006-07-13,2006-07-14,BIG,sell,309.5759404170656,15.237591325783,4717.191664370194,4.717191664370194,market_trend_exit,risk_exit,-94.01459137379422
2006-07-13,2006-07-14,DIS,sell,200.1811991123308,22.713779577366157,4546.871632170328,4.546871632170328,market_trend_exit,risk_exit,-264.1643035414601
2006-07-13,2006-07-14,JCP,sell,90.95853493657094,49.73056853042356,4523.419655090067,4.523419655090067,market_trend_exit,risk_exit,-287.59282864464075
2006-07-13,2006-07-14,LXK,sell,105.77958714953711,45.385094502910896,4800.816559260641,4.8008165592606415,market_trend_exit,risk_exit,-10.473321378237966
2006-07-13,2006-07-14,NUE,sell,154.52964633077252,28.88186566935328,4463.104487258043,4.463104487258043,market_trend_exit,risk_exit,-347.8476813088332
2006-07-13,2006-07-14,X,sell,77.9412555681143,59.093773215061,4605.842880639257,4.605842880639257,market_trend_exit,risk_exit,-205.25202632100056
2006-08-04,2006-08-07,BIG,buy,354.79912610305036,15.905824175771,5643.372517512322,5.643372517512322,rebalance,rebalance,0.0
2006-08-04,2006-08-07,CMCSA,buy,784.4251355925339,7.19427802788276,5643.372517512322,5.643372517512322,rebalance,rebalance,0.0
2006-08-04,2006-08-07,CMI,buy,293.0082660742949,19.260113692769995,5643.372517512321,5.643372517512321,rebalance,rebalance,0.0
2006-08-04,2006-08-07,DGX,buy,128.41870072223497,43.94509900640354,5643.372517512322,5.643372517512322,rebalance,rebalance,0.0
2006-08-04,2006-08-07,DIS,buy,237.23800366202528,23.78780983822474,5643.372517512322,5.643372517512322,rebalance,rebalance,0.0
2006-08-04,2006-08-07,MRO,buy,269.68809032192104,20.925553333764,5643.372517512322,5.643372517512322,rebalance,rebalance,0.0
2006-08-04,2006-08-07,PCAR,buy,449.2143520529076,12.562760944128643,5643.372517512322,5.643372517512322,rebalance,rebalance,0.0
2006-08-04,2006-08-07,RAI,buy,645.566959235446,8.7417307171294,5643.372517512322,5.643372517512322,rebalance,rebalance,0.0
2006-08-07,2006-08-08,DIS,sell,237.23800366202528,23.469580280032883,5567.876372420637,5.5678763724206375,sma50_exit,risk_exit,-86.70739398161648
2006-08-25,2006-08-28,CMI,sell,293.0082660742949,18.372020933113546,5383.15399789225,5.38315399789225,sma50_exit,risk_exit,-271.2450461354749
2006-08-30,2006-08-31,MRO,sell,269.68809032192104,20.20617063429,5449.36357108055,5.44936357108055,sma50_exit,risk_exit,-205.10168252036357
2006-09-01,2006-09-05,DGX,sell,128.41870072223497,45.219176814606435,5806.98793426077,5.80698793426077,rebalance,rebalance,152.1650562966762
2006-09-01,2006-09-05,ADM,buy,291.5972610914025,25.295225615980094,7376.018508308881,7.376018508308881,rebalance,rebalance,0.0
2006-09-01,2006-09-05,BIG,buy,73.22099021452038,17.232878145466,1261.8084020571882,1.2618084020571882,rebalance,rebalance,0.0
2006-09-01,2006-09-05,CMCSA,buy,231.20590732836274,7.262498088967302,1679.1324601301856,1.6791324601301856,rebalance,rebalance,0.0
2006-09-01,2006-09-05,CVS,buy,329.5136258234555,22.38456297482748,7376.018508308879,7.37601850830888,rebalance,rebalance,0.0
2006-09-01,2006-09-05,ECL,buy,211.1283491111833,34.93618237134304,7376.01850830888,7.3760185083088805,rebalance,rebalance,0.0
2006-09-01,2006-09-05,INTU,buy,272.5481947800013,27.063171393458475,7376.01850830888,7.3760185083088805,rebalance,rebalance,0.0
2006-09-01,2006-09-05,MRK,buy,375.2939488766586,19.653976650534883,7376.01850830888,7.3760185083088805,rebalance,rebalance,0.0
2006-09-01,2006-09-05,PCAR,buy,131.4885276657905,12.701880369324055,1670.1515483494275,1.6701515483494276,rebalance,rebalance,0.0
2006-09-01,2006-09-05,RAI,buy,161.8212150527463,9.1356533860701,1478.3425312345996,1.4783425312345997,rebalance,rebalance,0.0
2006-09-01,2006-09-05,T,buy,1241.8724782233905,5.939433104162943,7376.01850830888,7.3760185083088805,rebalance,rebalance,0.0
2006-09-01,2006-09-05,WMB,buy,870.2013593440042,8.476220393253861,7376.01850830888,7.3760185083088805,rebalance,rebalance,0.0
2006-09-06,2006-09-07,ADM,sell,291.5972610914025,24.63067871658647,7182.238452578916,7.182238452578916,sma50_exit,risk_exit,-208.3383126908516
2006-09-07,2006-09-08,ECL,sell,211.1283491111833,33.13380136879124,6995.48478277076,6.9954847827707605,sma50_exit,risk_exit,-394.9052288291993
2006-09-07,2006-09-08,PCAR,sell,580.7028797186981,12.25623605540162,7117.231571883858,7.117231571883858,sma50_exit,risk_exit,-210.72324961563615
2006-09-08,2006-09-11,WMB,sell,870.2013593440042,8.107390478939855,7055.0622155061,7.0550622155061005,sma50_exit,risk_exit,-335.3873735265953
2006-09-20,2006-09-21,RAI,sell,807.3881742881923,8.6562094683719,6988.921158924953,6.988921158924953,sma50_exit,risk_exit,-146.90452602964064
2006-09-21,2006-09-22,CVS,sell,329.5136258234555,21.31087914338735,7022.225056023021,7.0222250560230215,sma50_exit,risk_exit,-368.1916958501887
2006-10-02,2006-10-03,BIG,sell,39.83030413672361,18.936401326421,754.2426240864048,0.7542426240864049,rebalance,rebalance,110.2698010593531
2006-10-02,2006-10-03,CMCSA,sell,41.180611301369254,7.543655208882565,310.6523329485424,0.3106523329485424,rebalance,rebalance,13.140469041969409
2006-10-02,2006-10-03,INTU,sell,272.5481947800013,28.138701589666162,7669.152321716666,7.669152321716666,rebalance,rebalance,278.08864257776133
2006-10-02,2006-10-03,MRK,sell,375.2939488766586,20.10468490019265,7545.166587114231,7.545166587114231,rebalance,rebalance,154.22689370992927
2006-10-02,2006-10-03,T,sell,26.798190155466045,6.049768435124342,162.12284492099838,0.16212284492099838,rebalance,rebalance,2.6354982773078435
2006-10-02,2006-10-03,CNP,buy,1112.5046830572835,6.607538993978338,7350.918074284513,7.350918074284513,rebalance,rebalance,0.0
2006-10-02,2006-10-03,FE,buy,310.81144292071775,23.650731791620668,7350.918074284512,7.350918074284512,rebalance,rebalance,0.0
2006-10-02,2006-10-03,LXK,buy,151.6778958035877,48.46400350782449,7350.918074284512,7.350918074284512,rebalance,rebalance,0.0
2006-10-02,2006-10-03,PNW,buy,385.5222349570053,19.067429600018556,7350.918074284512,7.350918074284512,rebalance,rebalance,0.0
2006-10-02,2006-10-03,SWY,buy,323.4576947768045,22.726057203112344,7350.918074284512,7.350918074284512,rebalance,rebalance,0.0
2006-10-04,2006-10-05,SWY,sell,323.4576947768045,22.1635715539079,7168.977762847808,7.168977762847808,sma50_exit,risk_exit,-196.46020727383475
2006-10-30,2006-10-31,BIG,sell,5.0206619452528685,19.745810130632,99.13703750105266,0.09913703750105267,rebalance,rebalance,17.95935689975182
2006-10-30,2006-10-31,CMCSA,sell,71.90969000470977,8.382984766904439,602.8178359023025,0.6028178359023025,rebalance,rebalance,83.24149344140532
2006-10-30,2006-10-31,CNP,sell,56.21552505645377,7.162797451019287,402.66041958207796,0.402660419582078,rebalance,rebalance,30.440039011133848
2006-10-30,2006-10-31,FE,sell,310.81144292071775,24.542836728706316,7628.194497016799,7.628194497016799,rebalance,rebalance,262.2973101609855
2006-10-30,2006-10-31,LXK,sell,151.6778958035877,51.86397521645903,7866.618628841928,7.866618628841928,rebalance,rebalance,500.4830178542902
2006-10-30,2006-10-31,PNW,sell,385.5222349570053,20.22555160522461,7797.399858084438,7.797399858084439,rebalance,rebalance,431.33346586755755
2006-10-30,2006-10-31,T,sell,44.618751861316696,6.464137299045686,288.4217381436014,0.2884217381436014,rebalance,rebalance,22.858214442049956
2006-10-30,2006-10-31,AES,buy,558.3754862291802,13.549995433292109,7565.985288467652,7.565985288467652,rebalance,rebalance,0.0
2006-10-30,2006-10-31,BAX,buy,437.45891006056723,17.295305032008887,7565.985288467652,7.565985288467652,rebalance,rebalance,0.0
2006-10-30,2006-10-31,BXP,buy,165.30709322112128,45.76927185058594,7565.985288467651,7.565985288467651,rebalance,rebalance,0.0
2006-10-30,2006-10-31,GILD,buy,637.2271359614582,11.87329424860725,7565.985288467652,7.565985288467652,rebalance,rebalance,0.0
2006-10-30,2006-10-31,MRK,buy,346.8019436269769,21.81644430633783,7565.985288467652,7.565985288467652,rebalance,rebalance,0.0
2006-10-30,2006-10-31,ORCL,buy,513.9706877345483,14.720655222220135,7565.985288467652,7.565985288467652,rebalance,rebalance,0.0
2006-10-30,2006-10-31,PTC,buy,388.7967957051259,19.459999084472656,7565.985288467652,7.565985288467652,rebalance,rebalance,0.0
2006-11-03,2006-11-06,BXP,sell,165.30709322112128,44.38544436413143,7337.228789162366,7.337228789162366,sma50_exit,risk_exit,-243.65971338291436
2006-11-09,2006-11-10,BAX,sell,437.45891006056723,16.833505034696724,7363.9667649775,7.3639667649775005,sma50_exit,risk_exit,-216.94847554359612
2006-11-09,2006-11-10,MRK,sell,346.8019436269769,20.5074571828864,7112.026009872012,7.112026009872012,sma50_exit,risk_exit,-468.63728989397913
2006-11-15,2006-11-16,T,sell,1170.4555362066078,6.134293428258129,7179.917703820539,7.179917703820539,sma50_exit,risk_exit,213.9435850617081
2006-11-22,2006-11-24,GILD,sell,637.2271359614582,11.332821719679531,7221.581526793195,7.221581526793195,sma50_exit,risk_exit,-359.1913284897164
2006-11-28,2006-11-29,AES,sell,558.3754862291802,14.316269628578326,7993.854014845468,7.993854014845468,rebalance,rebalance,412.30888707450265
2006-11-28,2006-11-29,BIG,sell,383.16915023559426,21.164157884057,8109.452391886074,8.109452391886075,rebalance,rebalance,1913.553962971874
2006-11-28,2006-11-29,CMCSA,sell,902.5407416148176,8.234141717898977,7431.648372634051,7.431648372634052,rebalance,rebalance,910.5639778398875
2006-11-28,2006-11-29,CNP,sell,51.75565039366802,7.495947832716758,387.957655399262,0.387957655399262,rebalance,rebalance,45.250242130856186
2006-11-28,2006-11-29,ORCL,sell,513.9706877345483,15.117650148269663,7770.029043636454,7.7700290436364545,rebalance,rebalance,188.7077408366989
2006-11-28,2006-11-29,AAPL,buy,2707.054464666375,2.7815955931153664,7529.930769239267,7.529930769239267,rebalance,rebalance,0.0
2006-11-28,2006-11-29,ADBE,buy,187.87251559966109,40.08000183105469,7529.930769239267,7.529930769239267,rebalance,rebalance,0.0
2006-11-28,2006-11-29,CTSH,buy,434.81019842574375,17.31774184805653,7529.930769239267,7.529930769239267,rebalance,rebalance,0.0
2006-11-28,2006-11-29,GOOGL,buy,614.5987053827128,12.251784299725058,7529.930769239267,7.529930769239267,rebalance,rebalance,0.0
2006-11-28,2006-11-29,HAS,buy,522.2115370377916,14.419311400035841,7529.930769239267,7.529930769239267,rebalance,rebalance,0.0
2006-11-28,2006-11-29,MS,buy,179.12223570685595,42.03794542606335,7529.930769239267,7.529930769239267,rebalance,rebalance,0.0
2006-11-28,2006-11-29,NEE,buy,1027.3920452422044,7.329169817996897,7529.930769239267,7.529930769239267,rebalance,rebalance,0.0
2006-11-28,2006-11-29,NVDA,buy,13591.70434349879,0.5540093117785481,7529.930769239267,7.529930769239267,rebalance,rebalance,0.0
2006-11-28,2006-11-29,PTC,buy,7.724050002914453,18.989999771118164,146.67970778745072,0.14667970778745074,rebalance,rebalance,0.0
2006-11-28,2006-11-29,TPR,buy,276.0498403086075,27.277432078284296,7529.930769239267,7.529930769239267,rebalance,rebalance,0.0
2006-12-01,2006-12-04,MS,sell,179.12223570685595,40.89698160430907,7325.558778626,7.325558778626,sma50_exit,risk_exit,-219.22748016113056
2006-12-01,2006-12-04,PTC,sell,396.5208457080403,19.040000915527344,7549.757265306765,7.549757265306765,sma50_exit,risk_exit,-178.17015320989992
2006-12-06,2006-12-07,ADBE,sell,187.87251559966109,38.7599983215332,7281.9383893050845,7.281938389305084,sma50_exit,risk_exit,-262.804249092726
2006-12-18,2006-12-19,GOOGL,sell,614.5987053827128,11.445640713427746,7034.475964748362,7.034475964748362,sma50_exit,risk_exit,-510.01921122489125
2006-12-20,2006-12-21,CTSH,sell,434.81019842574375,16.98030448821192,7383.209563848973,7.383209563848973,sma50_exit,risk_exit,-161.6343457233811
2006-12-21,2006-12-22,AAPL,sell,2707.054464666375,2.4962581171168954,6757.506680900971,6.757506680900971,sma50_exit,risk_exit,-786.7115257884349
2006-12-27,2006-12-28,CNP,sell,1004.5335076071617,7.846224987021652,7881.795907687817,7.881795907687817,rebalance,rebalance,1229.7822951857022
2006-12-27,2006-12-28,HAS,sell,15.52525769461073,14.766108933634253,229.24764634136542,0.22924764634136544,rebalance,rebalance,4.931009905365027
2006-12-27,2006-12-28,NEE,sell,1027.3920452422044,7.685840359657293,7896.371246513386,7.896371246513386,rebalance,rebalance,351.0141752583668
2006-12-27,2006-12-28,NVDA,sell,536.4539028957133,0.5730862713050818,307.4343669375628,0.3074343669375628,rebalance,rebalance,9.629274568910882
2006-12-27,2006-12-28,TPR,sell,5.3906508154659605,27.642825687796684,149.0128208357046,0.14901282083570458,rebalance,rebalance,1.6736534267716918
2006-12-27,2006-12-28,ADBE,buy,179.0757542976921,41.779998779296875,7481.784795959243,7.481784795959243,rebalance,rebalance,0.0
2006-12-27,2006-12-28,BIG,buy,340.4464848579309,21.976390207352,7481.784795959244,7.481784795959244,rebalance,rebalance,0.0
2006-12-27,2006-12-28,CBRE,buy,223.07050064794575,33.540000915527344,7481.784795959244,7.481784795959244,rebalance,rebalance,0.0
2006-12-27,2006-12-28,CI,buy,189.99245372521503,39.37937875564313,7481.784795959244,7.481784795959244,rebalance,rebalance,0.0
2006-12-27,2006-12-28,DTV,buy,300.4732849782829,24.9,7481.784795959244,7.481784795959244,rebalance,rebalance,0.0
2006-12-27,2006-12-28,GEN,buy,1002.7613338671867,7.461181981464582,7481.784795959244,7.481784795959244,rebalance,rebalance,0.0
2006-12-27,2006-12-28,IFF,buy,234.131342383825,31.955502923200786,7481.784795959244,7.481784795959244,rebalance,rebalance,0.0
2006-12-27,2006-12-28,IPG,buy,723.6917134457481,10.338359078807,7481.784795959244,7.481784795959244,rebalance,rebalance,0.0
2006-12-27,2006-12-28,JWN,buy,211.84080808934073,35.317958156598,7481.784795959244,7.481784795959244,rebalance,rebalance,0.0
2006-12-27,2006-12-28,SPGI,buy,163.06270666655934,45.88286892145399,7481.784795959244,7.481784795959244,rebalance,rebalance,0.0
2007-01-03,2007-01-04,ADBE,sell,179.0757542976921,39.880001068115234,7141.541272665502,7.141541272665503,sma50_exit,risk_exit,-354.8668493623644
2007-01-05,2007-01-08,NVDA,sell,13055.250440603077,0.5155489549513663,6730.620721281281,6.730620721281281,sma50_exit,risk_exit,-516.0729414467919
2007-01-12,2007-01-16,GEN,sell,1002.7613338671867,6.622330191577965,6640.616656215662,6.640616656215663,sma50_exit,risk_exit,-855.2905411957557
2007-01-25,2007-01-26,SPGI,sell,163.06270666655934,45.46166439257684,7413.1020454203235,7.413102045420324,sma50_exit,risk_exit,-83.57763738029888
2007-01-29,2007-01-30,BIG,sell,49.74740323455865,24.451675271392,1216.407349486424,1.216407349486424,rebalance,rebalance,120.82932850650664
2007-01-29,2007-01-30,CBRE,sell,31.01214161227557,37.0099983215332,1147.759309017469,1.147759309017469,rebalance,rebalance,105.4241443821971
2007-01-29,2007-01-30,CI,sell,189.99245372521503,39.107830976709096,7430.1927671359335,7.430192767135933,rebalance,rebalance,-66.50400638640433
2007-01-29,2007-01-30,DTV,sell,6.629566683674625,24.19,160.36921807808918,0.16036921807808918,rebalance,rebalance,-5.032437773910545
2007-01-29,2007-01-30,HAS,sell,48.99153754598569,15.530175237836072,760.8471632601833,0.7608471632601833,rebalance,rebalance,52.95565601896554
2007-01-29,2007-01-30,IFF,sell,234.131342383825,32.090253970603406,7513.334239575246,7.513334239575246,rebalance,rebalance,16.554324580468425
2007-01-29,2007-01-30,IPG,sell,92.9219324335354,11.268896766329,1047.127663921309,1.047127663921309,rebalance,rebalance,84.45957215906171
2007-01-29,2007-01-30,JWN,sell,33.77097525171459,39.917370799287,1348.0485413762358,1.3480485413762358,rebalance,rebalance,152.78588009644952
2007-01-29,2007-01-30,TPR,sell,22.3304328600955,28.62366663418745,639.1788659844785,0.6391788659844786,rebalance,rebalance,28.813704632931515
2007-01-29,2007-01-30,SEE,buy,269.89248340402264,26.336708069435,7108.079545546575,7.108079545546575,rebalance,rebalance,0.0
2007-02-02,2007-02-05,DTV,sell,293.84371829460827,24.04,7064.002987802382,7.0640029878023824,sma50_exit,risk_exit,-267.08630930670074
2007-02-13,2007-02-14,IPG,sell,630.7697810122127,10.645692626979,6714.981207042872,6.714981207042872,sma50_exit,risk_exit,180.62060917895144
2007-02-27,2007-02-28,BIG,sell,290.69908162337225,23.670501658026,6880.993093552669,6.880993093552669,sma50_exit,risk_exit,479.20713333434486
2007-02-27,2007-02-28,CBRE,sell,192.05835903567018,33.099998474121094,6357.131391022884,6.357131391022884,sma50_exit,risk_exit,-97.30491579708595
2007-02-27,2007-02-28,HAS,sell,100.44663893354698,15.562827960168692,1563.233760899974,1.563233760899974,rebalance,rebalance,111.85078990342642
2007-02-27,2007-02-28,JWN,sell,178.06983283762614,38.196147543766,6801.581608159716,6.801581608159716,sma50_exit,risk_exit,499.42805853476415
2007-02-27,2007-02-28,SEE,sell,269.89248340402264,26.045913731101,7029.596339413782,7.029596339413782,sma50_exit,risk_exit,-92.62088201775336
2007-02-27,2007-02-28,TPR,sell,60.28220383215671,29.566033948255978,1782.305684977232,1.782305684977232,rebalance,rebalance,134.53531501074988
2007-02-27,2007-02-28,AZO,buy,44.80089308883434,124.0999984741211,5559.790763963604,5.559790763963604,rebalance,rebalance,0.0
2007-02-27,2007-02-28,DE,buy,148.71566674115425,37.38537361797025,5559.790763963604,5.559790763963604,rebalance,rebalance,0.0
2007-02-27,2007-02-28,IPG,buy,505.63265683118414,10.995711390176,5559.790763963604,5.559790763963604,rebalance,rebalance,0.0
2007-02-27,2007-02-28,NCR,buy,530.4258372690896,10.481749517686248,5559.790763963604,5.559790763963604,rebalance,rebalance,0.0
2007-02-27,2007-02-28,RL,buy,86.69768741670153,64.12847827464151,5559.790763963604,5.559790763963604,rebalance,rebalance,0.0
2007-02-27,2007-02-28,SHW,buy,324.38258817823703,17.13960911153681,5559.790763963604,5.559790763963604,rebalance,rebalance,0.0
2007-02-27,2007-02-28,WAT,buy,102.95908822154823,54.0,5559.790763963604,5.559790763963604,rebalance,rebalance,0.0
2007-02-28,2007-03-01,IPG,sell,505.63265683118414,10.739600100032,5430.2925318836305,5.430292531883631,sma50_exit,risk_exit,-140.48831537581958
2007-03-01,2007-03-02,SHW,sell,324.38258817823703,17.03815213858501,5526.879888488769,5.52687988848877,sma50_exit,risk_exit,-43.9975461272865
2007-03-02,2007-03-05,AZO,sell,44.80089308883434,122.02999877929688,5467.052928941865,5.467052928941865,sma50_exit,risk_exit,-103.76467871464443
2007-03-05,2007-03-06,RL,sell,86.69768741670153,62.594016794341684,5426.756502191601,5.4267565021916,sma50_exit,risk_exit,-144.0208090381584
2007-03-07,2007-03-08,WAT,sell,102.95908822154823,53.900001525878906,5549.495012244551,5.5494950122445506,sma50_exit,risk_exit,-21.40503749526153
2007-03-27,2007-03-28,DE,sell,14.4738115656547,37.43342690004375,541.804367207943,0.541804367207943,rebalance,rebalance,-0.38739907042293276
2007-03-27,2007-03-28,HAS,sell,357.24810286364817,16.13963101454045,5765.852560863872,5.765852560863872,rebalance,rebalance,603.663794397767
2007-03-27,2007-03-28,NCR,sell,530.4258372690896,11.092879501696652,5883.949897412568,5.883949897412569,rebalance,rebalance,312.715392787588
2007-03-27,2007-03-28,TPR,sell,32.052624903692674,32.213642802494164,1032.5318095298846,1.0325318095298848,rebalance,rebalance,156.31166568041306
2007-03-27,2007-03-28,BIG,buy,165.24986051866776,30.409300539595,5025.132672638322,5.025132672638322,rebalance,rebalance,0.0
2007-03-27,2007-03-28,HES,buy,97.92849366134055,51.31430582417,5025.132672638322,5.025132672638322,rebalance,rebalance,0.0
2007-03-27,2007-03-28,NEE,buy,578.5412774308165,8.685867143229448,5025.132672638322,5.025132672638322,rebalance,rebalance,0.0
2007-03-27,2007-03-28,NUE,buy,130.91128312672268,38.38578732571105,5025.132672638322,5.025132672638322,rebalance,rebalance,0.0
2007-03-27,2007-03-28,PCAR,buy,293.7330560922172,17.107821433147404,5025.132672638322,5.025132672638322,rebalance,rebalance,0.0
2007-03-27,2007-03-28,RL,buy,75.23248053330587,66.7947226652146,5025.132672638322,5.025132672638322,rebalance,rebalance,0.0
2007-03-27,2007-03-28,TIF,buy,135.6564427239831,37.043081564971,5025.132672638322,5.025132672638322,rebalance,rebalance,0.0
2007-03-27,2007-03-28,VMC,buy,53.842634955410745,93.32999168409638,5025.132672638322,5.025132672638322,rebalance,rebalance,0.0
2007-03-27,2007-03-28,X,buy,57.10701110437668,87.995021547419,5025.132672638322,5.025132672638322,rebalance,rebalance,0.0
2007-03-28,2007-03-29,DE,sell,134.24185517549955,37.14576557099225,4986.516482164199,4.986516482164199,sma50_exit,risk_exit,-42.17062713437387
2007-04-13,2007-04-16,VMC,sell,53.842634955410745,89.85175993142488,4837.855510088912,4.837855510088912,sma50_exit,risk_exit,-197.14015073213704
2007-04-25,2007-04-26,NUE,sell,130.91128312672268,39.2087457772052,5132.867219483403,5.132867219483403,rebalance,rebalance,97.57654695295884
2007-04-25,2007-04-26,PCAR,sell,293.7330560922172,20.167954261766035,5923.994840436594,5.9239948404365945,rebalance,rebalance,887.913040285197
2007-04-25,2007-04-26,BIG,buy,83.70416479494577,30.851651862827,2582.4117517223667,2.5824117517223666,rebalance,rebalance,0.0
2007-04-25,2007-04-26,CBRE,buy,215.68780643582238,35.61000061035156,7680.642918825025,7.680642918825025,rebalance,rebalance,0.0
2007-04-25,2007-04-26,DE,buy,193.97493194896873,39.59605935495656,7680.642918825025,7.680642918825025,rebalance,rebalance,0.0
2007-04-25,2007-04-26,HES,buy,47.805638643078055,52.703116266416,2519.506131596412,2.5195061315964122,rebalance,rebalance,0.0
2007-04-25,2007-04-26,KR,buy,736.0016250028572,10.43563309903726,7680.642918825025,7.680642918825025,rebalance,rebalance,0.0
2007-04-25,2007-04-26,NEE,buy,263.665478868199,9.119664335841666,2404.5406642269286,2.4045406642269285,rebalance,rebalance,0.0
2007-04-25,2007-04-26,PEG,buy,349.55034064144735,21.972923570123122,7680.642918825025,7.680642918825025,rebalance,rebalance,0.0
2007-04-25,2007-04-26,RL,buy,31.015151562632056,72.29001500842551,2242.0857719512633,2.2420857719512632,rebalance,rebalance,0.0
2007-04-25,2007-04-26,SWY,buy,270.7708057632436,28.365845783022937,7680.642918825026,7.680642918825026,rebalance,rebalance,0.0
2007-04-25,2007-04-26,TAP,buy,269.8043780978524,28.46745102127074,7680.642918825026,7.680642918825026,rebalance,rebalance,0.0
2007-04-25,2007-04-26,TIF,buy,57.499515612894356,39.76394507815,2286.40758085136,2.28640758085136,rebalance,rebalance,0.0
2007-04-25,2007-04-26,TPR,buy,78.65191036650432,32.73291772681399,2574.5065110835344,2.5745065110835346,rebalance,rebalance,0.0
2007-04-25,2007-04-26,TSN,buy,515.7077132453172,14.893403223487208,7680.642918825024,7.680642918825024,rebalance,rebalance,0.0
2007-04-25,2007-04-26,VMC,buy,80.56701865285712,95.33234625348334,7680.642918825025,7.680642918825025,rebalance,rebalance,0.0
2007-04-25,2007-04-26,X,buy,23.22489046012565,95.611366956848,2220.563524315672,2.220563524315672,rebalance,rebalance,0.0
2007-04-30,2007-05-01,CBRE,sell,215.68780643582238,34.25,7387.307370426916,7.3873073704269165,sma50_exit,risk_exit,-308.40349868735916
2007-04-30,2007-05-01,DE,sell,193.97493194896873,38.033010178867514,7377.450561260261,7.377450561260261,sma50_exit,risk_exit,-318.250451044848
2007-04-30,2007-05-01,TPR,sell,234.64583826370097,31.47642151929154,7385.81131293576,7.38581131293576,sma50_exit,risk_exit,541.975597414806
2007-05-01,2007-05-02,SWY,sell,270.7708057632436,26.76194690806402,7246.353928089639,7.24635392808964,sma50_exit,risk_exit,-449.2159875823005
2007-05-01,2007-05-02,VMC,sell,80.56701865285712,92.47636604003802,7450.545107696185,7.450545107696185,sma50_exit,risk_exit,-245.2289991553602
2007-05-11,2007-05-14,TAP,sell,269.8043780978524,28.550901937879782,7703.158341482424,7.703158341482424,sma50_exit,risk_exit,7.13162139709176
2007-05-23,2007-05-24,BIG,sell,5.426770332786333,31.435179140281,170.5914975643007,0.17059149756430073,rebalance,rebalance,4.423667292215075
2007-05-23,2007-05-24,HES,sell,145.7341323044186,54.020246169708,7872.593702413488,7.872593702413488,rebalance,rebalance,312.5376656721075
2007-05-23,2007-05-24,NEE,sell,842.2067562990155,9.235162022146499,7777.91585056786,7.77791585056786,rebalance,rebalance,333.0349245151764
2007-05-23,2007-05-24,RL,sell,106.24763209593793,71.17269002500927,7561.929785055417,7.561929785055417,rebalance,rebalance,279.8821922361851
2007-05-23,2007-05-24,TIF,sell,15.061934075712117,42.984726285016,647.4331135674408,0.6474331135674408,rebalance,rebalance,76.07554458010637
2007-05-23,2007-05-24,TSN,sell,21.780351820198234,15.49888401358337,337.57114663629187,0.3375711466362919,rebalance,rebalance,12.525629920022103
2007-05-23,2007-05-24,X,sell,1.7480104388613,97.415930621503,170.2840636377754,0.1702840636377754,rebalance,rebalance,12.290823876987249
2007-05-23,2007-05-24,APOL,buy,155.43802813935415,49.25,7655.322885863192,7.655322885863192,rebalance,rebalance,0.0
2007-05-23,2007-05-24,CMI,buy,267.2811038984486,28.64146688338946,7655.322885863192,7.655322885863192,rebalance,rebalance,0.0
2007-05-23,2007-05-24,ETR,buy,290.8256784265765,26.322719944400987,7655.322885863193,7.6553228858631925,rebalance,rebalance,0.0
2007-05-23,2007-05-24,KR,buy,1.6051906311136008,10.378595646900939,16.65962449652179,0.01665962449652179,rebalance,rebalance,0.0
2007-05-23,2007-05-24,PCAR,buy,372.0905833106547,20.573815165518013,7655.322885863192,7.655322885863192,rebalance,rebalance,0.0
2007-05-23,2007-05-24,PEG,buy,2.0201480155106424,21.774645861509754,43.98800762557595,0.043988007625575955,rebalance,rebalance,0.0
2007-05-23,2007-05-24,PLL,buy,200.5253347476286,38.17633764580325,7655.322885863192,7.655322885863192,rebalance,rebalance,0.0
2007-05-23,2007-05-24,PPL,buy,433.3689812851936,17.6646765607466,7655.322885863192,7.655322885863192,rebalance,rebalance,0.0
2007-05-23,2007-05-24,VLO,buy,200.4074388442878,38.198796062711075,7655.322885863192,7.655322885863192,rebalance,rebalance,0.0
2007-05-23,2007-05-24,VMC,buy,81.30000048144655,94.16141255263844,7655.322885863192,7.655322885863192,rebalance,rebalance,0.0
2007-05-24,2007-05-25,ETR,sell,290.8256784265765,25.570436783547866,7436.539625239194,7.4365396252391935,sma50_exit,risk_exit,-233.87512313510035
2007-05-24,2007-05-25,PEG,sell,351.570488656958,20.979052442776446,7375.615718866863,7.375615718866864,sma50_exit,risk_exit,-364.11545422905454
2007-05-31,2007-06-01,BIG,sell,243.5272549808272,29.88224364383,7277.140767250192,7.277140767250192,sma50_exit,risk_exit,-179.29110352758562
2007-06-07,2007-06-08,PPL,sell,433.3689812851936,17.176322208849452,7443.685257875334,7.443685257875335,sma50_exit,risk_exit,-226.7366361315955
2007-06-07,2007-06-08,TIF,sell,178.09402426116534,40.157322935477,7151.779245134292,7.151779245134292,sma50_exit,risk_exit,396.4858080197538
2007-06-07,2007-06-08,VMC,sell,81.30000048144655,91.10999496741042,7407.2426347150595,7.407242634715059,sma50_exit,risk_exit,-263.1428166687097
2007-06-12,2007-06-13,KR,sell,737.6068156339708,10.350512802777203,7634.608788635139,7.634608788635139,sma50_exit,risk_exit,-78.02566601836519
2007-06-21,2007-06-22,APOL,sell,155.43802813935415,49.49,7692.628012616637,7.692628012616637,rebalance,rebalance,21.957175854966472
2007-06-21,2007-06-22,CMI,sell,77.94726495883415,33.58591940403595,2617.9305586724395,2.6179305586724397,rebalance,rebalance,380.556096136566
2007-06-21,2007-06-22,PCAR,sell,72.69010543057647,21.238947579868675,1543.861338815141,1.543861338815141,rebalance,rebalance,45.309171192137796
2007-06-21,2007-06-22,PLL,sell,200.5253347476286,41.35622284646296,8292.97043018451,8.29297043018451,rebalance,rebalance,621.6992510052715
2007-06-21,2007-06-22,TSN,sell,111.34523476631114,16.62113991214654,1850.6847256016604,1.8506847256016603,rebalance,rebalance,188.8662530091522
2007-06-21,2007-06-22,VLO,sell,37.634857002626006,39.06647534330032,1470.2612131417222,1.4702612131417223,rebalance,rebalance,29.747118208483343
2007-06-21,2007-06-22,X,sell,17.137290900133323,103.48743513466,1773.4942804113464,1.7734942804113465,rebalance,rebalance,224.4428967249627
2007-06-21,2007-06-22,AAPL,buy,1716.636496511697,3.704308435713888,6358.9510550826135,6.358951055082613,rebalance,rebalance,0.0
2007-06-21,2007-06-22,AMZN,buy,1828.598454302835,3.4774999618530273,6358.9510550826135,6.358951055082613,rebalance,rebalance,0.0
2007-06-21,2007-06-22,HON,buy,185.0420803443365,34.36489172219382,6358.9510550826135,6.358951055082613,rebalance,rebalance,0.0
2007-06-21,2007-06-22,PCP,buy,53.547377631755246,118.75373428766304,6358.9510550826135,6.358951055082613,rebalance,rebalance,0.0
2007-06-21,2007-06-22,TIF,buy,153.66692843849034,41.381389734929,6358.9510550826135,6.358951055082613,rebalance,rebalance,0.0
2007-06-21,2007-06-22,VMC,buy,66.52527196301773,95.58699825560484,6358.9510550826135,6.358951055082613,rebalance,rebalance,0.0
2007-06-25,2007-06-26,HON,sell,185.0420803443365,34.19362448638895,6327.259409474456,6.327259409474457,sma50_exit,risk_exit,-44.37785607271364
2007-06-25,2007-06-26,VMC,sell,66.52527196301773,93.28843959192368,6206.038814858273,6.206038814858274,sma50_exit,risk_exit,-165.47723009428043
2007-06-26,2007-06-27,X,sell,61.44660022550771,96.382868659564,5922.3995991118445,5.922399599111845,sma50_exit,risk_exit,368.63615146490787
2007-07-19,2007-07-20,VLO,sell,162.7725818416618,37.92316179354178,6172.8509567338615,6.172850956733861,sma50_exit,risk_exit,-57.25626925182976
2007-07-20,2007-07-23,AAPL,sell,170.2953634461635,4.286348189667776,729.9452228162788,0.7299452228162788,rebalance,rebalance,97.75789966550019
2007-07-20,2007-07-23,CMI,sell,15.280512577605379,38.081182674662216,581.8999908302641,0.5818999908302641,rebalance,rebalance,143.22413959178056
2007-07-20,2007-07-23,PCAR,sell,299.40047788007826,22.54306331744942,6749.403930125219,6.749403930125219,rebalance,rebalance,576.6846237302268
2007-07-20,2007-07-23,PCP,sell,3.6398827408082823,132.8088402514988,483.40860545819476,0.48340860545819475,rebalance,rebalance,50.24327934469898
2007-07-20,2007-07-23,TIF,sell,153.66692843849034,44.840108233719,6890.44170312506,6.8904417031250595,rebalance,rebalance,518.2412552842388
2007-07-20,2007-07-23,AMZN,buy,18.199133042296125,3.5889999866485596,65.31668824581615,0.06531668824581616,rebalance,rebalance,0.0
2007-07-20,2007-07-23,CAT,buy,129.76760163718177,51.077128903530024,6628.156516324267,6.628156516324267,rebalance,rebalance,0.0
2007-07-20,2007-07-23,FCX,buy,193.92731397334822,34.17856092842696,6628.156516324268,6.6281565163242675,rebalance,rebalance,0.0
2007-07-20,2007-07-23,JNS,buy,258.54587371689104,25.636288141199,6628.156516324268,6.6281565163242675,rebalance,rebalance,0.0
2007-07-20,2007-07-23,MRO,buy,221.24436600778407,29.95853244051,6628.156516324268,6.6281565163242675,rebalance,rebalance,0.0
2007-07-20,2007-07-23,SLB,buy,103.21608405392679,64.21631451219645,6628.156516324268,6.6281565163242675,rebalance,rebalance,0.0
2007-07-20,2007-07-23,STR,buy,439.20469545738223,15.09126970835726,6628.156516324268,6.6281565163242675,rebalance,rebalance,0.0
2007-07-20,2007-07-23,TSN,buy,17.539191143763333,16.565367105970466,290.5431400382256,0.2905431400382256,rebalance,rebalance,0.0
2007-07-20,2007-07-23,TT,buy,264.39035543323405,25.069585104431173,6628.156516324268,6.6281565163242675,rebalance,rebalance,0.0
2007-07-23,2007-07-24,MRO,sell,221.24436600778407,28.993839719836,6414.723686946423,6.414723686946424,sma50_exit,risk_exit,-226.47570958111373
2007-07-24,2007-07-25,AMZN,sell,1846.7975873451312,4.232999801635742,7817.493820893307,7.817493820893308,sma50_exit,risk_exit,1378.984316000657
2007-07-25,2007-07-26,STR,sell,439.20469545738223,13.7153009996541,6023.824598659409,6.0238245986594094,sma50_exit,risk_exit,-616.9838987798411
2007-07-25,2007-07-26,TSN,sell,400.1213178025712,15.540484372153372,6218.079086276271,6.218079086276271,sma50_exit,risk_exit,217.37949570442126
2007-07-25,2007-07-26,TT,sell,264.39035543323405,23.521233188991474,6218.787203065437,6.218787203065437,sma50_exit,risk_exit,-422.2162569782201
2007-07-26,2007-07-27,CAT,sell,129.76760163718177,48.74221519380124,6325.160364182988,6.325160364182988,sma50_exit,risk_exit,-315.9494690217849
2007-08-03,2007-08-06,AAPL,sell,1546.3411330655335,3.9749889439015655,6146.688907435715,6.146688907435715,market_trend_exit,risk_exit,406.6895903185472
2007-08-03,2007-08-06,CMI,sell,174.05332636200905,39.044702949506615,6795.860425178172,6.795860425178172,market_trend_exit,risk_exit,1798.9368392287936
2007-08-03,2007-08-06,FCX,sell,193.92731397334822,30.268779656849528,5869.943136103954,5.869943136103954,market_trend_exit,risk_exit,-770.7114798727413
2007-08-03,2007-08-06,JNS,sell,258.54587371689104,24.943189797316,6448.958799433307,6.448958799433307,market_trend_exit,risk_exit,-192.27483220671772
2007-08-03,2007-08-06,PCP,sell,49.907494890946964,136.58069072201968,6816.400124411205,6.816400124411206,market_trend_exit,risk_exit,876.9556356571354
2007-08-03,2007-08-06,SLB,sell,103.21608405392679,57.15573657891129,5899.3913108930055,5.899391310893006,market_trend_exit,risk_exit,-741.2927532584787
2007-08-17,2007-08-20,AMZN,buy,857.1959726562574,3.749000072479248,3213.6277636172285,3.213627763617229,rebalance,rebalance,0.0
2007-08-17,2007-08-20,JNPR,buy,106.98241908659715,30.038839942626,3213.6277636172285,3.213627763617229,rebalance,rebalance,0.0
2007-08-17,2007-08-20,NVDA,buy,4667.804085880351,0.6884667189306718,3213.6277636172285,3.213627763617229,rebalance,rebalance,0.0
2007-08-17,2007-08-20,PCP,buy,24.904701892627134,129.0369897809779,3213.6277636172285,3.213627763617229,rebalance,rebalance,0.0
2007-08-17,2007-08-20,PPL,buy,167.63653620734982,19.170210959514748,3213.6277636172285,3.213627763617229,rebalance,rebalance,0.0
2007-08-20,2007-08-21,AMZN,sell,857.1959726562574,3.7105000019073486,3180.6256581760144,3.1806256581760146,market_trend_exit,risk_exit,-39.396358863006824
2007-08-20,2007-08-21,JNPR,sell,106.98241908659715,29.886744550512,3197.356230636948,3.1973562306369483,market_trend_exit,risk_exit,-22.68251697453444
2007-08-20,2007-08-21,NVDA,sell,4667.804085880351,0.6893821998478037,3217.9010491827626,3.2179010491827627,market_trend_exit,risk_exit,-2.158243247266076
2007-08-20,2007-08-21,PCP,sell,24.904701892627134,128.74913803454342,3206.4589016830055,3.2064589016830056,market_trend_exit,risk_exit,-13.588948599522627
2007-08-20,2007-08-21,PPL,sell,167.63653620734982,18.95400544955366,3177.383820818408,3.177383820818408,market_trend_exit,risk_exit,-42.63495438325578
2007-09-17,2007-09-18,AAPL,buy,1174.994836040082,4.159233073971814,4887.077383803998,4.887077383803998,rebalance,rebalance,0.0
2007-09-17,2007-09-18,AMZN,buy,1118.5803228980308,4.36899995803833,4887.077383803999,4.887077383803999,rebalance,rebalance,0.0
2007-09-17,2007-09-18,BIIB,buy,75.3248703867129,64.87999725341797,4887.077383803998,4.887077383803998,rebalance,rebalance,0.0
2007-09-17,2007-09-18,CMI,buy,122.53724522954565,39.88238330843141,4887.077383803998,4.887077383803998,rebalance,rebalance,0.0
2007-09-17,2007-09-18,CVX,buy,112.56189116785661,43.416802375114685,4887.077383803998,4.887077383803998,rebalance,rebalance,0.0
2007-09-17,2007-09-18,INTC,buy,322.73030217756053,15.142914535230764,4887.077383803998,4.887077383803998,rebalance,rebalance,0.0
2007-09-17,2007-09-18,JNPR,buy,145.55678240565157,33.57505780929,4887.077383803998,4.887077383803998,rebalance,rebalance,0.0
2007-09-17,2007-09-18,NVDA,buy,6564.432095275944,0.7444783208772857,4887.077383803998,4.887077383803998,rebalance,rebalance,0.0
2007-09-17,2007-09-18,PPL,buy,248.8157133602423,19.64135350538875,4887.077383803998,4.887077383803998,rebalance,rebalance,0.0
2007-09-17,2007-09-18,SLB,buy,74.52689458961217,65.57468160608394,4887.077383803998,4.887077383803998,rebalance,rebalance,0.0
2007-09-25,2007-09-26,PPL,sell,248.8157133602423,19.520484001647034,4857.003152007004,4.857003152007004,sma50_exit,risk_exit,-39.81831233280356
2007-10-15,2007-10-16,BIIB,sell,3.1207025318093145,81.05000305175781,252.93294972677327,0.25293294972677327,rebalance,rebalance,50.00637391283116
2007-10-15,2007-10-16,CVX,sell,112.56189116785661,43.988075619065796,4951.380980516731,4.951380980516731,rebalance,rebalance,54.46513834841291
2007-10-15,2007-10-16,INTC,sell,322.73030217756053,15.610261929031994,5037.904549427364,5.037904549427364,rebalance,rebalance,140.9021836901356
2007-10-15,2007-10-16,AAPL,buy,6.9609759914096685,4.951240956234367,34.465469424031674,0.034465469424031676,rebalance,rebalance,0.0
2007-10-15,2007-10-16,AMZN,buy,201.1057156722734,4.434500217437744,891.8033398766695,0.8918033398766695,rebalance,rebalance,0.0
2007-10-15,2007-10-16,CELG,buy,159.80742831757428,36.62,5852.148024989569,5.852148024989569,rebalance,rebalance,0.0
2007-10-15,2007-10-16,CIEN,buy,131.06714053744645,44.650001525878906,5852.148024989569,5.852148024989569,rebalance,rebalance,0.0
2007-10-15,2007-10-16,CMI,buy,5.90589387427724,45.56216911094935,269.08533545113943,0.26908533545113944,rebalance,rebalance,0.0
2007-10-15,2007-10-16,COP,buy,170.79243929232652,34.2646785140945,5852.148024989569,5.852148024989569,rebalance,rebalance,0.0
2007-10-15,2007-10-16,DE,buy,109.1111583237994,53.63473465860086,5852.148024989569,5.852148024989569,rebalance,rebalance,0.0
2007-10-15,2007-10-16,FCX,buy,149.16115313008518,39.233727429593166,5852.148024989569,5.852148024989569,rebalance,rebalance,0.0
2007-10-15,2007-10-16,JNPR,buy,25.451335697886833,34.221463225777,870.9819486321396,0.8709819486321396,rebalance,rebalance,0.0
2007-10-15,2007-10-16,MON,buy,75.75693167334444,77.249010694142,5852.148024989569,5.852148024989569,rebalance,rebalance,0.0
2007-10-15,2007-10-16,NVDA,buy,468.06055137394196,0.83215842789077,389.50053258902653,0.38950053258902656,rebalance,rebalance,0.0
2007-10-15,2007-10-16,OXY,buy,146.12760019977534,40.04820456223825,5852.148024989569,5.852148024989569,rebalance,rebalance,0.0
2007-10-15,2007-10-16,PCP,buy,41.80782251804416,139.97734568605662,5852.14802498957,5.85214802498957,rebalance,rebalance,0.0
2007-10-15,2007-10-16,SLB,buy,5.904770589452525,72.75925485268714,429.6267081646279,0.42962670816462795,rebalance,rebalance,0.0
2007-10-19,2007-10-22,SLB,sell,80.4316651790647,63.71491963951195,5124.697083356238,5.124697083356239,sma50_exit,risk_exit,-202.44840978771276
2007-10-22,2007-10-23,COP,sell,170.79243929232652,33.147710245319004,5661.378289753276,5.661378289753276,sma50_exit,risk_exit,-202.283261551036
2007-10-24,2007-10-25,JNPR,sell,171.0081181035384,32.434342368431,5546.535850351248,5.5465358503512485,sma50_exit,risk_exit,-222.82807726767618
2007-10-25,2007-10-26,CELG,sell,159.80742831757428,32.98,5270.448985913599,5.2704489859136,sma50_exit,risk_exit,-592.8216360868735
2007-10-25,2007-10-26,CMI,sell,128.4431391038229,37.52694271077661,4820.078322741472,4.820078322741472,sma50_exit,risk_exit,-346.06063755565975
2007-10-25,2007-10-26,NVDA,sell,7032.492646649886,0.8195672770779044,5763.600849485233,5.7636008494852335,sma50_exit,risk_exit,475.9827543263306
2007-11-01,2007-11-02,AMZN,sell,1319.6860385703042,4.398499965667725,5804.638995343658,5.804638995343659,sma50_exit,risk_exit,14.17475194396728
2007-11-08,2007-11-09,AAPL,sell,1181.9558120314916,5.1190335806431815,6050.471492625586,6.050471492625586,market_trend_exit,risk_exit,1117.9566250517034
2007-11-08,2007-11-09,BIIB,sell,72.20416785490359,75.23999786376953,5432.6414351582025,5.432641435158202,market_trend_exit,risk_exit,737.9179753994584
2007-11-08,2007-11-09,CIEN,sell,131.06714053744645,45.130001068115234,5915.060192449768,5.915060192449768,market_trend_exit,risk_exit,51.14495924276015
2007-11-08,2007-11-09,DE,sell,109.1111583237994,54.395707639455146,5935.178668383695,5.935178668383696,market_trend_exit,risk_exit,71.24331670075279
2007-11-08,2007-11-09,FCX,sell,149.16115313008518,38.63891130751423,5763.42456631991,5.76342456631991,market_trend_exit,risk_exit,-100.339031260969
2007-11-08,2007-11-09,MON,sell,75.75693167334444,82.112679831957,6220.604675544774,6.220604675544775,market_trend_exit,risk_exit,356.38389785467103
2007-11-08,2007-11-09,OXY,sell,146.12760019977534,41.36344552967809,6044.341031245985,6.044341031245985,market_trend_exit,risk_exit,180.29651720018015
2007-11-08,2007-11-09,PCP,sell,41.80782251804416,144.39538376182762,6036.856576739365,6.036856576739365,market_trend_exit,risk_exit,172.81954714806648
2007-12-11,2007-12-12,AAPL,buy,577.2169939881622,5.785718175490681,3339.6148533194055,3.3396148533194054,rebalance,rebalance,0.0
2007-12-11,2007-12-12,APOL,buy,45.73561836920577,73.02,3339.614853319405,3.339614853319405,rebalance,rebalance,0.0
2007-12-11,2007-12-12,BIIB,buy,43.091804558960064,77.5,3339.614853319405,3.339614853319405,rebalance,rebalance,0.0
2007-12-11,2007-12-12,DE,buy,54.3156009021574,61.48537064581673,3339.614853319405,3.339614853319405,rebalance,rebalance,0.0
2007-12-11,2007-12-12,GOOGL,buy,188.68470981518968,17.69944611087165,3339.614853319405,3.339614853319405,rebalance,rebalance,0.0
2007-12-11,2007-12-12,J,buy,46.85581578437449,71.27428681826733,3339.614853319405,3.339614853319405,rebalance,rebalance,0.0
2007-12-11,2007-12-12,JNS,buy,115.28566667878006,28.968170541309,3339.614853319405,3.339614853319405,rebalance,rebalance,0.0
2007-12-11,2007-12-12,MON,buy,36.393720271271015,91.763491844929,3339.614853319405,3.339614853319405,rebalance,rebalance,0.0
2007-12-11,2007-12-12,NEM,buy,96.93350695359517,34.45263622741075,3339.6148533194046,3.3396148533194046,rebalance,rebalance,0.0
2007-12-11,2007-12-12,PH,buy,56.68867440378637,58.91150019723065,3339.614853319405,3.339614853319405,rebalance,rebalance,0.0
2007-12-11,2007-12-12,TXT,buy,50.303717947770366,66.38902629000265,3339.614853319405,3.339614853319405,rebalance,rebalance,0.0
2007-12-13,2007-12-14,BIIB,sell,43.091804558960064,57.619998931884766,2482.949732660266,2.482949732660266,sma50_exit,risk_exit,-862.4876852451181
2007-12-13,2007-12-14,NEM,sell,96.93350695359517,33.31569375446524,3229.407032212303,3.229407032212303,sma50_exit,risk_exit,-116.77684299263292
2007-12-14,2007-12-17,AAPL,sell,577.2169939881622,5.704363679253599,3292.6556555540155,3.2926556555540154,market_trend_exit,risk_exit,-53.59146827426271
2007-12-14,2007-12-17,APOL,sell,45.73561836920577,75.63,3458.984817263032,3.458984817263032,market_trend_exit,risk_exit,112.57136427304526
2007-12-14,2007-12-17,DE,sell,54.3156009021574,60.228669115468236,3271.356354543866,3.271356354543866,market_trend_exit,risk_exit,-74.86946998340224
2007-12-14,2007-12-17,GOOGL,sell,188.68470981518968,17.054925256273314,3218.0036228996796,3.21800362289968,market_trend_exit,risk_exit,-128.16884889594428
2007-12-14,2007-12-17,J,sell,46.85581578437449,71.92743679501164,3370.2187283093053,3.3702187283093052,market_trend_exit,risk_exit,23.894041408271537
2007-12-14,2007-12-17,JNS,sell,115.28566667878006,28.567342583401,3293.4051349684873,3.2934051349684874,market_trend_exit,risk_exit,-52.842738339205106
2007-12-14,2007-12-17,MON,sell,36.393720271271015,87.690594087912,3191.386951657041,3.1913869516570412,market_trend_exit,risk_exit,-154.7589034673399
2007-12-14,2007-12-17,PH,sell,56.68867440378637,55.612701314756315,3152.610317547243,3.1526103175472433,market_trend_exit,risk_exit,-193.49676094302842
2007-12-14,2007-12-17,TXT,sell,50.303717947770366,65.90431422162662,3315.2320341459367,3.3152320341459367,market_trend_exit,risk_exit,-31.03766606093308
2008-05-06,2008-05-07,ADM,buy,201.5525109828066,27.69527325983009,5582.051867873734,5.5820518678737345,rebalance,rebalance,0.0
2008-05-06,2008-05-07,APA,buy,56.29288083585649,99.16088473337065,5582.051867873734,5.5820518678737345,rebalance,rebalance,0.0
2008-05-06,2008-05-07,CHRW,buy,125.52832487769844,44.468464574129364,5582.051867873734,5.5820518678737345,rebalance,rebalance,0.0
2008-05-06,2008-05-07,CSX,buy,1068.2947866768118,5.225198079678036,5582.051867873734,5.5820518678737345,rebalance,rebalance,0.0
2008-05-06,2008-05-07,DHI,buy,413.8251384025988,13.48891439853302,5582.051867873734,5.5820518678737345,rebalance,rebalance,0.0
2008-05-06,2008-05-07,EOG,buy,117.183701802287,47.63505318590979,5582.051867873734,5.5820518678737345,rebalance,rebalance,0.0
2008-05-06,2008-05-07,HCBK,buy,371.8776855794625,15.010451243332176,5582.051867873734,5.5820518678737345,rebalance,rebalance,0.0
2008-05-06,2008-05-07,HES,buy,52.66218928485915,105.99733781821,5582.051867873734,5.5820518678737345,rebalance,rebalance,0.0
2008-05-06,2008-05-07,MON,buy,54.62729834019983,102.18429315524,5582.051867873734,5.5820518678737345,rebalance,rebalance,0.0
2008-05-06,2008-05-07,NUE,buy,115.56955948220822,48.30036467114062,5582.051867873734,5.5820518678737345,rebalance,rebalance,0.0
2008-05-06,2008-05-07,PSA,buy,116.83877509113091,47.77567946531357,5582.051867873734,5.5820518678737345,rebalance,rebalance,0.0
2008-05-06,2008-05-07,WMT,buy,432.2015004106776,12.915392155209252,5582.051867873734,5.5820518678737345,rebalance,rebalance,0.0
2008-05-06,2008-05-07,X,buy,36.331962773462834,153.64025067071,5582.051867873734,5.5820518678737345,rebalance,rebalance,0.0
2008-05-07,2008-05-08,ADM,sell,201.5525109828066,27.07352508050646,5456.736961132068,5.456736961132068,market_trend_exit,risk_exit,-136.3536955706707
2008-05-07,2008-05-08,APA,sell,56.29288083585649,97.02409617715409,5461.765884307214,5.461765884307214,market_trend_exit,risk_exit,-131.3298013187012
2008-05-07,2008-05-08,CHRW,sell,125.52832487769844,42.70353488523902,5360.503200500413,5.360503200500413,market_trend_exit,risk_exit,-232.4912224416953
2008-05-07,2008-05-08,CSX,sell,1068.2947866768118,5.062512203751668,5408.255394755644,5.408255394755645,market_trend_exit,risk_exit,-184.7867803807188
2008-05-07,2008-05-08,DHI,sell,413.8251384025988,12.770899829703133,5284.919389552624,5.284919389552624,market_trend_exit,risk_exit,-307.9994495785355
2008-05-07,2008-05-08,EOG,sell,117.183701802287,46.09049413034616,5401.054720090544,5.401054720090544,market_trend_exit,risk_exit,-191.98025437115456
2008-05-07,2008-05-08,HCBK,sell,371.8776855794625,14.60370634252276,5430.7925155394805,5.430792515539481,market_trend_exit,risk_exit,-162.27219671766645
2008-05-07,2008-05-08,HES,sell,52.66218928485915,102.69111454953,5407.938912280502,5.407938912280502,market_trend_exit,risk_exit,-185.10294637338538
2008-05-07,2008-05-08,MON,sell,54.62729834019983,100.43573054282,5486.5326163785485,5.486532616378549,market_trend_exit,risk_exit,-106.58783597943857
2008-05-07,2008-05-08,NUE,sell,115.56955948220822,48.123307499496164,5561.589448543619,5.56158944854362,market_trend_exit,risk_exit,-31.6060606465323
2008-05-07,2008-05-08,PSA,sell,116.83877509113091,47.002628326416016,5491.72951972214,5.49172951972214,market_trend_exit,risk_exit,-101.39612953918979
2008-05-07,2008-05-08,WMT,sell,432.2015004106776,13.172460205687853,5693.157064998233,5.693157064998234,market_trend_exit,risk_exit,99.82998819162805
2008-05-07,2008-05-08,X,sell,36.331962773462834,153.97786138902,5594.317927923295,5.594317927923296,market_trend_exit,risk_exit,1.0896902537647577
2009-06-16,2009-06-17,CBRE,buy,382.70842078055847,8.6899995803833,3325.7360159922086,3.325736015992209,rebalance,rebalance,0.0
2009-06-16,2009-06-17,CCE,buy,228.83765818309132,14.533167496983,3325.7360159922086,3.325736015992209,rebalance,rebalance,0.0
2009-06-16,2009-06-17,CF,buy,315.36773710503354,10.545580998618666,3325.7360159922086,3.325736015992209,rebalance,rebalance,0.0
2009-06-16,2009-06-17,EXPE,buy,160.78638294016363,20.684189513920934,3325.736015992208,3.3257360159922085,rebalance,rebalance,0.0
2009-06-16,2009-06-17,F,buy,1186.1966455306206,2.803697033306404,3325.736015992209,3.3257360159922094,rebalance,rebalance,0.0
2009-06-16,2009-06-17,FCX,buy,181.77170284407143,18.296225231740898,3325.7360159922086,3.325736015992209,rebalance,rebalance,0.0
2009-06-16,2009-06-17,GLW,buy,319.94140474741886,10.394828448720935,3325.7360159922086,3.325736015992209,rebalance,rebalance,0.0
2009-06-16,2009-06-17,GS,buy,31.159838922953593,106.73148934484182,3325.7360159922086,3.325736015992209,rebalance,rebalance,0.0
2009-06-16,2009-06-17,MDP,buy,173.76618601321346,19.139143767242,3325.736015992208,3.3257360159922085,rebalance,rebalance,0.0
2009-06-16,2009-06-17,MS,buy,171.50210232710597,19.39180902662658,3325.7360159922086,3.325736015992209,rebalance,rebalance,0.0
2009-06-16,2009-06-17,MU,buy,664.8208740502076,5.002454263704492,3325.736015992208,3.3257360159922085,rebalance,rebalance,0.0
2009-06-16,2009-06-17,TSN,buy,370.99440154489076,8.964383295659491,3325.7360159922086,3.325736015992209,rebalance,rebalance,0.0
2009-06-16,2009-06-17,XL,buy,377.3726962968089,8.8128686802939,3325.7360159922086,3.325736015992209,rebalance,rebalance,0.0
2009-06-17,2009-06-18,CF,sell,315.36773710503354,10.366539715719853,3269.2721717560275,3.2692721717560276,sma50_exit,risk_exit,-63.0588524239286
2009-06-22,2009-06-23,F,sell,1186.1966455306206,2.6993039630990627,3201.905306295618,3.201905306295618,sma50_exit,risk_exit,-130.35835101887844
2009-06-22,2009-06-23,FCX,sell,181.77170284407143,16.54012193719331,3006.526129772209,3.006526129772209,sma50_exit,risk_exit,-325.5421483657636
2009-06-22,2009-06-23,MS,sell,171.50210232710597,18.573412050789035,3185.3792140979244,3.1853792140979245,sma50_exit,risk_exit,-146.86791712437457
2009-06-22,2009-06-23,TSN,sell,370.99440154489076,8.670821356523675,3216.8261800661585,3.2168261800661586,sma50_exit,risk_exit,-115.45239812210811
2009-06-23,2009-06-24,MDP,sell,173.76618601321346,18.735519186261,3255.5997119739586,3.2555997119739586,sma50_exit,risk_exit,-76.71763974621558
2009-06-23,2009-06-24,MU,sell,664.8208740502076,4.875686508690079,3241.458166302144,3.2414581663021442,sma50_exit,risk_exit,-90.84504387235866
2009-06-24,2009-06-25,CCE,sell,228.83765818309132,14.038671025056,3212.5766013766333,3.2125766013766333,sma50_exit,risk_exit,-119.69772723294369
2009-07-02,2009-07-06,EXPE,sell,160.78638294016363,19.423904447673998,3123.099338716859,3.1230993387168593,sma50_exit,risk_exit,-209.0855126300581
2009-07-07,2009-07-08,CBRE,sell,382.70842078055847,7.989999771118164,3057.8401944416564,3.0578401944416567,sma50_exit,risk_exit,-274.27939776098583
2009-07-07,2009-07-08,GLW,sell,319.94140474741886,9.643235660959725,3085.2703636778588,3.085270363677859,sma50_exit,risk_exit,-246.87665869401957
2009-07-08,2009-07-09,GS,sell,31.159838922953593,105.00560900437044,3271.9578625828285,3.2719578625828287,sma50_exit,risk_exit,-60.37584728795491
2009-07-15,2009-07-16,XL,sell,117.68337308330189,10.340770242682,1216.936722438252,1.216936722438252,rebalance,rebalance,177.5545447658034
2009-07-15,2009-07-16,AKS,buy,160.912403277245,16.688506113488693,2685.3876258284613,2.6853876258284615,rebalance,rebalance,0.0
2009-07-15,2009-07-16,AMZN,buy,636.196991721539,4.2210001945495605,2685.3876258284613,2.6853876258284615,rebalance,rebalance,0.0
2009-07-15,2009-07-16,CBRE,buy,295.42217610017764,9.09000015258789,2685.3876258284613,2.6853876258284615,rebalance,rebalance,0.0
2009-07-15,2009-07-16,EXPE,buy,125.41641770082894,21.41177108274806,2685.3876258284613,2.6853876258284615,rebalance,rebalance,0.0
2009-07-15,2009-07-16,F,buy,903.3449833081471,2.9727154912559333,2685.3876258284613,2.6853876258284615,rebalance,rebalance,0.0
2009-07-15,2009-07-16,GLW,buy,250.88829363580953,10.703519031966398,2685.3876258284613,2.6853876258284615,rebalance,rebalance,0.0
2009-07-15,2009-07-16,GS,buy,23.389258295787542,114.81285947028536,2685.3876258284613,2.6853876258284615,rebalance,rebalance,0.0
2009-07-15,2009-07-16,MU,buy,494.4087160867521,5.431513519994793,2685.3876258284613,2.6853876258284615,rebalance,rebalance,0.0
2009-07-15,2009-07-16,WDC,buy,161.4286005435786,16.635141584489702,2685.3876258284613,2.6853876258284615,rebalance,rebalance,0.0
2009-08-11,2009-08-12,AMZN,sell,636.196991721539,4.171000003814697,2653.577654897438,2.6535776548974384,sma50_exit,risk_exit,-37.14893621174906
2009-08-12,2009-08-13,EXPE,sell,125.41641770082894,29.817963679093566,3739.6621877653447,3.7396621877653446,rebalance,rebalance,1047.84951212329
2009-08-12,2009-08-13,GLW,sell,250.88829363580953,10.904843670322187,2735.897620812392,2.7358976208123917,rebalance,rebalance,45.08870973728981
2009-08-12,2009-08-13,GS,sell,23.389258295787542,122.39789856194423,2862.796064326916,2.862796064326916,rebalance,rebalance,171.86025480829986
2009-08-12,2009-08-13,MU,sell,494.4087160867521,6.6894412838659365,3307.3180764938725,3.3073180764938725,rebalance,rebalance,615.9377449630891
2009-08-12,2009-08-13,WDC,sell,161.4286005435786,19.637198686304234,3170.0055025262927,3.1700055025262928,rebalance,rebalance,478.76248356947707
2009-08-12,2009-08-13,AKS,buy,32.78383474448634,19.265407048223295,631.5939209542149,0.631593920954215,rebalance,rebalance,0.0
2009-08-12,2009-08-13,BAC,buy,293.7865884571609,12.701862562192272,3731.6368691982,3.7316368691982005,rebalance,rebalance,0.0
2009-08-12,2009-08-13,CBRE,buy,16.848696599332186,11.949999809265137,201.34192114838578,0.20134192114838578,rebalance,rebalance,0.0
2009-08-12,2009-08-13,F,buy,52.91917715591444,3.9023075667577976,206.5069054421213,0.2065069054421213,rebalance,rebalance,0.0
2009-08-12,2009-08-13,FCX,buy,162.1656847448899,23.01126082912427,3731.6368691982,3.7316368691982005,rebalance,rebalance,0.0
2009-08-12,2009-08-13,FITB,buy,590.4550992309331,6.3199333430410745,3731.6368691982007,3.731636869198201,rebalance,rebalance,0.0
2009-08-12,2009-08-13,HAR,buy,143.44816778224776,26.01383431305146,3731.6368691982,3.7316368691982005,rebalance,rebalance,0.0
2009-08-12,2009-08-13,IP,buy,373.699337418513,9.985666271115353,3731.6368691982007,3.731636869198201,rebalance,rebalance,0.0
2009-08-12,2009-08-13,JCP,buy,128.8125906527907,28.96950407011595,3731.6368691981997,3.7316368691982,rebalance,rebalance,0.0
2009-08-12,2009-08-13,JNS,buy,307.6671008676993,12.128813443732,3731.6368691982,3.7316368691982005,rebalance,rebalance,0.0
2009-08-12,2009-08-13,MDP,buy,179.10968295219118,20.834367007362,3731.6368691982,3.7316368691982005,rebalance,rebalance,0.0
2009-08-12,2009-08-13,ODP,buy,723.0111527422825,5.1612438550147,3731.6368691982,3.7316368691982005,rebalance,rebalance,0.0
2009-08-12,2009-08-13,TPR,buy,192.09818061248367,19.425675231802256,3731.6368691982,3.7316368691982005,rebalance,rebalance,0.0
2009-08-12,2009-08-13,WFM,buy,295.7807620151014,12.61622576051,3731.6368691981997,3.7316368691982,rebalance,rebalance,0.0
2009-08-12,2009-08-13,XL,buy,42.471565439333574,12.349834175546,524.5167903516201,0.5245167903516201,rebalance,rebalance,0.0
2009-08-17,2009-08-18,MDP,sell,179.10968295219118,19.542768348223,3500.2990428583385,3.5002990428583387,sma50_exit,risk_exit,-238.56976225191806
2009-09-01,2009-09-02,JNS,sell,307.6671008676993,10.070946896839,3098.499034743008,3.098499034743008,sma50_exit,risk_exit,-639.9679703591331
2009-09-10,2009-09-11,AKS,sell,60.566452973703434,20.1671920589912,1221.455289452536,1.221455289452536,rebalance,rebalance,182.01695019778413
2009-09-10,2009-09-11,BAC,sell,293.7865884571609,13.152053426272762,3863.896907310989,3.863896907310989,rebalance,rebalance,124.66450433627992
2009-09-10,2009-09-11,CBRE,sell,80.01707976021706,11.5600004196167,924.9974756046121,0.9249974756046121,rebalance,rebalance,183.629880725682
2009-09-10,2009-09-11,F,sell,232.2786896232734,3.7084362214034283,861.3907060590717,0.8613907060590718,rebalance,rebalance,157.37925962135304
2009-09-10,2009-09-11,FCX,sell,162.1656847448899,24.985086252703276,4051.7236205797617,4.051723620579762,rebalance,rebalance,312.303390891784
2009-09-10,2009-09-11,FITB,sell,169.69353323176034,6.380939137014888,1082.804107496876,1.082804107496876,rebalance,rebalance,8.19703280075861
2009-09-10,2009-09-11,HAR,sell,143.44816778224776,27.25833763256195,3910.158590180905,3.910158590180905,rebalance,rebalance,170.87992552332634
2009-09-10,2009-09-11,IP,sell,146.38235367537126,11.811057403742266,1728.9303821547128,1.7289303821547128,rebalance,rebalance,264.0143946581421
2009-09-10,2009-09-11,JCP,sell,128.8125906527907,27.329229573635445,3520.348861924844,3.520348861924844,rebalance,rebalance,-218.53999300447813
2009-09-10,2009-09-11,ODP,sell,272.4016638750987,5.9582720962788,1623.0432328469174,1.6230432328469173,rebalance,rebalance,214.08284442916673
2009-09-10,2009-09-11,TPR,sell,192.09818061248367,20.109065052665063,3862.9148104350365,3.862914810435037,rebalance,rebalance,123.68338955720334
2009-09-10,2009-09-11,WFM,sell,295.7807620151014,13.067453101693,3865.101236015356,3.865101236015356,rebalance,rebalance,125.86762871194261
2009-09-10,2009-09-11,XL,sell,116.27373782146441,14.44346170151,1679.395279115736,1.679395279115736,rebalance,rebalance,594.1222491517158
2009-09-10,2009-09-11,AIG,buy,116.053094758983,23.13470355453813,2684.8539438357943,2.6848539438357943,rebalance,rebalance,0.0
2009-09-10,2009-09-11,DD,buy,98.83749436399356,27.16432626213848,2684.8539438357943,2.6848539438357943,rebalance,rebalance,0.0
2009-09-10,2009-09-11,EXPE,buy,89.72867285213273,29.921917470687063,2684.8539438357943,2.6848539438357943,rebalance,rebalance,0.0
2009-09-10,2009-09-11,HIG,buy,152.12644719086842,17.648830912794473,2684.8539438357943,2.6848539438357943,rebalance,rebalance,0.0
2009-09-10,2009-09-11,MAS,buy,279.85726248552425,9.593654708084161,2684.8539438357943,2.6848539438357943,rebalance,rebalance,0.0
2009-09-10,2009-09-11,PFG,buy,170.70101765129036,15.728400338657845,2684.8539438357943,2.6848539438357943,rebalance,rebalance,0.0
2009-09-10,2009-09-11,TGNA,buy,474.258523502109,5.661161182744362,2684.8539438357943,2.6848539438357943,rebalance,rebalance,0.0
2009-09-10,2009-09-11,TXT,buy,141.99347387198773,18.908291139184943,2684.8539438357943,2.6848539438357943,rebalance,rebalance,0.0
2009-09-16,2009-09-17,F,sell,723.9854708407881,3.504621234261189,2537.294854405211,2.537294854405211,sma50_exit,risk_exit,343.12118948061226
2009-09-24,2009-09-25,FITB,sell,420.7615659991728,5.777003554157965,2430.7410622302923,2.4307410622302923,sma50_exit,risk_exit,-233.53391431071566
2009-09-24,2009-09-25,MAS,sell,279.85726248552425,8.579638996262112,2401.074282607966,2.401074282607966,sma50_exit,risk_exit,-288.86558945427254
2009-09-28,2009-09-29,AKS,sell,133.1297850480279,18.78263325457988,2500.5279278181606,2.5005279278181605,sma50_exit,risk_exit,215.9457555261836
2009-10-01,2009-10-02,CBRE,sell,232.25379293929277,10.729999542236328,2492.083091921262,2.492083091921262,sma50_exit,risk_exit,340.41732970884254
2009-10-01,2009-10-02,PFG,sell,170.70101765129036,14.150495539908283,2415.5039889323893,2.4155039889323895,sma50_exit,risk_exit,-274.4503128361727
2009-10-08,2009-10-09,AIG,sell,116.053094758983,27.23154506487014,3160.30507984689,3.1603050798468897,rebalance,rebalance,469.6059769874132
2009-10-08,2009-10-09,HIG,sell,6.664211988229368,20.789117716089734,138.54308750827676,0.13854308750827676,rebalance,rebalance,20.671378322943205
2009-10-08,2009-10-09,ODP,sell,24.419153294866874,7.0954953185701,173.26598788717354,0.17326598788717354,rebalance,rebalance,46.93348380660498
2009-10-08,2009-10-09,TGNA,sell,135.27266801694026,8.920819208061328,1206.743015171224,1.206743015171224,rebalance,rebalance,438.97009451502214
2009-10-08,2009-10-09,TXT,sell,141.99347387198773,18.64714993532651,2647.7735971288225,2.6477735971288228,rebalance,rebalance,-42.412974247936205
2009-10-08,2009-10-09,AES,buy,327.3146031092359,9.238914188817827,3024.031530873195,3.024031530873195,rebalance,rebalance,0.0
2009-10-08,2009-10-09,CBRE,buy,254.97737086110695,11.859999656677246,3024.031530873195,3.024031530873195,rebalance,rebalance,0.0
2009-10-08,2009-10-09,CBS,buy,267.5797313441423,11.301422255275,3024.0315308731956,3.0240315308731955,rebalance,rebalance,0.0
2009-10-08,2009-10-09,COF,buy,104.23914408477273,29.01051766516707,3024.031530873195,3.024031530873195,rebalance,rebalance,0.0
2009-10-08,2009-10-09,DD,buy,2.4390977150456763,29.859135944396233,72.82935025521508,0.07282935025521507,rebalance,rebalance,0.0
2009-10-08,2009-10-09,EXPE,buy,7.08941003151061,31.23416040480266,221.43177009961948,0.22143177009961948,rebalance,rebalance,0.0
2009-10-08,2009-10-09,FITB,buy,488.84470137971954,6.186078160074441,3024.031530873195,3.024031530873195,rebalance,rebalance,0.0
2009-10-08,2009-10-09,IP,buy,38.203855951937186,11.389055316132469,435.10582872616925,0.43510582872616926,rebalance,rebalance,0.0
2009-10-08,2009-10-09,ISRG,buy,108.58715391941516,27.848888397216797,3024.031530873195,3.024031530873195,rebalance,rebalance,0.0
2009-10-08,2009-10-09,RRD,buy,154.1822859415688,19.61335254828967,3024.0315308731947,3.0240315308731947,rebalance,rebalance,0.0
2009-10-08,2009-10-09,XL,buy,14.078506502259131,15.122754432916,212.905796615876,0.212905796615876,rebalance,rebalance,0.0
2009-10-16,2009-10-19,FITB,sell,488.84470137971954,6.167757709254975,3015.075675563211,3.015075675563211,sma50_exit,risk_exit,-14.994962516419818
2009-10-23,2009-10-26,AES,sell,327.3146031092359,8.94611131180944,2928.192873395953,2.928192873395953,sma50_exit,risk_exit,-101.79088188151113
2009-10-26,2009-10-27,HIG,sell,145.46223520263905,17.555414809906818,2553.6498781585583,2.5536498781585584,sma50_exit,risk_exit,-18.70940340140504
2009-10-26,2009-10-27,XL,sell,199.9656573336353,14.129288813235,2825.3725251953165,2.8253725251953163,sma50_exit,risk_exit,877.0842667423713
2009-10-27,2009-10-28,IP,sell,265.5208396950789,11.393960777838632,3025.334033184508,3.025334033184508,sma50_exit,risk_exit,314.58631564344546
2009-10-28,2009-10-29,CBRE,sell,254.97737086110695,11.220000267028809,2860.8461691479233,2.8608461691479232,sma50_exit,risk_exit,-169.0702394252923
2009-10-28,2009-10-29,CBS,sell,267.5797313441423,10.864652313042,2907.160747071293,2.907160747071293,sma50_exit,risk_exit,-122.80197607984665
2009-10-28,2009-10-29,DD,sell,101.27659207903923,28.755394775337486,2912.2483867335905,2.9122483867335904,sma50_exit,risk_exit,148.8951609617573
2009-10-28,2009-10-29,ODP,sell,426.190335572317,5.5403182624452,2361.230099448956,2.361230099448956,sma50_exit,risk_exit,156.99694655969427
2009-10-28,2009-10-29,TGNA,sell,338.98585548516877,6.991633846139042,2370.064980572504,2.370064980572504,sma50_exit,risk_exit,446.7222954533323
2009-10-30,2009-11-02,COF,sell,104.23914408477273,28.522750123097612,2973.187059775541,2.973187059775541,sma50_exit,risk_exit,-56.841689688302196
2009-10-30,2009-11-02,EXPE,sell,96.81808288364334,29.908915054588903,2895.7238167150367,2.8957238167150368,sma50_exit,risk_exit,-16.363906751027564
2009-10-30,2009-11-02,RRD,sell,154.1822859415688,18.000441684482112,2775.3492468713557,2.7753492468713556,sma50_exit,risk_exit,-254.48166477958355
2009-11-05,2009-11-06,ISRG,sell,1.4158450477249716,28.692222595214844,40.623741269657465,0.04062374126965747,rebalance,rebalance,1.1139770958211492
2009-11-05,2009-11-06,BEN,buy,161.11986834457394,19.085064316157723,3074.9830499670584,3.0749830499670585,rebalance,rebalance,0.0
2009-11-05,2009-11-06,CTSH,buy,168.8393990184437,18.212473319874547,3074.9830499670584,3.0749830499670585,rebalance,rebalance,0.0
2009-11-05,2009-11-06,HAR,buy,85.7979056280257,35.83983813426119,3074.9830499670584,3.0749830499670585,rebalance,rebalance,0.0
2009-11-05,2009-11-06,JBL,buy,262.3192270407109,11.722293804601037,3074.9830499670584,3.0749830499670585,rebalance,rebalance,0.0
2009-11-05,2009-11-06,RHT,buy,112.43082449605332,27.35,3074.9830499670584,3.0749830499670585,rebalance,rebalance,0.0
2009-11-05,2009-11-06,RRD,buy,162.69352369323093,18.90046376870622,3074.9830499670584,3.0749830499670585,rebalance,rebalance,0.0
2009-11-05,2009-11-06,TXT,buy,168.9342366708643,18.20224905599253,3074.9830499670584,3.0749830499670585,rebalance,rebalance,0.0
2009-11-19,2009-11-20,RRD,sell,162.69352369323093,18.6558995476495,3035.19403507405,3.03519403507405,sma50_exit,risk_exit,-45.89919197804905
2009-11-20,2009-11-23,JBL,sell,262.3192270407109,11.669395819211173,3061.1068913275785,3.0611068913275785,sma50_exit,risk_exit,-20.012248580773992
2009-11-20,2009-11-23,RHT,sell,112.43082449605332,27.3,3069.361508742256,3.069361508742256,sma50_exit,risk_exit,-11.765885783511884
2009-12-03,2009-12-04,BEN,sell,161.11986834457394,18.989379590502264,3059.5663395668644,3.0595663395668646,sma50_exit,risk_exit,-21.551259789727755
2009-12-04,2009-12-07,COF,buy,154.77594214051572,29.83125909991146,4617.161232426629,4.617161232426629,rebalance,rebalance,0.0
2009-12-04,2009-12-07,CRM,buy,284.1095069373437,16.251343653364184,4617.161232426629,4.617161232426629,rebalance,rebalance,0.0
2009-12-04,2009-12-07,CTSH,buy,72.44834096797567,19.13549869001426,1386.3351336864048,1.3863351336864047,rebalance,rebalance,0.0
2009-12-04,2009-12-07,HAR,buy,50.89326991101085,33.778049052684096,1719.075367505616,1.719075367505616,rebalance,rebalance,0.0
2009-12-04,2009-12-07,IP,buy,365.7584700157019,12.62352511543592,4617.161232426629,4.617161232426629,rebalance,rebalance,0.0
2009-12-04,2009-12-07,ISRG,buy,36.61572102569268,32.11111068725586,1175.7714707496993,1.1757714707496993,rebalance,rebalance,0.0
2009-12-04,2009-12-07,JWN,buy,167.11764984515213,27.628208251521,4617.161232426629,4.617161232426629,rebalance,rebalance,0.0
2009-12-04,2009-12-07,LXK,buy,220.7217464542084,20.91847000397181,4617.161232426629,4.617161232426629,rebalance,rebalance,0.0
2009-12-04,2009-12-07,RRD,buy,235.96621605470773,19.567043577781323,4617.161232426629,4.617161232426629,rebalance,rebalance,0.0
2009-12-04,2009-12-07,TXT,buy,66.92830753767922,19.575644144431237,1310.1647315466632,1.3101647315466634,rebalance,rebalance,0.0
2009-12-07,2009-12-08,COF,sell,154.77594214051572,28.691667004958692,4440.77979227443,4.44077979227443,sma50_exit,risk_exit,-185.43938117689913
2009-12-07,2009-12-08,HAR,sell,136.69117553903655,32.78430386471676,4481.325034497113,4.481325034497113,sma50_exit,risk_exit,-322.00876642753116
2009-12-08,2009-12-09,LXK,sell,220.7217464542084,20.37513312075176,4497.234966649314,4.497234966649314,sma50_exit,risk_exit,-129.04066197639125
2009-12-10,2009-12-11,TXT,sell,235.8625442085435,18.956656105901587,4471.165138824369,4.471165138824369,sma50_exit,risk_exit,77.16104439030948
2010-01-05,2010-01-06,CRM,sell,284.1095069373437,18.36969560517346,5219.005160974923,5.219005160974922,rebalance,rebalance,592.0077621548925
2010-01-05,2010-01-06,CTSH,sell,241.28773998641935,20.694207231363144,4993.25849366623,4.99325849366623,rebalance,rebalance,522.4857333354465
2010-01-05,2010-01-06,IP,sell,365.7584700157019,13.581343638063922,4967.491469815747,4.967491469815747,rebalance,rebalance,340.7455846868761
2010-01-05,2010-01-06,AMD,buy,745.3541190340733,9.680000305175781,7215.028099713855,7.215028099713855,rebalance,rebalance,0.0
2010-01-05,2010-01-06,BKNG,buy,818.2625369021588,8.817497776482671,7215.028099713855,7.215028099713855,rebalance,rebalance,0.0
2010-01-05,2010-01-06,CAT,buy,182.7879181273946,39.47212799198971,7215.028099713855,7.215028099713855,rebalance,rebalance,0.0
2010-01-05,2010-01-06,CBS,buy,563.882702438105,12.795264101058,7215.028099713855,7.215028099713855,rebalance,rebalance,0.0
2010-01-05,2010-01-06,EXPE,buy,215.82557928604402,33.42990262591364,7215.028099713855,7.215028099713855,rebalance,rebalance,0.0
2010-01-05,2010-01-06,HAR,buy,208.72304265429904,34.56747280013479,7215.028099713855,7.215028099713855,rebalance,rebalance,0.0
2010-01-05,2010-01-06,HIG,buy,392.8022196848318,18.368094013070735,7215.028099713854,7.215028099713854,rebalance,rebalance,0.0
2010-01-05,2010-01-06,ISRG,buy,68.80178511716707,33.93888854980469,2335.056117119144,2.335056117119144,rebalance,rebalance,0.0
2010-01-05,2010-01-06,JBL,buy,494.6290557745545,14.586745391282415,7215.028099713855,7.215028099713855,rebalance,rebalance,0.0
2010-01-05,2010-01-06,JWN,buy,80.1744350279049,29.176138425205,2339.1804145367582,2.339180414536758,rebalance,rebalance,0.0
2010-01-05,2010-01-06,RRD,buy,118.07688470613107,20.37895409968096,2406.2834136595657,2.406283413659566,rebalance,rebalance,0.0
2010-01-05,2010-01-06,TGNA,buy,668.5083035240493,10.792727721824471,7215.028099713855,7.215028099713855,rebalance,rebalance,0.0
2010-01-05,2010-01-06,WYNN,buy,169.91451744000474,42.46269364394608,7215.028099713855,7.215028099713855,rebalance,rebalance,0.0
2010-01-06,2010-01-07,EXPE,sell,215.82557928604402,32.195618498571655,6948.638012926702,6.948638012926702,sma50_exit,risk_exit,-280.5537528997937
2010-01-14,2010-01-15,BKNG,sell,818.2625369021588,8.155165253459808,6673.066209152359,6.673066209152359,sma50_exit,risk_exit,-555.8499848703613
2010-01-15,2010-01-19,CBS,sell,563.882702438105,12.11942574026,6833.93453841574,6.83393453841574,sma50_exit,risk_exit,-395.1425239362439
2010-01-20,2010-01-21,JWN,sell,247.29208487305704,28.003464051202,6925.0350088894465,6.925035008889447,sma50_exit,risk_exit,-45.18801472979317
2010-01-20,2010-01-21,RRD,sell,354.0431007608388,19.6389955181336,6953.050869068236,6.953050869068236,sma50_exit,risk_exit,-84.37027253311264
2010-01-21,2010-01-22,CAT,sell,182.7879181273946,37.99544455158344,6945.108207908795,6.9451082079087945,sma50_exit,risk_exit,-284.08002811268227
2010-01-22,2010-01-25,AMD,sell,745.3541190340733,8.010000228881836,5970.286664060946,5.970286664060946,sma50_exit,risk_exit,-1257.9267504166824
2010-01-22,2010-01-25,HIG,sell,392.8022196848318,18.09447942587507,7107.551682525248,7.107551682525248,sma50_exit,risk_exit,-121.79899697084556
2010-01-22,2010-01-25,WYNN,sell,169.91451744000474,41.15216874747334,6992.350894336577,6.992350894336577,sma50_exit,risk_exit,-236.88458437132772
2010-01-28,2010-01-29,JBL,sell,494.6290557745545,12.658608330657605,6261.315486013081,6.261315486013081,sma50_exit,risk_exit,-967.1889572865007
2010-01-29,2010-02-01,HAR,sell,208.72304265429904,33.174372069339455,6924.2558764583255,6.924255876458326,sma50_exit,risk_exit,-304.91150723170136
2010-02-03,2010-02-04,ISRG,sell,212.58881501454994,36.915557861328125,7847.834701340799,7.847834701340799,rebalance,rebalance,1338.062029211245
2010-02-03,2010-02-04,TGNA,sell,207.81330470896836,9.431121998106356,1959.9126295399305,1.9599126295399305,rebalance,rebalance,-287.16257020074414
2010-02-03,2010-02-04,AKAM,buy,169.8542123026325,25.579999923706055,4344.870737742492,4.344870737742491,rebalance,rebalance,0.0
2010-02-03,2010-02-04,CBS,buy,355.8232598499398,12.210755248476,4344.870737742492,4.344870737742491,rebalance,rebalance,0.0
2010-02-03,2010-02-04,JBL,buy,337.6442919681337,12.868189515114187,4344.870737742492,4.344870737742491,rebalance,rebalance,0.0
2010-02-03,2010-02-04,LXK,buy,166.12477052520254,26.154261787728625,4344.870737742492,4.344870737742491,rebalance,rebalance,0.0
2010-02-04,2010-02-05,AKAM,sell,169.8542123026325,25.510000228881836,4332.9809947167,4.332980994716699,sma50_exit,risk_exit,-20.56759475825108
2010-02-04,2010-02-05,CBS,sell,355.8232598499398,11.89110196972,4231.13066607381,4.23113066607381,sma50_exit,risk_exit,-122.31607307249743
2010-02-04,2010-02-05,JBL,sell,337.6442919681337,12.063407738334922,4073.1407645329996,4.073140764533,sma50_exit,risk_exit,-280.14798471176636
2010-02-04,2010-02-05,TGNA,sell,460.69499881508096,9.190838635097275,4234.17339410574,4.23417339410574,sma50_exit,risk_exit,-747.188619990799
2010-03-04,2010-03-05,AKAM,buy,176.04621676873364,28.450000762939453,5008.515001383076,5.008515001383076,rebalance,rebalance,0.0
2010-03-04,2010-03-05,AMP,buy,169.4474439070334,29.557925961580015,5008.515001383076,5.008515001383076,rebalance,rebalance,0.0
2010-03-04,2010-03-05,AMZN,buy,775.7322016501986,6.456500053405762,5008.515001383076,5.008515001383076,rebalance,rebalance,0.0
2010-03-04,2010-03-05,EL,buy,200.08000503089542,25.032561352693314,5008.515001383076,5.008515001383076,rebalance,rebalance,0.0
2010-03-04,2010-03-05,F,buy,779.820363744614,6.42265223407699,5008.515001383076,5.008515001383076,rebalance,rebalance,0.0
2010-03-04,2010-03-05,ISRG,buy,127.65968484921511,39.233333587646484,5008.515001383076,5.008515001383076,rebalance,rebalance,0.0
2010-03-04,2010-03-05,JBL,buy,354.1328267534672,14.143040754789444,5008.515001383076,5.008515001383076,rebalance,rebalance,0.0
2010-03-04,2010-03-05,LUV,buy,466.53553109855244,10.735548886468546,5008.515001383076,5.008515001383076,rebalance,rebalance,0.0
2010-03-04,2010-03-05,LXK,buy,9.66035684540148,28.492256860978525,275.2453686078912,0.27524536860789117,rebalance,rebalance,0.0
2010-03-04,2010-03-05,SWK,buy,129.06647271024522,38.805701404943584,5008.515001383075,5.008515001383075,rebalance,rebalance,0.0
2010-03-04,2010-03-05,TGNA,buy,461.4846831485629,10.85304709835996,5008.515001383076,5.008515001383076,rebalance,rebalance,0.0
2010-04-01,2010-04-05,AMP,sell,169.4474439070334,32.88400241863033,5572.110155269614,5.5721101552696135,rebalance,rebalance,553.0145287298858
2010-04-01,2010-04-05,JBL,sell,354.1328267534672,13.763980880672914,4874.277456653376,4.874277456653377,rebalance,rebalance,-144.12033718773642
2010-04-01,2010-04-05,LUV,sell,466.53553109855244,11.30595664281545,5274.630486933113,5.2746304869331135,rebalance,rebalance,255.8323400617212
2010-04-01,2010-04-05,TGNA,sell,461.4846831485629,11.23444407330178,5184.523863517923,5.184523863517923,rebalance,rebalance,165.81582326994618
2010-04-01,2010-04-05,AKAM,buy,73.28500599779201,31.440000534057617,2304.0806277089964,2.3040806277089967,rebalance,rebalance,0.0
2010-04-01,2010-04-05,AMD,buy,827.769118891088,9.470000267028809,7838.973776936806,7.838973776936806,rebalance,rebalance,0.0
2010-04-01,2010-04-05,AMZN,buy,404.39182800326387,6.642499923706055,2686.172686659032,2.686172686659032,rebalance,rebalance,0.0
2010-04-01,2010-04-05,ARG,buy,137.10763198643562,57.173868904047104,7838.973776936806,7.838973776936806,rebalance,rebalance,0.0
2010-04-01,2010-04-05,BIG,buy,225.83893985438263,34.710461278251,7838.973776936806,7.838973776936806,rebalance,rebalance,0.0
2010-04-01,2010-04-05,BKNG,buy,775.7859083682908,10.104558090549112,7838.973776936806,7.838973776936806,rebalance,rebalance,0.0
2010-04-01,2010-04-05,DE,buy,176.48184534899843,44.418017963462404,7838.973776936807,7.838973776936807,rebalance,rebalance,0.0
2010-04-01,2010-04-05,EL,buy,92.80782531848345,26.764422979220004,2483.947892605455,2.483947892605455,rebalance,rebalance,0.0
2010-04-01,2010-04-05,F,buy,443.54017418935746,6.407737975736389,2842.0892179178786,2.8420892179178785,rebalance,rebalance,0.0
2010-04-01,2010-04-05,ISRG,buy,72.48431997905406,39.16666793823242,2838.9692913481967,2.8389692913481968,rebalance,rebalance,0.0
2010-04-01,2010-04-05,LXK,buy,85.52460896243394,29.99878185536138,2565.6340875291407,2.565634087529141,rebalance,rebalance,0.0
2010-04-01,2010-04-05,SPGI,buy,303.44062102754566,25.833633448256094,7838.973776936805,7.838973776936805,rebalance,rebalance,0.0
2010-04-01,2010-04-05,SWK,buy,75.1236132924694,38.390569936057474,2884.0383299538835,2.8840383299538837,rebalance,rebalance,0.0
2010-04-01,2010-04-05,TSN,buy,557.0152029917222,14.073177419276472,7838.973776936805,7.838973776936805,rebalance,rebalance,0.0
2010-04-06,2010-04-07,ISRG,sell,200.14400482826917,38.22222137451172,7649.9484593274465,7.6499484593274465,sma50_exit,risk_exit,-213.03326615588293
2010-04-16,2010-04-19,SPGI,sell,303.44062102754566,25.158762108157163,7634.190398383494,7.634190398383494,sma50_exit,risk_exit,-220.25654272863156
2010-04-21,2010-04-22,ARG,sell,137.10763198643562,56.17539510789398,7702.075399145744,7.702075399145745,sma50_exit,risk_exit,-152.43942696714265
2010-04-30,2010-05-03,AKAM,sell,136.91435628828447,39.33000183105469,5384.841883515902,5.384841883515902,rebalance,rebalance,1359.9022038675216
2010-04-30,2010-05-03,AMD,sell,827.769118891088,9.180000305175781,7598.920764035276,7.5989207640352765,sma50_exit,risk_exit,-255.49090744250068
2010-04-30,2010-05-03,AMZN,sell,1180.1240296534625,6.860000133514404,8095.65100098631,8.09565100098631,rebalance,rebalance,385.1729742551721
2010-04-30,2010-05-03,BIG,sell,225.83893985438263,36.093985629634,8151.427449715863,8.151427449715863,rebalance,rebalance,296.46327155240675
2010-04-30,2010-05-03,BKNG,sell,349.0597878862309,10.361108336738281,3616.646278288123,3.616646278288123,rebalance,rebalance,82.40763333489281
2010-04-30,2010-05-03,DE,sell,176.48184534899843,44.440082793962134,7842.867818940712,7.842867818940712,rebalance,rebalance,-11.787799591971673
2010-04-30,2010-05-03,EL,sell,128.74226416177336,26.935577165559216,3467.7471907982554,3.4677471907982556,rebalance,rebalance,167.58653354191546
2010-04-30,2010-05-03,F,sell,1223.3605379339715,6.5519025010501375,8015.33896817563,8.01533896817563,sma50_exit,risk_exit,148.86880568719724
2010-04-30,2010-05-03,LXK,sell,261.30973633303796,30.657372016840228,8011.069798384376,8.011069798384376,rebalance,rebalance,810.1227845125885
2010-04-30,2010-05-03,SWK,sell,204.19008600271462,41.349258950935976,8443.108741340135,8.443108741340135,rebalance,rebalance,534.219747930499
2010-04-30,2010-05-03,TSN,sell,248.857480860698,14.347703292506687,3570.5332975099564,3.5705332975099564,rebalance,rebalance,61.245068465377884
2010-04-30,2010-05-03,BA,buy,77.60230693137154,56.97453773301779,4421.355564430656,4.421355564430656,rebalance,rebalance,0.0
2010-04-30,2010-05-03,FITB,buy,481.1878537533524,9.188418888679925,4421.355564430656,4.421355564430656,rebalance,rebalance,0.0
2010-04-30,2010-05-03,HST,buy,480.0463212165332,9.210268611633266,4421.355564430656,4.421355564430656,rebalance,rebalance,0.0
2010-04-30,2010-05-03,LUV,buy,389.8900430741038,11.34000635043229,4421.355564430656,4.421355564430656,rebalance,rebalance,0.0
2010-04-30,2010-05-03,RF,buy,788.9085833300079,5.6043953099964705,4421.355564430656,4.421355564430656,rebalance,rebalance,0.0
2010-04-30,2010-05-03,TGNA,buy,385.51722333946975,11.46863303831539,4421.355564430656,4.421355564430656,rebalance,rebalance,0.0
2010-04-30,2010-05-03,WYNN,buy,78.15944180657297,56.5684127500874,4421.355564430656,4.421355564430656,rebalance,rebalance,0.0
2010-05-04,2010-05-05,LUV,sell,389.8900430741038,11.042034194390167,4305.179187676509,4.305179187676509,sma50_exit,risk_exit,-124.90291150625389
2010-05-04,2010-05-05,TGNA,sell,385.51722333946975,10.886503525081384,4196.934610864725,4.196934610864725,sma50_exit,risk_exit,-233.03924374122616
2010-05-05,2010-05-06,BKNG,sell,426.72612048205997,9.537797993670148,4070.0275357804376,4.070027535780437,sma50_exit,risk_exit,-250.23324379414237
2010-05-05,2010-05-06,EL,sell,164.1455661876055,25.509339870462934,4187.245036109198,4.187245036109198,sma50_exit,risk_exit,-20.20465574388885
2010-05-06,2010-05-07,BA,sell,77.60230693137154,53.88834370935539,4181.859788556641,4.1818597885566415,sma50_exit,risk_exit,-248.09899122700102
2010-05-06,2010-05-07,FITB,sell,481.1878537533524,8.411500799588895,4047.512016598788,4.0475120165987875,sma50_exit,risk_exit,-382.31241541289717
2010-05-06,2010-05-07,TSN,sell,308.1577221310242,13.509671013183166,4163.10944616205,4.16310944616205,sma50_exit,risk_exit,-182.14871825078507
2010-05-07,2010-05-10,WYNN,sell,78.15944180657297,52.490685692479055,4102.642693768429,4.102642693768429,sma50_exit,risk_exit,-327.2368689204259
2010-05-18,2010-05-19,HST,sell,480.0463212165332,7.9583882855691845,3820.3950193002397,3.8203950193002396,sma50_exit,risk_exit,-609.2022957141467
2010-05-18,2010-05-19,RF,sell,788.9085833300079,4.964799424715062,3916.772880669598,3.916772880669598,sma50_exit,risk_exit,-512.920812206158
2010-05-20,2010-05-21,AKAM,sell,112.41686647824119,36.54999923706055,4108.836384012453,4.108836384012453,market_trend_exit,risk_exit,804.3741606721408
2010-07-27,2010-07-28,AIG,buy,156.70804015594393,24.14648888927828,3783.948950486075,3.783948950486075,rebalance,rebalance,0.0
2010-07-27,2010-07-28,AKAM,buy,85.32015965443759,44.349998474121094,3783.9489504860753,3.7839489504860753,rebalance,rebalance,0.0
2010-07-27,2010-07-28,ARG,buy,64.15618093024726,58.98027120099481,3783.948950486075,3.783948950486075,rebalance,rebalance,0.0
2010-07-27,2010-07-28,CMI,buy,70.05278430740451,54.01568243000036,3783.948950486075,3.783948950486075,rebalance,rebalance,0.0
2010-07-27,2010-07-28,CRM,buy,156.25786724970564,24.216053995151423,3783.948950486075,3.783948950486075,rebalance,rebalance,0.0
2010-07-27,2010-07-28,HAS,buy,152.2701876121754,24.850228464442463,3783.948950486075,3.783948950486075,rebalance,rebalance,0.0
2010-07-27,2010-07-28,HST,buy,466.29582065104177,8.114910713123976,3783.948950486075,3.783948950486075,rebalance,rebalance,0.0
2010-07-27,2010-07-28,KDP,buy,892.1303212806082,4.2414755560089095,3783.948950486075,3.783948950486075,rebalance,rebalance,0.0
2010-07-27,2010-07-28,TMUS,buy,267.14444462021703,14.164430616797906,3783.948950486075,3.783948950486075,rebalance,rebalance,0.0
2010-07-27,2010-07-28,VMRK,buy,165.87802127970065,22.81163544931396,3783.948950486075,3.783948950486075,rebalance,rebalance,0.0
2010-07-27,2010-07-28,WFM,buy,207.82002506195602,18.207816832656,3783.9489504860744,3.7839489504860744,rebalance,rebalance,0.0
2010-07-27,2010-07-28,WYNN,buy,68.12295000231602,55.545876248128266,3783.948950486075,3.783948950486075,rebalance,rebalance,0.0
2010-07-29,2010-07-30,AIG,sell,156.70804015594393,23.792679275118207,3728.504139262719,3.728504139262719,market_trend_exit,risk_exit,-62.95726431310429
2010-07-29,2010-07-30,AKAM,sell,85.32015965443759,37.599998474121094,3208.0378728186215,3.2080378728186214,market_trend_exit,risk_exit,-582.9030644907582
2010-07-29,2010-07-30,ARG,sell,64.15618093024726,58.781684429274286,3771.2083816292193,3.7712083816292195,market_trend_exit,risk_exit,-20.29572618897025
2010-07-29,2010-07-30,CMI,sell,70.05278430740451,52.959215955428185,3709.940532414866,3.709940532414866,market_trend_exit,risk_exit,-81.50230755410898
2010-07-29,2010-07-30,CRM,sell,156.25786724970564,23.80073732368837,3719.0524531700116,3.7190524531700118,market_trend_exit,risk_exit,-72.39949871971874
2010-07-29,2010-07-30,HAS,sell,152.2701876121754,24.64961225026018,3753.4010819144946,3.7534010819144945,market_trend_exit,risk_exit,-38.08521860398089
2010-07-29,2010-07-30,HST,sell,466.29582065104177,7.8632456442042855,3666.5985806449667,3.666598580644967,market_trend_exit,risk_exit,-124.80091737223887
2010-07-29,2010-07-30,KDP,sell,892.1303212806082,3.9438462991980385,3518.4248659848836,3.518424865984884,market_trend_exit,risk_exit,-272.8264583176614
2010-07-29,2010-07-30,TMUS,sell,267.14444462021703,13.865069340678689,3703.976248636407,3.703976248636407,market_trend_exit,risk_exit,-87.4606270487899
2010-07-29,2010-07-30,VMRK,sell,165.87802127970065,21.940138650905634,3639.3867860145074,3.6393867860145073,market_trend_exit,risk_exit,-151.9855002080676
2010-07-29,2010-07-30,WFM,sell,207.82002506195602,17.436875646715,3623.7319339025216,3.623731933902522,market_trend_exit,risk_exit,-167.62469746794113
2010-07-29,2010-07-30,WYNN,sell,68.12295000231602,53.6721314481675,3656.3039271612474,3.6563039271612476,market_trend_exit,risk_exit,-135.08527620247415
2010-09-22,2010-09-23,AKAM,buy,126.75122613912654,50.86000061035156,6446.567438798785,6.446567438798785,rebalance,rebalance,0.0
2010-09-22,2010-09-23,AZO,buy,29.159432718501307,221.0800018310547,6446.567438798785,6.446567438798785,rebalance,rebalance,0.0
2010-09-22,2010-09-23,BKNG,buy,490.4280142089245,13.14477813670024,6446.567438798785,6.446567438798785,rebalance,rebalance,0.0
2010-09-22,2010-09-23,CHRW,buy,137.3664959081871,46.929692689457084,6446.567438798784,6.446567438798784,rebalance,rebalance,0.0
2010-09-22,2010-09-23,CMI,buy,108.16649647598683,59.59856007936741,6446.567438798785,6.446567438798785,rebalance,rebalance,0.0
2010-09-22,2010-09-23,CRM,buy,222.49689070021697,28.973741693696837,6446.567438798785,6.446567438798785,rebalance,rebalance,0.0
2010-09-22,2010-09-23,CTXS,buy,120.24548182713175,53.61172279276613,6446.567438798785,6.446567438798785,rebalance,rebalance,0.0
2010-09-22,2010-09-23,FDO,buy,157.77590062351712,40.85901213887857,6446.567438798785,6.446567438798785,rebalance,rebalance,0.0
2010-09-22,2010-09-23,FSLR,buy,45.08089118041108,143.0,6446.567438798785,6.446567438798785,rebalance,rebalance,0.0
2010-09-22,2010-09-23,INTU,buy,161.81799155054898,39.83838494735608,6446.567438798785,6.446567438798785,rebalance,rebalance,0.0
2010-09-22,2010-09-23,NEM,buy,140.49257582590704,45.88546690742663,6446.567438798785,6.446567438798785,rebalance,rebalance,0.0
2010-09-22,2010-09-23,NTAP,buy,182.8206137662234,35.26170985861664,6446.567438798785,6.446567438798785,rebalance,rebalance,0.0
2010-09-22,2010-09-23,SRCL,buy,92.30480296103643,69.84,6446.567438798785,6.446567438798785,rebalance,rebalance,0.0
2010-09-22,2010-09-23,TMUS,buy,406.7159103341473,15.850295685512897,6446.567438798785,6.446567438798785,rebalance,rebalance,0.0
2010-09-22,2010-09-23,VMRK,buy,268.20269576189054,24.036176894068305,6446.567438798785,6.446567438798785,rebalance,rebalance,0.0
2010-10-06,2010-10-07,AKAM,sell,126.75122613912654,44.65999984741211,5660.709740032689,5.660709740032689,sma50_exit,risk_exit,-797.9649759449269
2010-10-06,2010-10-07,CRM,sell,222.49689070021697,26.25084648167564,5840.731720421561,5.8407317204215605,sma50_exit,risk_exit,-618.1230175364439
2010-10-06,2010-10-07,CTXS,sell,120.24548182713175,48.81282175208887,5869.521270921824,5.869521270921824,sma50_exit,risk_exit,-589.3622565866807
2010-10-19,2010-10-20,NEM,sell,140.49257582590704,42.39709409188485,5956.476956502248,5.956476956502248,sma50_exit,risk_exit,-502.4935266918366
2010-10-20,2010-10-21,AZO,sell,4.646555585261304,232.5800018310547,1080.6959065281715,1.0806959065281714,rebalance,rebalance,51.32743280667922
2010-10-20,2010-10-21,BKNG,sell,73.34508469354711,13.669236032167031,1002.5712744753768,1.0025712744753768,rebalance,rebalance,36.49973262102192
2010-10-20,2010-10-21,CHRW,sell,137.3664959081871,50.47023517136176,6932.919353152105,6.932919353152105,rebalance,rebalance,472.9724275613705
2010-10-20,2010-10-21,CMI,sell,18.10668269043633,63.304650197356935,1146.2372139526096,1.1462372139526096,rebalance,rebalance,64.87962835848163
2010-10-20,2010-10-21,FDO,sell,157.77590062351712,42.86569177585831,6763.173125786136,6.763173125786135,rebalance,rebalance,303.39594642276666
2010-10-20,2010-10-21,FSLR,sell,45.08089118041108,144.57000732421875,6517.344768134338,6.517344768134338,rebalance,rebalance,57.81341712862198
2010-10-20,2010-10-21,INTU,sell,20.416664150878063,40.31931745887307,823.1859633504458,0.8231859633504458,rebalance,rebalance,8.182484677746753
2010-10-20,2010-10-21,NTAP,sell,33.93166423086723,38.29165983322041,1299.2997443034203,1.2992997443034204,rebalance,rebalance,100.31545693114768
2010-10-20,2010-10-21,SRCL,sell,13.49356424755318,72.34,976.1244376679971,0.9761244376679971,rebalance,rebalance,31.815395654165847
2010-10-20,2010-10-21,TMUS,sell,69.17036609731855,16.890180024220076,1168.2999357249194,1.1682999357249193,rebalance,rebalance,69.66450971620101
2010-10-20,2010-10-21,VMRK,sell,268.20269576189054,25.627674529157016,6873.41139482825,6.87341139482825,rebalance,rebalance,413.52397719583985
2010-10-20,2010-10-21,AMT,buy,156.47249234736248,36.435829218319974,5701.2050085333785,5.701205008533378,rebalance,rebalance,0.0
2010-10-20,2010-10-21,DE,buy,99.70108365164313,57.18297935911571,5701.2050085333785,5.701205008533378,rebalance,rebalance,0.0
2010-10-20,2010-10-21,RHT,buy,145.6990802078553,39.13,5701.2050085333785,5.701205008533378,rebalance,rebalance,0.0
2010-10-20,2010-10-21,VZ,buy,388.6084778642636,14.670819946765913,5701.2050085333785,5.701205008533378,rebalance,rebalance,0.0
2010-11-16,2010-11-17,AMT,sell,156.47249234736248,36.27806229033032,5676.51882410085,5.67651882410085,sma50_exit,risk_exit,-36.06390826516133
2010-11-16,2010-11-17,SRCL,sell,78.81123871348325,70.47,5553.827992139164,5.553827992139164,sma50_exit,risk_exit,38.59307548560532
2010-11-16,2010-11-17,VZ,sell,388.6084778642636,14.398481605409556,5595.372020234806,5.595372020234806,sma50_exit,risk_exit,-117.1295653273397
2010-11-17,2010-11-18,AZO,sell,24.512877133240004,251.7100067138672,6170.136467784043,6.170136467784043,rebalance,rebalance,739.2401028936393
2010-11-17,2010-11-18,NTAP,sell,148.88894953535618,38.48195669995646,5729.5381091215795,5.72953810912158,sma50_exit,risk_exit,468.4795524028445
2010-11-17,2010-11-18,TMUS,sell,337.54554423682873,18.95418232123214,6397.89978718438,6.397899787184381,rebalance,rebalance,1035.9550072326058
2010-11-17,2010-11-18,BKNG,buy,36.74475744419033,16.058873273621764,590.0794032662224,0.5900794032662223,rebalance,rebalance,0.0
2010-11-17,2010-11-18,CAT,buy,129.15596124963727,56.4276030500687,7287.961312944587,7.287961312944587,rebalance,rebalance,0.0
2010-11-17,2010-11-18,CF,buy,443.4653930906844,16.43411510005758,7287.961312944586,7.287961312944586,rebalance,rebalance,0.0
2010-11-17,2010-11-18,CMI,buy,23.461039873431176,64.19931737685597,1506.182744825481,1.506182744825481,rebalance,rebalance,0.0
2010-11-17,2010-11-18,DE,buy,27.35278601352171,57.361191218741546,1568.988388886938,1.568988388886938,rebalance,rebalance,0.0
2010-11-17,2010-11-18,DFS,buy,439.8400565293302,16.569571608489,7287.961312944586,7.287961312944586,rebalance,rebalance,0.0
2010-11-17,2010-11-18,FCX,buy,202.4867721046432,35.99228353138169,7287.961312944586,7.287961312944586,rebalance,rebalance,0.0
2010-11-17,2010-11-18,INTU,buy,31.08757996044875,42.25176809618774,1313.5052191605737,1.3135052191605736,rebalance,rebalance,0.0
2010-11-17,2010-11-18,IPG,buy,807.6507526331086,9.0236544560682,7287.961312944586,7.287961312944586,rebalance,rebalance,0.0
2010-11-17,2010-11-18,RHT,buy,29.95677211667075,41.49,1242.9064751206695,1.2429064751206695,rebalance,rebalance,0.0
2010-11-19,2010-11-22,INTU,sell,172.48890736011967,39.2612786808382,6772.135061218942,6.7721350612189415,sma50_exit,risk_exit,-188.28951175024548
2010-11-23,2010-11-24,IPG,sell,807.6507526331086,8.8699876819819,7163.852227199084,7.163852227199084,sma50_exit,risk_exit,-138.56089928564506
2010-11-30,2010-12-01,DE,sell,127.05386966516484,56.34400273197567,7158.723579522129,7.158723579522129,sma50_exit,risk_exit,-125.89873487512948
2010-12-14,2010-12-15,CF,sell,443.4653930906844,16.210857709848224,7188.954386634995,7.188954386634995,sma50_exit,risk_exit,-113.48384200916996
2010-12-16,2010-12-17,BKNG,sell,13.642435525608335,15.687954876375077,214.02191292959986,0.21402191292959988,rebalance,rebalance,31.07971238376635
2010-12-16,2010-12-17,CAT,sell,129.15596124963727,63.882881197474035,8250.854928456138,8.250854928456137,rebalance,rebalance,947.3547992701516
2010-12-16,2010-12-17,CMI,sell,113.52085365898168,74.38258274972797,8443.974291108965,8.443974291108965,rebalance,rebalance,1555.0387313901417
2010-12-16,2010-12-17,DFS,sell,23.07572942965669,16.569571608489,382.35495120281354,0.38235495120281354,rebalance,rebalance,-0.7647099024055461
2010-12-16,2010-12-17,FCX,sell,33.582067002380995,40.884629931184094,1372.9903817165757,1.3729903817165758,rebalance,rebalance,161.71341893818584
2010-12-16,2010-12-17,RHT,sell,175.65585232452605,48.1,8449.046496809704,8.449046496809704,rebalance,rebalance,1489.541855175193
2010-12-16,2010-12-17,AMP,buy,173.1502402977724,39.88216447095866,6905.606361741772,6.905606361741772,rebalance,rebalance,0.0
2010-12-16,2010-12-17,CF,buy,408.91626709757674,16.88758045933628,6905.606361741772,6.905606361741772,rebalance,rebalance,0.0
2010-12-16,2010-12-17,CTXS,buy,124.69648616054972,55.379318009415584,6905.606361741772,6.905606361741772,rebalance,rebalance,0.0
2010-12-16,2010-12-17,EBAY,buy,608.2290206397009,11.353628530382922,6905.606361741771,6.905606361741771,rebalance,rebalance,0.0
2010-12-16,2010-12-17,EXPD,buy,148.32728256799524,46.556548749392405,6905.606361741773,6.905606361741773,rebalance,rebalance,0.0
2010-12-16,2010-12-17,F,buy,828.8497706787406,8.33155368564174,6905.606361741772,6.905606361741772,rebalance,rebalance,0.0
2010-12-16,2010-12-17,HAL,buy,223.58659072312432,30.885601589109807,6905.606361741772,6.905606361741772,rebalance,rebalance,0.0
2010-12-16,2010-12-17,JNPR,buy,196.81658832939888,35.086505768428,6905.606361741772,6.905606361741772,rebalance,rebalance,0.0
2010-12-16,2010-12-17,MWW,buy,280.0326991784985,24.66,6905.606361741773,6.905606361741773,rebalance,rebalance,0.0
2010-12-16,2010-12-17,PH,buy,105.33220937018412,65.56025363023012,6905.606361741772,6.905606361741772,rebalance,rebalance,0.0
2010-12-16,2010-12-17,PM,buy,240.32444486151567,28.734514983363646,6905.606361741772,6.905606361741772,rebalance,rebalance,0.0
2010-12-16,2010-12-17,QCOM,buy,207.47169710844034,33.28457065703946,6905.606361741772,6.905606361741772,rebalance,rebalance,0.0
2010-12-17,2010-12-20,DFS,sell,416.7643270996735,16.15020172933,6730.8279562482,6.7308279562482,sma50_exit,risk_exit,-188.4148398115603
2010-12-21,2010-12-22,EBAY,sell,608.2290206397009,10.681842370368004,6497.006523556593,6.497006523556593,sma50_exit,risk_exit,-422.0024510704762
2010-12-31,2011-01-03,BKNG,sell,440.18525143395937,15.75532448727364,6935.261470854164,6.935261470854164,sma50_exit,risk_exit,1032.4398696890216
2011-01-04,2011-01-05,CTXS,sell,124.69648616054972,53.33978506712775,6651.283770429793,6.651283770429793,sma50_exit,risk_exit,-267.8794814441508
2011-01-06,2011-01-07,PM,sell,240.32444486151567,27.858831151517727,6695.158130979197,6.695158130979197,sma50_exit,risk_exit,-224.04899525529515
2011-01-14,2011-01-18,AMP,sell,173.1502402977724,43.83659702892698,7590.317309395323,7.590317309395323,rebalance,rebalance,670.2150239824141
2011-01-14,2011-01-18,EXPD,sell,148.32728256799524,44.682506363601924,6627.634747240228,6.6276347472402275,rebalance,rebalance,-291.5048556105258
2011-01-14,2011-01-18,F,sell,828.8497706787406,9.276059386911312,7688.45969564382,7.68845969564382,rebalance,rebalance,768.2592678446622
2011-01-14,2011-01-18,HAL,sell,223.58659072312432,30.602387832964485,6842.283563559349,6.8422835635593495,rebalance,rebalance,-77.07068810772302
2011-01-14,2011-01-18,JNPR,sell,196.81658832939888,36.569435841545,7197.471599463727,7.197471599463728,rebalance,rebalance,277.7621597607496
2011-01-14,2011-01-18,QCOM,sell,207.47169710844034,35.10801503563852,7283.919461552565,7.283919461552565,rebalance,rebalance,364.12357398749907
2011-01-14,2011-01-18,ADSK,buy,199.78872288650768,41.459999084472656,8283.24026796257,8.28324026796257,rebalance,rebalance,0.0
2011-01-14,2011-01-18,BKNG,buy,483.70320577411627,17.124633802470075,8283.24026796257,8.28324026796257,rebalance,rebalance,0.0
2011-01-14,2011-01-18,CF,buy,0.23681654311536704,20.24484379845638,4.794313924261016,0.004794313924261016,rebalance,rebalance,0.0
2011-01-14,2011-01-18,CMI,buy,106.60324866003907,77.70157450246258,8283.24026796257,8.28324026796257,rebalance,rebalance,0.0
2011-01-14,2011-01-18,ETN,buy,233.5693988706771,35.46372216571419,8283.24026796257,8.28324026796257,rebalance,rebalance,0.0
2011-01-14,2011-01-18,FCX,buy,21.625392559676413,43.4747075113544,940.1576163501518,0.9401576163501518,rebalance,rebalance,0.0
2011-01-14,2011-01-18,FFIV,buy,57.35521654191323,144.4199981689453,8283.24026796257,8.28324026796257,rebalance,rebalance,0.0
2011-01-14,2011-01-18,HAR,buy,194.01463638782465,42.69389372977421,8283.24026796257,8.28324026796257,rebalance,rebalance,0.0
2011-01-14,2011-01-18,MWW,buy,73.9519276575088,23.4,1730.4751071857058,1.7304751071857059,rebalance,rebalance,0.0
2011-01-14,2011-01-18,NFLX,buy,3028.290378360488,2.735285997390747,8283.24026796257,8.28324026796257,rebalance,rebalance,0.0
2011-01-14,2011-01-18,PH,buy,14.667091807654344,69.02740421535324,1012.4312748706525,1.0124312748706525,rebalance,rebalance,0.0
2011-01-14,2011-01-18,RL,buy,97.63664692363025,84.83741022406865,8283.24026796257,8.28324026796257,rebalance,rebalance,0.0
2011-01-19,2011-01-20,MWW,sell,353.9846268360073,22.11,7826.600099344121,7.826600099344121,sma50_exit,risk_exit,-825.9440511516299
2011-01-19,2011-01-20,RL,sell,97.63664692363025,81.353275250567,7943.061011720517,7.943061011720517,sma50_exit,risk_exit,-356.40555752173447
2011-01-20,2011-01-21,FFIV,sell,57.35521654191323,111.7300033569336,6408.298536765618,6.408298536765619,sma50_exit,risk_exit,-1889.6332700016794
2011-01-20,2011-01-21,HAR,sell,194.01463638782465,41.99734336437654,8148.099302094135,8.148099302094135,sma50_exit,risk_exit,-151.572305438491
2011-01-21,2011-01-24,FCX,sell,190.5300976619386,39.57533898382709,7540.293201592902,7.540293201592902,sma50_exit,risk_exit,506.30983256395024
2011-01-21,2011-01-24,NFLX,sell,3028.290378360488,2.5712859630584717,7786.60054194335,7.786600541943351,sma50_exit,risk_exit,-512.7095668291247
2011-01-28,2011-01-31,CMI,sell,106.60324866003907,73.16882339193424,7800.03427421285,7.80003427421285,sma50_exit,risk_exit,-499.2892682918953
2011-02-14,2011-02-15,ADSK,sell,199.78872288650768,42.16999816894531,8425.09007829995,8.42509007829995,rebalance,rebalance,125.1414799911204
2011-02-14,2011-02-15,BKNG,sell,483.70320577411627,17.78226450793126,8601.338348409638,8.601338348409637,rebalance,rebalance,301.2135018306974
2011-02-14,2011-02-15,CF,sell,180.8131351489837,20.99778202750221,3796.6747995676583,3.796674799567658,rebalance,rebalance,735.9765577924841
2011-02-14,2011-02-15,ETN,sell,233.5693988706771,38.123497504717285,8904.482395024575,8.904482395024576,rebalance,rebalance,604.054404399019
2011-02-14,2011-02-15,PH,sell,119.99930117783846,71.20975604771772,8545.120962770483,8.545120962770483,rebalance,rebalance,610.6201675586749
2011-02-14,2011-02-15,A,buy,169.4521540650825,28.294904204985627,4794.6324665999755,4.7946324665999756,rebalance,rebalance,0.0
2011-02-14,2011-02-15,HAR,buy,101.1272772479159,47.411861538067726,4794.6324665999755,4.7946324665999756,rebalance,rebalance,0.0
2011-02-14,2011-02-15,HES,buy,63.734248262271386,75.228508962241,4794.6324665999755,4.7946324665999756,rebalance,rebalance,0.0
2011-02-14,2011-02-15,JBL,buy,251.46805544644928,19.06656675770495,4794.6324665999755,4.7946324665999756,rebalance,rebalance,0.0
2011-02-14,2011-02-15,JCP,buy,141.74573083890365,33.82558640901259,4794.6324665999755,4.7946324665999756,rebalance,rebalance,0.0
2011-02-14,2011-02-15,LEN,buy,282.95197413754806,16.945039811841774,4794.6324665999755,4.7946324665999756,rebalance,rebalance,0.0
2011-02-14,2011-02-15,NTAP,buy,110.3261815136596,43.45870038116335,4794.6324665999755,4.7946324665999756,rebalance,rebalance,0.0
2011-02-14,2011-02-15,NVDA,buy,9046.96043906786,0.5299716406291685,4794.6324665999755,4.7946324665999756,rebalance,rebalance,0.0
2011-02-14,2011-02-15,PXD,buy,49.09897247113386,97.65239933318,4794.6324665999755,4.7946324665999756,rebalance,rebalance,0.0
2011-02-17,2011-02-18,NTAP,sell,110.3261815136596,40.17990069637264,4432.895017428826,4.432895017428826,sma50_exit,risk_exit,-370.96497665517757
2011-02-22,2011-02-23,CF,sell,228.3399484917084,18.265519672434447,4170.747821177968,4.170747821177968,sma50_exit,risk_exit,306.1675639907002
2011-02-23,2011-02-24,A,sell,169.4521540650825,25.483730105850064,4318.272960049487,4.3182729600494865,sma50_exit,risk_exit,-485.4724119771381
2011-02-23,2011-02-24,HAR,sell,101.1272772479159,43.63628977019852,4412.8191736612625,4.412819173661263,sma50_exit,risk_exit,-391.0207445789731
2011-02-23,2011-02-24,JBL,sell,251.46805544644928,17.102441549969114,4300.717719957292,4.300717719957292,sma50_exit,risk_exit,-503.0100968292412
2011-03-02,2011-03-03,NVDA,sell,9046.96043906786,0.48601712510783557,4396.977703560083,4.396977703560083,sma50_exit,risk_exit,-406.84637321005204
2011-03-04,2011-03-07,LEN,sell,282.95197413754806,16.53741760743986,4679.2949591621555,4.6792949591621555,sma50_exit,risk_exit,-124.81143486358252
2011-03-10,2011-03-11,HES,sell,63.734248262271386,71.707907596852,4570.249585145782,4.570249585145782,sma50_exit,risk_exit,-233.74776350593885
2011-03-15,2011-03-16,JCP,sell,22.881467067989675,34.39091654398216,786.9146243391091,0.7869146243391091,rebalance,rebalance,11.374689200036116
2011-03-15,2011-03-16,PXD,sell,49.09897247113386,96.547125923781,4740.364677898818,4.7403646778988175,rebalance,rebalance,-63.80278584565632
2011-03-15,2011-03-16,A,buy,148.4502722491299,27.536837174317437,4087.850975407385,4.087850975407385,rebalance,rebalance,0.0
2011-03-15,2011-03-16,EL,buy,111.5704475352816,36.63919134244483,4087.850975407385,4.087850975407385,rebalance,rebalance,0.0
2011-03-15,2011-03-16,KLAC,buy,1554.4438578533723,2.6297836070146343,4087.850975407385,4.087850975407385,rebalance,rebalance,0.0
2011-03-15,2011-03-16,MU,buy,405.8158329378881,10.07316778602142,4087.850975407385,4.087850975407385,rebalance,rebalance,0.0
2011-03-15,2011-03-16,NFLX,buy,1294.618830510148,3.1575710773468018,4087.8509754073843,4.087850975407385,rebalance,rebalance,0.0
2011-03-15,2011-03-16,TER,buy,262.7794708369449,15.556203695774634,4087.850975407385,4.087850975407385,rebalance,rebalance,0.0
2011-03-15,2011-03-16,VLO,buy,269.0417729507332,15.19411253714846,4087.850975407385,4.087850975407385,rebalance,rebalance,0.0
2011-03-15,2011-03-16,WFM,buy,151.94942473086886,26.902707809837,4087.8509754073852,4.0878509754073855,rebalance,rebalance,0.0
2011-03-15,2011-03-16,WY,buy,291.67042509560775,14.015308456685016,4087.850975407385,4.087850975407385,rebalance,rebalance,0.0
2011-03-15,2011-03-16,WYNN,buy,49.693651478640255,82.26103040877283,4087.850975407385,4.087850975407385,rebalance,rebalance,0.0
2011-03-16,2011-03-17,A,sell,148.4502722491299,27.24624073623701,4044.711855059718,4.044711855059718,sma50_exit,risk_exit,-51.271683178133436
2011-03-16,2011-03-17,EL,sell,111.5704475352816,36.51571147240019,4074.0742710449063,4.074074271044906,sma50_exit,risk_exit,-21.938629608930476
2011-03-16,2011-03-17,KLAC,sell,1554.4438578533723,2.6297824407816757,4087.8491625637253,4.087849162563725,sma50_exit,risk_exit,-8.177512981629768
2011-03-16,2011-03-17,MU,sell,405.8158329378881,9.99515646003194,4056.1927441723747,4.056192744172375,sma50_exit,risk_exit,-39.802274954589436
2011-03-16,2011-03-17,TER,sell,262.7794708369449,15.409102500340733,4049.195801111782,4.049195801111782,sma50_exit,risk_exit,-46.79222107212138
2011-03-16,2011-03-17,WYNN,sell,49.693651478640255,82.41909075282875,4095.7055710574937,4.095705571057493,sma50_exit,risk_exit,-0.3289608963550439
2011-04-07,2011-04-08,WY,sell,291.67042509560775,14.077774744287964,4106.070544066682,4.106070544066681,sma50_exit,risk_exit,10.02564713982294
2011-04-08,2011-04-11,VLO,sell,269.0417729507332,15.302951332290515,4117.133157818225,4.117133157818225,sma50_exit,risk_exit,21.077198277615146
2011-04-12,2011-04-13,JCP,sell,118.86426377091398,36.23956445014483,4307.589147745052,4.307589147745053,rebalance,rebalance,278.6074800454663
2011-04-12,2011-04-13,NFLX,sell,1294.618830510148,3.3782858848571777,4373.5925213827395,4.37359252138274,rebalance,rebalance,277.2801024785655
2011-04-12,2011-04-13,BKNG,buy,302.91137964532976,20.142139963786658,6101.283405439949,6.10128340543995,rebalance,rebalance,0.0
2011-04-12,2011-04-13,CBRE,buy,221.46219870788377,27.549999237060547,6101.283405439949,6.10128340543995,rebalance,rebalance,0.0
2011-04-12,2011-04-13,COG,buy,482.7501079808105,12.638595630687,6101.283405439949,6.10128340543995,rebalance,rebalance,0.0
2011-04-12,2011-04-13,MRO,buy,225.53199584660007,27.052850672194,6101.283405439949,6.10128340543995,rebalance,rebalance,0.0
2011-04-12,2011-04-13,ROK,buy,90.17238241534018,67.66243989581,6101.283405439949,6.10128340543995,rebalance,rebalance,0.0
2011-04-12,2011-04-13,TMUS,buy,230.63808946315422,26.45392796845321,6101.283405439949,6.10128340543995,rebalance,rebalance,0.0
2011-04-12,2011-04-13,WFM,buy,60.68853764309526,28.693293226304,1741.3540060689206,1.7413540060689208,rebalance,rebalance,0.0
2011-04-12,2011-04-13,WMB,buy,535.2840719459581,11.398215873040083,6101.283405439949,6.10128340543995,rebalance,rebalance,0.0
2011-04-27,2011-04-28,CBRE,sell,221.46219870788377,26.639999389648438,5899.752838408224,5.899752838408224,sma50_exit,risk_exit,-213.5316032755717
2011-04-27,2011-04-28,ROK,sell,90.17238241534018,65.68917387966793,5923.3493076251925,5.923349307625193,sma50_exit,risk_exit,-189.958730527821
2011-05-02,2011-05-03,WFM,sell,212.63796237396411,27.022855628897,5746.084958454464,5.746084958454464,sma50_exit,risk_exit,-94.69531296177149
2011-05-05,2011-05-06,MRO,sell,225.53199584660007,26.71662467252,6025.453684677953,6.025453684677953,sma50_exit,risk_exit,-87.95645785211356
2011-05-05,2011-05-06,WMB,sell,535.2840719459581,11.659730412608335,6241.267973053115,6.241267973053115,sma50_exit,risk_exit,127.64201623467386
2011-05-11,2011-05-12,BKNG,sell,302.91137964532976,20.38693868083366,6175.4357225560625,6.175435722556062,rebalance,rebalance,61.87559798811836
2011-05-11,2011-05-12,COG,sell,34.09079056838084,12.866296016904,438.62220290306686,0.43862220290306686,rebalance,rebalance,6.893004259235976
2011-05-11,2011-05-12,TMUS,sell,24.92263318705426,28.061010548584,699.3542727604192,0.6993542727604193,rebalance,rebalance,38.69407383002954
2011-05-11,2011-05-12,CBS,buy,232.32381257649135,24.847145561843,5772.583588570412,5.772583588570412,rebalance,rebalance,0.0
2011-05-11,2011-05-12,IRM,buy,480.21529921217274,12.020823988824898,5772.583588570412,5.772583588570412,rebalance,rebalance,0.0
2011-05-11,2011-05-12,NVDA,buy,12735.133576340813,0.45328017597668957,5772.583588570412,5.772583588570412,rebalance,rebalance,0.0
2011-05-11,2011-05-12,WFM,buy,201.0547572517285,28.711499630635,5772.583588570412,5.772583588570412,rebalance,rebalance,0.0
2011-05-13,2011-05-16,NVDA,sell,12735.133576340813,0.41688044056895246,5309.028096009418,5.309028096009418,sma50_exit,risk_exit,-474.63710424557337
2011-05-13,2011-05-16,WFM,sell,201.0547572517285,28.219926713687,5673.750515081908,5.673750515081908,sma50_exit,risk_exit,-110.27940759215616
2011-06-06,2011-06-07,IRM,sell,480.21529921217274,11.913594541003103,5721.090367200313,5.721090367200313,sma50_exit,risk_exit,-62.98689532586899
2011-06-06,2011-06-07,TMUS,sell,205.71545627609996,27.08415297143938,5571.628886371341,5.571628886371341,sma50_exit,risk_exit,118.63341329720996
2011-06-09,2011-06-10,BIIB,buy,72.76283493304905,93.43000030517578,6798.231690000228,6.798231690000228,rebalance,rebalance,0.0
2011-06-09,2011-06-10,CBS,buy,43.12434717797228,24.680621195873,1064.3356770188489,1.0643356770188488,rebalance,rebalance,0.0
2011-06-09,2011-06-10,COG,buy,24.009580913744685,14.382650760552,345.3214171896048,0.3453214171896048,rebalance,rebalance,0.0
2011-06-09,2011-06-10,DF,buy,289.1073709396632,23.514556781809,6798.231690000227,6.798231690000227,rebalance,rebalance,0.0
2011-06-09,2011-06-10,ELV,buy,110.24781823437146,61.663185710833176,6798.231690000228,6.798231690000228,rebalance,rebalance,0.0
2011-06-09,2011-06-10,HUM,buy,98.14856067521207,69.2647109976128,6798.231690000228,6.798231690000228,rebalance,rebalance,0.0
2011-06-09,2011-06-10,MCO,buy,194.03996575963865,35.03521381992687,6798.231690000228,6.798231690000228,rebalance,rebalance,0.0
2011-06-09,2011-06-10,MSI,buy,191.78625914784308,35.44691741841446,6798.231690000228,6.798231690000228,rebalance,rebalance,0.0
2011-06-10,2011-06-13,MSI,sell,191.78625914784308,35.13599220694689,6738.600506818111,6.738600506818111,sma50_exit,risk_exit,-73.16801537893508
2011-06-15,2011-06-16,CBS,sell,275.44815975446363,23.87065739201,6575.128650758438,6.5751286507584386,sma50_exit,risk_exit,-275.2026627471689
2011-06-17,2011-06-20,MCO,sell,194.03996575963865,30.48188053903479,5914.7030560837065,5.914703056083707,sma50_exit,risk_exit,-896.2415686626049
2011-06-24,2011-06-27,DF,sell,289.1073709396632,22.276948530135,6440.4300221055255,6.4404300221055255,sma50_exit,risk_exit,-371.04032960680695
2011-07-08,2011-07-11,BIIB,sell,14.007002432075424,106.3499984741211,1489.644687278232,1.4896446872782318,rebalance,rebalance,178.1721268460456
2011-07-08,2011-07-11,COG,sell,82.29345783245566,16.006854040104,1317.259367979571,1.317259367979571,rebalance,rebalance,267.53057905107846
2011-07-08,2011-07-11,ELV,sell,110.24781823437146,61.057871178105835,6731.49708342148,6.7314970834214805,sma50_exit,risk_exit,-80.2643353521685
2011-07-08,2011-07-11,HUM,sell,8.841684345156906,69.96866258910167,618.6408286656259,0.618640828665626,rebalance,rebalance,4.9930602266505355
2011-07-08,2011-07-11,CBS,buy,239.02592633072194,26.142280014338,6248.682696824259,6.248682696824259,rebalance,rebalance,0.0
2011-07-08,2011-07-11,IRM,buy,478.53553505614184,13.05792828131596,6248.682696824259,6.248682696824259,rebalance,rebalance,0.0
2011-07-08,2011-07-11,ISRG,buy,153.90422411430498,40.601112365722656,6248.6826968242585,6.248682696824258,rebalance,rebalance,0.0
2011-07-08,2011-07-11,LO,buy,202.49679695414778,30.858180429585637,6248.682696824259,6.248682696824259,rebalance,rebalance,0.0
2011-07-08,2011-07-11,MCO,buy,190.74962938355011,32.75855747147855,6248.682696824259,6.248682696824259,rebalance,rebalance,0.0
2011-07-08,2011-07-11,MRO,buy,221.3217594537711,28.233476510607,6248.682696824259,6.248682696824259,rebalance,rebalance,0.0
2011-07-08,2011-07-11,NFLX,buy,1483.5933250276908,4.211856842041016,6248.682696824259,6.248682696824259,rebalance,rebalance,0.0
2011-07-08,2011-07-11,OKE,buy,438.6571025800383,14.245027973037576,6248.682696824259,6.248682696824259,rebalance,rebalance,0.0
2011-07-08,2011-07-11,TMUS,buy,231.11696734955586,27.036884260312043,6248.682696824259,6.248682696824259,rebalance,rebalance,0.0
2011-07-08,2011-07-11,UNH,buy,155.14427874755782,40.27659123023009,6248.682696824259,6.248682696824259,rebalance,rebalance,0.0
2011-07-11,2011-07-12,MCO,sell,190.74962938355011,31.493729549221005,6007.417239419668,6.007417239419667,sma50_exit,risk_exit,-253.52155734083502
2011-07-11,2011-07-12,TMUS,sell,231.11696734955586,27.068399931835156,6255.9665032506655,6.255966503250666,sma50_exit,risk_exit,-5.220842773667373
2011-07-12,2011-07-13,LO,sell,202.49679695414778,30.66199615680364,6208.956009973126,6.208956009973126,sma50_exit,risk_exit,-52.18432555793027
2011-07-12,2011-07-13,MRO,sell,221.3217594537711,27.945290700261,6184.900906228872,6.184900906228872,sma50_exit,risk_exit,-76.21537419843999
2011-07-20,2011-07-21,HUM,sell,89.30687633005516,69.80262027979455,6233.853976841412,6.233853976841412,sma50_exit,risk_exit,35.619328784653845
2011-07-27,2011-07-28,UNH,sell,155.14427874755782,39.069396624090935,6061.393360346859,6.061393360346859,sma50_exit,risk_exit,-199.59941253457146
2011-07-28,2011-07-29,IRM,sell,478.53553505614184,11.716740735875424,5606.876797156239,5.606876797156239,sma50_exit,risk_exit,-653.6614591619999
2011-07-28,2011-07-29,NFLX,sell,1483.5933250276908,3.7298569679260254,5533.590900923073,5.533590900923072,sma50_exit,risk_exit,-726.8740694989334
2011-07-29,2011-08-01,CBS,sell,239.02592633072194,25.704713361676,6144.092922340292,6.144092922340292,sma50_exit,risk_exit,-116.98255010313117
2011-08-02,2011-08-03,BIIB,sell,58.755832500973625,99.51000213623047,5846.793017687885,5.846793017687886,market_trend_exit,risk_exit,345.89921872487827
2011-08-02,2011-08-03,COG,sell,390.3754404937187,18.003423682388,7028.094450407263,7.028094450407263,market_trend_exit,risk_exit,2047.7170345061134
2011-08-02,2011-08-03,ISRG,sell,153.90422411430498,42.887779235839844,6600.610387277531,6.6006103872775315,market_trend_exit,risk_exit,339.07839736917043
2011-08-02,2011-08-03,OKE,sell,438.6571025800383,13.694517343825614,6007.197299274627,6.007197299274627,market_trend_exit,risk_exit,-253.74127754573118
2011-12-28,2011-12-29,AAPL,buy,437.48739400233654,12.065547839055744,5278.5250813190205,5.278525081319021,rebalance,rebalance,0.0
2011-12-28,2011-12-29,AEE,buy,259.03842122629857,20.377382846645933,5278.5250813190205,5.278525081319021,rebalance,rebalance,0.0
2011-12-28,2011-12-29,DLTR,buy,125.3955322068726,42.095001220703125,5278.5250813190205,5.278525081319021,rebalance,rebalance,0.0
2011-12-28,2011-12-29,GOOGL,buy,331.94130347023383,15.901983351078698,5278.5250813190205,5.278525081319021,rebalance,rebalance,0.0
2011-12-28,2011-12-29,GWW,buy,35.20542856964939,149.9349758198836,5278.5250813190205,5.278525081319021,rebalance,rebalance,0.0
2011-12-28,2011-12-29,ISRG,buy,103.81033853765,50.8477783203125,5278.5250813190205,5.278525081319021,rebalance,rebalance,0.0
2011-12-28,2011-12-29,LXK,buy,192.381284723484,27.437830498460492,5278.5250813190205,5.278525081319021,rebalance,rebalance,0.0
2011-12-28,2011-12-29,MA,buy,153.5055211030406,34.38654872729828,5278.5250813190205,5.278525081319021,rebalance,rebalance,0.0
2011-12-28,2011-12-29,ORLY,buy,975.9382479769625,5.408667087554932,5278.5250813190205,5.278525081319021,rebalance,rebalance,0.0
2011-12-28,2011-12-29,TJX,buy,394.1254293091927,13.393008135940399,5278.5250813190205,5.278525081319021,rebalance,rebalance,0.0
2012-01-04,2012-01-05,MA,sell,153.5055211030406,32.543880724655686,4995.665369353469,4.995665369353469,sma50_exit,risk_exit,-293.13390241622324
2012-01-06,2012-01-09,AEE,sell,259.03842122629857,19.885179219532787,5151.0254308297735,5.151025430829773,sma50_exit,risk_exit,-137.929201001395
2012-01-20,2012-01-23,GOOGL,sell,331.94130347023383,14.526436109659949,4821.924137017596,4.8219241370175965,sma50_exit,risk_exit,-466.7013935197599
2012-01-24,2012-01-25,ISRG,sell,103.81033853765,48.51555633544922,5036.416327525413,5.036416327525413,sma50_exit,risk_exit,-252.42369520245074
2012-01-27,2012-01-30,AAPL,sell,437.48739400233654,13.331023540988467,5832.154748330845,5.832154748330845,rebalance,rebalance,542.5189871821751
2012-01-27,2012-01-30,LXK,sell,192.381284723484,29.561193439091053,5687.020371771762,5.687020371771762,rebalance,rebalance,397.529744999652
2012-01-27,2012-01-30,TJX,sell,394.1254293091927,13.97379163978011,5507.426629105544,5.507426629105544,rebalance,rebalance,218.11559607609956
2012-01-27,2012-01-30,AKAM,buy,247.96159065942282,31.43000030517578,7793.432870097531,7.793432870097531,rebalance,rebalance,0.0
2012-01-27,2012-01-30,AMGN,buy,169.97927902096785,45.84931125126239,7793.432870097531,7.793432870097531,rebalance,rebalance,0.0
2012-01-27,2012-01-30,DLTR,buy,59.5678754246088,42.1349983215332,2509.8923310331907,2.509892331033191,rebalance,rebalance,0.0
2012-01-27,2012-01-30,DUK,buy,227.10419886739763,34.316551208496094,7793.432870097531,7.793432870097531,rebalance,rebalance,0.0
2012-01-27,2012-01-30,FAST,buy,979.666371704964,7.955190762069558,7793.432870097531,7.793432870097531,rebalance,rebalance,0.0
2012-01-27,2012-01-30,GWW,buy,15.95845126738525,152.3229453067456,2430.8382995822885,2.4308382995822884,rebalance,rebalance,0.0
2012-01-27,2012-01-30,HD,buy,246.39085884396786,31.63036529302771,7793.432870097531,7.793432870097531,rebalance,rebalance,0.0
2012-01-27,2012-01-30,HUM,buy,101.48627750602985,76.79297203145993,7793.432870097531,7.793432870097531,rebalance,rebalance,0.0
2012-01-27,2012-01-30,ORLY,buy,444.3205780277241,5.487332820892334,2438.1348908093837,2.438134890809384,rebalance,rebalance,0.0
2012-01-27,2012-01-30,ROST,buy,353.37677969648104,22.054173669224646,7793.43287009753,7.79343287009753,rebalance,rebalance,0.0
2012-01-30,2012-01-31,HUM,sell,101.48627750602985,78.07625391986765,7923.668371942939,7.92366837194294,sma50_exit,risk_exit,114.51840060336873
2012-02-15,2012-02-16,DUK,sell,227.10419886739763,34.37520287800358,7806.7529105132635,7.806752910513263,sma50_exit,risk_exit,-2.2801453648772014
2012-02-27,2012-02-28,AKAM,sell,82.83307291373748,37.150001525878906,3077.2487851385863,3.0772487851385866,rebalance,rebalance,468.1245858890737
2012-02-27,2012-02-28,AMGN,sell,169.97927902096785,45.45838095762076,7726.982820636871,7.726982820636871,rebalance,rebalance,-81.97046515139368
2012-02-27,2012-02-28,DLTR,sell,184.9634076314814,44.255001068115234,8185.555802293443,8.185555802293443,rebalance,rebalance,381.16441672658686
2012-02-27,2012-02-28,FAST,sell,302.9078389663209,9.064569398768732,2745.7291277412796,2.7457291277412796,rebalance,rebalance,330.884066667906
2012-02-27,2012-02-28,GWW,sell,51.16387983703464,167.03858161400794,8546.341917847807,8.546341917847807,rebalance,rebalance,820.7228316477486
2012-02-27,2012-02-28,HD,sell,246.39085884396786,33.48220056069431,8249.708152135454,8.249708152135454,rebalance,rebalance,440.2321410156896
2012-02-27,2012-02-28,ORLY,sell,1420.2588260046866,5.733333110809326,8142.816953051852,8.142816953051852,rebalance,rebalance,410.29750399826776
2012-02-27,2012-02-28,ROST,sell,87.37600635944204,23.0620558326179,2015.0703370926292,2.015070337092629,rebalance,rebalance,84.12264236235045
2012-02-27,2012-02-28,DHI,buy,505.18516968900354,12.143121085670032,6134.524686218332,6.134524686218333,rebalance,rebalance,0.0
2012-02-27,2012-02-28,FFIV,buy,47.73577891556141,128.50999450683594,6134.524686218332,6.134524686218333,rebalance,rebalance,0.0
2012-02-27,2012-02-28,HST,buy,680.0576058204933,9.020595657947231,6134.524686218332,6.134524686218333,rebalance,rebalance,0.0
2012-02-27,2012-02-28,JBL,buy,271.7548355423643,22.57374620022911,6134.524686218332,6.134524686218333,rebalance,rebalance,0.0
2012-02-27,2012-02-28,JCP,buy,150.9657830810437,40.635199321458856,6134.524686218331,6.134524686218331,rebalance,rebalance,0.0
2012-02-27,2012-02-28,LEN,buy,319.2522157643011,19.215292434328333,6134.524686218332,6.134524686218333,rebalance,rebalance,0.0
2012-02-27,2012-02-28,MAS,buy,743.9532004614276,8.245847564622977,6134.524686218332,6.134524686218333,rebalance,rebalance,0.0
2012-02-27,2012-02-28,PHM,buy,849.3686388757706,7.222452543501048,6134.524686218332,6.134524686218333,rebalance,rebalance,0.0
2012-02-27,2012-02-28,TER,buy,402.6753328340193,15.234418863066916,6134.524686218332,6.134524686218333,rebalance,rebalance,0.0
2012-02-27,2012-02-28,TGNA,buy,586.6916035071547,10.456131721584322,6134.524686218332,6.134524686218333,rebalance,rebalance,0.0
2012-02-27,2012-02-28,TXT,buy,227.7471389747768,26.935682765691016,6134.524686218332,6.134524686218333,rebalance,rebalance,0.0
2012-03-01,2012-03-02,HST,sell,680.0576058204933,8.850934077820009,6019.145038237291,6.0191450382372915,sma50_exit,risk_exit,-127.53331770549516
2012-03-02,2012-03-05,MAS,sell,743.9532004614276,8.1054931183266,6030.107546697151,6.030107546697151,sma50_exit,risk_exit,-116.58177175409644
2012-03-02,2012-03-05,TGNA,sell,586.6916035071547,10.00928848561918,5872.365511593617,5.8723655115936175,sma50_exit,risk_exit,-274.1660648225259
2012-03-05,2012-03-06,TER,sell,402.6753328340193,13.855321215058058,5579.196081795752,5.579196081795753,sma50_exit,risk_exit,-567.0423251905929
2012-03-06,2012-03-07,DHI,sell,505.18516968900354,11.60247192405873,5861.396747767509,5.861396747767508,sma50_exit,risk_exit,-285.12385988480884
2012-03-09,2012-03-12,JCP,sell,150.9657830810437,37.08579869946281,5598.686641850356,5.598686641850356,sma50_exit,risk_exit,-547.5712556960445
2012-03-26,2012-03-27,AKAM,sell,20.613283837195866,37.849998474121094,780.2127617844885,0.7802127617844885,rebalance,rebalance,130.9091562116693
2012-03-26,2012-03-27,FAST,sell,676.7585327386431,9.424606068607929,6378.182574630813,6.378182574630813,rebalance,rebalance,982.6774210341874
2012-03-26,2012-03-27,FFIV,sell,7.199975714440789,134.94000244140625,971.5647404847058,0.9715647404847059,rebalance,rebalance,44.39906739257104
2012-03-26,2012-03-27,JBL,sell,27.84247815307006,22.4256837229177,624.386609122995,0.6243866091229949,rebalance,rebalance,-5.375321934368097
2012-03-26,2012-03-27,LEN,sell,78.88335065045251,22.756280770110592,1795.0916754887835,1.7950916754887836,rebalance,rebalance,276.01416621423766
2012-03-26,2012-03-27,PHM,sell,131.70446377638132,7.621811945909177,1003.8266553403856,1.0038266553403856,rebalance,rebalance,50.64236005348624
2012-03-26,2012-03-27,ROST,sell,266.000773337039,25.615321103687165,6813.695222857361,6.813695222857361,rebalance,rebalance,934.5878490600627
2012-03-26,2012-03-27,TXT,sell,26.36696223407276,27.162064665215752,716.1811332271858,0.7161811332271858,rebalance,rebalance,4.542609731787277
2012-03-26,2012-03-27,HAR,buy,121.15855890334815,45.14663621318809,5469.90138292358,5.46990138292358,rebalance,rebalance,0.0
2012-03-26,2012-03-27,IPG,buy,538.1978598580059,10.163365169023,5469.90138292358,5.46990138292358,rebalance,rebalance,0.0
2012-03-26,2012-03-27,MAS,buy,563.178289805283,9.712557252188788,5469.901382923581,5.469901382923581,rebalance,rebalance,0.0
2012-03-26,2012-03-27,RF,buy,1278.706775628004,4.277682332790627,5469.90138292358,5.46990138292358,rebalance,rebalance,0.0
2012-03-26,2012-03-27,TGNA,buy,497.3297404106261,10.998540683304586,5469.90138292358,5.46990138292358,rebalance,rebalance,0.0
2012-03-28,2012-03-29,HAR,sell,121.15855890334815,43.04309652630316,5215.039545864602,5.2150395458646015,sma50_exit,risk_exit,-265.5467779877657
2012-04-03,2012-04-04,IPG,sell,538.1978598580059,9.6270630277513,5181.264718253884,5.1812647182538845,sma50_exit,risk_exit,-299.28783077087263
2012-04-03,2012-04-04,JBL,sell,243.91235738929421,21.493825797682675,5242.609719627609,5.242609719627609,sma50_exit,risk_exit,-274.15455654832897
2012-04-03,2012-04-04,PHM,sell,717.6641750993892,7.196959871961091,5165.0002697343625,5.165000269734363,sma50_exit,risk_exit,-28.643472808362617
2012-04-05,2012-04-09,TGNA,sell,497.3297404106261,10.127300134880583,5036.607547140658,5.036607547140658,sma50_exit,risk_exit,-443.80034471298467
2012-04-09,2012-04-10,AKAM,sell,144.51523390848948,35.58000183105469,5141.852287079352,5.141852287079352,sma50_exit,risk_exit,590.0544751000533
2012-04-09,2012-04-10,MAS,sell,563.178289805283,8.618081904295666,4853.51662826309,4.85351662826309,sma50_exit,risk_exit,-626.7081726716765
2012-04-09,2012-04-10,TXT,sell,201.38017674070403,26.312339453425945,5298.783569592317,5.298783569592317,sma50_exit,risk_exit,-136.2520825196542
2012-04-10,2012-04-11,FFIV,sell,40.53580320112062,122.9000015258789,4981.850275270452,4.981850275270451,sma50_exit,risk_exit,-237.59667755771858
2012-04-10,2012-04-11,LEN,sell,240.3688651138486,20.893488391982512,5022.144093050206,5.022144093050206,sma50_exit,risk_exit,393.7451556516637
2012-04-20,2012-04-23,RF,sell,1278.706775628004,3.8152291785332153,4878.559401164086,4.878559401164086,sma50_exit,risk_exit,-601.6904425435816
2012-04-24,2012-04-25,AKAM,buy,149.16119489348247,38.029998779296875,5672.600059717602,5.672600059717602,rebalance,rebalance,0.0
2012-04-24,2012-04-25,BKNG,buy,206.4333443813642,27.47908811300398,5672.600059717602,5.672600059717602,rebalance,rebalance,0.0
2012-04-24,2012-04-25,DFS,buy,188.8904990906381,30.03115607734,5672.600059717602,5.672600059717602,rebalance,rebalance,0.0
2012-04-24,2012-04-25,DHI,buy,419.95572317952247,13.507614604629834,5672.600059717602,5.672600059717602,rebalance,rebalance,0.0
2012-04-24,2012-04-25,FFIV,buy,43.7363160616056,129.6999969482422,5672.600059717602,5.672600059717602,rebalance,rebalance,0.0
2012-04-24,2012-04-25,LEN,buy,264.3900751393668,21.455419825148233,5672.600059717601,5.672600059717601,rebalance,rebalance,0.0
2012-04-24,2012-04-25,RF,buy,1336.1230576685632,4.245567073451957,5672.600059717602,5.672600059717602,rebalance,rebalance,0.0
2012-04-24,2012-04-25,WDC,buy,225.09991179887484,25.20036553717546,5672.600059717602,5.672600059717602,rebalance,rebalance,0.0
2012-04-26,2012-04-27,AKAM,sell,149.16119489348247,33.16999816894531,4947.676561494509,4.947676561494509,sma50_exit,risk_exit,-735.5437748443048
2012-04-27,2012-04-30,WDC,sell,225.09991179887484,23.11644404394375,5203.509515395364,5.203509515395364,sma50_exit,risk_exit,-479.96665389735
2012-05-08,2012-05-09,FFIV,sell,43.7363160616056,127.41000366210938,5572.444189576342,5.572444189576342,sma50_exit,risk_exit,-111.40091439055306
2012-05-10,2012-05-11,BKNG,sell,206.4333443813642,26.300915197370312,5429.385884483801,5.429385884483802,sma50_exit,risk_exit,-254.31616117800144
2012-05-15,2012-05-16,RF,sell,1336.1230576685632,4.104262630073119,5483.799934768115,5.483799934768116,sma50_exit,risk_exit,-199.95652494397166
2012-05-17,2012-05-18,DFS,sell,188.8904990906381,28.72624163101,5426.114118679745,5.426114118679745,sma50_exit,risk_exit,-257.58465521625357
2012-05-18,2012-05-21,LEN,sell,264.3900751393668,22.035288798404824,5825.911661127899,5.825911661127899,sma50_exit,risk_exit,141.813089689453
2012-05-22,2012-05-23,DHI,sell,419.95572317952247,14.269181025104407,5992.424236577241,5.992424236577241,rebalance,rebalance,308.15915256334495
2012-05-22,2012-05-23,LEN,buy,201.75238985947658,23.03537261943715,4647.441477274996,4.647441477274996,rebalance,rebalance,0.0
2012-05-22,2012-05-23,SHW,buy,134.217321458741,34.62624217771803,4647.441477274996,4.647441477274996,rebalance,rebalance,0.0
2012-05-30,2012-05-31,LEN,sell,201.75238985947658,22.48911659412964,4537.233018694067,4.537233018694067,sma50_exit,risk_exit,-119.39313307689775
2012-06-20,2012-06-21,SHW,sell,47.32838498839395,37.92784169359878,1795.0634934535026,1.7950634934535026,rebalance,rebalance,152.82550535115755
2012-06-20,2012-06-21,AAPL,buy,188.2042141934795,17.51028711814393,3295.5098273724843,3.2955098273724843,rebalance,rebalance,0.0
2012-06-20,2012-06-21,BAC,buy,526.8530919354937,6.255083016151259,3295.5098273724843,3.2955098273724843,rebalance,rebalance,0.0
2012-06-20,2012-06-21,DFS,buy,105.68622641078521,31.182018123756,3295.5098273724843,3.2955098273724843,rebalance,rebalance,0.0
2012-06-20,2012-06-21,DHI,buy,228.06604667238798,14.449804674811652,3295.5098273724843,3.2955098273724843,rebalance,rebalance,0.0
2012-06-20,2012-06-21,FII,buy,207.4025055486442,15.889440769555,3295.5098273724843,3.2955098273724843,rebalance,rebalance,0.0
2012-06-20,2012-06-21,GPS,buy,138.79300977470888,23.74406198642,3295.509827372485,3.2955098273724848,rebalance,rebalance,0.0
2012-06-20,2012-06-21,LEN,buy,145.07426878656278,22.7160188704513,3295.5098273724843,3.2955098273724843,rebalance,rebalance,0.0
2012-06-20,2012-06-21,MAS,buy,336.14416066252863,9.803858620887976,3295.509827372484,3.295509827372484,rebalance,rebalance,0.0
2012-06-20,2012-06-21,PHM,buy,406.54504861430706,8.106136917926072,3295.5098273724843,3.2955098273724843,rebalance,rebalance,0.0
2012-06-20,2012-06-21,RF,buy,758.8961832130118,4.342504153097684,3295.5098273724843,3.2955098273724843,rebalance,rebalance,0.0
2012-06-20,2012-06-21,TXT,buy,130.16874175445196,25.317213510360855,3295.5098273724843,3.2955098273724843,rebalance,rebalance,0.0
2012-06-21,2012-06-22,LEN,sell,145.07426878656278,22.194975448529068,3219.919833931068,3.2199198339310677,sma50_exit,risk_exit,-82.10542310271944
2012-06-21,2012-06-22,TXT,sell,130.16874175445196,24.388589933457503,3174.632064803456,3.1746320648034563,sma50_exit,risk_exit,-127.34790446120356
2012-06-22,2012-06-25,MAS,sell,336.14416066252863,8.83688136004787,2970.466067647636,2.970466067647636,sma50_exit,risk_exit,-331.30973561986764
2012-06-25,2012-06-26,AAPL,sell,188.2042141934795,17.088267228380616,3216.0839056455616,3.2160839056455615,sma50_exit,risk_exit,-85.93751545994081
2012-06-25,2012-06-26,BAC,sell,526.8530919354937,5.900294830261066,3108.5885746540516,3.1085885746540516,sma50_exit,risk_exit,-193.3253511204592
2012-06-25,2012-06-26,GPS,sell,138.79300977470888,22.764748286546,3159.587931453366,3.159587931453366,sma50_exit,risk_exit,-142.37699367794403
2012-06-26,2012-06-27,FII,sell,207.4025055486442,15.053919192738,3122.2205589006844,3.1222205589006844,sma50_exit,risk_exit,-179.7069988580726
2012-06-26,2012-06-27,RF,sell,758.8961832130118,4.11733753352397,3124.6317391910165,3.1246317391910168,sma50_exit,risk_exit,-177.29822974803093
2012-07-19,2012-07-20,DFS,sell,105.68622641078521,31.335005639345,3311.678500583047,3.311678500583047,rebalance,rebalance,9.561484882607271
2012-07-19,2012-07-20,DHI,sell,228.06604667238798,15.748567653156716,3591.7135654080994,3.5917135654080994,rebalance,rebalance,289.3165146428348
2012-07-19,2012-07-20,PHM,sell,406.54504861430706,8.879367141743247,3609.862746304289,3.609862746304289,rebalance,rebalance,307.4475463581281
2012-07-19,2012-07-20,AAPL,buy,331.14789786732206,18.33549293257259,6071.7599409825525,6.0717599409825525,rebalance,rebalance,0.0
2012-07-19,2012-07-20,ALXN,buy,60.295530694960796,100.7,6071.7599409825525,6.0717599409825525,rebalance,rebalance,0.0
2012-07-19,2012-07-20,DLTR,buy,115.38882676227891,52.619998931884766,6071.7599409825525,6.0717599409825525,rebalance,rebalance,0.0
2012-07-19,2012-07-20,EBAY,buy,373.666079847189,16.249160061479497,6071.7599409825525,6.0717599409825525,rebalance,rebalance,0.0
2012-07-19,2012-07-20,EW,buy,354.21059977032377,17.141666412353516,6071.7599409825525,6.0717599409825525,rebalance,rebalance,0.0
2012-07-19,2012-07-20,EXPE,buy,140.98485046964896,43.06675448288448,6071.759940982552,6.071759940982552,rebalance,rebalance,0.0
2012-07-19,2012-07-20,GPS,buy,241.53355913425798,25.138369851154,6071.7599409825525,6.0717599409825525,rebalance,rebalance,0.0
2012-07-19,2012-07-20,RF,buy,1451.9937435273541,4.18167087017353,6071.7599409825525,6.0717599409825525,rebalance,rebalance,0.0
2012-07-19,2012-07-20,ROST,buy,203.9560362549472,29.769944800225417,6071.7599409825525,6.0717599409825525,rebalance,rebalance,0.0
2012-07-19,2012-07-20,SHW,buy,71.87206660115378,38.2446559514872,2748.7224596835003,2.7487224596835005,rebalance,rebalance,0.0
2012-07-19,2012-07-20,TJX,buy,326.48608844277476,18.59730063826835,6071.7599409825525,6.0717599409825525,rebalance,rebalance,0.0
2012-07-20,2012-07-23,DLTR,sell,115.38882676227891,50.79999923706055,5861.75231148908,5.86175231148908,sma50_exit,risk_exit,-221.9411417459435
2012-07-23,2012-07-24,RF,sell,1451.9937435273541,4.316772508183766,6267.926674113712,6.267926674113712,sma50_exit,risk_exit,183.82704651606414
2012-07-25,2012-07-26,AAPL,sell,331.14789786732206,17.34040408871006,5742.238362146252,5.742238362146252,sma50_exit,risk_exit,-341.33557713942884
2012-07-25,2012-07-26,EXPE,sell,140.98485046964896,40.95928706059832,5774.638961581882,5.774638961581882,sma50_exit,risk_exit,-308.967378303234
2012-08-09,2012-08-10,EW,sell,354.21059977032377,16.375,5800.1985712390515,5.800198571239052,sma50_exit,risk_exit,-283.43332825572264
2012-08-16,2012-08-17,ALXN,sell,60.295530694960796,103.82,6259.88199675083,6.25988199675083,rebalance,rebalance,175.79041383054437
2012-08-16,2012-08-17,EBAY,sell,373.666079847189,17.16591841398698,6414.321440731191,6.414321440731191,rebalance,rebalance,330.07541836692553
2012-08-16,2012-08-17,AGN,buy,95.87170682724667,78.723631932924,7547.368961049363,7.547368961049363,rebalance,rebalance,0.0
2012-08-16,2012-08-17,DHI,buy,464.2851972469595,16.255889711329342,7547.368961049363,7.547368961049363,rebalance,rebalance,0.0
2012-08-16,2012-08-17,EXPE,buy,158.6805524820687,47.56328890335969,7547.368961049363,7.547368961049363,rebalance,rebalance,0.0
2012-08-16,2012-08-17,GPS,buy,7.563227453131873,30.298941485548,229.15778604433285,0.22915778604433285,rebalance,rebalance,0.0
2012-08-16,2012-08-17,LEN,buy,274.12555685934336,27.5325257794989,7547.368961049363,7.547368961049363,rebalance,rebalance,0.0
2012-08-16,2012-08-17,MO,buy,506.7132567788457,14.894753314779372,7547.368961049363,7.547368961049363,rebalance,rebalance,0.0
2012-08-16,2012-08-17,ROST,buy,47.98065768102171,29.957402564660025,1437.3758774675146,1.4373758774675145,rebalance,rebalance,0.0
2012-08-16,2012-08-17,SHW,buy,25.480020845984626,40.964649460640985,1043.7801222055853,1.0437801222055854,rebalance,rebalance,0.0
2012-08-16,2012-08-17,SNI,buy,136.99701638599177,55.091484180827,7547.368961049363,7.547368961049363,rebalance,rebalance,0.0
2012-08-16,2012-08-17,SRE,buy,336.89935323476175,22.402444197600243,7547.368961049363,7.547368961049363,rebalance,rebalance,0.0
2012-08-16,2012-08-17,STZ,buy,280.56071976132836,26.90101795956994,7547.368961049364,7.547368961049364,rebalance,rebalance,0.0
2012-08-16,2012-08-17,T,buy,712.7418745032362,10.589203793182064,7547.368961049363,7.547368961049363,rebalance,rebalance,0.0
2012-08-16,2012-08-17,TJX,buy,73.23949128178378,18.881375983618753,1382.8623717403275,1.3828623717403274,rebalance,rebalance,0.0
2012-08-21,2012-08-22,MO,sell,506.7132567788457,14.397836390944311,7295.574568224373,7.295574568224374,sma50_exit,risk_exit,-266.637336354262
2012-08-21,2012-08-22,SRE,sell,336.89935323476175,22.038062960177065,7424.609157830612,7.424609157830613,sma50_exit,risk_exit,-137.7317813376304
2012-09-10,2012-09-11,ROST,sell,251.93669393596892,29.109231029543647,7333.683428601547,7.333683428601548,sma50_exit,risk_exit,-190.29520909557004
2012-09-14,2012-09-17,DHI,sell,464.2851972469595,18.953705655621217,8799.924968880909,8.799924968880909,rebalance,rebalance,1236.208713901616
2012-09-14,2012-09-17,LEN,sell,274.12555685934336,30.72164023845132,8421.586737997879,8.42158673799788,rebalance,rebalance,858.2488212494696
2012-09-14,2012-09-17,T,sell,712.7418745032362,10.600618479838102,7555.504686213455,7.555504686213455,rebalance,rebalance,-6.967148483169749
2012-09-14,2012-09-17,TJX,sell,399.72557972455854,19.059931992298296,7618.742365132096,7.618742365132096,rebalance,rebalance,149.0466877313624
2012-09-14,2012-09-17,AGN,buy,3.728060039603676,80.731534594362,300.97200805712276,0.30097200805712276,rebalance,rebalance,0.0
2012-09-14,2012-09-17,AMGN,buy,144.8947851261504,55.49435072767377,8040.842024401519,8.040842024401519,rebalance,rebalance,0.0
2012-09-14,2012-09-17,AMZN,buy,615.5668535427,13.0625,8040.842024401518,8.040842024401519,rebalance,rebalance,0.0
2012-09-14,2012-09-17,COG,buy,358.2300894094548,22.446026344847,8040.842024401519,8.040842024401519,rebalance,rebalance,0.0
2012-09-14,2012-09-17,DF,buy,269.70537754058194,29.813428629882,8040.84202440152,8.04084202440152,rebalance,rebalance,0.0
2012-09-14,2012-09-17,EW,buy,461.4102264049247,17.426666259765625,8040.842024401519,8.040842024401519,rebalance,rebalance,0.0
2012-09-14,2012-09-17,EXPE,buy,0.04319074879876439,50.659352285473275,2.1880153588699867,0.002188015358869987,rebalance,rebalance,0.0
2012-09-14,2012-09-17,GILD,buy,378.4212105882986,21.248391473356158,8040.842024401519,8.040842024401519,rebalance,rebalance,0.0
2012-09-14,2012-09-17,GPS,buy,17.04483095146921,30.212644301027,514.9694147078749,0.5149694147078749,rebalance,rebalance,0.0
2012-09-14,2012-09-17,NRG,buy,489.20647814309194,16.43649948161477,8040.842024401519,8.040842024401519,rebalance,rebalance,0.0
2012-09-14,2012-09-17,PHM,buy,573.5243079470223,14.020054447534015,8040.842024401518,8.040842024401519,rebalance,rebalance,0.0
2012-09-14,2012-09-17,SHW,buy,4.435369553026021,42.61710687011958,189.02261824978444,0.18902261824978445,rebalance,rebalance,0.0
2012-09-14,2012-09-17,SNI,buy,0.12161665498288698,58.641497848062,7.131782811467466,0.007131782811467466,rebalance,rebalance,0.0
2012-09-14,2012-09-17,STZ,buy,17.60067014634052,26.968086065373896,474.6563873147681,0.4746563873147681,rebalance,rebalance,0.0
2012-10-04,2012-10-05,DF,sell,269.70537754058194,28.501933318406,7687.124686277181,7.687124686277182,sma50_exit,risk_exit,-369.4453048350159
2012-10-09,2012-10-10,EW,sell,461.4102264049247,13.885000228881836,6406.681099240799,6.406681099240799,sma50_exit,risk_exit,-1648.608448284361
2012-10-10,2012-10-11,AMZN,sell,615.5668535427,12.399999618530273,7633.02874910936,7.633028749109361,sma50_exit,risk_exit,-423.48714606566796
2012-10-11,2012-10-12,EXPE,sell,158.72374323086746,48.79252779865015,7744.532653897909,7.744532653897909,sma50_exit,risk_exit,179.6815878593705
2012-10-12,2012-10-15,AGN,sell,99.59976686685035,85.756236821014,8541.301194751402,8.541301194751403,rebalance,rebalance,676.5705834810587
2012-10-12,2012-10-15,AMGN,sell,144.8947851261504,57.83514931119541,8380.011532184484,8.380011532184485,rebalance,rebalance,322.74865422637964
2012-10-12,2012-10-15,COG,sell,43.45462552390751,21.385120066841,929.2823842883756,0.9292823842883756,rebalance,rebalance,-48.00595108031653
2012-10-12,2012-10-15,GILD,sell,378.4212105882986,23.451476593987724,8874.536162779985,8.874536162779984,rebalance,rebalance,816.7787601912848
2012-10-12,2012-10-15,GPS,sell,52.09454031700659,31.44874098099,1638.307704953281,1.638307704953281,rebalance,rebalance,301.194016525979
2012-10-12,2012-10-15,NRG,sell,98.4368156905121,17.226288875751393,1695.7010230938588,1.6957010230938587,rebalance,rebalance,74.43069533178526
2012-10-12,2012-10-15,PHM,sell,68.60269711241295,13.331794371330558,914.5970512213621,0.9145970512213621,rebalance,rebalance,-49.09290814233706
2012-10-12,2012-10-15,SHW,sell,188.67639347051147,43.517680027433876,8210.758919779932,8.210758919779932,rebalance,rebalance,1205.3954413777637
2012-10-12,2012-10-15,SNI,sell,137.11863304097466,59.121934215974,8106.7188024327825,8.106718802432782,rebalance,rebalance,536.55683902566
2012-10-12,2012-10-15,STZ,sell,68.60264312221733,29.323696803325717,2011.6831068226593,2.0116831068226593,rebalance,rebalance,162.0731333943177
2012-10-12,2012-10-15,DHI,buy,390.68868930244633,17.229859152837914,6731.511089288003,6.731511089288003,rebalance,rebalance,0.0
2012-10-12,2012-10-15,EBAY,buy,379.6663172710338,17.730071863295038,6731.511089288003,6.731511089288003,rebalance,rebalance,0.0
2012-10-12,2012-10-15,LEN,buy,222.84193857946187,30.207559367859538,6731.511089288003,6.731511089288003,rebalance,rebalance,0.0
2012-10-12,2012-10-15,MPC,buy,368.675776727591,18.25862048501715,6731.511089288003,6.731511089288003,rebalance,rebalance,0.0
2012-10-12,2012-10-15,WY,buy,426.7585094070191,15.77358375030749,6731.511089288003,6.731511089288003,rebalance,rebalance,0.0
2012-10-15,2012-10-16,EBAY,sell,379.6663172710338,17.689241955484256,6716.009348554968,6.716009348554968,sma50_exit,risk_exit,-28.949261170877953
2012-10-23,2012-10-24,GPS,sell,214.04707722185248,30.842625378383,6601.773816091413,6.601773816091414,sma50_exit,risk_exit,1107.9443941211762
2012-10-24,2012-10-25,COG,sell,314.7754638855473,21.331092432313,6714.504515566812,6.714504515566812,sma50_exit,risk_exit,-364.73380239027045
2012-10-26,2012-10-31,NRG,sell,390.76966245257984,16.51168979762011,6452.267448737717,6.452267448737717,sma50_exit,risk_exit,16.506941602039593
2012-11-02,2012-11-05,MPC,sell,368.675776727591,17.861394824740017,6585.0636104492005,6.5850636104492,sma50_exit,risk_exit,-159.76405353853826
2012-11-09,2012-11-12,DHI,sell,390.68868930244633,18.315886705258688,7155.809770289619,7.155809770289619,sma50_exit,risk_exit,410.41136014203954
2012-11-09,2012-11-12,WY,sell,426.7585094070191,15.758518273346823,6725.081768796763,6.725081768796763,sma50_exit,risk_exit,-19.885913349323967
2012-11-13,2012-11-14,LEN,sell,222.84193857946187,30.763521840145486,6855.402844389634,6.855402844389634,sma50_exit,risk_exit,110.30484116795421
2012-11-13,2012-11-14,PHM,sell,504.92161083460934,13.833118406402011,6984.640428626388,6.984640428626388,sma50_exit,risk_exit,-108.45171591567986
2012-11-13,2012-11-14,STZ,sell,229.55874678545155,28.803952806181012,6612.199308654203,6.612199308654204,sma50_exit,risk_exit,423.13802595457355
2012-11-13,2012-11-14,DVA,buy,105.76412569496125,56.349998474121094,5959.808321527818,5.959808321527818,rebalance,rebalance,0.0
2012-11-13,2012-11-14,EXPE,buy,113.5797760735609,52.47244296086566,5959.808321527818,5.959808321527818,rebalance,rebalance,0.0
2012-11-13,2012-11-14,FSLR,buy,240.50880372814885,24.780000686645508,5959.808321527818,5.959808321527818,rebalance,rebalance,0.0
2012-11-14,2012-11-15,DVA,sell,105.76412569496125,56.06999969482422,5930.194495439828,5.930194495439828,market_trend_exit,risk_exit,-41.50382890495702
2012-11-14,2012-11-15,EXPE,sell,113.5797760735609,50.77477186880819,5766.9872190453725,5.766987219045372,market_trend_exit,risk_exit,-204.54789802301855
2012-11-14,2012-11-15,FSLR,sell,240.50880372814885,23.549999237060547,5663.98214430425,5.66398214430425,market_trend_exit,risk_exit,-307.44996768939956
2012-12-12,2012-12-13,C,buy,290.5662171959159,27.468944206601297,7981.547208477808,7.981547208477808,rebalance,rebalance,0.0
2012-12-12,2012-12-13,COG,buy,335.6143078208022,23.78190387741,7981.547208477808,7.981547208477808,rebalance,rebalance,0.0
2012-12-12,2012-12-13,FSLR,buy,246.34403804279745,32.400001525878906,7981.547208477808,7.981547208477808,rebalance,rebalance,0.0
2012-12-12,2012-12-13,GILD,buy,306.120685914568,26.073204378959524,7981.5472084778075,7.981547208477807,rebalance,rebalance,0.0
2012-12-12,2012-12-13,LEN,buy,250.99475790107397,31.799656993727424,7981.547208477808,7.981547208477808,rebalance,rebalance,0.0
2012-12-12,2012-12-13,LYB,buy,292.08565485479556,27.326049998743255,7981.547208477809,7.981547208477809,rebalance,rebalance,0.0
2012-12-12,2012-12-13,MPC,buy,382.9894641000061,20.840122135562634,7981.5472084778075,7.981547208477807,rebalance,rebalance,0.0
2012-12-12,2012-12-13,NRG,buy,474.3605775914804,16.825907517448723,7981.547208477808,7.981547208477808,rebalance,rebalance,0.0
2012-12-12,2012-12-13,PHM,buy,550.6078974006501,14.495882180690973,7981.5472084778075,7.981547208477807,rebalance,rebalance,0.0
2012-12-12,2012-12-13,STZ,buy,266.62342410386566,29.93565638617154,7981.547208477809,7.981547208477809,rebalance,rebalance,0.0
2012-12-12,2012-12-13,TGNA,buy,608.9828377999258,13.106358197733073,7981.547208477808,7.981547208477808,rebalance,rebalance,0.0
2012-12-12,2012-12-13,VLO,buy,431.3174203875531,18.505042530640477,7981.547208477808,7.981547208477808,rebalance,rebalance,0.0
2012-12-12,2012-12-13,VMC,buy,171.61697730299235,46.50791159423736,7981.547208477808,7.981547208477808,rebalance,rebalance,0.0
2012-12-13,2012-12-14,LEN,sell,250.99475790107397,31.260503443941648,7846.222493777823,7.846222493777823,sma50_exit,risk_exit,-151.15248440224013
2012-12-13,2012-12-14,STZ,sell,266.62342410386566,29.432690902607604,7847.444829043936,7.847444829043936,sma50_exit,risk_exit,-149.93137147139439
2013-01-09,2013-01-10,COG,sell,335.6143078208022,23.462518804676,7874.3570083638915,7.874357008363892,sma50_exit,risk_exit,-123.04610433075744
2013-01-11,2013-01-14,C,sell,69.96227333793652,31.028932384287017,2170.8546488538386,2.1708546488538385,rebalance,rebalance,244.97222153533045
2013-01-11,2013-01-14,FSLR,sell,31.35959002545235,31.84000015258789,998.4893511954965,0.9984893511954965,rebalance,rebalance,-19.57595359596742
2013-01-11,2013-01-14,GILD,sell,51.820126569655,26.91738026573562,1394.8620522939536,1.3948620522939537,rebalance,rebalance,40.99932249650008
2013-01-11,2013-01-14,LYB,sell,69.44872822948898,30.745595357577244,2135.24249624222,2.13524249624222,rebalance,rebalance,233.45007437788183
2013-01-11,2013-01-14,MPC,sell,58.17499406331319,21.07389137221328,1225.9735054694147,1.2259735054694147,rebalance,rebalance,11.161176467352158
2013-01-11,2013-01-14,NRG,sell,474.3605775914804,17.58154420748927,8339.991465214756,8.339991465214757,rebalance,rebalance,342.1227180632564
2013-01-11,2013-01-14,PHM,sell,137.06046932120609,16.552164015299645,2268.6473682185483,2.268647368218548,rebalance,rebalance,277.57949352500657
2013-01-11,2013-01-14,TGNA,sell,608.9828377999258,13.737029919988936,8365.61546361735,8.36561546361735,rebalance,rebalance,367.7210924674482
2013-01-11,2013-01-14,VLO,sell,81.45354871844779,19.56505204444277,1593.6429198809856,1.5936429198809856,rebalance,rebalance,83.24059227132591
2013-01-11,2013-01-14,VMC,sell,171.61697730299235,49.35754223476117,8470.592205434494,8.470592205434494,rebalance,rebalance,472.59285754277397
2013-01-11,2013-01-14,AKAM,buy,173.33766945390653,39.4900016784668,6845.104857676291,6.845104857676292,rebalance,rebalance,0.0
2013-01-11,2013-01-14,BAC,buy,762.7001546003853,8.974830824916728,6845.104857676291,6.845104857676292,rebalance,rebalance,0.0
2013-01-11,2013-01-14,ETN,buy,169.7036996307362,40.33562540222033,6845.104857676291,6.845104857676292,rebalance,rebalance,0.0
2013-01-11,2013-01-14,GEN,buy,972.3176770950463,7.039988080981034,6845.104857676291,6.845104857676292,rebalance,rebalance,0.0
2013-01-11,2013-01-14,HCBK,buy,835.3883754688117,8.193919210133714,6845.104857676291,6.845104857676292,rebalance,rebalance,0.0
2013-01-11,2013-01-14,HIG,buy,378.8694725101706,18.06718501843016,6845.104857676291,6.845104857676292,rebalance,rebalance,0.0
2013-01-11,2013-01-14,MCO,buy,148.44396474084314,46.11238233650409,6845.104857676291,6.845104857676292,rebalance,rebalance,0.0
2013-01-29,2013-01-30,FSLR,sell,214.9844480173451,27.950000762939453,6008.815486104912,6.008815486104913,sma50_exit,risk_exit,-969.6552696272086
2013-02-04,2013-02-05,MCO,sell,148.44396474084314,43.22603988451499,6416.644740503222,6.416644740503222,sma50_exit,risk_exit,-441.72186677124716
2013-02-07,2013-02-08,AKAM,sell,173.33766945390653,35.5,6153.487265613681,6.153487265613681,sma50_exit,risk_exit,-704.6161841858984
2013-02-11,2013-02-12,ETN,sell,169.7036996307362,43.12486503983717,7318.449143336563,7.318449143336563,rebalance,rebalance,459.1807316592595
2013-02-11,2013-02-12,GEN,sell,972.3176770950463,8.006258855534796,7784.6270126352365,7.784627012635236,rebalance,rebalance,924.8924230886342
2013-02-11,2013-02-12,HCBK,sell,835.3883754688117,8.32790754711075,6957.037156835305,6.957037156835305,rebalance,rebalance,98.13015714450265
2013-02-11,2013-02-12,MPC,sell,324.8144700366929,27.707774268671496,8999.886014974849,8.99988601497485,rebalance,rebalance,2214.9437287701817
2013-02-11,2013-02-12,VLO,sell,349.8638716691053,26.122942171453328,9139.473687492808,9.139473687492808,rebalance,rebalance,2649.6141428088076
2013-02-11,2013-02-12,APTV,buy,264.27944472839016,30.0122606608667,7931.62358249756,7.9316235824975605,rebalance,rebalance,0.0
2013-02-11,2013-02-12,BAC,buy,101.70497299436533,9.175817367682315,933.2262575813583,0.9332262575813582,rebalance,rebalance,0.0
2013-02-11,2013-02-12,C,buy,29.754471280490463,31.68107442328506,942.6536190627163,0.9426536190627163,rebalance,rebalance,0.0
2013-02-11,2013-02-12,F,buy,1185.1010713620876,6.692782391447342,7931.62358249756,7.9316235824975605,rebalance,rebalance,0.0
2013-02-11,2013-02-12,FSLR,buy,244.9543953322433,32.380001068115234,7931.623582497559,7.93162358249756,rebalance,rebalance,0.0
2013-02-11,2013-02-12,GILD,buy,31.33422726937127,27.768409011078447,870.1016388619892,0.8701016388619892,rebalance,rebalance,0.0
2013-02-11,2013-02-12,GS,buy,67.35555515140328,117.75752667569415,7931.62358249756,7.9316235824975605,rebalance,rebalance,0.0
2013-02-11,2013-02-12,HIG,buy,52.20463981127955,18.399675034493793,960.548407820341,0.960548407820341,rebalance,rebalance,0.0
2013-02-11,2013-02-12,LOW,buy,257.56789463014763,30.794302193163112,7931.623582497561,7.931623582497561,rebalance,rebalance,0.0
2013-02-11,2013-02-12,LYB,buy,36.01986328728296,30.66466411022101,1104.5370090006131,1.1045370090006132,rebalance,rebalance,0.0
2013-02-11,2013-02-12,MAS,buy,573.6135157914234,13.827469827927915,7931.62358249756,7.9316235824975605,rebalance,rebalance,0.0
2013-02-11,2013-02-12,MS,buy,474.33449423444404,16.721582931257966,7931.62358249756,7.9316235824975605,rebalance,rebalance,0.0
2013-02-11,2013-02-12,NFLX,buy,3073.2518168126876,2.580857038497925,7931.62358249756,7.9316235824975605,rebalance,rebalance,0.0
2013-02-11,2013-02-12,PHM,buy,69.61068072600943,16.416207113045218,1142.7433520782356,1.1427433520782355,rebalance,rebalance,0.0
2013-02-11,2013-02-12,VMC,buy,157.77655413761047,50.27124356879864,7931.623582497561,7.931623582497561,rebalance,rebalance,0.0
2013-02-20,2013-02-21,F,sell,1185.1010713620876,6.381612300835476,7562.855574737599,7.5628555747376,sma50_exit,risk_exit,-384.26248691719513
2013-02-20,2013-02-21,PHM,sell,483.1581088054535,15.73645120886756,7603.1940053857425,7.603194005385743,sma50_exit,risk_exit,450.9751875890807
2013-02-20,2013-02-21,VMC,sell,157.77655413761047,46.878723773955166,7396.363499423524,7.396363499423525,sma50_exit,risk_exit,-550.5880701559568
2013-02-21,2013-02-22,APTV,sell,264.27944472839016,29.108374515570198,7692.745053920915,7.692745053920915,sma50_exit,risk_exit,-254.50289721306288
2013-02-21,2013-02-22,BAC,sell,864.4051275947506,8.982560147031757,7764.571050022508,7.764571050022508,sma50_exit,risk_exit,-29.302967400420922
2013-02-21,2013-02-22,LYB,sell,258.65678991258955,29.68815350378442,7679.042483721076,7.679042483721076,sma50_exit,risk_exit,475.8503189095496
2013-02-25,2013-02-26,C,sell,250.35841513846984,30.340266821845066,7595.94111639543,7.59594111639543,sma50_exit,risk_exit,578.9317195806241
2013-02-25,2013-02-26,HIG,sell,431.0741123214502,17.568471731827604,7573.313356642075,7.573313356642075,sma50_exit,risk_exit,-247.71887547669527
2013-02-25,2013-02-26,LOW,sell,257.56789463014763,28.347698718160885,7301.457076446434,7.301457076446434,sma50_exit,risk_exit,-645.3995867100704
2013-02-26,2013-02-27,FSLR,sell,244.9543953322433,26.84000015258789,6574.576008094485,6.574576008094485,sma50_exit,risk_exit,-1371.5537739936663
2013-03-12,2013-03-13,GILD,sell,90.40617912859355,31.673556884485397,2863.485257338484,2.863485257338484,rebalance,rebalance,484.25665648739374
2013-03-12,2013-03-13,GS,sell,67.35555515140328,117.80887384672434,7935.082099707753,7.935082099707753,rebalance,rebalance,-12.408188472011698
2013-03-12,2013-03-13,MAS,sell,573.6135157914234,14.04239507765465,8054.907610625662,8.054907610625662,rebalance,rebalance,107.29749693497921
2013-03-12,2013-03-13,MS,sell,94.93067203415069,16.298160542548473,1547.1953332246046,1.5471953332246047,rebalance,rebalance,-43.33035835286125
2013-03-12,2013-03-13,NFLX,sell,763.4819685807624,2.677143096923828,2043.9504818118032,2.043950481811803,rebalance,rebalance,69.49828113970156
2013-03-12,2013-03-13,BAC,buy,663.7882377092437,9.315598037736645,6183.584404676897,6.183584404676897,rebalance,rebalance,0.0
2013-03-12,2013-03-13,BSX,buy,815.7763148965291,7.579999923706055,6183.584404676897,6.183584404676897,rebalance,rebalance,0.0
2013-03-12,2013-03-13,C,buy,180.02733976328167,34.34802965376095,6183.584404676897,6.183584404676897,rebalance,rebalance,0.0
2013-03-12,2013-03-13,CBRE,buy,244.5070850464205,25.290000915527344,6183.584404676897,6.183584404676897,rebalance,rebalance,0.0
2013-03-12,2013-03-13,IGT,buy,425.7718507259567,14.523234436785,6183.584404676897,6.183584404676897,rebalance,rebalance,0.0
2013-03-12,2013-03-13,LOW,buy,201.16141831058547,30.739415423735387,6183.584404676897,6.183584404676897,rebalance,rebalance,0.0
2013-03-12,2013-03-13,LYB,buy,189.46775951548017,32.636604879320785,6183.584404676897,6.183584404676897,rebalance,rebalance,0.0
2013-03-12,2013-03-13,MPC,buy,205.28801879562167,30.12150655919711,6183.584404676897,6.183584404676897,rebalance,rebalance,0.0
2013-03-12,2013-03-13,TSN,buy,347.3028616519252,17.804588120192992,6183.584404676897,6.183584404676897,rebalance,rebalance,0.0
2013-03-12,2013-03-13,VLO,buy,251.02236858720048,24.633599146877764,6183.584404676897,6.183584404676897,rebalance,rebalance,0.0
2013-03-19,2013-03-20,MS,sell,379.40382220029335,16.21203940743149,6150.909716841286,6.150909716841286,sma50_exit,risk_exit,-205.8179027113709
2013-03-21,2013-03-22,LOW,sell,201.16141831058547,29.74351767488497,5983.248201025828,5.9832482010258285,sma50_exit,risk_exit,-212.50303625677117
2013-04-02,2013-04-03,LYB,sell,189.46775951548017,30.43671851938014,5766.776864870278,5.766776864870278,sma50_exit,risk_exit,-428.7579010761653
2013-04-02,2013-04-03,VLO,sell,251.02236858720048,24.106938519364256,6051.380806516835,6.0513808065168355,sma50_exit,risk_exit,-144.4385633712548
2013-04-03,2013-04-04,BAC,sell,663.7882377092437,9.137643826497708,6065.460492405664,6.065460492405664,sma50_exit,risk_exit,-130.37295716831457
2013-04-03,2013-04-04,C,sell,180.02733976328167,31.160877004622424,5609.809791832992,5.609809791832992,sma50_exit,risk_exit,-585.5680070404143
2013-04-03,2013-04-04,IGT,sell,425.7718507259567,13.651915686298,5812.601407709819,5.812601407709819,sma50_exit,risk_exit,-382.97918277946377
2013-04-03,2013-04-04,MPC,sell,205.28801879562167,27.613943645457336,5668.811782109883,5.668811782109883,sma50_exit,risk_exit,-526.6250187538002
2013-04-03,2013-04-04,NFLX,sell,2309.769848231925,2.3910000324249268,5522.659782016651,5.5226597820166505,sma50_exit,risk_exit,-450.0098336551318
2013-04-10,2013-04-11,BSX,sell,815.7763148965291,7.820000171661377,6379.370922528144,6.379370922528143,rebalance,rebalance,183.22356252404154
2013-04-10,2013-04-11,CBRE,sell,244.5070850464205,25.510000228881836,6237.375795497418,6.237375795497418,rebalance,rebalance,41.37043062034708
2013-04-10,2013-04-11,GILD,sell,195.22860748569073,34.453142231382955,6726.238981339337,6.726238981339337,rebalance,rebalance,1587.8452295097745
2013-04-10,2013-04-11,TSN,sell,347.3028616519252,17.483574449173542,6072.095438102453,6.072095438102453,sma50_exit,risk_exit,-123.74464641722399
2013-04-10,2013-04-11,AVY,buy,204.97583813278666,32.87390302828702,6738.355825919085,6.738355825919085,rebalance,rebalance,0.0
2013-04-10,2013-04-11,BLK,buy,35.7643656605616,188.40976769649978,6738.355825919086,6.738355825919086,rebalance,rebalance,0.0
2013-04-10,2013-04-11,CELG,buy,110.69167681181248,60.875,6738.355825919085,6.738355825919085,rebalance,rebalance,0.0
2013-04-10,2013-04-11,COG,buy,193.812318042111,34.76742806644,6738.355825919085,6.738355825919085,rebalance,rebalance,0.0
2013-04-10,2013-04-11,ETN,buy,151.42372059484697,44.500001713393345,6738.355825919085,6.738355825919085,rebalance,rebalance,0.0
2013-04-10,2013-04-11,HPQ,buy,1077.0356591512857,6.256390648410818,6738.355825919085,6.738355825919085,rebalance,rebalance,0.0
2013-04-10,2013-04-11,MPC,buy,234.9308436621269,28.682295269879763,6738.355825919085,6.738355825919085,rebalance,rebalance,0.0
2013-04-10,2013-04-11,MU,buy,697.291821362301,9.66360943794571,6738.355825919085,6.738355825919085,rebalance,rebalance,0.0
2013-04-10,2013-04-11,SCHW,buy,454.66048862258765,14.820632086005993,6738.355825919085,6.738355825919085,rebalance,rebalance,0.0
2013-04-10,2013-04-11,SEE,buy,316.210586476342,21.30970977603,6738.355825919085,6.738355825919085,rebalance,rebalance,0.0
2013-04-10,2013-04-11,STT,buy,158.31036364940482,42.56421165731065,6738.355825919085,6.738355825919085,rebalance,rebalance,0.0
2013-04-10,2013-04-11,SWY,buy,303.4981597760259,22.202295496262067,6738.355825919085,6.738355825919085,rebalance,rebalance,0.0
2013-04-11,2013-04-12,MPC,sell,234.9308436621269,27.5560880891443,6473.775022810557,6.473775022810557,sma50_exit,risk_exit,-277.79293395725693
2013-04-12,2013-04-15,ETN,sell,151.42372059484697,43.576118192318035,6598.457945761594,6.598457945761594,sma50_exit,risk_exit,-153.23469392917113
2013-04-15,2013-04-16,SCHW,sell,454.66048862258765,14.267304915393675,6486.779824160335,6.486779824160335,sma50_exit,risk_exit,-264.8011374088297
2013-04-15,2013-04-16,SEE,sell,316.210586476342,20.286468205286,6414.79600872715,6.4147960087271505,sma50_exit,risk_exit,-336.71296902657946
2013-04-15,2013-04-16,STT,sell,158.31036364940482,41.302727188331566,6538.649760896929,6.53864976089693,sma50_exit,risk_exit,-212.98307060897065
2013-04-17,2013-04-18,AVY,sell,204.97583813278666,31.188660733362557,6392.921874060123,6.392921874060123,sma50_exit,risk_exit,-358.5652295589403
2013-04-18,2013-04-19,BLK,sell,35.7643656605616,177.67537967770426,6354.4472476725305,6.354447247672531,sma50_exit,risk_exit,-397.0013813201452
2013-04-18,2013-04-19,HPQ,sell,1077.0356591512857,5.8390977971185265,6288.916544768373,6.288916544768373,sma50_exit,risk_exit,-462.46655352139936
2013-04-25,2013-04-26,SWY,sell,303.4981597760259,20.64576123641545,6265.9505424272975,6.265950542427298,sma50_exit,risk_exit,-485.40958986013294
2013-05-08,2013-05-09,CELG,sell,23.72954667408814,61.135,1450.7058359203784,1.4507058359203784,rebalance,rebalance,3.2744401455574756
2013-05-08,2013-05-09,COG,sell,34.33703057930029,33.337013593467,1144.6940551814257,1.1446940551814258,rebalance,rebalance,-51.45468979540988
2013-05-08,2013-05-09,MU,sell,163.82978764483767,9.96590102002556,1632.7114478002586,1.6327114478002587,rebalance,rebalance,46.30846716906258
2013-05-08,2013-05-09,BBY,buy,333.1925236745457,15.956029767230719,5316.429825969778,5.316429825969778,rebalance,rebalance,0.0
2013-05-08,2013-05-09,BSX,buy,675.531118586808,7.869999885559082,5316.429825969778,5.316429825969778,rebalance,rebalance,0.0
2013-05-08,2013-05-09,FSLR,buy,118.090399198407,45.02000045776367,5316.429825969778,5.316429825969778,rebalance,rebalance,0.0
2013-05-08,2013-05-09,GILD,buy,147.32424808969282,36.08659059799219,5316.429825969778,5.316429825969778,rebalance,rebalance,0.0
2013-05-08,2013-05-09,LUV,buy,431.0979328578804,12.332301829251499,5316.429825969778,5.316429825969778,rebalance,rebalance,0.0
2013-05-08,2013-05-09,NFLX,buy,1788.9251397675278,2.9718570709228516,5316.429825969778,5.316429825969778,rebalance,rebalance,0.0
2013-05-08,2013-05-09,WBA,buy,117.89766421395639,45.093597582406,5316.429825969778,5.316429825969778,rebalance,rebalance,0.0
2013-05-08,2013-05-09,WDC,buy,149.01761641361415,35.67651901781508,5316.429825969778,5.316429825969778,rebalance,rebalance,0.0
2013-05-13,2013-05-14,COG,sell,159.4752874628107,32.859969093003,5240.353017125729,5.240353017125729,sma50_exit,risk_exit,-314.97746671474613
2013-05-31,2013-06-03,WBA,sell,117.89766421395639,44.051196723207,5193.533199495595,5.193533199495595,sma50_exit,risk_exit,-133.40658949964796
2013-06-03,2013-06-04,CELG,sell,86.96213013772434,60.46,5257.7303881268135,5.257730388126814,sma50_exit,risk_exit,-46.64083406741595
2013-06-05,2013-06-06,GILD,sell,147.32424808969282,34.57668244110579,5093.983742071994,5.093983742071995,sma50_exit,risk_exit,-232.8564974658247
2013-06-06,2013-06-07,BSX,sell,675.531118586808,9.25,6248.662846927974,6.248662846927974,rebalance,rebalance,920.6679282852995
2013-06-06,2013-06-07,LUV,sell,431.0979328578804,11.747559529703782,5064.348629380193,5.064348629380193,sma50_exit,risk_exit,-262.46197504493364
2013-06-06,2013-06-07,AVP,buy,327.00982152316703,21.40410079887309,6999.351182103365,6.999351182103365,rebalance,rebalance,0.0
2013-06-06,2013-06-07,BBY,buy,68.72056586752848,17.415086406064013,1196.7745924566218,1.1967745924566218,rebalance,rebalance,0.0
2013-06-06,2013-06-07,BLK,buy,35.34180109944171,198.04738197720016,6999.351182103365,6.999351182103365,rebalance,rebalance,0.0
2013-06-06,2013-06-07,FSLR,buy,11.960719749787302,53.81999969482422,643.7259332834305,0.6437259332834305,rebalance,rebalance,0.0
2013-06-06,2013-06-07,HPQ,buy,965.1711057402033,7.251927808940638,6999.351182103365,6.999351182103365,rebalance,rebalance,0.0
2013-06-06,2013-06-07,MU,buy,38.01975711178591,12.247723889762,465.65548746096897,0.46565548746096896,rebalance,rebalance,0.0
2013-06-06,2013-06-07,NFLX,buy,451.99375023698235,3.1234290599823,1411.7704144205723,1.4117704144205723,rebalance,rebalance,0.0
2013-06-06,2013-06-07,REGN,buy,28.03063654318812,249.7036116650129,6999.351182103365,6.999351182103365,rebalance,rebalance,0.0
2013-06-06,2013-06-07,STX,buy,277.1710603822329,25.252821028468507,6999.351182103365,6.999351182103365,rebalance,rebalance,0.0
2013-06-06,2013-06-07,WDC,buy,28.584701414322012,39.41024682394316,1126.5301381271477,1.1265301381271478,rebalance,rebalance,0.0
2013-06-14,2013-06-17,FSLR,sell,130.0511189481943,45.27000045776367,5887.414214317434,5.887414214317434,sma50_exit,risk_exit,-84.5891149093441
2013-06-14,2013-06-17,REGN,sell,28.03063654318812,235.9731667794645,6614.4780719402825,6.614478071940282,sma50_exit,risk_exit,-398.48693941712605
2013-06-19,2013-06-20,AVP,sell,327.00982152316703,20.845975615069356,6816.838765360122,6.816838765360123,sma50_exit,risk_exit,-196.32860669070624
2013-06-19,2013-06-20,BLK,sell,35.34180109944171,192.04771010238625,6787.311972041777,6.787311972041778,sma50_exit,risk_exit,-225.82587321573214
2013-06-24,2013-06-25,WDC,sell,177.60231782793616,36.49461984255362,6481.529072286913,6.481529072286913,sma50_exit,risk_exit,25.644619153603767
2013-06-25,2013-06-26,NFLX,sell,2240.91889000451,3.065000057220459,6868.416526090231,6.868416526090231,sma50_exit,risk_exit,126.61966893339921
2013-07-05,2013-07-08,BBY,sell,121.25582612974443,18.857417317466375,2286.5717155027346,2.2865717155027347,rebalance,rebalance,317.30828470699544
2013-07-05,2013-07-08,HPQ,sell,278.57800469103506,7.708308066680364,2147.365080759626,2.147365080759626,rebalance,rebalance,122.96990892157555
2013-07-05,2013-07-08,MU,sell,193.5283302159416,14.002970447092244,2709.971488688939,2.7099714886889394,rebalance,rebalance,801.9050664468793
2013-07-05,2013-07-08,STX,sell,74.926853376622,26.16871562208731,1960.7395184706536,1.9607395184706535,rebalance,rebalance,64.77224598750011
2013-07-05,2013-07-08,AGN,buy,42.13162014872579,125.61755566631,5292.4711393443895,5.292471139344389,rebalance,rebalance,0.0
2013-07-05,2013-07-08,AIZ,buy,132.94097857118047,39.81068287767001,5292.47113934439,5.29247113934439,rebalance,rebalance,0.0
2013-07-05,2013-07-08,BIIB,buy,23.692680739804242,223.3800048828125,5292.4711393443895,5.292471139344389,rebalance,rebalance,0.0
2013-07-05,2013-07-08,BMY,buy,184.37806785142806,28.704450594465854,5292.4711393443895,5.292471139344389,rebalance,rebalance,0.0
2013-07-05,2013-07-08,BSX,buy,575.8946007616302,9.1899995803833,5292.4711393443895,5.292471139344389,rebalance,rebalance,0.0
2013-07-05,2013-07-08,COG,buy,150.64703062719414,35.131599456757,5292.4711393443895,5.292471139344389,rebalance,rebalance,0.0
2013-07-05,2013-07-08,NFLX,buy,1632.1835206807666,3.2425711154937744,5292.4711393443895,5.292471139344389,rebalance,rebalance,0.0
2013-07-05,2013-07-08,WDC,buy,132.61511911731534,39.908504962111515,5292.4711393443895,5.292471139344389,rebalance,rebalance,0.0
2013-07-08,2013-07-09,BIIB,sell,23.692680739804242,219.1999969482422,5193.435545860766,5.193435545860766,sma50_exit,risk_exit,-109.52150016882744
2013-07-08,2013-07-09,BMY,sell,184.37806785142806,28.847772819324042,5318.89661424391,5.3188966142439105,sma50_exit,risk_exit,15.814107145932695
2013-07-15,2013-07-16,COG,sell,150.64703062719414,34.561233391399,5206.54718522769,5.20654718522769,sma50_exit,risk_exit,-96.42297244127074
2013-07-16,2013-07-17,AGN,sell,42.13162014872579,121.46327429782,5117.444534736241,5.117444534736241,sma50_exit,risk_exit,-185.436520282229
2013-07-25,2013-07-26,STX,sell,202.2442070056109,24.012648105772044,4856.418974256651,4.856418974256652,sma50_exit,risk_exit,-260.78144503839036
2013-07-25,2013-07-26,WDC,sell,132.61511911731534,39.043767285790125,5177.793849393797,5.177793849393797,sma50_exit,risk_exit,-125.1475549393291
2013-07-26,2013-07-29,MU,sell,377.95346061330764,12.354987994395183,4669.610468317528,4.669610468317528,sma50_exit,risk_exit,943.8522530925433
2013-08-02,2013-08-05,AIZ,sell,132.94097857118047,42.48076748987659,5647.434800558984,5.647434800558984,rebalance,rebalance,344.0237552746909
2013-08-02,2013-08-05,BSX,sell,575.8946007616302,11.15999984741211,6426.983656625251,6.426983656625251,rebalance,rebalance,1122.7930624848916
2013-08-02,2013-08-05,AGN,buy,61.51315278560613,134.28219966345,8260.121464285068,8.260121464285069,rebalance,rebalance,0.0
2013-08-02,2013-08-05,BA,buy,90.9468390982276,90.82362340667697,8260.121464285068,8.260121464285069,rebalance,rebalance,0.0
2013-08-02,2013-08-05,BBY,buy,139.81803669072121,19.644724582539475,2746.6868224606173,2.7466868224606173,rebalance,rebalance,0.0
2013-08-02,2013-08-05,BIIB,buy,36.228602913531,228.0,8260.121464285068,8.260121464285069,rebalance,rebalance,0.0
2013-08-02,2013-08-05,COG,buy,217.8331717745696,37.919483965616,8260.121464285068,8.260121464285069,rebalance,rebalance,0.0
2013-08-02,2013-08-05,CVC,buy,453.00968759175703,18.23387377916059,8260.121464285068,8.260121464285069,rebalance,rebalance,0.0
2013-08-02,2013-08-05,EQT,buy,192.4453325575495,42.92191114489583,8260.121464285068,8.260121464285069,rebalance,rebalance,0.0
2013-08-02,2013-08-05,HPQ,buy,343.3317682142266,8.020120409552524,2753.5621215026754,2.7535621215026755,rebalance,rebalance,0.0
2013-08-02,2013-08-05,MU,buy,626.9968200011535,13.174104239109013,8260.121464285068,8.260121464285069,rebalance,rebalance,0.0
2013-08-02,2013-08-05,NFLX,buy,738.3976398462403,3.484428882598877,2572.894063123083,2.572894063123083,rebalance,rebalance,0.0
2013-08-02,2013-08-05,REGN,buy,30.508859900956015,270.7450062408341,8260.121464285068,8.260121464285069,rebalance,rebalance,0.0
2013-08-02,2013-08-05,STZ,buy,184.86734836854805,44.68134333715788,8260.121464285068,8.260121464285069,rebalance,rebalance,0.0
2013-08-02,2013-08-05,WDC,buy,205.26084375554962,40.24207107967586,8260.121464285068,8.260121464285069,rebalance,rebalance,0.0
2013-08-07,2013-08-08,BIIB,sell,36.228602913531,219.6999969482422,7959.423949541839,7.959423949541839,sma50_exit,risk_exit,-316.91706015705546
2013-08-07,2013-08-08,WDC,sell,205.26084375554962,39.65527894095715,8139.6760147825435,8.139676014782543,sma50_exit,risk_exit,-136.84524698159262
2013-08-12,2013-08-13,REGN,sell,30.508859900956015,243.29409492258776,7422.625456723124,7.422625456723124,sma50_exit,risk_exit,-853.1787544829522
2013-08-15,2013-08-16,BA,sell,90.9468390982276,87.55824236916989,7963.145380472509,7.9631453804725085,sma50_exit,risk_exit,-313.19935065731653
2013-08-21,2013-08-22,CVC,sell,453.00968759175703,16.527250316837353,7487.004502781257,7.487004502781256,sma50_exit,risk_exit,-788.8640874708778
2013-08-21,2013-08-22,HPQ,sell,1029.9248692633948,6.95576556182652,7163.915936891002,7.163915936891002,sma50_exit,risk_exit,-583.6663891982433
2013-08-27,2013-08-28,MU,sell,626.9968200011535,12.852308481914775,8058.356547834417,8.058356547834418,sma50_exit,risk_exit,-218.0833944627689
2013-08-30,2013-09-03,AGN,sell,12.962672976609902,135.24223774772,1753.1009005486217,1.7531009005486218,rebalance,rebalance,8.9509025901175
2013-08-30,2013-09-03,BBY,sell,134.38894983691114,22.951376488203202,3084.411383561202,3.084411383561202,rebalance,rebalance,747.4644793261476
2013-08-30,2013-09-03,COG,sell,217.8331717745696,39.129680262391,8523.742362081404,8.523742362081405,rebalance,rebalance,246.83703396997055
2013-08-30,2013-09-03,EQT,sell,192.4453325575495,43.021295151802605,8279.247452545145,8.279247452545146,rebalance,rebalance,2.5866193432460562
2013-08-30,2013-09-03,NFLX,sell,2370.581160527007,4.106142997741699,9733.94523287636,9.73394523287636,rebalance,rebalance,1850.980719973544
2013-08-30,2013-09-03,STZ,sell,184.86734836854805,46.274109657507424,8554.57195049882,8.55457195049882,rebalance,rebalance,277.6357927989671
2013-08-30,2013-09-03,BSX,buy,609.6634404839714,10.770000457763672,6566.0755330941465,6.566075533094146,rebalance,rebalance,0.0
2013-08-30,2013-09-03,GILD,buy,157.09538844551457,41.796742718335494,6566.075533094147,6.566075533094147,rebalance,rebalance,0.0
2013-08-30,2013-09-03,HAR,buy,105.76506679735634,62.08170364676847,6566.075533094147,6.566075533094147,rebalance,rebalance,0.0
2013-08-30,2013-09-03,LDOS,buy,306.5086422206075,21.422154643092444,6566.075533094147,6.566075533094147,rebalance,rebalance,0.0
2013-08-30,2013-09-03,LMT,buy,76.02141576228637,86.37139241954931,6566.075533094147,6.566075533094147,rebalance,rebalance,0.0
2013-08-30,2013-09-03,NOC,buy,87.44554021493028,75.08759757164916,6566.075533094147,6.566075533094147,rebalance,rebalance,0.0
2013-08-30,2013-09-03,PFG,buy,251.69525976568903,26.087402437402723,6566.075533094147,6.566075533094147,rebalance,rebalance,0.0
2013-08-30,2013-09-03,PXD,buy,37.15947322847692,176.69990886906,6566.0755330941465,6.566075533094146,rebalance,rebalance,0.0
2013-09-04,2013-09-05,LDOS,sell,306.5086422206075,20.254703076857822,6208.241538669252,6.208241538669252,sma50_exit,risk_exit,-370.60831149665836
2013-09-30,2013-10-01,GILD,sell,157.09538844551457,43.25173304141316,6794.647803082498,6.794647803082499,rebalance,rebalance,215.21154665217452
2013-09-30,2013-10-01,LMT,sell,76.02141576228637,89.46629991167929,6801.354782299175,6.801354782299176,rebalance,rebalance,221.91181888963564
2013-09-30,2013-10-01,PFG,sell,251.69525976568903,27.2076089143932,6848.026193311473,6.848026193311473,rebalance,rebalance,268.5365584909207
2013-09-30,2013-10-01,AGN,buy,10.309749249296296,142.48523731103,1468.9870684031962,1.4689870684031963,rebalance,rebalance,0.0
2013-09-30,2013-10-01,AKAM,buy,162.09341773258552,51.7400016784668,8386.713705552394,8.386713705552395,rebalance,rebalance,0.0
2013-09-30,2013-10-01,BBY,buy,66.82208469687868,23.764560080382445,1587.9974464753777,1.5879974464753777,rebalance,rebalance,0.0
2013-09-30,2013-10-01,BKNG,buy,212.41804196367875,39.4821156810514,8386.713705552394,8.386713705552395,rebalance,rebalance,0.0
2013-09-30,2013-10-01,BSX,buy,102.28171194915762,11.779999732971191,1204.8785394489132,1.2048785394489132,rebalance,rebalance,0.0
2013-09-30,2013-10-01,DAL,buy,411.8998288492758,20.3610516881795,8386.713705552394,8.386713705552395,rebalance,rebalance,0.0
2013-09-30,2013-10-01,ETFC,buy,507.977813782701,16.51,8386.713705552394,8.386713705552395,rebalance,rebalance,0.0
2013-09-30,2013-10-01,HAR,buy,27.32391809620769,63.015836451525615,1721.839553965505,1.7218395539655051,rebalance,rebalance,0.0
2013-09-30,2013-10-01,MU,buy,490.3391010830959,17.10390561761692,8386.713705552394,8.386713705552395,rebalance,rebalance,0.0
2013-09-30,2013-10-01,NFLX,buy,1865.0760290297042,4.496714115142822,8386.713705552394,8.386713705552395,rebalance,rebalance,0.0
2013-09-30,2013-10-01,NOC,buy,22.181723226457592,76.50208025156392,1696.947970388438,1.696947970388438,rebalance,rebalance,0.0
2013-09-30,2013-10-01,PXD,buy,7.223345152037105,188.96307200794,1364.9454901025917,1.3649454901025917,rebalance,rebalance,0.0
2013-09-30,2013-10-01,RTN,buy,119.04091517200878,70.452362479186,8386.713705552394,8.386713705552395,rebalance,rebalance,0.0
2013-10-03,2013-10-04,NOC,sell,109.62726344138787,74.81434274346947,8201.691661132612,8.201691661132612,sma50_exit,risk_exit,-77.79655751458729
2013-10-03,2013-10-04,RTN,sell,119.04091517200878,68.379965656227,8140.013691147792,8.140013691147793,sma50_exit,risk_exit,-263.22674180130065
2013-10-08,2013-10-09,HAR,sell,133.08898489356403,62.23421512509618,8282.68851664674,8.28268851664674,sma50_exit,risk_exit,-21.7971740166197
2013-10-09,2013-10-10,AGN,sell,58.860229058292525,137.3399370748,8083.86015507421,8.083860155074209,sma50_exit,risk_exit,79.33555075613909
2013-10-24,2013-10-25,AKAM,sell,162.09341773258552,46.81999969482422,7589.213768772669,7.5892137687726695,sma50_exit,risk_exit,-813.4758642540498
2013-10-24,2013-10-25,BSX,sell,711.945152433129,11.550000190734863,8222.966646395402,8.222966646395403,sma50_exit,risk_exit,436.018653133403
2013-10-28,2013-10-29,BBY,sell,126.70741455151745,26.99138800536869,3420.008989317106,3.420008989317106,rebalance,rebalance,1062.0569832400956
2013-10-28,2013-10-29,BKNG,sell,66.11155755915718,41.73075126496895,2758.884964240866,2.758884964240866,rebalance,rebalance,143.29169170808873
2013-10-28,2013-10-29,DAL,sell,142.32118273543756,22.6482312199124,3223.323054083595,3.2233230540835947,rebalance,rebalance,319.39296407242824
2013-10-28,2013-10-29,ETFC,sell,154.6514533002271,17.28,2672.3771130279247,2.672377113027925,rebalance,rebalance,113.85594643416064
2013-10-28,2013-10-29,MU,sell,122.46905335236204,16.596837787691037,2032.599012501232,2.032599012501232,rebalance,rebalance,-66.22741525857799
2013-10-28,2013-10-29,NFLX,sell,523.5072857888533,4.551000118255615,2382.481719532748,2.382481719532748,rebalance,rebalance,23.682573824983997
2013-10-28,2013-10-29,PXD,sell,15.195517724841142,209.18273947853,3178.6400254768296,3.1786400254768297,rebalance,rebalance,457.3715726247645
2013-10-28,2013-10-29,AGN,buy,40.33723575287255,151.36088021853,6105.479509137149,6.105479509137149,rebalance,rebalance,0.0
2013-10-28,2013-10-29,CHK,buy,247.73111835720337,24.64558974110657,6105.479509137149,6.105479509137149,rebalance,rebalance,0.0
2013-10-28,2013-10-29,EOG,buy,94.07792556146453,64.89810944171188,6105.479509137149,6.105479509137149,rebalance,rebalance,0.0
2013-10-28,2013-10-29,HAR,buy,88.44610443720059,69.0305078780742,6105.479509137149,6.105479509137149,rebalance,rebalance,0.0
2013-10-28,2013-10-29,REGN,buy,20.44483698266985,298.63185088306074,6105.479509137149,6.105479509137149,rebalance,rebalance,0.0
2013-10-28,2013-10-29,SWY,buy,195.5584232326552,31.220744206315675,6105.479509137149,6.105479509137149,rebalance,rebalance,0.0
2013-10-28,2013-10-29,TGNA,buy,296.3816388604467,20.600059884316774,6105.47950913715,6.10547950913715,rebalance,rebalance,0.0
2013-11-01,2013-11-04,REGN,sell,20.44483698266985,283.26691181247156,5791.345834590298,5.791345834590298,sma50_exit,risk_exit,-326.0304998905778
2013-11-06,2013-11-07,CHK,sell,247.73111835720337,22.91150746941947,5675.8933686487035,5.675893368648704,sma50_exit,risk_exit,-441.3675133662307
2013-11-07,2013-11-08,EOG,sell,94.07792556146453,60.72825225243657,5713.187994882568,5.713187994882568,sma50_exit,risk_exit,-404.1101817585991
2013-11-07,2013-11-08,PXD,sell,29.187300655672882,185.53990026934,5415.408852784788,5.415408852784788,sma50_exit,risk_exit,189.13121253865776
2013-11-19,2013-11-20,BBY,sell,226.20102041150108,24.681986438208245,5583.090518105536,5.583090518105536,sma50_exit,risk_exit,1374.1422005570964
2013-11-19,2013-11-20,TGNA,sell,296.3816388604467,19.67589003697008,5831.572535195128,5.831572535195128,sma50_exit,risk_exit,-285.84402598635387
2013-11-25,2013-11-26,AGN,sell,40.33723575287255,161.33486201105,6507.802364096886,6.507802364096886,rebalance,rebalance,389.7095730865043
2013-11-25,2013-11-26,DAL,sell,4.433090033333826,25.146693292317927,111.47755540547719,0.1114775554054772,rebalance,rebalance,21.013440167701233
2013-11-25,2013-11-26,HAR,sell,1.7574282293256118,76.9135516683762,135.17004691969834,0.13517004691969833,rebalance,rebalance,13.597397479937399
2013-11-25,2013-11-26,MU,sell,24.79254687636643,19.43448334552204,481.83033936181783,0.48183033936181785,rebalance,rebalance,56.87507784694778
2013-11-25,2013-11-26,NFLX,sell,9.96428355062767,5.007143020629883,49.89259283610249,0.049892592836102485,rebalance,rebalance,4.991359219384109
2013-11-25,2013-11-26,AMZN,buy,353.1439154880964,18.88050079345703,6667.533976577527,6.667533976577527,rebalance,rebalance,0.0
2013-11-25,2013-11-26,BKNG,buy,0.07053307648965301,45.55041557287143,3.2128109457368224,0.0032128109457368226,rebalance,rebalance,0.0
2013-11-25,2013-11-26,CMG,buy,626.459525921189,10.643199920654297,6667.533976577527,6.667533976577527,rebalance,rebalance,0.0
2013-11-25,2013-11-26,ETFC,buy,23.370474352414647,17.7,413.6573960377392,0.4136573960377392,rebalance,rebalance,0.0
2013-11-25,2013-11-26,FDX,buy,71.75872473795327,92.91600430366985,6667.533976577526,6.667533976577526,rebalance,rebalance,0.0
2013-11-25,2013-11-26,GRMN,buy,203.11351665183608,32.8266384556109,6667.533976577527,6.667533976577527,rebalance,rebalance,0.0
2013-11-25,2013-11-26,MCK,buy,44.32553466462475,150.4219639317457,6667.533976577527,6.667533976577527,rebalance,rebalance,0.0
2013-11-25,2013-11-26,SWY,buy,29.307492943809848,29.65115429652369,869.0009953211851,0.8690009953211851,rebalance,rebalance,0.0
2013-12-04,2013-12-05,GRMN,sell,203.11351665183608,32.27815972863606,6556.130533532945,6.556130533532945,sma50_exit,risk_exit,-124.62710755469138
2013-12-05,2013-12-06,SWY,sell,224.86591617646505,28.52703730070788,6414.75837842387,6.414758378423871,sma50_exit,risk_exit,-573.111364917345
2013-12-17,2013-12-18,CMG,sell,626.459525921189,10.201000213623047,6390.513757748241,6.390513757748241,sma50_exit,risk_exit,-290.0782665636101
2013-12-17,2013-12-18,DAL,sell,265.14555608050443,23.147365560847675,6137.421113429674,6.137421113429674,sma50_exit,risk_exit,727.2426776977516
2013-12-24,2013-12-26,AMZN,sell,353.1439154880964,20.089500427246094,7094.484841077471,7.094484841077471,rebalance,rebalance,413.18884568229026
2013-12-24,2013-12-26,BKNG,sell,146.37701748101122,46.34356089832574,6783.632223746535,6.783632223746535,rebalance,rebalance,991.3665360766968
2013-12-24,2013-12-26,FDX,sell,71.75872473795327,96.64026637906463,6934.782273697779,6.934782273697778,rebalance,rebalance,253.6459808699777
2013-12-24,2013-12-26,CMG,buy,814.8346611870411,10.651800155639648,8679.455970852705,8.679455970852706,rebalance,rebalance,0.0
2013-12-24,2013-12-26,CRM,buy,160.88949820766874,53.946690539426406,8679.455970852705,8.679455970852706,rebalance,rebalance,0.0
2013-12-24,2013-12-26,CTSH,buy,202.1578366227154,42.934056457336666,8679.455970852705,8.679455970852706,rebalance,rebalance,0.0
2013-12-24,2013-12-26,DAL,buy,361.50617406709,24.009150032502436,8679.455970852705,8.679455970852706,rebalance,rebalance,0.0
2013-12-24,2013-12-26,ETFC,buy,69.54768808812975,19.45,1352.7025333141235,1.3527025333141234,rebalance,rebalance,0.0
2013-12-24,2013-12-26,GILD,buy,168.6863313075695,51.45322625475363,8679.455970852705,8.679455970852706,rebalance,rebalance,0.0
2013-12-24,2013-12-26,HAR,buy,21.192907719760683,80.45354596086273,1705.0445752760886,1.7050445752760885,rebalance,rebalance,0.0
2013-12-24,2013-12-26,LUV,buy,529.8132394636402,16.382104719843177,8679.455970852703,8.679455970852704,rebalance,rebalance,0.0
2013-12-24,2013-12-26,MCK,buy,14.891846974379995,146.56939787989214,2182.6890443543693,2.1826890443543694,rebalance,rebalance,0.0
2013-12-24,2013-12-26,MU,buy,64.65279161720127,21.28724828915656,1376.2800277424635,1.3762800277424636,rebalance,rebalance,0.0
2013-12-24,2013-12-26,NFLX,buy,275.23479079724007,5.401570796966553,1486.7002082795705,1.4867002082795704,rebalance,rebalance,0.0
2013-12-24,2013-12-26,OKE,buy,351.6768292749603,24.680204233946355,8679.455970852705,8.679455970852706,rebalance,rebalance,0.0
2013-12-24,2013-12-26,X,buy,305.7416468537989,28.388203112555,8679.455970852705,8.679455970852706,rebalance,rebalance,0.0
2013-12-27,2013-12-30,DAL,sell,361.50617406709,23.21631235655984,8392.840255966454,8.392840255966453,sma50_exit,risk_exit,-303.6880111130702
2014-01-02,2014-01-03,CMG,sell,814.8346611870411,10.479999542236328,8539.466876238484,8.539466876238485,sma50_exit,risk_exit,-157.20801746131087
2014-01-07,2014-01-08,NFLX,sell,1606.8392504874632,4.810429096221924,7729.586283496321,7.729586283496321,sma50_exit,risk_exit,239.83737447914046
2014-01-17,2014-01-21,X,sell,305.7416468537989,26.484761115845,8097.494480087907,8.097494480087907,sma50_exit,risk_exit,-598.7384412157386
2014-01-24,2014-01-27,CRM,sell,160.88949820766874,57.514961019777566,9253.55321790564,9.25355321790564,rebalance,rebalance,556.1642378641781
2014-01-24,2014-01-27,CTSH,sell,37.14234160229347,42.333213767750834,1572.3546868847145,1.5723546868847145,rebalance,rebalance,-25.483730504032913
2014-01-24,2014-01-27,ETFC,sell,446.2445229230183,21.3,9505.00833826029,9.50500833826029,rebalance,rebalance,1888.1254108636067
2014-01-24,2014-01-27,GILD,sell,168.6863313075695,55.427009365835495,9349.778865273083,9.349778865273084,rebalance,rebalance,652.2936595842544
2014-01-24,2014-01-27,HAR,sell,26.274531638551537,85.60088901318096,2249.1232666649616,2.2491232666649617,rebalance,rebalance,372.29685434965467
2014-01-24,2014-01-27,LUV,sell,142.271446112378,18.02550420506277,2564.5145501590305,2.5645145501590307,rebalance,rebalance,228.9136010235137
2014-01-24,2014-01-27,MCK,sell,15.09427770408503,158.32150512335565,2389.748764860651,2.3897487648606512,rebalance,rebalance,129.21608501801512
2014-01-24,2014-01-27,MU,sell,97.61136837581176,22.52566897057129,2198.7613717980266,2.1987613717980268,rebalance,rebalance,460.54293586085413
2014-01-24,2014-01-27,OKE,sell,351.6768292749603,26.86851388475992,9449.033770322616,9.449033770322616,rebalance,rebalance,751.4493097287351
2014-01-24,2014-01-27,NFLX,buy,1262.2796812890192,5.534142971038818,6985.636225690745,6.985636225690746,rebalance,rebalance,0.0
2014-01-24,2014-01-27,STZ,buy,109.63172250168915,63.71911401449625,6985.636225690745,6.985636225690746,rebalance,rebalance,0.0
2014-01-24,2014-01-27,VLO,buy,224.80236721162316,31.074567017858165,6985.636225690745,6.985636225690746,rebalance,rebalance,0.0
2014-01-24,2014-01-27,WYNN,buy,43.43052796593373,160.8462193038541,6985.636225690745,6.985636225690746,rebalance,rebalance,0.0
2014-01-27,2014-01-28,CTSH,sell,165.01549502042192,41.89782676556104,6913.790623998939,6.913790623998939,sma50_exit,risk_exit,-184.99253074675443
2014-02-04,2014-02-05,VLO,sell,224.80236721162316,30.054697703503965,6756.367189577426,6.756367189577426,sma50_exit,risk_exit,-243.01103952858617
2014-02-24,2014-02-25,HAR,sell,81.60705228908412,102.8049984940655,8389.612887684418,8.389612887684418,rebalance,rebalance,2558.9034347405654
2014-02-24,2014-02-25,LUV,sell,69.88195946427629,19.184533499811423,1340.6527923748724,1.3406527923748726,rebalance,rebalance,193.3537480329158
2014-02-24,2014-02-25,MCK,sell,44.12310393491971,161.1340448766633,7109.734209547032,7.109734209547033,rebalance,rebalance,501.6941624624328
2014-02-24,2014-02-25,MU,sell,58.12141970055089,24.183397130758838,1405.5733744219326,1.4055733744219325,rebalance,rebalance,370.47746566203676
2014-02-24,2014-02-25,NFLX,sell,314.2998717480883,6.4285712242126465,2020.4991112934858,2.020499111293486,rebalance,rebalance,277.3588057230744
2014-02-24,2014-02-25,STZ,sell,109.63172250168915,67.97767363020941,7452.50945173751,7.452509451737511,rebalance,rebalance,452.4350803693377
2014-02-24,2014-02-25,WYNN,sell,12.389447677288324,196.3255037544106,2432.3645564825424,2.4323645564825425,rebalance,rebalance,435.1435779531618
2014-02-24,2014-02-25,ADSK,buy,111.92205030963574,54.45000076293945,6094.155724749414,6.094155724749414,rebalance,rebalance,0.0
2014-02-24,2014-02-25,ARNC,buy,239.86861881805933,25.406223435054,6094.155724749414,6.094155724749414,rebalance,rebalance,0.0
2014-02-24,2014-02-25,BIIB,buy,17.58724294536664,346.510009765625,6094.155724749414,6.094155724749414,rebalance,rebalance,0.0
2014-02-24,2014-02-25,DAL,buy,216.3666351780293,28.16587557381508,6094.155724749414,6.094155724749414,rebalance,rebalance,0.0
2014-02-24,2014-02-25,ETFC,buy,267.99277593445095,22.74,6094.155724749414,6.094155724749414,rebalance,rebalance,0.0
2014-02-24,2014-02-25,EXPE,buy,82.32307175031205,74.02731209099123,6094.155724749414,6.094155724749414,rebalance,rebalance,0.0
2014-02-24,2014-02-25,FRX,buy,61.919891533727025,98.42,6094.155724749414,6.094155724749414,rebalance,rebalance,0.0
2014-02-24,2014-02-25,VLO,buy,188.90969594265874,32.259623807764854,6094.155724749414,6.094155724749414,rebalance,rebalance,0.0
2014-02-24,2014-02-25,XYL,buy,181.32852632106014,33.608367356160535,6094.155724749414,6.094155724749414,rebalance,rebalance,0.0
2014-02-27,2014-02-28,VLO,sell,188.90969594265874,30.753594323041412,5809.652152709629,5.80965215270963,sma50_exit,risk_exit,-296.4073799172427
2014-03-13,2014-03-14,ADSK,sell,111.92205030963574,50.52000045776367,5654.302032876646,5.654302032876646,sma50_exit,risk_exit,-451.60214963039306
2014-03-19,2014-03-20,MU,sell,251.99750439520605,23.33503117463097,5880.369620991338,5.880369620991338,sma50_exit,risk_exit,1392.7097942158614
2014-03-19,2014-03-20,XYL,sell,181.32852632106014,30.9162934978237,5606.005939269745,5.606005939269745,sma50_exit,risk_exit,-499.84994714368787
2014-03-21,2014-03-24,BIIB,sell,17.58724294536664,320.20001220703125,5631.435405794422,5.631435405794422,sma50_exit,risk_exit,-474.445910085535
2014-03-21,2014-03-24,NFLX,sell,947.9798095409309,5.7927141189575195,5491.376027214411,5.491376027214411,sma50_exit,risk_exit,234.38259572987843
2014-03-24,2014-03-25,DAL,sell,216.3666351780293,28.89117203443646,6251.085679440596,6.251085679440596,rebalance,rebalance,144.5847132869933
2014-03-24,2014-03-25,ETFC,sell,267.99277593445095,24.33,6520.2642384851915,6.520264238485192,rebalance,rebalance,413.49409377254267
2014-03-24,2014-03-25,EXPE,sell,82.32307175031205,67.39298648014179,5547.997661472523,5.547997661472523,sma50_exit,risk_exit,-557.8002166631123
2014-03-24,2014-03-25,AGN,buy,44.093510657353214,205.64325579687,9067.5330910921,9.0675330910921,rebalance,rebalance,0.0
2014-03-24,2014-03-25,ARNC,buy,107.56338817392853,26.098726969911,2807.2674999099145,2.8072674999099148,rebalance,rebalance,0.0
2014-03-24,2014-03-25,FRX,buy,35.7274602979777,92.86,3317.6519632702093,3.3176519632702095,rebalance,rebalance,0.0
2014-03-24,2014-03-25,FSLR,buy,122.53423096070405,74.0,9067.5330910921,9.0675330910921,rebalance,rebalance,0.0
2014-03-24,2014-03-25,GMCR,buy,86.41507102158735,104.9299963987409,9067.5330910921,9.0675330910921,rebalance,rebalance,0.0
2014-03-24,2014-03-25,HAR,buy,86.6564493299507,104.63771780640135,9067.5330910921,9.0675330910921,rebalance,rebalance,0.0
2014-03-24,2014-03-25,HPQ,buy,934.8767015317802,9.699175384556161,9067.5330910921,9.0675330910921,rebalance,rebalance,0.0
2014-03-24,2014-03-25,LUV,buy,127.63915455877009,20.362797415599022,2599.0902465785675,2.5990902465785677,rebalance,rebalance,0.0
2014-03-24,2014-03-25,STZ,buy,131.7488807192034,68.8243652742504,9067.5330910921,9.0675330910921,rebalance,rebalance,0.0
2014-03-24,2014-03-25,VLO,buy,264.2835308703175,34.309868122435105,9067.533091092102,9.067533091092102,rebalance,rebalance,0.0
2014-03-24,2014-03-25,WYNN,buy,17.51813380983001,186.731463007281,3271.1867554668715,3.2711867554668714,rebalance,rebalance,0.0
2014-03-25,2014-03-26,WYNN,sell,48.559214098475415,183.14920786199062,8893.58159653658,8.89358159653658,sma50_exit,risk_exit,612.3968247741677
2014-04-04,2014-04-07,AGN,sell,44.093510657353214,198.52514001996,8753.670377222645,8.753670377222646,sma50_exit,risk_exit,-331.68391733776883
2014-04-04,2014-04-07,GMCR,sell,86.41507102158735,100.35219925794834,8671.942426048092,8.671942426048092,sma50_exit,risk_exit,-413.33014056114683
2014-04-07,2014-04-08,HAR,sell,86.6564493299507,98.31435640938912,8519.573044596942,8.519573044596942,sma50_exit,risk_exit,-565.5471526308446
2014-04-07,2014-04-08,STZ,sell,131.7488807192034,68.01119381763844,8960.398661850671,8.960398661850672,sma50_exit,risk_exit,-125.16236099437046
2014-04-10,2014-04-11,FRX,sell,97.64735183170473,86.48,8444.542986405824,8.444542986405825,sma50_exit,risk_exit,-985.1210522882229
2014-04-11,2014-04-14,VLO,sell,264.2835308703175,32.6203229969564,8621.014139765855,8.621014139765856,sma50_exit,risk_exit,-464.2074985571029
2014-04-14,2014-04-15,LUV,sell,445.29898844575604,19.83423028946918,8832.1626845008,8.8321626845008,sma50_exit,risk_exit,1012.5005843025372
2014-04-22,2014-04-23,ARNC,sell,189.4012774712432,29.23663361223,5537.455755115049,5.537455755115049,rebalance,rebalance,674.487674001199
2014-04-22,2014-04-23,FSLR,sell,57.62433325541461,71.18000030517578,4101.700058705963,4.101700058705963,rebalance,rebalance,-170.86650291432483
2014-04-22,2014-04-23,HPQ,sell,458.8174105153831,9.70527542610715,4452.949339345064,4.452949339345064,rebalance,rebalance,-6.1042946049600815
2014-04-22,2014-04-23,FRX,buy,50.18232365017304,92.07,4620.286538471431,4.620286538471431,rebalance,rebalance,0.0
2014-04-22,2014-04-23,HAR,buy,43.67051696582997,105.79875988384975,4620.286538471431,4.620286538471431,rebalance,rebalance,0.0
2014-04-22,2014-04-23,LUV,buy,218.70859829568377,21.12530817021204,4620.286538471431,4.620286538471431,rebalance,rebalance,0.0
2014-04-22,2014-04-23,MU,buy,180.91214300109078,25.538841460982386,4620.286538471431,4.620286538471431,rebalance,rebalance,0.0
2014-04-22,2014-04-23,TSN,buy,142.21735568528416,32.48750137568134,4620.286538471431,4.620286538471431,rebalance,rebalance,0.0
2014-04-22,2014-04-23,TXT,buy,117.30966793735486,39.38538587406738,4620.286538471431,4.620286538471431,rebalance,rebalance,0.0
2014-04-22,2014-04-23,VLO,buy,130.15070181980386,35.49951305578288,4620.286538471431,4.620286538471431,rebalance,rebalance,0.0
2014-04-24,2014-04-25,FRX,sell,50.18232365017304,91.09,4571.107861294262,4.571107861294262,sma50_exit,risk_exit,-58.37007157693438
2014-04-28,2014-04-29,HAR,sell,43.67051696582997,102.43077832034248,4473.205042461685,4.473205042461685,sma50_exit,risk_exit,-156.17498759067948
2014-05-01,2014-05-02,TXT,sell,117.30966793735486,38.373739491795604,4501.610637297103,4.5016106372971025,sma50_exit,risk_exit,-127.79779835009657
2014-05-05,2014-05-06,TSN,sell,142.21735568528416,29.018262233618408,4126.900521447357,4.126900521447357,sma50_exit,risk_exit,-502.1332040839922
2014-05-07,2014-05-08,FSLR,sell,64.90989770528944,64.11000061035156,4161.373581503964,4.161373581503963,sma50_exit,risk_exit,-650.9235546991504
2014-05-20,2014-05-21,ARNC,buy,150.36007299331374,28.695370789605,4314.638046495211,4.314638046495211,rebalance,rebalance,0.0
2014-05-20,2014-05-21,AVGO,buy,1761.391368595632,5.024089809921361,8849.388426244755,8.849388426244756,rebalance,rebalance,0.0
2014-05-20,2014-05-21,FRX,buy,95.7415171074841,92.43,8849.388426244755,8.849388426244756,rebalance,rebalance,0.0
2014-05-20,2014-05-21,GMCR,buy,79.15411162731857,111.79947881811049,8849.388426244755,8.849388426244756,rebalance,rebalance,0.0
2014-05-20,2014-05-21,HPQ,buy,404.23504778802095,10.052760805282077,4063.678244524744,4.063678244524744,rebalance,rebalance,0.0
2014-05-20,2014-05-21,LUV,buy,189.96590879332945,21.65387924311431,4113.498849319223,4.113498849319223,rebalance,rebalance,0.0
2014-05-20,2014-05-21,MU,buy,156.0733787415041,26.26044104353043,4098.555760905864,4.098555760905865,rebalance,rebalance,0.0
2014-05-20,2014-05-21,VLO,buy,122.00041655230788,35.09557476237436,4281.674740152336,4.2816747401523365,rebalance,rebalance,0.0
2014-05-21,2014-05-22,VLO,sell,252.15111837211174,34.504399125449766,8700.322828239872,8.700322828239873,sma50_exit,risk_exit,-219.2407344907592
2014-05-22,2014-05-23,HPQ,sell,880.2943388044181,9.84853748872453,8669.611796827285,8.669611796827285,sma50_exit,risk_exit,-28.799677311324686
2014-06-18,2014-06-19,ARNC,sell,21.256094847559098,31.905434944452,678.1849513318981,0.6781849513318982,rebalance,rebalance,100.4702069114222
2014-06-18,2014-06-19,AVGO,sell,37.57137234108018,5.314451483132078,199.6712354613611,0.19967123546136112,rebalance,rebalance,10.520853353393974
2014-06-18,2014-06-19,FRX,sell,1.7230674384802427,97.44,167.89569120551485,0.16789569120551484,rebalance,rebalance,8.305409052241767
2014-06-18,2014-06-19,GMCR,sell,3.919654197674731,121.76811063354678,477.2888859877027,0.47728888598770275,rebalance,rebalance,38.15808535801384
2014-06-18,2014-06-19,LUV,sell,14.628961672032347,23.248981855773437,340.10846448188505,0.34010846448188503,rebalance,rebalance,26.820091119688733
2014-06-18,2014-06-19,MU,sell,336.98552174259487,31.292154547979006,10545.003026800618,10.545003026800618,rebalance,rebalance,1806.8968820971445
2014-06-18,2014-06-19,AGN,buy,42.67275339055764,214.68400812812,9161.157735747736,9.161157735747736,rebalance,rebalance,0.0
2014-06-18,2014-06-19,ALXN,buy,56.93342698246061,160.91,9161.157735747736,9.161157735747736,rebalance,rebalance,0.0
2014-06-18,2014-06-19,DAL,buy,265.9554477095528,34.44621200522481,9161.157735747736,9.161157735747736,rebalance,rebalance,0.0
2014-06-18,2014-06-19,DTV,buy,108.71197028299201,84.27,9161.157735747736,9.161157735747736,rebalance,rebalance,0.0
2014-06-18,2014-06-19,EOG,buy,113.80966858417278,80.49542582555024,9161.157735747736,9.161157735747736,rebalance,rebalance,0.0
2014-06-18,2014-06-19,EW,buy,664.6547574710008,13.783332824707031,9161.157735747736,9.161157735747736,rebalance,rebalance,0.0
2014-06-18,2014-06-19,FFIV,buy,81.09372078212249,112.97000122070312,9161.157735747736,9.161157735747736,rebalance,rebalance,0.0
2014-06-18,2014-06-19,FTR,buy,2033.4266662980765,4.505280612074366,9161.157735747736,9.161157735747736,rebalance,rebalance,0.0
2014-06-18,2014-06-19,WMB,buy,309.44077126503674,29.605529026752535,9161.157735747736,9.161157735747736,rebalance,rebalance,0.0
2014-06-23,2014-06-24,FTR,sell,2033.4266662980765,4.466104258925894,9081.495494567322,9.081495494567323,sma50_exit,risk_exit,-97.90489441072904
2014-06-24,2014-06-25,ALXN,sell,56.93342698246061,159.0,9052.414890211237,9.052414890211237,sma50_exit,risk_exit,-126.956418162457
2014-06-26,2014-06-27,FFIV,sell,81.09372078212249,107.48999786376953,8716.76387363547,8.71676387363547,sma50_exit,risk_exit,-462.2717837216488
2014-06-30,2014-07-01,DAL,sell,265.9554477095528,33.72840236490403,8970.25235148599,8.970252351485989,sma50_exit,risk_exit,-209.036794348979
2014-07-25,2014-07-28,AVGO,sell,1723.8199962545518,5.231516610919983,9018.19294464171,9.018192944641712,sma50_exit,risk_exit,339.887647898576
2014-07-28,2014-07-29,AGN,sell,42.67275339055764,212.77284514063,9079.603148893415,9.079603148893415,sma50_exit,risk_exit,-99.79534773896265
2014-07-31,2014-08-01,EOG,sell,113.80966858417278,77.3845535190665,8807.11038953914,8.80711038953914,sma50_exit,risk_exit,-372.0156143338823
2014-07-31,2014-08-01,GMCR,sell,75.23445742964384,117.01645030540836,8803.66914907028,8.803669149070279,sma50_exit,risk_exit,375.28117699391026
2014-08-06,2014-08-07,DTV,sell,108.71197028299201,84.68,9205.729643563764,9.205729643563764,sma50_exit,risk_exit,26.205020436717547
2014-08-07,2014-08-08,WMB,sell,309.44077126503674,28.29132855009572,8754.490526654174,8.754490526654173,sma50_exit,risk_exit,-424.5828573559648
2014-09-15,2014-09-16,ARNC,sell,287.1347076664993,34.918828049961,10026.407484182308,10.026407484182307,sma50_exit,risk_exit,2221.5709291003136
2014-10-09,2014-10-10,LUV,sell,394.0455454169809,27.09696746087462,10677.439322266522,10.677439322266522,sma50_exit,risk_exit,2237.190974663526
2014-10-13,2014-10-14,EW,sell,664.6547574710008,17.333332061767578,11520.681617678452,11.520681617678452,market_trend_exit,risk_exit,2338.842042577291
