signal_date,execution_date,ticker,side,quantity,price,notional,cost,reason,event_type,realized_pnl
2005-01-03,2005-01-04,AAPL,buy,6031.933682301294,0.9539675764637918,5754.2691562952805,5.754269156295281,rebalance,rebalance,0.0
2005-01-03,2005-01-04,ADBE,buy,185.03128333082253,31.09889880624707,5754.2691562952805,5.754269156295281,rebalance,rebalance,0.0
2005-01-03,2005-01-04,ADSK,buy,153.64922242201433,37.45068842906704,5754.2691562952805,5.754269156295281,rebalance,rebalance,0.0
2005-01-03,2005-01-04,AMD,buy,267.8896312348893,21.479999542236328,5754.2691562952805,5.754269156295281,rebalance,rebalance,0.0
2005-01-03,2005-01-04,BEN,buy,506.8848116510738,11.35222248532546,5754.2691562952805,5.754269156295281,rebalance,rebalance,0.0
2005-01-03,2005-01-04,GEN,buy,615.1144176175574,9.354794801563166,5754.2691562952805,5.754269156295281,rebalance,rebalance,0.0
2005-01-03,2005-01-04,HUM,buy,225.0083209240461,25.57358382420752,5754.2691562952805,5.754269156295281,rebalance,rebalance,0.0
2005-01-03,2005-01-04,NSC,buy,261.8361598634241,21.976602312288552,5754.2691562952805,5.754269156295281,rebalance,rebalance,0.0
2005-01-03,2005-01-04,NTAP,buy,240.80770167011423,23.8957023234171,5754.2691562952805,5.754269156295281,rebalance,rebalance,0.0
2005-01-03,2005-01-04,NUE,buy,418.1879018695294,13.760008672107777,5754.2691562952805,5.754269156295281,rebalance,rebalance,0.0
2005-01-03,2005-01-04,PCAR,buy,496.830306570675,11.581960842955793,5754.2691562952805,5.754269156295281,rebalance,rebalance,0.0
2005-01-03,2005-01-04,PH,buy,164.40608492752182,35.00034173815429,5754.2691562952805,5.754269156295281,rebalance,rebalance,0.0
2005-01-03,2005-01-04,QLGC,buy,311.6311484589916,18.465,5754.2691562952805,5.754269156295281,rebalance,rebalance,0.0
2005-01-03,2005-01-04,UNH,buy,173.2994654793045,33.204194487157594,5754.2691562952805,5.754269156295281,rebalance,rebalance,0.0
2005-01-03,2005-01-04,X,buy,132.97848093828455,43.27218295542,5754.26915629528,5.75426915629528,rebalance,rebalance,0.0
2005-02-01,2005-02-02,AAPL,sell,2389.7796661491884,1.1657276406827075,2785.8322119716017,2.7858322119716017,rebalance,rebalance,500.99429104444084
2005-02-01,2005-02-02,ADBE,sell,42.766876530006044,29.844145164127408,1276.3408713778138,1.2763408713778137,rebalance,rebalance,-56.268237724950545
2005-02-01,2005-02-02,ADSK,sell,6.965884112474299,28.945070770699143,201.62800861605737,0.20162800861605737,rebalance,rebalance,-59.71165207735108
2005-02-01,2005-02-02,AMD,sell,8.685734666842393,16.3799991607666,142.27232655351978,0.1422723265535198,rebalance,rebalance,-44.626092017462284
2005-02-01,2005-02-02,BEN,sell,124.12940350244384,11.092618204373865,1376.9200809892775,1.3769200809892774,rebalance,rebalance,-35.01058922772188
2005-02-01,2005-02-02,GEN,sell,615.1144176175574,8.289417771887013,5098.94038514291,5.098940385142909,rebalance,rebalance,-666.1819806938071
2005-02-01,2005-02-02,HUM,sell,85.66060372472592,30.46881350900777,2609.9769599576903,2.6099769599576903,rebalance,rebalance,414.52770458144516
2005-02-01,2005-02-02,NSC,sell,261.8361598634241,21.71048684119693,5684.590503264404,5.684590503264404,rebalance,rebalance,-81.11751269043573
2005-02-01,2005-02-02,NTAP,sell,60.925131600950266,23.6029516735255,1438.0129368804103,1.4380129368804102,rebalance,rebalance,-20.729733616541154
2005-02-01,2005-02-02,NUE,sell,418.1879018695294,15.344346817807494,6416.820201297306,6.416820201297306,rebalance,rebalance,650.3799556444338
2005-02-01,2005-02-02,PCAR,sell,496.830306570675,10.13764961219941,5036.691564735118,5.0366915647351185,rebalance,rebalance,-728.3685522811921
2005-02-01,2005-02-02,PH,sell,164.40608492752182,30.70208364344281,5047.6093709357365,5.047609370935737,rebalance,rebalance,-717.461663886774
2005-02-01,2005-02-02,QLGC,sell,98.59755045336988,19.93,1965.0491805356617,1.9650491805356618,rebalance,rebalance,140.6597584645298
2005-02-01,2005-02-02,UNH,sell,173.2994654793045,34.62285502142428,6000.122268580281,6.000122268580282,rebalance,rebalance,234.098720860126
2005-02-01,2005-02-02,X,sell,132.97848093828455,46.062507956639,6125.3223362815,6.1253223362815,rebalance,rebalance,359.17358849364416
2005-02-01,2005-02-02,CTXS,buy,240.85366928996393,17.627963156087805,4245.759608252041,4.245759608252041,rebalance,rebalance,0.0
2005-02-01,2005-02-02,EBAY,buy,291.3733547258287,14.571543826466703,4245.759608252041,4.245759608252041,rebalance,rebalance,0.0
2005-02-01,2005-02-02,MON,buy,186.59166738337373,22.754283016983,4245.759608252041,4.245759608252041,rebalance,rebalance,0.0
2005-02-01,2005-02-02,MWW,buy,144.2173779976916,29.44,4245.759608252041,4.245759608252041,rebalance,rebalance,0.0
2005-02-01,2005-02-02,NCR,buy,534.5652882559456,7.94245287063833,4245.759608252041,4.245759608252041,rebalance,rebalance,0.0
2005-02-01,2005-02-02,NVDA,buy,22924.785967094118,0.18520389304163357,4245.759608252041,4.245759608252041,rebalance,rebalance,0.0
2005-02-01,2005-02-02,PTC,buy,299.5244833243231,14.175000190734863,4245.759608252041,4.245759608252041,rebalance,rebalance,0.0
2005-03-02,2005-03-03,ADBE,sell,142.2644068008165,31.22887388139693,4442.757217794446,4.442757217794446,rebalance,rebalance,9.623803356462993
2005-03-02,2005-03-03,ADSK,sell,146.68333830954003,29.584742966843645,4339.5888614063115,4.339588861406312,rebalance,rebalance,-1163.6361202218773
2005-03-02,2005-03-03,AMD,sell,259.2038965680469,17.75,4600.869164082833,4.600869164082833,rebalance,rebalance,-976.9989842883971
2005-03-02,2005-03-03,BEN,sell,382.75540814862995,11.747339549785858,4496.357744038829,4.496357744038829,rebalance,rebalance,142.39171097922505
2005-03-02,2005-03-03,CTXS,sell,240.85366928996393,18.795695742652605,4527.012286475633,4.5270122864756335,rebalance,rebalance,272.47990632886484
2005-03-02,2005-03-03,EBAY,sell,291.3733547258287,15.733253259652084,4584.2507830159075,4.584250783015907,rebalance,rebalance,329.66116437259797
2005-03-02,2005-03-03,PTC,sell,299.5244833243231,14.149999618530273,4238.271324779649,4.2382713247796495,rebalance,rebalance,-15.972314405423216
2005-03-02,2005-03-03,AAPL,buy,543.5023374474085,1.3270906130275388,721.2768501849816,0.7212768501849817,rebalance,rebalance,0.0
2005-03-02,2005-03-03,ADM,buy,384.1192119028982,14.460993056564897,5554.745256220991,5.554745256220991,rebalance,rebalance,0.0
2005-03-02,2005-03-03,ELV,buy,115.13060018179152,48.247340389523146,5554.745256220991,5.554745256220991,rebalance,rebalance,0.0
2005-03-02,2005-03-03,HAL,buy,351.9218011762957,15.784032809715969,5554.745256220991,5.554745256220991,rebalance,rebalance,0.0
2005-03-02,2005-03-03,HUM,buy,47.50200725584696,29.728410209958863,1412.1591574982608,1.4121591574982608,rebalance,rebalance,0.0
2005-03-02,2005-03-03,MON,buy,40.76970200799627,24.431350282111,996.0588706546412,0.9960588706546412,rebalance,rebalance,0.0
2005-03-02,2005-03-03,MWW,buy,42.937111767166584,29.68,1274.3734772495043,1.2743734772495043,rebalance,rebalance,0.0
2005-03-02,2005-03-03,NCR,buy,100.06275054872879,8.752757389483431,875.8249792774232,0.8758249792774232,rebalance,rebalance,0.0
2005-03-02,2005-03-03,NTAP,buy,73.44699927581254,21.926951798732613,1610.4688128822909,1.6104688128822908,rebalance,rebalance,0.0
2005-03-02,2005-03-03,NUE,buy,331.22082120127163,16.770519546672947,5554.745256220991,5.554745256220991,rebalance,rebalance,0.0
2005-03-02,2005-03-03,NVDA,buy,3072.4037715385166,0.21366714295147318,656.4717358579655,0.6564717358579656,rebalance,rebalance,0.0
2005-03-02,2005-03-03,QLGC,buy,57.53363317903438,20.53,1181.165489165576,1.181165489165576,rebalance,rebalance,0.0
2005-03-02,2005-03-03,ROK,buy,143.75013025549032,38.64167111604294,5554.745256220991,5.554745256220991,rebalance,rebalance,0.0
2005-03-02,2005-03-03,VLO,buy,306.817496650345,18.104395338807173,5554.745256220991,5.554745256220991,rebalance,rebalance,0.0
2005-03-02,2005-03-03,WMB,buy,882.571745045013,6.293817230618104,5554.745256220991,5.554745256220991,rebalance,rebalance,0.0
2005-03-31,2005-04-01,HAL,sell,351.9218011762957,15.773277469877563,5550.960217652796,5.550960217652796,rebalance,rebalance,-14.890744042068103
2005-03-31,2005-04-01,MON,sell,4.623805196148055,26.708849037223,123.49651496144568,0.12349651496144569,rebalance,rebalance,16.664544916000054
2005-03-31,2005-04-01,MWW,sell,187.1544897648582,28.03,5245.940348108976,5.2459403481089755,rebalance,rebalance,-284.9588108261801
2005-03-31,2005-04-01,NTAP,sell,253.3295693449765,20.32415182456329,5148.708629018537,5.148708629018537,rebalance,rebalance,-771.2381291971591
2005-03-31,2005-04-01,NUE,sell,331.22082120127163,15.7997717630949,5233.213378164956,5.233213378164956,rebalance,rebalance,-332.31983669042035
2005-03-31,2005-04-01,QLGC,sell,270.5672311846561,20.435,5529.041369258448,5.529041369258448,rebalance,rebalance,403.5666206734689
2005-03-31,2005-04-01,AAPL,buy,539.9647018588576,1.258895689517345,679.7592356616342,0.6797592356616342,rebalance,rebalance,0.0
2005-03-31,2005-04-01,ADM,buy,22.27533002268882,14.638641426681009,326.08056886312374,0.32608056886312375,rebalance,rebalance,0.0
2005-03-31,2005-04-01,AES,buy,578.7416599455339,10.279308349028863,5949.06397700895,5.94906397700895,rebalance,rebalance,0.0
2005-03-31,2005-04-01,ELV,buy,4.6387100366623315,49.671021450805085,230.4094657351195,0.23040946573511953,rebalance,rebalance,0.0
2005-03-31,2005-04-01,HUM,buy,25.588206158120386,28.00377484300748,716.5663638884607,0.7165663638884607,rebalance,rebalance,0.0
2005-03-31,2005-04-01,JWN,buy,302.06619825433006,19.694570300779,5949.06397700895,5.94906397700895,rebalance,rebalance,0.0
2005-03-31,2005-04-01,MCK,buy,184.61373342119674,32.22438475601457,5949.06397700895,5.94906397700895,rebalance,rebalance,0.0
2005-03-31,2005-04-01,MO,buy,1380.0042999163877,4.310902493107735,5949.06397700895,5.94906397700895,rebalance,rebalance,0.0
2005-03-31,2005-04-01,NCR,buy,138.9089744477193,7.690729564440194,1068.3113565511421,1.0683113565511422,rebalance,rebalance,0.0
2005-03-31,2005-04-01,NVDA,buy,6418.29750495097,0.18352536034103642,1177.9203623721016,1.1779203623721017,rebalance,rebalance,0.0
2005-03-31,2005-04-01,ROK,buy,19.32434133476832,36.48065769580774,704.9646814306316,0.7049646814306316,rebalance,rebalance,0.0
2005-03-31,2005-04-01,VLO,buy,3.83700794642715,19.150097259110414,73.47907535805943,0.07347907535805943,rebalance,rebalance,0.0
2005-03-31,2005-04-01,WMB,buy,57.160193057871425,6.33059677530895,361.8581338481979,0.3618581338481979,rebalance,rebalance,0.0
2005-03-31,2005-04-01,X,buy,130.9729509595015,45.422080921491,5949.06397700895,5.94906397700895,rebalance,rebalance,0.0
2005-04-28,2005-04-29,AAPL,sell,4725.621055458371,1.0812330273900985,5109.497560091648,5.109497560091648,market_trend_exit,risk_exit,223.97960386270677
2005-04-28,2005-04-29,ADM,sell,406.394541925587,10.599988901472452,4307.777634030203,4.307777634030203,market_trend_exit,risk_exit,-1583.2367945130247
2005-04-28,2005-04-29,AES,sell,578.7416599455339,10.005190554574408,5790.42058962577,5.79042058962577,market_trend_exit,risk_exit,-170.3828719498133
2005-04-28,2005-04-29,ELV,sell,119.76931021845385,49.374426282714246,5913.540978312584,5.913540978312584,market_trend_exit,risk_exit,116.6875606562064
2005-04-28,2005-04-29,HUM,sell,212.43793061328753,28.22154422819809,5995.326454549771,5.9953264545497715,market_trend_exit,risk_exit,291.29273415182547
2005-04-28,2005-04-29,JWN,sell,302.06619825433006,18.833625000129,5689.001503136674,5.689001503136674,market_trend_exit,risk_exit,-271.7005393524217
2005-04-28,2005-04-29,MCK,sell,184.61373342119674,30.935781710856666,5711.170157944426,5.7111701579444265,market_trend_exit,risk_exit,-249.5540531994771
2005-04-28,2005-04-29,MO,sell,1380.0042999163877,4.252117529161213,5867.940473992319,5.867940473992319,market_trend_exit,risk_exit,-92.94050746763051
2005-04-28,2005-04-29,MON,sell,222.73756419522195,24.120750752217,5372.597269108882,5.372597269108882,market_trend_exit,risk_exit,226.8728479846685
2005-04-28,2005-04-29,NCR,sell,773.5370132523936,7.551720048717524,5841.534971403174,5.841534971403174,market_trend_exit,risk_exit,-360.3924035929158
2005-04-28,2005-04-29,NVDA,sell,32415.487243583604,0.16719452365622478,5419.691948775391,5.419691948775391,market_trend_exit,risk_exit,-671.9596013619731
2005-04-28,2005-04-29,ROK,sell,163.07447159025864,30.010460792083173,4893.940035849138,4.8939400358491385,market_trend_exit,risk_exit,-1376.9235517759842
2005-04-28,2005-04-29,VLO,sell,310.65450459677214,17.47445285451038,5428.517494617572,5.428517494617572,market_trend_exit,risk_exit,-210.7635787876733
2005-04-28,2005-04-29,WMB,sell,939.7319381028844,5.785484934579397,5436.804970437337,5.436804970437337,market_trend_exit,risk_exit,-491.15182799235816
2005-04-28,2005-04-29,X,sell,130.9729509595015,37.881305768509,4961.426402700811,4.961426402700812,market_trend_exit,risk_exit,-998.5480646878477
2005-05-26,2005-05-27,AES,buy,619.1716995346038,9.164155946059756,5674.186011921965,5.6741860119219645,rebalance,rebalance,0.0
2005-05-26,2005-05-27,CI,buy,193.28150856053057,29.357107434542616,5674.186011921965,5.6741860119219645,rebalance,rebalance,0.0
2005-05-26,2005-05-27,CMS,buy,806.1009669699109,7.039051241001381,5674.186011921965,5.6741860119219645,rebalance,rebalance,0.0
2005-05-26,2005-05-27,ELV,buy,106.7159218582144,53.17094125336647,5674.186011921965,5.6741860119219645,rebalance,rebalance,0.0
2005-05-26,2005-05-27,EOG,buy,330.2006899148764,17.184052563260035,5674.186011921965,5.6741860119219645,rebalance,rebalance,0.0
2005-05-26,2005-05-27,HSY,buy,147.75585255544317,38.40244507264314,5674.186011921965,5.6741860119219645,rebalance,rebalance,0.0
2005-05-26,2005-05-27,HUM,buy,177.69505780944695,31.932154342788383,5674.186011921965,5.6741860119219645,rebalance,rebalance,0.0
2005-05-26,2005-05-27,JWN,buy,263.8026012363776,21.50921175655,5674.186011921965,5.6741860119219645,rebalance,rebalance,0.0
2005-05-26,2005-05-27,MCK,buy,166.84841713850267,34.00803021830145,5674.186011921965,5.6741860119219645,rebalance,rebalance,0.0
2005-05-26,2005-05-27,MON,buy,234.23279435973737,24.224558424588,5674.186011921965,5.6741860119219645,rebalance,rebalance,0.0
2005-05-26,2005-05-27,MRK,buy,391.64215950403394,14.488189982170498,5674.186011921965,5.6741860119219645,rebalance,rebalance,0.0
2005-05-26,2005-05-27,MRO,buy,504.41823059500507,11.248970928804,5674.186011921965,5.6741860119219645,rebalance,rebalance,0.0
2005-05-26,2005-05-27,PEG,buy,446.38225952141306,12.711495340351384,5674.186011921965,5.6741860119219645,rebalance,rebalance,0.0
2005-05-26,2005-05-27,PHM,buy,179.8152797142213,31.55563876963011,5674.186011921965,5.6741860119219645,rebalance,rebalance,0.0
2005-05-26,2005-05-27,VLO,buy,326.9222943030668,17.35637523289196,5674.186011921965,5.6741860119219645,rebalance,rebalance,0.0
2005-06-24,2005-06-27,AES,sell,619.1716995346038,9.550408189058977,5913.342469668845,5.913342469668845,rebalance,rebalance,227.56892926529102
2005-06-24,2005-06-27,ELV,sell,106.7159218582144,54.021198299055314,5764.921976369092,5.7649219763690915,rebalance,rebalance,79.29685645883602
2005-06-24,2005-06-27,HSY,sell,147.75585255544317,36.684440327973874,5420.340756179061,5.420340756179061,rebalance,rebalance,-264.9397825110046
2005-06-24,2005-06-27,MON,sell,234.23279435973737,27.517337792208,6445.462924409686,6.445462924409686,rebalance,rebalance,759.1572635513905
2005-06-24,2005-06-27,MRK,sell,391.64215950403394,13.7549790506268,5387.029699320226,5.387029699320227,rebalance,rebalance,-298.2175283129801
2005-06-24,2005-06-27,PEG,sell,446.38225952141306,13.75599966009967,6140.434210251081,6.140434210251081,rebalance,rebalance,454.43357810694437
2005-06-24,2005-06-27,PHM,sell,179.8152797142213,33.580475578811814,6038.282609140624,6.038282609140624,rebalance,rebalance,352.38412859759705
2005-06-24,2005-06-27,VLO,sell,6.417367921556945,20.354678276421414,130.6234594247188,0.13062345942471879,rebalance,rebalance,18.999208065573704
2005-06-24,2005-06-27,AAPL,buy,5920.635232751901,1.1018707294135268,6523.774662503763,6.5237746625037625,rebalance,rebalance,0.0
2005-06-24,2005-06-27,CI,buy,11.83494707796629,31.805223243528797,376.4131338900667,0.3764131338900667,rebalance,rebalance,0.0
2005-06-24,2005-06-27,CMS,buy,0.8726679408548534,8.084247589111328,7.054863696950596,0.007054863696950596,rebalance,rebalance,0.0
2005-06-24,2005-06-27,COP,buy,292.84823250180114,22.276981516231753,6523.774662503763,6.5237746625037625,rebalance,rebalance,0.0
2005-06-24,2005-06-27,CVS,buy,351.62420199663023,18.55325835212641,6523.7746625037635,6.523774662503763,rebalance,rebalance,0.0
2005-06-24,2005-06-27,EFX,buy,229.7044277137755,28.400735359932852,6523.7746625037635,6.523774662503763,rebalance,rebalance,0.0
2005-06-24,2005-06-27,EOG,buy,13.58448495555001,18.976311776569748,257.78342184063825,0.25778342184063824,rebalance,rebalance,0.0
2005-06-24,2005-06-27,GLW,buy,597.9492066083176,10.910248881352084,6523.774662503763,6.5237746625037625,rebalance,rebalance,0.0
2005-06-24,2005-06-27,HUM,buy,20.97024930206703,32.83801664898575,688.621395714659,0.688621395714659,rebalance,rebalance,0.0
2005-06-24,2005-06-27,JCP,buy,168.1320171413072,38.80150118594504,6523.7746625037635,6.523774662503763,rebalance,rebalance,0.0
2005-06-24,2005-06-27,JWN,buy,15.709567564527617,23.339859192859,366.65909493677947,0.36665909493677945,rebalance,rebalance,0.0
2005-06-24,2005-06-27,MCK,buy,10.668222281352996,36.75021498730594,392.05946237209,0.39205946237209005,rebalance,rebalance,0.0
2005-06-24,2005-06-27,MRO,buy,6.615387162971331,12.765842472605,84.4509904177853,0.08445099041778531,rebalance,rebalance,0.0
2005-06-24,2005-06-27,OXY,buy,295.62397804978434,22.067812988448225,6523.7746625037635,6.523774662503763,rebalance,rebalance,0.0
2005-07-25,2005-07-26,AAPL,sell,5920.635232751901,1.3163231323663807,7793.469115174737,7.793469115174737,rebalance,rebalance,1255.377208893296
2005-07-25,2005-07-26,CVS,sell,351.62420199663023,19.642884539825133,6906.913601227958,6.9069136012279575,rebalance,rebalance,369.7082504604629
2005-07-25,2005-07-26,EFX,sell,229.7044277137755,29.56112727037482,6790.32182221553,6.79032182221553,rebalance,rebalance,253.2330632270476
2005-07-25,2005-07-26,EOG,sell,27.640319182746396,22.02634252769695,608.8151378940447,0.6088151378940447,rebalance,rebalance,130.79920326100506
2005-07-25,2005-07-26,GLW,sell,9.497647352339754,11.833624654764517,112.39159387090665,0.11239159387090665,rebalance,rebalance,8.553884179293036
2005-07-25,2005-07-26,HUM,sell,198.66530711151398,33.75260794188412,6705.472222588935,6.705472222588935,rebalance,rebalance,329.5965353220869
2005-07-25,2005-07-26,JCP,sell,168.1320171413072,42.70198438502745,7179.570770591267,7.179570770591267,rebalance,rebalance,642.0927626544095
2005-07-25,2005-07-26,JWN,sell,10.813081099211956,25.915662532792,280.2281607068886,0.2802281607068886,rebalance,rebalance,46.02084279982007
2005-07-25,2005-07-26,CI,buy,19.487362406083008,31.003546334924852,604.1773433024672,0.6041773433024672,rebalance,rebalance,0.0
2005-07-25,2005-07-26,CMS,buy,33.873140565481776,8.281550316705555,280.5221179778774,0.28052211797787735,rebalance,rebalance,0.0
2005-07-25,2005-07-26,COP,buy,2.064849930555681,23.61209215377334,48.75542684399322,0.04875542684399322,rebalance,rebalance,0.0
2005-07-25,2005-07-26,DVN,buy,204.6791097302454,34.021619934362874,6963.5148797461625,6.963514879746163,rebalance,rebalance,0.0
2005-07-25,2005-07-26,JBL,buy,280.7338080313315,24.80468928405301,6963.5148797461625,6.963514879746163,rebalance,rebalance,0.0
2005-07-25,2005-07-26,MCK,buy,6.156571433715811,37.91252326556015,233.41115771683369,0.23341115771683368,rebalance,rebalance,0.0
2005-07-25,2005-07-26,MRO,buy,6.608325095176781,13.452377605579,88.89768452074185,0.08889768452074184,rebalance,rebalance,0.0
2005-07-25,2005-07-26,NVDA,buy,35273.81512207038,0.1974131478448777,6963.514879746163,6.963514879746164,rebalance,rebalance,0.0
2005-07-25,2005-07-26,ODP,buy,255.4087576578793,27.264197765191,6963.5148797461625,6.963514879746163,rebalance,rebalance,0.0
2005-07-25,2005-07-26,OXY,buy,5.746471789045472,23.106163472464495,132.77891654759017,0.13277891654759016,rebalance,rebalance,0.0
2005-07-25,2005-07-26,TXN,buy,355.38848357441134,19.59409266645001,6963.514879746163,6.963514879746164,rebalance,rebalance,0.0
2005-07-25,2005-07-26,VLO,buy,4.593132779255768,21.419736856388322,98.3836954781101,0.0983836954781101,rebalance,rebalance,0.0
2005-08-22,2005-08-23,CI,sell,224.60381804457987,33.79304831340355,7590.047674555388,7.590047674555388,rebalance,rebalance,921.02636127722
2005-08-22,2005-08-23,CMS,sell,840.8467754762476,8.532187646203603,7174.262470068574,7.174262470068574,rebalance,rebalance,1199.363451008117
2005-08-22,2005-08-23,COP,sell,294.9130824323568,24.099991945947135,7107.402911374243,7.107402911374243,rebalance,rebalance,521.1928890257648
2005-08-22,2005-08-23,DVN,sell,204.6791097302454,35.686119639793354,7304.203197599929,7.304203197599929,rebalance,rebalance,326.4205997764213
2005-08-22,2005-08-23,GLW,sell,54.831926569267125,12.42956155328773,681.5368063780586,0.6815368063780586,rebalance,rebalance,82.02707409143969
2005-08-22,2005-08-23,JBL,sell,280.7338080313315,22.90558248434096,6430.371396004804,6.430371396004804,rebalance,rebalance,-546.5373700171083
2005-08-22,2005-08-23,MCK,sell,183.67321085357148,39.52782303791425,7260.202175425485,7.260202175425485,rebalance,rebalance,946.9856846071627
2005-08-22,2005-08-23,MRO,sell,517.6419428531532,14.10658525598,7302.160198929133,7.302160198929133,rebalance,rebalance,1441.475817182851
2005-08-22,2005-08-23,NVDA,sell,35273.81512207038,0.22076392646836346,7787.185927867393,7.787185927867393,rebalance,rebalance,808.9203473136167
2005-08-22,2005-08-23,ODP,sell,19.290315904327116,28.090385576257,541.8724116403514,0.5418724116403514,rebalance,rebalance,14.869616472358775
2005-08-22,2005-08-23,OXY,sell,301.3704498388298,22.263208209739304,6709.473073024663,6.709473073024663,rebalance,rebalance,39.55346732123302
2005-08-22,2005-08-23,TXN,sell,355.38848357441134,19.584951977177298,6960.2663840467085,6.960266384046709,rebalance,rebalance,-17.172276963246368
2005-08-22,2005-08-23,VLO,sell,325.0980591607656,22.409210152080895,7285.190727767224,7.285190727767224,rebalance,rebalance,1611.0568878317035
2005-08-22,2005-08-23,AMGN,buy,125.85833360435912,52.69939526906733,6632.6580705222605,6.63265807052226,rebalance,rebalance,0.0
2005-08-22,2005-08-23,BBY,buy,255.61961089006613,25.94737566271766,6632.6580705222605,6.63265807052226,rebalance,rebalance,0.0
2005-08-22,2005-08-23,BRCM,buy,252.28774884175047,26.290052136787065,6632.6580705222605,6.63265807052226,rebalance,rebalance,0.0
2005-08-22,2005-08-23,DHI,buy,250.1374870801077,26.516049825023313,6632.6580705222605,6.63265807052226,rebalance,rebalance,0.0
2005-08-22,2005-08-23,EOG,buy,0.11807509421561235,20.971974344651663,2.47626784663215,0.00247626784663215,rebalance,rebalance,0.0
2005-08-22,2005-08-23,GILD,buy,918.2068086481111,7.223490403308616,6632.6580705222605,6.63265807052226,rebalance,rebalance,0.0
2005-08-22,2005-08-23,HSP,buy,175.6065149727895,37.77,6632.6580705222605,6.63265807052226,rebalance,rebalance,0.0
2005-08-22,2005-08-23,JCP,buy,174.83591792662406,37.93647294662808,6632.658070522261,6.632658070522261,rebalance,rebalance,0.0
2005-08-22,2005-08-23,JWN,buy,8.957643303767497,23.887978679659,213.97999226038817,0.21397999226038816,rebalance,rebalance,0.0
2005-08-22,2005-08-23,MSI,buy,105.97623610750713,62.58627701963098,6632.6580705222605,6.63265807052226,rebalance,rebalance,0.0
2005-08-22,2005-08-23,PHM,buy,190.9212711205142,34.74027818689497,6632.6580705222605,6.63265807052226,rebalance,rebalance,0.0
2005-08-22,2005-08-23,SWY,buy,382.4192943390614,17.343942025690783,6632.6580705222605,6.63265807052226,rebalance,rebalance,0.0
2005-08-22,2005-08-23,TPR,buy,321.31261719625,20.642382886792124,6632.65807052226,6.632658070522259,rebalance,rebalance,0.0
2005-09-20,2005-09-21,DHI,sell,250.1374870801077,26.448024633896985,6615.642420155777,6.615642420155777,rebalance,rebalance,-30.26395085716076
2005-09-20,2005-09-21,EOG,sell,316.26293078189565,24.73174166812615,7821.733103302306,7.821733103302305,rebalance,rebalance,2350.938342383305
2005-09-20,2005-09-21,GILD,sell,918.2068086481111,7.849757703145345,7207.700969266014,7.207700969266014,rebalance,rebalance,561.202539703965
2005-09-20,2005-09-21,HSP,sell,175.6065149727895,40.48,7108.551726098519,7.108551726098519,rebalance,rebalance,462.1524457796386
2005-09-20,2005-09-21,JCP,sell,174.83591792662406,35.12219453812451,6140.6211216704605,6.140621121670461,rebalance,rebalance,-504.8102280439925
2005-09-20,2005-09-21,JWN,sell,277.65673100546076,24.200609218334,6719.462043903238,6.7194620439032375,rebalance,rebalance,685.5897473874461
2005-09-20,2005-09-21,ODP,sell,236.1184417535522,27.00176163697,6375.613882322201,6.375613882322201,rebalance,rebalance,-74.77920342967725
2005-09-20,2005-09-21,PHM,sell,190.9212711205142,34.65359281919735,6616.107989933881,6.616107989933881,rebalance,rebalance,-29.79884664883341
2005-09-20,2005-09-21,TPR,sell,321.31261719625,19.58461371133867,6292.783488367791,6.292783488367791,rebalance,rebalance,-352.8000237133587
2005-09-20,2005-09-21,A,buy,360.1768041802868,20.13041554802545,7250.508738908963,7.250508738908963,rebalance,rebalance,0.0
2005-09-20,2005-09-21,ADSK,buy,173.00187939171929,41.90999984741211,7250.508738908963,7.250508738908963,rebalance,rebalance,0.0
2005-09-20,2005-09-21,AMD,buy,324.84358593384223,22.31999969482422,7250.508738908964,7.250508738908964,rebalance,rebalance,0.0
2005-09-20,2005-09-21,AMGN,buy,1.4533558710561891,56.950848494623756,82.76985002129297,0.08276985002129297,rebalance,rebalance,0.0
2005-09-20,2005-09-21,BBY,buy,63.79782367025277,22.699164023057655,1448.1572638051778,1.4481572638051778,rebalance,rebalance,0.0
2005-09-20,2005-09-21,BRCM,buy,8.224007411758436,27.83179094556238,228.88885501881632,0.2288888550188163,rebalance,rebalance,0.0
2005-09-20,2005-09-21,CI,buy,216.39912996725633,33.50525826978162,7250.508738908963,7.250508738908963,rebalance,rebalance,0.0
2005-09-20,2005-09-21,ETFC,buy,43.41621999346685,167.0,7250.508738908963,7.250508738908963,rebalance,rebalance,0.0
2005-09-20,2005-09-21,GLW,buy,17.4784554214325,13.156475943872591,229.95487828812617,0.22995487828812616,rebalance,rebalance,0.0
2005-09-20,2005-09-21,HPQ,buy,951.7717487526348,7.6179070753164035,7250.508738908963,7.250508738908963,rebalance,rebalance,0.0
2005-09-20,2005-09-21,HUM,buy,177.29528061837314,40.89510286805452,7250.508738908963,7.250508738908963,rebalance,rebalance,0.0
2005-09-20,2005-09-21,MRO,buy,445.1798989690348,16.286693886449,7250.508738908963,7.250508738908963,rebalance,rebalance,0.0
2005-09-20,2005-09-21,MSI,buy,2.8758375161964835,66.60882514717747,191.55615826802472,0.19155615826802472,rebalance,rebalance,0.0
2005-09-20,2005-09-21,SCHW,buy,695.6759236208048,10.422250494414163,7250.508738908963,7.250508738908963,rebalance,rebalance,0.0
2005-09-20,2005-09-21,SWY,buy,7.4751451090371575,18.596081414169863,139.00840703038864,0.13900840703038864,rebalance,rebalance,0.0
2005-10-18,2005-10-19,A,sell,360.1768041802868,18.243555858089174,6570.905645851109,6.570905645851108,market_trend_exit,risk_exit,-693.4245074426146
2005-10-18,2005-10-19,ADSK,sell,173.00187939171929,42.2599983215332,7311.059132716146,7.311059132716147,market_trend_exit,risk_exit,45.98882593555931
2005-10-18,2005-10-19,AMD,sell,324.84358593384223,20.6299991607666,6701.5229051955785,6.701522905195579,market_trend_exit,risk_exit,-562.9378653574888
2005-10-18,2005-10-19,AMGN,sell,127.3116894754153,50.7171613933814,6456.887502388695,6.456887502388695,market_trend_exit,risk_exit,-271.7127335777904
2005-10-18,2005-10-19,BBY,sell,319.4174345603189,23.037202209040814,7358.484029059128,7.358484029059128,market_trend_exit,risk_exit,-737.770604631695
2005-10-18,2005-10-19,BRCM,sell,260.5117562535089,26.618213409337635,6934.3575235972485,6.9343575235972486,market_trend_exit,risk_exit,59.0146936070333
2005-10-18,2005-10-19,CI,sell,216.39912996725633,33.35619600246284,7218.251793950231,7.218251793950231,market_trend_exit,risk_exit,-46.72570549158941
2005-10-18,2005-10-19,ETFC,sell,43.41621999346685,164.0,7120.2600789285625,7.120260078928562,market_trend_exit,risk_exit,-144.6194287982369
2005-10-18,2005-10-19,GLW,sell,551.0980881081432,11.689550557590971,6442.088963131863,6.442088963131863,market_trend_exit,risk_exit,377.7171174140341
2005-10-18,2005-10-19,HPQ,sell,951.7717487526348,7.454667879418851,7095.142283964576,7.0951422839645755,market_trend_exit,risk_exit,-169.7121059672604
2005-10-18,2005-10-19,HUM,sell,177.29528061837314,39.89339797180061,7072.911188230827,7.072911188230827,market_trend_exit,risk_exit,-191.92097060527453
2005-10-18,2005-10-19,MRO,sell,445.1798989690348,14.132233592809,6291.38632305351,6.29138632305351,market_trend_exit,risk_exit,-972.6643109174141
2005-10-18,2005-10-19,MSI,sell,108.85207362370362,62.72584175087648,6827.837944375188,6.827837944375188,market_trend_exit,risk_exit,-10.028336588261583
2005-10-18,2005-10-19,SCHW,sell,695.6759236208048,9.729884838267756,6768.846621585986,6.768846621585986,market_trend_exit,risk_exit,-495.6814726834704
2005-10-18,2005-10-19,SWY,sell,389.8944394480986,16.992763140632306,6625.383859391144,6.625383859391144,market_trend_exit,risk_exit,-159.67966849844908
2005-11-15,2005-11-16,A,buy,183.61695936295303,20.386356353759766,3743.2807661669863,3.7432807661669862,rebalance,rebalance,0.0
2005-11-15,2005-11-16,AAPL,buy,1981.8377650128768,1.888792731801972,3743.2807661669863,3.7432807661669862,rebalance,rebalance,0.0
2005-11-15,2005-11-16,AMD,buy,148.48397073019126,25.209999084472656,3743.2807661669863,3.7432807661669862,rebalance,rebalance,0.0
2005-11-15,2005-11-16,AON,buy,130.8512498987273,28.60714566398188,3743.280766166986,3.743280766166986,rebalance,rebalance,0.0
2005-11-15,2005-11-16,DVN,buy,108.6883911658399,34.44048371693514,3743.2807661669863,3.7432807661669862,rebalance,rebalance,0.0
2005-11-15,2005-11-16,EOG,buy,165.93831555416133,22.558266628572593,3743.2807661669863,3.7432807661669862,rebalance,rebalance,0.0
2005-11-15,2005-11-16,ETFC,buy,19.784782062193376,189.2,3743.2807661669863,3.7432807661669862,rebalance,rebalance,0.0
2005-11-15,2005-11-16,FCX,buy,236.92059189380026,15.799727394927803,3743.2807661669863,3.7432807661669862,rebalance,rebalance,0.0
2005-11-15,2005-11-16,HAL,buy,181.39005050377898,20.636637763596635,3743.2807661669863,3.7432807661669862,rebalance,rebalance,0.0
2005-11-15,2005-11-16,HES,buy,100.45873231800336,37.26187539693,3743.2807661669863,3.7432807661669862,rebalance,rebalance,0.0
2005-11-15,2005-11-16,MRO,buy,278.9402676832911,13.419650010579,3743.2807661669863,3.7432807661669862,rebalance,rebalance,0.0
2005-11-15,2005-11-16,MYL,buy,187.4720357592679,19.96714203804624,3743.2807661669863,3.7432807661669862,rebalance,rebalance,0.0
2005-11-15,2005-11-16,ODP,buy,137.5908794449515,27.205878625586,3743.280766166986,3.743280766166986,rebalance,rebalance,0.0
2005-11-15,2005-11-16,VLO,buy,149.8066816872234,24.987408598919927,3743.2807661669863,3.7432807661669862,rebalance,rebalance,0.0
2005-11-15,2005-11-16,WMB,buy,540.2698179081457,6.928539485438001,3743.280766166986,3.743280766166986,rebalance,rebalance,0.0
2005-12-14,2005-12-15,DVN,sell,108.6883911658399,41.34231186205617,4493.429363363304,4.493429363363305,rebalance,rebalance,741.9118870667883
2005-12-14,2005-12-15,EOG,sell,165.93831555416133,27.422708001725315,4550.47797373992,4.550477973739921,rebalance,rebalance,798.9034488330275
2005-12-14,2005-12-15,HAL,sell,181.39005050377898,23.922932921262476,4339.382010786318,4.339382010786317,rebalance,rebalance,588.0185818423782
2005-12-14,2005-12-15,HES,sell,100.45873231800336,38.704706528932,3888.2257526368567,3.8882257526368567,rebalance,rebalance,137.3134799510668
2005-12-14,2005-12-15,MRO,sell,278.9402676832911,15.051674544454,4198.518126511777,4.198518126511777,rebalance,rebalance,447.2955614521127
2005-12-14,2005-12-15,MYL,sell,187.4720357592679,20.525594980229084,3847.9750761137566,3.8479750761137566,rebalance,rebalance,97.10305410448981
2005-12-14,2005-12-15,ODP,sell,137.5908794449515,28.615257832699,3937.1984907450924,3.9371984907450925,rebalance,rebalance,186.23724532119465
2005-12-14,2005-12-15,WMB,sell,540.2698179081457,8.362391064659452,4517.9474977802665,4.517947497780266,rebalance,rebalance,766.4055033493338
2005-12-14,2005-12-15,A,buy,158.72682486152473,21.13038782995152,3353.9593683408084,3.3539593683408087,rebalance,rebalance,0.0
2005-12-14,2005-12-15,AAPL,buy,1345.8599085828678,2.173832373425891,2925.673839373448,2.9256738393734483,rebalance,rebalance,0.0
2005-12-14,2005-12-15,AMD,buy,114.18330201335934,27.540000915527344,3144.6082419858512,3.144608241985851,rebalance,rebalance,0.0
2005-12-14,2005-12-15,AMGN,buy,136.40264247417744,53.03311431965773,7233.8569318364525,7.233856931836453,rebalance,rebalance,0.0
2005-12-14,2005-12-15,AON,buy,118.90183195248744,28.96403471067426,3443.876787834604,3.443876787834604,rebalance,rebalance,0.0
2005-12-14,2005-12-15,BEN,buy,437.42667535739696,16.537301768178796,7233.856931836453,7.233856931836454,rebalance,rebalance,0.0
2005-12-14,2005-12-15,ETFC,buy,14.744367970438862,209.5,3088.9450898069417,3.0889450898069417,rebalance,rebalance,0.0
2005-12-14,2005-12-15,FCX,buy,189.46353405320488,16.965586877255234,3214.360047051453,3.214360047051453,rebalance,rebalance,0.0
2005-12-14,2005-12-15,MWW,buy,176.2206317134337,41.05,7233.856931836453,7.233856931836454,rebalance,rebalance,0.0
2005-12-14,2005-12-15,NSC,buy,262.25994143952374,27.58277490695069,7233.8569318364525,7.233856931836453,rebalance,rebalance,0.0
2005-12-14,2005-12-15,PAYX,buy,342.9361211017649,21.09389033909856,7233.8569318364525,7.233856931836453,rebalance,rebalance,0.0
2005-12-14,2005-12-15,PFG,buy,269.6990150818471,26.82196273368352,7233.8569318364525,7.233856931836453,rebalance,rebalance,0.0
2005-12-14,2005-12-15,QCOM,buy,249.5154574656477,28.991618416395635,7233.856931836453,7.233856931836454,rebalance,rebalance,0.0
2005-12-14,2005-12-15,SCHW,buy,634.2155233656799,11.405991599586741,7233.856931836454,7.2338569318364545,rebalance,rebalance,0.0
2005-12-14,2005-12-15,VLO,buy,112.60266989154175,27.567069878853495,3104.1256694456038,3.1041256694456036,rebalance,rebalance,0.0
2006-01-13,2006-01-17,A,sell,65.45599371953278,20.041130890926993,1311.8121377288517,1.3118121377288516,rebalance,rebalance,-47.84612030523357
2006-01-13,2006-01-17,AAPL,sell,1162.8154037624472,2.56325460692903,2980.591940702133,2.980591940702133,rebalance,rebalance,644.9120873319944
2006-01-13,2006-01-17,AMD,sell,91.71395764430201,32.459999084472656,2977.0349811674073,2.9770349811674075,rebalance,rebalance,566.6500125358476
2006-01-13,2006-01-17,AMGN,sell,136.40264247417744,51.638196570828185,7043.586464861973,7.043586464861973,rebalance,rebalance,-204.54791037117826
2006-01-13,2006-01-17,AON,sell,61.920267563908794,29.54299797223554,1829.3103390808396,1.8293103390808396,rebalance,rebalance,43.81635407761421
2006-01-13,2006-01-17,BEN,sell,437.42667535739696,16.463643308882947,7201.636756874722,7.201636756874722,rebalance,rebalance,-46.65566865044237
2006-01-13,2006-01-17,ETFC,sell,9.499179569803303,221.7,2105.968110625392,2.1059681106253922,rebalance,rebalance,222.39559189825002
2006-01-13,2006-01-17,FCX,sell,142.70150298890172,19.56110104223309,2791.398518844434,2.791398518844434,rebalance,rebalance,457.70733624679735
2006-01-13,2006-01-17,MWW,sell,48.06487070629342,43.3,2081.208901582505,2.081208901582505,rebalance,rebalance,104.09168724508442
2006-01-13,2006-01-17,NSC,sell,262.25994143952374,26.372360312718094,6916.4136712354675,6.916413671235468,rebalance,rebalance,-331.59353120405626
2006-01-13,2006-01-17,PAYX,sell,342.9361211017649,18.52658963200842,6353.436785645142,6.353436785645142,rebalance,rebalance,-894.0074399087916
2006-01-13,2006-01-17,PFG,sell,269.6990150818471,25.550342980788745,6890.90233692211,6.89090233692211,rebalance,rebalance,-357.07935418310063
2006-01-13,2006-01-17,QCOM,sell,249.5154574656477,29.539807927101556,7370.6386883781115,7.370638688378111,rebalance,rebalance,122.17726092144392
2006-01-13,2006-01-17,SCHW,sell,634.2155233656799,11.073990726850457,7023.296824576149,7.02329682457615,rebalance,rebalance,-224.81726101671717
2006-01-13,2006-01-17,VLO,sell,80.20311466952941,30.45529365920348,2442.609409643289,2.442609409643289,rebalance,rebalance,345.2242855693155
2006-01-13,2006-01-17,AMZN,buy,2525.2079525330755,2.197499990463257,5549.144451609174,5.549144451609174,rebalance,rebalance,0.0
2006-01-13,2006-01-17,EOG,buy,200.98464702101404,27.6097927571004,5549.144451609174,5.549144451609174,rebalance,rebalance,0.0
2006-01-13,2006-01-17,HAL,buy,218.10355199507072,25.44270554444977,5549.144451609174,5.549144451609174,rebalance,rebalance,0.0
2006-01-13,2006-01-17,NEM,buy,137.89877704747184,40.24070822396687,5549.144451609174,5.549144451609174,rebalance,rebalance,0.0
2006-01-13,2006-01-17,NUE,buy,284.6323975636188,19.4958286516519,5549.144451609174,5.549144451609174,rebalance,rebalance,0.0
2006-01-13,2006-01-17,NVDA,buy,17342.853518441512,0.3199672098774573,5549.144451609174,5.549144451609174,rebalance,rebalance,0.0
2006-01-13,2006-01-17,SLB,buy,158.05479862401265,35.10899067866779,5549.144451609174,5.549144451609174,rebalance,rebalance,0.0
2006-02-13,2006-02-14,A,sell,276.887790504945,20.582779065173693,5699.120217807381,5.699120217807381,rebalance,rebalance,-52.5698311563718
2006-02-13,2006-02-14,AMD,sell,42.44334393253922,39.29999923706055,1668.0233841670897,1.6680233841670897,rebalance,rebalance,552.2562035954203
2006-02-13,2006-02-14,AMZN,sell,2525.2079525330755,1.9019999504089355,4802.945400490159,4.8029454004901595,rebalance,rebalance,-756.5511409711132
2006-02-13,2006-02-14,AON,sell,187.83281428730595,30.23249541441479,5678.654696617602,5.678654696617602,rebalance,rebalance,262.2960050295381
2006-02-13,2006-02-14,EOG,sell,200.98464702101404,22.400081191525434,4502.072411520795,4.502072411520795,rebalance,rebalance,-1057.1232569515087
2006-02-13,2006-02-14,ETFC,sell,3.4837171829383564,234.4,816.5833076807507,0.8165833076807507,rebalance,rebalance,125.76004502336691
2006-02-13,2006-02-14,HAL,sell,218.10355199507072,25.522117683614717,5566.464521232576,5.566464521232576,rebalance,rebalance,6.204460650561026
2006-02-13,2006-02-14,MWW,sell,20.49339117541247,46.91,961.3449800385989,0.9613449800385989,rebalance,rebalance,118.28867360012781
2006-02-13,2006-02-14,NEM,sell,0.9833386067502943,36.887306693269466,36.272712770530404,0.0362727127705304,rebalance,rebalance,-3.373372143800416
2006-02-13,2006-02-14,NUE,sell,284.6323975636188,22.210974341036234,6321.962878913161,6.321962878913161,rebalance,rebalance,760.9473199734655
2006-02-13,2006-02-14,NVDA,sell,2318.233604244222,0.33614439484316083,779.2612320037537,0.7792612320037536,rebalance,rebalance,35.981473839370466
2006-02-13,2006-02-14,SLB,sell,158.05479862401265,37.10237295526782,5864.208085917868,5.864208085917868,rebalance,rebalance,303.650281771167
2006-02-13,2006-02-14,VLO,sell,182.20623690923574,24.865104994924224,4530.577211478184,4.530577211478184,rebalance,rebalance,-233.26469311716676
2006-02-13,2006-02-14,AAPL,buy,428.9229390404048,1.947116827249871,835.1630721990427,0.8351630721990427,rebalance,rebalance,0.0
2006-02-13,2006-02-14,ADBE,buy,132.03769330212683,38.25,5050.441768806351,5.050441768806351,rebalance,rebalance,0.0
2006-02-13,2006-02-14,BRCM,buy,120.4839623919978,41.917958776742445,5050.441768806351,5.050441768806351,rebalance,rebalance,0.0
2006-02-13,2006-02-14,FCX,buy,24.582750310172514,16.383422228908834,402.74957787939593,0.4027495778793959,rebalance,rebalance,0.0
2006-02-13,2006-02-14,GILD,buy,495.78927732562147,10.18667002249295,5050.441768806351,5.050441768806351,rebalance,rebalance,0.0
2006-02-13,2006-02-14,HPQ,buy,582.1857777282155,8.674965899225509,5050.441768806351,5.050441768806351,rebalance,rebalance,0.0
2006-02-13,2006-02-14,JNS,buy,283.63811669604684,17.805934645302,5050.441768806351,5.050441768806351,rebalance,rebalance,0.0
2006-02-13,2006-02-14,MCO,buy,100.84611804562273,50.08067605062928,5050.441768806351,5.050441768806351,rebalance,rebalance,0.0
2006-02-13,2006-02-14,MU,buy,319.9019657460877,15.787467129273546,5050.441768806351,5.050441768806351,rebalance,rebalance,0.0
2006-02-13,2006-02-14,NTAP,buy,217.8937183162555,23.178464289071584,5050.441768806351,5.050441768806351,rebalance,rebalance,0.0
2006-03-14,2006-03-15,AAPL,sell,2593.805208873702,2.025180737715171,5252.924346396298,5.252924346396298,rebalance,rebalance,68.74888806212168
2006-03-14,2006-03-15,FCX,sell,308.26537326827594,16.793710969025238,5176.919580426105,5.176919580426105,rebalance,rebalance,134.89166343553939
2006-03-14,2006-03-15,GILD,sell,495.78927732562147,10.787197380342475,5348.176793568833,5.348176793568833,rebalance,rebalance,287.3364062001066
2006-03-14,2006-03-15,HPQ,sell,582.1857777282155,9.11991541291114,5309.485047481212,5.309485047481212,rebalance,rebalance,248.6833518585739
2006-03-14,2006-03-15,MCO,sell,100.84611804562273,54.49645187735162,5495.755619091,5.495755619091,rebalance,rebalance,434.7676528967512
2006-03-14,2006-03-15,MU,sell,319.9019657460877,14.76358018032592,4722.898321136242,4.722898321136242,rebalance,rebalance,-337.3167877600515
2006-03-14,2006-03-15,NEM,sell,136.91543844072154,34.20103898113063,4682.650247229709,4.682650247229709,rebalance,rebalance,-837.1161868767432
2006-03-14,2006-03-15,ADBE,buy,34.77384665617922,37.63999938964844,1308.887566914314,1.308887566914314,rebalance,rebalance,0.0
2006-03-14,2006-03-15,AMD,buy,50.016801341372485,35.16999816894531,1759.0908115925718,1.7590908115925719,rebalance,rebalance,0.0
2006-03-14,2006-03-15,BRCM,buy,27.47859351801793,42.43496757406268,1166.0532249179398,1.1660532249179398,rebalance,rebalance,0.0
2006-03-14,2006-03-15,DRI,buy,313.81490391660145,20.007928826368257,6278.786262216955,6.278786262216955,rebalance,rebalance,0.0
2006-03-14,2006-03-15,ETFC,buy,3.105439936508933,254.7,790.9555518288253,0.7909555518288253,rebalance,rebalance,0.0
2006-03-14,2006-03-15,IGT,buy,236.1108807358624,26.592532468849,6278.786262216955,6.278786262216955,rebalance,rebalance,0.0
2006-03-14,2006-03-15,JBL,buy,212.32315028597395,29.57184015855162,6278.786262216955,6.278786262216955,rebalance,rebalance,0.0
2006-03-14,2006-03-15,JNS,buy,54.75368650770548,18.554782364029,1015.9427367787462,1.0159427367787461,rebalance,rebalance,0.0
2006-03-14,2006-03-15,MWW,buy,20.738167227923626,48.9,1014.0963774454652,1.0140963774454652,rebalance,rebalance,0.0
2006-03-14,2006-03-15,NSC,buy,187.4031049975878,33.50417412933352,6278.786262216955,6.278786262216955,rebalance,rebalance,0.0
2006-03-14,2006-03-15,NTAP,buy,33.543898943038016,24.971546941371127,837.6430470526832,0.8376430470526832,rebalance,rebalance,0.0
2006-03-14,2006-03-15,NUE,buy,233.7571417435064,26.860297038994638,6278.786262216955,6.278786262216955,rebalance,rebalance,0.0
2006-03-14,2006-03-15,NVDA,buy,1634.681174292793,0.3768937381505741,616.1010984635809,0.616101098463581,rebalance,rebalance,0.0
2006-03-14,2006-03-15,SBUX,buy,472.28300276306965,13.294542097605058,6278.786262216955,6.278786262216955,rebalance,rebalance,0.0
2006-03-14,2006-03-15,SLB,buy,162.39801495695758,38.66294956795563,6278.786262216955,6.278786262216955,rebalance,rebalance,0.0
2006-04-11,2006-04-12,ADBE,sell,166.81153995830604,37.0,6172.026978457324,6.172026978457324,rebalance,rebalance,-199.83371357752034
2006-04-11,2006-04-12,DRI,sell,313.81490391660145,19.29599276127357,6055.370114354502,6.055370114354503,rebalance,rebalance,-235.75030423902334
2006-04-11,2006-04-12,IGT,sell,236.1108807358624,27.295823578675,6444.840945571674,6.4448409455716735,rebalance,rebalance,153.33105614693108
2006-04-11,2006-04-12,JBL,sell,212.32315028597395,32.16860031050406,6830.138558216582,6.830138558216582,rebalance,rebalance,538.2433711791937
2006-04-11,2006-04-12,NSC,sell,187.4031049975878,34.10189700135688,6390.801384362208,6.3908013843622085,rebalance,rebalance,99.3455344986758
2006-04-11,2006-04-12,NVDA,sell,783.3599811364438,0.4496173492123209,352.21223819758154,0.3522122381975816,rebalance,rebalance,96.57974459680933
2006-04-11,2006-04-12,SBUX,sell,472.28300276306965,13.866662963794493,6548.9892228443105,6.548989222844311,rebalance,rebalance,257.3751851422938
2006-04-11,2006-04-12,ADM,buy,321.4495835445511,22.205966105879124,7138.0985569392615,7.138098556939261,rebalance,rebalance,0.0
2006-04-11,2006-04-12,AMD,buy,27.182115099867303,34.70000076293945,943.2194147037035,0.9432194147037035,rebalance,rebalance,0.0
2006-04-11,2006-04-12,BRCM,buy,29.00350909450384,40.33597377416376,1169.884782194627,1.169884782194627,rebalance,rebalance,0.0
2006-04-11,2006-04-12,ETFC,buy,2.8025320025976477,260.0,728.6583206753884,0.7286583206753884,rebalance,rebalance,0.0
2006-04-11,2006-04-12,JNS,buy,35.74246081862185,19.078975767139,681.9295438164014,0.6819295438164015,rebalance,rebalance,0.0
2006-04-11,2006-04-12,MON,buy,204.2580950379895,34.94646591907,7138.0985569392615,7.138098556939261,rebalance,rebalance,0.0
2006-04-11,2006-04-12,MWW,buy,12.557175360160187,50.64,635.8953602385119,0.6358953602385119,rebalance,rebalance,0.0
2006-04-11,2006-04-12,NTAP,buy,18.43435234084569,26.449944273633,487.5875921358846,0.48758759213588465,rebalance,rebalance,0.0
2006-04-11,2006-04-12,NUE,buy,4.560177412980636,29.95207642568415,136.58678238827463,0.13658678238827462,rebalance,rebalance,0.0
2006-04-11,2006-04-12,PMCS,buy,571.9630253957741,12.48,7138.0985569392615,7.138098556939261,rebalance,rebalance,0.0
2006-04-11,2006-04-12,RAI,buy,996.5685121744395,7.1626771965376,7138.0985569392615,7.138098556939261,rebalance,rebalance,0.0
2006-04-11,2006-04-12,ROK,buy,153.58971010987744,46.4751092493937,7138.0985569392615,7.138098556939261,rebalance,rebalance,0.0
2006-04-11,2006-04-12,SLB,buy,13.573731125305159,40.56389003267812,550.6033367000186,0.5506033367000187,rebalance,rebalance,0.0
2006-04-11,2006-04-12,X,buy,128.15801457431752,55.697636863748,7138.0985569392615,7.138098556939261,rebalance,rebalance,0.0
2006-05-10,2006-05-11,ADM,sell,27.93931554800338,27.359093534353686,764.3943473636466,0.7643943473636466,rebalance,rebalance,142.59003944177803
2006-05-10,2006-05-11,JNS,sell,374.13426402237417,16.342144071064,6114.156044575135,6.114156044575135,rebalance,rebalance,-647.0204749203414
2006-05-10,2006-05-11,MON,sell,204.2580950379895,37.057185462452,7569.230110029923,7.569230110029923,rebalance,rebalance,416.42422442369394
2006-05-10,2006-05-11,MWW,sell,6.673851626989432,59.8,399.096327293968,0.399096327293968,rebalance,rebalance,111.03887867097372
2006-05-10,2006-05-11,NTAP,sell,269.8719696001392,26.310884827291208,7100.570310263497,7.100570310263497,rebalance,rebalance,711.42165955032
2006-05-10,2006-05-11,RAI,sell,996.5685121744395,7.854436478555,7827.484075402201,7.827484075402201,rebalance,rebalance,674.4199358305976
2006-05-10,2006-05-11,ROK,sell,153.58971010987744,49.62090612255849,7621.260586753201,7.621260586753201,rebalance,rebalance,468.40267067024797
2006-05-10,2006-05-11,SLB,sell,7.568846815005088,47.68430300399265,360.91518491750736,0.36091518491750735,rebalance,rebalance,66.51675820095187
2006-05-10,2006-05-11,X,sell,11.876254276337505,69.057906027849,820.1492517781553,0.8201492517781553,rebalance,rebalance,157.18832524341153
2006-05-10,2006-05-11,AMD,buy,36.89459413205998,33.099998474121094,1221.2110094745024,1.2212110094745023,rebalance,rebalance,0.0
2006-05-10,2006-05-11,BRCM,buy,45.18553982385919,36.14727375755132,1633.3340778957752,1.6333340778957752,rebalance,rebalance,0.0
2006-05-10,2006-05-11,CAT,buy,163.7275879690995,49.04594867009408,8030.174875410766,8.030174875410767,rebalance,rebalance,0.0
2006-05-10,2006-05-11,CTXS,buy,231.28351197413818,34.72004902929998,8030.174875410767,8.030174875410767,rebalance,rebalance,0.0
2006-05-10,2006-05-11,ETFC,buy,2.8826651301179425,264.7,763.0414599422194,0.7630414599422194,rebalance,rebalance,0.0
2006-05-10,2006-05-11,IGT,buy,269.08134393687925,29.84292689312,8030.174875410767,8.030174875410767,rebalance,rebalance,0.0
2006-05-10,2006-05-11,JBL,buy,270.34193344818607,29.703770972511133,8030.174875410766,8.030174875410767,rebalance,rebalance,0.0
2006-05-10,2006-05-11,NCR,buy,863.8913824874134,9.295352446148245,8030.174875410767,8.030174875410767,rebalance,rebalance,0.0
2006-05-10,2006-05-11,NUE,buy,0.09630885941359679,33.68169404676484,3.243845536761655,0.003243845536761655,rebalance,rebalance,0.0
2006-05-10,2006-05-11,NVDA,buy,1768.4652473072274,0.45511164921054725,804.8491352735306,0.8048491352735306,rebalance,rebalance,0.0
2006-05-10,2006-05-11,PMCS,buy,161.38627829470693,10.95,1767.1797473270408,1.7671797473270408,rebalance,rebalance,0.0
2006-06-08,2006-06-09,ADM,sell,151.68596573996334,24.829779785190528,3766.3291258272448,3.766329125827245,rebalance,rebalance,390.8610493282908
2006-06-08,2006-06-09,AMD,sell,242.60348174000913,27.399999618530273,6647.335307130366,6.6473353071303665,rebalance,rebalance,-660.0265915064084
2006-06-08,2006-06-09,BRCM,sell,222.15160482837877,28.429292130489355,6315.61287092301,6.31561287092301,rebalance,rebalance,-2719.436309616421
2006-06-08,2006-06-09,CAT,sell,78.09504582291737,41.12299022032821,3211.5018056319145,3.2115018056319147,rebalance,rebalance,-625.7855506019868
2006-06-08,2006-06-09,CTXS,sell,109.18587549888919,28.84139525447034,3149.072991468852,3.149072991468852,rebalance,rebalance,-648.805971101721
2006-06-08,2006-06-09,ETFC,sell,30.3368903491151,227.5,6901.642554423685,6.9016425544236855,rebalance,rebalance,342.21807222670117
2006-06-08,2006-06-09,IGT,sell,141.28054155669508,27.554335556858,3892.8914497077976,3.8928914497077978,rebalance,rebalance,-331.4425397118603
2006-06-08,2006-06-09,JBL,sell,270.34193344818607,27.04014078577456,7310.083940737448,7.310083940737448,rebalance,rebalance,-735.4311934894648
2006-06-08,2006-06-09,MWW,sell,51.44532413746367,42.51,2186.9407290835807,2.1869407290835805,rebalance,rebalance,-32.65798550849037
2006-06-08,2006-06-09,NCR,sell,863.8913824874134,8.3644804980067,7226.002621212016,7.226002621212015,rebalance,rebalance,-819.428431695373
2006-06-08,2006-06-09,NUE,sell,111.30669169261257,27.704752353267924,3083.7243286053754,3.0837243286053755,rebalance,rebalance,81.02412997179334
2006-06-08,2006-06-09,NVDA,sell,7011.472382630594,0.3311848077381501,2322.093133002863,2.322093133002863,rebalance,rebalance,-56.25588919751095
2006-06-08,2006-06-09,PMCS,sell,346.37499674330627,9.1,3152.0124703640868,3.152012470364087,rebalance,rebalance,-1061.4800903878836
2006-06-08,2006-06-09,SLB,sell,78.25998422798119,39.065368494960936,3057.255122275916,3.057255122275916,rebalance,rebalance,13.923492822105281
2006-06-08,2006-06-09,X,sell,52.836690773441276,55.504174234647,2932.6568906712505,2.9326568906712507,rebalance,rebalance,-16.097460816478595
2006-06-08,2006-06-09,CSX,buy,1421.3769209638854,2.477503427332464,3521.4661932192907,3.521466193219291,rebalance,rebalance,0.0
2006-06-08,2006-06-09,DE,buy,128.83786203626846,27.332541362941754,3521.4661932192907,3.521466193219291,rebalance,rebalance,0.0
2006-06-08,2006-06-09,GLW,buy,236.36466419685343,14.898446031198981,3521.4661932192907,3.521466193219291,rebalance,rebalance,0.0
2006-06-08,2006-06-09,MRO,buy,199.498777906313,17.651567744806,3521.4661932192907,3.521466193219291,rebalance,rebalance,0.0
2006-06-08,2006-06-09,ODP,buy,87.78679563264234,40.113848191423,3521.4661932192907,3.521466193219291,rebalance,rebalance,0.0
2006-07-07,2006-07-10,CAT,sell,85.63254214618212,44.06683185134394,3773.5548357589305,3.7735548357589304,rebalance,rebalance,-434.34791493473523
2006-07-07,2006-07-10,GLW,sell,236.36466419685343,14.387645953897023,3400.731104476087,3.400731104476087,rebalance,rebalance,-127.65728604089895
2006-07-07,2006-07-10,IGT,sell,127.80080238018417,28.078420019587,3588.444608071045,3.588444608071045,rebalance,rebalance,-232.90778885325236
2006-07-07,2006-07-10,MRO,sell,199.498777906313,20.153252825804,4020.549309584847,4.020549309584847,rebalance,rebalance,491.54110086275267
2006-07-07,2006-07-10,MWW,sell,82.83853665535852,38.48,3187.6268904981957,3.187626890498196,rebalance,rebalance,-386.09216152929423
2006-07-07,2006-07-10,NVDA,sell,10632.933972030272,0.2963874833599025,3151.4685407020643,3.1514685407020644,rebalance,rebalance,-454.9400005079451
2006-07-07,2006-07-10,PMCS,sell,386.9743069471748,7.89,3053.227281813209,3.0532272818132093,rebalance,rebalance,-1653.6689797575648
2006-07-07,2006-07-10,SLB,sell,90.14291503927646,40.93116451463411,3689.65448530131,3.6896544853013102,rebalance,rebalance,184.05772816329184
2006-07-07,2006-07-10,ADM,buy,22.912154776396306,26.366568432977953,604.1148968588359,0.6041148968588359,rebalance,rebalance,0.0
2006-07-07,2006-07-10,BIG,buy,280.03779668421475,15.510531503947,4343.535067766417,4.3435350677664175,rebalance,rebalance,0.0
2006-07-07,2006-07-10,CMCSA,buy,653.3103073890255,6.648502279300455,4343.535067766417,4.3435350677664175,rebalance,rebalance,0.0
2006-07-07,2006-07-10,CSX,buy,218.18542232209393,2.6492039693112175,578.0176868615356,0.5780176868615357,rebalance,rebalance,0.0
2006-07-07,2006-07-10,CTXS,buy,21.760964426706394,30.193085714261095,657.0306641605328,0.6570306641605328,rebalance,rebalance,0.0
2006-07-07,2006-07-10,DE,buy,27.490686717097333,27.784656752741075,763.8192943316877,0.7638192943316877,rebalance,rebalance,0.0
2006-07-07,2006-07-10,DIS,buy,181.0809388529954,23.98670503521397,4343.535067766417,4.3435350677664175,rebalance,rebalance,0.0
2006-07-07,2006-07-10,GS,buy,40.38697109115499,107.54792821583196,4343.535067766417,4.3435350677664175,rebalance,rebalance,0.0
2006-07-07,2006-07-10,JCP,buy,82.27973943629291,52.789849573229446,4343.535067766417,4.3435350677664175,rebalance,rebalance,0.0
2006-07-07,2006-07-10,LXK,buy,95.68664308865424,45.39332687992938,4343.535067766417,4.3435350677664175,rebalance,rebalance,0.0
2006-07-07,2006-07-10,NUE,buy,12.678286076620893,31.07292025003958,393.9513721660282,0.3939513721660282,rebalance,rebalance,0.0
2006-07-07,2006-07-10,ODP,buy,30.90439704277621,36.59526010194,1130.9544480740208,1.1309544480740208,rebalance,rebalance,0.0
2006-07-07,2006-07-10,TMO,buy,127.55126106986157,34.053250680033685,4343.535067766417,4.3435350677664175,rebalance,rebalance,0.0
2006-07-07,2006-07-10,WM,buy,211.28395763453526,20.55780815730256,4343.535067766417,4.3435350677664175,rebalance,rebalance,0.0
2006-07-07,2006-07-10,X,buy,7.059432377937952,61.606492501351,434.9068678552289,0.4349068678552289,rebalance,rebalance,0.0
2006-08-04,2006-08-07,DE,sell,156.3285487533658,24.929259287767685,3897.1549259530875,3.8971549259530875,rebalance,rebalance,-396.3130020113947
2006-08-04,2006-08-07,GS,sell,40.38697109115499,109.88089107089493,4437.7563711505845,4.437756371150584,rebalance,rebalance,85.44001194525009
2006-08-04,2006-08-07,LXK,sell,95.68664308865424,44.33958262156323,4242.705817009417,4.242705817009417,rebalance,rebalance,-109.415491641776
2006-08-04,2006-08-07,ODP,sell,118.69119267541855,37.003494079173,4391.988845414832,4.391988845414832,rebalance,rebalance,-269.47620536518673
2006-08-04,2006-08-07,TMO,sell,127.55126106986157,35.68833158450434,4552.091699082899,4.552091699082899,rebalance,rebalance,199.66100454963288
2006-08-04,2006-08-07,WM,sell,211.28395763453526,20.812195753460202,4397.28308585574,4.39728308585574,rebalance,rebalance,45.00719993570096
2006-08-04,2006-08-07,X,sell,70.50450190247669,53.305544859144,3758.2808889340745,3.7582808889340744,rebalance,rebalance,-218.0933502941198
2006-08-04,2006-08-07,ADM,buy,44.60094131693543,24.130680724335054,1076.2510749237726,1.0762510749237726,rebalance,rebalance,0.0
2006-08-04,2006-08-07,BCR,buy,76.48926613689969,66.04134381684,5051.45392324477,5.05145392324477,rebalance,rebalance,0.0
2006-08-04,2006-08-07,BIG,buy,37.54737635821965,15.905824175771,597.2219666153426,0.5972219666153425,rebalance,rebalance,0.0
2006-08-04,2006-08-07,CMCSA,buy,48.83852584579279,7.19427802788276,351.3579334065713,0.3513579334065713,rebalance,rebalance,0.0
2006-08-04,2006-08-07,CMI,buy,262.2753948301469,19.260113692769995,5051.45392324477,5.05145392324477,rebalance,rebalance,0.0
2006-08-04,2006-08-07,CSX,buy,442.188020489637,2.426541631093115,1072.9876404887596,1.0729876404887595,rebalance,rebalance,0.0
2006-08-04,2006-08-07,CTXS,buy,59.87570223335496,24.794322043499182,1484.577443754466,1.484577443754466,rebalance,rebalance,0.0
2006-08-04,2006-08-07,DGX,buy,114.94919882894537,43.94509900640354,5051.45392324477,5.05145392324477,rebalance,rebalance,0.0
2006-08-04,2006-08-07,DIS,buy,31.27379063233812,23.78780983822474,743.9349844825134,0.7439349844825134,rebalance,rebalance,0.0
2006-08-04,2006-08-07,JCP,buy,20.661630160286876,49.07117462144785,1013.8904615592108,1.0138904615592108,rebalance,rebalance,0.0
2006-08-04,2006-08-07,MRO,buy,241.4012113645807,20.925553333764,5051.45392324477,5.05145392324477,rebalance,rebalance,0.0
2006-08-04,2006-08-07,NUE,buy,32.23415753210904,29.365609417038375,946.5756799751996,0.9465756799751996,rebalance,rebalance,0.0
2006-08-04,2006-08-07,PCAR,buy,402.0974326989504,12.562760944128643,5051.45392324477,5.05145392324477,rebalance,rebalance,0.0
2006-08-04,2006-08-07,PFG,buy,177.5029315626674,28.45842532725356,5051.45392324477,5.05145392324477,rebalance,rebalance,0.0
2006-08-04,2006-08-07,RAI,buy,577.8551280865307,8.7417307171294,5051.45392324477,5.05145392324477,rebalance,rebalance,0.0
2006-09-01,2006-09-05,BCR,sell,76.48926613689969,70.228697403428,5371.7415261386,5.3717415261386,rebalance,rebalance,309.86440744444826
2006-09-01,2006-09-05,CMI,sell,262.2753948301469,18.735418166202898,4913.839196848772,4.913839196848772,rebalance,rebalance,-147.5800195160898
2006-09-01,2006-09-05,CSX,sell,2081.7503637756163,2.3897076331465223,4974.7747346201395,4.97477473462014,rebalance,rebalance,-207.84403220463525
2006-09-01,2006-09-05,CTXS,sell,203.73430313531034,24.234450255420168,4937.388834655371,4.937388834655372,rebalance,rebalance,-1454.7734309092698
2006-09-01,2006-09-05,DGX,sell,114.94919882894537,45.219176814606435,5197.908146543432,5.1979081465434325,rebalance,rebalance,136.20486122887388
2006-09-01,2006-09-05,DIS,sell,212.3547294853335,23.724164714626912,5037.938580240092,5.037938580240092,rebalance,rebalance,-59.65688064132711
2006-09-01,2006-09-05,JCP,sell,102.94136959657979,49.14784833179386,5059.346819999839,5.059346819999839,rebalance,rebalance,-308.4954816751152
2006-09-01,2006-09-05,PFG,sell,177.5029315626674,28.463796243254215,5052.407276580063,5.052407276580063,rebalance,rebalance,-9.150507864531491
2006-09-01,2006-09-05,ADM,buy,52.24802825692652,25.295225615980094,1321.6256627490593,1.3216256627490592,rebalance,rebalance,0.0
2006-09-01,2006-09-05,BIG,buy,66.3821670628164,17.232878145466,1143.9557960254815,1.1439557960254816,rebalance,rebalance,0.0
2006-09-01,2006-09-05,CMCSA,buy,208.95121840228694,7.262498088967302,1517.5078243339983,1.5175078243339983,rebalance,rebalance,0.0
2006-09-01,2006-09-05,CVS,buy,295.5993552929073,22.38456297482748,6616.862383872487,6.616862383872487,rebalance,rebalance,0.0
2006-09-01,2006-09-05,CVX,buy,217.648333088954,30.401622148735417,6616.862383872487,6.616862383872487,rebalance,rebalance,0.0
2006-09-01,2006-09-05,ECL,buy,189.39855286821705,34.93618237134304,6616.862383872487,6.616862383872487,rebalance,rebalance,0.0
2006-09-01,2006-09-05,INTU,buy,244.4969322949294,27.063171393458475,6616.862383872487,6.616862383872487,rebalance,rebalance,0.0
2006-09-01,2006-09-05,MRK,buy,336.6678663318962,19.653976650534883,6616.862383872487,6.616862383872487,rebalance,rebalance,0.0
2006-09-01,2006-09-05,MRO,buy,89.57477904086178,19.991970945587,1790.776380042284,1.790776380042284,rebalance,rebalance,0.0
2006-09-01,2006-09-05,NUE,buy,64.05923286655363,28.02821613289538,1795.4660240912403,1.7954660240912403,rebalance,rebalance,0.0
2006-09-01,2006-09-05,PCAR,buy,118.83822339907744,12.701880369324055,1509.4688969180881,1.5094688969180883,rebalance,rebalance,0.0
2006-09-01,2006-09-05,RAI,buy,146.43487113364267,9.1356533860701,1337.7782263108015,1.3377782263108016,rebalance,rebalance,0.0
2006-09-01,2006-09-05,T,buy,1114.0562184688526,5.939433104162943,6616.862383872488,6.616862383872488,rebalance,rebalance,0.0
2006-09-01,2006-09-05,VLO,buy,229.0543019281315,28.88774551786679,6616.862383872487,6.616862383872487,rebalance,rebalance,0.0
2006-09-01,2006-09-05,WMB,buy,780.6383124651621,8.476220393253861,6616.862383872487,6.616862383872487,rebalance,rebalance,0.0
2006-10-02,2006-10-03,ADM,sell,261.58542660684265,22.848467536911475,5976.826127955584,5.976826127955584,rebalance,rebalance,-186.63931888714032
2006-10-02,2006-10-03,BIG,sell,41.57978726986465,18.936401326421,787.371538809368,0.7873715388093679,rebalance,rebalance,127.0122722176741
2006-10-02,2006-10-03,CMCSA,sell,51.624382331899255,7.543655208882565,389.43654068337685,0.38943654068337685,rebalance,rebalance,36.690558674882915
2006-10-02,2006-10-03,CVS,sell,295.5993552929073,20.70570600220538,6120.593345136391,6.120593345136391,rebalance,rebalance,-509.00649446510397
2006-10-02,2006-10-03,CVX,sell,217.648333088954,29.601467646317797,6442.710090207671,6.442710090207671,rebalance,rebalance,-187.21186613889608
2006-10-02,2006-10-03,ECL,sell,189.39855286821705,33.841361855505475,6409.504962522417,6.409504962522417,rebalance,rebalance,-220.38378869646328
2006-10-02,2006-10-03,INTU,sell,244.4969322949294,28.138701589666162,6879.82621743583,6.87982621743583,rebalance,rebalance,249.46714496203572
2006-10-02,2006-10-03,MRK,sell,336.6678663318962,20.10468490019265,6768.601368622952,6.768601368622952,rebalance,rebalance,138.3535209979705
2006-10-02,2006-10-03,MRO,sell,330.9759904054425,17.780954158867,5885.068913084777,5.885068913084777,rebalance,rebalance,-969.8886894186477
2006-10-02,2006-10-03,NUE,sell,236.0786127985716,28.245595165911826,6668.180924438504,6.668180924438504,rebalance,rebalance,96.96464147821023
2006-10-02,2006-10-03,PCAR,sell,520.9356560980278,13.083533673036644,6815.679198043984,6.815679198043984,rebalance,rebalance,241.3797758629197
2006-10-02,2006-10-03,T,sell,42.34774248504618,6.049768435124342,256.1940357848065,0.2561940357848065,rebalance,rebalance,4.164736563168642
2006-10-02,2006-10-03,VLO,sell,229.0543019281315,25.43542933129111,5826.094509721206,5.826094509721206,rebalance,rebalance,-803.2108310448741
2006-10-02,2006-10-03,WMB,sell,780.6383124651621,8.144955672148079,6358.264451009227,6.3582644510092265,rebalance,rebalance,-271.57305969814206
2006-10-02,2006-10-03,AES,buy,513.9377994460546,12.615511286872364,6483.588109662047,6.483588109662047,rebalance,rebalance,0.0
2006-10-02,2006-10-03,CNP,buy,981.2409908697849,6.607538993978338,6483.588109662046,6.483588109662046,rebalance,rebalance,0.0
2006-10-02,2006-10-03,DGX,buy,167.77032834496237,38.645618528747,6483.588109662046,6.483588109662046,rebalance,rebalance,0.0
2006-10-02,2006-10-03,FE,buy,274.1390062170993,23.650731791620668,6483.588109662046,6.483588109662046,rebalance,rebalance,0.0
2006-10-02,2006-10-03,KR,buy,807.2018304286578,8.032177164686297,6483.588109662046,6.483588109662046,rebalance,rebalance,0.0
2006-10-02,2006-10-03,LH,buy,110.23230849168424,58.81749369470166,6483.588109662046,6.483588109662046,rebalance,rebalance,0.0
2006-10-02,2006-10-03,LXK,buy,133.78152113692533,48.46400350782449,6483.588109662046,6.483588109662046,rebalance,rebalance,0.0
2006-10-02,2006-10-03,MO,buy,1215.3986054653465,5.334536406827321,6483.588109662046,6.483588109662046,rebalance,rebalance,0.0
2006-10-02,2006-10-03,PNW,buy,340.0347212849149,19.067429600018556,6483.588109662046,6.483588109662046,rebalance,rebalance,0.0
2006-10-02,2006-10-03,PPL,buy,497.0174145034308,13.044991826171296,6483.588109662046,6.483588109662046,rebalance,rebalance,0.0
2006-10-02,2006-10-03,RAI,buy,13.873591126311226,8.7834027503561,121.857338456158,0.12185733845615801,rebalance,rebalance,0.0
2006-10-02,2006-10-03,SWY,buy,285.2931351758683,22.726057203112344,6483.588109662046,6.483588109662046,rebalance,rebalance,0.0
2006-10-30,2006-10-31,AES,sell,20.0768030020825,13.549995433292109,272.0405889933232,0.2720405889933232,rebalance,rebalance,18.23613439236806
2006-10-30,2006-10-31,BIG,sell,3.489619439592502,19.745810130632,68.905362882356,0.068905362882356,rebalance,rebalance,13.481318450410685
2006-10-30,2006-10-31,CMCSA,sell,61.21413924543242,8.382984766904439,513.1571968136271,0.5131571968136271,rebalance,rebalance,94.83366273646381
2006-10-30,2006-10-31,CNP,sell,46.9950775577106,7.162797451019287,336.6162217408232,0.33661622174082323,rebalance,rebalance,25.447276223985753
2006-10-30,2006-10-31,DGX,sell,167.77032834496237,35.703920318654134,5990.058435062978,5.990058435062978,rebalance,rebalance,-506.0033211437921
2006-10-30,2006-10-31,FE,sell,274.1390062170993,24.542836728706316,6728.148870556073,6.7281488705560735,rebalance,rebalance,231.34902391380967
2006-10-30,2006-10-31,KR,sell,807.2018304286578,7.899870713095366,6376.790099760326,6.376790099760326,rebalance,rebalance,-119.65838811114169
2006-10-30,2006-10-31,LH,sell,110.23230849168424,55.47743007250461,6115.405186078168,6.115405186078169,rebalance,rebalance,-380.7819168796172
2006-10-30,2006-10-31,LXK,sell,133.78152113692533,51.86397521645903,6938.441496665686,6.938441496665686,rebalance,rebalance,441.43135739731287
2006-10-30,2006-10-31,MO,sell,1215.3986054653465,5.707361272322563,6936.718931267769,6.9367189312677695,rebalance,rebalance,439.7105145647934
2006-10-30,2006-10-31,PNW,sell,340.0347212849149,20.22555160522461,6877.389802916213,6.877389802916213,rebalance,rebalance,380.4407153415891
2006-10-30,2006-10-31,PPL,sell,497.0174145034308,13.5852741500045,6752.11783335553,6.75211783335553,rebalance,rebalance,255.2940177504669
2006-10-30,2006-10-31,RAI,sell,738.1635903464846,8.9756059320212,6625.465500315974,6.625465500315975,rebalance,rebalance,101.23945731591957
2006-10-30,2006-10-31,T,sell,36.4869240707867,6.464137299045686,235.85648681342016,0.23585648681342017,rebalance,rebalance,18.6922739868014
2006-10-30,2006-10-31,BAX,buy,386.9150751670578,17.295305032008887,6691.814246496911,6.691814246496912,rebalance,rebalance,0.0
2006-10-30,2006-10-31,BXP,buy,146.20757499359786,45.76927185058594,6691.8142464969105,6.691814246496911,rebalance,rebalance,0.0
2006-10-30,2006-10-31,FRX,buy,136.04013511886382,49.19,6691.8142464969105,6.691814246496911,rebalance,rebalance,0.0
2006-10-30,2006-10-31,GEN,buy,965.0999101146956,6.933804652102428,6691.814246496911,6.691814246496912,rebalance,rebalance,0.0
2006-10-30,2006-10-31,GILD,buy,563.6021567714342,11.87329424860725,6691.814246496911,6.691814246496912,rebalance,rebalance,0.0
2006-10-30,2006-10-31,HUM,buy,124.61640236288004,53.69930538526145,6691.814246496911,6.691814246496912,rebalance,rebalance,0.0
2006-10-30,2006-10-31,MRK,buy,306.7325799077576,21.81644430633783,6691.814246496911,6.691814246496912,rebalance,rebalance,0.0
2006-10-30,2006-10-31,ORCL,buy,454.5867113575171,14.720655222220135,6691.814246496911,6.691814246496912,rebalance,rebalance,0.0
2006-10-30,2006-10-31,PTC,buy,343.87536286352565,19.459999084472656,6691.814246496911,6.691814246496912,rebalance,rebalance,0.0
2006-10-30,2006-10-31,SWY,buy,19.074491018813774,21.985959315583187,419.37098350509655,0.41937098350509655,rebalance,rebalance,0.0
2006-11-28,2006-11-29,AES,sell,493.86099644397206,14.316269628578326,7070.247184130266,7.070247184130266,rebalance,rebalance,826.6376531863892
2006-11-28,2006-11-29,BAX,sell,386.9150751670578,16.483420916439464,6377.684042894428,6.377684042894428,rebalance,rebalance,-327.1997018918745
2006-11-28,2006-11-29,BIG,sell,338.89793339579364,21.164157884057,7172.489368969211,7.172489368969211,rebalance,rebalance,1789.44637048454
2006-11-28,2006-11-29,BXP,sell,146.20757499359786,49.20528442018666,7194.185311945753,7.194185311945753,rebalance,rebalance,488.4850658904002
2006-11-28,2006-11-29,CMCSA,sell,798.2615300597736,8.234141717898977,6572.9985664590495,6.57299856645905,rebalance,rebalance,1117.9792639082568
2006-11-28,2006-11-29,CNP,sell,40.29470811380952,7.495947832716758,302.0470299556648,0.3020470299556648,rebalance,rebalance,35.229878957624514
2006-11-28,2006-11-29,GEN,sell,965.0999101146956,7.439945393417324,7180.290630445304,7.180290630445303,rebalance,rebalance,474.60427907145015
2006-11-28,2006-11-29,GILD,sell,563.6021567714342,11.317376847930683,6378.498000488829,6.37849800048883,rebalance,rebalance,-326.38655825506726
2006-11-28,2006-11-29,ORCL,sell,454.5867113575171,15.117650148269663,6872.282864355387,6.872282864355387,rebalance,rebalance,166.90452074762416
2006-11-28,2006-11-29,SWY,sell,304.3676261946821,22.85103007952333,6955.113781407794,6.955113781407794,rebalance,rebalance,38.29661536607717
2006-11-28,2006-11-29,AAPL,buy,2409.053140487393,2.7815955931153664,6701.011599160466,6.701011599160466,rebalance,rebalance,0.0
2006-11-28,2006-11-29,ADBE,buy,167.19090052457048,40.08000183105469,6701.011599160467,6.701011599160467,rebalance,rebalance,0.0
2006-11-28,2006-11-29,CTSH,buy,386.9448833430025,17.31774184805653,6701.011599160467,6.701011599160467,rebalance,rebalance,0.0
2006-11-28,2006-11-29,FRX,buy,0.8269318574529052,48.96,40.48658374089424,0.04048658374089424,rebalance,rebalance,0.0
2006-11-28,2006-11-29,GOOGL,buy,546.9416890820421,12.251784299725058,6701.011599160468,6.701011599160468,rebalance,rebalance,0.0
2006-11-28,2006-11-29,HAS,buy,464.72479948964906,14.419311400035841,6701.011599160467,6.701011599160467,rebalance,rebalance,0.0
2006-11-28,2006-11-29,HUM,buy,22.087608388760955,45.677085205971515,1008.8975703695654,1.0088975703695655,rebalance,rebalance,0.0
2006-11-28,2006-11-29,MRK,buy,10.172593330972859,21.145163175081628,215.10114589716824,0.21510114589716825,rebalance,rebalance,0.0
2006-11-28,2006-11-29,MS,buy,159.40387978632913,42.03794542606335,6701.011599160467,6.701011599160467,rebalance,rebalance,0.0
2006-11-28,2006-11-29,NEE,buy,914.2934009669175,7.329169817996897,6701.011599160467,6.701011599160467,rebalance,rebalance,0.0
2006-11-28,2006-11-29,NVDA,buy,12095.485503028938,0.5540093117785481,6701.011599160467,6.701011599160467,rebalance,rebalance,0.0
2006-11-28,2006-11-29,PTC,buy,8.995183736059687,18.989999771118164,170.81853708893928,0.1708185370889393,rebalance,rebalance,0.0
2006-11-28,2006-11-29,T,buy,33.06417607419189,6.2726772656469345,207.40090556793078,0.20740090556793078,rebalance,rebalance,0.0
2006-11-28,2006-11-29,TPR,buy,245.6613797049898,27.277432078284296,6701.011599160467,6.701011599160467,rebalance,rebalance,0.0
2006-12-27,2006-12-28,ADBE,sell,5.572248163434949,41.779998779296875,232.80852146625142,0.23280852146625142,rebalance,rebalance,9.016660634627755
2006-12-27,2006-12-28,CNP,sell,893.9512051982648,7.846224987021652,7014.142283404745,7.0141422834047455,rebalance,rebalance,1094.4038766128153
2006-12-27,2006-12-28,CTSH,sell,386.9448833430025,16.84968600054658,6519.899783847719,6.519899783847719,rebalance,rebalance,-194.3327266957554
2006-12-27,2006-12-28,FRX,sell,136.86706697631672,50.77,6948.7409903876005,6.9487409903876,rebalance,rebalance,202.75911832917075
2006-12-27,2006-12-28,GOOGL,sell,546.9416890820421,11.579502209567227,6333.312497229938,6.333312497229938,rebalance,rebalance,-380.73342602691883
2006-12-27,2006-12-28,HAS,sell,7.432554883545379,14.766108933634253,109.74991506564632,0.10974991506564633,rebalance,rebalance,2.360669463519034
2006-12-27,2006-12-28,HUM,sell,146.704010751641,48.0811279300014,7053.694308793952,7.053694308793951,rebalance,rebalance,-661.771914198185
2006-12-27,2006-12-28,MRK,sell,316.90517323873047,20.849828998178957,6607.418670665808,6.607418670665808,rebalance,rebalance,-313.01105579133014
2006-12-27,2006-12-28,MS,sell,159.40387978632913,44.04414157825347,7020.807049431977,7.020807049431977,rebalance,rebalance,306.07363162291824
2006-12-27,2006-12-28,NEE,sell,914.2934009669175,7.685840359657293,7027.113121719863,7.027113121719863,rebalance,rebalance,312.37339783851604
2006-12-27,2006-12-28,NVDA,sell,312.91900918738247,0.5730862713050818,179.32958819567767,0.17932958819567768,rebalance,rebalance,5.6168536402327485
2006-12-27,2006-12-28,T,sell,1068.2857279872117,6.691613020585463,7148.554687104846,7.148554687104847,rebalance,rebalance,779.0200412135417
2006-12-27,2006-12-28,TPR,sell,1.3872532237450628,27.642825687796684,38.34759904881878,0.03834759904881878,rebalance,rebalance,0.4307051580970023
2006-12-27,2006-12-28,AAPL,buy,405.2184607277768,2.399351610357802,972.261566293901,0.9722615662939009,rebalance,rebalance,0.0
2006-12-27,2006-12-28,BIG,buy,307.25824553756263,21.976390207352,6752.427098359848,6.752427098359848,rebalance,rebalance,0.0
2006-12-27,2006-12-28,CBRE,buy,201.32459493266776,33.540000915527344,6752.427098359848,6.752427098359848,rebalance,rebalance,0.0
2006-12-27,2006-12-28,CI,buy,171.47114331742,39.37937875564313,6752.427098359848,6.752427098359848,rebalance,rebalance,0.0
2006-12-27,2006-12-28,DTV,buy,271.18181117911035,24.9,6752.427098359847,6.752427098359847,rebalance,rebalance,0.0
2006-12-27,2006-12-28,GEN,buy,905.0076938391992,7.461181981464582,6752.427098359848,6.752427098359848,rebalance,rebalance,0.0
2006-12-27,2006-12-28,IFF,buy,211.30717656323773,31.955502923200786,6752.427098359848,6.752427098359848,rebalance,rebalance,0.0
2006-12-27,2006-12-28,IPG,buy,653.1430226874115,10.338359078807,6752.427098359848,6.752427098359848,rebalance,rebalance,0.0
2006-12-27,2006-12-28,JWN,buy,191.18962280944825,35.317958156598,6752.427098359848,6.752427098359848,rebalance,rebalance,0.0
2006-12-27,2006-12-28,PTC,buy,20.191716165491357,18.100000381469727,365.470070297922,0.365470070297922,rebalance,rebalance,0.0
2006-12-27,2006-12-28,SPGI,buy,147.16662791769187,45.88286892145399,6752.427098359847,6.752427098359847,rebalance,rebalance,0.0
2007-01-29,2007-01-30,AAPL,sell,2814.27160121517,2.5850898676755576,7275.1450011884035,7.275145001188403,rebalance,rebalance,-413.0765824326052
2007-01-29,2007-01-30,BIG,sell,45.071525239174036,24.451675271392,1102.0742991346322,1.1020742991346322,rebalance,rebalance,109.47228951299816
2007-01-29,2007-01-30,CBRE,sell,28.103713118212823,37.0099983215332,1040.1183753339074,1.0401183753339074,rebalance,rebalance,95.537094680283
2007-01-29,2007-01-30,CI,sell,171.47114331742,39.107830976709096,6705.864490240723,6.705864490240724,rebalance,rebalance,-60.02089970772519
2007-01-29,2007-01-30,DTV,sell,6.158886614931816,24.19,148.98346721520065,0.14898346721520064,rebalance,rebalance,-4.675149240528569
2007-01-29,2007-01-30,GEN,sell,905.0076938391992,6.211752086136862,5621.683430175556,5.6216834301755565,rebalance,rebalance,-1143.1177787128272
2007-01-29,2007-01-30,HAS,sell,44.48914051822254,15.530175237836072,690.9241484287091,0.6909241484287092,rebalance,rebalance,48.08895045702559
2007-01-29,2007-01-30,IFF,sell,211.30717656323773,32.090253970603406,6780.900961725435,6.780900961725435,rebalance,rebalance,14.940535305502312
2007-01-29,2007-01-30,IPG,sell,84.24043371676817,11.268896766329,949.2967511050413,0.9492967511050413,rebalance,rebalance,76.56869378282833
2007-01-29,2007-01-30,JWN,sell,30.5852438927389,39.917370799287,1220.8825214530868,1.220882521453087,rebalance,rebalance,138.37306655452358
2007-01-29,2007-01-30,PTC,sell,373.0622627650767,19.68000030517578,7341.865445066277,7.3418654450662775,rebalance,rebalance,99.19262288355411
2007-01-29,2007-01-30,SPGI,sell,147.16662791769187,44.719566174820635,6581.227755890427,6.581227755890427,rebalance,rebalance,-184.53299732366912
2007-01-29,2007-01-30,TPR,sell,20.301962916761312,28.62366663418745,581.1166185490117,0.5811166185490118,rebalance,rebalance,26.19630199814172
2007-01-29,2007-01-30,ADBE,buy,0.4775465990936425,39.54999923706055,18.88696762981442,0.01888696762981442,rebalance,rebalance,0.0
2007-01-29,2007-01-30,AMZN,buy,3438.404069621792,1.8645000457763672,6410.904545207479,6.410904545207479,rebalance,rebalance,0.0
2007-01-29,2007-01-30,BRCM,buy,217.40667013342895,29.48807661362421,6410.904545207479,6.410904545207479,rebalance,rebalance,0.0
2007-01-29,2007-01-30,CSCO,buy,380.3281304807386,16.856246044971826,6410.904545207479,6.410904545207479,rebalance,rebalance,0.0
2007-01-29,2007-01-30,JNPR,buy,344.2617723887441,18.622179572027,6410.904545207479,6.410904545207479,rebalance,rebalance,0.0
2007-01-29,2007-01-30,LXK,buy,124.10244241240146,51.65816579099689,6410.904545207479,6.410904545207479,rebalance,rebalance,0.0
2007-01-29,2007-01-30,NVDA,buy,2044.2285034295346,0.4636580311252723,947.8229630703,0.9478229630703,rebalance,rebalance,0.0
2007-01-29,2007-01-30,SEE,buy,243.42087584771605,26.336708069435,6410.904545207479,6.410904545207479,rebalance,rebalance,0.0
2007-02-27,2007-02-28,ADBE,sell,162.09619896022917,38.209999084472656,6193.695613866854,6.193695613866854,rebalance,rebalance,-315.55749479392557
2007-02-27,2007-02-28,AMZN,sell,3438.404069621792,1.9455000162124634,6689.4151731941965,6.689415173194197,rebalance,rebalance,265.41030826831684
2007-02-27,2007-02-28,BIG,sell,51.04171873529458,23.670501658026,1208.1830879522872,1.2081830879522872,rebalance,rebalance,84.14046435581132
2007-02-27,2007-02-28,BRCM,sell,217.40667013342895,32.37651498428157,7038.870313257723,7.038870313257723,rebalance,rebalance,614.5159931917796
2007-02-27,2007-02-28,CBRE,sell,22.226672147325047,33.099998474121094,735.7028141612489,0.7357028141612488,rebalance,rebalance,-11.26097542749086
2007-02-27,2007-02-28,CSCO,sell,380.3281304807386,16.54207002522762,6291.414566976285,6.291414566976285,rebalance,rebalance,-132.19229734337654
2007-02-27,2007-02-28,DTV,sell,265.02292456417854,21.76,5766.898838516526,5.766898838516526,rebalance,rebalance,-844.5379527916841
2007-02-27,2007-02-28,HAS,sell,91.65914989300705,15.562827960168692,1426.4755807601832,1.4264755807601832,rebalance,rebalance,102.06561838462282
2007-02-27,2007-02-28,IPG,sell,114.37009605268202,10.995711390176,1257.5805678619988,1.257580567861999,rebalance,rebalance,72.74146730299277
2007-02-27,2007-02-28,JNPR,sell,60.06413420218752,17.586029713246,1056.289648780065,1.056289648780065,rebalance,rebalance,-64.41025891313106
2007-02-27,2007-02-28,JWN,sell,29.755892067180753,38.196147543766,1136.5604436944125,1.1365604436944126,rebalance,rebalance,83.45561495884081
2007-02-27,2007-02-28,LXK,sell,124.10244241240146,49.50128301215368,6143.230124355789,6.143230124355789,rebalance,rebalance,-280.2285555212525
2007-02-27,2007-02-28,NVDA,sell,13826.79499727109,0.47449451339560855,6560.738364050981,6.560738364050981,rebalance,rebalance,-928.7723661388188
2007-02-27,2007-02-28,SEE,sell,243.42087584771605,26.045913731101,6340.119132678659,6.34011913267866,rebalance,rebalance,-83.53643620670563
2007-02-27,2007-02-28,TPR,sell,54.929940372490734,29.566033948255978,1624.0604818287377,1.6240604818287376,rebalance,rebalance,122.59035605451184
2007-02-27,2007-02-28,AZO,buy,40.27323264331343,124.0999984741211,4997.90810958312,4.99790810958312,rebalance,rebalance,0.0
2007-02-27,2007-02-28,CCL,buy,160.21261540009422,31.19547169929154,4997.90810958312,4.99790810958312,rebalance,rebalance,0.0
2007-02-27,2007-02-28,DE,buy,133.68618863235716,37.38537361797025,4997.90810958312,4.99790810958312,rebalance,rebalance,0.0
2007-02-27,2007-02-28,GS,buy,34.40310046026725,145.27493286121967,4997.90810958312,4.99790810958312,rebalance,rebalance,0.0
2007-02-27,2007-02-28,NCR,buy,476.82002905621454,10.481749517686248,4997.90810958312,4.99790810958312,rebalance,rebalance,0.0
2007-02-27,2007-02-28,RL,buy,77.93586007418884,64.12847827464151,4997.90810958312,4.99790810958312,rebalance,rebalance,0.0
2007-02-27,2007-02-28,SHW,buy,291.5998887173563,17.13960911153681,4997.90810958312,4.99790810958312,rebalance,rebalance,0.0
2007-02-27,2007-02-28,WAT,buy,92.55385388116889,54.0,4997.90810958312,4.99790810958312,rebalance,rebalance,0.0
2007-03-27,2007-03-28,AZO,sell,40.27323264331343,128.44000244140625,5172.694099030498,5.172694099030498,rebalance,rebalance,164.61538723876524
2007-03-27,2007-03-28,BIG,sell,58.0667932938083,30.409300539595,1765.7705686419563,1.7657705686419563,rebalance,rebalance,486.6301920514184
2007-03-27,2007-03-28,CBRE,sell,16.960195769078382,34.72999954223633,589.0275912963307,0.5890275912963306,rebalance,rebalance,19.02473710100015
2007-03-27,2007-03-28,CCL,sell,160.21261540009422,31.888391474936803,5108.922599101694,5.108922599101694,rebalance,rebalance,100.90765880988965
2007-03-27,2007-03-28,DE,sell,9.332058465397054,37.43342690004375,349.3309283913751,0.3493309283913751,rebalance,rebalance,-0.24977738298085617
2007-03-27,2007-03-28,GS,sell,34.40310046026725,150.93657138038137,5192.686028327558,5.192686028327558,rebalance,rebalance,184.58732460652817
2007-03-27,2007-03-28,HAS,sell,321.1439541948741,16.13963101454045,5183.144923255747,5.183144923255747,rebalance,rebalance,542.6564238779808
2007-03-27,2007-03-28,IPG,sell,14.442974022757141,10.577396282941,152.7690597429248,0.15276905974292482,rebalance,rebalance,3.1503224184237943
2007-03-27,2007-03-28,JNPR,sell,284.19763818655656,18.432060331884,5238.348013233551,5.2383480132335505,rebalance,rebalance,-64.56216648795244
2007-03-27,2007-03-28,JWN,sell,130.8484868495286,37.809517326077,4947.31813062821,4.947318130628211,rebalance,rebalance,316.448127708361
2007-03-27,2007-03-28,NCR,sell,476.82002905621454,11.092879501696652,5289.307126316085,5.289307126316085,rebalance,rebalance,281.11180149706576
2007-03-27,2007-03-28,RL,sell,8.24470700727656,66.7947226652146,550.7029180069893,0.5507029180069893,rebalance,rebalance,20.902980377865948
2007-03-27,2007-03-28,SHW,sell,291.5998887173563,17.20985135226178,5018.390739161779,5.018390739161779,rebalance,rebalance,10.466330729914466
2007-03-27,2007-03-28,TPR,sell,24.53819209362186,32.213642802494164,790.464555122921,0.790464555122921,rebalance,rebalance,119.66588354197748
2007-03-27,2007-03-28,WAT,sell,92.55385388116889,58.0,5368.123525107796,5.368123525107796,rebalance,rebalance,359.8493838899851
2007-03-27,2007-03-28,HES,buy,90.7154674814062,51.31430582417,4655.001241323426,4.6550012413234265,rebalance,rebalance,0.0
2007-03-27,2007-03-28,MWW,buy,97.58912455604667,47.7,4655.001241323426,4.6550012413234265,rebalance,rebalance,0.0
2007-03-27,2007-03-28,NEE,buy,535.9282112612045,8.685867143229448,4655.001241323426,4.6550012413234265,rebalance,rebalance,0.0
2007-03-27,2007-03-28,NUE,buy,121.26887490478738,38.38578732571105,4655.001241323426,4.6550012413234265,rebalance,rebalance,0.0
2007-03-27,2007-03-28,PCAR,buy,272.0978389629488,17.107821433147404,4655.001241323426,4.6550012413234265,rebalance,rebalance,0.0
2007-03-27,2007-03-28,TIF,buy,125.66452478201299,37.043081564971,4655.001241323426,4.6550012413234265,rebalance,rebalance,0.0
2007-03-27,2007-03-28,VMC,buy,49.876799058117214,93.32999168409638,4655.001241323426,4.6550012413234265,rebalance,rebalance,0.0
2007-03-27,2007-03-28,WY,buy,325.4985701986449,14.301141902044536,4655.001241323426,4.6550012413234265,rebalance,rebalance,0.0
2007-03-27,2007-03-28,X,buy,52.90073414908963,87.995021547419,4655.001241323426,4.6550012413234265,rebalance,rebalance,0.0
2007-04-25,2007-04-26,IPG,sell,440.0895188952042,10.995711390176,4839.097335613073,4.839097335613073,rebalance,rebalance,279.90496164626245
2007-04-25,2007-04-26,MWW,sell,97.58912455604667,41.85,4084.1048626705533,4.084104862670554,rebalance,rebalance,-579.6354847568663
2007-04-25,2007-04-26,NUE,sell,121.26887490478738,39.2087457772052,4754.800486829508,4.754800486829509,rebalance,rebalance,90.38944377792924
2007-04-25,2007-04-26,PCAR,sell,272.0978389629488,20.167954261766035,5487.656770930132,5.487656770930132,rebalance,rebalance,822.5128715944519
2007-04-25,2007-04-26,WY,sell,325.4985701986449,14.613258590698242,4756.594777215343,4.756594777215343,rebalance,rebalance,92.18193987337851
2007-04-25,2007-04-26,BIG,buy,78.44696436373513,30.851651862827,2420.2184342455525,2.4202184342455526,rebalance,rebalance,0.0
2007-04-25,2007-04-26,CBRE,buy,66.55385190160487,35.61000061035156,2369.982706837397,2.369982706837397,rebalance,rebalance,0.0
2007-04-25,2007-04-26,DE,buy,56.04094297712392,39.59605935495656,2219.0005044299346,2.2190005044299346,rebalance,rebalance,0.0
2007-04-25,2007-04-26,HES,buy,44.8160632813501,52.703116266416,2361.946193720051,2.3619461937200508,rebalance,rebalance,0.0
2007-04-25,2007-04-26,KR,buy,684.4753888687264,10.43563309903726,7142.934023554881,7.142934023554881,rebalance,rebalance,0.0
2007-04-25,2007-04-26,NEE,buy,247.3170662521427,9.119664335841666,2255.448628744656,2.2554486287446562,rebalance,rebalance,0.0
2007-04-25,2007-04-26,PEG,buy,325.0789090836881,21.972923570123122,7142.934023554881,7.142934023554881,rebalance,rebalance,0.0
2007-04-25,2007-04-26,RL,buy,29.118260967963224,72.29001500842551,2104.9595223933125,2.1049595223933126,rebalance,rebalance,0.0
2007-04-25,2007-04-26,SWY,buy,251.8145969696399,28.365845783022937,7142.934023554881,7.142934023554881,rebalance,rebalance,0.0
2007-04-25,2007-04-26,TAP,buy,250.9158272799948,28.46745102127074,7142.934023554881,7.142934023554881,rebalance,rebalance,0.0
2007-04-25,2007-04-26,TIF,buy,53.96890971540742,39.76394507815,2146.016761851097,2.146016761851097,rebalance,rebalance,0.0
2007-04-25,2007-04-26,TPR,buy,73.71464659999907,32.73291772681399,2412.895462418938,2.4128954624189385,rebalance,rebalance,0.0
2007-04-25,2007-04-26,TSN,buy,479.6038834354746,14.893403223487208,7142.934023554881,7.142934023554881,rebalance,rebalance,0.0
2007-04-25,2007-04-26,VMC,buy,25.049858097285437,95.33234625348334,2388.0617457310386,2.3880617457310387,rebalance,rebalance,0.0
2007-04-25,2007-04-26,X,buy,21.807266069950018,95.611366956848,2085.0225185396116,2.0850225185396116,rebalance,rebalance,0.0
2007-05-23,2007-05-24,BIG,sell,3.084615057623637,31.435179140281,96.96542691520723,0.09696542691520724,rebalance,rebalance,19.72670705601917
2007-05-23,2007-05-24,CBRE,sell,200.58786579965638,37.20000076293945,7461.868760783615,7.461868760783615,rebalance,rebalance,582.0577526772923
2007-05-23,2007-05-24,DE,sell,180.39507314408402,40.45209615306633,7297.35884436392,7.29735884436392,rebalance,rebalance,415.1673377384535
2007-05-23,2007-05-24,HES,sell,135.5315307627563,54.020246169708,7321.446655561448,7.321446655561449,rebalance,rebalance,290.16082642736654
2007-05-23,2007-05-24,NEE,sell,783.2452775133472,9.235162022146499,7233.39704091686,7.23339704091686,rebalance,rebalance,308.8033239377934
2007-05-23,2007-05-24,RL,sell,98.8094140348755,71.17269002500927,7032.531796656995,7.032531796656995,rebalance,rebalance,444.77799996304657
2007-05-23,2007-05-24,SWY,sell,251.8145969696399,26.03863573670479,6556.908563677579,6.556908563677579,rebalance,rebalance,-599.7253024645331
2007-05-23,2007-05-24,TIF,sell,12.572469570640635,42.984726285016,540.4241632206804,0.5404241632206804,rebalance,rebalance,63.40730956841478
2007-05-23,2007-05-24,TPR,sell,218.2186776983699,31.64309311957375,6905.11393883977,6.9051139388397695,rebalance,rebalance,537.2598748021576
2007-05-23,2007-05-24,TSN,sell,16.275695161097588,15.49888401358337,252.25511154229162,0.25225511154229163,rebalance,rebalance,9.35996516318658
2007-05-23,2007-05-24,X,sell,0.9924405105418117,97.415930621503,96.67951592091013,0.09667951592091013,rebalance,rebalance,6.9570711015127635
2007-05-23,2007-05-24,APOL,buy,145.80852487894998,49.25,7181.069850288287,7.181069850288287,rebalance,rebalance,0.0
2007-05-23,2007-05-24,CMI,buy,250.72283760902374,28.64146688338946,7181.069850288287,7.181069850288287,rebalance,rebalance,0.0
2007-05-23,2007-05-24,ETR,buy,272.80880795967084,26.322719944400987,7181.069850288286,7.181069850288286,rebalance,rebalance,0.0
2007-05-23,2007-05-24,KR,buy,7.4361273519255064,10.378595646900939,77.17655896449507,0.07717655896449507,rebalance,rebalance,0.0
2007-05-23,2007-05-24,PCAR,buy,349.0392905990453,20.573815165518013,7181.069850288287,7.181069850288287,rebalance,rebalance,0.0
2007-05-23,2007-05-24,PEG,buy,4.711522226242039,21.774645861509754,102.59172794505244,0.10259172794505245,rebalance,rebalance,0.0
2007-05-23,2007-05-24,PLL,buy,188.10263878409788,38.17633764580325,7181.069850288286,7.181069850288286,rebalance,rebalance,0.0
2007-05-23,2007-05-24,PPL,buy,406.5214455296417,17.6646765607466,7181.069850288287,7.181069850288287,rebalance,rebalance,0.0
2007-05-23,2007-05-24,TAP,buy,4.276290064144462,28.139857629709844,120.33419358836792,0.12033419358836793,rebalance,rebalance,0.0
2007-05-23,2007-05-24,VLO,buy,187.9920466210271,38.198796062711075,7181.069850288287,7.181069850288287,rebalance,rebalance,0.0
2007-05-23,2007-05-24,VMC,buy,1.3367468825720437,94.16141255263844,125.86997468831953,0.12586997468831954,rebalance,rebalance,0.0
2007-06-21,2007-06-22,APOL,sell,145.80852487894998,49.49,7216.063896259235,7.216063896259235,rebalance,rebalance,20.5969122244017
2007-06-21,2007-06-22,BIG,sell,14.969119834388607,28.131661811467,421.10621679634323,0.42110621679634325,rebalance,rebalance,46.32910674765332
2007-06-21,2007-06-22,CMI,sell,71.91855297133588,33.58591940403595,2415.450723750177,2.415450723750177,rebalance,rebalance,351.1225669433901
2007-06-21,2007-06-22,ETR,sell,272.80880795967084,24.73535155407807,6748.02177193143,6.7480217719314295,rebalance,rebalance,-446.9771699790762
2007-06-21,2007-06-22,KR,sell,691.911516220652,10.504955106465914,7268.499415544711,7.268499415544711,rebalance,rebalance,33.90022302727245
2007-06-21,2007-06-22,PCAR,sell,66.28957946788671,21.238947579868675,1407.9209034099847,1.4079209034099847,rebalance,rebalance,41.31959757898348
2007-06-21,2007-06-22,PEG,sell,49.322627565449864,21.41174927304245,1056.0837349190647,1.0560837349190646,rebalance,rebalance,-29.678582117940092
2007-06-21,2007-06-22,PLL,sell,188.10263878409788,41.35622284646296,7779.214647562879,7.7792146475628785,rebalance,rebalance,583.1845127767416
2007-06-21,2007-06-22,PPL,sell,406.5214455296417,18.417495416757806,7487.106859855934,7.487106859855934,rebalance,rebalance,291.3688328575032
2007-06-21,2007-06-22,TAP,sell,255.19211734413926,28.330368153326965,7229.686634186481,7.229686634186481,rebalance,rebalance,-48.07453780809584
2007-06-21,2007-06-22,TIF,sell,21.94002212120847,41.381389734929,907.9086061906914,0.9079086061906915,rebalance,rebalance,75.50905272610794
2007-06-21,2007-06-22,TSN,sell,102.02286717849489,16.62113991214654,1695.7363496121066,1.6957363496121065,rebalance,rebalance,173.05344665798594
2007-06-21,2007-06-22,VLO,sell,34.271849440055576,39.06647534330032,1338.880361119232,1.3388803611192321,rebalance,rebalance,27.088949918038512
2007-06-21,2007-06-22,VMC,sell,13.437848235090591,95.58699825560484,1284.483575806687,1.284483575806687,rebalance,rebalance,18.74768992305349
2007-06-21,2007-06-22,X,sell,15.686231943987508,103.48743513466,1623.327910810639,1.623327910810639,rebalance,rebalance,205.1052726397204
2007-06-21,2007-06-22,AAPL,buy,1621.1679986038623,3.704308435713888,6005.306292937687,6.0053062929376875,rebalance,rebalance,0.0
2007-06-21,2007-06-22,AMZN,buy,1726.903338264219,3.4774999618530273,6005.306292937687,6.0053062929376875,rebalance,rebalance,0.0
2007-06-21,2007-06-22,EIX,buy,222.65419840988415,26.97144871206299,6005.306292937687,6.0053062929376875,rebalance,rebalance,0.0
2007-06-21,2007-06-22,GILD,buy,442.92792159481945,13.558202136624855,6005.306292937687,6.0053062929376875,rebalance,rebalance,0.0
2007-06-21,2007-06-22,HON,buy,174.7512065943537,34.36489172219382,6005.306292937687,6.0053062929376875,rebalance,rebalance,0.0
2007-06-21,2007-06-22,PCP,buy,50.56941012390177,118.75373428766304,6005.306292937687,6.0053062929376875,rebalance,rebalance,0.0
2007-07-20,2007-07-23,AAPL,sell,156.8946953595855,4.286348189667776,672.5052934230366,0.6725052934230367,rebalance,rebalance,90.06525824680116
2007-07-20,2007-07-23,BIG,sell,213.4714377410086,26.917548605151,5746.127801205065,5.746127801205065,rebalance,rebalance,401.77023538293946
2007-07-20,2007-07-23,CMI,sell,13.988362922209461,38.081182674662216,532.6934037601303,0.5326934037601303,rebalance,rebalance,131.1128297336856
2007-07-20,2007-07-23,EIX,sell,222.65419840988415,29.09536071665222,6478.204217812632,6.478204217812633,rebalance,rebalance,460.4144143641952
2007-07-20,2007-07-23,GILD,sell,442.92792159481945,13.448389840938034,5956.667361043568,5.956667361043569,rebalance,rebalance,-60.60090554809992
2007-07-20,2007-07-23,HON,sell,174.7512065943537,37.55794669375183,6563.29650193955,6.56329650193955,rebalance,rebalance,545.4216062069856
2007-07-20,2007-07-23,PCAR,sell,282.74971113115856,22.54306331744942,6374.04464102024,6.37404464102024,rebalance,rebalance,544.6130611682373
2007-07-20,2007-07-23,PCP,sell,3.3106191378918624,132.8088402514988,439.679488217835,0.43967948821783503,rebalance,rebalance,45.69827491532605
2007-07-20,2007-07-23,PEG,sell,280.46780374448025,22.49858926940285,6310.129919738548,6.310129919738548,rebalance,rebalance,135.75474586946265
2007-07-20,2007-07-23,TIF,sell,145.1209428055713,44.840108233719,6507.238782381162,6.507238782381163,rebalance,rebalance,1000.8805967685221
2007-07-20,2007-07-23,VMC,sell,62.825555802884104,82.74065159446663,5198.227423915155,5.198227423915155,rebalance,rebalance,-718.621295905461
2007-07-20,2007-07-23,AMZN,buy,21.880514031335224,3.5889999866485596,78.52916456632573,0.07852916456632573,rebalance,rebalance,0.0
2007-07-20,2007-07-23,CAT,buy,122.88054080710455,51.077128903530024,6276.3852225399605,6.276385222539961,rebalance,rebalance,0.0
2007-07-20,2007-07-23,FCX,buy,183.6351517456597,34.17856092842696,6276.3852225399605,6.276385222539961,rebalance,rebalance,0.0
2007-07-20,2007-07-23,JNS,buy,244.82425801937552,25.636288141199,6276.3852225399605,6.276385222539961,rebalance,rebalance,0.0
2007-07-20,2007-07-23,MRO,buy,209.50242589496864,29.95853244051,6276.3852225399605,6.276385222539961,rebalance,rebalance,0.0
2007-07-20,2007-07-23,PLL,buy,170.7436265896008,36.759118614868555,6276.3852225399605,6.276385222539961,rebalance,rebalance,0.0
2007-07-20,2007-07-23,SLB,buy,97.7381724600203,64.21631451219645,6276.3852225399605,6.276385222539961,rebalance,rebalance,0.0
2007-07-20,2007-07-23,STR,buy,415.89510649751475,15.09126970835726,6276.3852225399605,6.276385222539961,rebalance,rebalance,0.0
2007-07-20,2007-07-23,TSN,buy,17.58065120942433,16.565367105970466,291.22994124613774,0.29122994124613777,rebalance,rebalance,0.0
2007-07-20,2007-07-23,TT,buy,250.35855984032932,25.069585104431173,6276.3852225399605,6.276385222539961,rebalance,rebalance,0.0
2007-07-20,2007-07-23,VLO,buy,14.200616747688287,37.37705336043956,530.7772099294967,0.5307772099294967,rebalance,rebalance,0.0
2007-07-20,2007-07-23,X,buy,6.949460684475312,96.591293441359,671.2573962333424,0.6712573962333425,rebalance,rebalance,0.0
2007-08-17,2007-08-20,AAPL,sell,707.7490811639943,3.7075974362678523,2624.0486788445537,2.6240486788445536,rebalance,rebalance,-2.917982450552443
2007-08-17,2007-08-20,AMZN,sell,1000.6144172375044,3.749000072479248,3751.3035227471846,3.7513035227471847,rebalance,rebalance,263.038660644152
2007-08-17,2007-08-20,CAT,sell,122.88054080710455,45.193383717004174,5553.387432048466,5.553387432048465,rebalance,rebalance,-734.8275631460821
2007-08-17,2007-08-20,CMI,sell,84.343078865838,34.855078644359345,2939.7846469761857,2.939784646976186,rebalance,rebalance,518.7196526500268
2007-08-17,2007-08-20,FCX,sell,81.2919905426698,27.406689741546145,2227.9443632756547,2.227944363275655,rebalance,rebalance,-555.5052760951246
2007-08-17,2007-08-20,JNS,sell,128.27630087602992,24.066378639392,3087.1460273431076,3.0871460273431075,rebalance,rebalance,-207.75785784022085
2007-08-17,2007-08-20,MRO,sell,99.41320837707626,25.478310496698,2532.8805905040876,2.532880590504088,rebalance,rebalance,-450.9043920944157
2007-08-17,2007-08-20,PCP,sell,25.521711788639546,129.0369897809779,3293.2448632637443,3.2932448632637445,rebalance,rebalance,256.1222395057486
2007-08-17,2007-08-20,PLL,sell,81.99256179788497,31.603984389843617,2591.2916431436447,2.5912916431436446,rebalance,rebalance,-428.287927469558
2007-08-17,2007-08-20,SLB,sell,49.04108046677142,57.598660442562824,2824.700541541967,2.8247005415419673,rebalance,rebalance,-330.51084371897383
2007-08-17,2007-08-20,STR,sell,192.29236838948538,12.54406493405398,2412.1279554007333,2.4121279554007335,rebalance,rebalance,-495.1221027734071
2007-08-17,2007-08-20,TSN,sell,378.88597230530644,13.902077185690887,5267.30203156391,5.26730203156391,rebalance,rebalance,-415.93334136140174
2007-08-17,2007-08-20,TT,sell,250.35855984032932,22.21482266586199,5561.6710097335135,5.561671009733514,rebalance,rebalance,-726.5522690387199
2007-08-17,2007-08-20,VLO,sell,167.9208139286598,32.52484751292318,5461.5988672756075,5.461598867275607,rebalance,rebalance,-952.9691080295954
2007-08-17,2007-08-20,X,sell,64.97878844898564,75.540051638467,4908.501034841399,4.908501034841399,rebalance,rebalance,-1008.8748278823338
2007-08-17,2007-08-20,APOL,buy,50.28482011938664,55.78,2804.8872662593867,2.804887266259387,rebalance,rebalance,0.0
2007-08-17,2007-08-20,JNPR,buy,93.37535243094287,30.038839942626,2804.8872662593867,2.804887266259387,rebalance,rebalance,0.0
2007-08-17,2007-08-20,NVDA,buy,4074.1072721945725,0.6884667189306718,2804.8872662593867,2.804887266259387,rebalance,rebalance,0.0
2007-08-17,2007-08-20,PPL,buy,146.31488783211526,19.170210959514748,2804.887266259387,2.8048872662593873,rebalance,rebalance,0.0
2007-08-17,2007-08-20,RDC,buy,80.4133908331288,34.880848042834,2804.8872662593867,2.804887266259387,rebalance,rebalance,0.0
2007-09-17,2007-09-18,FCX,sell,102.3431612029899,34.060620883024036,3485.8716137052534,3.4858716137052532,rebalance,rebalance,-19.054170663448698
2007-09-17,2007-09-18,MRO,sell,110.08921751789238,27.368105303414,3012.933297800128,3.012933297800128,rebalance,rebalance,-291.4891412521727
2007-09-17,2007-09-18,PCP,sell,21.73707919737036,131.01220325364943,2847.8226379465605,2.8478226379465603,rebalance,rebalance,261.0341287870123
2007-09-17,2007-09-18,PLL,sell,88.75106479171583,32.24173295376423,2861.4881303767283,2.8614881303767286,rebalance,rebalance,-407.04668654608946
2007-09-17,2007-09-18,RDC,sell,80.4133908331288,34.0987234763827,2741.9939778171465,2.7419939778171467,rebalance,rebalance,-68.44016968631628
2007-09-17,2007-09-18,STR,sell,223.60273810802937,13.2089632005919,2953.560339220548,2.953560339220548,rebalance,rebalance,-427.2168986624327
2007-09-17,2007-09-18,AAPL,buy,299.9977208082446,4.159233073971814,1247.7604425018133,1.2477604425018134,rebalance,rebalance,0.0
2007-09-17,2007-09-18,AGN,buy,143.2660857848341,30.672444104033,4394.321008238921,4.394321008238921,rebalance,rebalance,0.0
2007-09-17,2007-09-18,AMZN,buy,257.62618188948625,4.36899995803833,1125.5687778647407,1.1255687778647407,rebalance,rebalance,0.0
2007-09-17,2007-09-18,APOL,buy,30.035432270284744,54.71,1643.2384995072784,1.6432384995072784,rebalance,rebalance,0.0
2007-09-17,2007-09-18,BIIB,buy,67.72998141591972,64.87999725341797,4394.321008238921,4.394321008238921,rebalance,rebalance,0.0
2007-09-17,2007-09-18,CIEN,buy,117.30702390914868,37.459999084472656,4394.321008238921,4.394321008238921,rebalance,rebalance,0.0
2007-09-17,2007-09-18,CMI,buy,29.709163432565205,39.88238330843141,1184.8722437903994,1.1848722437903993,rebalance,rebalance,0.0
2007-09-17,2007-09-18,CVX,buy,101.21245158205444,43.416802375114685,4394.321008238921,4.394321008238921,rebalance,rebalance,0.0
2007-09-17,2007-09-18,INTC,buy,290.1899101401721,15.142914535230764,4394.321008238921,4.394321008238921,rebalance,rebalance,0.0
2007-09-17,2007-09-18,JNPR,buy,37.50516706657059,33.57505780929,1259.238152407187,1.2592381524071872,rebalance,rebalance,0.0
2007-09-17,2007-09-18,JNS,buy,84.45635215786689,21.861824870898,1846.3699801101743,1.8463699801101743,rebalance,rebalance,0.0
2007-09-17,2007-09-18,NVDA,buy,1828.4433931635508,0.7444783208772857,1361.2364671615671,1.361236467161567,rebalance,rebalance,0.0
2007-09-17,2007-09-18,PPL,buy,77.4131259747391,19.64135350538875,1520.4985732270427,1.5204985732270426,rebalance,rebalance,0.0
2007-09-17,2007-09-18,SLB,buy,18.315372278193678,65.57468160608394,1201.0247056394467,1.2010247056394467,rebalance,rebalance,0.0
2007-09-17,2007-09-18,STZ,buy,223.82358592492352,19.632966695980357,4394.321008238921,4.394321008238921,rebalance,rebalance,0.0
2007-10-15,2007-10-16,AGN,sell,143.2660857848341,30.237233674953,4331.9701135718915,4.3319701135718915,rebalance,rebalance,-71.07718578884047
2007-10-15,2007-10-16,APOL,sell,80.32025238967138,65.64,5272.22136685803,5.27222136685803,rebalance,rebalance,814.3752539587404
2007-10-15,2007-10-16,BIIB,sell,0.810025299313736,81.05000305175781,65.65255298137934,0.06565255298137934,rebalance,rebalance,12.979906794529029
2007-10-15,2007-10-16,CVX,sell,101.21245158205444,43.988075619065796,4452.140973782446,4.452140973782446,rebalance,rebalance,48.973503561503875
2007-10-15,2007-10-16,INTC,sell,290.1899101401721,15.610261929031994,4529.940506450344,4.529940506450345,rebalance,rebalance,126.69523669673384
2007-10-15,2007-10-16,JNS,sell,201.0043093012125,28.308474527252,5690.125369721256,5.690125369721256,rebalance,rebalance,845.3740256547354
2007-10-15,2007-10-16,PPL,sell,223.72801380685436,19.593003477724295,4383.503752582047,4.3835037525820475,rebalance,rebalance,49.40902350354909
2007-10-15,2007-10-16,STZ,sell,223.82358592492352,21.326328335907206,4773.335282755058,4.773335282755058,rebalance,rebalance,369.8466182251426
2007-10-15,2007-10-16,AAPL,buy,38.933256205539465,4.951240956234367,192.76793268443282,0.19276793268443282,rebalance,rebalance,0.0
2007-10-15,2007-10-16,AMZN,buy,217.31011797749784,4.434500217437744,963.661765422636,0.963661765422636,rebalance,rebalance,0.0
2007-10-15,2007-10-16,CELG,buy,148.11203297308614,36.62,5423.862647474414,5.423862647474414,rebalance,rebalance,0.0
2007-10-15,2007-10-16,CIEN,buy,4.168059228995716,44.650001525878906,186.10385093461238,0.18610385093461237,rebalance,rebalance,0.0
2007-10-15,2007-10-16,CMI,buy,8.861111139764759,45.56216911094935,403.7314442608791,0.4037314442608791,rebalance,rebalance,0.0
2007-10-15,2007-10-16,COP,buy,158.29311357009675,34.2646785140945,5423.862647474414,5.423862647474414,rebalance,rebalance,0.0
2007-10-15,2007-10-16,DE,buy,101.12593419168978,53.63473465860086,5423.862647474414,5.423862647474414,rebalance,rebalance,0.0
2007-10-15,2007-10-16,FCX,buy,138.24489802065835,39.233727429593166,5423.862647474413,5.423862647474413,rebalance,rebalance,0.0
2007-10-15,2007-10-16,JNPR,buy,27.612488580204854,34.221463225777,944.9397625196677,0.9449397625196677,rebalance,rebalance,0.0
2007-10-15,2007-10-16,MON,buy,70.21271338929549,77.249010694142,5423.862647474414,5.423862647474414,rebalance,rebalance,0.0
2007-10-15,2007-10-16,NVDA,buy,615.2739046843926,0.83215842789077,512.0053652443796,0.5120053652443797,rebalance,rebalance,0.0
2007-10-15,2007-10-16,OXY,buy,135.43335354885335,40.04820456223825,5423.862647474414,5.423862647474414,rebalance,rebalance,0.0
2007-10-15,2007-10-16,PCP,buy,38.74814614387058,139.97734568605662,5423.862647474414,5.423862647474414,rebalance,rebalance,0.0
2007-10-15,2007-10-16,SLB,buy,7.532865507647415,72.75925485268714,548.0856812419347,0.5480856812419347,rebalance,rebalance,0.0
2007-11-12,2007-11-13,AAPL,sell,1095.4551990940665,4.810965110961789,5270.196743463254,5.270196743463254,market_trend_exit,risk_exit,1017.7561864268081
2007-11-12,2007-11-13,AMZN,sell,1223.1057349250339,3.8954999446868896,4764.608322746687,4.764608322746687,market_trend_exit,risk_exit,63.11820621204648
2007-11-12,2007-11-13,BIIB,sell,66.91995611660599,69.8499984741211,4674.358832633179,4.674358832633179,market_trend_exit,risk_exit,323.5761381872542
2007-11-12,2007-11-13,CELG,sell,148.11203297308614,31.23,4625.53878974948,4.625538789749481,market_trend_exit,risk_exit,-808.3732591621576
2007-11-12,2007-11-13,CIEN,sell,121.4750831381444,44.11000061035156,5358.265991366056,5.358265991366056,market_trend_exit,risk_exit,767.9024413419829
2007-11-12,2007-11-13,CMI,sell,119.04311742197036,37.69984181120403,4487.906695520869,4.487906695520869,market_trend_exit,risk_exit,586.0613733323489
2007-11-12,2007-11-13,COP,sell,158.29311357009675,31.742966815081818,5024.693051111559,5.024693051111559,market_trend_exit,risk_exit,-409.6181520614414
2007-11-12,2007-11-13,DE,sell,101.12593419168978,50.440746572394886,5100.867618459707,5.1008676184597075,market_trend_exit,risk_exit,-333.5197592806402
2007-11-12,2007-11-13,FCX,sell,138.24489802065835,35.23348075909048,4870.848954453292,4.870848954453292,market_trend_exit,risk_exit,-563.3084046230489
2007-11-12,2007-11-13,JNPR,sell,158.49300807771832,28.565415831517,4527.418682128006,4.5274186821280065,market_trend_exit,risk_exit,-491.18298292154805
2007-11-12,2007-11-13,MON,sell,70.21271338929549,76.500753903709,5371.325507906147,5.371325507906147,market_trend_exit,risk_exit,-63.3323277236465
2007-11-12,2007-11-13,NVDA,sell,6517.824570042516,0.6986924609345603,4553.954888782748,4.553954888782748,market_trend_exit,risk_exit,-133.4062938700337
2007-11-12,2007-11-13,OXY,sell,135.43335354885335,39.358711083017546,5330.482233333488,5.330482233333488,market_trend_exit,risk_exit,-104.1347590217333
2007-11-12,2007-11-13,PCP,sell,38.74814614387058,136.87975494529135,5303.8367487573405,5.303836748757341,market_trend_exit,risk_exit,-130.75359811330443
2007-11-12,2007-11-13,SLB,sell,74.54532977908997,59.4929263869748,4434.91981704016,4.43491981704016,market_trend_exit,risk_exit,-450.64952308824303
2007-12-11,2007-12-12,AAPL,buy,508.3457443448927,5.785718175490681,2941.1452124895845,2.9411452124895847,rebalance,rebalance,0.0
2007-12-11,2007-12-12,APOL,buy,40.278625205280534,73.02,2941.1452124895845,2.9411452124895847,rebalance,rebalance,0.0
2007-12-11,2007-12-12,BIIB,buy,37.95026080631722,77.5,2941.1452124895845,2.9411452124895847,rebalance,rebalance,0.0
2007-12-11,2007-12-12,CIEN,buy,68.91155556371712,42.68000030517578,2941.145212489584,2.9411452124895843,rebalance,rebalance,0.0
2007-12-11,2007-12-12,CMI,buy,72.98131950159146,40.29997309688884,2941.1452124895845,2.9411452124895847,rebalance,rebalance,0.0
2007-12-11,2007-12-12,DE,buy,47.83487814413445,61.48537064581673,2941.1452124895845,2.9411452124895847,rebalance,rebalance,0.0
2007-12-11,2007-12-12,FCX,buy,79.76671962056558,36.87183359777144,2941.1452124895845,2.9411452124895847,rebalance,rebalance,0.0
2007-12-11,2007-12-12,GOOGL,buy,166.17159622204363,17.69944611087165,2941.1452124895845,2.9411452124895847,rebalance,rebalance,0.0
2007-12-11,2007-12-12,J,buy,41.26516509367275,71.27428681826733,2941.1452124895845,2.9411452124895847,rebalance,rebalance,0.0
2007-12-11,2007-12-12,JNS,buy,101.53023672293948,28.968170541309,2941.1452124895845,2.9411452124895847,rebalance,rebalance,0.0
2007-12-11,2007-12-12,MON,buy,32.05136545435544,91.763491844929,2941.145212489585,2.941145212489585,rebalance,rebalance,0.0
2007-12-11,2007-12-12,NEM,buy,85.3677841392465,34.45263622741075,2941.1452124895845,2.9411452124895847,rebalance,rebalance,0.0
2007-12-11,2007-12-12,NVDA,buy,3594.6816455528624,0.8181935154475234,2941.1452124895845,2.9411452124895847,rebalance,rebalance,0.0
2007-12-11,2007-12-12,PH,buy,49.92480589770898,58.91150019723065,2941.1452124895845,2.9411452124895847,rebalance,rebalance,0.0
2007-12-11,2007-12-12,TXT,buy,44.30167720252412,66.38902629000265,2941.1452124895845,2.9411452124895847,rebalance,rebalance,0.0
2008-01-10,2008-01-11,AAPL,sell,508.3457443448927,5.2640956136206976,2675.980603008698,2.675980603008698,market_trend_exit,risk_exit,-270.7817352963845
2008-01-10,2008-01-11,APOL,sell,40.278625205280534,76.21,3069.634026894429,3.069634026894429,market_trend_exit,risk_exit,122.47803516546138
2008-01-10,2008-01-11,BIIB,sell,37.95026080631722,59.33000183105469,2251.5890431278035,2.2515890431278036,market_trend_exit,risk_exit,-694.7489036173977
2008-01-10,2008-01-11,CIEN,sell,68.91155556371712,29.31999969482422,2020.486788098048,2.020486788098048,market_trend_exit,risk_exit,-925.6200563921234
2008-01-10,2008-01-11,CMI,sell,72.98131950159146,33.548978445168196,2448.448714858825,2.448448714858825,market_trend_exit,risk_exit,-498.0860915581078
2008-01-10,2008-01-11,DE,sell,47.83487814413445,62.71568984882428,2999.9973816438396,2.9999973816438397,market_trend_exit,risk_exit,52.91102656012174
2008-01-10,2008-01-11,FCX,sell,79.76671962056558,33.44736517685082,2667.9866001085284,2.6679866001085286,market_trend_exit,risk_exit,-278.76774419365347
2008-01-10,2008-01-11,GOOGL,sell,166.17159622204363,15.931980438183652,2647.4426203913517,2.647442620391352,market_trend_exit,risk_exit,-299.2911799311138
2008-01-10,2008-01-11,J,sell,41.26516509367275,68.04663394448649,2807.955583787951,2.807955583787951,market_trend_exit,risk_exit,-138.93872949791117
2008-01-10,2008-01-11,JNS,sell,101.53023672293948,24.032976309567,2440.073773867134,2.4400737738671343,market_trend_exit,risk_exit,-506.4526576088069
2008-01-10,2008-01-11,MON,sell,32.05136545435544,103.02979879349,3302.2457338188574,3.3022457338188573,market_trend_exit,risk_exit,354.85713038296456
2008-01-10,2008-01-11,NEM,sell,85.3677841392465,36.96767378287903,3155.848395626899,3.1558483956268994,market_trend_exit,risk_exit,208.6061895291984
2008-01-10,2008-01-11,NVDA,sell,3594.6816455528624,0.6323029443044828,2272.927788320358,2.272927788320358,market_trend_exit,risk_exit,-673.4314971700363
2008-01-10,2008-01-11,PH,sell,49.92480589770898,47.59190708337015,2376.016723439056,2.376016723439056,market_trend_exit,risk_exit,-570.445650986457
2008-01-10,2008-01-11,TXT,sell,44.30167720252412,56.955482824629414,2523.2234150106387,2.523223415010639,market_trend_exit,risk_exit,-423.3861661064457
2008-05-06,2008-05-07,ADM,buy,171.9880215728543,27.69527325983009,4763.255254877752,4.763255254877752,rebalance,rebalance,0.0
2008-05-06,2008-05-07,APA,buy,48.03562682690317,99.16088473337065,4763.255254877752,4.763255254877752,rebalance,rebalance,0.0
2008-05-06,2008-05-07,BCR,buy,54.81062061024986,86.903873771993,4763.255254877752,4.763255254877752,rebalance,rebalance,0.0
2008-05-06,2008-05-07,CHRW,buy,107.11535242997562,44.468464574129364,4763.255254877752,4.763255254877752,rebalance,rebalance,0.0
2008-05-06,2008-05-07,CSX,buy,911.5932414893738,5.225198079678036,4763.255254877752,4.763255254877752,rebalance,rebalance,0.0
2008-05-06,2008-05-07,DHI,buy,353.1236921034785,13.48891439853302,4763.255254877752,4.763255254877752,rebalance,rebalance,0.0
2008-05-06,2008-05-07,EOG,buy,99.99475042649263,47.63505318590979,4763.255254877752,4.763255254877752,rebalance,rebalance,0.0
2008-05-06,2008-05-07,HCBK,buy,317.3292513103927,15.010451243332176,4763.255254877752,4.763255254877752,rebalance,rebalance,0.0
2008-05-06,2008-05-07,HES,buy,44.93749893084051,105.99733781821,4763.255254877752,4.763255254877752,rebalance,rebalance,0.0
2008-05-06,2008-05-07,MON,buy,46.61435831083491,102.18429315524,4763.255254877752,4.763255254877752,rebalance,rebalance,0.0
2008-05-06,2008-05-07,NUE,buy,98.61737664526969,48.30036467114062,4763.255254877752,4.763255254877752,rebalance,rebalance,0.0
2008-05-06,2008-05-07,PSA,buy,99.70041887810311,47.77567946531357,4763.255254877752,4.763255254877752,rebalance,rebalance,0.0
2008-05-06,2008-05-07,SIAL,buy,89.14225547516808,53.434313833405625,4763.255254877752,4.763255254877752,rebalance,rebalance,0.0
2008-05-06,2008-05-07,WMT,buy,368.8045393926778,12.915392155209252,4763.255254877752,4.763255254877752,rebalance,rebalance,0.0
2008-05-06,2008-05-07,X,buy,31.002652196178822,153.64025067071,4763.255254877752,4.763255254877752,rebalance,rebalance,0.0
2008-06-04,2008-06-05,ADM,sell,171.9880215728543,23.56775790582915,4053.3720551315514,4.053372055131551,market_trend_exit,risk_exit,-718.6998270562094
2008-06-04,2008-06-05,APA,sell,48.03562682690317,93.20636885065713,4477.226352000857,4.477226352000858,market_trend_exit,risk_exit,-295.269384483773
2008-06-04,2008-06-05,BCR,sell,54.81062061024986,84.545980320824,4634.017651486335,4.634017651486335,market_trend_exit,risk_exit,-138.63487629778086
2008-06-04,2008-06-05,CHRW,sell,107.11535242997562,41.9815031455337,4496.863504973972,4.496863504973972,market_trend_exit,risk_exit,-275.65186866363115
2008-06-04,2008-06-05,CSX,sell,911.5932414893738,5.188569842764445,4729.865201659651,4.729865201659651,market_trend_exit,risk_exit,-42.88317367463821
2008-06-04,2008-06-05,DHI,sell,353.1236921034785,10.279825982495801,3630.0501051201854,3.6300501051201857,market_trend_exit,risk_exit,-1141.5984551175636
2008-06-04,2008-06-05,EOG,sell,99.99475042649263,42.75821236502688,4275.596774123834,4.275596774123834,market_trend_exit,risk_exit,-496.69733278291943
2008-06-04,2008-06-05,HCBK,sell,317.3292513103927,13.64159821176202,4328.878147215633,4.328878147215633,market_trend_exit,risk_exit,-443.4692410642119
2008-06-04,2008-06-05,HES,sell,44.93749893084051,104.60998527495,4700.911101448308,4.700911101448308,market_trend_exit,risk_exit,-71.80831978577021
2008-06-04,2008-06-05,MON,sell,46.61435831083491,114.56923419543,5340.571334183734,5.340571334183734,market_trend_exit,risk_exit,567.2122527169199
2008-06-04,2008-06-05,NUE,sell,98.61737664526969,47.170831662589286,4651.863672740181,4.6518636727401805,market_trend_exit,risk_exit,-120.80670106518896
2008-06-04,2008-06-05,PSA,sell,99.70041887810311,45.0520815049104,4491.711397370009,4.491711397370009,market_trend_exit,risk_exit,-280.79882415999134
2008-06-04,2008-06-05,SIAL,sell,89.14225547516808,53.98041435504205,4811.935887092589,4.811935887092589,market_trend_exit,risk_exit,39.105441072867016
2008-06-04,2008-06-05,WMT,sell,368.8045393926778,13.483884211047052,4972.917705679409,4.972917705679409,market_trend_exit,risk_exit,199.92627784109953
2008-06-04,2008-06-05,X,sell,31.002652196178822,161.74071519803,5014.391139245738,5.014391139245737,market_trend_exit,risk_exit,241.3582379738627
2009-06-16,2009-06-17,CBRE,buy,321.41182632434715,8.6899995803833,2793.068635888807,2.793068635888807,rebalance,rebalance,0.0
2009-06-16,2009-06-17,CCE,buy,192.1858147213009,14.533167496983,2793.068635888807,2.793068635888807,rebalance,rebalance,0.0
2009-06-16,2009-06-17,CF,buy,264.85678088809544,10.545580998618666,2793.068635888807,2.793068635888807,rebalance,rebalance,0.0
2009-06-16,2009-06-17,EXPE,buy,135.03398980216303,20.684189513920934,2793.068635888807,2.793068635888807,rebalance,rebalance,0.0
2009-06-16,2009-06-17,F,buy,996.2091491015836,2.803697033306404,2793.068635888807,2.793068635888807,rebalance,rebalance,0.0
2009-06-16,2009-06-17,FCX,buy,152.65819044702724,18.296225231740898,2793.068635888807,2.793068635888807,rebalance,rebalance,0.0
2009-06-16,2009-06-17,GLW,buy,268.6979058545684,10.394828448720935,2793.0686358888065,2.7930686358888064,rebalance,rebalance,0.0
2009-06-16,2009-06-17,GS,buy,26.16911516023731,106.73148934484182,2793.068635888807,2.793068635888807,rebalance,rebalance,0.0
2009-06-16,2009-06-17,JWN,buy,190.06253727526757,14.695524304422,2793.068635888807,2.793068635888807,rebalance,rebalance,0.0
2009-06-16,2009-06-17,MDP,buy,145.93487931624932,19.139143767242,2793.0686358888065,2.7930686358888064,rebalance,rebalance,0.0
2009-06-16,2009-06-17,MS,buy,144.03342318675323,19.39180902662658,2793.068635888807,2.793068635888807,rebalance,rebalance,0.0
2009-06-16,2009-06-17,MU,buy,558.3396646230289,5.002454263704492,2793.068635888807,2.793068635888807,rebalance,rebalance,0.0
2009-06-16,2009-06-17,TSN,buy,311.57398604778496,8.964383295659491,2793.068635888807,2.793068635888807,rebalance,rebalance,0.0
2009-06-16,2009-06-17,WFM,buy,326.0448343528618,8.5665170602458,2793.068635888807,2.793068635888807,rebalance,rebalance,0.0
2009-06-16,2009-06-17,XL,buy,316.9306995501108,8.8128686802939,2793.068635888807,2.793068635888807,rebalance,rebalance,0.0
2009-07-15,2009-07-16,CBRE,sell,65.00580954928756,9.09000015258789,590.9028187221232,0.5909028187221232,rebalance,rebalance,24.84655773990982
2009-07-15,2009-07-16,CCE,sell,192.1858147213009,14.717556011939,2828.5054928608765,2.8285054928608764,rebalance,rebalance,29.815282843320162
2009-07-15,2009-07-16,CF,sell,29.813560286529025,9.916179354777833,295.6366110057034,0.29563661100570343,rebalance,rebalance,-19.374741778953577
2009-07-15,2009-07-16,EXPE,sell,26.18121332690609,21.41177108274806,560.586146424306,0.560586146424306,rebalance,rebalance,17.946844941605647
2009-07-15,2009-07-16,F,sell,212.16818101518197,2.9727154912559333,630.7156384554245,0.6307156384554244,rebalance,rebalance,34.634767843012966
2009-07-15,2009-07-16,FCX,sell,24.945685348010898,18.249823929165856,455.2543653935714,0.4552543653935714,rebalance,rebalance,-2.069178536855742
2009-07-15,2009-07-16,GLW,sell,50.94421899243042,10.703519031966398,545.2824175541431,0.5452824175541431,rebalance,rebalance,14.651161839323498
2009-07-15,2009-07-16,GS,sell,5.8688566146084575,114.81285947028536,673.8202097442955,0.6738202097442956,rebalance,rebalance,46.128190498835835
2009-07-15,2009-07-16,JWN,sell,190.06253727526757,16.699811189543,3174.0084867024466,3.1740084867024465,rebalance,rebalance,374.9727736910489
2009-07-15,2009-07-16,MDP,sell,145.93487931624932,19.293254970889,2815.5588357943134,2.8155588357943135,rebalance,rebalance,16.88157243382367
2009-07-15,2009-07-16,MS,sell,144.03342318675323,19.780198004557032,2849.0096299081347,2.8490096299081347,rebalance,rebalance,50.29891575353079
2009-07-15,2009-07-16,MU,sell,129.2270935082322,5.431513519994793,701.8987055395945,0.7018987055395945,rebalance,rebalance,54.0977293027533
2009-07-15,2009-07-16,TSN,sell,311.57398604778496,9.386824431638331,2924.6903044962883,2.924690304496288,rebalance,rebalance,125.90390966709651
2009-07-15,2009-07-16,WFM,sell,326.0448343528618,9.4780416389168,3090.266516150155,3.0902665161501552,rebalance,rebalance,291.3145451093092
2009-07-15,2009-07-16,XL,sell,91.53832771406053,10.340770242682,946.5768152904301,0.9465768152904301,rebalance,rebalance,138.108261856059
2009-07-15,2009-07-16,AKS,buy,139.6608369712555,16.688506113488693,2330.730731609745,2.3307307316097448,rebalance,rebalance,0.0
2009-07-15,2009-07-16,AMZN,buy,552.1749879612281,4.2210001945495605,2330.730731609745,2.3307307316097448,rebalance,rebalance,0.0
2009-07-15,2009-07-16,BIG,buy,119.17278440931015,19.557575525001,2330.730731609745,2.3307307316097448,rebalance,rebalance,0.0
2009-07-15,2009-07-16,CME,buy,81.27034896429288,28.678734142433424,2330.730731609745,2.3307307316097448,rebalance,rebalance,0.0
2009-07-15,2009-07-16,ICE,buy,150.9600050478309,15.439392247445044,2330.730731609745,2.3307307316097448,rebalance,rebalance,0.0
2009-07-15,2009-07-16,WDC,buy,140.1088604970381,16.635141584489702,2330.730731609745,2.3307307316097448,rebalance,rebalance,0.0
2009-08-12,2009-08-13,AMZN,sell,552.1749879612281,4.285999774932861,2366.6218741253792,2.3666218741253795,rebalance,rebalance,31.19378990989889
2009-08-12,2009-08-13,BIG,sell,119.17278440931015,22.682269978466,2703.109270057497,2.703109270057497,rebalance,rebalance,367.3446984460847
2009-08-12,2009-08-13,CF,sell,235.04322060156642,11.508620046395903,2705.0231203846415,2.7050231203846415,rebalance,rebalance,221.17210891321326
2009-08-12,2009-08-13,CME,sell,81.27034896429288,29.152648119722805,2369.245885923109,2.3692458859231094,rebalance,rebalance,33.8151776958313
2009-08-12,2009-08-13,EXPE,sell,108.85277647525695,29.817963679093566,3245.7681353077023,3.2457681353077024,rebalance,rebalance,988.739377983975
2009-08-12,2009-08-13,GLW,sell,217.75368686213795,10.904843670322187,2374.5699138679047,2.3745699138679046,rebalance,rebalance,106.41961272660701
2009-08-12,2009-08-13,GS,sell,20.300258545628854,122.39789856194423,2484.708986249122,2.4847089862491223,rebalance,rebalance,313.3807717738928
2009-08-12,2009-08-13,ICE,sell,150.9600050478309,15.643434821535028,2361.5329996243413,2.3615329996243415,rebalance,rebalance,26.11000428336243
2009-08-12,2009-08-13,MU,sell,429.11257111479665,6.6894412838659365,2870.5233486411785,2.8705233486411785,rebalance,rebalance,718.8901982991432
2009-08-12,2009-08-13,WDC,sell,140.1088604970381,19.637198686304234,2751.34553129202,2.7513455312920203,rebalance,rebalance,415.53272341937344
2009-08-12,2009-08-13,AKS,buy,30.87271428995774,19.265407048223295,594.7754074795359,0.594775407479536,rebalance,rebalance,0.0
2009-08-12,2009-08-13,BAC,buy,258.6548440703081,12.701862562192272,3285.3982804263264,3.2853982804263264,rebalance,rebalance,0.0
2009-08-12,2009-08-13,CBRE,buy,18.522714008607352,11.949999809265137,221.34642886993052,0.22134642886993053,rebalance,rebalance,0.0
2009-08-12,2009-08-13,F,buy,57.870701924779496,3.9023075667577976,225.82927801465206,0.22582927801465208,rebalance,rebalance,0.0
2009-08-12,2009-08-13,FCX,buy,15.060996310700062,23.01126082912427,346.5725144519975,0.3465725144519975,rebalance,rebalance,0.0
2009-08-12,2009-08-13,FITB,buy,519.8469828869164,6.3199333430410745,3285.398280426326,3.285398280426326,rebalance,rebalance,0.0
2009-08-12,2009-08-13,HAR,buy,126.2942725355178,26.01383431305146,3285.398280426326,3.285398280426326,rebalance,rebalance,0.0
2009-08-12,2009-08-13,IP,buy,329.01142409792976,9.985666271115353,3285.398280426326,3.285398280426326,rebalance,rebalance,0.0
2009-08-12,2009-08-13,JCP,buy,113.40885479000802,28.96950407011595,3285.398280426326,3.285398280426326,rebalance,rebalance,0.0
2009-08-12,2009-08-13,JNS,buy,270.87548964850913,12.128813443732,3285.3982804263255,3.2853982804263255,rebalance,rebalance,0.0
2009-08-12,2009-08-13,MDP,buy,157.6912933935263,20.834367007362,3285.398280426326,3.285398280426326,rebalance,rebalance,0.0
2009-08-12,2009-08-13,ODP,buy,636.5516477649493,5.1612438550147,3285.398280426326,3.285398280426326,rebalance,rebalance,0.0
2009-08-12,2009-08-13,TPR,buy,169.1265936047216,19.425675231802256,3285.398280426326,3.285398280426326,rebalance,rebalance,0.0
2009-08-12,2009-08-13,WFM,buy,260.4105493030997,12.61622576051,3285.3982804263255,3.2853982804263255,rebalance,rebalance,0.0
2009-08-12,2009-08-13,XL,buy,40.63535240107092,12.349834175546,501.83986381810087,0.5018398638181009,rebalance,rebalance,0.0
2009-09-10,2009-09-11,AKS,sell,52.75129569635392,20.1671920589912,1063.8455116690054,1.0638455116690055,rebalance,rebalance,156.92729027923852
2009-09-10,2009-09-11,BAC,sell,258.6548440703081,13.152053426272762,3401.842328176943,3.4018423281769428,rebalance,rebalance,109.75680714201361
2009-09-10,2009-09-11,CBRE,sell,69.44972707300244,11.5600004196167,802.8388741061734,0.8028388741061734,rebalance,rebalance,182.6455533545072
2009-09-10,2009-09-11,F,sell,201.38902723029082,3.7084362214034283,746.8383631740119,0.7468383631740119,rebalance,rebalance,165.66987603865746
2009-09-10,2009-09-11,FCX,sell,142.7735014097164,24.985086252703276,3567.208247322217,3.5672082473222173,rebalance,rebalance,877.7285371487827
2009-09-10,2009-09-11,FITB,sell,147.59184643862767,6.380939137014888,941.7745892445307,0.9417745892445307,rebalance,rebalance,7.129412555336707
2009-09-10,2009-09-11,HAR,sell,126.2942725355178,27.25833763256195,3442.57192183194,3.44257192183194,rebalance,rebalance,150.4456712033565
2009-09-10,2009-09-11,IP,sell,127.90010206125157,11.811057403742266,1510.6354473899369,1.5106354473899368,rebalance,rebalance,230.6799089820707
2009-09-10,2009-09-11,JCP,sell,113.40885479000802,27.329229573635445,3099.376628239215,3.099376628239215,rebalance,rebalance,-192.40642709577614
2009-09-10,2009-09-11,JNS,sell,270.87548964850913,11.347664101442,3073.804069844911,3.0738040698449107,rebalance,rebalance,-217.95341293168548
2009-09-10,2009-09-11,MDP,sell,157.6912933935263,20.626674721769,3252.647015283308,3.252647015283308,rebalance,rebalance,-39.28931043872742
2009-09-10,2009-09-11,ODP,sell,237.88953050427494,5.9582720962788,1417.4105516004859,1.4174105516004858,rebalance,rebalance,186.95945768387705
2009-09-10,2009-09-11,TPR,sell,169.1265936047216,20.109065052665063,3400.9776729329933,3.4009776729329935,rebalance,rebalance,108.89301655330833
2009-09-10,2009-09-11,WFM,sell,260.4105493030997,13.067453101693,3402.902640204368,3.402902640204368,rebalance,rebalance,110.81605885741176
2009-09-10,2009-09-11,XL,sell,101.57010194361155,14.44346170151,1467.0238774410197,1.4670238774410198,rebalance,rebalance,514.607971672171
2009-09-10,2009-09-11,AIG,buy,102.67420818762788,23.13470355453813,2375.337369117703,2.375337369117703,rebalance,rebalance,0.0
2009-09-10,2009-09-11,DD,buy,87.44326460356346,27.16432626213848,2375.337369117703,2.375337369117703,rebalance,rebalance,0.0
2009-09-10,2009-09-11,EXPE,buy,79.3845304681659,29.921917470687063,2375.337369117703,2.375337369117703,rebalance,rebalance,0.0
2009-09-10,2009-09-11,HIG,buy,134.5889357122068,17.648830912794473,2375.337369117703,2.375337369117703,rebalance,rebalance,0.0
2009-09-10,2009-09-11,MAS,buy,247.59462805307223,9.593654708084161,2375.337369117703,2.375337369117703,rebalance,rebalance,0.0
2009-09-10,2009-09-11,PFG,buy,151.02218394578315,15.728400338657845,2375.337369117703,2.375337369117703,rebalance,rebalance,0.0
2009-09-10,2009-09-11,TGNA,buy,419.5848329416776,5.661161182744362,2375.337369117703,2.375337369117703,rebalance,rebalance,0.0
2009-09-10,2009-09-11,TXT,buy,125.62411651231291,18.908291139184943,2375.337369117703,2.375337369117703,rebalance,rebalance,0.0
2009-10-08,2009-10-09,AIG,sell,102.67420818762788,27.23154506487014,2795.9773272612474,2.7959773272612476,rebalance,rebalance,415.4686434471658
2009-10-08,2009-10-09,F,sell,640.5226427808904,3.554332322345928,2276.6303324305536,2.2766303324305537,rebalance,rebalance,428.3086940268963
2009-10-08,2009-10-09,HIG,sell,5.210218994586768,20.789117716089734,108.31585600507101,0.10831585600507102,rebalance,rebalance,16.16131182091997
2009-10-08,2009-10-09,MAS,sell,247.59462805307223,8.604393401792946,2130.401583939233,2.1304015839392334,rebalance,rebalance,-249.44152413152673
2009-10-08,2009-10-09,ODP,sell,19.59494139207584,7.0954953185701,139.03581491512958,0.1390358149151296,rebalance,rebalance,37.66137398014064
2009-10-08,2009-10-09,PFG,sell,151.02218394578315,15.705866582128687,2371.934271994167,2.371934271994167,rebalance,rebalance,-8.15036876464763
2009-10-08,2009-10-09,TGNA,sell,118.08008219314758,8.920819208061328,1053.3710653180913,1.0533710653180912,rebalance,rebalance,383.17884610789537
2009-10-08,2009-10-09,TXT,sell,125.62411651231291,18.64714993532651,2342.5317360980257,2.342531736098026,rebalance,rebalance,-37.52350212489296
2009-10-08,2009-10-09,AES,buy,291.12396942214576,9.238914188817827,2689.6693717992293,2.6896693717992295,rebalance,rebalance,0.0
2009-10-08,2009-10-09,AKS,buy,31.64992696531779,17.999264457347156,569.6754055044778,0.5696754055044778,rebalance,rebalance,0.0
2009-10-08,2009-10-09,CBRE,buy,21.305941454568313,11.859999656677246,252.6884583363657,0.2526884583363657,rebalance,rebalance,0.0
2009-10-08,2009-10-09,CBS,buy,237.99388351707782,11.301422255275,2689.6693717992293,2.6896693717992295,rebalance,rebalance,0.0
2009-10-08,2009-10-09,COF,buy,92.7135945260541,29.01051766516707,2689.6693717992293,2.6896693717992295,rebalance,rebalance,0.0
2009-10-08,2009-10-09,DD,buy,2.635342386536294,29.859135944396233,78.68904657961681,0.07868904657961681,rebalance,rebalance,0.0
2009-10-08,2009-10-09,EXPE,buy,6.72853730572109,31.23416040480266,210.16021349659127,0.21016021349659128,rebalance,rebalance,0.0
2009-10-08,2009-10-09,FITB,buy,62.53881574562644,6.186078160074441,386.87000224093924,0.38687000224093926,rebalance,rebalance,0.0
2009-10-08,2009-10-09,IP,buy,35.051318071790064,11.389055316132469,399.2014004229707,0.39920140042297075,rebalance,rebalance,0.0
2009-10-08,2009-10-09,ISRG,buy,96.58085211286327,27.848888397216797,2689.6693717992293,2.6896693717992295,rebalance,rebalance,0.0
2009-10-08,2009-10-09,RRD,buy,137.13460588530413,19.61335254828967,2689.669371799229,2.689669371799229,rebalance,rebalance,0.0
2009-10-08,2009-10-09,XL,buy,13.398163418710112,15.122754432916,202.61713523323135,0.20261713523323135,rebalance,rebalance,0.0
2009-11-05,2009-11-06,AES,sell,291.12396942214576,8.559860539387701,2491.980577926537,2.491980577926537,rebalance,rebalance,-202.87044382241783
2009-11-05,2009-11-06,AKS,sell,149.4321825301771,14.820244570902744,2214.6214918610053,2.2146214918610054,rebalance,rebalance,-380.41547989110995
2009-11-05,2009-11-06,CBRE,sell,226.7849451652328,10.510000228881836,2383.5098255935513,2.3835098255935514,rebalance,rebalance,295.6115291908121
2009-11-05,2009-11-06,CBS,sell,237.99388351707782,11.401515367037,2713.4909201807764,2.713490920180776,rebalance,rebalance,18.418388089567514
2009-11-05,2009-11-06,COF,sell,92.7135945260541,29.373879227556472,2723.357928360954,2.723357928360954,rebalance,rebalance,28.275529261564497
2009-11-05,2009-11-06,DD,sell,90.07860699009976,28.546271233762756,2571.408347498905,2.571408347498905,rebalance,rebalance,112.3564970383893
2009-11-05,2009-11-06,FITB,sell,434.7939521939152,5.477699833034547,2381.67075933704,2.38167075933704,rebalance,rebalance,-362.9480602722796
2009-11-05,2009-11-06,IP,sell,236.16264010846825,11.443035667457162,2702.4175140820516,2.7024175140820517,rebalance,rebalance,289.8757189982994
2009-11-05,2009-11-06,ISRG,sell,1.9504173912330316,28.692222595214844,55.96180994283638,0.05596180994283639,rebalance,rebalance,1.5345749201976846
2009-11-05,2009-11-06,BEN,buy,142.2660910299509,19.085064316157723,2715.1574973149623,2.715157497314962,rebalance,rebalance,0.0
2009-11-05,2009-11-06,CTSH,buy,149.08230472749787,18.212473319874547,2715.1574973149623,2.715157497314962,rebalance,rebalance,0.0
2009-11-05,2009-11-06,DFS,buy,211.70512228892414,12.825185654268,2715.1574973149623,2.715157497314962,rebalance,rebalance,0.0
2009-11-05,2009-11-06,EXPE,buy,3.3848060343834447,30.33767598917033,102.68714875731347,0.10268714875731347,rebalance,rebalance,0.0
2009-11-05,2009-11-06,HAR,buy,75.75808482012646,35.83983813426119,2715.1574973149623,2.715157497314962,rebalance,rebalance,0.0
2009-11-05,2009-11-06,HIG,buy,31.815622431267457,16.844000302064586,535.9023538426419,0.535902353842642,rebalance,rebalance,0.0
2009-11-05,2009-11-06,JBL,buy,231.62339577679364,11.722293804601037,2715.1574973149623,2.715157497314962,rebalance,rebalance,0.0
2009-11-05,2009-11-06,MU,buy,386.18381800887465,7.03073865527055,2715.1574973149623,2.715157497314962,rebalance,rebalance,0.0
2009-11-05,2009-11-06,ODP,buy,102.55577621047013,5.637516828453,578.1599142415852,0.5781599142415852,rebalance,rebalance,0.0
2009-11-05,2009-11-06,RHT,buy,99.27449715959642,27.35,2715.1574973149623,2.715157497314962,rebalance,rebalance,0.0
2009-11-05,2009-11-06,RRD,buy,6.520995931752282,18.90046376870622,123.24984734396466,0.12324984734396466,rebalance,rebalance,0.0
2009-11-05,2009-11-06,TGNA,buy,93.98876663841008,6.865238943116547,645.2553409415062,0.6452553409415063,rebalance,rebalance,0.0
2009-11-05,2009-11-06,TXT,buy,149.1660447542926,18.20224905599253,2715.1574973149623,2.715157497314962,rebalance,rebalance,0.0
2009-11-05,2009-11-06,XL,buy,13.84857846777345,14.163253449805,196.14092675858754,0.19614092675858755,rebalance,rebalance,0.0
2009-12-04,2009-12-07,BEN,sell,142.2660910299509,18.85193793951164,2681.9915189935477,2.6819915189935477,rebalance,rebalance,-38.56312733772242
2009-12-04,2009-12-07,EXPE,sell,89.49787380827044,33.48188311374767,2996.55734977745,2.99655734977745,rebalance,rebalance,302.6878763246934
2009-12-04,2009-12-07,MU,sell,386.18381800887465,8.230155350545328,3178.3528160797628,3.1783528160797627,rebalance,rebalance,457.30180845140615
2009-12-04,2009-12-07,ODP,sell,481.6229520790686,6.4539847829186,3108.387203822643,3.108387203822643,rebalance,rebalance,568.1261522413242
2009-12-04,2009-12-07,RHT,sell,99.27449715959642,27.99,2778.6931754971038,2.778693175497104,rebalance,rebalance,58.0418275093295
2009-12-04,2009-12-07,XL,sell,191.70436417999318,15.470891957761,2965.8375060599424,2.9658375060599425,rebalance,rebalance,1023.9822988039456
2009-12-04,2009-12-07,COF,buy,138.86425223851745,29.83125909991146,4142.495488242674,4.142495488242674,rebalance,rebalance,0.0
2009-12-04,2009-12-07,CRM,buy,254.90172238066833,16.251343653364184,4142.495488242674,4.142495488242674,rebalance,rebalance,0.0
2009-12-04,2009-12-07,CTSH,buy,67.39992839059741,19.13549869001426,1289.7312414253315,1.2897312414253315,rebalance,rebalance,0.0
2009-12-04,2009-12-07,DFS,buy,87.48112902269145,13.845875170006,1211.2527921793749,1.211252792179375,rebalance,rebalance,0.0
2009-12-04,2009-12-07,HAR,buy,46.88059930818319,33.778049052684096,1583.53518305104,1.58353518305104,rebalance,rebalance,0.0
2009-12-04,2009-12-07,HIG,buy,72.96064758130248,17.69125460913609,1290.7653928082716,1.2907653928082716,rebalance,rebalance,0.0
2009-12-04,2009-12-07,IP,buy,328.15679062398124,12.62352511543592,4142.495488242674,4.142495488242674,rebalance,rebalance,0.0
2009-12-04,2009-12-07,ISRG,buy,34.37461678805586,32.11111068725586,1103.8071245132653,1.1038071245132652,rebalance,rebalance,0.0
2009-12-04,2009-12-07,JBL,buy,150.24930252346923,10.847844076523819,1629.8810063810508,1.629881006381051,rebalance,rebalance,0.0
2009-12-04,2009-12-07,JWN,buy,149.9371747357022,27.628208251521,4142.495488242674,4.142495488242674,rebalance,rebalance,0.0
2009-12-04,2009-12-07,LEN,buy,404.4661278394121,10.241884803484451,4142.495488242674,4.142495488242674,rebalance,rebalance,0.0
2009-12-04,2009-12-07,LXK,buy,198.03051979691318,20.91847000397181,4142.495488242674,4.142495488242674,rebalance,rebalance,0.0
2009-12-04,2009-12-07,RRD,buy,68.0521848894924,19.567043577781323,1331.5800672959294,1.3315800672959295,rebalance,rebalance,0.0
2009-12-04,2009-12-07,TGNA,buy,211.43664812969257,6.825324763214707,1443.123790330705,1.443123790330705,rebalance,rebalance,0.0
2009-12-04,2009-12-07,TXT,buy,62.44872805619016,19.575644144431237,1222.4740777003376,1.2224740777003376,rebalance,rebalance,0.0
2010-01-05,2010-01-06,COF,sell,138.86425223851745,31.28096971077818,4343.808468182926,4.343808468182926,rebalance,rebalance,192.82667598382645
2010-01-05,2010-01-06,CRM,sell,254.90172238066833,18.36969560517346,4682.467049367309,4.682467049367309,rebalance,rebalance,531.1465985870258
2010-01-05,2010-01-06,CTSH,sell,216.48223311809528,20.694207231363144,4479.92819405413,4.479928194054129,rebalance,rebalance,466.5546383810414
2010-01-05,2010-01-06,DFS,sell,299.1862513116156,13.198067455086,3948.680326445015,3.948680326445015,rebalance,rebalance,14.394946334738233
2010-01-05,2010-01-06,IP,sell,328.15679062398124,13.581343638063922,4456.810140628482,4.456810140628482,rebalance,rebalance,305.7153467569376
2010-01-05,2010-01-06,LEN,sell,404.4661278394121,11.104961722368282,4491.580867651187,4.491580867651187,rebalance,rebalance,340.45130305262023
2010-01-05,2010-01-06,LXK,sell,198.03051979691318,22.02984090146736,4362.58084476088,4.362580844760879,rebalance,rebalance,211.58028018520264
2010-01-05,2010-01-06,AIG,buy,371.2972313522015,18.21850066146048,6764.478854988528,6.764478854988528,rebalance,rebalance,0.0
2010-01-05,2010-01-06,AMD,buy,698.8097770380897,9.680000305175781,6764.478854988528,6.764478854988528,rebalance,rebalance,0.0
2010-01-05,2010-01-06,BKNG,buy,767.1653598859086,8.817497776482671,6764.478854988528,6.764478854988528,rebalance,rebalance,0.0
2010-01-05,2010-01-06,CAT,buy,171.37355392547573,39.47212799198971,6764.478854988529,6.764478854988529,rebalance,rebalance,0.0
2010-01-05,2010-01-06,CBS,buy,528.6705144623935,12.795264101058,6764.478854988528,6.764478854988528,rebalance,rebalance,0.0
2010-01-05,2010-01-06,EXPE,buy,202.3481471269662,33.42990262591364,6764.478854988528,6.764478854988528,rebalance,rebalance,0.0
2010-01-05,2010-01-06,HAR,buy,73.05045097566449,34.56747280013479,2525.169477138862,2.525169477138862,rebalance,rebalance,0.0
2010-01-05,2010-01-06,HIG,buy,134.11832732051803,18.368094013070735,2463.4980450990683,2.4634980450990684,rebalance,rebalance,0.0
2010-01-05,2010-01-06,ISRG,buy,70.30845414804281,33.93888854980469,2386.190789439478,2.3861907894394783,rebalance,rebalance,0.0
2010-01-05,2010-01-06,JBL,buy,81.86877887882287,14.586745391282415,1194.1990330005885,1.1941990330005885,rebalance,rebalance,0.0
2010-01-05,2010-01-06,JWN,buy,81.91252231484225,29.176138425205,2389.891089815531,2.389891089815531,rebalance,rebalance,0.0
2010-01-05,2010-01-06,RRD,buy,120.22675821175142,20.37895409968096,2450.095587150723,2.4500955871507233,rebalance,rebalance,0.0
2010-01-05,2010-01-06,TGNA,buy,19.832505546565244,10.792727721824471,214.0468324056523,0.2140468324056523,rebalance,rebalance,0.0
2010-01-05,2010-01-06,TXT,buy,161.81745976317816,18.11434114395631,2931.2166691986326,2.9312166691986326,rebalance,rebalance,0.0
2010-01-05,2010-01-06,WYNN,buy,159.30404490373024,42.46269364394608,6764.478854988527,6.7644788549885275,rebalance,rebalance,0.0
2010-02-03,2010-02-04,AIG,sell,98.75908422774609,14.605840312707777,1442.4594136597166,1.4424594136597166,rebalance,rebalance,-360.0247295236949
2010-02-03,2010-02-04,AMD,sell,177.78245693524855,7.639999866485596,1358.25794724878,1.3582579472487801,rebalance,rebalance,-365.7554823239626
2010-02-03,2010-02-04,BKNG,sell,276.908984055054,8.119524502409396,2248.369280972304,2.248369280972304,rebalance,rebalance,-197.96508385337606
2010-02-03,2010-02-04,CAT,sell,171.37355392547573,35.45704262832196,6076.399406902625,6.076399406902625,rebalance,rebalance,-700.920326347794
2010-02-03,2010-02-04,CBS,sell,202.675227928592,12.210755248476,2474.817603165124,2.4748176031651243,rebalance,rebalance,-123.53356559459006
2010-02-03,2010-02-04,EXPE,sell,202.3481471269662,28.70060974142945,5807.515202592406,5.807515202592406,rebalance,rebalance,-969.5356464537022
2010-02-03,2010-02-04,HAR,sell,195.68913510397414,34.437450065260556,6739.034818457136,6.739034818457136,rebalance,rebalance,-98.39023602368987
2010-02-03,2010-02-04,HIG,sell,368.273314050708,17.525650771942292,6454.229490678536,6.454229490678537,rebalance,rebalance,-132.34717451254812
2010-02-03,2010-02-04,ISRG,sell,199.3135056577289,36.915557861328125,7357.7692506520425,7.3577692506520425,rebalance,rebalance,1218.9358015763617
2010-02-03,2010-02-04,JBL,sell,154.4012509300374,12.868189515114187,1986.864558338422,1.9868645583384221,rebalance,rebalance,138.76188961011135
2010-02-03,2010-02-04,JWN,sell,231.84969705054445,28.605436896524,6632.161878457556,6.632161878457556,rebalance,rebalance,86.61075194283777
2010-02-03,2010-02-04,RRD,sell,115.67043171406891,18.40642257766496,2129.078845870091,2.129078845870091,rebalance,rebalance,-173.39060830931982
2010-02-03,2010-02-04,TGNA,sell,204.68683991391202,9.431121998106356,1930.4265586349698,1.9304265586349698,rebalance,rebalance,617.8402926568424
2010-02-03,2010-02-04,TXT,sell,373.43223257366094,19.56659848838714,7306.798557390829,7.306798557390829,rebalance,rebalance,423.7746663752917
2010-02-03,2010-02-04,WYNN,sell,159.30404490373024,40.15185601456258,6396.353073511989,6.39635307351199,rebalance,rebalance,-381.2866134050382
2010-02-03,2010-02-04,AKAM,buy,155.6156633265671,25.579999923706055,3980.6486560210537,3.980648656021054,rebalance,rebalance,0.0
2010-02-03,2010-02-04,AMZN,buy,671.0466197754191,5.932000160217285,3980.6486560210537,3.980648656021054,rebalance,rebalance,0.0
2010-02-03,2010-02-04,CRM,buy,249.81590852947468,15.934328119665743,3980.6486560210537,3.980648656021054,rebalance,rebalance,0.0
2010-02-03,2010-02-04,FLIR,buy,145.44161518046585,27.369392529654,3980.6486560210537,3.980648656021054,rebalance,rebalance,0.0
2010-02-03,2010-02-04,HRS,buy,108.59649177845489,36.655407470638,3980.6486560210537,3.980648656021054,rebalance,rebalance,0.0
2010-02-03,2010-02-04,LXK,buy,152.19885341549738,26.154261787728625,3980.6486560210537,3.980648656021054,rebalance,rebalance,0.0
2010-02-03,2010-02-04,MU,buy,448.0946891048446,8.883498851488657,3980.6486560210537,3.980648656021054,rebalance,rebalance,0.0
2010-02-03,2010-02-04,PXD,buy,87.6143608726822,45.433746435765,3980.6486560210533,3.9806486560210534,rebalance,rebalance,0.0
2010-03-04,2010-03-05,AIG,sell,272.5381471244554,16.722535326905334,4557.528793218029,4.5575287932180295,rebalance,rebalance,-417.2303856489536
2010-03-04,2010-03-05,BKNG,sell,490.2563758308546,9.266362379118902,4542.893237122209,4.542893237122209,rebalance,rebalance,211.19300558627847
2010-03-04,2010-03-05,CBS,sell,325.9952865338015,13.032720822419,4248.605558819523,4.2486055588195235,rebalance,rebalance,68.98997057373701
2010-03-04,2010-03-05,CRM,sell,249.81590852947468,17.49728845053635,4371.101011073022,4.371101011073022,rebalance,rebalance,382.10060538487505
2010-03-04,2010-03-05,FLIR,sell,145.44161518046585,24.302922129174,3534.6562480721527,3.5346562480721526,rebalance,rebalance,-453.5077128529938
2010-03-04,2010-03-05,HRS,sell,108.59649177845489,38.461597934857,4176.7946039189355,4.176794603918935,rebalance,rebalance,187.98850463794207
2010-03-04,2010-03-05,MU,sell,448.0946891048446,9.322314224688697,4177.279494249552,4.177279494249552,rebalance,rebalance,188.47291007822818
2010-03-04,2010-03-05,RRD,sell,216.2641132042313,18.579895806323513,4018.164689981571,4.018164689981571,rebalance,rebalance,-286.7025678383061
2010-03-04,2010-03-05,AKAM,buy,12.872976436321068,28.450000762939453,366.236189434636,0.366236189434636,rebalance,rebalance,0.0
2010-03-04,2010-03-05,AMD,buy,39.61616795172495,8.550000190734863,338.71824354343266,0.33871824354343266,rebalance,rebalance,0.0
2010-03-04,2010-03-05,AMP,buy,162.17314895610366,29.557925961580015,4793.501929800799,4.793501929800799,rebalance,rebalance,0.0
2010-03-04,2010-03-05,AMZN,buy,71.38378216847275,6.456500053405762,460.88939338304954,0.4608893933830496,rebalance,rebalance,0.0
2010-03-04,2010-03-05,EL,buy,191.49066938310148,25.032561352693314,4793.501929800799,4.793501929800799,rebalance,rebalance,0.0
2010-03-04,2010-03-05,F,buy,746.343061261775,6.42265223407699,4793.501929800799,4.793501929800799,rebalance,rebalance,0.0
2010-03-04,2010-03-05,HUM,buy,116.10177390570213,41.28706882372083,4793.501929800799,4.793501929800799,rebalance,rebalance,0.0
2010-03-04,2010-03-05,ISRG,buy,122.17931772461321,39.233333587646484,4793.501929800799,4.793501929800799,rebalance,rebalance,0.0
2010-03-04,2010-03-05,JBL,buy,29.589853421231396,14.143040754789444,418.4905028647215,0.4184905028647215,rebalance,rebalance,0.0
2010-03-04,2010-03-05,LUV,buy,446.5073915170461,10.735548886468546,4793.501929800799,4.793501929800799,rebalance,rebalance,0.0
2010-03-04,2010-03-05,LXK,buy,16.03990538797683,28.492256860978525,457.01310434002926,0.4570131043400293,rebalance,rebalance,0.0
2010-03-04,2010-03-05,NTAP,buy,208.12281728916687,23.03208265310326,4793.501929800799,4.793501929800799,rebalance,rebalance,0.0
2010-03-04,2010-03-05,PXD,buy,12.210407069872517,48.019164267522,586.3335428615204,0.5863335428615204,rebalance,rebalance,0.0
2010-03-04,2010-03-05,SWK,buy,123.52571287862715,38.805701404943584,4793.501929800799,4.793501929800799,rebalance,rebalance,0.0
2010-03-04,2010-03-05,TGNA,buy,19.597542821896923,10.85304709835996,212.69305525817347,0.21269305525817347,rebalance,rebalance,0.0
2010-04-01,2010-04-05,AMP,sell,162.17314895610366,32.88400241863033,5332.9022225094095,5.33290222250941,rebalance,rebalance,529.2738885563008
2010-04-01,2010-04-05,HUM,sell,116.10177390570213,40.9647851922191,4756.084228482676,4.756084228482676,rebalance,rebalance,-46.967287476405474
2010-04-01,2010-04-05,JBL,sell,338.9300796702797,13.763980880672914,4665.027136466678,4.665027136466678,rebalance,rebalance,542.7921458992997
2010-04-01,2010-04-05,LUV,sell,446.5073915170461,11.30595664281545,5048.193209188346,5.048193209188346,rebalance,rebalance,244.84958424855853
2010-04-01,2010-04-05,NTAP,sell,208.12281728916687,25.125251406286104,5229.138107774866,5.229138107774865,rebalance,rebalance,425.6135379364915
2010-04-01,2010-04-05,PXD,sell,99.82476794255471,59.339147235579,5923.516602700761,5.923516602700761,rebalance,rebalance,1346.0439050166042
2010-04-01,2010-04-05,TGNA,sell,441.6733739711828,11.23444407330178,4961.954818545755,4.961954818545755,rebalance,rebalance,2041.4407068497853
2010-04-01,2010-04-05,AKAM,buy,74.43047625337317,31.440000534057617,2340.094213156215,2.340094213156215,rebalance,rebalance,0.0
2010-04-01,2010-04-05,AMD,buy,245.83770750302085,9.470000267028809,2328.0831556993576,2.3280831556993578,rebalance,rebalance,0.0
2010-04-01,2010-04-05,AMZN,buy,407.34411442869305,6.642499923706055,2705.783249014704,2.705783249014704,rebalance,rebalance,0.0
2010-04-01,2010-04-05,ARG,buy,133.58160438821454,57.173868904047104,7637.377137284062,7.637377137284062,rebalance,rebalance,0.0
2010-04-01,2010-04-05,BIG,buy,220.03098939136007,34.710461278251,7637.377137284061,7.637377137284061,rebalance,rebalance,0.0
2010-04-01,2010-04-05,BKNG,buy,755.8348488715575,10.104558090549112,7637.377137284062,7.637377137284062,rebalance,rebalance,0.0
2010-04-01,2010-04-05,DE,buy,171.94322231051493,44.418017963462404,7637.377137284062,7.637377137284062,rebalance,rebalance,0.0
2010-04-01,2010-04-05,EL,buy,93.86489920934486,26.764422979220004,2512.239865340759,2.512239865340759,rebalance,rebalance,0.0
2010-04-01,2010-04-05,F,buy,445.5560404499114,6.407737975736389,2855.006360709636,2.855006360709636,rebalance,rebalance,0.0
2010-04-01,2010-04-05,ISRG,buy,72.8175390243077,39.16666793823242,2852.0203710443407,2.8520203710443406,rebalance,rebalance,0.0
2010-04-01,2010-04-05,LXK,buy,86.35081667020822,29.99878185536138,2590.4193123218793,2.5904193123218793,rebalance,rebalance,0.0
2010-04-01,2010-04-05,SPGI,buy,295.63697079551247,25.833633448256094,7637.377137284061,7.637377137284061,rebalance,rebalance,0.0
2010-04-01,2010-04-05,SWK,buy,75.41317107138234,38.390569936057474,2895.15461811577,2.89515461811577,rebalance,rebalance,0.0
2010-04-01,2010-04-05,TSN,buy,542.690318593078,14.073177419276472,7637.37713728406,7.63737713728406,rebalance,rebalance,0.0
2010-04-01,2010-04-05,UNH,buy,299.3130452299729,25.516352390908963,7637.377137284061,7.637377137284061,rebalance,rebalance,0.0
2010-04-30,2010-05-03,AKAM,sell,133.60819619241468,39.33000183105469,5254.810600891583,5.254810600891583,rebalance,rebalance,1567.9655561663515
2010-04-30,2010-05-03,AMD,sell,338.15891517571947,9.180000305175781,3104.298944511016,3.104298944511016,rebalance,rebalance,-134.99930576965238
2010-04-30,2010-05-03,AMZN,sell,1149.774516372585,6.860000133514404,7887.453335827392,7.887453335827392,rebalance,rebalance,725.0972627743394
2010-04-30,2010-05-03,ARG,sell,133.58160438821454,57.182864163471905,7638.578738469915,7.638578738469915,rebalance,rebalance,-14.074354689899623
2010-04-30,2010-05-03,BIG,sell,220.03098939136007,36.093985629634,7941.795369165901,7.941795369165901,rebalance,rebalance,288.83905937539157
2010-04-30,2010-05-03,BKNG,sell,340.8986724412697,10.361108336738281,3532.088077014252,3.532088077014252,rebalance,rebalance,80.48091982468094
2010-04-30,2010-05-03,DE,sell,171.94322231051493,44.440082793962134,7641.17103533992,7.64117103533992,rebalance,rebalance,-11.484650116764461
2010-04-30,2010-05-03,EL,sell,125.74515258386461,26.935577165559216,3387.018260617703,3.3870182606177033,rebalance,rebalance,161.05429065745457
2010-04-30,2010-05-03,F,sell,535.723483082275,6.5519025010501375,3510.008028678049,3.510008028678049,rebalance,rebalance,65.28140979078425
2010-04-30,2010-05-03,ISRG,sell,194.99685674892092,40.33333206176758,7864.872974255151,7.864872974255151,rebalance,rebalance,203.8402781349125
2010-04-30,2010-05-03,LXK,sell,254.58957547368243,30.657372016840228,7805.047326906105,7.805047326906105,rebalance,rebalance,762.1331258235541
2010-04-30,2010-05-03,SPGI,sell,295.63697079551247,24.59999706739718,7272.668614583792,7.272668614583792,rebalance,rebalance,-379.618568452136
2010-04-30,2010-05-03,SWK,sell,198.93888395000948,41.349258950935976,8225.975427859143,8.225975427859144,rebalance,rebalance,521.4042479667991
2010-04-30,2010-05-03,TSN,sell,243.04663422225013,14.347703292506687,3487.1609940632466,3.4871609940632466,rebalance,rebalance,59.81499009689691
2010-04-30,2010-05-03,UNH,sell,299.3130452299729,23.49784531377492,7033.211637208819,7.03321163720882,rebalance,rebalance,-618.836088849734
2010-04-30,2010-05-03,BA,buy,75.4582458741863,56.97453773301779,4299.198676826161,4.299198676826161,rebalance,rebalance,0.0
2010-04-30,2010-05-03,FITB,buy,467.89319565336183,9.188418888679925,4299.198676826161,4.299198676826161,rebalance,rebalance,0.0
2010-04-30,2010-05-03,HST,buy,466.7832023265802,9.210268611633266,4299.198676826161,4.299198676826161,rebalance,rebalance,0.0
2010-04-30,2010-05-03,LUV,buy,379.11783679576797,11.34000635043229,4299.198676826161,4.299198676826161,rebalance,rebalance,0.0
2010-04-30,2010-05-03,MU,buy,468.02694714537853,9.185793046849382,4299.198676826161,4.299198676826161,rebalance,rebalance,0.0
2010-04-30,2010-05-03,RF,buy,767.1119610634441,5.6043953099964705,4299.198676826161,4.299198676826161,rebalance,rebalance,0.0
2010-04-30,2010-05-03,TGNA,buy,374.86583296047843,11.46863303831539,4299.198676826161,4.299198676826161,rebalance,rebalance,0.0
2010-04-30,2010-05-03,WYNN,buy,75.99998776383414,56.5684127500874,4299.198676826161,4.299198676826161,rebalance,rebalance,0.0
2010-04-30,2010-05-03,X,buy,83.33574261837411,51.588892613747,4299.198676826161,4.299198676826161,rebalance,rebalance,0.0
2010-05-28,2010-06-01,AKAM,sell,109.31091982384666,39.13999938964844,4278.4293351872675,4.278429335187267,market_trend_exit,risk_exit,1262.0751023059042
2010-05-28,2010-06-01,AMD,sell,468.3222803818675,8.430000305175781,3947.9569665397607,3.9479569665397607,market_trend_exit,risk_exit,-537.8534019506774
2010-05-28,2010-06-01,BA,sell,75.4582458741863,50.71612197253118,3826.94960158848,3.8269496015884803,market_trend_exit,risk_exit,-480.37522351609573
2010-05-28,2010-06-01,BKNG,sell,414.9361764302878,7.485785924284782,3106.123388998395,3.106123388998395,market_trend_exit,risk_exit,-1093.9221796993913
2010-05-28,2010-06-01,EL,sell,159.61041600858172,23.488148470474982,3748.9531486438445,3.7489531486438445,market_trend_exit,risk_exit,-345.2663897418687
2010-05-28,2010-06-01,F,sell,656.1756186294114,5.716757491400214,3751.1968834738573,3.7511968834738574,market_trend_exit,risk_exit,-467.49450135197526
2010-05-28,2010-06-01,FITB,sell,467.89319565336183,7.891519982764732,3692.3885032981534,3.6923885032981536,market_trend_exit,risk_exit,-614.8017607081316
2010-05-28,2010-06-01,HST,sell,466.7832023265802,7.8857346347621196,3680.928465511887,3.6809284655118875,market_trend_exit,risk_exit,-626.2503384566116
2010-05-28,2010-06-01,LUV,sell,379.11783679576797,10.471629203079145,3969.981411198757,3.969981411198757,market_trend_exit,risk_exit,-337.4864457154291
2010-05-28,2010-06-01,MU,sell,468.02694714537853,8.717724024745557,4080.1297613575853,4.080129761357585,market_trend_exit,risk_exit,-227.44824390675885
2010-05-28,2010-06-01,RF,sell,767.1119610634441,4.774817585632675,3662.819681834901,3.6628196818349013,market_trend_exit,risk_exit,-644.3410133499211
2010-05-28,2010-06-01,TGNA,sell,374.86583296047843,10.230770675998423,3835.1663712857858,3.8351663712857857,market_trend_exit,risk_exit,-472.1666705884869
2010-05-28,2010-06-01,TSN,sell,299.6436843708279,12.61511164971058,3780.0385334686307,3.780038533468631,market_trend_exit,risk_exit,-444.8971765138955
2010-05-28,2010-06-01,WYNN,sell,75.99998776383414,52.45257413497224,3986.3949924394933,3.9863949924394935,market_trend_exit,risk_exit,-321.08927805593333
2010-05-28,2010-06-01,X,sell,83.33574261837411,43.185711618521,3598.9133482323946,3.5989133482323945,market_trend_exit,risk_exit,-708.1834406188252
2010-07-27,2010-07-28,AIG,buy,146.8487515088974,24.14648888927828,3545.8817467139784,3.5458817467139783,rebalance,rebalance,0.0
2010-07-27,2010-07-28,AKAM,buy,79.95224055719089,44.349998474121094,3545.881746713979,3.5458817467139787,rebalance,rebalance,0.0
2010-07-27,2010-07-28,ARG,buy,60.11979386514199,58.98027120099481,3545.8817467139784,3.5458817467139783,rebalance,rebalance,0.0
2010-07-27,2010-07-28,CMI,buy,65.64541235425719,54.01568243000036,3545.881746713979,3.5458817467139787,rebalance,rebalance,0.0
2010-07-27,2010-07-28,CRM,buy,146.42690123766408,24.216053995151423,3545.8817467139784,3.5458817467139783,rebalance,rebalance,0.0
2010-07-27,2010-07-28,HAS,buy,142.6901065230723,24.850228464442463,3545.8817467139784,3.5458817467139783,rebalance,rebalance,0.0
2010-07-27,2010-07-28,HST,buy,436.9588122490789,8.114910713123976,3545.8817467139784,3.5458817467139783,rebalance,rebalance,0.0
2010-07-27,2010-07-28,HSY,buy,110.96452190664421,31.95509416691915,3545.8817467139784,3.5458817467139783,rebalance,rebalance,0.0
2010-07-27,2010-07-28,KDP,buy,836.0019290198475,4.2414755560089095,3545.8817467139784,3.5458817467139783,rebalance,rebalance,0.0
2010-07-27,2010-07-28,NEM,buy,92.15887375024926,38.47574956616034,3545.8817467139784,3.5458817467139783,rebalance,rebalance,0.0
2010-07-27,2010-07-28,PXD,buy,60.35335368696957,58.752025034187,3545.8817467139784,3.5458817467139783,rebalance,rebalance,0.0
2010-07-27,2010-07-28,TMUS,buy,250.33704796498068,14.164430616797906,3545.8817467139784,3.5458817467139783,rebalance,rebalance,0.0
2010-07-27,2010-07-28,VMRK,buy,155.4418031356282,22.81163544931396,3545.881746713978,3.545881746713978,rebalance,rebalance,0.0
2010-07-27,2010-07-28,WFM,buy,194.74502513417121,18.207816832656,3545.8817467139784,3.5458817467139783,rebalance,rebalance,0.0
2010-07-27,2010-07-28,WYNN,buy,63.836993602805286,55.545876248128266,3545.8817467139784,3.5458817467139783,rebalance,rebalance,0.0
2010-08-24,2010-08-25,AIG,sell,146.8487515088974,21.42768815631743,3146.6292534772024,3.1466292534772022,market_trend_exit,risk_exit,-405.94500423696695
2010-08-24,2010-08-25,AKAM,sell,79.95224055719089,45.029998779296875,3600.2492946923558,3.6002492946923557,market_trend_exit,risk_exit,47.221416936971195
2010-08-24,2010-08-25,ARG,sell,60.11979386514199,59.900991688062675,3601.235272603912,3.6012352726039123,market_trend_exit,risk_exit,48.20640887061593
2010-08-24,2010-08-25,CMI,sell,65.64541235425719,50.46320664410989,3312.6780088706846,3.3126780088706846,market_trend_exit,risk_exit,-240.062297598878
2010-08-24,2010-08-25,CRM,sell,146.42690123766408,27.479590894531647,4023.7513419649986,4.023751341964998,market_trend_exit,risk_exit,470.2999621623422
2010-08-24,2010-08-25,HAS,sell,142.6901065230723,24.352070169080754,3474.799486483464,3.474799486483464,market_trend_exit,risk_exit,-78.10294146371153
2010-08-24,2010-08-25,HST,sell,436.9588122490789,7.248051845254223,3167.10012542203,3.16710012542203,market_trend_exit,risk_exit,-385.4946031640842
2010-08-24,2010-08-25,HSY,sell,110.96452190664421,31.945191410646814,3544.782892098661,3.544782892098661,market_trend_exit,risk_exit,-8.189519254129848
2010-08-24,2010-08-25,KDP,sell,836.0019290198475,3.9097092021196067,3268.52443487864,3.26852443487864,market_trend_exit,risk_exit,-284.1717180169306
2010-08-24,2010-08-25,NEM,sell,92.15887375024926,40.57493148116873,3739.3399877980432,3.739339987798043,market_trend_exit,risk_exit,186.1730193495537
2010-08-24,2010-08-25,PXD,sell,60.35335368696957,56.542853361154,3412.5508273761834,3.4125508273761835,market_trend_exit,risk_exit,-140.2893519118846
2010-08-24,2010-08-25,TMUS,sell,250.33704796498068,13.880826714302264,3474.885182971871,3.474885182971871,market_trend_exit,risk_exit,-78.01733067179275
2010-08-24,2010-08-25,VMRK,sell,155.4418031356282,21.86136947776207,3398.170690637523,3.398170690637523,market_trend_exit,risk_exit,-154.65510851380643
2010-08-24,2010-08-25,WFM,sell,194.74502513417121,15.963017497123,3108.7182436944336,3.1087182436944336,market_trend_exit,risk_exit,-443.818103009953
2010-08-24,2010-08-25,WYNN,sell,63.836993602805286,52.00690429412329,3319.964416725655,3.319964416725655,market_trend_exit,risk_exit,-232.78317615176258
2010-09-22,2010-09-23,AKAM,buy,118.7720711677302,50.86000061035156,6040.747612083477,6.040747612083477,rebalance,rebalance,0.0
2010-09-22,2010-09-23,AZO,buy,27.32380840443319,221.0800018310547,6040.747612083477,6.040747612083477,rebalance,rebalance,0.0
2010-09-22,2010-09-23,BKNG,buy,459.5549311872904,13.14477813670024,6040.747612083477,6.040747612083477,rebalance,rebalance,0.0
2010-09-22,2010-09-23,CHRW,buy,128.7190958623207,46.929692689457084,6040.747612083477,6.040747612083477,rebalance,rebalance,0.0
2010-09-22,2010-09-23,CMI,buy,101.35727447171564,59.59856007936741,6040.747612083477,6.040747612083477,rebalance,rebalance,0.0
2010-09-22,2010-09-23,CRM,buy,208.49042129058623,28.973741693696837,6040.747612083477,6.040747612083477,rebalance,rebalance,0.0
2010-09-22,2010-09-23,CTXS,buy,112.67587194378613,53.61172279276613,6040.747612083477,6.040747612083477,rebalance,rebalance,0.0
2010-09-22,2010-09-23,FDO,buy,147.84370193658023,40.85901213887857,6040.747612083476,6.040747612083476,rebalance,rebalance,0.0
2010-09-22,2010-09-23,FSLR,buy,42.24299029429005,143.0,6040.747612083477,6.040747612083477,rebalance,rebalance,0.0
2010-09-22,2010-09-23,INTU,buy,151.6313379687943,39.83838494735608,6040.747612083478,6.040747612083479,rebalance,rebalance,0.0
2010-09-22,2010-09-23,NEM,buy,131.64838497275426,45.88546690742663,6040.747612083477,6.040747612083477,rebalance,rebalance,0.0
2010-09-22,2010-09-23,NTAP,buy,171.31181772818496,35.26170985861664,6040.747612083476,6.040747612083476,rebalance,rebalance,0.0
2010-09-22,2010-09-23,SRCL,buy,86.49409524747246,69.84,6040.747612083477,6.040747612083477,rebalance,rebalance,0.0
2010-09-22,2010-09-23,TMUS,buy,381.1126134135589,15.850295685512897,6040.747612083477,6.040747612083477,rebalance,rebalance,0.0
2010-09-22,2010-09-23,VMRK,buy,251.31898632241405,24.036176894068305,6040.747612083477,6.040747612083477,rebalance,rebalance,0.0
2010-10-20,2010-10-21,AKAM,sell,3.2912820188153376,46.16999816894531,151.95848478218676,0.15195848478218676,rebalance,rebalance,-15.75547379386839
2010-10-20,2010-10-21,AZO,sell,4.399447833541448,232.5800018310547,1023.2235851806995,1.0232235851806994,rebalance,rebalance,48.597796565451034
2010-10-20,2010-10-21,BKNG,sell,69.50037283400263,13.669236032167031,950.0170005915915,0.9500170005915914,rebalance,rebalance,34.58643528876604
2010-10-20,2010-10-21,CHRW,sell,128.7190958623207,50.47023517136176,6496.483039216384,6.496483039216384,rebalance,rebalance,443.1981964816071
2010-10-20,2010-10-21,CMI,sell,17.133638341800378,63.304650197356935,1084.6389818356956,1.0846389818356956,rebalance,rebalance,61.393028587825334
2010-10-20,2010-10-21,CRM,sell,1.4876707950182606,25.756893619961414,38.31777840880876,0.03831777840880876,rebalance,rebalance,-4.867032099055858
2010-10-20,2010-10-21,FDO,sell,147.84370193658023,42.86569177585831,6337.422558215314,6.337422558215314,rebalance,rebalance,284.2967759615396
2010-10-20,2010-10-21,FSLR,sell,42.24299029429005,144.57000732421875,6107.069416242414,6.107069416242414,rebalance,rebalance,54.17398713061223
2010-10-20,2010-10-21,INTU,sell,19.393290313540604,40.31931745887307,781.9242287237317,0.7819242287237318,rebalance,rebalance,7.772342223438882
2010-10-20,2010-10-21,NEM,sell,6.599094100533435,42.637169602200316,281.3666943853236,0.28136669438532363,rebalance,rebalance,-22.019988792051947
2010-10-20,2010-10-21,NTAP,sell,32.07137093699794,38.29165983322041,1228.0660263045563,1.2280660263045564,rebalance,rebalance,94.81569215301207
2010-10-20,2010-10-21,SRCL,sell,12.790088839485747,72.34,925.2350266483991,0.9252350266483991,rebalance,rebalance,30.156727267516295
2010-10-20,2010-10-21,TMUS,sell,65.44115130313895,16.890180024220076,1105.312826502241,1.105312826502241,rebalance,rebalance,65.90865392244375
2010-10-20,2010-10-21,VMRK,sell,251.31898632241405,25.627674529157016,6440.721184468491,6.440721184468491,rebalance,rebalance,387.49210358846307
2010-10-20,2010-10-21,AMT,buy,146.3325506222581,36.435829218319974,5331.747823553758,5.3317478235537585,rebalance,rebalance,0.0
2010-10-20,2010-10-21,CTXS,buy,3.8459075967101484,45.757521422857685,175.97919924679573,0.17597919924679573,rebalance,rebalance,0.0
2010-10-20,2010-10-21,DE,buy,93.24011940808063,57.18297935911571,5331.747823553759,5.331747823553759,rebalance,rebalance,0.0
2010-10-20,2010-10-21,RHT,buy,136.25729168294808,39.13,5331.747823553758,5.3317478235537585,rebalance,rebalance,0.0
2010-10-20,2010-10-21,VZ,buy,363.4253465655209,14.670819946765913,5331.747823553759,5.331747823553759,rebalance,rebalance,0.0
2010-11-17,2010-11-18,AKAM,sell,115.48078914891487,48.540000915527344,5605.4376110141475,5.605437611014148,rebalance,rebalance,-279.394186201154
2010-11-17,2010-11-18,AMT,sell,146.3325506222581,36.952139819749206,5407.30087077421,5.40730087077421,rebalance,rebalance,64.81399852612479
2010-11-17,2010-11-18,AZO,sell,22.924360570891743,251.7100067138672,5770.290953210273,5.7702909532102735,rebalance,rebalance,691.33486759157
2010-11-17,2010-11-18,CRM,sell,207.00275049556797,27.806429224961555,5756.0073310273865,5.756007331027386,rebalance,rebalance,-253.39054326974525
2010-11-17,2010-11-18,CTXS,sell,116.52177954049628,51.36423747204895,5985.052354983785,5.985052354983785,rebalance,rebalance,-243.87623551280015
2010-11-17,2010-11-18,NEM,sell,125.04929087222082,42.700733125233825,5339.6963970344395,5.33969639703444,rebalance,rebalance,-409.32634257516463
2010-11-17,2010-11-18,SRCL,sell,73.70400640798671,70.94,5228.562214582577,5.228562214582578,rebalance,rebalance,70.69835702666865
2010-11-17,2010-11-18,TMUS,sell,315.67146211041995,18.95418232123214,5983.294446450823,5.983294446450823,rebalance,rebalance,968.8216520621066
2010-11-17,2010-11-18,VZ,sell,363.4253465655209,14.56813788033685,5294.430557975713,5.294430557975713,rebalance,rebalance,-47.94344395957462
2010-11-17,2010-11-18,AFL,buy,369.994494705072,18.671020630906217,6908.17484396012,6.90817484396012,rebalance,rebalance,0.0
2010-11-17,2010-11-18,AMZN,buy,859.5464849713911,8.036999702453613,6908.17484396012,6.90817484396012,rebalance,rebalance,0.0
2010-11-17,2010-11-18,BKNG,buy,40.123495004132906,16.058873273621764,644.3381215661663,0.6443381215661662,rebalance,rebalance,0.0
2010-11-17,2010-11-18,CAT,buy,122.42545262520609,56.4276030500687,6908.17484396012,6.90817484396012,rebalance,rebalance,0.0
2010-11-17,2010-11-18,CF,buy,420.35575398494785,16.43411510005758,6908.17484396012,6.90817484396012,rebalance,rebalance,0.0
2010-11-17,2010-11-18,CMI,buy,23.381477541441868,64.19931737685597,1501.0748974228566,1.5010748974228565,rebalance,rebalance,0.0
2010-11-17,2010-11-18,CTSH,buy,249.12142852997113,27.730151054143526,6908.17484396012,6.90817484396012,rebalance,rebalance,0.0
2010-11-17,2010-11-18,DE,buy,27.192784741633417,57.361191218741546,1559.810525334912,1.559810525334912,rebalance,rebalance,0.0
2010-11-17,2010-11-18,DFS,buy,416.91933908664794,16.569571608489,6908.17484396012,6.90817484396012,rebalance,rebalance,0.0
2010-11-17,2010-11-18,FCX,buy,191.93488620795284,35.99228353138169,6908.17484396012,6.90817484396012,rebalance,rebalance,0.0
2010-11-17,2010-11-18,INTU,buy,31.26220701416983,42.25176809618774,1320.8835209377175,1.3208835209377177,rebalance,rebalance,0.0
2010-11-17,2010-11-18,IPG,buy,765.5628745086234,9.0236544560682,6908.174843960121,6.908174843960121,rebalance,rebalance,0.0
2010-11-17,2010-11-18,NTAP,buy,40.27679807822304,38.48195669995646,1549.9299996590687,1.5499299996590687,rebalance,rebalance,0.0
2010-11-17,2010-11-18,RDC,buy,233.06181830730588,29.640954893998465,6908.17484396012,6.90817484396012,rebalance,rebalance,0.0
2010-11-17,2010-11-18,RHT,buy,30.244873753545505,41.49,1254.859812034603,1.254859812034603,rebalance,rebalance,0.0
2010-12-16,2010-12-17,AFL,sell,369.994494705072,18.76335804614402,6942.339179253404,6.942339179253404,rebalance,rebalance,20.313821270070775
2010-12-16,2010-12-17,AMZN,sell,859.5464849713911,8.920499801635742,7667.584248683994,7.667584248683994,rebalance,rebalance,744.8336456312308
2010-12-16,2010-12-17,CAT,sell,122.42545262520609,63.882881197474035,7820.890645603026,7.8208906456030265,rebalance,rebalance,897.9867361533442
2010-12-16,2010-12-17,CF,sell,18.42443098392397,16.88758045933628,311.1440606585044,0.31114406065850436,rebalance,rebalance,7.740907935529423
2010-12-16,2010-12-17,CMI,sell,107.60511367135713,74.38258274972797,8003.946271953607,8.003946271953607,rebalance,rebalance,1468.7393079318488
2010-12-16,2010-12-17,CTSH,sell,249.12142852997113,30.930294243052,7705.3990866814565,7.705399086681457,rebalance,rebalance,782.6106687906955
2010-12-16,2010-12-17,DE,sell,120.43290414971405,61.073379570264315,7355.244467884746,7.355244467884746,rebalance,rebalance,449.43931617930207
2010-12-16,2010-12-17,DFS,sell,7.274013505038397,16.569571608489,120.52728765284978,0.12052728765284978,rebalance,rebalance,-0.24105457530567403
2010-12-16,2010-12-17,FCX,sell,25.915343711614838,40.884629931184094,1059.5392371888115,1.0595392371888115,rebalance,rebalance,124.79454687129041
2010-12-16,2010-12-17,INTU,sell,163.50025466942353,43.07372581676103,7042.565140601352,7.0425651406013525,rebalance,rebalance,439.8997735781033
2010-12-16,2010-12-17,IPG,sell,765.5628745086234,9.3224509612361,7136.9223553495885,7.136922355349589,rebalance,rebalance,214.70241419015923
2010-12-16,2010-12-17,NTAP,sell,179.51724486941006,39.25043008762085,7046.129069269092,7.046129069269092,rebalance,rebalance,572.8369189707757
2010-12-16,2010-12-17,RDC,sell,233.06181830730588,32.82231392712396,7649.62816490872,7.649628164908719,rebalance,rebalance,726.8955179397317
2010-12-16,2010-12-17,RHT,sell,166.50216543649358,48.1,8008.754157495342,8.008754157495343,rebalance,rebalance,1407.551160113897
2010-12-16,2010-12-17,AMP,buy,170.19255715797198,39.88216447095866,6787.64755630727,6.78764755630727,rebalance,rebalance,0.0
2010-12-16,2010-12-17,BKNG,buy,2.488129698024977,15.687954876375077,39.033666429184585,0.039033666429184585,rebalance,rebalance,0.0
2010-12-16,2010-12-17,CTXS,buy,122.56647066605687,55.379318009415584,6787.64755630727,6.78764755630727,rebalance,rebalance,0.0
2010-12-16,2010-12-17,EBAY,buy,597.8394958178488,11.353628530382922,6787.64755630727,6.78764755630727,rebalance,rebalance,0.0
2010-12-16,2010-12-17,EXPD,buy,145.79361526225358,46.556548749392405,6787.647556307269,6.787647556307269,rebalance,rebalance,0.0
2010-12-16,2010-12-17,F,buy,814.6916904592267,8.33155368564174,6787.64755630727,6.78764755630727,rebalance,rebalance,0.0
2010-12-16,2010-12-17,HAL,buy,219.76737402131675,30.885601589109807,6787.64755630727,6.78764755630727,rebalance,rebalance,0.0
2010-12-16,2010-12-17,JNPR,buy,193.45464609972706,35.086505768428,6787.64755630727,6.78764755630727,rebalance,rebalance,0.0
2010-12-16,2010-12-17,MWW,buy,275.2492926320872,24.66,6787.64755630727,6.78764755630727,rebalance,rebalance,0.0
2010-12-16,2010-12-17,PH,buy,103.53296670556894,65.56025363023012,6787.64755630727,6.78764755630727,rebalance,rebalance,0.0
2010-12-16,2010-12-17,PM,buy,236.21931883092853,28.734514983363646,6787.64755630727,6.78764755630727,rebalance,rebalance,0.0
2010-12-16,2010-12-17,QCOM,buy,203.92774857294813,33.28457065703946,6787.64755630727,6.78764755630727,rebalance,rebalance,0.0
2011-01-14,2011-01-18,AMP,sell,170.19255715797198,43.83659702892698,7460.66254545664,7.46066254545664,rebalance,rebalance,658.7666790476064
2011-01-14,2011-01-18,CTXS,sell,122.56647066605687,54.38754512767562,6666.089454490098,6.666089454490098,rebalance,rebalance,-135.01183882796815
2011-01-14,2011-01-18,DFS,sell,409.64532558160954,18.141639577048,7431.637851124041,7.431637851124041,rebalance,rebalance,629.7710094093414
2011-01-14,2011-01-18,EBAY,sell,597.8394958178488,10.848860550001897,6485.877321411284,6.485877321411285,rebalance,rebalance,-315.04375977370364
2011-01-14,2011-01-18,EXPD,sell,145.79361526225358,44.682506363601924,6514.424141728176,6.514424141728177,rebalance,rebalance,-286.5254862771278
2011-01-14,2011-01-18,F,sell,814.6916904592267,9.276059386911312,7557.128502722955,7.557128502722955,rebalance,rebalance,755.1361703566547
2011-01-14,2011-01-18,HAL,sell,219.76737402131675,30.602387832964485,6725.406412832499,6.725406412832499,rebalance,rebalance,-75.7541974439098
2011-01-14,2011-01-18,JNPR,sell,193.45464609972706,36.569435841545,7074.527268792763,7.074527268792763,rebalance,rebalance,273.0175376603927
2011-01-14,2011-01-18,PM,sell,236.21931883092853,27.522943969692584,6501.4510767425945,6.501451076742595,rebalance,rebalance,-299.4855781977246
2011-01-14,2011-01-18,QCOM,sell,203.92774857294813,35.10801503563852,7159.498463082976,7.159498463082976,rebalance,rebalance,357.9037607563155
2011-01-14,2011-01-18,ADSK,buy,198.8594593137922,41.459999084472656,8244.713001088552,8.244713001088552,rebalance,rebalance,0.0
2011-01-14,2011-01-18,BKNG,buy,48.78720720036972,17.124633802470075,835.4630575515628,0.8354630575515628,rebalance,rebalance,0.0
2011-01-14,2011-01-18,CF,buy,5.318694987121376,20.24484379845638,107.67614922590522,0.10767614922590522,rebalance,rebalance,0.0
2011-01-14,2011-01-18,CMI,buy,106.10741228708633,77.70157450246258,8244.713001088552,8.244713001088552,rebalance,rebalance,0.0
2011-01-14,2011-01-18,ETN,buy,232.4830135585548,35.46372216571419,8244.713001088552,8.244713001088552,rebalance,rebalance,0.0
2011-01-14,2011-01-18,FCX,buy,23.6243556008547,43.4747075113544,1027.0619498913852,1.0270619498913853,rebalance,rebalance,0.0
2011-01-14,2011-01-18,FFIV,buy,57.088444160231376,144.4199981689453,8244.713001088552,8.244713001088552,rebalance,rebalance,0.0
2011-01-14,2011-01-18,HAR,buy,193.11222942729134,42.69389372977421,8244.713001088552,8.244713001088552,rebalance,rebalance,0.0
2011-01-14,2011-01-18,JCP,buy,288.5994237997919,28.568016153795583,8244.713001088552,8.244713001088552,rebalance,rebalance,0.0
2011-01-14,2011-01-18,MWW,buy,77.08886980759456,23.4,1803.8795534977125,1.8038795534977126,rebalance,rebalance,0.0
2011-01-14,2011-01-18,NFLX,buy,3014.2050991937867,2.735285997390747,8244.713001088552,8.244713001088552,rebalance,rebalance,0.0
2011-01-14,2011-01-18,PH,buy,15.908189959782575,69.02740421535324,1098.1010586885359,1.0981010586885358,rebalance,rebalance,0.0
2011-01-14,2011-01-18,RL,buy,97.18251628984191,84.83741022406865,8244.713001088552,8.244713001088552,rebalance,rebalance,0.0
2011-01-14,2011-01-18,TIF,buy,156.28603465401864,52.753996985978,8244.713001088552,8.244713001088552,rebalance,rebalance,0.0
2011-01-14,2011-01-18,TPR,buy,231.7878713736668,35.570079453368784,8244.713001088552,8.244713001088552,rebalance,rebalance,0.0
2011-02-14,2011-02-15,ADSK,sell,198.8594593137922,42.16999816894531,8385.903035140072,8.385903035140073,rebalance,rebalance,124.55941801529252
2011-02-14,2011-02-15,BKNG,sell,481.45339025581535,17.78226450793126,8561.331533769164,8.561331533769163,rebalance,rebalance,1900.108710449607
2011-02-14,2011-02-15,CF,sell,164.57269349269387,20.99778202750221,3455.6615456385175,3.4556615456385176,rebalance,rebalance,736.6960117823741
2011-02-14,2011-02-15,CMI,sell,106.10741228708633,77.83187374744003,8258.53871679607,8.258538716796071,rebalance,rebalance,-2.6775360103654595
2011-02-14,2011-02-15,ETN,sell,232.4830135585548,38.123497504717285,8863.065587288718,8.863065587288718,rebalance,rebalance,601.2448076117909
2011-02-14,2011-02-15,FCX,sell,65.2427083064367,40.961710827234874,2672.4529512338945,2.6724529512338946,rebalance,rebalance,258.3245408287589
2011-02-14,2011-02-15,FFIV,sell,17.733441604503682,129.47999572753906,2296.1259431857,2.2961259431857,rebalance,rebalance,-269.7948504130571
2011-02-14,2011-02-15,HAR,sell,85.63521001767576,47.411861538067726,4060.1247201413935,4.060124720141394,rebalance,rebalance,396.3079388436861
2011-02-14,2011-02-15,JCP,sell,137.95353399445798,33.82558640901259,4666.359184558194,4.666359184558194,rebalance,rebalance,716.6929789591456
2011-02-14,2011-02-15,MWW,sell,67.34456273202454,17.88,1204.1207816485987,1.2041207816485988,rebalance,rebalance,-440.8769748727267
2011-02-14,2011-02-15,NFLX,sell,3014.2050991937867,3.478429079055786,10484.698667273899,10.484698667273898,rebalance,rebalance,2221.2562545169835
2011-02-14,2011-02-15,PH,sell,119.44115666535151,71.20975604771772,8505.375628196914,8.505375628196914,rebalance,rebalance,603.2358889579154
2011-02-14,2011-02-15,RL,sell,97.18251628984191,96.90861674218343,9417.823225173288,9.417823225173288,rebalance,rebalance,1155.4476878584749
2011-02-14,2011-02-15,TIF,sell,156.28603465401864,56.541598635312,8836.662243711984,8.836662243711984,rebalance,rebalance,574.8678673786324
2011-02-14,2011-02-15,TPR,sell,231.7878713736668,37.74744511351058,8749.399952654938,8.749399952654938,rebalance,rebalance,487.6928386126431
2011-02-14,2011-02-15,A,buy,180.09198850282868,28.294904204985627,5095.685562772911,5.095685562772911,rebalance,rebalance,0.0
2011-02-14,2011-02-15,AIG,buy,164.07983587913688,31.056135176332408,5095.685562772911,5.095685562772911,rebalance,rebalance,0.0
2011-02-14,2011-02-15,F,buy,639.4654551457116,7.968664330134587,5095.685562772911,5.095685562772911,rebalance,rebalance,0.0
2011-02-14,2011-02-15,HES,buy,67.7360967679229,75.228508962241,5095.685562772911,5.095685562772911,rebalance,rebalance,0.0
2011-02-14,2011-02-15,JBL,buy,267.25763623457294,19.06656675770495,5095.685562772911,5.095685562772911,rebalance,rebalance,0.0
2011-02-14,2011-02-15,LEN,buy,300.71841785888705,16.945039811841774,5095.685562772911,5.095685562772911,rebalance,rebalance,0.0
2011-02-14,2011-02-15,NTAP,buy,117.2535192741653,43.45870038116335,5095.685562772911,5.095685562772911,rebalance,rebalance,0.0
2011-02-14,2011-02-15,NVDA,buy,9615.015544460919,0.5299716406291685,5095.685562772911,5.095685562772911,rebalance,rebalance,0.0
2011-02-14,2011-02-15,PXD,buy,52.18187773745275,97.65239933318,5095.685562772911,5.095685562772911,rebalance,rebalance,0.0
2011-03-15,2011-03-16,A,sell,27.877299216199816,27.536837174317437,767.6526493762215,0.7676526493762215,rebalance,rebalance,-22.68929960006552
2011-03-15,2011-03-16,AIG,sell,164.07983587913688,27.688609982845115,4543.142581706657,4.5431425817066575,rebalance,rebalance,-562.1818092107325
2011-03-15,2011-03-16,CF,sell,242.6773244954514,17.485661928135066,4243.373653751793,4.243373653751793,rebalance,rebalance,234.86531689165272
2011-03-15,2011-03-16,F,sell,639.4654551457116,7.322422498930238,4682.436236047623,4.682436236047623,rebalance,rebalance,-423.0274485241072
2011-03-15,2011-03-16,FCX,sell,124.401189790756,38.32799018353295,4768.047581119915,4.768047581119915,rebalance,rebalance,165.24861142767318
2011-03-15,2011-03-16,FFIV,sell,39.355002555727694,111.22000122070312,4377.063432288809,4.377063432288809,rebalance,rebalance,-1316.6466775775482
2011-03-15,2011-03-16,HAR,sell,10.094200325195587,43.04158735425033,434.470405068208,0.434470405068208,rebalance,rebalance,2.644257976216193
2011-03-15,2011-03-16,HES,sell,67.7360967679229,72.460505628714,4908.191821119194,4.908191821119194,rebalance,rebalance,-197.49761903760856
2011-03-15,2011-03-16,JBL,sell,25.449283322038895,17.33402119463324,441.13841649244847,0.4411384164924485,rebalance,rebalance,-45.0184117788412
2011-03-15,2011-03-16,JCP,sell,28.767453996135785,34.39091654398216,989.3391095639519,0.9893391095639519,rebalance,rebalance,165.6988508987444
2011-03-15,2011-03-16,LEN,sell,300.71841785888705,16.121493149022733,4848.029913297003,4.848029913297003,rebalance,rebalance,-257.59936495197786
2011-03-15,2011-03-16,MWW,sell,284.9935997076572,14.59,4158.056619734719,4.158056619734719,rebalance,rebalance,-2802.426438060127
2011-03-15,2011-03-16,NTAP,sell,117.2535192741653,33.77600548852363,3960.3555105529185,3.9603555105529185,rebalance,rebalance,-1144.3860932933183
2011-03-15,2011-03-16,PXD,sell,52.18187773745275,96.547125923781,5038.0103208571945,5.038010320857195,rebalance,rebalance,-67.80893779934603
2011-03-15,2011-03-16,EL,buy,114.3996622428057,36.63919134244483,4191.51111442522,4.19151111442522,rebalance,rebalance,0.0
2011-03-15,2011-03-16,KLAC,buy,1593.8616026219281,2.6297836070146343,4191.51111442522,4.19151111442522,rebalance,rebalance,0.0
2011-03-15,2011-03-16,MU,buy,416.10655192717013,10.07316778602142,4191.51111442522,4.19151111442522,rebalance,rebalance,0.0
2011-03-15,2011-03-16,NFLX,buy,1327.4479059224225,3.1575710773468018,4191.51111442522,4.19151111442522,rebalance,rebalance,0.0
2011-03-15,2011-03-16,NVDA,buy,847.3798753937899,0.4006263332841445,339.4826923777893,0.33948269237778933,rebalance,rebalance,0.0
2011-03-15,2011-03-16,SLB,buy,73.07634298236366,57.3579758286044,4191.51111442522,4.19151111442522,rebalance,rebalance,0.0
2011-03-15,2011-03-16,TER,buy,269.44305927054137,15.556203695774634,4191.51111442522,4.19151111442522,rebalance,rebalance,0.0
2011-03-15,2011-03-16,VLO,buy,275.8641614755249,15.19411253714846,4191.51111442522,4.19151111442522,rebalance,rebalance,0.0
2011-03-15,2011-03-16,WFM,buy,155.8025736313647,26.902707809837,4191.51111442522,4.19151111442522,rebalance,rebalance,0.0
2011-03-15,2011-03-16,WY,buy,299.0666332731303,14.015308456685016,4191.51111442522,4.19151111442522,rebalance,rebalance,0.0
2011-03-15,2011-03-16,WYNN,buy,50.9537881253942,82.26103040877283,4191.51111442522,4.19151111442522,rebalance,rebalance,0.0
2011-04-12,2011-04-13,A,sell,152.21468928662887,28.560229147206048,4347.28640559689,4.347286405596891,rebalance,rebalance,31.732167182520662
2011-04-12,2011-04-13,EL,sell,114.3996622428057,39.08811417801149,4471.667059672739,4.471667059672739,rebalance,rebalance,271.49276707342227
2011-04-12,2011-04-13,JCP,sell,121.87843580919814,36.23956445014483,4416.821429590276,4.416821429590276,rebalance,rebalance,927.0976600411792
2011-04-12,2011-04-13,KLAC,sell,1593.8616026219281,2.4701034440123415,3937.0030339154546,3.9370030339154547,rebalance,rebalance,-262.6365946581051
2011-04-12,2011-04-13,MU,sell,416.10655192717013,10.365708626515437,4313.239274861061,4.313239274861061,rebalance,rebalance,113.22341004655576
2011-04-12,2011-04-13,NFLX,sell,1327.4479059224225,3.3782858848571777,4484.4985234609385,4.484498523460939,rebalance,rebalance,284.31139939783327
2011-04-12,2011-04-13,SLB,sell,73.07634298236366,59.261494048913825,4330.61326476573,4.33061326476573,rebalance,rebalance,130.58002596131905
2011-04-12,2011-04-13,WYNN,sell,50.9537881253942,90.80465226959866,4626.841012545226,4.626841012545226,rebalance,rebalance,426.51154599303607
2011-04-12,2011-04-13,BKNG,buy,311.1265892178198,20.142139963786658,6266.7553064808835,6.266755306480884,rebalance,rebalance,0.0
2011-04-12,2011-04-13,CBRE,buy,227.46843847642575,27.549999237060547,6266.7553064808835,6.266755306480884,rebalance,rebalance,0.0
2011-04-12,2011-04-13,CHK,buy,232.13151343263513,26.99657282120596,6266.7553064808835,6.266755306480884,rebalance,rebalance,0.0
2011-04-12,2011-04-13,COG,buy,495.8426940462403,12.638595630687,6266.7553064808835,6.266755306480884,rebalance,rebalance,0.0
2011-04-12,2011-04-13,HAR,buy,54.340118714234166,41.30394123265172,2244.461069948046,2.244461069948046,rebalance,rebalance,0.0
2011-04-12,2011-04-13,JBL,buy,136.76708444300183,16.553517973210486,2263.976390470827,2.263976390470827,rebalance,rebalance,0.0
2011-04-12,2011-04-13,MRO,buy,231.64861191216733,27.052850672194,6266.7553064808835,6.266755306480884,rebalance,rebalance,0.0
2011-04-12,2011-04-13,NVDA,buy,5135.435046719918,0.4017709591029488,2063.268664131558,2.063268664131558,rebalance,rebalance,0.0
2011-04-12,2011-04-13,ROK,buy,92.6179327279765,67.66243989581,6266.7553064808835,6.266755306480884,rebalance,rebalance,0.0
2011-04-12,2011-04-13,TER,buy,132.4526426783849,15.592989116557597,2065.332615743348,2.065332615743348,rebalance,rebalance,0.0
2011-04-12,2011-04-13,TMUS,buy,236.89318705162057,26.45392796845321,6266.7553064808835,6.266755306480884,rebalance,rebalance,0.0
2011-04-12,2011-04-13,VLO,buy,143.18610002206702,14.954662679567129,2141.299826232772,2.141299826232772,rebalance,rebalance,0.0
2011-04-12,2011-04-13,WFM,buy,62.60230785278509,28.693293226304,1796.2663758633162,1.7962663758633162,rebalance,rebalance,0.0
2011-04-12,2011-04-13,WMB,buy,549.8014229844061,11.398215873040083,6266.755306480883,6.266755306480882,rebalance,rebalance,0.0
2011-04-12,2011-04-13,WY,buy,186.0028730038032,12.91929347317722,2403.0257031902456,2.4030257031902456,rebalance,rebalance,0.0
2011-05-11,2011-05-12,BKNG,sell,311.1265892178198,20.38693868083366,6342.918696360614,6.342918696360615,rebalance,rebalance,63.55371587689069
2011-05-11,2011-05-12,CBRE,sell,1.2232883070433047,26.40999984741211,32.307044002354694,0.03230704400235469,rebalance,rebalance,-1.4605565593215355
2011-05-11,2011-05-12,COG,sell,31.44063353085437,12.866296016904,404.52449796696993,0.40452449796696993,rebalance,rebalance,6.357154446346707
2011-05-11,2011-05-12,HAR,sell,151.72293779865416,45.110247653347415,6844.259298790715,6.844259298790715,rebalance,rebalance,428.9001276487798
2011-05-11,2011-05-12,JBL,sell,378.5754373555359,18.293943266966476,6925.637573249194,6.925637573249195,rebalance,rebalance,37.40601033376068
2011-05-11,2011-05-12,MRO,sell,9.596917415711971,26.908753815191,258.2410881241125,0.2582410881241125,rebalance,rebalance,-1.900750698406167
2011-05-11,2011-05-12,NVDA,sell,2415.8412728570584,0.45328017597668957,1095.0529572923972,1.0950529572923973,rebalance,rebalance,-68.58508289425117
2011-05-11,2011-05-12,TMUS,sell,23.95950203318725,28.061010548584,672.3278392920872,0.6723278392920873,rebalance,rebalance,37.1987475659055
2011-05-11,2011-05-12,VLO,sell,10.277593061768698,14.617255122058651,150.23019982457296,0.15023019982457297,rebalance,rebalance,-5.393360963685275
2011-05-11,2011-05-12,WFM,sell,10.295432018971496,28.711499630635,295.5972926099279,0.2955972926099279,rebalance,rebalance,12.760378324969883
2011-05-11,2011-05-12,WMB,sell,549.8014229844061,11.476674565576937,6309.8920072831415,6.309892007283142,rebalance,rebalance,30.56005348849526
2011-05-11,2011-05-12,WY,sell,485.0695062769335,12.519766474730085,6072.956942599827,6.072956942599827,rebalance,rebalance,-534.2473687758528
2011-05-11,2011-05-12,BIG,buy,163.83492905471226,36.470454840895,5975.13438145112,5.97513438145112,rebalance,rebalance,0.0
2011-05-11,2011-05-12,CBS,buy,240.47568629480526,24.847145561843,5975.13438145112,5.97513438145112,rebalance,rebalance,0.0
2011-05-11,2011-05-12,CHK,buy,1.07142406351835,25.62203737913754,27.452067404374603,0.027452067404374603,rebalance,rebalance,0.0
2011-05-11,2011-05-12,HAL,buy,168.3123964146706,35.500263252922885,5975.13438145112,5.97513438145112,rebalance,rebalance,0.0
2011-05-11,2011-05-12,IRM,buy,497.0652916144414,12.020823988824898,5975.13438145112,5.97513438145112,rebalance,rebalance,0.0
2011-05-11,2011-05-12,MU,buy,589.7478343273375,10.131676682232024,5975.13438145112,5.97513438145112,rebalance,rebalance,0.0
2011-05-11,2011-05-12,ROK,buy,4.526119567868747,61.50797954417504,278.3924697949613,0.2783924697949613,rebalance,rebalance,0.0
2011-05-11,2011-05-12,TER,buy,1.2659178398625386,14.820692467158496,18.761778993292282,0.01876177899329228,rebalance,rebalance,0.0
2011-06-09,2011-06-10,BIG,sell,163.83492905471226,30.334006697343,4969.769835204357,4.9697698352043576,rebalance,rebalance,-1016.3094504634174
2011-06-09,2011-06-10,HAL,sell,168.3123964146706,37.407282704052705,6296.109395280169,6.29610939528017,rebalance,rebalance,308.7037700523188
2011-06-09,2011-06-10,MU,sell,589.7478343273375,8.395930283595357,4951.48170191367,4.95148170191367,rebalance,rebalance,-1034.5792956208147
2011-06-09,2011-06-10,NVDA,sell,13181.989193717569,0.3983370545400017,5250.874748403588,5.250874748403588,rebalance,rebalance,-1097.7684953169994
2011-06-09,2011-06-10,ROK,sell,97.14405229584524,57.92803114718168,5627.363687157169,5.627363687157169,rebalance,rebalance,-929.9566005821073
2011-06-09,2011-06-10,TER,sell,403.1616197887888,13.386430535862418,5396.895018028396,5.396895018028396,rebalance,rebalance,-890.3829916606531
2011-06-09,2011-06-10,VLO,sell,408.7726684358232,13.734177562956221,5614.156411181026,5.614156411181026,rebalance,rebalance,-575.1281662403716
2011-06-09,2011-06-10,WFM,sell,208.1094494651783,25.011047950276,5205.035419479115,5.205035419479115,rebalance,rebalance,-511.39356672684096
2011-06-09,2011-06-10,BIIB,buy,72.51443658248628,93.43000030517578,6775.023832031343,6.775023832031343,rebalance,rebalance,0.0
2011-06-09,2011-06-10,CBRE,buy,44.9727824240947,24.979999542236328,1123.4200843669796,1.1234200843669797,rebalance,rebalance,0.0
2011-06-09,2011-06-10,CBS,buy,34.03214631859089,24.680621195873,839.9345117716657,0.8399345117716658,rebalance,rebalance,0.0
2011-06-09,2011-06-10,CHK,buy,39.78363854393763,24.818157472462513,987.3566062109733,0.9873566062109733,rebalance,rebalance,0.0
2011-06-09,2011-06-10,COG,buy,6.653236927664864,14.382650760552,95.69118315781171,0.09569118315781171,rebalance,rebalance,0.0
2011-06-09,2011-06-10,DF,buy,288.1204138736964,23.514556781809,6775.023832031344,6.775023832031344,rebalance,rebalance,0.0
2011-06-09,2011-06-10,ELV,buy,109.87145334661304,61.663185710833176,6775.023832031343,6.775023832031343,rebalance,rebalance,0.0
2011-06-09,2011-06-10,HUM,buy,97.81350033012978,69.2647109976128,6775.023832031343,6.775023832031343,rebalance,rebalance,0.0
2011-06-09,2011-06-10,IRM,buy,70.3818836850283,11.939479350577137,840.3230469121173,0.8403230469121173,rebalance,rebalance,0.0
2011-06-09,2011-06-10,ISRG,buy,178.60868016827777,37.932220458984375,6775.023832031343,6.775023832031343,rebalance,rebalance,0.0
2011-06-09,2011-06-10,MCO,buy,193.37755056536673,35.03521381992687,6775.023832031343,6.775023832031343,rebalance,rebalance,0.0
2011-06-09,2011-06-10,MRO,buy,26.0692262885226,27.305330846739,711.8288487266154,0.7118288487266154,rebalance,rebalance,0.0
2011-06-09,2011-06-10,MSI,buy,191.13153767531162,35.44691741841446,6775.023832031343,6.775023832031343,rebalance,rebalance,0.0
2011-06-09,2011-06-10,TMUS,buy,46.2603959416702,26.13880612911909,1209.1915209756048,1.2091915209756048,rebalance,rebalance,0.0
2011-06-09,2011-06-10,WYNN,buy,73.07713971449027,92.71057759651123,6775.023832031343,6.775023832031343,rebalance,rebalance,0.0
2011-07-08,2011-07-11,BIIB,sell,12.020652455657746,106.3499984741211,1278.3963703171412,1.2783963703171413,rebalance,rebalance,152.90532178370856
2011-07-08,2011-07-11,CBRE,sell,271.21793259347714,24.770000457763672,6718.068314494146,6.718068314494146,rebalance,rebalance,-652.4800265413853
2011-07-08,2011-07-11,CBS,sell,28.411706106698972,26.142280014338,742.7467767264014,0.7427467767264014,rebalance,rebalance,35.93542571202469
2011-07-08,2011-07-11,CHK,sell,272.9865760400911,25.32435204227758,6913.208154455246,6.913208154455246,rebalance,rebalance,-382.5505977755361
2011-07-08,2011-07-11,COG,sell,69.13285637728433,16.006854040104,1106.599541406663,1.1065995414066632,rebalance,rebalance,229.17231480360294
2011-07-08,2011-07-11,ELV,sell,4.503976141004884,61.057871178105835,275.00319500673845,0.2750031950067385,rebalance,rebalance,-3.2790549254341235
2011-07-08,2011-07-11,HUM,sell,5.864996363954063,69.96866258910167,410.36595167581,0.41036595167580997,rebalance,rebalance,3.3120702946548537
2011-07-08,2011-07-11,IRM,sell,74.75693294399053,13.05792828131596,976.1706689137748,0.9761706689137748,rebalance,rebalance,76.41093062983323
2011-07-08,2011-07-11,ISRG,sell,20.152089333256782,40.601112365722656,818.1972434236396,0.8181972434236396,rebalance,rebalance,52.20113738667414
2011-07-08,2011-07-11,MRO,sell,20.252636581117116,28.233476510607,571.8023391908301,0.5718023391908301,rebalance,rebalance,22.253308387135586
2011-07-08,2011-07-11,MSI,sell,191.13153767531162,34.70845551554789,6633.880473021819,6.6338804730218195,rebalance,rebalance,-154.55226331457646
2011-07-08,2011-07-11,TMUS,sell,21.240854262828236,27.036884260312043,574.2865182942427,0.5742865182942427,rebalance,rebalance,12.442127385328925
2011-07-08,2011-07-11,WYNN,sell,73.07713971449027,109.78083343209643,8022.469302690495,8.022469302690496,rebalance,rebalance,1232.647977524431
2011-07-08,2011-07-11,DF,buy,1.3966856650066006,22.221533235283,31.036496924187517,0.03103649692418752,rebalance,rebalance,0.0
2011-07-08,2011-07-11,LO,buy,208.48649401938877,30.858180429585637,6433.513849582026,6.433513849582026,rebalance,rebalance,0.0
2011-07-08,2011-07-11,MCO,buy,3.014303843466962,32.75855747147855,98.74424569271115,0.09874424569271115,rebalance,rebalance,0.0
2011-07-08,2011-07-11,NFLX,buy,1527.4768566123491,4.211856842041016,6433.5138495820265,6.4335138495820265,rebalance,rebalance,0.0
2011-07-08,2011-07-11,OKE,buy,451.63223699940255,14.245027973037576,6433.513849582026,6.433513849582026,rebalance,rebalance,0.0
2011-07-08,2011-07-11,UNH,buy,159.73332531560598,40.27659123023009,6433.513849582026,6.433513849582026,rebalance,rebalance,0.0
2011-08-05,2011-08-08,BIIB,sell,60.49378412682854,91.29000091552734,5522.47760832189,5.52247760832189,market_trend_exit,risk_exit,-140.63107298668928
2011-08-05,2011-08-08,CBS,sell,246.09612650669717,21.077678757999,5187.135098096045,5.187135098096046,market_trend_exit,risk_exit,-933.8673948804083
2011-08-05,2011-08-08,COG,sell,401.92244106576646,15.734928604161,6324.2209145799425,6.324220914579943,market_trend_exit,risk_exit,1223.1712036213398
2011-08-05,2011-08-08,DF,sell,289.517099538703,16.107379036714,4663.361659879945,4.663361659879945,market_trend_exit,risk_exit,-2154.16809106442
2011-08-05,2011-08-08,ELV,sell,105.36747720560815,47.93991100356104,5051.307479906602,5.051307479906602,market_trend_exit,risk_exit,-1457.5354366995127
2011-08-05,2011-08-08,HUM,sell,91.94850396617572,60.48861498818448,5561.837655149557,5.5618376551495565,market_trend_exit,risk_exit,-818.8795229394868
2011-08-05,2011-08-08,IRM,sell,492.69024235547914,11.1467310001655,5491.885597942873,5.491885597942873,market_trend_exit,risk_exit,-437.0956058316419
2011-08-05,2011-08-08,ISRG,sell,158.456590835021,38.68111038208008,6129.276880857546,6.129276880857546,market_trend_exit,risk_exit,106.5266569068567
2011-08-05,2011-08-08,LO,sell,208.48649401938877,28.700461674520167,5983.658631258545,5.983658631258545,market_trend_exit,risk_exit,-462.2723908043202
2011-08-05,2011-08-08,MCO,sell,196.3918544088337,26.805507863026573,5264.383397590362,5.264383397590362,market_trend_exit,risk_exit,-1621.522831609006
2011-08-05,2011-08-08,MRO,sell,227.86828420386084,21.081228672009,4803.743406399927,4.803743406399927,market_trend_exit,risk_exit,-1377.76225017028
2011-08-05,2011-08-08,NFLX,sell,1527.4768566123491,3.2850000858306885,5017.761605075957,5.0177616050759575,market_trend_exit,risk_exit,-1427.2035199607262
2011-08-05,2011-08-08,OKE,sell,451.63223699940255,11.95161287173254,5397.73365701142,5.39773365701142,market_trend_exit,risk_exit,-1047.611440077198
2011-08-05,2011-08-08,TMUS,sell,237.95322669727528,14.211699279333098,3381.7197003686524,3.3817197003686523,market_trend_exit,risk_exit,-2909.357925338152
2011-08-05,2011-08-08,UNH,sell,159.73332531560598,33.942703704763964,5421.780932964287,5.421780932964287,market_trend_exit,risk_exit,-1023.5882114002845
2011-12-28,2011-12-29,AAPL,buy,391.3875876488415,12.065547839055744,4722.30566238972,4.72230566238972,rebalance,rebalance,0.0
2011-12-28,2011-12-29,AEE,buy,231.74250088582892,20.377382846645933,4722.30566238972,4.72230566238972,rebalance,rebalance,0.0
2011-12-28,2011-12-29,BIG,buy,132.07339084290948,35.755163339499,4722.30566238972,4.72230566238972,rebalance,rebalance,0.0
2011-12-28,2011-12-29,COG,buy,252.3994209952679,18.709653309697,4722.30566238972,4.72230566238972,rebalance,rebalance,0.0
2011-12-28,2011-12-29,CSCO,buy,401.25832061537,11.768742029193536,4722.30566238972,4.72230566238972,rebalance,rebalance,0.0
2011-12-28,2011-12-29,DLTR,buy,112.18210061643138,42.095001220703125,4722.30566238972,4.72230566238972,rebalance,rebalance,0.0
2011-12-28,2011-12-29,GOOGL,buy,296.96331320013525,15.901983351078698,4722.30566238972,4.72230566238972,rebalance,rebalance,0.0
2011-12-28,2011-12-29,GWW,buy,31.495690959143587,149.9349758198836,4722.30566238972,4.72230566238972,rebalance,rebalance,0.0
2011-12-28,2011-12-29,ISRG,buy,92.87142562339383,50.8477783203125,4722.30566238972,4.72230566238972,rebalance,rebalance,0.0
2011-12-28,2011-12-29,LXK,buy,172.10929496246737,27.437830498460492,4722.30566238972,4.72230566238972,rebalance,rebalance,0.0
2011-12-28,2011-12-29,MA,buy,137.3300269195334,34.38654872729828,4722.30566238972,4.72230566238972,rebalance,rebalance,0.0
2011-12-28,2011-12-29,NEM,buy,112.41667628234602,42.00716315904204,4722.30566238972,4.72230566238972,rebalance,rebalance,0.0
2011-12-28,2011-12-29,ORLY,buy,873.09970940077,5.408667087554932,4722.30566238972,4.72230566238972,rebalance,rebalance,0.0
2011-12-28,2011-12-29,TGT,buy,139.9057725366085,33.75347261782251,4722.30566238972,4.72230566238972,rebalance,rebalance,0.0
2011-12-28,2011-12-29,TJX,buy,352.59484758448855,13.393008135940399,4722.30566238972,4.72230566238972,rebalance,rebalance,0.0
2012-01-27,2012-01-30,AAPL,sell,391.3875876488415,13.331023540988467,5217.597144597393,5.217597144597393,rebalance,rebalance,485.3515794006861
2012-01-27,2012-01-30,AEE,sell,231.74250088582892,19.374514787439406,4489.898510290682,4.489898510290682,rebalance,rebalance,-241.6193562717179
2012-01-27,2012-01-30,BIG,sell,132.07339084290948,37.43045132961,4943.566627882083,4.943566627882083,rebalance,rebalance,211.5950932020914
2012-01-27,2012-01-30,COG,sell,252.3994209952679,15.833315716345,3996.3197192407533,3.9963197192407534,rebalance,rebalance,-734.7045685305972
2012-01-27,2012-01-30,CSCO,sell,401.25832061537,12.621148855298431,5064.340993913648,5.064340993913648,rebalance,rebalance,332.2486848676251
2012-01-27,2012-01-30,GOOGL,sell,296.96331320013525,14.329362824227294,4255.295060329385,4.255295060329385,rebalance,rebalance,-475.9882027830536
2012-01-27,2012-01-30,ISRG,sell,92.87142562339383,50.55555725097656,4695.166675083298,4.695166675083298,rebalance,rebalance,-36.556459643893305
2012-01-27,2012-01-30,LXK,sell,172.10929496246737,29.561193439091053,5087.7561610510775,5.087756161051078,rebalance,rebalance,355.6404368379171
2012-01-27,2012-01-30,NEM,sell,112.41667628234602,43.921821319626865,4937.545169019537,4.937545169019537,rebalance,rebalance,205.5796557984083
2012-01-27,2012-01-30,TGT,sell,139.9057725366085,32.446259837857035,4539.419048538923,4.539419048538923,rebalance,rebalance,-192.1483385617254
2012-01-27,2012-01-30,TJX,sell,352.59484758448855,13.97379163978011,4927.086933405668,4.927086933405668,rebalance,rebalance,195.1318784201535
2012-01-27,2012-01-30,AKAM,buy,221.29566318928073,31.43000030517578,6955.32276157317,6.9553227615731705,rebalance,rebalance,0.0
2012-01-27,2012-01-30,AMGN,buy,151.69961274787232,45.84931125126239,6955.32276157317,6.9553227615731705,rebalance,rebalance,0.0
2012-01-27,2012-01-30,BMY,buy,352.4286178074056,19.735408562576207,6955.32276157317,6.9553227615731705,rebalance,rebalance,0.0
2012-01-27,2012-01-30,DLTR,buy,52.89023921130355,42.1349983215332,2228.5301403937647,2.2285301403937647,rebalance,rebalance,0.0
2012-01-27,2012-01-30,DUK,buy,202.681286919391,34.316551208496094,6955.32276157317,6.9553227615731705,rebalance,rebalance,0.0
2012-01-27,2012-01-30,ED,buy,205.71287904339954,33.81082795553017,6955.32276157317,6.9553227615731705,rebalance,rebalance,0.0
2012-01-27,2012-01-30,FAST,buy,874.3125048284487,7.955190762069558,6955.32276157317,6.9553227615731705,rebalance,rebalance,0.0
2012-01-27,2012-01-30,GWW,buy,14.165996763389934,152.3229453067456,2157.80635020538,2.15780635020538,rebalance,rebalance,0.0
2012-01-27,2012-01-30,HD,buy,219.89384874749877,31.63036529302771,6955.32276157317,6.9553227615731705,rebalance,rebalance,0.0
2012-01-27,2012-01-30,HUM,buy,90.57238673773128,76.79297203145993,6955.32276157317,6.9553227615731705,rebalance,rebalance,0.0
2012-01-27,2012-01-30,MA,buy,80.59833897336134,31.91563765953948,2572.34738263454,2.5723473826345398,rebalance,rebalance,0.0
2012-01-27,2012-01-30,ORLY,buy,394.42369196676646,5.487332820892334,2164.3340702667656,2.1643340702667655,rebalance,rebalance,0.0
2012-01-27,2012-01-30,RAI,buy,450.4553935241769,15.440647090842,6955.32276157317,6.9553227615731705,rebalance,rebalance,0.0
2012-01-27,2012-01-30,ROST,buy,315.3744441252374,22.054173669224646,6955.32276157317,6.9553227615731705,rebalance,rebalance,0.0
2012-01-27,2012-01-30,TSN,buy,506.68827596304885,13.727025257005156,6955.32276157317,6.9553227615731705,rebalance,rebalance,0.0
2012-02-27,2012-02-28,AKAM,sell,70.81937620732765,37.150001525878906,2630.9399341640146,2.6309399341640147,rebalance,rebalance,400.23012540537565
2012-02-27,2012-02-28,AMGN,sell,151.69961274787232,45.45838095762076,6896.018787416323,6.896018787416323,rebalance,rebalance,-73.15531570583656
2012-02-27,2012-02-28,BMY,sell,352.4286178074056,20.073969459978343,7074.64131068824,7.07464131068824,rebalance,rebalance,105.28858504280873
2012-02-27,2012-02-28,DLTR,sell,165.07233982773494,44.255001068115234,7305.276575392691,7.305276575392691,rebalance,rebalance,340.18466023102985
2012-02-27,2012-02-28,DUK,sell,202.681286919391,34.670980126981135,7027.158870893167,7.0271588708931665,rebalance,rebalance,57.853627687530825
2012-02-27,2012-02-28,ED,sell,205.71287904339954,34.003246303265904,6994.905693866662,6.994905693866662,rebalance,rebalance,25.632703838052166
2012-02-27,2012-02-28,FAST,sell,257.6043033613738,9.064569398768732,2335.072085240646,2.3350720852406464,rebalance,rebalance,281.3963474112714
2012-02-27,2012-02-28,GWW,sell,45.66168772253352,167.03858161400794,7627.26355127376,7.62726355127376,rebalance,rebalance,732.6441631147912
2012-02-27,2012-02-28,HD,sell,219.89384874749877,33.48220056069431,7362.529945826733,7.362529945826733,rebalance,rebalance,392.8893315461632
2012-02-27,2012-02-28,HUM,sell,90.57238673773128,77.9268177367962,7058.017873297802,7.0580178732978025,rebalance,rebalance,88.6817710897618
2012-02-27,2012-02-28,MA,sell,217.92836589289473,38.76842679291729,8448.739899218783,8.448739899218783,rebalance,rebalance,1138.343461250279
2012-02-27,2012-02-28,ORLY,sell,1267.5234013675365,5.733333110809326,7267.1338857861565,7.267133885786157,rebalance,rebalance,366.34037951122895
2012-02-27,2012-02-28,RAI,sell,450.4553935241769,16.457931807246,7413.564148827064,7.4135641488270645,rebalance,rebalance,443.8725003434943
2012-02-27,2012-02-28,ROST,sell,72.97652732366424,23.0620558326179,1682.9887476089107,1.6829887476089107,rebalance,rebalance,70.25931448091997
2012-02-27,2012-02-28,TSN,sell,506.68827596304885,14.072085567725159,7130.160775515163,7.130160775515162,rebalance,rebalance,160.75253040490492
2012-02-27,2012-02-28,DHI,buy,460.3589350340151,12.143121085670032,5590.194290988149,5.5901942909881495,rebalance,rebalance,0.0
2012-02-27,2012-02-28,FFIV,buy,43.5000741571955,128.50999450683594,5590.194290988149,5.5901942909881495,rebalance,rebalance,0.0
2012-02-27,2012-02-28,HST,buy,619.714540254682,9.020595657947231,5590.194290988149,5.5901942909881495,rebalance,rebalance,0.0
2012-02-27,2012-02-28,JBL,buy,247.6414079171056,22.57374620022911,5590.194290988149,5.5901942909881495,rebalance,rebalance,0.0
2012-02-27,2012-02-28,JCP,buy,137.57024413157114,40.635199321458856,5590.194290988149,5.5901942909881495,rebalance,rebalance,0.0
2012-02-27,2012-02-28,KLAC,buy,1932.5975696948494,2.892580627569982,5590.194290988149,5.5901942909881495,rebalance,rebalance,0.0
2012-02-27,2012-02-28,LEN,buy,290.9242370415974,19.215292434328333,5590.194290988149,5.5901942909881495,rebalance,rebalance,0.0
2012-02-27,2012-02-28,MAS,buy,677.9405327563496,8.245847564622977,5590.194290988149,5.5901942909881495,rebalance,rebalance,0.0
2012-02-27,2012-02-28,PHM,buy,774.0022184041004,7.222452543501048,5590.194290988149,5.5901942909881495,rebalance,rebalance,0.0
2012-02-27,2012-02-28,TER,buy,366.94503027880904,15.234418863066916,5590.194290988149,5.5901942909881495,rebalance,rebalance,0.0
2012-02-27,2012-02-28,TGNA,buy,534.6331167049527,10.456131721584322,5590.194290988149,5.5901942909881495,rebalance,rebalance,0.0
2012-02-27,2012-02-28,TXT,buy,207.53861484100148,26.935682765691016,5590.194290988149,5.5901942909881495,rebalance,rebalance,0.0
2012-03-26,2012-03-27,AKAM,sell,14.12700115558556,37.849998474121094,534.7069721828204,0.5347069721828205,rebalance,rebalance,89.71660292873358
2012-03-26,2012-03-27,DHI,sell,460.3589350340151,13.34456258441693,6143.288619856942,6.143288619856943,rebalance,rebalance,541.3608459579485
2012-03-26,2012-03-27,FAST,sell,616.7082014670749,9.424606068607929,5812.231858106876,5.812231858106876,rebalance,rebalance,895.48220765816
2012-03-26,2012-03-27,FFIV,sell,5.254778714011799,134.94000244140625,709.0798524978018,0.7090798524978018,rebalance,rebalance,32.403897389337
2012-03-26,2012-03-27,HST,sell,619.714540254682,9.427797343316167,5842.54309622749,5.842543096227491,rebalance,rebalance,240.91606785212687
2012-03-26,2012-03-27,JBL,sell,17.511512024501712,22.4256837229177,392.70763017154565,0.39270763017154564,rebalance,rebalance,-3.3808059100111194
2012-03-26,2012-03-27,KLAC,sell,1932.5975696948494,3.239044928827075,6259.770357583632,6.2597703575836325,rebalance,rebalance,657.7261019469112
2012-03-26,2012-03-27,LEN,sell,64.13760557877814,22.756280770110592,1459.5333604732868,1.459533360473287,rebalance,rebalance,224.41855703174966
2012-03-26,2012-03-27,MAS,sell,146.5850795555474,9.712557252188788,1423.7159774999022,1.4237159774999022,rebalance,rebalance,212.36532203796347
2012-03-26,2012-03-27,PHM,sell,96.89022756766201,7.621811945909177,738.4790939170649,0.7384790939170649,rebalance,rebalance,37.25575921615567
2012-03-26,2012-03-27,ROST,sell,242.39791680157316,25.615321103687165,6209.100473737142,6.209100473737142,rebalance,rebalance,851.6597333090448
2012-03-26,2012-03-27,TER,sell,366.94503027880904,15.786062424071625,5792.617154184132,5.792617154184132,rebalance,rebalance,191.04005175081178
2012-03-26,2012-03-27,TGNA,sell,65.40538831099747,10.998540683304586,719.3638242458399,0.7193638242458399,rebalance,rebalance,34.07321758495196
2012-03-26,2012-03-27,TXT,sell,17.53758494563587,27.162064665215752,476.3570163650758,0.4763570163650758,rebalance,rebalance,3.021447952132403
2012-03-26,2012-03-27,DNR,buy,293.5398658624146,17.581326629393654,5160.8202604755115,5.160820260475512,rebalance,rebalance,0.0
2012-03-26,2012-03-27,HAR,buy,114.31239829486897,45.14663621318809,5160.8202604755115,5.160820260475512,rebalance,rebalance,0.0
2012-03-26,2012-03-27,IPG,buy,507.7865622899407,10.163365169023,5160.8202604755115,5.160820260475512,rebalance,rebalance,0.0
2012-03-26,2012-03-27,JCP,buy,7.465923187027471,35.58298840825558,265.65985822092506,0.2656598582209251,rebalance,rebalance,0.0
2012-03-26,2012-03-27,MRO,buy,178.12970618840296,28.97226055612,5160.8202604755115,5.160820260475512,rebalance,rebalance,0.0
2012-03-26,2012-03-27,PXD,buy,49.36934569616616,104.53491306603,5160.8202604755115,5.160820260475512,rebalance,rebalance,0.0
2012-03-26,2012-03-27,RF,buy,1206.4524335795531,4.277682332790627,5160.8202604755115,5.160820260475512,rebalance,rebalance,0.0
2012-04-24,2012-04-25,DNR,sell,293.5398658624146,17.419681116846498,5113.370858405157,5.113370858405157,rebalance,rebalance,-57.72359318923326
2012-04-24,2012-04-25,HAR,sell,114.31239829486897,43.54794605115554,4978.070153923159,4.978070153923158,rebalance,rebalance,-192.88899696675117
2012-04-24,2012-04-25,IPG,sell,507.7865622899407,9.6622303812773,4906.350749362224,4.906350749362224,rebalance,rebalance,-264.5366821231257
2012-04-24,2012-04-25,JBL,sell,230.12989589260388,19.447208374284003,4475.384038575752,4.475384038575752,rebalance,rebalance,-729.1801022905754
2012-04-24,2012-04-25,JCP,sell,145.03616731859861,34.65,5025.503197589442,5.025503197589442,rebalance,rebalance,-841.23230896643
2012-04-24,2012-04-25,MRO,sell,178.12970618840296,26.292437374512,4683.464144498807,4.683464144498807,rebalance,rebalance,-487.20040038167747
2012-04-24,2012-04-25,PXD,sell,49.36934569616616,107.50603883218,5307.502795531357,5.307502795531358,rebalance,rebalance,136.21421199983936
2012-04-24,2012-04-25,TGNA,sell,469.22772839395526,9.541826486339655,4477.289566914432,4.477289566914432,rebalance,rebalance,-438.4009650949765
2012-04-24,2012-04-25,TXT,sell,190.0010298953656,26.322104119337666,5001.226891687202,5.001226891687202,rebalance,rebalance,-126.6996090870438
2012-04-24,2012-04-25,AAPL,buy,291.42412317830605,18.413565948233668,5366.15731104991,5.366157311049911,rebalance,rebalance,0.0
2012-04-24,2012-04-25,AKAM,buy,4.75398746564187,38.029998779296875,180.79413751515298,0.180794137515153,rebalance,rebalance,0.0
2012-04-24,2012-04-25,AMD,buy,723.2017865059289,7.420000076293945,5366.15731104991,5.366157311049911,rebalance,rebalance,0.0
2012-04-24,2012-04-25,BAC,buy,839.3770255108232,6.393023811658659,5366.15731104991,5.366157311049911,rebalance,rebalance,0.0
2012-04-24,2012-04-25,BKNG,buy,195.2814914738919,27.47908811300398,5366.15731104991,5.366157311049911,rebalance,rebalance,0.0
2012-04-24,2012-04-25,DFS,buy,178.68633818925613,30.03115607734,5366.15731104991,5.366157311049911,rebalance,rebalance,0.0
2012-04-24,2012-04-25,DHI,buy,397.26905661127023,13.507614604629834,5366.15731104991,5.366157311049911,rebalance,rebalance,0.0
2012-04-24,2012-04-25,FAST,buy,668.611947018873,8.025817269607417,5366.15731104991,5.366157311049911,rebalance,rebalance,0.0
2012-04-24,2012-04-25,FFIV,buy,3.1283162554450854,129.6999969482422,405.742608784364,0.405742608784364,rebalance,rebalance,0.0
2012-04-24,2012-04-25,LEN,buy,23.32067730958488,21.455419825148233,500.354922283952,0.5003549222839521,rebalance,rebalance,0.0
2012-04-24,2012-04-25,MAS,buy,79.30402077186864,8.787479012059125,696.8824181046965,0.6968824181046965,rebalance,rebalance,0.0
2012-04-24,2012-04-25,MU,buy,828.7616467950387,6.474910285486481,5366.15731104991,5.366157311049911,rebalance,rebalance,0.0
2012-04-24,2012-04-25,PHM,buy,47.12555410166203,7.409388464538314,349.1715369458309,0.3491715369458309,rebalance,rebalance,0.0
2012-04-24,2012-04-25,RF,buy,57.491161754304585,4.245567073451957,244.082583358576,0.244082583358576,rebalance,rebalance,0.0
2012-04-24,2012-04-25,WDC,buy,212.93966165426372,25.20036553717546,5366.15731104991,5.366157311049911,rebalance,rebalance,0.0
2012-05-22,2012-05-23,AAPL,sell,39.97892824152814,16.674619304705086,666.6334086376045,0.6666334086376045,rebalance,rebalance,-70.92401111782804
2012-05-22,2012-05-23,AKAM,sell,141.1032732920094,28.760000228881836,4058.1301721741665,4.058130172174167,rebalance,rebalance,-416.6464428790399
2012-05-22,2012-05-23,AMD,sell,723.2017865059289,5.980000019073486,4324.746697099435,4.324746697099434,rebalance,rebalance,-1051.1015179586248
2012-05-22,2012-05-23,BAC,sell,50.47664206117224,5.314679761257486,268.2671879787505,0.2682671879787505,rebalance,rebalance,-55.02215221350301
2012-05-22,2012-05-23,BKNG,sell,32.368241357806,25.73610739814307,833.0325358735114,0.8330325358735114,rebalance,rebalance,-58.13970275282669
2012-05-22,2012-05-23,DFS,sell,34.05397541634443,28.989036901452,987.1919499855479,0.9871919499855479,rebalance,rebalance,-37.498172997358616
2012-05-22,2012-05-23,DHI,sell,397.26905661127023,14.269181025104407,5668.704084458665,5.668704084458666,rebalance,rebalance,291.5119120132471
2012-05-22,2012-05-23,FAST,sell,668.611947018873,7.535886350927472,5038.583645606567,5.038583645606567,rebalance,rebalance,-337.9784063999996
2012-05-22,2012-05-23,FFIV,sell,41.373611698628785,115.19999694824219,4766.2399414197935,4.766239941419793,rebalance,rebalance,-564.4922599379455
2012-05-22,2012-05-23,LEN,sell,68.09363046835523,23.03537261943715,1568.5621508488214,1.5685621508488214,rebalance,rebalance,243.0088134251537
2012-05-22,2012-05-23,MAS,sell,610.6594739726709,8.723955134764884,5327.365853556705,5.327365853556705,rebalance,rebalance,238.60164138564832
2012-05-22,2012-05-23,MU,sell,828.7616467950387,5.4900216870257434,4549.9194142799315,4.549919414279931,rebalance,rebalance,-826.1539734953079
2012-05-22,2012-05-23,PHM,sell,175.36202644378113,7.638804720366708,1339.5562753718268,1.3395562753718269,rebalance,rebalance,68.271064855327
2012-05-22,2012-05-23,RF,sell,216.14694917337988,4.001494867283608,864.9109076962905,0.8649109076962904,rebalance,rebalance,-61.17053807160682
2012-05-22,2012-05-23,WDC,sell,8.485049321411367,20.507010596280036,174.00299634414162,0.17400299634414162,rebalance,rebalance,-40.21117749723207
2012-05-22,2012-05-23,AIG,buy,193.06455280568144,21.716844654482568,4192.75290156813,4.19275290156813,rebalance,rebalance,0.0
2012-05-22,2012-05-23,FIS,buy,168.24797131795233,24.92007997912042,4192.75290156813,4.19275290156813,rebalance,rebalance,0.0
2012-05-22,2012-05-23,GPS,buy,185.36657704670276,22.61871027867,4192.75290156813,4.19275290156813,rebalance,rebalance,0.0
2012-05-22,2012-05-23,JPM,buy,182.57278207422522,22.96482999236743,4192.75290156813,4.19275290156813,rebalance,rebalance,0.0
2012-05-22,2012-05-23,RVTY,buy,171.08417483744785,24.50695925296299,4192.75290156813,4.19275290156813,rebalance,rebalance,0.0
2012-05-22,2012-05-23,SHW,buy,121.08599252696746,34.62624217771803,4192.75290156813,4.19275290156813,rebalance,rebalance,0.0
2012-05-22,2012-05-23,TXT,buy,185.19274976198676,22.639940855982406,4192.75290156813,4.19275290156813,rebalance,rebalance,0.0
2012-06-20,2012-06-21,AAPL,sell,76.24276007007393,17.51028711814393,1335.0326195067537,1.3350326195067537,rebalance,rebalance,-71.60740482904143
2012-06-20,2012-06-21,AIG,sell,193.06455280568144,23.9394154451349,4621.852537344394,4.6218525373443935,rebalance,rebalance,420.28503033735046
2012-06-20,2012-06-21,BAC,sell,298.44407289511304,6.255083016151259,1866.7924516372298,1.8667924516372298,rebalance,rebalance,-44.94236534572411
2012-06-20,2012-06-21,BKNG,sell,46.35772512155124,26.320888164312674,1220.1764984762983,1.2201764984762984,rebalance,rebalance,-56.18555936903594
2012-06-20,2012-06-21,DFS,sell,46.2472959007755,31.182018123756,1442.084018952688,1.442084018952688,rebalance,rebalance,50.39331382126911
2012-06-20,2012-06-21,FIS,sell,168.24797131795233,26.21368372045014,4410.3991067361685,4.410399106736168,rebalance,rebalance,209.04305315973437
2012-06-20,2012-06-21,GPS,sell,56.16185461679598,23.74406198642,1333.510557293512,1.333510557293512,rebalance,rebalance,60.598019727835066
2012-06-20,2012-06-21,JPM,sell,182.57278207422522,24.925246025164455,4550.671510698799,4.550671510698798,rebalance,rebalance,349.17518471840185
2012-06-20,2012-06-21,LEN,sell,46.96162733465525,22.7160188704513,1066.7812127211303,1.0667812127211302,rebalance,rebalance,152.61170537289598
2012-06-20,2012-06-21,PHM,sell,170.41596749295343,8.106136917926072,1381.4151654987193,1.3814151654987192,rebalance,rebalance,145.9067177036406
2012-06-20,2012-06-21,RF,sell,341.3275605464827,4.342504153097684,1482.2163492398022,1.4822163492398022,rebalance,rebalance,19.68226966123152
2012-06-20,2012-06-21,RVTY,sell,47.9397880924832,24.91258448237261,1194.304020921028,1.194304020921028,rebalance,rebalance,17.076425088562953
2012-06-20,2012-06-21,SHW,sell,40.19963566285756,37.92784169359878,1524.6854175612093,1.5246854175612092,rebalance,rebalance,129.80644990559392
2012-06-20,2012-06-21,TXT,sell,64.01650194709956,25.317213510360855,1620.7194479811508,1.6207194479811509,rebalance,rebalance,168.31958082606405
2012-06-20,2012-06-21,WDC,sell,204.45461233285235,18.42308557959534,3766.684820151128,3.766684820151128,rebalance,rebalance,-1394.5651621849536
2012-06-20,2012-06-21,CRM,buy,92.23940169199551,33.25959277747704,3067.8449383138973,3.0678449383138973,rebalance,rebalance,0.0
2012-06-20,2012-06-21,DHI,buy,212.31047805522573,14.449804674811652,3067.8449383138973,3.0678449383138973,rebalance,rebalance,0.0
2012-06-20,2012-06-21,FII,buy,193.0744437646949,15.889440769555,3067.8449383138973,3.0678449383138973,rebalance,rebalance,0.0
2012-06-20,2012-06-21,MAS,buy,312.9221928779742,9.803858620887976,3067.8449383138977,3.0678449383138977,rebalance,rebalance,0.0
2012-07-19,2012-07-20,BAC,sell,490.4563105545379,5.560931048217958,2727.3937251571583,2.7273937251571585,rebalance,rebalance,-413.96803939336627
2012-07-19,2012-07-20,BKNG,sell,116.55552499453465,26.26096316131867,3060.860348129632,3.0608603481296317,rebalance,rebalance,-148.24289314213476
2012-07-19,2012-07-20,CRM,sell,92.23940169199551,33.91819549925562,3128.594059323473,3.1285940593234733,rebalance,rebalance,54.55268201193856
2012-07-19,2012-07-20,DFS,sell,98.3850668721362,31.335005639345,3082.896625265723,3.082896625265723,rebalance,rebalance,122.24181242488538
2012-07-19,2012-07-20,DHI,sell,212.31047805522573,15.748567653156716,3343.585927126767,3.343585927126767,rebalance,rebalance,269.32955794742907
2012-07-19,2012-07-20,FII,sell,193.0744437646949,15.351800798386,2964.040399934776,2.9640403999347757,rebalance,rebalance,-109.8364237173697
2012-07-19,2012-07-20,LEN,sell,135.05205096939366,25.327899068637755,3420.5847159653244,3.4205847159653247,rebalance,rebalance,791.2671402533825
2012-07-19,2012-07-20,MAS,sell,312.9221928779742,10.075994751706144,3153.002373130846,3.153002373130846,rebalance,rebalance,78.93658750550435
2012-07-19,2012-07-20,PHM,sell,378.45955100136587,8.879367141743247,3360.4813016404305,3.3604813016404305,rebalance,rebalance,616.3731690545776
2012-07-19,2012-07-20,RVTY,sell,123.14438674496465,23.73521154803665,2922.858070344976,2.9228580703449762,rebalance,rebalance,-100.97715038352278
2012-07-19,2012-07-20,TXT,sell,121.1762478148872,25.90371807574255,3138.915360873152,3.138915360873152,rebalance,rebalance,389.60993874968676
2012-07-19,2012-07-20,AAPL,buy,136.91032584949346,18.33549293257259,2510.3183120095973,2.5103183120095975,rebalance,rebalance,0.0
2012-07-19,2012-07-20,ALXN,buy,56.82960594118727,100.7,5722.741318277558,5.722741318277558,rebalance,rebalance,0.0
2012-07-19,2012-07-20,CERN,buy,146.51155448739266,39.06,5722.741318277557,5.722741318277557,rebalance,rebalance,0.0
2012-07-19,2012-07-20,DF,buy,247.25475398908978,23.145121482801,5722.741318277558,5.722741318277558,rebalance,rebalance,0.0
2012-07-19,2012-07-20,DLTR,buy,108.75601357737577,52.619998931884766,5722.741318277558,5.722741318277558,rebalance,rebalance,0.0
2012-07-19,2012-07-20,EBAY,buy,352.18690053056804,16.249160061479497,5722.741318277558,5.722741318277558,rebalance,rebalance,0.0
2012-07-19,2012-07-20,EW,buy,333.84976586368174,17.141666412353516,5722.741318277558,5.722741318277558,rebalance,rebalance,0.0
2012-07-19,2012-07-20,EXPE,buy,132.880719408561,43.06675448288448,5722.741318277558,5.722741318277558,rebalance,rebalance,0.0
2012-07-19,2012-07-20,FDO,buy,89.91867156303121,63.64352607529383,5722.741318277558,5.722741318277558,rebalance,rebalance,0.0
2012-07-19,2012-07-20,GPS,buy,98.44493632530683,25.138369851154,2474.7452193188683,2.4747452193188684,rebalance,rebalance,0.0
2012-07-19,2012-07-20,MNST,buy,1012.7252365698927,5.6508331298828125,5722.741318277558,5.722741318277558,rebalance,rebalance,0.0
2012-07-19,2012-07-20,RF,buy,662.060742760584,4.18167087017353,2768.520122287385,2.768520122287385,rebalance,rebalance,0.0
2012-07-19,2012-07-20,ROST,buy,192.23217767720635,29.769944800225417,5722.741318277558,5.722741318277558,rebalance,rebalance,0.0
2012-07-19,2012-07-20,SHW,buy,68.7487013133456,38.2446559514872,2629.2704288404593,2.6292704288404596,rebalance,rebalance,0.0
2012-07-19,2012-07-20,TJX,buy,307.7189227398767,18.59730063826835,5722.741318277558,5.722741318277558,rebalance,rebalance,0.0
2012-08-16,2012-08-17,AAPL,sell,312.11276071619744,19.224350331775444,6000.16505502578,6.00016505502578,rebalance,rebalance,252.00856935127018
2012-08-16,2012-08-17,ALXN,sell,56.82960594118727,103.82,5900.0496888140615,5.900049688814062,rebalance,rebalance,165.68557952941273
2012-08-16,2012-08-17,CERN,sell,146.51155448739266,36.745,5383.567069639243,5.383567069639243,rebalance,rebalance,-350.2805570262314
2012-08-16,2012-08-17,DF,sell,247.25475398908978,30.25675098869,7481.125522217695,7.481125522217695,rebalance,rebalance,1745.1803370996427
2012-08-16,2012-08-17,DLTR,sell,108.75601357737577,49.20000076293945,5350.795950981142,5.350795950981142,rebalance,rebalance,-383.018904565675
2012-08-16,2012-08-17,EBAY,sell,352.18690053056804,17.16591841398698,6045.611600982678,6.045611600982679,rebalance,rebalance,311.10192978586076
2012-08-16,2012-08-17,FDO,sell,89.91867156303121,62.49584012242825,5619.542922024334,5.619542922024334,rebalance,rebalance,-114.54068049352601
2012-08-16,2012-08-17,RF,sell,1368.5298283745792,4.612701889061232,6312.620124580066,6.312620124580066,rebalance,rebalance,510.9795134574235
2012-08-16,2012-08-17,AGN,buy,92.38481442580769,78.723631932924,7272.868127048771,7.272868127048771,rebalance,rebalance,0.0
2012-08-16,2012-08-17,DHI,buy,447.3989585436247,16.255889711329342,7272.868127048771,7.272868127048771,rebalance,rebalance,0.0
2012-08-16,2012-08-17,EW,buy,103.22165203391404,16.639999389648438,1717.6082268428331,1.7176082268428332,rebalance,rebalance,0.0
2012-08-16,2012-08-17,EXPE,buy,20.028557782635175,47.56328890335969,952.62408013311,0.9526240801331101,rebalance,rebalance,0.0
2012-08-16,2012-08-17,GPS,buy,12.387377869243608,30.298941485548,375.3244372195843,0.3753244372195843,rebalance,rebalance,0.0
2012-08-16,2012-08-17,LEN,buy,264.1555004904145,27.5325257794989,7272.868127048772,7.272868127048772,rebalance,rebalance,0.0
2012-08-16,2012-08-17,MNST,buy,427.6842214711568,5.049167156219482,2159.4491242854638,2.1594491242854637,rebalance,rebalance,0.0
2012-08-16,2012-08-17,MO,buy,488.28389254572227,14.894753314779372,7272.868127048771,7.272868127048771,rebalance,rebalance,0.0
2012-08-16,2012-08-17,ROST,buy,50.541477727364196,29.957402564660025,1514.0913944914478,1.5140913944914478,rebalance,rebalance,0.0
2012-08-16,2012-08-17,SHW,buy,27.905045858747087,40.964649460640985,1143.1204217866857,1.1431204217866857,rebalance,rebalance,0.0
2012-08-16,2012-08-17,SNI,buy,132.01437999341255,55.091484180827,7272.868127048772,7.272868127048772,rebalance,rebalance,0.0
2012-08-16,2012-08-17,SRE,buy,324.6461887327385,22.402444197600243,7272.8681270487705,7.2728681270487705,rebalance,rebalance,0.0
2012-08-16,2012-08-17,STZ,buy,270.35661393852473,26.90101795956994,7272.8681270487705,7.2728681270487705,rebalance,rebalance,0.0
2012-08-16,2012-08-17,T,buy,686.8191668698888,10.589203793182064,7272.868127048771,7.272868127048771,rebalance,rebalance,0.0
2012-08-16,2012-08-17,TJX,buy,77.46847744529106,18.881375983618753,1462.7114495230296,1.4627114495230296,rebalance,rebalance,0.0
2012-09-14,2012-09-17,DHI,sell,447.3989585436247,18.953705655621217,8479.868170867341,8.479868170867341,rebalance,rebalance,1191.2473075206549
2012-09-14,2012-09-17,EXPE,sell,0.9859112287659855,50.659352285473275,49.94562426025989,0.04994562426025989,rebalance,rebalance,6.811968208973208
2012-09-14,2012-09-17,LEN,sell,264.1555004904145,30.72164023845132,8115.290253074566,8.115290253074566,rebalance,rebalance,827.0339676456719
2012-09-14,2012-09-17,MNST,sell,1440.4094580410494,4.487500190734863,6463.83771769551,6.46383771769551,rebalance,rebalance,-1432.6987530277702
2012-09-14,2012-09-17,MO,sell,488.28389254572227,13.995769035110447,6833.908583634617,6.833908583634617,rebalance,rebalance,-453.06632012483743
2012-09-14,2012-09-17,ROST,sell,242.77365540457055,29.59408701803267,7184.664683728738,7.184664683728738,rebalance,rebalance,-66.58952643676355
2012-09-14,2012-09-17,SNI,sell,0.7704725368436982,58.641497848062,45.1816636113106,0.045181663611310596,rebalance,rebalance,2.647559896837758
2012-09-14,2012-09-17,SRE,sell,324.6461887327385,21.32558797248581,6923.270857752246,6.923270857752247,rebalance,rebalance,-363.79340828132524
2012-09-14,2012-09-17,T,sell,686.8191668698888,10.600618479838102,7280.707952627953,7.280707952627953,rebalance,rebalance,-6.713750500494454
2012-09-14,2012-09-17,TJX,sell,385.18740018516775,19.059931992298296,7341.6456518194855,7.341645651819485,rebalance,rebalance,141.6657855992777
2012-09-14,2012-09-17,AGN,buy,2.94768922788991,80.731534594362,237.9714748748225,0.2379714748748225,rebalance,rebalance,0.0
2012-09-14,2012-09-17,AMGN,buy,138.68689723849027,55.49435072767377,7696.33931668563,7.696339316685631,rebalance,rebalance,0.0
2012-09-14,2012-09-17,AMZN,buy,589.1934405118186,13.0625,7696.33931668563,7.696339316685631,rebalance,rebalance,0.0
2012-09-14,2012-09-17,COG,buy,342.8820406090498,22.446026344847,7696.33931668563,7.696339316685631,rebalance,rebalance,0.0
2012-09-14,2012-09-17,DF,buy,258.1500910959161,29.813428629882,7696.339316685631,7.6963393166856315,rebalance,rebalance,0.0
2012-09-14,2012-09-17,EW,buy,4.570098727692482,17.426666259765625,79.64158530167639,0.07964158530167639,rebalance,rebalance,0.0
2012-09-14,2012-09-17,GILD,buy,362.2080912023974,21.248391473356158,7696.33931668563,7.696339316685631,rebalance,rebalance,0.0
2012-09-14,2012-09-17,GPS,buy,14.701980589736536,30.212644301027,444.18571007831315,0.44418571007831315,rebalance,rebalance,0.0
2012-09-14,2012-09-17,NRG,buy,468.24686273950584,16.43649948161477,7696.33931668563,7.696339316685631,rebalance,rebalance,0.0
2012-09-14,2012-09-17,PHM,buy,548.9521702991202,14.020054447534015,7696.33931668563,7.696339316685631,rebalance,rebalance,0.0
2012-09-14,2012-09-17,SHW,buy,3.052617570665035,42.61710687011958,130.09372924263658,0.1300937292426366,rebalance,rebalance,0.0
2012-09-14,2012-09-17,STX,buy,462.45514386153985,16.64234773651892,7696.33931668563,7.696339316685631,rebalance,rebalance,0.0
2012-09-14,2012-09-17,STZ,buy,15.030317044592664,26.968086065373896,405.3388836484312,0.4053388836484312,rebalance,rebalance,0.0
2012-10-12,2012-10-15,AGN,sell,95.3325036536976,85.756236821014,8175.356760066674,8.175356760066673,rebalance,rebalance,648.8309617810892
2012-10-12,2012-10-15,AMGN,sell,138.68689723849027,57.83514931119541,8020.977409294499,8.020977409294499,rebalance,rebalance,308.92077588288953
2012-10-12,2012-10-15,AMZN,sell,60.604817384888634,12.142499923706055,735.8939904722296,0.7358939904722296,rebalance,rebalance,-57.283981035440405
2012-10-12,2012-10-15,COG,sell,42.748709772962684,21.385120066841,914.1862911973463,0.9141862911973464,rebalance,rebalance,-47.22609953176187
2012-10-12,2012-10-15,DF,sell,26.811761895141785,27.744590955441,743.8813665753885,0.7438813665753885,rebalance,rebalance,-57.01241504308844
2012-10-12,2012-10-15,EW,sell,2.276704992750524,14.608332633972168,33.25886384352485,0.033258863843524854,rebalance,rebalance,-5.579447326948536
2012-10-12,2012-10-15,EXPE,sell,22.57572282460805,49.6212158203125,1120.234814579431,1.120234814579431,rebalance,rebalance,132.56946649574388
2012-10-12,2012-10-15,GILD,sell,362.2080912023974,23.451476593987724,8494.314572985993,8.494314572985994,rebalance,rebalance,781.7846024106926
2012-10-12,2012-10-15,GPS,sell,50.648579384889416,31.44874098099,1592.834054130497,1.592834054130497,rebalance,rebalance,353.967593474825
2012-10-12,2012-10-15,NRG,sell,95.65428854754009,17.226288875751393,1647.7684067244038,1.6477684067244038,rebalance,rebalance,72.32675252768118
2012-10-12,2012-10-15,PHM,sell,67.51755338115328,13.331794371330558,900.1301381328698,0.9001301381328698,rebalance,rebalance,-48.31636634788442
2012-10-12,2012-10-15,SHW,sell,180.59272160686763,43.517680027433876,7858.976274171109,7.858976274171109,rebalance,rebalance,1141.1388612156418
2012-10-12,2012-10-15,SNI,sell,131.24390745656885,59.121934215974,7759.393662894643,7.759393662894643,rebalance,rebalance,513.98219610679
2012-10-12,2012-10-15,STX,sell,462.45514386153985,15.448496937800298,7144.236873814994,7.144236873814995,rebalance,rebalance,-566.9430190611353
2012-10-12,2012-10-15,STZ,sell,66.50636626309546,29.323696803325717,1950.2125197899416,1.9502125197899416,rebalance,rebalance,157.1491137398168
2012-10-12,2012-10-15,DHI,buy,372.5153675985487,17.229859152837914,6418.387315990635,6.4183873159906355,rebalance,rebalance,0.0
2012-10-12,2012-10-15,EBAY,buy,362.0057135401713,17.730071863295038,6418.387315990635,6.4183873159906355,rebalance,rebalance,0.0
2012-10-12,2012-10-15,LEN,buy,212.4761963662552,30.207559367859538,6418.387315990635,6.4183873159906355,rebalance,rebalance,0.0
2012-10-12,2012-10-15,MPC,buy,351.5264102924699,18.25862048501715,6418.387315990634,6.418387315990635,rebalance,rebalance,0.0
2012-10-12,2012-10-15,VLO,buy,395.1594054974513,16.242527007324473,6418.387315990635,6.4183873159906355,rebalance,rebalance,0.0
2012-10-12,2012-10-15,WY,buy,406.90735964587094,15.77358375030749,6418.387315990635,6.4183873159906355,rebalance,rebalance,0.0
2012-11-13,2012-11-14,AMZN,sell,528.58862312693,11.324999809265137,5986.266056092203,5.986266056092203,rebalance,rebalance,-931.3137884490064
2012-11-13,2012-11-14,COG,sell,300.1333308360871,23.806471959928,7145.1157247891015,7.145115724789101,rebalance,rebalance,394.4331574999083
2012-11-13,2012-11-14,DF,sell,231.3383292007743,31.383528650662,7260.213082468778,7.260213082468779,rebalance,rebalance,349.06711363589466
2012-11-13,2012-11-14,DHI,sell,372.5153675985487,16.72994228034454,6232.16059846505,6.232160598465049,rebalance,rebalance,-198.8772654400399
2012-11-13,2012-11-14,EBAY,sell,362.0057135401713,17.74863132527101,6425.105947266168,6.425105947266168,rebalance,rebalance,-6.124861987723119
2012-11-13,2012-11-14,EW,sell,439.36481163253774,14.37166690826416,6314.404723995059,6.314404723995059,rebalance,rebalance,-1180.6157499747967
2012-11-13,2012-11-14,EXPE,sell,20.892364091973732,52.47244296086566,1096.2733831337296,1.0962733831337297,rebalance,rebalance,182.19373111392503
2012-11-13,2012-11-14,GPS,sell,12.475026206713835,29.699664527752,370.50409331431547,0.3705040933143155,rebalance,rebalance,65.38622800804264
2012-11-13,2012-11-14,LEN,sell,212.4761963662552,30.763521840145486,6536.516107424333,6.536516107424333,rebalance,rebalance,105.17388801028365
2012-11-13,2012-11-14,MPC,sell,40.129763145864786,18.27544867835001,733.3894268465936,0.7333894268465936,rebalance,rebalance,-0.7907921296599707
2012-11-13,2012-11-14,PHM,sell,70.03689181035298,13.833118406402011,968.8286172289802,0.9688286172289802,rebalance,rebalance,-15.043168941963955
2012-11-13,2012-11-14,STZ,sell,21.306520566025085,28.803952806181012,613.7120128477117,0.6137120128477117,rebalance,rebalance,39.28270635380828
2012-11-13,2012-11-14,VLO,sell,51.5466408934692,16.56199661295149,853.7152918866636,0.8537152918866636,rebalance,rebalance,14.776622038898525
2012-11-13,2012-11-14,WY,sell,45.91172630007338,15.7644938549346,723.7751271269461,0.7237751271269461,rebalance,rebalance,-1.8653003754987134
2012-11-13,2012-11-14,CVC,buy,438.30100835644436,12.9840300045807,5690.913443538049,5.690913443538049,rebalance,rebalance,0.0
2012-11-13,2012-11-14,DVA,buy,100.99225550381547,56.349998474121094,5690.913443538049,5.690913443538049,rebalance,rebalance,0.0
2012-11-13,2012-11-14,FSLR,buy,229.65751758856928,24.780000686645508,5690.913443538049,5.690913443538049,rebalance,rebalance,0.0
2012-11-13,2012-11-14,HCBK,buy,749.4978626439403,7.592968208692009,5690.913443538049,5.690913443538049,rebalance,rebalance,0.0
2012-11-13,2012-11-14,LYB,buy,237.16613134469824,23.995472756887246,5690.913443538049,5.690913443538049,rebalance,rebalance,0.0
2012-11-13,2012-11-14,NRG,buy,17.091705870011538,14.603908175697871,249.6057030916848,0.2496057030916848,rebalance,rebalance,0.0
2012-11-13,2012-11-14,TGNA,buy,465.55988381650565,12.223805446650228,5690.913443538049,5.690913443538049,rebalance,rebalance,0.0
2012-11-13,2012-11-14,TMUS,buy,354.4609743303863,16.055119902236846,5690.913443538049,5.690913443538049,rebalance,rebalance,0.0
2012-12-12,2012-12-13,CVC,sell,438.30100835644436,13.239333965344926,5802.813426978404,5.802813426978404,rebalance,rebalance,100.40625656983879
2012-12-12,2012-12-13,DVA,sell,100.99225550381547,53.71500015258789,5424.799019797643,5.424799019797644,rebalance,rebalance,-277.23013620374087
2012-12-12,2012-12-13,EXPE,sell,108.4552790458484,55.33886102620733,6001.791614676741,6.001791614676741,rebalance,rebalance,1256.3612615857912
2012-12-12,2012-12-13,GPS,sell,191.6154116225905,27.20593176274,5213.075813293534,5.213075813293535,rebalance,rebalance,526.9674758500441
2012-12-12,2012-12-13,WY,sell,360.99563334579756,16.523433919302605,5964.887492746077,5.964887492746078,rebalance,rebalance,259.0335543220241
2012-12-12,2012-12-13,C,buy,292.3300902953293,27.468944206601297,8029.998940233119,8.029998940233119,rebalance,rebalance,0.0
2012-12-12,2012-12-13,COG,buy,337.6516439401082,23.78190387741,8029.99894023312,8.02999894023312,rebalance,rebalance,0.0
2012-12-12,2012-12-13,FSLR,buy,18.1819442034095,32.400001525878906,589.0950199339129,0.5890950199339129,rebalance,rebalance,0.0
2012-12-12,2012-12-13,GILD,buy,307.9789819280189,26.073204378959524,8029.998940233119,8.029998940233119,rebalance,rebalance,0.0
2012-12-12,2012-12-13,HCBK,buy,302.77164855796593,7.631123827831165,2310.487941702417,2.310487941702417,rebalance,rebalance,0.0
2012-12-12,2012-12-13,LEN,buy,252.51841369914965,31.799656993727424,8029.998940233119,8.029998940233119,rebalance,rebalance,0.0
2012-12-12,2012-12-13,LYB,buy,56.69262030811748,27.326049998743255,1549.1853770993855,1.5491853770993855,rebalance,rebalance,0.0
2012-12-12,2012-12-13,MPC,buy,73.91774247159799,20.840122135562634,1540.4547810931674,1.5404547810931675,rebalance,rebalance,0.0
2012-12-12,2012-12-13,NRG,buy,87.5558885236332,16.825907517448723,1473.2072829067022,1.4732072829067022,rebalance,rebalance,0.0
2012-12-12,2012-12-13,PHM,buy,142.5526202483494,14.495882180690973,2066.425987668855,2.0664259876688553,rebalance,rebalance,0.0
2012-12-12,2012-12-13,STZ,buy,70.66790907548011,29.93565638617154,2115.490243612786,2.115490243612786,rebalance,rebalance,0.0
2012-12-12,2012-12-13,TGNA,buy,147.11976518179648,13.106358197733073,1928.204340439003,1.9282043404390032,rebalance,rebalance,0.0
2012-12-12,2012-12-13,TMUS,buy,159.8223144911325,15.613960466485075,2495.4593001266876,2.495459300126688,rebalance,rebalance,0.0
2012-12-12,2012-12-13,VLO,buy,90.32295464319725,18.505042530640477,1671.4301171654758,1.671430117165476,rebalance,rebalance,0.0
2012-12-12,2012-12-13,VMC,buy,172.658772775944,46.50791159423736,8029.998940233119,8.029998940233119,rebalance,rebalance,0.0
2013-01-11,2013-01-14,C,sell,67.77716756501917,31.028932384287017,2103.053149573471,2.103053149573471,rebalance,rebalance,237.321094864594
2013-01-11,2013-01-14,COG,sell,337.6516439401082,23.639408998805,7981.885310219096,7.981885310219096,rebalance,rebalance,-64.12551426447521
2013-01-11,2013-01-14,FSLR,sell,29.00662816441661,31.84000015258789,923.5710451810851,0.9235710451810851,rebalance,rebalance,186.91301554214624
2013-01-11,2013-01-14,GILD,sell,49.1262485896915,26.91738026573562,1322.3499143177844,1.3223499143177844,rebalance,rebalance,38.867965833017514
2013-01-11,2013-01-14,HCBK,sell,201.92704657573654,8.193919210133714,1654.5739059824928,1.6545739059824929,rebalance,rebalance,115.94136937615667
2013-01-11,2013-01-14,LEN,sell,252.51841369914965,34.66371737054044,8753.22692332453,8.75322692332453,rebalance,rebalance,706.4447572278548
2013-01-11,2013-01-14,LYB,sell,67.23645421287861,30.745595357577244,2067.2248145074354,2.0672248145074357,rebalance,rebalance,406.9276792934343
2013-01-11,2013-01-14,MPC,sell,54.685492798514986,21.07389137221328,1152.4361348718564,1.1524361348718564,rebalance,rebalance,124.6946464482562
2013-01-11,2013-01-14,NRG,sell,477.2401685856105,17.58154420748927,8390.619121577543,8.390619121577544,rebalance,rebalance,527.4509332592636
2013-01-11,2013-01-14,PHM,sell,133.00010285882337,16.552164015299645,2201.4395165709675,2.2014395165709675,rebalance,rebalance,316.402751662219
2013-01-11,2013-01-14,STZ,sell,268.24195322947696,29.60035246399012,7940.056361221671,7.9400563612216715,rebalance,rebalance,493.5541413075425
2013-01-11,2013-01-14,TGNA,sell,612.6796489983021,13.737029919988936,8416.398669657996,8.416398669657996,rebalance,rebalance,781.2453692273085
2013-01-11,2013-01-14,TMUS,sell,63.03043899797257,15.440650311277548,973.2309675340056,0.9732309675340056,rebalance,rebalance,-32.065502645978185
2013-01-11,2013-01-14,VLO,sell,77.80901739810872,19.56505204444277,1522.33747492095,1.52233747492095,rebalance,rebalance,219.05634165196452
2013-01-11,2013-01-14,VMC,sell,172.658772775944,49.35754223476117,8522.012669490687,8.522012669490687,rebalance,rebalance,475.46171764784447
2013-01-11,2013-01-14,AKAM,buy,176.440545959565,39.4900016784668,6967.637456092819,6.967637456092819,rebalance,rebalance,0.0
2013-01-11,2013-01-14,BAC,buy,776.353069157431,8.974830824916728,6967.63745609282,6.96763745609282,rebalance,rebalance,0.0
2013-01-11,2013-01-14,ETN,buy,172.7415253045581,40.33562540222033,6967.63745609282,6.96763745609282,rebalance,rebalance,0.0
2013-01-11,2013-01-14,GEN,buy,989.7229052015481,7.039988080981034,6967.63745609282,6.96763745609282,rebalance,rebalance,0.0
2013-01-11,2013-01-14,HIG,buy,385.65152507074015,18.06718501843016,6967.637456092819,6.967637456092819,rebalance,rebalance,0.0
2013-01-11,2013-01-14,MCO,buy,151.10122494315388,46.11238233650409,6967.637456092821,6.967637456092821,rebalance,rebalance,0.0
2013-02-11,2013-02-12,AKAM,sell,176.440545959565,35.36000061035156,6238.937812820981,6.238937812820981,rebalance,rebalance,-741.9062185407508
2013-02-11,2013-02-12,ETN,sell,172.7415253045581,43.12486503983717,7449.4549655346855,7.449454965534685,rebalance,rebalance,467.400417020239
2013-02-11,2013-02-12,GEN,sell,989.7229052015481,8.006258855534796,7923.977774295519,7.923977774295519,rebalance,rebalance,941.4487029723119
2013-02-11,2013-02-12,HCBK,sell,850.3424646261697,8.32790754711075,7081.573428789034,7.081573428789034,rebalance,rebalance,602.0670314348931
2013-02-11,2013-02-12,MCO,sell,151.10122494315388,39.19033539689524,5921.707684403914,5.921707684403914,rebalance,rebalance,-1058.8191168294018
2013-02-11,2013-02-12,MPC,sell,330.6288968196881,27.707774268671496,9160.990839779797,9.160990839779798,rebalance,rebalance,2945.0647915972686
2013-02-11,2013-02-12,TMUS,sell,451.2528498235462,15.9133173996277,7180.929826728624,7.180929826728624,rebalance,rebalance,-16.48698029405444
2013-02-11,2013-02-12,VLO,sell,356.1267018490706,26.122942171453328,9303.077238113672,9.303077238113673,rebalance,rebalance,3335.7106606362363
2013-02-11,2013-02-12,APTV,buy,270.1481748248865,30.0122606608667,8107.757439901881,8.107757439901881,rebalance,rebalance,0.0
2013-02-11,2013-02-12,BAC,buy,107.24749905546798,9.175817367682315,984.0834644736558,0.9840834644736558,rebalance,rebalance,0.0
2013-02-11,2013-02-12,C,buy,31.365084707683053,31.68107442328506,993.679582916747,0.993679582916747,rebalance,rebalance,0.0
2013-02-11,2013-02-12,F,buy,1211.418056900031,6.692782391447342,8107.757439901881,8.107757439901881,rebalance,rebalance,0.0
2013-02-11,2013-02-12,FSLR,buy,31.561149462377728,32.380001068115234,1021.9500533027353,1.0219500533027355,rebalance,rebalance,0.0
2013-02-11,2013-02-12,GILD,buy,33.12501146754971,27.768409011078447,919.8288669275843,0.9198288669275843,rebalance,rebalance,0.0
2013-02-11,2013-02-12,GS,buy,68.85128848052963,117.75752667569415,8107.757439901881,8.107757439901881,rebalance,rebalance,0.0
2013-02-11,2013-02-12,HIG,buy,54.99524856533236,18.399675034493793,1011.8947020433264,1.0118947020433264,rebalance,rebalance,0.0
2013-02-11,2013-02-12,LOW,buy,263.28758447080344,30.794302193163112,8107.75743990188,8.10775743990188,rebalance,rebalance,0.0
2013-02-11,2013-02-12,LYB,buy,37.7783629018613,30.66466411022101,1158.4608090196111,1.1584608090196111,rebalance,rebalance,0.0
2013-02-11,2013-02-12,MAS,buy,586.3514830114694,13.827469827927915,8107.757439901881,8.107757439901881,rebalance,rebalance,0.0
2013-02-11,2013-02-12,MS,buy,484.8678186289349,16.721582931257966,8107.757439901881,8.107757439901881,rebalance,rebalance,0.0
2013-02-11,2013-02-12,NFLX,buy,3141.4980833733616,2.580857038497925,8107.757439901881,8.107757439901881,rebalance,rebalance,0.0
2013-02-11,2013-02-12,PHM,buy,72.93713258714564,16.416207113045218,1197.3510747822224,1.1973510747822225,rebalance,rebalance,0.0
2013-02-11,2013-02-12,VMC,buy,161.2802243255833,50.27124356879864,8107.757439901881,8.107757439901881,rebalance,rebalance,0.0
2013-03-12,2013-03-13,APTV,sell,270.1481748248865,33.04598912105203,8927.313646335262,8.927313646335262,rebalance,rebalance,802.5211353471436
2013-03-12,2013-03-13,BAC,sell,172.14344665625538,9.315598037736645,1603.6191538802354,1.6036191538802356,rebalance,rebalance,51.30865194067587
2013-03-12,2013-03-13,C,sell,62.96229404436815,34.34802965376095,2162.630742904774,2.1626307429047738,rebalance,rebalance,396.6950218273609
2013-03-12,2013-03-13,F,sell,1211.418056900031,6.820313105145586,8262.250449285282,8.262250449285283,rebalance,rebalance,138.123001494214
2013-03-12,2013-03-13,FSLR,sell,6.998879273404157,27.229999542236328,190.5794794109625,0.1905794794109625,rebalance,rebalance,6.649201302598917
2013-03-12,2013-03-13,GILD,sell,82.72910911655103,31.673556884485397,2620.3251436058786,2.6203251436058785,rebalance,rebalance,442.6083171811855
2013-03-12,2013-03-13,GS,sell,68.85128848052963,117.80887384672434,8111.29275878714,8.11129275878714,rebalance,rebalance,-12.683731313429176
2013-03-12,2013-03-13,HIG,sell,440.6467736360725,19.53051341050734,8606.057721796105,8.606057721796105,rebalance,rebalance,609.9399737800285
2013-03-12,2013-03-13,LOW,sell,47.680082696735724,30.739415423735387,1465.657869453017,1.465657869453017,rebalance,rebalance,-5.550938449881809
2013-03-12,2013-03-13,LYB,sell,61.32657864691464,32.636604879320785,2001.4913158999443,2.0014913158999446,rebalance,rebalance,434.1517689725223
2013-03-12,2013-03-13,MAS,sell,586.3514830114694,14.04239507765465,8233.779178815763,8.233779178815762,rebalance,rebalance,109.68020229516415
2013-03-12,2013-03-13,MS,sell,78.21772163151661,16.298160542548473,1274.8049844228242,1.2748049844228242,rebalance,rebalance,-35.70186363600922
2013-03-12,2013-03-13,NFLX,sell,665.8558313314993,2.677143096923828,1782.5913423956001,1.7825913423956001,rebalance,rebalance,60.611563427501046
2013-03-12,2013-03-13,PHM,sell,493.8873750842856,16.773081085348984,8284.01298931889,8.28401298931889,rebalance,rebalance,1117.9371381022436
2013-03-12,2013-03-13,VMC,sell,26.359858680263983,49.122669760099036,1294.8666328734876,1.2948666328734877,rebalance,rebalance,-32.8962527902021
2013-03-12,2013-03-13,BSX,buy,874.3599778648027,7.579999923706055,6627.648565506832,6.627648565506832,rebalance,rebalance,0.0
2013-03-12,2013-03-13,CBRE,buy,262.0659677966893,25.290000915527344,6627.648565506831,6.627648565506831,rebalance,rebalance,0.0
2013-03-12,2013-03-13,IGT,buy,456.347970856965,14.523234436785,6627.648565506832,6.627648565506832,rebalance,rebalance,0.0
2013-03-12,2013-03-13,MPC,buy,220.0304474306976,30.12150655919711,6627.648565506832,6.627648565506832,rebalance,rebalance,0.0
2013-03-12,2013-03-13,TSN,buy,372.2438576374656,17.804588120192992,6627.648565506832,6.627648565506832,rebalance,rebalance,0.0
2013-03-12,2013-03-13,VLO,buy,269.04913593785045,24.633599146877764,6627.648565506833,6.627648565506833,rebalance,rebalance,0.0
2013-04-10,2013-04-11,BAC,sell,711.4571215566436,9.524502916297385,6776.275429086795,6.7762754290867955,rebalance,rebalance,360.5333949563473
2013-04-10,2013-04-11,BSX,sell,874.3599778648027,7.820000171661377,6837.495176996595,6.837495176996595,rebalance,rebalance,196.38146774725988
2013-04-10,2013-04-11,C,sell,192.95571339362502,33.043859348942675,6376.00145395384,6.376001453953839,rebalance,rebalance,964.3253427206821
2013-04-10,2013-04-11,CBRE,sell,262.0659677966893,25.510000228881836,6685.302898475683,6.685302898475683,rebalance,rebalance,44.34138150487008
2013-04-10,2013-04-11,FSLR,sell,243.39510381653574,36.369998931884766,8852.279665833386,8.852279665833386,rebalance,rebalance,2453.6410680987915
2013-04-10,2013-04-11,GILD,sell,209.2486356893261,34.453142231382955,7209.273007127188,7.209273007127188,rebalance,rebalance,1700.5421990037328
2013-04-10,2013-04-11,IGT,sell,456.347970856965,14.224305142482,6491.232788621954,6.491232788621954,rebalance,rebalance,-149.53465823900618
2013-04-10,2013-04-11,LOW,sell,215.6075017740677,30.70021625943488,6619.196931620369,6.619196931620369,rebalance,rebalance,-33.544312619587856
2013-04-10,2013-04-11,LYB,sell,203.07408169488377,30.935766361356237,6282.252345359893,6.282252345359893,rebalance,rebalance,1092.5798697388489
2013-04-10,2013-04-11,MS,sell,406.6500969974183,15.989563397343206,6502.157506475984,6.502157506475983,rebalance,rebalance,-310.97780529786456
2013-04-10,2013-04-11,VLO,sell,269.04913593785045,24.31647059497957,6542.325402637402,6.542325402637402,rebalance,rebalance,-98.49313683757387
2013-04-10,2013-04-11,VMC,sell,134.92036564531932,45.10527914309301,6085.620754520304,6.0856207545203045,rebalance,rebalance,-709.8620445451827
2013-04-10,2013-04-11,AVY,buy,224.9339043293336,32.87390302828702,7394.455358696501,7.394455358696502,rebalance,rebalance,0.0
2013-04-10,2013-04-11,BLK,buy,39.246666715325894,188.40976769649978,7394.455358696502,7.3944553586965025,rebalance,rebalance,0.0
2013-04-10,2013-04-11,CELG,buy,121.46949254532241,60.875,7394.455358696502,7.3944553586965025,rebalance,rebalance,0.0
2013-04-10,2013-04-11,COG,buy,212.68341576966282,34.76742806644,7394.455358696502,7.3944553586965025,rebalance,rebalance,0.0
2013-04-10,2013-04-11,ETN,buy,166.16752975249804,44.500001713393345,7394.455358696502,7.3944553586965025,rebalance,rebalance,0.0
2013-04-10,2013-04-11,HPQ,buy,1181.9043557605794,6.256390648410818,7394.455358696501,7.394455358696502,rebalance,rebalance,0.0
2013-04-10,2013-04-11,MPC,buy,37.775118306632606,28.682295269879763,1083.4770971254768,1.0834770971254768,rebalance,rebalance,0.0
2013-04-10,2013-04-11,MU,buy,765.185659269402,9.66360943794571,7394.455358696503,7.394455358696503,rebalance,rebalance,0.0
2013-04-10,2013-04-11,NDAQ,buy,944.8170798299361,7.826335400316301,7394.455358696502,7.3944553586965025,rebalance,rebalance,0.0
2013-04-10,2013-04-11,NFLX,buy,590.234247595909,2.4118568897247314,1423.560536615686,1.423560536615686,rebalance,rebalance,0.0
2013-04-10,2013-04-11,SCHW,buy,498.9298240308205,14.820632086005993,7394.455358696502,7.3944553586965025,rebalance,rebalance,0.0
2013-04-10,2013-04-11,SEE,buy,346.9993461391049,21.30970977603,7394.455358696501,7.394455358696502,rebalance,rebalance,0.0
2013-04-10,2013-04-11,STT,buy,173.72471075536674,42.56421165731065,7394.455358696502,7.3944553586965025,rebalance,rebalance,0.0
2013-04-10,2013-04-11,SWY,buy,333.04913719130604,22.202295496262067,7394.455358696501,7.394455358696502,rebalance,rebalance,0.0
2013-04-10,2013-04-11,TSN,buy,50.69341872972723,17.483574449173542,886.3021604443144,0.8863021604443144,rebalance,rebalance,0.0
2013-05-08,2013-05-09,AVY,sell,224.9339043293336,33.11792831780311,7449.3449198224525,7.449344919822453,rebalance,rebalance,40.045760847433506
2013-05-08,2013-05-09,BLK,sell,39.246666715325894,198.05553236940125,7773.01947002833,7.773019470028331,rebalance,rebalance,363.3966365031046
2013-05-08,2013-05-09,CELG,sell,21.941338954463873,61.135,1341.3837569811487,1.3413837569811489,rebalance,rebalance,3.0276853623265185
2013-05-08,2013-05-09,COG,sell,30.163957248953096,33.337013593467,1005.5762528411068,1.0055762528411067,rebalance,rebalance,-45.20126047773449
2013-05-08,2013-05-09,ETN,sell,166.16752975249804,47.11087051739731,7828.2969783657,7.8282969783657,rebalance,rebalance,418.61886733213635
2013-05-08,2013-05-09,HPQ,sell,211.66493654400392,6.271290930119309,1327.412396772691,1.327412396772691,rebalance,rebalance,0.502196255952639
2013-05-08,2013-05-09,MPC,sell,29.817496703318028,26.688474074796446,795.7834877418317,0.7957834877418317,rebalance,rebalance,-97.76412532794963
2013-05-08,2013-05-09,MU,sell,154.6383883753217,9.96590102002556,1541.1108724447274,1.5411108724447276,rebalance,rebalance,43.71040721043737
2013-05-08,2013-05-09,NDAQ,sell,944.8170798299361,8.23682619981202,7782.294077173103,7.782294077173103,rebalance,rebalance,372.66196904073223
2013-05-08,2013-05-09,NFLX,sell,1018.4517666953936,2.9718570709228516,3026.693084247576,3.026693084247576,rebalance,rebalance,425.7284259872353
2013-05-08,2013-05-09,SCHW,sell,498.9298240308205,14.811997674426495,7390.147393246533,7.390147393246534,rebalance,rebalance,-19.092568201911376
2013-05-08,2013-05-09,SEE,sell,346.9993461391049,21.375422537453,7417.257643943278,7.417257643943278,rebalance,rebalance,7.990572244137527
2013-05-08,2013-05-09,STT,sell,173.72471075536674,42.783899632179626,7432.620588587047,7.432620588587047,rebalance,rebalance,23.338153943262046
2013-05-08,2013-05-09,SWY,sell,38.803510029124425,20.67882445173403,802.4109720033648,0.8024109720033649,rebalance,rebalance,-60.77996192338644
2013-05-08,2013-05-09,TSN,sell,422.93727636719285,18.722810682000567,7918.5745557839045,7.918574555783905,rebalance,rebalance,389.1913045510213
2013-05-08,2013-05-09,BBY,buy,381.3388266718664,15.956029767230719,6084.653669777136,6.084653669777136,rebalance,rebalance,0.0
2013-05-08,2013-05-09,BSX,buy,773.1453314176109,7.869999885559082,6084.653669777136,6.084653669777136,rebalance,rebalance,0.0
2013-05-08,2013-05-09,FSLR,buy,135.1544559730861,45.02000045776367,6084.653669777136,6.084653669777136,rebalance,rebalance,0.0
2013-05-08,2013-05-09,GILD,buy,168.61259456623975,36.08659059799219,6084.653669777137,6.084653669777137,rebalance,rebalance,0.0
2013-05-08,2013-05-09,LUV,buy,493.3915625828013,12.332301829251499,6084.653669777136,6.084653669777136,rebalance,rebalance,0.0
2013-05-08,2013-05-09,VLO,buy,256.3704731624041,23.733831726880126,6084.653669777136,6.084653669777136,rebalance,rebalance,0.0
2013-05-08,2013-05-09,WBA,buy,134.93387079302724,45.093597582406,6084.653669777136,6.084653669777136,rebalance,rebalance,0.0
2013-05-08,2013-05-09,WDC,buy,170.550654528228,35.67651901781508,6084.653669777136,6.084653669777136,rebalance,rebalance,0.0
2013-06-06,2013-06-07,BSX,sell,773.1453314176109,9.25,7151.594315612901,7.1515943156129005,rebalance,rebalance,1053.7043978503752
2013-06-06,2013-06-07,COG,sell,182.51945852070972,34.934921503185,6376.302956224825,6.376302956224825,rebalance,rebalance,17.84877627940226
2013-06-06,2013-06-07,GILD,sell,168.61259456623975,35.60615589322872,6003.646327687302,6.003646327687302,rebalance,rebalance,-93.09564208729884
2013-06-06,2013-06-07,MPC,sell,227.98806903401217,28.311748903777033,6454.740963547937,6.454740963547938,rebalance,rebalance,-377.7987361285117
2013-06-06,2013-06-07,VLO,sell,256.3704731624041,24.553081013658254,6294.684997066407,6.294684997066407,rebalance,rebalance,197.6519886224282
2013-06-06,2013-06-07,AVP,buy,378.38401675482476,21.40410079887309,8098.969635302753,8.098969635302753,rebalance,rebalance,0.0
2013-06-06,2013-06-07,BBY,buy,83.71597963002222,17.415086406064013,1457.9210188251318,1.457921018825132,rebalance,rebalance,0.0
2013-06-06,2013-06-07,BLK,buy,40.89410096940909,198.04738197720016,8098.969635302753,8.098969635302753,rebalance,rebalance,0.0
2013-06-06,2013-06-07,CELG,buy,38.99865108378019,58.465,2280.056135613209,2.2800561356132087,rebalance,rebalance,0.0
2013-06-06,2013-06-07,FSLR,buy,15.328072477794166,53.81999969482422,824.9568560771255,0.8249568560771255,rebalance,rebalance,0.0
2013-06-06,2013-06-07,HES,buy,126.81051621922175,63.866703462525,8098.969635302753,8.098969635302753,rebalance,rebalance,0.0
2013-06-06,2013-06-07,HPQ,buy,146.56287786611574,7.251927808940638,1062.863409755655,1.062863409755655,rebalance,rebalance,0.0
2013-06-06,2013-06-07,LUV,buy,196.0256406094408,11.747559529703782,2302.822882407725,2.302822882407725,rebalance,rebalance,0.0
2013-06-06,2013-06-07,MU,buy,50.71597346047008,12.247723889762,621.155239744335,0.621155239744335,rebalance,rebalance,0.0
2013-06-06,2013-06-07,NFLX,buy,545.5490403594079,3.1234290599823,1703.983726304031,1.7039837263040312,rebalance,rebalance,0.0
2013-06-06,2013-06-07,REGN,buy,32.43433117085962,249.7036116650129,8098.969635302754,8.098969635302755,rebalance,rebalance,0.0
2013-06-06,2013-06-07,STX,buy,320.7154411054695,25.252821028468507,8098.969635302753,8.098969635302753,rebalance,rebalance,0.0
2013-06-06,2013-06-07,SWY,buy,128.00125277656235,19.180650041695237,2455.1472344058134,2.4551472344058136,rebalance,rebalance,0.0
2013-06-06,2013-06-07,WBA,buy,45.293988765107855,44.937390119147,2035.3936431899128,2.035393643189913,rebalance,rebalance,0.0
2013-06-06,2013-06-07,WDC,buy,34.95350461807641,39.41024682394316,1377.5262443602285,1.3775262443602285,rebalance,rebalance,0.0
2013-07-05,2013-07-08,AVP,sell,64.20942647977569,19.580891865114232,1257.27783662149,1.25727783662149,rebalance,rebalance,-119.69882286269186
2013-07-05,2013-07-08,BBY,sell,138.82674572626127,18.857417317466375,2617.9138789859003,2.6179138789859002,rebalance,rebalance,361.45793287737735
2013-07-05,2013-07-08,BLK,sell,40.89410096940909,188.60896946189789,7712.994240911047,7.712994240911048,rebalance,rebalance,-401.7873582679184
2013-07-05,2013-07-08,CELG,sell,138.52680467463873,61.5,8519.398487490282,8.519398487490282,rebalance,rebalance,163.70777106061246
2013-07-05,2013-07-08,FSLR,sell,19.0334092365635,46.79999923706055,890.763537749833,0.890763537749833,rebalance,rebalance,15.053885907547475
2013-07-05,2013-07-08,HES,sell,126.81051621922175,63.84108253125,8095.720631781753,8.095720631781752,rebalance,rebalance,-19.443693788083316
2013-07-05,2013-07-08,HPQ,sell,318.7259065536307,7.708308066680364,2456.837476547363,2.456837476547363,rebalance,rebalance,416.6300110780556
2013-07-05,2013-07-08,LUV,sell,689.4172031922421,11.067661469411249,7630.236216120044,7.6302362161200445,rebalance,rebalance,-773.2580488331217
2013-07-05,2013-07-08,MU,sell,221.9408375705135,14.002970447092244,3107.8309895028005,3.1078309895028005,rebalance,rebalance,913.7983557801933
2013-07-05,2013-07-08,NFLX,sell,695.7698385762044,3.2425711154937744,2256.0831815989663,2.2560831815989664,rebalance,rebalance,394.736548563558
2013-07-05,2013-07-08,REGN,sell,32.43433117085962,232.61487865354334,7544.708009518349,7.54470800951835,rebalance,rebalance,-569.9053034292245
2013-07-05,2013-07-08,STX,sell,85.63249825939585,26.16871562208731,2240.8924949590164,2.2408924949590165,rebalance,rebalance,74.0269875461281
2013-07-05,2013-07-08,SWY,sell,422.246879938744,20.90422793819736,8826.745024432157,8.826745024432157,rebalance,rebalance,-179.14539333294442
2013-07-05,2013-07-08,WBA,sell,180.2278595581351,41.161837005193,7418.509778926772,7.418509778926772,rebalance,rebalance,-717.0760911321698
2013-07-05,2013-07-08,WDC,sell,51.356097604466584,39.908504962111515,2049.545076082538,2.0495450760825378,rebalance,rebalance,180.80986368895475
2013-07-05,2013-07-08,AGN,buy,48.972602963903974,125.61755566631,6151.818678942305,6.1518186789423055,rebalance,rebalance,0.0
2013-07-05,2013-07-08,AIZ,buy,154.52683134940364,39.81068287767001,6151.818678942305,6.1518186789423055,rebalance,rebalance,0.0
2013-07-05,2013-07-08,BIIB,buy,27.53970160475918,223.3800048828125,6151.818678942305,6.1518186789423055,rebalance,rebalance,0.0
2013-07-05,2013-07-08,BMY,buy,214.31584829316887,28.704450594465854,6151.818678942305,6.1518186789423055,rebalance,rebalance,0.0
2013-07-05,2013-07-08,BSX,buy,669.4035864891434,9.1899995803833,6151.818678942304,6.151818678942305,rebalance,rebalance,0.0
2013-07-05,2013-07-08,COG,buy,175.10784518975555,35.131599456757,6151.818678942305,6.1518186789423055,rebalance,rebalance,0.0
2013-07-05,2013-07-08,STZ,buy,144.82837687300514,42.47661136419845,6151.818678942306,6.151818678942306,rebalance,rebalance,0.0
2013-08-02,2013-08-05,AIZ,sell,154.52683134940364,42.48076748987659,6564.418393501389,6.564418393501389,rebalance,rebalance,399.8834774866411
2013-08-02,2013-08-05,AVP,sell,314.17459027504907,20.464590072803475,6429.4542012698685,6.429454201269869,rebalance,rebalance,-308.324476221896
2013-08-02,2013-08-05,BMY,sell,214.31584829316887,28.476419415894053,6102.947983469398,6.102947983469399,rebalance,rebalance,-61.12546213531787
2013-08-02,2013-08-05,BSX,sell,669.4035864891434,11.15999984741211,7470.543923075959,7.47054392307596,rebalance,rebalance,1305.1028815316374
2013-08-02,2013-08-05,AGN,buy,23.769874206993883,134.28219966345,3191.8709942386427,3.1918709942386427,rebalance,rebalance,0.0
2013-08-02,2013-08-05,BA,buy,107.5493299770548,90.82362340667697,9768.019843476459,9.76801984347646,rebalance,rebalance,0.0
2013-08-02,2013-08-05,BBY,buy,171.00567779698497,19.644724582539475,3359.359442372255,3.3593594423722553,rebalance,rebalance,0.0
2013-08-02,2013-08-05,BIIB,buy,15.3024906911902,228.0,3488.967877591366,3.488967877591366,rebalance,rebalance,0.0
2013-08-02,2013-08-05,COG,buy,82.49112035349236,37.919483965616,3128.0207155499534,3.1280207155499533,rebalance,rebalance,0.0
2013-08-02,2013-08-05,CVC,buy,535.7073303118004,18.23387377916059,9768.019843476459,9.76801984347646,rebalance,rebalance,0.0
2013-08-02,2013-08-05,EQT,buy,227.57653568830074,42.92191114489583,9768.019843476459,9.76801984347646,rebalance,rebalance,0.0
2013-08-02,2013-08-05,FSLR,buy,74.36672638000462,47.459999084472656,3529.444765910248,3.529444765910248,rebalance,rebalance,0.0
2013-08-02,2013-08-05,HPQ,buy,419.8629102128666,8.020120409552524,3367.3510954123303,3.3673510954123302,rebalance,rebalance,0.0
2013-08-02,2013-08-05,MU,buy,302.1336851207807,13.174104239109013,3980.3406619273046,3.9803406619273045,rebalance,rebalance,0.0
2013-08-02,2013-08-05,NFLX,buy,906.1306066271288,3.484428882598877,3157.347657138409,3.157347657138409,rebalance,rebalance,0.0
2013-08-02,2013-08-05,REGN,buy,36.078301051977945,270.7450062408341,9768.019843476459,9.76801984347646,rebalance,rebalance,0.0
2013-08-02,2013-08-05,STX,buy,183.82127021703093,23.318027221666984,4286.34938284213,4.28634938284213,rebalance,rebalance,0.0
2013-08-02,2013-08-05,STZ,buy,73.78680149727413,44.68134333715788,3296.89341145042,3.2968934114504203,rebalance,rebalance,0.0
2013-08-02,2013-08-05,WDC,buy,88.58347740248277,40.24207107967586,3564.782594115572,3.564782594115572,rebalance,rebalance,0.0
2013-08-30,2013-09-03,AGN,sell,16.276858979315612,135.24223774772,2201.318831866713,2.201318831866713,rebalance,rebalance,106.282473634831
2013-08-30,2013-09-03,BA,sell,107.5493299770548,89.52535601559023,9628.392055434022,9.628392055434022,rebalance,rebalance,-159.02419994134678
2013-08-30,2013-09-03,BBY,sell,164.5070034875365,22.951376488203202,3775.6621719886075,3.7756621719886074,rebalance,rebalance,907.1054025349476
2013-08-30,2013-09-03,BIIB,sell,42.84219229594938,216.0,9253.913535925067,9.253913535925067,rebalance,rebalance,-405.76772070106165
2013-08-30,2013-09-03,COG,sell,257.5989655432479,39.129680262391,10079.765157629967,10.079765157629968,rebalance,rebalance,780.5661585855853
2013-08-30,2013-09-03,CVC,sell,535.7073303118004,16.7992652198954,8999.489522150046,8.999489522150046,rebalance,rebalance,-787.297830692039
2013-08-30,2013-09-03,EQT,sell,227.57653568830074,43.021295151802605,9790.637311471124,9.790637311471125,rebalance,rebalance,3.0588108397186122
2013-08-30,2013-09-03,FSLR,sell,0.25632348452299425,37.150001525878906,9.522417841147835,0.009522417841147835,rebalance,rebalance,-2.4114254164088633
2013-08-30,2013-09-03,HPQ,sell,1217.9393007419271,6.742894839930905,8212.436626321794,8.212436626321795,rebalance,rebalance,-268.9369279201502
2013-08-30,2013-09-03,MU,sell,173.15102812972668,13.437389611330545,2326.6978265815924,2.3266978265815923,rebalance,rebalance,381.14353394748986
2013-08-30,2013-09-03,NFLX,sell,2803.33454135271,4.106142997741699,11510.892497302868,11.510892497302867,rebalance,rebalance,3269.565298141206
2013-08-30,2013-09-03,REGN,sell,4.741253281181091,243.69036342837867,1155.397735197013,1.155397735197013,rebalance,rebalance,-130.71198239013626
2013-08-30,2013-09-03,STX,sell,418.9042130631046,22.261507031836928,9325.439084770418,9.325439084770418,rebalance,rebalance,-916.9660765594523
2013-08-30,2013-09-03,STZ,sell,218.61517837027927,46.274109657507424,10116.222736701848,10.116222736701848,rebalance,rebalance,647.9457114820281
2013-08-30,2013-09-03,WDC,sell,242.7315389443206,38.716398160013256,9397.69090776108,9.39769090776108,rebalance,rebalance,216.98941340962918
2013-08-30,2013-09-03,BSX,buy,709.056289271842,10.770000457763672,7636.536560037949,7.636536560037949,rebalance,rebalance,0.0
2013-08-30,2013-09-03,GILD,buy,182.7064996786923,41.796742718335494,7636.536560037948,7.636536560037948,rebalance,rebalance,0.0
2013-08-30,2013-09-03,HAR,buy,123.00784468622508,62.08170364676847,7636.536560037949,7.636536560037949,rebalance,rebalance,0.0
2013-08-30,2013-09-03,LDOS,buy,356.4784536041217,21.422154643092444,7636.53656003795,7.63653656003795,rebalance,rebalance,0.0
2013-08-30,2013-09-03,LMT,buy,88.41511461275799,86.37139241954931,7636.536560037949,7.636536560037949,rebalance,rebalance,0.0
2013-08-30,2013-09-03,MET,buy,278.9243861602705,27.378518835029293,7636.53656003795,7.63653656003795,rebalance,rebalance,0.0
2013-08-30,2013-09-03,NOC,buy,101.70170317076808,75.08759757164916,7636.536560037949,7.636536560037949,rebalance,rebalance,0.0
2013-08-30,2013-09-03,PFG,buy,292.7288977260952,26.087402437402723,7636.536560037949,7.636536560037949,rebalance,rebalance,0.0
2013-08-30,2013-09-03,PRU,buy,173.49296805053453,44.01640392602887,7636.53656003795,7.63653656003795,rebalance,rebalance,0.0
2013-08-30,2013-09-03,PXD,buy,43.21754668077873,176.69990886906,7636.536560037949,7.636536560037949,rebalance,rebalance,0.0
2013-09-30,2013-10-01,GILD,sell,182.7064996786923,43.25173304141316,7902.372749033839,7.902372749033839,rebalance,rebalance,250.29727968681877
2013-09-30,2013-10-01,LDOS,sell,356.4784536041217,25.663341612624727,9148.42833238277,9.14842833238277,rebalance,rebalance,1495.1068074523992
2013-09-30,2013-10-01,LMT,sell,88.41511461275799,89.46629991167929,7910.173160670504,7.910173160670505,rebalance,rebalance,258.08989091184793
2013-09-30,2013-10-01,MET,sell,278.9243861602705,27.442804607492057,7654.4674296609655,7.654467429660966,rebalance,rebalance,2.6398656333174424
2013-09-30,2013-10-01,PFG,sell,292.7288977260952,27.2076089143932,7964.453367273004,7.964453367273004,rebalance,rebalance,312.3158173077448
2013-09-30,2013-10-01,PRU,sell,173.49296805053453,45.13390082773563,7830.414414302331,7.830414414302331,rebalance,rebalance,178.41090329004274
2013-09-30,2013-10-01,REGN,sell,31.337047770796854,313.62043219679214,9827.938465648831,9.827938465648831,rebalance,rebalance,1325.276983715199
2013-09-30,2013-10-01,AGN,buy,15.279192026270785,142.48523731103,2177.05930178399,2.17705930178399,rebalance,rebalance,0.0
2013-09-30,2013-10-01,AKAM,buy,197.57587897373494,51.7400016784668,10222.576309725599,10.222576309725598,rebalance,rebalance,0.0
2013-09-30,2013-10-01,BBY,buy,97.43381827257747,23.764560080382445,2315.471828199732,2.315471828199732,rebalance,rebalance,0.0
2013-09-30,2013-10-01,BKNG,buy,258.9166292988627,39.4821156810514,10222.576309725599,10.222576309725598,rebalance,rebalance,0.0
2013-09-30,2013-10-01,BSX,buy,158.73458861022607,11.779999732971191,1869.893411441755,1.8698934114417551,rebalance,rebalance,0.0
2013-09-30,2013-10-01,DAL,buy,502.06524035594197,20.3610516881795,10222.576309725599,10.222576309725598,rebalance,rebalance,0.0
2013-09-30,2013-10-01,ETFC,buy,619.174821909485,16.51,10222.576309725599,10.222576309725598,rebalance,rebalance,0.0
2013-09-30,2013-10-01,FSLR,buy,48.03948462451967,40.310001373291016,1936.4716911865808,1.9364716911865807,rebalance,rebalance,0.0
2013-09-30,2013-10-01,HAR,buy,39.21449314768158,63.015836451525615,2471.1340867237745,2.4711340867237745,rebalance,rebalance,0.0
2013-09-30,2013-10-01,MU,buy,29.369908144562714,17.10390561761692,502.34013690267915,0.5023401369026792,rebalance,rebalance,0.0
2013-09-30,2013-10-01,NFLX,buy,2273.3436122391595,4.496714115142822,10222.576309725599,10.222576309725598,rebalance,rebalance,0.0
2013-09-30,2013-10-01,NOC,buy,31.923111685382437,76.50208025156392,2442.1844520347654,2.4421844520347653,rebalance,rebalance,0.0
2013-09-30,2013-10-01,PXD,buy,10.880728718215934,188.96307200794,2056.0559242790982,2.0560559242790983,rebalance,rebalance,0.0
2013-09-30,2013-10-01,RTN,buy,145.09912726838212,70.452362479186,10222.576309725597,10.222576309725596,rebalance,rebalance,0.0
2013-09-30,2013-10-01,VRTX,buy,134.47220154090832,76.0199966430664,10222.576309725599,10.222576309725598,rebalance,rebalance,0.0
2013-10-28,2013-10-29,AGN,sell,20.250775102753245,151.36088021853,3065.175144660224,3.065175144660224,rebalance,rebalance,397.72395590285436
2013-10-28,2013-10-29,AKAM,sell,197.57587897373494,46.08000183105469,9104.296864881946,9.104296864881945,rebalance,rebalance,-1137.6063180182596
2013-10-28,2013-10-29,BBY,sell,141.39502248264301,26.99138800536869,3816.447913856847,3.8164479138568472,rebalance,rebalance,1146.1921296499295
2013-10-28,2013-10-29,BKNG,sell,72.14351247821597,41.73075126496895,3010.602974609614,3.0106029746096143,rebalance,rebalance,156.365487827405
2013-10-28,2013-10-29,BSX,sell,197.61182333954957,11.630000114440918,2298.22552805384,2.29822552805384,rebalance,rebalance,128.97488230281954
2013-10-28,2013-10-29,DAL,sell,157.92434893954186,22.6482312199124,3576.7071700368715,3.5767071700368716,rebalance,rebalance,354.4091254551479
2013-10-28,2013-10-29,ETFC,sell,168.1225949982931,17.28,2905.1584415705047,2.9051584415705047,rebalance,rebalance,123.77353566369385
2013-10-28,2013-10-29,FSLR,sell,253.59900673431807,51.7400016784668,13121.21303409113,13.12121303409113,rebalance,rebalance,1606.932520267247
2013-10-28,2013-10-29,HAR,sell,49.313093492376595,69.0305078780742,3404.107888817712,3.404107888817712,rebalance,rebalance,325.05492292544227
2013-10-28,2013-10-29,MU,sell,128.05644694943823,16.596837787691037,2125.332077687889,2.1253320776878892,rebalance,rebalance,648.9472965316758
2013-10-28,2013-10-29,NFLX,sell,560.7129204138023,4.551000118255615,2551.8045671106656,2.5518045671106657,rebalance,rebalance,25.36569307208865
2013-10-28,2013-10-29,NOC,sell,133.62481485615052,86.70877493703298,11586.443997364657,11.586443997364658,rebalance,rebalance,1486.057820282505
2013-10-28,2013-10-29,PXD,sell,16.838114735378483,209.18273947853,3522.2429680002742,3.5222429680002745,rebalance,rebalance,498.8797390926793
2013-10-28,2013-10-29,RTN,sell,145.09912726838212,74.040256538317,10743.176606436919,10.743176606436919,rebalance,rebalance,499.6345437951608
2013-10-28,2013-10-29,VRTX,sell,134.47220154090832,76.08000183105469,10230.64533945826,10.230645339458261,rebalance,rebalance,-12.384191916522054
2013-10-28,2013-10-29,CHK,buy,316.2505974862277,24.64558974110657,7794.182481025397,7.794182481025397,rebalance,rebalance,0.0
2013-10-28,2013-10-29,EOG,buy,120.09876016535932,64.89810944171188,7794.182481025397,7.794182481025397,rebalance,rebalance,0.0
2013-10-28,2013-10-29,REGN,buy,26.09963558132809,298.63185088306074,7794.182481025397,7.794182481025397,rebalance,rebalance,0.0
2013-10-28,2013-10-29,SWY,buy,249.64755578916353,31.220744206315675,7794.182481025397,7.794182481025397,rebalance,rebalance,0.0
2013-10-28,2013-10-29,TGNA,buy,378.3572729785732,20.600059884316774,7794.182481025397,7.794182481025397,rebalance,rebalance,0.0
2013-11-25,2013-11-26,AGN,sell,51.494035115099784,161.33486201105,8307.783049686786,8.307783049686787,rebalance,rebalance,1524.4265957099215
2013-11-25,2013-11-26,BSX,sell,670.1790545425185,11.869999885559082,7955.025300723789,7.955025300723789,rebalance,rebalance,598.086294194848
2013-11-25,2013-11-26,CHK,sell,316.2505974862277,22.834523468216872,7221.431690136875,7.221431690136875,rebalance,rebalance,-587.7664050596841
2013-11-25,2013-11-26,DAL,sell,4.8524920840408186,25.146693292317927,122.02413014077509,0.1220241301407751,rebalance,rebalance,23.00146202885772
2013-11-25,2013-11-26,HAR,sell,1.9797510262403932,76.9135516683762,152.2696828472613,0.1522696828472613,rebalance,rebalance,28.64069426969003
2013-11-25,2013-11-26,MU,sell,30.606014888839525,19.43448334552204,594.8120866299513,0.5948120866299513,rebalance,rebalance,241.86323284227882
2013-11-25,2013-11-26,NFLX,sell,8.668715804343037,5.007143020629883,43.4054998375402,0.0434054998375402,rebalance,rebalance,4.3423768834341105
2013-11-25,2013-11-26,REGN,sell,26.09963558132809,293.0842705078725,7649.392654874856,7.649392654874856,rebalance,rebalance,-160.23340128644105
2013-11-25,2013-11-26,TGNA,sell,378.3572729785732,19.810043832676698,7495.274162117557,7.495274162117558,rebalance,rebalance,-314.19777555098176
2013-11-25,2013-11-26,AMZN,buy,451.89380350594575,18.88050079345703,8531.981315652325,8.531981315652326,rebalance,rebalance,0.0
2013-11-25,2013-11-26,BBY,buy,49.03101189521112,25.25775205019658,1238.4131412194815,1.2384131412194817,rebalance,rebalance,0.0
2013-11-25,2013-11-26,BKNG,buy,0.5354117262089062,45.55041557287143,24.388226631404134,0.024388226631404133,rebalance,rebalance,0.0
2013-11-25,2013-11-26,CMG,buy,801.6368553873614,10.643199920654297,8531.981315652325,8.531981315652326,rebalance,rebalance,0.0
2013-11-25,2013-11-26,EOG,buy,21.86414156650062,60.10007693254653,1314.0365902107758,1.3140365902107758,rebalance,rebalance,0.0
2013-11-25,2013-11-26,ETFC,buy,30.980615781029883,17.7,548.356899324229,0.5483568993242289,rebalance,rebalance,0.0
2013-11-25,2013-11-26,FDX,buy,91.82466873809965,92.91600430366985,8531.981315652325,8.531981315652326,rebalance,rebalance,0.0
2013-11-25,2013-11-26,GRMN,buy,259.91029593814517,32.8266384556109,8531.981315652325,8.531981315652326,rebalance,rebalance,0.0
2013-11-25,2013-11-26,MCK,buy,56.72031592090987,150.4219639317457,8531.981315652325,8.531981315652326,rebalance,rebalance,0.0
2013-11-25,2013-11-26,PXD,buy,9.753698829044914,181.47800260866,1770.081781541497,1.770081781541497,rebalance,rebalance,0.0
2013-11-25,2013-11-26,SWY,buy,38.09777885545154,29.65115429652369,1129.6431191978313,1.1296431191978313,rebalance,rebalance,0.0
2013-12-24,2013-12-26,AMZN,sell,451.89380350594575,20.089500427246094,9078.32075860256,9.07832075860256,rebalance,rebalance,528.7291408759814
2013-12-24,2013-12-26,BKNG,sell,187.30852854685563,46.34356089832574,8680.544199486989,8.68054419948699,rebalance,rebalance,1265.8790382017437
2013-12-24,2013-12-26,EOG,sell,141.96290173185994,59.78423333544535,8487.143242114415,8.487143242114415,rebalance,rebalance,-638.6711914351067
2013-12-24,2013-12-26,FDX,sell,91.82466873809965,96.64026637906463,8873.960447019317,8.873960447019318,rebalance,rebalance,324.573189604322
2013-12-24,2013-12-26,GRMN,sell,259.91029593814517,32.007941531777256,8319.193555895074,8.319193555895074,rebalance,rebalance,-229.63893462879813
2013-12-24,2013-12-26,PXD,sell,47.0138594926611,184.02292620442,8651.627996002944,8.651627996002944,rebalance,rebalance,188.6804138221347
2013-12-24,2013-12-26,BBY,buy,98.73375071917064,25.564700602236545,2524.0987764714546,2.5240987764714546,rebalance,rebalance,0.0
2013-12-24,2013-12-26,CMG,buy,246.05143097625603,10.651800155639648,2620.890670768242,2.6208906707682424,rebalance,rebalance,0.0
2013-12-24,2013-12-26,CRM,buy,206.86655919316888,53.946690539426406,11159.766251749816,11.159766251749815,rebalance,rebalance,0.0
2013-12-24,2013-12-26,CTSH,buy,259.92806579642,42.934056457336666,11159.766251749817,11.159766251749817,rebalance,rebalance,0.0
2013-12-24,2013-12-26,DAL,buy,125.52465055246626,24.009150032502436,3013.740167891602,3.0137401678916023,rebalance,rebalance,0.0
2013-12-24,2013-12-26,ETFC,buy,91.7340597113677,19.45,1784.2274613861018,1.7842274613861018,rebalance,rebalance,0.0
2013-12-24,2013-12-26,GILD,buy,216.89147725151236,51.45322625475363,11159.766251749816,11.159766251749815,rebalance,rebalance,0.0
2013-12-24,2013-12-26,HAR,buy,27.78118896064845,80.45354596086273,2235.0951628929424,2.2350951628929425,rebalance,rebalance,0.0
2013-12-24,2013-12-26,LUV,buy,681.2168791860004,16.382104719843177,11159.766251749816,11.159766251749815,rebalance,rebalance,0.0
2013-12-24,2013-12-26,MCK,buy,19.419495070841663,146.56939787989214,2846.3036996647957,2.8463036996647957,rebalance,rebalance,0.0
2013-12-24,2013-12-26,MU,buy,85.23402945067119,21.28724828915656,1814.3979476017203,1.8143979476017202,rebalance,rebalance,0.0
2013-12-24,2013-12-26,NFLX,buy,362.0604221334236,5.401570796966553,1955.6950029332834,1.9556950029332834,rebalance,rebalance,0.0
2013-12-24,2013-12-26,OKE,buy,452.17479344843224,24.680204233946355,11159.766251749816,11.159766251749815,rebalance,rebalance,0.0
2013-12-24,2013-12-26,SWY,buy,102.53783455894848,28.59402385842858,2931.9692877701755,2.9319692877701757,rebalance,rebalance,0.0
2013-12-24,2013-12-26,X,buy,393.11280842619743,28.388203112555,11159.766251749816,11.159766251749815,rebalance,rebalance,0.0
2014-01-24,2014-01-27,CMG,sell,1047.6882863636174,9.847200393676758,10316.79650593034,10.316796505930341,rebalance,rebalance,-857.5451489825757
2014-01-24,2014-01-27,CRM,sell,206.86655919316888,57.514961019777566,11897.922088290617,11.897922088290617,rebalance,rebalance,715.0981482007613
2014-01-24,2014-01-27,CTSH,sell,51.6504394981323,42.333213767750834,2186.529096472716,2.186529096472716,rebalance,rebalance,-35.437880968279735
2014-01-24,2014-01-27,DAL,sell,464.81304988482555,26.904720811284193,12505.665336592743,12.505665336592743,rebalance,rebalance,2561.2288585547967
2014-01-24,2014-01-27,ETFC,sell,573.7669024035895,21.3,12221.235021196457,12.221235021196456,rebalance,rebalance,2419.7777025341375
2014-01-24,2014-01-27,GILD,sell,216.89147725151236,55.427009365835495,12021.645940989472,12.021645940989472,rebalance,rebalance,838.6982770469176
2014-01-24,2014-01-27,HAR,sell,35.708699717468775,85.60088901318096,3056.696441320051,3.056696441320051,rebalance,rebalance,696.5880589556
2014-01-24,2014-01-27,LUV,sell,192.07320937127673,18.02550420506277,3462.216443201851,3.462216443201851,rebalance,rebalance,309.0442335322331
2014-01-24,2014-01-27,MCK,sell,20.44894783165617,158.32150512335565,3237.508198896785,3.237508198896785,rebalance,rebalance,175.33703148696137
2014-01-24,2014-01-27,MU,sell,132.8237014958401,22.52566897057129,2991.942731341269,2.9919427313412688,rebalance,rebalance,1248.264284627657
2014-01-24,2014-01-27,NFLX,sell,472.81070787711224,5.534142971038818,2616.6020556300086,2.6166020556300085,rebalance,rebalance,410.71537816053393
2014-01-24,2014-01-27,OKE,sell,452.17479344843224,26.86851388475992,12149.264716107651,12.149264716107652,rebalance,rebalance,966.1894333899777
2014-01-24,2014-01-27,SWY,sell,390.28316920356355,27.018330837558704,10544.799785872783,10.544799785872783,rebalance,rebalance,-1333.395696794487
2014-01-24,2014-01-27,X,sell,30.881736684208647,24.340985533691,751.6919058855774,0.7516919058855774,rebalance,rebalance,-126.61347649352375
2014-01-24,2014-01-27,BBY,buy,117.72114949811237,15.908052909671047,1872.7142748032668,1.8727142748032668,rebalance,rebalance,0.0
2014-01-24,2014-01-27,CAH,buy,186.46936279593493,47.28423557050601,8817.061277125136,8.817061277125136,rebalance,rebalance,0.0
2014-01-24,2014-01-27,FDX,buy,96.62779876294321,91.24766775196872,8817.061277125136,8.817061277125136,rebalance,rebalance,0.0
2014-01-24,2014-01-27,MA,buy,120.57011283165124,73.128083486462,8817.061277125136,8.817061277125136,rebalance,rebalance,0.0
2014-01-24,2014-01-27,NLSN,buy,226.0823231006631,38.999339515807,8817.061277125136,8.817061277125136,rebalance,rebalance,0.0
2014-01-24,2014-01-27,STZ,buy,138.3738837787235,63.71911401449625,8817.061277125136,8.817061277125136,rebalance,rebalance,0.0
2014-01-24,2014-01-27,VLO,buy,283.73882963704955,31.074567017858165,8817.061277125136,8.817061277125136,rebalance,rebalance,0.0
2014-01-24,2014-01-27,WYNN,buy,54.81671446979337,160.8462193038541,8817.061277125136,8.817061277125136,rebalance,rebalance,0.0
2014-02-24,2014-02-25,BBY,sell,554.2514427875044,15.933458456975035,8831.142338373176,8.831142338373176,rebalance,rebalance,-2264.1151119810525
2014-02-24,2014-02-25,CAH,sell,186.46936279593493,51.78577005324769,9656.459543725905,9.656459543725905,rebalance,rebalance,820.9247457799187
2014-02-24,2014-02-25,CTSH,sell,208.27762629828771,45.25035434047105,9424.63639118973,9.424636391189729,rebalance,rebalance,464.0661851414979
2014-02-24,2014-02-25,FDX,sell,96.62779876294321,91.35602463850256,8827.531564551708,8.827531564551707,rebalance,rebalance,-7.174305415104761
2014-02-24,2014-02-25,HAR,sell,103.00198255846935,102.8049984940655,10589.118661809203,10.589118661809204,rebalance,rebalance,3779.5982305043817
2014-02-24,2014-02-25,LUV,sell,83.35567454276014,19.184533499811423,1599.13973066496,1.5991397306649602,rebalance,rebalance,230.6336601922799
2014-02-24,2014-02-25,MA,sell,120.57011283165124,70.39560290760072,8487.605785421534,8.487605785421534,rebalance,rebalance,-346.7601587661463
2014-02-24,2014-02-25,MCK,sell,55.69086316009536,161.1340448766633,8973.694043658921,8.973694043658922,rebalance,rebalance,633.9907084937515
2014-02-24,2014-02-25,MU,sell,69.51382967713079,24.183397130758838,1681.0805491619833,1.6810805491619834,rebalance,rebalance,768.4040378546033
2014-02-24,2014-02-25,NFLX,sell,382.23445791886,6.4285712242126465,2457.2214370797033,2.457221437079703,rebalance,rebalance,673.5741349316273
2014-02-24,2014-02-25,NLSN,sell,226.0823231006631,42.201181682345,9540.941192337708,9.540941192337709,rebalance,rebalance,705.521912743109
2014-02-24,2014-02-25,STZ,sell,138.3738837787235,67.97767363020941,9406.334710454594,9.406334710454594,rebalance,rebalance,571.0500373418795
2014-02-24,2014-02-25,VLO,sell,42.4200394519483,32.259623807764854,1368.4545146303956,1.3684545146303957,rebalance,rebalance,47.583516907161
2014-02-24,2014-02-25,WYNN,sell,15.163927438850067,196.3255037544106,2977.0656933275686,2.9770656933275688,rebalance,rebalance,532.5891688988959
2014-02-24,2014-02-25,X,sell,26.17390203748596,23.165264993339,606.3253766080578,0.6063253766080579,rebalance,rebalance,-138.05402610410698
2014-02-24,2014-02-25,ADSK,buy,142.97251203006306,54.45000076293945,7784.853389116303,7.784853389116304,rebalance,rebalance,0.0
2014-02-24,2014-02-25,ARNC,buy,306.41521393436324,25.406223435054,7784.853389116304,7.7848533891163045,rebalance,rebalance,0.0
2014-02-24,2014-02-25,BIIB,buy,22.466460332219206,346.510009765625,7784.853389116304,7.7848533891163045,rebalance,rebalance,0.0
2014-02-24,2014-02-25,DAL,buy,276.39309023837467,28.16587557381508,7784.853389116304,7.7848533891163045,rebalance,rebalance,0.0
2014-02-24,2014-02-25,ETFC,buy,342.34183769200985,22.74,7784.853389116303,7.784853389116304,rebalance,rebalance,0.0
2014-02-24,2014-02-25,EXPE,buy,105.16190807451568,74.02731209099123,7784.853389116303,7.784853389116304,rebalance,rebalance,0.0
2014-02-24,2014-02-25,FRX,buy,79.09828682296589,98.42,7784.853389116303,7.784853389116304,rebalance,rebalance,0.0
2014-02-24,2014-02-25,STX,buy,258.58938167521956,30.105077550685525,7784.853389116303,7.784853389116304,rebalance,rebalance,0.0
2014-02-24,2014-02-25,XYL,buy,231.63438159959625,33.608367356160535,7784.853389116303,7.784853389116304,rebalance,rebalance,0.0
2014-03-24,2014-03-25,ADSK,sell,142.97251203006306,49.869998931884766,7130.039022228127,7.130039022228127,rebalance,rebalance,-669.7292592995208
2014-03-24,2014-03-25,BIIB,sell,22.466460332219206,316.0,7099.401464981269,7.099401464981269,rebalance,rebalance,-700.3361789891319
2014-03-24,2014-03-25,DAL,sell,276.39309023837467,28.89117203443646,7985.320319206404,7.985320319206404,rebalance,rebalance,184.69675638177776
2014-03-24,2014-03-25,ETFC,sell,342.34183769200985,24.33,8329.1769110466,8.3291769110466,rebalance,rebalance,528.2094916301331
2014-03-24,2014-03-25,NFLX,sell,1210.9772323584655,5.414286136627197,6556.577240929611,6.556577240929611,rebalance,rebalance,906.9380227677175
2014-03-24,2014-03-25,STX,sell,258.58938167521956,31.11617860319171,8046.313385095041,8.046313385095042,rebalance,rebalance,245.62882920452722
2014-03-24,2014-03-25,X,sell,336.0571697045028,26.671359154493,8963.1014696312,8.9631014696312,rebalance,rebalance,-595.460882031224
2014-03-24,2014-03-25,AGN,buy,56.81036744136438,205.64325579687,11682.66892365867,11.682668923658671,rebalance,rebalance,0.0
2014-03-24,2014-03-25,ALXN,buy,78.00406572516972,149.77,11682.66892365867,11.682668923658671,rebalance,rebalance,0.0
2014-03-24,2014-03-25,ARNC,buy,141.21845559777603,26.098726969911,3685.621915758856,3.685621915758856,rebalance,rebalance,0.0
2014-03-24,2014-03-25,EXPE,buy,68.1894973733067,67.39298648014179,4595.4938745669215,4.595493874566921,rebalance,rebalance,0.0
2014-03-24,2014-03-25,FRX,buy,46.71119975530969,92.86,4337.602009278058,4.337602009278058,rebalance,rebalance,0.0
2014-03-24,2014-03-25,FSLR,buy,157.8739043737658,74.0,11682.66892365867,11.682668923658671,rebalance,rebalance,0.0
2014-03-24,2014-03-25,GMCR,buy,111.33774253897577,104.9299963987409,11682.66892365867,11.682668923658671,rebalance,rebalance,0.0
2014-03-24,2014-03-25,HAR,buy,111.64873592975063,104.63771780640135,11682.66892365867,11.682668923658671,rebalance,rebalance,0.0
2014-03-24,2014-03-25,HPQ,buy,1204.501255051104,9.699175384556161,11682.66892365867,11.682668923658671,rebalance,rebalance,0.0
2014-03-24,2014-03-25,LUV,buy,167.93813307959113,20.362797415599022,3419.690182253623,3.419690182253623,rebalance,rebalance,0.0
2014-03-24,2014-03-25,MU,buy,184.8820704565589,23.052238707439237,4261.945620890195,4.261945620890195,rebalance,rebalance,0.0
2014-03-24,2014-03-25,STZ,buy,169.74611937365103,68.8243652742504,11682.66892365867,11.682668923658671,rebalance,rebalance,0.0
2014-03-24,2014-03-25,VLO,buy,99.18583903611727,34.309868122435105,3403.0530569422594,3.4030530569422597,rebalance,rebalance,0.0
2014-03-24,2014-03-25,WYNN,buy,22.911221923472382,186.731463007281,4278.245989054489,4.278245989054489,rebalance,rebalance,0.0
2014-03-24,2014-03-25,XYL,buy,149.60807795516902,30.64367210646552,4584.540885336732,4.5845408853367315,rebalance,rebalance,0.0
2014-04-22,2014-04-23,AGN,sell,26.76791904536629,203.50485105722,5447.40137843899,5.44740137843899,rebalance,rebalance,-68.19268835901283
2014-04-22,2014-04-23,ALXN,sell,38.805604570961805,155.97,6052.510144932912,6.052510144932913,rebalance,rebalance,228.7303227984373
2014-04-22,2014-04-23,ARNC,sell,238.5198547438202,29.23663361223,6973.517602387391,6.973517602387391,rebalance,rebalance,848.4340629732295
2014-04-22,2014-04-23,EXPE,sell,83.9429541784425,68.38038126621286,5740.051211334135,5.740051211334134,rebalance,rebalance,-266.69104291242866
2014-04-22,2014-04-23,FRX,sell,59.40583733072688,92.07,5469.495443040024,5.469495443040024,rebalance,rebalance,-265.7864669139756
2014-04-22,2014-04-23,FSLR,sell,71.9820251940849,71.18000030517578,5123.680575282134,5.123680575282134,rebalance,rebalance,-213.4396395197929
2014-04-22,2014-04-23,GMCR,sell,47.86258432143667,96.31774315975603,4610.016103634303,4.610016103634304,rebalance,rebalance,-421.8369337525953
2014-04-22,2014-04-23,HAR,sell,53.86182053552698,105.79875988384975,5698.513817745227,5.698513817745227,rebalance,rebalance,51.20134821424136
2014-04-22,2014-04-23,HPQ,sell,574.5568466960607,9.70527542610715,5576.23244514089,5.5762324451408904,rebalance,rebalance,-7.644139431391627
2014-04-22,2014-04-23,LUV,sell,284.3204573449364,21.12530817021204,6006.357280507409,6.006357280507409,rebalance,rebalance,1006.301972318177
2014-04-22,2014-04-23,MU,sell,267.39948403392583,25.538841460982386,6829.073029490923,6.829073029490923,rebalance,rebalance,2345.3330065439236
2014-04-22,2014-04-23,STZ,sell,169.74611937365103,67.78486146558528,11506.217186063637,11.506217186063637,rebalance,rebalance,-199.64062370475415
2014-04-22,2014-04-23,VLO,sell,168.28299968464458,35.49951305578288,5973.964544371346,5.973964544371347,rebalance,rebalance,574.6891957595911
2014-04-22,2014-04-23,WYNN,sell,62.564008954415684,179.64994468858853,11239.620748157135,11.239620748157135,rebalance,rebalance,561.4780126985206
2014-04-22,2014-04-23,XYL,sell,381.2424595547653,30.336985433208604,11565.746942033535,11.565746942033535,rebalance,rebalance,-827.5824736359878
2014-04-22,2014-04-23,ETFC,buy,277.01785166387896,22.07,6113.783986221809,6.113783986221809,rebalance,rebalance,0.0
2014-04-22,2014-04-23,TSN,buy,188.18880268823347,32.48750137568134,6113.783986221809,6.113783986221809,rebalance,rebalance,0.0
2014-04-22,2014-04-23,TXT,buy,155.22975973297048,39.38538587406738,6113.783986221809,6.113783986221809,rebalance,rebalance,0.0
2014-05-20,2014-05-21,AGN,sell,30.042448395998086,204.34590367767,6139.051266169997,6.1390512661699965,rebalance,rebalance,-51.29271225893601
2014-05-20,2014-05-21,ALXN,sell,39.19846115420792,156.68,6141.614893641297,6.1416148936412975,rebalance,rebalance,258.84899815487
2014-05-20,2014-05-21,ETFC,sell,277.01785166387896,19.91,5515.42542662783,5.51542542662783,rebalance,rebalance,-609.9877690068271
2014-05-20,2014-05-21,EXPE,sell,89.40845126937987,65.74425380303845,5878.091912390705,5.878091912390706,rebalance,rebalance,-519.5115874333615
2014-05-20,2014-05-21,FSLR,sell,85.89187917968091,59.209999084472656,5085.658087592543,5.085658087592543,rebalance,rebalance,-1281.7826288507333
2014-05-20,2014-05-21,ARNC,buy,198.60344747151413,28.695370789605,5698.999565288937,5.698999565288937,rebalance,rebalance,0.0
2014-05-20,2014-05-21,AVGO,buy,2328.7000154266084,5.024089809921361,11699.59801786854,11.69959801786854,rebalance,rebalance,0.0
2014-05-20,2014-05-21,EXC,buy,748.0404833939284,15.640327331999984,11699.598017868539,11.699598017868539,rebalance,rebalance,0.0
2014-05-20,2014-05-21,FFIV,buy,110.37356620630696,106.0,11699.598017868539,11.699598017868539,rebalance,rebalance,0.0
2014-05-20,2014-05-21,FRX,buy,60.174280189523,92.43,5561.908717917611,5.561908717917611,rebalance,rebalance,0.0
2014-05-20,2014-05-21,GMCR,buy,41.17289686778847,111.79947881811049,4603.108411250564,4.603108411250564,rebalance,rebalance,0.0
2014-05-20,2014-05-21,HAR,buy,59.17080962944939,100.03270853208252,5919.016353270053,5.919016353270052,rebalance,rebalance,0.0
2014-05-20,2014-05-21,HPQ,buy,533.8749885733265,10.052760805282077,5366.917560050353,5.366917560050354,rebalance,rebalance,0.0
2014-05-20,2014-05-21,JNPR,buy,504.6183808166325,23.185041335464,11699.598017868539,11.699598017868539,rebalance,rebalance,0.0
2014-05-20,2014-05-21,LUV,buy,250.8946551619079,21.65387924311431,5432.84256561876,5.43284256561876,rebalance,rebalance,0.0
2014-05-20,2014-05-21,MU,buy,206.13016924635053,26.26044104353043,5413.069156786738,5.413069156786738,rebalance,rebalance,0.0
2014-05-20,2014-05-21,SWN,buy,258.49752580354703,45.26,11699.598017868539,11.699598017868539,rebalance,rebalance,0.0
2014-05-20,2014-05-21,TSN,buy,194.16836699229867,30.59861026705426,5941.2821877877095,5.94128218778771,rebalance,rebalance,0.0
2014-05-20,2014-05-21,TXT,buy,156.5993988803076,37.51925596021012,5875.492929805303,5.875492929805303,rebalance,rebalance,0.0
2014-05-20,2014-05-21,VLO,buy,161.14228021798485,35.09557476237436,5655.380942769766,5.655380942769766,rebalance,rebalance,0.0
2014-06-18,2014-06-19,ARNC,sell,21.75743028774997,31.905434944452,694.1802766042562,0.6941802766042562,rebalance,rebalance,102.82465955088985
2014-06-18,2014-06-19,AVGO,sell,11.581052304655259,5.314451483132078,61.54694059670531,0.06154694059670531,rebalance,rebalance,3.2429625372518487
2014-06-18,2014-06-19,EXC,sell,748.0404833939284,17.02780761780101,12737.489441558684,12.737489441558685,rebalance,rebalance,1013.45433623072
2014-06-18,2014-06-19,FFIV,sell,1.3692626115912532,112.97000122070312,154.685598902927,0.15468559890292702,rebalance,rebalance,9.24393463852259
2014-06-18,2014-06-19,FRX,sell,0.20050425073212352,97.44,19.537134191338115,0.019537134191338117,rebalance,rebalance,0.5531201324530336
2014-06-18,2014-06-19,GMCR,sell,3.5196377510407473,121.76811063354678,428.5796390587375,0.42857963905873747,rebalance,rebalance,48.94398867209769
2014-06-18,2014-06-19,HPQ,sell,1163.8193969283698,10.624226139588492,12364.6804586065,12.364680458606502,rebalance,rebalance,863.9800600823053
2014-06-18,2014-06-19,JNPR,sell,504.6183808166325,23.850458675965,12035.379838799463,12.035379838799463,rebalance,rebalance,312.04684307425765
2014-06-18,2014-06-19,LUV,sell,10.633419180987289,23.248981855773437,247.21616960360672,0.24721616960360673,rebalance,rebalance,39.89695875692305
2014-06-18,2014-06-19,MU,sell,445.5217640280597,31.292154547979006,13941.335894454278,13.941335894454278,rebalance,rebalance,4500.920859227838
2014-06-18,2014-06-19,SWN,sell,258.49752580354703,47.1,12175.233465347066,12.175233465347066,rebalance,rebalance,451.76061599531397
2014-06-18,2014-06-19,TSN,sell,382.35716968053214,27.2085980786234,10403.402552317608,10.403402552317608,rebalance,rebalance,-1674.1220904182383
2014-06-18,2014-06-19,TXT,sell,311.8291586132781,38.962527345709866,12149.652119659546,12.149652119659546,rebalance,rebalance,136.23627459674793
2014-06-18,2014-06-19,VLO,sell,333.3639097545588,35.51509978441018,11839.452519454266,11.839452519454266,rebalance,rebalance,647.0462220968017
2014-06-18,2014-06-19,AGN,buy,57.35972799058232,214.68400812812,12314.216310156928,12.314216310156928,rebalance,rebalance,0.0
2014-06-18,2014-06-19,ALXN,buy,76.52859555128288,160.91,12314.216310156928,12.314216310156928,rebalance,rebalance,0.0
2014-06-18,2014-06-19,DAL,buy,357.491160661994,34.44621200522481,12314.216310156928,12.314216310156928,rebalance,rebalance,0.0
2014-06-18,2014-06-19,DTV,buy,146.12811570139942,84.27,12314.21631015693,12.31421631015693,rebalance,rebalance,0.0
2014-06-18,2014-06-19,EOG,buy,152.98032383659051,80.49542582555024,12314.216310156928,12.314216310156928,rebalance,rebalance,0.0
2014-06-18,2014-06-19,EW,buy,893.4135500293029,13.783332824707031,12314.216310156928,12.314216310156928,rebalance,rebalance,0.0
2014-06-18,2014-06-19,FTR,buy,2733.2850870940742,4.505280612074366,12314.216310156928,12.314216310156928,rebalance,rebalance,0.0
2014-06-18,2014-06-19,HAR,buy,5.367505126069034,100.66783684022272,540.3351302701766,0.5403351302701767,rebalance,rebalance,0.0
2014-06-18,2014-06-19,WMB,buy,415.9431266716901,29.605529026752535,12314.216310156928,12.314216310156928,rebalance,rebalance,0.0
2015-08-26,2015-08-27,AGN,sell,57.35972799058232,307.2142605675,17621.72642097968,17.62172642097968,market_trend_exit,risk_exit,5277.574168091616
2015-08-26,2015-08-27,ALXN,sell,76.52859555128288,175.32,13416.993372050913,13.416993372050912,market_trend_exit,risk_exit,1077.0458522117801
2015-08-26,2015-08-27,ARNC,sell,385.95983197208324,18.416135994368,7107.888753961307,7.107888753961307,market_trend_exit,risk_exit,-3377.0920212383776
2015-08-26,2015-08-27,AVGO,sell,2317.118963121953,9.121080145380196,21134.627769015595,21.134627769015594,market_trend_exit,risk_exit,9460.437956479027
2015-08-26,2015-08-27,DAL,sell,357.491160661994,38.662691732924124,13821.570541919926,13.821570541919925,market_trend_exit,risk_exit,1481.218444910921
2015-08-26,2015-08-27,EOG,sell,152.98032383659051,52.389680743531336,8014.5903258410135,8.014590325841013,market_trend_exit,risk_exit,-4319.954790951911
2015-08-26,2015-08-27,EW,sell,893.4135500293029,23.441667556762695,20943.103430494095,20.943103430494094,market_trend_exit,risk_exit,8595.629800596518
2015-08-26,2015-08-27,FFIV,sell,109.00430359471571,123.4000015258789,13451.131229915285,13.451131229915285,market_trend_exit,risk_exit,1871.6694614644664
2015-08-26,2015-08-27,FTR,sell,2733.2850870940742,4.119775952787944,11260.52217392407,11.26052217392407,market_trend_exit,risk_exit,-1077.2688747169393
2015-08-26,2015-08-27,GMCR,sell,101.12841733428682,52.53794686007474,5313.079415952222,5.313079415952222,market_trend_exit,risk_exit,-5587.846683677026
2015-08-26,2015-08-27,HAR,sell,122.32523014974207,96.39185414954042,11791.155743402902,11.791155743402902,market_trend_exit,risk_exit,-739.1838842333549
2015-08-26,2015-08-27,LUV,sell,529.6669069875388,33.094717023951205,17529.17640370408,17.52917640370408,market_trend_exit,risk_exit,7197.073798232791
2015-08-26,2015-08-27,WMB,sell,415.9431266716901,25.26911888124515,10510.516315703746,10.510516315703747,market_trend_exit,risk_exit,-1826.5247270790405
2015-08-26,2016-08-31,DTV,sell,146.12811570139942,93.55,13670.285223865916,13.670285223865916,market_trend_exit,risk_exit,1330.0844121749656
