signal_date,execution_date,ticker,side,quantity,price,notional,cost,reason,event_type,realized_pnl
2005-01-03,2005-01-04,AAPL,buy,6970.9303825704155,0.9539675764637918,6650.041562758513,16.625103906896282,rebalance,rebalance,0.0
2005-01-03,2005-01-04,ADBE,buy,213.83527449604318,31.09889880624707,6650.041562758513,16.625103906896282,rebalance,rebalance,0.0
2005-01-03,2005-01-04,ADSK,buy,177.56793911422835,37.45068842906704,6650.041562758513,16.625103906896282,rebalance,rebalance,0.0
2005-01-03,2005-01-04,AMD,buy,309.5922581228399,21.479999542236328,6650.041562758512,16.62510390689628,rebalance,rebalance,0.0
2005-01-03,2005-01-04,BEN,buy,585.7920395195515,11.35222248532546,6650.041562758513,16.625103906896282,rebalance,rebalance,0.0
2005-01-03,2005-01-04,GEN,buy,710.8698484382902,9.354794801563166,6650.041562758513,16.625103906896282,rebalance,rebalance,0.0
2005-01-03,2005-01-04,HUM,buy,260.03557453936884,25.57358382420752,6650.041562758512,16.62510390689628,rebalance,rebalance,0.0
2005-01-03,2005-01-04,NSC,buy,302.59643725909535,21.976602312288552,6650.041562758513,16.625103906896282,rebalance,rebalance,0.0
2005-01-03,2005-01-04,NTAP,buy,278.2944595121468,23.8957023234171,6650.041562758512,16.62510390689628,rebalance,rebalance,0.0
2005-01-03,2005-01-04,NUE,buy,483.28759968287505,13.760008672107777,6650.041562758513,16.625103906896282,rebalance,rebalance,0.0
2005-01-03,2005-01-04,PCAR,buy,574.1723403255245,11.581960842955793,6650.041562758512,16.62510390689628,rebalance,rebalance,0.0
2005-01-03,2005-01-04,PH,buy,189.9993323639244,35.00034173815429,6650.041562758513,16.625103906896282,rebalance,rebalance,0.0
2005-01-03,2005-01-04,QLGC,buy,360.14305782607704,18.465,6650.041562758513,16.625103906896282,rebalance,rebalance,0.0
2005-01-03,2005-01-04,UNH,buy,200.2771536990772,33.204194487157594,6650.041562758513,16.625103906896282,rebalance,rebalance,0.0
2005-01-03,2005-01-04,X,buy,153.6793641681895,43.27218295542,6650.041562758513,16.625103906896282,rebalance,rebalance,0.0
2005-02-01,2005-02-02,AAPL,sell,2139.1880435829735,1.1657276406827075,2493.7106310226363,6.234276577556591,rebalance,rebalance,441.6585308240676
2005-02-01,2005-02-02,ADBE,sell,25.10493672832507,29.844145164127408,749.2353760563673,1.8730884401409182,rebalance,rebalance,-35.32543895231899
2005-02-01,2005-02-02,BEN,sell,78.02232334977828,11.092618204373865,865.4718443372946,2.1636796108432366,rebalance,rebalance,-24.63292569595692
2005-02-01,2005-02-02,GEN,sell,710.8698484382902,8.289417771887013,5892.697155142991,14.731742887857477,rebalance,rebalance,-788.7012544102765
2005-02-01,2005-02-02,HUM,sell,75.17456590346012,30.46881350900777,2290.479829133141,5.7261995728328525,rebalance,rebalance,357.46435932330644
2005-02-01,2005-02-02,NSC,sell,302.59643725909535,21.71048684119693,6569.515969306662,16.423789923266654,rebalance,rebalance,-113.5744872820141
2005-02-01,2005-02-02,NTAP,sell,39.65923815835629,23.6029516735255,936.0750816605218,2.3401877041513046,rebalance,rebalance,-16.319668822729817
2005-02-01,2005-02-02,NUE,sell,483.28759968287505,15.344346817807494,7415.732542279746,18.539331355699364,rebalance,rebalance,730.5265442586389
2005-02-01,2005-02-02,PCAR,sell,574.1723403255245,10.13764961219941,5820.758003236681,14.551895008091703,rebalance,rebalance,-860.4605584368179
2005-02-01,2005-02-02,PH,sell,189.9993323639244,30.70208364344281,5833.375394435497,14.583438486088742,rebalance,rebalance,-847.8747107160003
2005-02-01,2005-02-02,QLGC,sell,77.52912921521016,19.93,1545.1555452591385,3.8628888631478464,rebalance,rebalance,106.13834700973807
2005-02-01,2005-02-02,UNH,sell,200.2771536990772,34.62285502142428,6934.166856626657,17.335417141566644,rebalance,rebalance,250.1647728196809
2005-02-01,2005-02-02,X,sell,153.6793641681895,46.062507956639,7078.8569347684515,17.69714233692113,rebalance,rebalance,394.4931257661217
2005-02-01,2005-02-02,ADSK,buy,17.024626985706902,28.945070770699143,492.77903294604073,1.2319475823651018,rebalance,rebalance,0.0
2005-02-01,2005-02-02,AMD,buy,34.271959569279375,16.3799991607666,561.374668982623,1.4034366724565575,rebalance,rebalance,0.0
2005-02-01,2005-02-02,CTXS,buy,319.5204997503866,17.627963156087805,5632.495597214577,14.081238993036443,rebalance,rebalance,0.0
2005-02-01,2005-02-02,EBAY,buy,386.5407580893466,14.571543826466703,5632.495597214577,14.081238993036443,rebalance,rebalance,0.0
2005-02-01,2005-02-02,MON,buy,247.5356218875664,22.754283016983,5632.495597214577,14.081238993036443,rebalance,rebalance,0.0
2005-02-01,2005-02-02,MWW,buy,191.32118197060385,29.44,5632.495597214577,14.081238993036443,rebalance,rebalance,0.0
2005-02-01,2005-02-02,NCR,buy,709.1632382279275,7.94245287063833,5632.495597214577,14.081238993036443,rebalance,rebalance,0.0
2005-02-01,2005-02-02,NVDA,buy,30412.40389017309,0.18520389304163357,5632.495597214577,14.081238993036443,rebalance,rebalance,0.0
2005-02-01,2005-02-02,PTC,buy,397.3541814056636,14.175000190734863,5632.495597214577,14.081238993036443,rebalance,rebalance,0.0
2005-03-02,2005-03-03,ADBE,sell,188.7303377677181,31.22887388139693,5893.8359157415125,14.734589789353782,rebalance,rebalance,-4.8776141447039
2005-03-02,2005-03-03,ADSK,sell,194.59256609993525,29.584742966843645,5756.971051325117,14.392427628312792,rebalance,rebalance,-1418.0990234970109
2005-03-02,2005-03-03,AMD,sell,343.86421769211927,17.75,6103.589864035117,15.258974660087793,rebalance,rebalance,-1141.1138829454574
2005-03-02,2005-03-03,BEN,sell,507.76971616977323,11.747339549785858,5964.943268944717,14.912358172361792,rebalance,rebalance,171.30533452935416
2005-03-02,2005-03-03,CTXS,sell,319.5204997503866,18.795695742652605,6005.610096848573,15.014025242121434,rebalance,rebalance,344.01923539883876
2005-03-02,2005-03-03,EBAY,sell,386.5407580893466,15.733253259652084,6081.5436421976,15.203859105494,rebalance,rebalance,419.7629468844919
2005-03-02,2005-03-03,PTC,sell,397.3541814056636,14.149999618530273,5622.56151531155,14.056403788278875,rebalance,rebalance,-38.07172468434316
2005-03-02,2005-03-03,AAPL,buy,305.72577001186073,1.3270906130275388,405.72579954335663,1.0143144988583916,rebalance,rebalance,0.0
2005-03-02,2005-03-03,ADM,buy,471.467324236504,14.460993056564897,6817.8857021813155,17.04471425545329,rebalance,rebalance,0.0
2005-03-02,2005-03-03,ELV,buy,141.31111989049268,48.247340389523146,6817.885702181315,17.044714255453286,rebalance,rebalance,0.0
2005-03-02,2005-03-03,HAL,buy,431.9482723062081,15.784032809715969,6817.8857021813155,17.04471425545329,rebalance,rebalance,0.0
2005-03-02,2005-03-03,HUM,buy,44.47805302361317,29.728410209958863,1322.2618056262734,3.3056545140656834,rebalance,rebalance,0.0
2005-03-02,2005-03-03,MON,buy,31.52736986092785,24.431350282111,770.2562165459975,1.9256405413649937,rebalance,rebalance,0.0
2005-03-02,2005-03-03,MWW,buy,38.391948156798975,29.68,1139.4730212937936,2.848682553234484,rebalance,rebalance,0.0
2005-03-02,2005-03-03,NCR,buy,69.77823116240506,8.752757389483431,610.7519284318239,1.5268798210795598,rebalance,rebalance,0.0
2005-03-02,2005-03-03,NTAP,buy,72.30109869482624,21.926951798732613,1585.3427060768643,3.963356765192161,rebalance,rebalance,0.0
2005-03-02,2005-03-03,NUE,buy,406.53992162895725,16.770519546672947,6817.8857021813155,17.04471425545329,rebalance,rebalance,0.0
2005-03-02,2005-03-03,NVDA,buy,1496.506427075612,0.21366714295147318,319.75425268176315,0.7993856317044079,rebalance,rebalance,0.0
2005-03-02,2005-03-03,QLGC,buy,49.47987081345434,20.53,1015.8217478002176,2.5395543695005443,rebalance,rebalance,0.0
2005-03-02,2005-03-03,ROK,buy,176.43868666308066,38.64167111604294,6817.8857021813155,17.04471425545329,rebalance,rebalance,0.0
2005-03-02,2005-03-03,VLO,buy,376.5873189681749,18.104395338807173,6817.8857021813155,17.04471425545329,rebalance,rebalance,0.0
2005-03-02,2005-03-03,WMB,buy,1083.267189427384,6.293817230618104,6817.885702181315,17.044714255453286,rebalance,rebalance,0.0
2005-03-31,2005-04-01,ADM,sell,19.59175846383789,14.638641426681009,286.7967270702656,0.716991817675664,rebalance,rebalance,2.0551614333550585
2005-03-31,2005-04-01,ELV,sell,8.13801042713871,49.671021450805085,404.2232904932823,1.0105582262332058,rebalance,rebalance,9.593779697470007
2005-03-31,2005-04-01,HAL,sell,431.9482723062081,15.773277469877563,6813.23995172005,17.033099879300124,rebalance,rebalance,-38.72356459601886
2005-03-31,2005-04-01,MON,sell,31.398093586621457,26.708849037223,838.6069416616722,2.0965173541541806,rebalance,rebalance,114.3194060744342
2005-03-31,2005-04-01,MWW,sell,229.71313012740282,28.03,6438.859037471101,16.097147593677754,rebalance,rebalance,-366.1366501772183
2005-03-31,2005-04-01,NTAP,sell,310.9363200486167,20.32415182456329,6319.516976439089,15.798792441097724,rebalance,rebalance,-1002.1999827303721
2005-03-31,2005-04-01,NUE,sell,406.53992162895725,15.7997717630949,6423.237974324013,16.058094935810033,rebalance,rebalance,-427.75053704856555
2005-03-31,2005-04-01,QLGC,sell,332.0937994243212,20.435,6786.336791236004,16.96584197809001,rebalance,rebalance,519.4972898090404
2005-03-31,2005-04-01,VLO,sell,31.166390430710578,19.150097259110414,596.8394079635157,1.4920985199087893,rebalance,rebalance,29.688034168302828
2005-03-31,2005-04-01,WMB,sell,38.36658817216562,6.33059677530895,242.8833993623182,0.6072084984057955,rebalance,rebalance,0.20021641161267323
2005-03-31,2005-04-01,AAPL,buy,117.01360215880777,1.258895689517345,147.3079193726206,0.3682697984315515,rebalance,rebalance,0.0
2005-03-31,2005-04-01,AES,buy,643.5106480145239,10.279308349028863,6614.84437682467,16.537110942061673,rebalance,rebalance,0.0
2005-03-31,2005-04-01,HUM,buy,6.873535174593485,28.00377484300748,192.48493140480807,0.48121232851202017,rebalance,rebalance,0.0
2005-03-31,2005-04-01,JWN,buy,335.8714750208602,19.694570300779,6614.844376824669,16.537110942061673,rebalance,rebalance,0.0
2005-03-31,2005-04-01,MCK,buy,205.27449715203736,32.22438475601457,6614.844376824669,16.537110942061673,rebalance,rebalance,0.0
2005-03-31,2005-04-01,MO,buy,1534.4453713347666,4.310902493107735,6614.844376824669,16.537110942061673,rebalance,rebalance,0.0
2005-03-31,2005-04-01,NCR,buy,81.1647560853205,7.690729564440194,624.2161892159515,1.5605404730398789,rebalance,rebalance,0.0
2005-03-31,2005-04-01,NVDA,buy,4134.306623083794,0.18352536034103642,758.7501127617867,1.8968752819044667,rebalance,rebalance,0.0
2005-03-31,2005-04-01,ROK,buy,4.886015100309663,36.48065769580774,178.24504437094456,0.4456126109273614,rebalance,rebalance,0.0
2005-03-31,2005-04-01,X,buy,145.63058852935382,45.422080921491,6614.844376824668,16.53711094206167,rebalance,rebalance,0.0
2005-04-15,2005-04-18,AAPL,sell,5254.481711158111,1.0468363705639006,5500.58256370315,13.751456409257877,market_trend_exit,risk_exit,311.56596103622906
2005-04-15,2005-04-18,ADM,sell,451.8755657726661,12.068589522622046,5453.500718612908,13.63375179653227,market_trend_exit,risk_exit,-1111.0388758011577
2005-04-15,2005-04-18,AES,sell,643.5106480145239,10.217009272898691,6574.754257973436,16.43688564493359,market_trend_exit,risk_exit,-73.06411543822743
2005-04-15,2005-04-18,ELV,sell,133.17310946335397,48.02981912444066,6396.280359764228,15.99070089941057,market_trend_exit,risk_exit,-61.02180500237212
2005-04-15,2005-04-18,HUM,sell,236.21259683411537,28.11700374465691,6641.590469719955,16.603976174299888,market_trend_exit,risk_exit,367.0754932435885
2005-04-15,2005-04-18,JWN,sell,335.8714750208602,18.755032483057,6299.280424148501,15.748201060371253,market_trend_exit,risk_exit,-347.8492646786001
2005-04-15,2005-04-18,MCK,sell,205.27449715203736,31.789182464719364,6525.5084453196305,16.313771113299076,market_trend_exit,risk_exit,-122.18681356039917
2005-04-15,2005-04-18,MO,sell,1534.4453713347666,4.23905214813623,6504.593947554338,16.261484868885844,market_trend_exit,risk_exit,-143.04902508127827
2005-04-15,2005-04-18,MON,sell,247.6648981618728,23.87576464542,5913.1888194447865,14.782972048611967,market_trend_exit,risk_exit,201.83817233428232
2005-04-15,2005-04-18,NCR,sell,860.1062254756531,7.700504370935899,6623.251748744445,16.558129371861114,market_trend_exit,risk_exit,-277.938754776925
2005-04-15,2005-04-18,NVDA,sell,36043.216940332495,0.16192907233106055,5836.444682975208,14.591111707438019,market_trend_exit,risk_exit,-905.923891297003
2005-04-15,2005-04-18,ROK,sell,181.32470176339032,33.09487726739367,6000.918750406164,15.002296876015409,market_trend_exit,risk_exit,-1027.7046198884923
2005-04-15,2005-04-18,VLO,sell,345.4209285374643,16.83192406483201,5814.098839546363,14.535247098865907,market_trend_exit,risk_exit,-469.70754871396724
2005-04-15,2005-04-18,WMB,sell,1044.9006012552184,5.548046752636524,5797.157387621965,14.492893469054914,market_trend_exit,risk_exit,-810.1899478315571
2005-04-15,2005-04-18,X,sell,145.63058852935382,38.067607272289,5543.808050967757,13.859520127419392,market_trend_exit,risk_exit,-1101.4329569263919
2005-05-26,2005-05-27,AES,buy,661.7738004949906,9.164155946059756,6064.598308752731,15.161495771881828,rebalance,rebalance,0.0
2005-05-26,2005-05-27,CI,buy,206.5802403140341,29.357107434542616,6064.598308752731,15.161495771881828,rebalance,rebalance,0.0
2005-05-26,2005-05-27,CMS,buy,861.5647338134701,7.039051241001381,6064.598308752731,15.161495771881828,rebalance,rebalance,0.0
2005-05-26,2005-05-27,ELV,buy,114.05850951282072,53.17094125336647,6064.598308752731,15.161495771881828,rebalance,rebalance,0.0
2005-05-26,2005-05-27,EOG,buy,352.92014421086003,17.184052563260035,6064.59830875273,15.161495771881826,rebalance,rebalance,0.0
2005-05-26,2005-05-27,HSY,buy,157.92219212294341,38.40244507264314,6064.598308752732,15.16149577188183,rebalance,rebalance,0.0
2005-05-26,2005-05-27,HUM,buy,189.92136401602892,31.932154342788383,6064.598308752731,15.161495771881828,rebalance,rebalance,0.0
2005-05-26,2005-05-27,JWN,buy,281.9535358800834,21.50921175655,6064.598308752731,15.161495771881828,rebalance,rebalance,0.0
2005-05-26,2005-05-27,MCK,buy,178.32842037081767,34.00803021830145,6064.598308752731,15.161495771881828,rebalance,rebalance,0.0
2005-05-26,2005-05-27,MON,buy,250.34917881504686,24.224558424588,6064.598308752731,15.161495771881828,rebalance,rebalance,0.0
2005-05-26,2005-05-27,MRK,buy,418.589093338503,14.488189982170498,6064.598308752731,15.161495771881828,rebalance,rebalance,0.0
2005-05-26,2005-05-27,MRO,buy,539.1247205754423,11.248970928804,6064.598308752731,15.161495771881828,rebalance,rebalance,0.0
2005-05-26,2005-05-27,PEG,buy,477.0955852456842,12.711495340351384,6064.598308752731,15.161495771881828,rebalance,rebalance,0.0
2005-05-26,2005-05-27,PHM,buy,192.18746776216247,31.55563876963011,6064.598308752731,15.161495771881828,rebalance,rebalance,0.0
2005-05-26,2005-05-27,VLO,buy,349.4161786304175,17.35637523289196,6064.598308752731,15.161495771881828,rebalance,rebalance,0.0
2005-06-24,2005-06-27,AES,sell,661.7738004949906,9.550408189058977,6320.20992355204,15.8005248088801,rebalance,rebalance,224.6495942185474
2005-06-24,2005-06-27,CI,sell,2.61438296276728,31.805223243528797,83.15103377489157,0.20787758443722892,rebalance,rebalance,6.000557873674989
2005-06-24,2005-06-27,CMS,sell,59.11780778755622,8.084247589111328,477.92299508009825,1.1948074877002457,rebalance,rebalance,59.55457612443863
2005-06-24,2005-06-27,ELV,sell,114.05850951282072,54.021198299055314,6161.577360086775,15.403943400216939,rebalance,rebalance,66.41361216194545
2005-06-24,2005-06-27,EOG,sell,11.063428137899052,18.976311776569748,209.9430616624469,0.5248576541561173,rebalance,rebalance,18.828387030154598
2005-06-24,2005-06-27,HSY,sell,157.92219212294341,36.684440327973874,5793.2872333969435,14.483218083492359,rebalance,rebalance,-300.9557892111622
2005-06-24,2005-06-27,JWN,sell,4.009287223279557,23.339859192859,93.5761992550735,0.23394049813768378,rebalance,rebalance,6.890059358889602
2005-06-24,2005-06-27,MCK,sell,1.8075584015595894,36.75021498730594,66.42815985942599,0.166070399648565,rebalance,rebalance,4.63690996634029
2005-06-24,2005-06-27,MON,sell,250.34917881504686,27.517337792208,6888.942919455527,17.22235729863882,rebalance,rebalance,791.9607576322757
2005-06-24,2005-06-27,MRK,sell,418.589093338503,13.7549790506268,5757.6842096919745,14.394210524229937,rebalance,rebalance,-336.4698053568678
2005-06-24,2005-06-27,MRO,sell,30.95773974076377,12.765842472605,395.20162883849383,0.9880040720962346,rebalance,rebalance,45.100303615152356
2005-06-24,2005-06-27,PEG,sell,477.0955852456842,13.75599966009967,6562.926708474685,16.407316771186714,rebalance,rebalance,466.75958717888557
2005-06-24,2005-06-27,PHM,sell,192.18746776216247,33.580475578811814,6453.74656774098,16.13436641935245,rebalance,rebalance,357.8523967970148
2005-06-24,2005-06-27,VLO,sell,30.709120772890344,20.354678276421414,625.0742734839527,1.5626856837098817,rebalance,rebalance,89.18006703574461
2005-06-24,2005-06-27,AAPL,buy,5887.42350072917,1.1018707294135268,6487.1796271147905,16.217949067786975,rebalance,rebalance,0.0
2005-06-24,2005-06-27,COP,buy,291.20550386900555,22.276981516231753,6487.179627114791,16.21794906778698,rebalance,rebalance,0.0
2005-06-24,2005-06-27,CVS,buy,349.6517702709232,18.55325835212641,6487.1796271147905,16.217949067786975,rebalance,rebalance,0.0
2005-06-24,2005-06-27,EFX,buy,228.41590349335686,28.400735359932852,6487.1796271147905,16.217949067786975,rebalance,rebalance,0.0
2005-06-24,2005-06-27,GLW,buy,594.5950177362818,10.910248881352084,6487.1796271147905,16.217949067786975,rebalance,rebalance,0.0
2005-06-24,2005-06-27,HUM,buy,7.62953244821162,32.83801664898575,250.5387135583502,0.6263467838958755,rebalance,rebalance,0.0
2005-06-24,2005-06-27,JCP,buy,167.18888261634123,38.80150118594504,6487.1796271147905,16.217949067786975,rebalance,rebalance,0.0
2005-06-24,2005-06-27,OXY,buy,293.96567890577177,22.067812988448225,6487.1796271147905,16.217949067786975,rebalance,rebalance,0.0
2005-07-25,2005-07-26,AAPL,sell,5887.42350072917,1.3163231323663807,7749.751744047263,19.37437936011816,rebalance,rebalance,1226.9797885045682
2005-07-25,2005-07-26,CVS,sell,349.6517702709232,19.642884539825133,6868.169352577206,17.170423381443015,rebalance,rebalance,347.6013530131857
2005-07-25,2005-07-26,EFX,sell,228.41590349335686,29.56112727037482,6752.231593744775,16.880578984361936,rebalance,rebalance,231.9534385778356
2005-07-25,2005-07-26,EOG,sell,27.81290487494124,22.02634252769695,612.616569465708,1.5315414236642702,rebalance,rebalance,131.9517626858324
2005-07-25,2005-07-26,GLW,sell,10.054206619214597,11.833624654764517,118.97770733323445,0.2974442683330861,rebalance,rebalance,8.712131803432175
2005-07-25,2005-07-26,HUM,sell,197.55089646424054,33.75260794188412,6667.857956925253,16.669644892313134,rebalance,rebalance,320.26344716608156
2005-07-25,2005-07-26,JCP,sell,167.18888261634123,42.70198438502745,7139.2970548331905,17.848242637082976,rebalance,rebalance,618.0512360135306
2005-07-25,2005-07-26,JWN,sell,11.030889008045051,25.915662532792,285.87279696918023,0.7146819924229506,rebalance,rebalance,47.29922312087393
2005-07-25,2005-07-26,CI,buy,19.145282239846665,31.003546334924852,593.5716450182999,1.4839291125457499,rebalance,rebalance,0.0
2005-07-25,2005-07-26,CMS,buy,32.81172599211652,8.281550316705555,271.7319597816685,0.6793298994541712,rebalance,rebalance,0.0
2005-07-25,2005-07-26,COP,buy,1.7476367973357014,23.61209215377334,41.26536111001588,0.1031634027750397,rebalance,rebalance,0.0
2005-07-25,2005-07-26,DVN,buy,203.31884747099753,34.021619934362874,6917.236554150974,17.293091385377437,rebalance,rebalance,0.0
2005-07-25,2005-07-26,JBL,buy,278.86809929113207,24.80468928405301,6917.236554150974,17.293091385377437,rebalance,rebalance,0.0
2005-07-25,2005-07-26,MCK,buy,5.9316882263289585,37.91252326556015,224.88526788474584,0.5622131697118646,rebalance,rebalance,0.0
2005-07-25,2005-07-26,MRO,buy,6.034802445790945,13.452377605579,81.18244127585149,0.20295610318962873,rebalance,rebalance,0.0
2005-07-25,2005-07-26,NVDA,buy,35039.39139649586,0.1974131478448777,6917.2365541509735,17.293091385377434,rebalance,rebalance,0.0
2005-07-25,2005-07-26,ODP,buy,253.7113548590237,27.264197765191,6917.236554150974,17.293091385377437,rebalance,rebalance,0.0
2005-07-25,2005-07-26,OXY,buy,5.40191461074653,23.106163472464495,124.81752206020374,0.3120438051505094,rebalance,rebalance,0.0
2005-07-25,2005-07-26,TXN,buy,353.02663266439555,19.59409266645001,6917.236554150974,17.293091385377437,rebalance,rebalance,0.0
2005-07-25,2005-07-26,VLO,buy,4.230455358838299,21.419736856388322,90.61524056901419,0.22653810142253547,rebalance,rebalance,0.0
2005-08-22,2005-08-23,CI,sell,223.1111395911135,33.79304831340355,7539.605519461023,18.849013798652557,rebalance,rebalance,922.8837253236908
2005-08-22,2005-08-23,CMS,sell,835.2586520180304,8.532187646203603,7126.583552132913,17.81645888033228,rebalance,rebalance,1173.7696105148045
2005-08-22,2005-08-23,COP,sell,292.95314066634126,24.099991945947135,7060.168330598743,17.650420826496855,rebalance,rebalance,497.75180907687695
2005-08-22,2005-08-23,DVN,sell,203.31884747099753,35.686119639793354,7255.660715874914,18.139151789687286,rebalance,rebalance,302.99191854887596
2005-08-22,2005-08-23,GLW,sell,19.499513283518922,12.42956155328773,242.3704006166502,0.6059260015416255,rebalance,rebalance,28.488070269215083
2005-08-22,2005-08-23,JBL,sell,278.86809929113207,22.90558248434096,6387.636250564411,15.969090626411028,rebalance,rebalance,-562.8624855983511
2005-08-22,2005-08-23,MCK,sell,182.45255019558704,39.52782303791425,7211.952116947332,18.02988029236833,rebalance,rebalance,950.3401305693297
2005-08-22,2005-08-23,MRO,sell,514.2017832804695,14.10658525598,7253.6312946228945,18.134078236557237,rebalance,rebalance,1423.4653356339288
2005-08-22,2005-08-23,NVDA,sell,35039.39139649586,0.22076392646836346,7735.43362575222,19.33858406438055,rebalance,rebalance,781.5653961514887
2005-08-22,2005-08-23,ODP,sell,3.6893118185057006,28.090385576257,103.634191492867,0.25908547873216753,rebalance,rebalance,2.537513659345997
2005-08-22,2005-08-23,OXY,sell,299.3675935165183,22.263208209739304,6664.883065706849,16.66220766426712,rebalance,rebalance,19.693715994651384
2005-08-22,2005-08-23,TXN,sell,353.02663266439555,19.584951977177298,6914.009647396797,17.285024118491993,rebalance,rebalance,-37.80502225804578
2005-08-22,2005-08-23,VLO,sell,322.93751321636546,22.409210152080895,7236.774599655935,18.091936499139837,rebalance,rebalance,1582.4126007262441
2005-08-22,2005-08-23,AMGN,buy,133.26937729955415,52.69939526906733,7023.215591571673,17.558038978929183,rebalance,rebalance,0.0
2005-08-22,2005-08-23,BBY,buy,270.67151926516175,25.94737566271766,7023.215591571672,17.55803897892918,rebalance,rebalance,0.0
2005-08-22,2005-08-23,BRCM,buy,267.1434638101858,26.290052136787065,7023.215591571672,17.55803897892918,rebalance,rebalance,0.0
2005-08-22,2005-08-23,DHI,buy,264.86658600798955,26.516049825023313,7023.215591571674,17.558038978929186,rebalance,rebalance,0.0
2005-08-22,2005-08-23,EOG,buy,20.84194996841785,20.971974344651663,437.0968400301727,1.0927421000754318,rebalance,rebalance,0.0
2005-08-22,2005-08-23,GILD,buy,972.2745098899543,7.223490403308616,7023.215591571673,17.558038978929183,rebalance,rebalance,0.0
2005-08-22,2005-08-23,HSP,buy,185.94693120390977,37.77,7023.215591571673,17.558038978929183,rebalance,rebalance,0.0
2005-08-22,2005-08-23,JCP,buy,185.13095831160868,37.93647294662808,7023.215591571673,17.558038978929183,rebalance,rebalance,0.0
2005-08-22,2005-08-23,JWN,buy,27.09291378918823,23.887978679659,647.1949469659678,1.6179873674149194,rebalance,rebalance,0.0
2005-08-22,2005-08-23,MSI,buy,112.21654212422241,62.58627701963098,7023.215591571673,17.558038978929183,rebalance,rebalance,0.0
2005-08-22,2005-08-23,PHM,buy,202.1634816448025,34.74027818689497,7023.215591571673,17.558038978929183,rebalance,rebalance,0.0
2005-08-22,2005-08-23,SWY,buy,404.9376768654154,17.343942025690783,7023.215591571673,17.558038978929183,rebalance,rebalance,0.0
2005-08-22,2005-08-23,TPR,buy,340.2327933789769,20.642382886792124,7023.215591571674,17.558038978929186,rebalance,rebalance,0.0
2005-09-20,2005-09-21,AMGN,sell,7.122521566186933,56.950848494623756,405.6336466156023,1.0140841165390058,rebalance,rebalance,28.328601721799274
2005-09-20,2005-09-21,BRCM,sell,9.015250537958991,27.83179094556238,250.91056829434342,0.6272764207358585,rebalance,rebalance,12.6793566877952
2005-09-20,2005-09-21,DHI,sell,264.86658600798955,26.448024633896985,7005.197991435502,17.512994978588758,rebalance,rebalance,-53.08863409368879
2005-09-20,2005-09-21,EOG,sell,334.8857611664376,24.73174166812615,8282.308133502127,20.705770333755318,rebalance,rebalance,2413.376058847859
2005-09-20,2005-09-21,GILD,sell,972.2745098899543,7.849757703145345,7632.119323580533,19.080298308951335,rebalance,rebalance,572.2653947209807
2005-09-20,2005-09-21,GLW,sell,18.985461940041773,13.156475943872591,249.78177329746825,0.6244544332436707,rebalance,rebalance,41.503363683698026
2005-09-20,2005-09-21,HSP,sell,185.94693120390977,40.48,7527.131775134267,18.817829437835666,rebalance,rebalance,467.54031514582925
2005-09-20,2005-09-21,JCP,sell,185.13095831160868,35.12219453812451,6502.205532849739,16.255513832124347,rebalance,rebalance,-554.8236115329872
2005-09-20,2005-09-21,JWN,sell,294.006273437947,24.200609218334,7115.130931210408,17.78782732802602,rebalance,rebalance,693.0814562783172
2005-09-20,2005-09-21,MSI,sell,4.360406648627944,66.60882514717747,290.4415640290488,0.726103910072622,rebalance,rebalance,16.13158764363382
2005-09-20,2005-09-21,ODP,sell,250.02204304051799,27.00176163697,6751.03561016832,16.8775890254208,rebalance,rebalance,-99.5340320386627
2005-09-20,2005-09-21,PHM,sell,202.1634816448025,34.65359281919735,7005.690975830263,17.514227439575656,rebalance,rebalance,-52.596882159914756
2005-09-20,2005-09-21,SWY,sell,18.610562623489443,18.596081414169863,346.08353770991636,0.865208844274791,rebalance,rebalance,21.630858360334724
2005-09-20,2005-09-21,TPR,sell,340.2327933789769,19.58461371133867,6663.327830256967,16.658319575642416,rebalance,rebalance,-394.1041198692769
2005-09-20,2005-09-21,A,buy,356.88137941339403,20.13041554802545,7184.170468944157,17.960426172360393,rebalance,rebalance,0.0
2005-09-20,2005-09-21,ADSK,buy,171.4190048938349,41.90999984741211,7184.170468944157,17.960426172360393,rebalance,rebalance,0.0
2005-09-20,2005-09-21,AMD,buy,321.87144118151997,22.31999969482422,7184.170468944158,17.960426172360396,rebalance,rebalance,0.0
2005-09-20,2005-09-21,BBY,buy,45.82341692044076,22.699164023057655,1040.1532567740403,2.600383141935101,rebalance,rebalance,0.0
2005-09-20,2005-09-21,CI,buy,214.4191938798919,33.50525826978162,7184.170468944157,17.960426172360393,rebalance,rebalance,0.0
2005-09-20,2005-09-21,ETFC,buy,43.01898484397699,167.0,7184.170468944157,17.960426172360393,rebalance,rebalance,0.0
2005-09-20,2005-09-21,HPQ,buy,943.0635472336434,7.6179070753164035,7184.170468944157,17.960426172360393,rebalance,rebalance,0.0
2005-09-20,2005-09-21,HUM,buy,175.6731237997721,40.89510286805452,7184.170468944157,17.960426172360393,rebalance,rebalance,0.0
2005-09-20,2005-09-21,MRO,buy,441.10674143151874,16.286693886449,7184.170468944157,17.960426172360393,rebalance,rebalance,0.0
2005-09-20,2005-09-21,SCHW,buy,689.3108616794938,10.422250494414163,7184.170468944157,17.960426172360393,rebalance,rebalance,0.0
2005-10-06,2005-10-07,A,sell,356.88137941339403,18.70187990898927,6674.3526995437305,16.685881748859327,market_trend_exit,risk_exit,-544.4640773216452
2005-10-06,2005-10-07,ADSK,sell,171.4190048938349,43.58000183105469,7470.440547150898,18.676101367877244,market_trend_exit,risk_exit,249.63355066650396
2005-10-06,2005-10-07,AMD,sell,321.87144118151997,24.010000228881836,7728.133376438821,19.320333441097052,market_trend_exit,risk_exit,506.6821478812065
2005-10-06,2005-10-07,AMGN,sell,126.14685573336722,51.04417759373074,6439.062506944727,16.097656267361817,market_trend_exit,risk_exit,-241.51781909597346
2005-10-06,2005-10-07,BBY,sell,316.4949361856025,23.228945207388186,7351.843531071181,18.379608827677952,market_trend_exit,risk_exit,-750.063348223074
2005-10-06,2005-10-07,BRCM,sell,258.1282132722268,28.531455545528683,7364.773642023286,18.411934105058215,market_trend_exit,risk_exit,543.1920125534382
2005-10-06,2005-10-07,CI,sell,214.4191938798919,34.539623705743665,7405.958271900361,18.514895679750904,market_trend_exit,risk_exit,185.3124811040934
2005-10-06,2005-10-07,ETFC,sell,43.01898484397699,169.20000000000002,7278.812235600907,18.197030589002267,market_trend_exit,risk_exit,58.48430989538788
2005-10-06,2005-10-07,GLW,sell,546.0558358935065,12.16106014396404,6640.61786226349,16.601544655658724,market_trend_exit,risk_exit,651.517232213143
2005-10-06,2005-10-07,HPQ,sell,943.0635472336434,7.291423000375392,6876.2752391149925,17.190688097787483,market_trend_exit,risk_exit,-343.0463440993125
2005-10-06,2005-10-07,HUM,sell,175.6731237997721,39.72791159477012,6979.126331894453,17.447815829736133,market_trend_exit,risk_exit,-240.45237905180102
2005-10-06,2005-10-07,MRO,sell,441.10674143151874,14.421360298882,6361.359248449712,15.903398121124281,market_trend_exit,risk_exit,-856.6750447879282
2005-10-06,2005-10-07,MSI,sell,107.85613547559447,64.15953422946613,6919.99941590434,17.29999853976085,market_trend_exit,risk_exit,135.5096592893195
2005-10-06,2005-10-07,SCHW,sell,689.3108616794938,10.208649465148357,7036.932959405317,17.592332398513292,market_trend_exit,risk_exit,-182.79026810971314
2005-10-06,2005-10-07,SWY,sell,386.327114241926,18.92774499350013,7312.301102445967,18.280752756114918,market_trend_exit,risk_exit,576.8341896445584
2005-11-15,2005-11-16,A,buy,251.37474567627945,20.386356353759766,5124.615143692365,12.811537859230912,rebalance,rebalance,0.0
2005-11-15,2005-11-16,AAPL,buy,2713.1696651560646,1.888792731801972,5124.615143692365,12.811537859230912,rebalance,rebalance,0.0
2005-11-15,2005-11-16,AMD,buy,203.27708567227668,25.209999084472656,5124.615143692365,12.811537859230912,rebalance,rebalance,0.0
2005-11-15,2005-11-16,AON,buy,179.13759044281596,28.60714566398188,5124.615143692365,12.811537859230912,rebalance,rebalance,0.0
2005-11-15,2005-11-16,DVN,buy,148.79625924569925,34.44048371693514,5124.615143692365,12.811537859230912,rebalance,rebalance,0.0
2005-11-15,2005-11-16,EOG,buy,227.17238110846074,22.558266628572593,5124.615143692365,12.811537859230912,rebalance,rebalance,0.0
2005-11-15,2005-11-16,ETFC,buy,27.085703719304256,189.2,5124.615143692365,12.811537859230912,rebalance,rebalance,0.0
2005-11-15,2005-11-16,FCX,buy,324.34832675262,15.799727394927803,5124.615143692365,12.811537859230912,rebalance,rebalance,0.0
2005-11-15,2005-11-16,HAL,buy,248.32606950790546,20.636637763596635,5124.615143692365,12.811537859230912,rebalance,rebalance,0.0
2005-11-15,2005-11-16,HES,buy,137.52971607313626,37.26187539693,5124.615143692365,12.811537859230912,rebalance,rebalance,0.0
2005-11-15,2005-11-16,MRO,buy,381.8739788036588,13.419650010579,5124.615143692365,12.811537859230912,rebalance,rebalance,0.0
2005-11-15,2005-11-16,MYL,buy,256.6524109423224,19.96714203804624,5124.615143692364,12.81153785923091,rebalance,rebalance,0.0
2005-11-15,2005-11-16,ODP,buy,188.36425811562935,27.205878625586,5124.615143692365,12.811537859230912,rebalance,rebalance,0.0
2005-11-15,2005-11-16,VLO,buy,205.08789950766942,24.987408598919927,5124.615143692365,12.811537859230912,rebalance,rebalance,0.0
2005-11-15,2005-11-16,WMB,buy,739.6385853704062,6.928539485438001,5124.615143692365,12.811537859230912,rebalance,rebalance,0.0
2005-12-14,2005-12-15,DVN,sell,148.79625924569925,41.34231186205617,6151.581353643057,15.378953384107643,rebalance,rebalance,998.7757187073539
2005-12-14,2005-12-15,EOG,sell,227.17238110846074,27.422708001725315,6229.681873193979,15.574204682984949,rebalance,rebalance,1076.6809869593988
2005-12-14,2005-12-15,HAL,sell,248.32606950790546,23.922932921262476,5940.687903438386,14.851719758595964,rebalance,rebalance,788.4095021281942
2005-12-14,2005-12-15,HES,sell,137.52971607313626,38.704706528932,5323.0472996180815,13.307618249045204,rebalance,rebalance,172.31299981744036
2005-12-14,2005-12-15,MRO,sell,381.8739788036588,15.051674544454,5747.842845948398,14.369607114870995,rebalance,rebalance,596.0465572819315
2005-12-14,2005-12-15,MYL,sell,256.6524109423224,20.525594980229084,5267.943437701424,13.16985859425356,rebalance,rebalance,117.34689755557602
2005-12-14,2005-12-15,ODP,sell,188.36425811562935,28.615257832699,5390.091812443799,13.475229531109498,rebalance,rebalance,239.18990136109434
2005-12-14,2005-12-15,WMB,sell,739.6385853704062,8.362391064659452,6185.147097378842,15.462867743447106,rebalance,rebalance,1032.257548083799
2005-12-14,2005-12-15,A,buy,106.01137214692366,21.13038782995152,2240.0614078498174,5.600153519624544,rebalance,rebalance,0.0
2005-12-14,2005-12-15,AAPL,buy,760.7445919693723,2.173832373425891,1653.7312219316916,4.134328054829229,rebalance,rebalance,0.0
2005-12-14,2005-12-15,AMD,buy,70.93159347076929,27.540000915527344,1953.4561491247996,4.883640372811999,rebalance,rebalance,0.0
2005-12-14,2005-12-15,AMGN,buy,142.396074066611,53.03311431965773,7551.707274645029,18.879268186612574,rebalance,rebalance,0.0
2005-12-14,2005-12-15,AON,buy,81.58945777681492,28.96403471067426,2363.1598870727594,5.907899717681898,rebalance,rebalance,0.0
2005-12-14,2005-12-15,BEN,buy,456.64688112398625,16.537301768178796,7551.70727464503,18.879268186612578,rebalance,rebalance,0.0
2005-12-14,2005-12-15,ETFC,buy,8.960631720528824,209.5,1877.2523454507884,4.693130863626971,rebalance,rebalance,0.0
2005-12-14,2005-12-15,FCX,buy,120.77080347736108,16.965586877255234,2048.9475586310878,5.122368896577719,rebalance,rebalance,0.0
2005-12-14,2005-12-15,MWW,buy,183.96363641035398,41.05,7551.70727464503,18.879268186612578,rebalance,rebalance,0.0
2005-12-14,2005-12-15,NSC,buy,273.783450001691,27.58277490695069,7551.707274645031,18.879268186612578,rebalance,rebalance,0.0
2005-12-14,2005-12-15,PAYX,buy,358.0044815463732,21.09389033909856,7551.70727464503,18.879268186612578,rebalance,rebalance,0.0
2005-12-14,2005-12-15,PFG,buy,281.5493910578533,26.82196273368352,7551.707274645029,18.879268186612574,rebalance,rebalance,0.0
2005-12-14,2005-12-15,QCOM,buy,260.47898279367223,28.991618416395635,7551.707274645029,18.879268186612574,rebalance,rebalance,0.0
2005-12-14,2005-12-15,SCHW,buy,662.0824860960481,11.405991599586741,7551.70727464503,18.879268186612578,rebalance,rebalance,0.0
2005-12-14,2005-12-15,VLO,buy,68.85152560467782,27.567069878853495,1898.0348176098241,4.745087044024561,rebalance,rebalance,0.0
2006-01-13,2006-01-17,AAPL,sell,464.82143324341087,2.56325460692903,1191.4556801605274,2.9786392004013185,rebalance,rebalance,279.2440430838311
2006-01-13,2006-01-17,AMD,sell,36.590956991529964,32.459999084472656,1187.742430445041,2.9693560761126028,rebalance,rebalance,237.89974207496596
2006-01-13,2006-01-17,AMGN,sell,142.396074066611,51.638196570828185,7353.076463565868,18.38269115891467,rebalance,rebalance,-235.89277042468893
2006-01-13,2006-01-17,BEN,sell,456.64688112398625,16.463643308882947,7518.071368939182,18.795178422347956,rebalance,rebalance,-71.31035231480816
2006-01-13,2006-01-17,ETFC,sell,1.2557578868665118,221.7,278.4015235183056,0.6960038087957641,rebalance,rebalance,33.16937364815963
2006-01-13,2006-01-17,FCX,sell,50.81254049150459,19.56110104223309,993.9492387668816,2.4848730969172044,rebalance,rebalance,170.51961666635233
2006-01-13,2006-01-17,MWW,sell,5.8326654289986095,43.3,252.5544130756398,0.6313860326890994,rebalance,rebalance,11.893533892906813
2006-01-13,2006-01-17,NSC,sell,273.783450001691,26.372360312718094,7220.315791103634,18.050789477759086,rebalance,rebalance,-368.3215412057686
2006-01-13,2006-01-17,PAYX,sell,358.0044815463732,18.52658963200842,6632.602116029588,16.58150529007397,rebalance,rebalance,-954.5659320921294
2006-01-13,2006-01-17,PFG,sell,281.5493910578533,25.550342980788745,7193.683507560368,17.98420876890092,rebalance,rebalance,-394.88724404017523
2006-01-13,2006-01-17,QCOM,sell,260.47898279367223,29.539807927101556,7694.499120771869,19.23624780192967,rebalance,rebalance,104.67633013829689
2006-01-13,2006-01-17,SCHW,sell,662.0824860960481,11.073990726850457,7331.895311437734,18.329738278594334,rebalance,rebalance,-257.0209696725034
2006-01-13,2006-01-17,VLO,sell,20.68062781416964,30.45529365920348,629.8345931372278,1.5745864828430696,rebalance,rebalance,96.77063784787131
2006-01-13,2006-01-17,A,buy,27.475948368108675,20.041130890926993,550.6490775976179,1.3766226939940447,rebalance,rebalance,0.0
2006-01-13,2006-01-17,AMZN,buy,3509.9299553883907,2.197499990463257,7713.071043492688,19.28267760873172,rebalance,rebalance,0.0
2006-01-13,2006-01-17,AON,buy,0.3524485444219181,29.54299797223554,10.412386633174094,0.026030966582935237,rebalance,rebalance,0.0
2006-01-13,2006-01-17,EOG,buy,279.3599760544787,27.6097927571004,7713.071043492687,19.282677608731717,rebalance,rebalance,0.0
2006-01-13,2006-01-17,HAL,buy,303.1545143663098,25.44270554444977,7713.071043492688,19.28267760873172,rebalance,rebalance,0.0
2006-01-13,2006-01-17,NEM,buy,191.67334234189443,40.24070822396687,7713.071043492689,19.28267760873172,rebalance,rebalance,0.0
2006-01-13,2006-01-17,NUE,buy,395.62673540625065,19.4958286516519,7713.071043492687,19.282677608731717,rebalance,rebalance,0.0
2006-01-13,2006-01-17,NVDA,buy,24105.81711309318,0.3199672098774573,7713.071043492688,19.28267760873172,rebalance,rebalance,0.0
2006-01-13,2006-01-17,SLB,buy,219.68934151613612,35.10899067866779,7713.071043492688,19.28267760873172,rebalance,rebalance,0.0
2006-02-13,2006-02-14,A,sell,384.8620661913118,20.582779065173693,7921.530878982024,19.80382719745506,rebalance,rebalance,-33.38689142808151
2006-02-13,2006-02-14,AMD,sell,60.36022491384975,39.29999923706055,2372.156793063098,5.930391982657746,rebalance,rebalance,804.2697866245848
2006-02-13,2006-02-14,AMZN,sell,3509.9299553883907,1.9019999504089355,6675.886601087556,16.68971650271889,rebalance,rebalance,-1073.156836516582
2006-02-13,2006-02-14,AON,sell,261.0794967640528,30.23249541441479,7893.084688716947,19.73271172179237,rebalance,rebalance,356.4190910533623
2006-02-13,2006-02-14,EOG,sell,279.3599760544787,22.400081191525434,6257.6861452829235,15.644215363207309,rebalance,rebalance,-1490.3117911817021
2006-02-13,2006-02-14,ETFC,sell,5.071211058924135,234.4,1188.6918722118173,2.9717296805295432,rebalance,rebalance,198.19346944989448
2006-02-13,2006-02-14,HAL,sell,303.1545143663098,25.522117683614717,7737.145191976027,19.342862979940065,rebalance,rebalance,-14.551392105332075
2006-02-13,2006-02-14,MWW,sell,29.62916952743197,46.91,1389.9043425318337,3.4747608563295844,rebalance,rebalance,167.11147905166914
2006-02-13,2006-02-14,NEM,sell,2.8219424787914704,36.887306693269466,104.09385768594603,0.2602346442148651,rebalance,rebalance,-10.007233281918857
2006-02-13,2006-02-14,NUE,sell,395.62673540625065,22.210974341036234,8787.255268736164,21.968138171840412,rebalance,rebalance,1032.9334094629062
2006-02-13,2006-02-14,NVDA,sell,3381.926984108988,0.33614439484316083,1136.8157994770718,2.8420394986926794,rebalance,rebalance,49.162754510955715
2006-02-13,2006-02-14,SLB,sell,219.68934151613612,37.10237295526782,8150.995883228884,20.37748970807221,rebalance,rebalance,398.26467241939275
2006-02-13,2006-02-14,VLO,sell,253.2587972981776,24.865104994924224,6297.306585707417,15.743266464268544,rebalance,rebalance,-227.15389815578098
2006-02-13,2006-02-14,AAPL,buy,568.6172594121081,1.947116827249871,1107.1642340660208,2.767910585165052,rebalance,rebalance,0.0
2006-02-13,2006-02-14,ADBE,buy,182.12338578309925,38.25,6966.219506203546,17.415548765508866,rebalance,rebalance,0.0
2006-02-13,2006-02-14,BRCM,buy,166.1869926278149,41.917958776742445,6966.219506203545,17.415548765508863,rebalance,rebalance,0.0
2006-02-13,2006-02-14,FCX,buy,30.892700670552358,16.383422228908834,506.1281588769544,1.265320397192386,rebalance,rebalance,0.0
2006-02-13,2006-02-14,GILD,buy,683.8564016328789,10.18667002249295,6966.219506203546,17.415548765508866,rebalance,rebalance,0.0
2006-02-13,2006-02-14,HPQ,buy,803.0255780977171,8.674965899225509,6966.219506203546,17.415548765508866,rebalance,rebalance,0.0
2006-02-13,2006-02-14,JNS,buy,391.23020751070464,17.805934645302,6966.219506203546,17.415548765508866,rebalance,rebalance,0.0
2006-02-13,2006-02-14,MCO,buy,139.09994943281148,50.08067605062928,6966.219506203546,17.415548765508866,rebalance,rebalance,0.0
2006-02-13,2006-02-14,MU,buy,441.2499769064662,15.787467129273546,6966.219506203546,17.415548765508866,rebalance,rebalance,0.0
2006-02-13,2006-02-14,NTAP,buy,300.5470690087112,23.178464289071584,6966.219506203546,17.415548765508866,rebalance,rebalance,0.0
2006-03-14,2006-03-15,AAPL,sell,3577.710083294134,2.025180737715171,7245.509545816621,18.113773864541553,rebalance,rebalance,231.40439363907083
2006-03-14,2006-03-15,FCX,sell,425.19929040902883,16.793710969025238,7140.673987363855,17.85168496840964,rebalance,rebalance,244.87696304564992
2006-03-14,2006-03-15,GILD,sell,683.8564016328789,10.787197380342475,7376.893984224623,18.442234960561557,rebalance,rebalance,374.8166942950072
2006-03-14,2006-03-15,HPQ,sell,803.0255780977171,9.11991541291114,7323.525346655249,18.308813366638123,rebalance,rebalance,321.5814783195561
2006-03-14,2006-03-15,MCO,sell,139.09994943281148,54.49645187735162,7580.4537004072545,18.951134251018136,rebalance,rebalance,577.8675111871815
2006-03-14,2006-03-15,MU,sell,441.2499769064662,14.76358018032592,6514.429413625575,16.286073534063938,rebalance,rebalance,-485.4917148775442
2006-03-14,2006-03-15,NEM,sell,188.85139986310296,34.20103898113063,6458.914088359072,16.14728522089768,rebalance,rebalance,-1175.7460616395947
2006-03-14,2006-03-15,NVDA,sell,235.41768076636072,0.3768937381505741,88.7274497307722,0.22181862432693047,rebalance,rebalance,12.991377789634297
2006-03-14,2006-03-15,ADBE,buy,23.030097086709787,37.63999938964844,866.8528402873006,2.1671321007182516,rebalance,rebalance,0.0
2006-03-14,2006-03-15,AMD,buy,42.30398618664273,35.16999816894531,1487.8311167233126,3.7195777918082813,rebalance,rebalance,0.0
2006-03-14,2006-03-15,BRCM,buy,15.78503213045849,42.43496757406268,669.8373266115436,1.6745933165288591,rebalance,rebalance,0.0
2006-03-14,2006-03-15,DRI,buy,385.94584362111203,20.007928826368257,7721.976970003863,19.30494242500966,rebalance,rebalance,0.0
2006-03-14,2006-03-15,ETFC,buy,0.5985642872840842,254.7,152.45432397125623,0.38113580992814056,rebalance,rebalance,0.0
2006-03-14,2006-03-15,IGT,buy,290.38140609772813,26.592532468849,7721.976970003862,19.304942425009656,rebalance,rebalance,0.0
2006-03-14,2006-03-15,JBL,buy,261.12602153271183,29.57184015855162,7721.976970003862,19.304942425009656,rebalance,rebalance,0.0
2006-03-14,2006-03-15,JNS,buy,24.941581438648882,18.554782364029,462.78561540883527,1.1569640385220883,rebalance,rebalance,0.0
2006-03-14,2006-03-15,MWW,buy,9.411838014458255,48.9,460.23887890700865,1.1505971972675217,rebalance,rebalance,0.0
2006-03-14,2006-03-15,NSC,buy,230.47805745622395,33.50417412933352,7721.976970003863,19.30494242500966,rebalance,rebalance,0.0
2006-03-14,2006-03-15,NTAP,buy,8.68395252686804,24.971546941371127,216.85172816132368,0.5421293204033092,rebalance,rebalance,0.0
2006-03-14,2006-03-15,NUE,buy,287.4866558174478,26.860297038994638,7721.976970003863,19.30494242500966,rebalance,rebalance,0.0
2006-03-14,2006-03-15,SBUX,buy,580.8381299115925,13.294542097605058,7721.976970003863,19.30494242500966,rebalance,rebalance,0.0
2006-03-14,2006-03-15,SLB,buy,199.7255009329123,38.66294956795563,7721.976970003863,19.30494242500966,rebalance,rebalance,0.0
2006-04-11,2006-04-12,ADBE,sell,205.15348286980904,37.0,7590.678866182934,18.976697165457335,rebalance,rebalance,-280.9528583395965
2006-04-11,2006-04-12,DRI,sell,385.94584362111203,19.29599276127357,7447.208204756599,18.618020511891498,rebalance,rebalance,-312.6917281841647
2006-04-11,2006-04-12,IGT,sell,290.38140609772813,27.295823578675,7926.199631371169,19.815499078427923,rebalance,rebalance,165.1022198638689
2006-04-11,2006-04-12,JBL,sell,261.12602153271183,32.16860031050406,8400.058617357883,21.00014654339471,rebalance,rebalance,637.7765583856177
2006-04-11,2006-04-12,MWW,sell,0.049402100613349376,50.64,2.5017223750600124,0.006254305937650031,rebalance,rebalance,0.43927044269615073
2006-04-11,2006-04-12,NSC,sell,230.47805745622395,34.10189700135688,7859.738976444963,19.649347441112408,rebalance,rebalance,98.80771657497719
2006-04-11,2006-04-12,NTAP,sell,6.990498924234316,26.449944273633,184.8983069908891,0.46224576747722274,rebalance,rebalance,21.64907880523439
2006-04-11,2006-04-12,NUE,sell,20.585461166092784,29.95207642568415,616.5773061047643,1.5414432652619108,rebalance,rebalance,60.72193222954643
2006-04-11,2006-04-12,NVDA,sell,2708.3645535629475,0.4496173492123209,1217.7276912735833,3.0443192281839586,rebalance,rebalance,345.92905288702144
2006-04-11,2006-04-12,SBUX,sell,580.8381299115925,13.866662963794493,8054.286584004734,20.135716460011835,rebalance,rebalance,292.8689551158504
2006-04-11,2006-04-12,SLB,sell,2.647632566154215,40.56389003267812,107.39827626041694,0.26849569065104234,rebalance,rebalance,4.508582979119301
2006-04-11,2006-04-12,ADM,buy,360.0043763998756,22.205966105879124,7994.244980303788,19.985612450759472,rebalance,rebalance,0.0
2006-04-11,2006-04-12,AMD,buy,10.820211230921672,34.70000076293945,375.46133796814803,0.9386533449203701,rebalance,rebalance,0.0
2006-04-11,2006-04-12,BRCM,buy,16.21942154379431,40.33597377416376,654.226162022594,1.6355654050564852,rebalance,rebalance,0.0
2006-04-11,2006-04-12,ETFC,buy,0.4291652967649746,260.0,111.5829771588934,0.2789574428972335,rebalance,rebalance,0.0
2006-04-11,2006-04-12,JNS,buy,2.8362897795273625,19.078975767139,54.113503972186564,0.1352837599304664,rebalance,rebalance,0.0
2006-04-11,2006-04-12,MON,buy,228.75689343858355,34.94646591907,7994.244980303788,19.985612450759472,rebalance,rebalance,0.0
2006-04-11,2006-04-12,PMCS,buy,640.5645016269061,12.48,7994.244980303789,19.985612450759472,rebalance,rebalance,0.0
2006-04-11,2006-04-12,RAI,buy,1116.0973419503205,7.1626771965376,7994.244980303788,19.985612450759472,rebalance,rebalance,0.0
2006-04-11,2006-04-12,ROK,buy,172.0113219617247,46.4751092493937,7994.244980303788,19.985612450759472,rebalance,rebalance,0.0
2006-04-11,2006-04-12,X,buy,143.52933859402233,55.697636863748,7994.244980303787,19.98561245075947,rebalance,rebalance,0.0
2006-05-10,2006-05-11,ADM,sell,53.046205009243295,27.359093534353686,1451.2960844903882,3.628240211225971,rebalance,rebalance,266.7807582221884
2006-05-10,2006-05-11,JNS,sell,419.0080787288809,16.342144071064,6847.490389527098,17.118725973817746,rebalance,rebalance,-671.4547585952492
2006-05-10,2006-05-11,MON,sell,228.75689343858355,37.057185462452,8477.086625967959,21.1927165649199,rebalance,rebalance,441.66331664849247
2006-05-10,2006-05-11,MWW,sell,17.42782729735896,59.8,1042.1840723820658,2.6054601809551645,rebalance,rebalance,314.20344236648765
2006-05-10,2006-05-11,NTAP,sell,302.24052261134494,26.310884827291208,7952.215580567401,19.880538951418504,rebalance,rebalance,894.0931115833769
2006-05-10,2006-05-11,NUE,sell,17.564052922371104,33.68169404676484,591.5870567524894,1.4789676418812234,rebalance,rebalance,117.15297121033976
2006-05-10,2006-05-11,RAI,sell,1116.0973419503205,7.854436478555,8766.31567623287,21.915789190582178,rebalance,rebalance,730.1692942877412
2006-05-10,2006-05-11,ROK,sell,172.0113219617247,49.62090612255849,8535.357659079924,21.33839414769981,rebalance,rebalance,499.78867217767623
2006-05-10,2006-05-11,SLB,sell,20.959171161363315,47.68430300399265,999.423468370993,2.4985586709274825,rebalance,rebalance,184.55567365813073
2006-05-10,2006-05-11,X,sell,21.919840054872083,69.057906027849,1513.7382546548367,3.784345636637092,rebalance,rebalance,286.0184093017771
2006-05-10,2006-05-11,AMD,buy,23.337269373618085,33.099998474121094,772.4635806569115,1.931158951642279,rebalance,rebalance,0.0
2006-05-10,2006-05-11,BRCM,buy,34.13858717538315,36.14727375755132,1234.0168563246054,3.0850421408115136,rebalance,rebalance,0.0
2006-05-10,2006-05-11,CAT,buy,171.22917488455565,49.04594867009408,8398.097322210479,20.9952433055262,rebalance,rebalance,0.0
2006-05-10,2006-05-11,CTXS,buy,241.8803416758827,34.72004902929998,8398.097322210479,20.9952433055262,rebalance,rebalance,0.0
2006-05-10,2006-05-11,ETFC,buy,0.9797544024921088,264.7,259.3409903396612,0.6483524758491529,rebalance,rebalance,0.0
2006-05-10,2006-05-11,IGT,buy,281.40997537833925,29.84292689312,8398.097322210479,20.9952433055262,rebalance,rebalance,0.0
2006-05-10,2006-05-11,JBL,buy,282.72832193536505,29.703770972511133,8398.097322210479,20.9952433055262,rebalance,rebalance,0.0
2006-05-10,2006-05-11,NCR,buy,903.4727161626275,9.295352446148245,8398.097322210479,20.9952433055262,rebalance,rebalance,0.0
2006-05-10,2006-05-11,NVDA,buy,672.7208491887759,0.45511164921054725,306.16309513262365,0.7654077378315591,rebalance,rebalance,0.0
2006-05-10,2006-05-11,PMCS,buy,126.38502551560339,10.95,1383.916029395857,3.4597900734896427,rebalance,rebalance,0.0
2006-06-08,2006-06-09,ADM,sell,109.4110571245366,24.829779785190528,2716.6524544671447,6.791631136167862,rebalance,rebalance,274.20865164982297
2006-06-08,2006-06-09,AMD,sell,253.71896402884875,27.399999618530273,6951.899517604352,17.37974879401088,rebalance,rebalance,-294.762180925791
2006-06-08,2006-06-09,BRCM,sell,232.33003347745085,28.429292130489355,6604.978392416822,16.512445981042056,rebalance,rebalance,-2959.644654354415
2006-06-08,2006-06-09,CAT,sell,51.95158057181702,41.12299022032821,2136.4043397854243,5.341010849463561,rebalance,rebalance,-423.32126150477217
2006-06-08,2006-06-09,CTXS,sell,71.81050624839045,28.84139525447034,2071.115194133441,5.177787985333603,rebalance,rebalance,-433.56005235926915
2006-06-08,2006-06-09,ETFC,sell,31.7268504805836,227.5,7217.858484332769,18.044646210831925,rebalance,rebalance,887.8177622001846
2006-06-08,2006-06-09,IGT,sell,103.39619840645332,27.554335556858,2849.013546194881,7.1225338654872035,rebalance,rebalance,-251.46829071609872
2006-06-08,2006-06-09,JBL,sell,282.72832193536505,27.04014078577456,7645.013629258065,19.112534073145163,rebalance,rebalance,-793.1914703310849
2006-06-08,2006-06-09,MWW,sell,25.050586865821572,42.51,1064.900447666075,2.6622511191651874,rebalance,rebalance,19.59109015712075
2006-06-08,2006-06-09,NCR,sell,903.4727161626275,8.3644804980067,7557.07991482344,18.8926997870586,rebalance,rebalance,-880.9053504796226
2006-06-08,2006-06-09,NUE,sell,72.28985100131749,27.704752353267924,2002.7724196461384,5.006931049115346,rebalance,rebalance,51.18430061997134
2006-06-08,2006-06-09,NVDA,sell,3642.211741432171,0.3311848077381501,1206.2451953278464,3.0156129883196163,rebalance,rebalance,16.938258140374206
2006-06-08,2006-06-09,PMCS,sell,227.93289588679227,9.1,2074.1893525698097,5.185473381424524,rebalance,rebalance,-725.0983396501197
2006-06-08,2006-06-09,SLB,sell,50.55860310159201,39.065368494960936,1975.0904607541668,4.937726151885417,rebalance,rebalance,10.521150854286581
2006-06-08,2006-06-09,X,sell,33.23684167030562,55.504174234647,1844.7834510780192,4.611958627695048,rebalance,rebalance,-15.670079244872312
2006-06-08,2006-06-09,CSX,buy,1979.8363507041888,2.477503427332464,4905.051344427026,12.262628361067566,rebalance,rebalance,0.0
2006-06-08,2006-06-09,DE,buy,179.45829768604818,27.332541362941754,4905.051344427026,12.262628361067566,rebalance,rebalance,0.0
2006-06-08,2006-06-09,GLW,buy,329.2324135118059,14.898446031198981,4905.051344427026,12.262628361067566,rebalance,rebalance,0.0
2006-06-08,2006-06-09,MRO,buy,277.8819091505538,17.651567744806,4905.051344427027,12.262628361067568,rebalance,rebalance,0.0
2006-06-08,2006-06-09,ODP,buy,122.27825465709886,40.113848191423,4905.051344427026,12.262628361067566,rebalance,rebalance,0.0
2006-06-09,2006-06-12,ADM,sell,197.5471142660957,25.311910717339174,5000.294918771414,12.500737296928534,market_trend_exit,risk_exit,590.1028464580662
2006-06-09,2006-06-12,CAT,sell,119.27759431273863,41.43190426379818,4941.897868381545,12.354744670953863,market_trend_exit,risk_exit,-935.1648513646795
2006-06-09,2006-06-12,CSX,sell,1979.8363507041888,2.4351666549088438,4821.231463411252,12.053078658528129,market_trend_exit,risk_exit,-108.13558803536944
2006-06-09,2006-06-12,CTXS,sell,170.06983542749225,28.193543613978907,4794.8713225472175,11.987178306368044,market_trend_exit,risk_exit,-1136.710962767779
2006-06-09,2006-06-12,DE,sell,179.45829768604818,27.08752790838628,4861.081646962323,12.152704117405808,market_trend_exit,risk_exit,-68.38502994317597
2006-06-09,2006-06-12,GLW,sell,329.2324135118059,14.571007929656103,4797.24810798034,11.99312026995085,market_trend_exit,risk_exit,-132.05898507770362
2006-06-09,2006-06-12,IGT,sell,178.01377697188593,27.607558611189,4914.525781350468,12.28631445337617,market_trend_exit,risk_exit,-423.4937955734193
2006-06-09,2006-06-12,MRO,sell,277.8819091505538,17.53074772669,4871.477647129347,12.178694117823369,market_trend_exit,risk_exit,-58.01501977656978
2006-06-09,2006-06-12,MWW,sell,115.38582320458778,39.54,4562.3554495094,11.405888623773501,market_trend_exit,risk_exit,-251.6003884255736
2006-06-09,2006-06-12,NUE,sell,177.04729072766642,28.104144019108652,4975.762556803337,12.439406392008344,market_trend_exit,risk_exit,195.89147446973206
2006-06-09,2006-06-12,NVDA,sell,14810.617002411489,0.3201962517279181,4742.304049949933,11.855760124874832,market_trend_exit,risk_exit,-93.46303200505177
2006-06-09,2006-06-12,ODP,sell,122.27825465709886,39.69589435759,4853.944679098683,12.134861697746707,market_trend_exit,risk_exit,-75.50415538715663
2006-06-09,2006-06-12,PMCS,sell,539.0166312557172,9.12,4915.831677052141,12.289579192630352,market_trend_exit,risk_exit,-1703.9620955258802
2006-06-09,2006-06-12,SLB,sell,125.56009410380275,38.57471309877193,4843.444606708997,12.108611516772491,market_trend_exit,risk_exit,-35.323899856072686
2006-06-09,2006-06-12,X,sell,88.37265686884463,54.445242535425,4811.470736724138,12.028676841810345,market_trend_exit,risk_exit,-135.01146146059938
2006-07-07,2006-07-10,ADM,buy,224.84126950591204,26.366568432977953,5928.292718985269,14.820731797463173,rebalance,rebalance,0.0
2006-07-07,2006-07-10,BIG,buy,382.2108041543697,15.510531503947,5928.292718985269,14.820731797463173,rebalance,rebalance,0.0
2006-07-07,2006-07-10,CMCSA,buy,891.6734130395807,6.648502279300455,5928.292718985269,14.820731797463173,rebalance,rebalance,0.0
2006-07-07,2006-07-10,CSX,buy,2237.7637915613577,2.6492039693112175,5928.292718985269,14.820731797463173,rebalance,rebalance,0.0
2006-07-07,2006-07-10,CTXS,buy,196.3460368075317,30.193085714261095,5928.292718985269,14.820731797463173,rebalance,rebalance,0.0
2006-07-07,2006-07-10,DE,buy,213.36569934053324,27.784656752741075,5928.292718985269,14.820731797463173,rebalance,rebalance,0.0
2006-07-07,2006-07-10,DIS,buy,247.14910656891675,23.98670503521397,5928.292718985269,14.820731797463173,rebalance,rebalance,0.0
2006-07-07,2006-07-10,GS,buy,55.12233305962071,107.54792821583196,5928.292718985269,14.820731797463173,rebalance,rebalance,0.0
2006-07-07,2006-07-10,JCP,buy,112.29986004717843,52.789849573229446,5928.292718985269,14.820731797463173,rebalance,rebalance,0.0
2006-07-07,2006-07-10,LXK,buy,130.5983307781404,45.39332687992938,5928.292718985269,14.820731797463173,rebalance,rebalance,0.0
2006-07-07,2006-07-10,NUE,buy,190.7864684516647,31.07292025003958,5928.292718985269,14.820731797463173,rebalance,rebalance,0.0
2006-07-07,2006-07-10,ODP,buy,161.9961902845171,36.59526010194,5928.292718985269,14.820731797463173,rebalance,rebalance,0.0
2006-07-07,2006-07-10,TMO,buy,174.08889314820047,34.053250680033685,5928.292718985269,14.820731797463173,rebalance,rebalance,0.0
2006-07-07,2006-07-10,WM,buy,288.37182804818696,20.55780815730256,5928.292718985269,14.820731797463173,rebalance,rebalance,0.0
2006-07-07,2006-07-10,X,buy,96.22837591111464,61.606492501351,5928.292718985269,14.820731797463173,rebalance,rebalance,0.0
2006-07-13,2006-07-14,ADM,sell,224.84126950591204,25.088920741345138,5641.024790017249,14.102561975043123,market_trend_exit,risk_exit,-316.1912227405264
2006-07-13,2006-07-14,BIG,sell,382.2108041543697,15.237591325783,5823.972034003169,14.559930085007922,market_trend_exit,risk_exit,-133.70134686456962
2006-07-13,2006-07-14,CMCSA,sell,891.6734130395807,6.491386777855656,5788.197003570559,14.470492508926398,market_trend_exit,risk_exit,-169.38693972109888
2006-07-13,2006-07-14,CSX,sell,2237.7637915613577,2.5284655526973494,5658.108662036305,14.145271655090763,market_trend_exit,risk_exit,-299.15006040151815
2006-07-13,2006-07-14,CTXS,sell,196.3460368075317,27.961596730346173,5490.148700813907,13.72537175203477,market_trend_exit,risk_exit,-466.69012172085854
2006-07-13,2006-07-14,DE,sell,213.36569934053324,26.11588445567053,5572.233950780704,13.930584876951759,market_trend_exit,risk_exit,-384.81008487897986
2006-07-13,2006-07-14,DIS,sell,247.14910656891675,22.713779577366157,5613.690329349353,14.034225823373383,market_trend_exit,risk_exit,-343.4573472567521
2006-07-13,2006-07-14,GS,sell,55.12233305962071,103.11624917000177,5684.008230607675,14.210020576519186,market_trend_exit,risk_exit,-273.3152407515763
2006-07-13,2006-07-14,JCP,sell,112.29986004717843,49.73056853042356,5584.7358860331815,13.961839715082954,market_trend_exit,risk_exit,-372.33940446463254
2006-07-13,2006-07-14,LXK,sell,130.5983307781404,45.385094502910896,5927.217584288318,14.818043960720795,market_trend_exit,risk_exit,-30.713910455134574
2006-07-13,2006-07-14,NUE,sell,190.7864684516647,28.88186566935328,5510.269153351287,13.775672883378219,market_trend_exit,risk_exit,-446.61997031482264
2006-07-13,2006-07-14,ODP,sell,161.9961902845171,34.398572510164,5572.437697872287,13.931094244680716,market_trend_exit,risk_exit,-384.60684715512554
2006-07-13,2006-07-14,TMO,sell,174.08889314820047,33.079762573419686,5758.819252011901,14.397048130029752,market_trend_exit,risk_exit,-198.6912469008617
2006-07-13,2006-07-14,WM,sell,288.37182804818696,20.10819192230786,5798.636063379704,14.49659015844926,market_trend_exit,risk_exit,-158.97397756147708
2006-07-13,2006-07-14,X,sell,96.22837591111464,59.093773215061,5686.497822945047,14.216244557362618,market_trend_exit,risk_exit,-270.8318723950472
2006-08-04,2006-08-07,ADM,buy,274.11873554087646,24.130680724335054,6614.671687895326,16.536679219738314,rebalance,rebalance,0.0
2006-08-04,2006-08-07,BCR,buy,100.15955620528483,66.04134381684,6614.671687895326,16.536679219738314,rebalance,rebalance,0.0
2006-08-04,2006-08-07,BIG,buy,415.8647558779955,15.905824175771,6614.671687895326,16.536679219738314,rebalance,rebalance,0.0
2006-08-04,2006-08-07,CMCSA,buy,919.4350930362905,7.19427802788276,6614.671687895326,16.536679219738314,rebalance,rebalance,0.0
2006-08-04,2006-08-07,CMI,buy,343.43887026889104,19.260113692769995,6614.671687895326,16.536679219738314,rebalance,rebalance,0.0
2006-08-04,2006-08-07,CSX,buy,2725.966702213772,2.426541631093115,6614.671687895326,16.536679219738314,rebalance,rebalance,0.0
2006-08-04,2006-08-07,CTXS,buy,266.7817122117935,24.794322043499182,6614.671687895327,16.536679219738318,rebalance,rebalance,0.0
2006-08-04,2006-08-07,DGX,buy,150.52126033284068,43.94509900640354,6614.671687895326,16.536679219738314,rebalance,rebalance,0.0
2006-08-04,2006-08-07,DIS,buy,278.0698068834475,23.78780983822474,6614.671687895325,16.53667921973831,rebalance,rebalance,0.0
2006-08-04,2006-08-07,JCP,buy,134.79750054738264,49.07117462144785,6614.671687895326,16.536679219738314,rebalance,rebalance,0.0
2006-08-04,2006-08-07,MRO,buy,316.1049833373991,20.925553333764,6614.671687895326,16.536679219738314,rebalance,rebalance,0.0
2006-08-04,2006-08-07,NUE,buy,225.25232131083894,29.365609417038375,6614.671687895326,16.536679219738314,rebalance,rebalance,0.0
2006-08-04,2006-08-07,PCAR,buy,526.5300929718616,12.562760944128643,6614.671687895326,16.536679219738314,rebalance,rebalance,0.0
2006-08-04,2006-08-07,PFG,buy,232.43280722073908,28.45842532725356,6614.671687895326,16.536679219738314,rebalance,rebalance,0.0
2006-08-04,2006-08-07,RAI,buy,756.6775850157329,8.7417307171294,6614.671687895326,16.536679219738314,rebalance,rebalance,0.0
2006-09-01,2006-09-05,ADM,sell,11.002777647480855,25.295225615980094,278.3177429954909,0.6957943574887273,rebalance,rebalance,11.453672859560811
2006-09-01,2006-09-05,BCR,sell,100.15955620528483,70.228697403428,7034.075164802588,17.58518791200647,rebalance,rebalance,385.2816097755172
2006-09-01,2006-09-05,BIG,sell,29.650830270377014,17.232878145466,510.96914496130177,1.2774228624032544,rebalance,rebalance,36.891776920287626
2006-09-01,2006-09-05,CMCSA,sell,3.0042125670941005,7.262498088967302,21.818088027372458,0.05454522006843115,rebalance,rebalance,0.0963694936133436
2006-09-01,2006-09-05,CMI,sell,343.43887026889104,18.735418166202898,6434.470849015981,16.086177122539954,rebalance,rebalance,-212.82369522162227
2006-09-01,2006-09-05,CSX,sell,2725.966702213772,2.3897076331465223,6514.263435983504,16.28565858995876,rebalance,rebalance,-133.23058972151838
2006-09-01,2006-09-05,CTXS,sell,266.7817122117935,24.234450255420168,6465.308133652528,16.163270334131322,rebalance,rebalance,-182.06350379666748
2006-09-01,2006-09-05,DGX,sell,150.52126033284068,45.219176814606435,6806.447485348129,17.01611871337032,rebalance,rebalance,158.22299951969532
2006-09-01,2006-09-05,DIS,sell,278.0698068834475,23.724164714626912,6596.973900667404,16.49243475166851,rebalance,rebalance,-50.726901199327
2006-09-01,2006-09-05,JCP,sell,134.79750054738264,49.14784833179386,6625.007112407662,16.562517781019157,rebalance,rebalance,-22.763772488421008
2006-09-01,2006-09-05,PCAR,sell,2.5464523959469716,12.701880369324055,32.34473369949704,0.0808618342487426,rebalance,rebalance,0.19342297759817012
2006-09-01,2006-09-05,PFG,sell,232.43280722073908,28.463796243254215,6615.920064978704,16.53980016244676,rebalance,rebalance,-31.828102298805767
2006-09-01,2006-09-05,RAI,sell,28.14977897763606,9.1356533860701,257.1666236341658,0.6429165590854145,rebalance,rebalance,9.830725036952789
2006-09-01,2006-09-05,CVS,buy,297.3289014202635,22.38456297482748,6655.57751807816,16.638943795195402,rebalance,rebalance,0.0
2006-09-01,2006-09-05,CVX,buy,218.9217892886352,30.401622148735417,6655.57751807816,16.638943795195402,rebalance,rebalance,0.0
2006-09-01,2006-09-05,ECL,buy,190.50672014860743,34.93618237134304,6655.57751807816,16.638943795195402,rebalance,rebalance,0.0
2006-09-01,2006-09-05,INTU,buy,245.92747913080507,27.063171393458475,6655.57751807816,16.638943795195402,rebalance,rebalance,0.0
2006-09-01,2006-09-05,MRK,buy,338.63770352535903,19.653976650534883,6655.57751807816,16.638943795195402,rebalance,rebalance,0.0
2006-09-01,2006-09-05,MRO,buy,16.807541205224993,19.991970945587,336.01587544161436,0.8400396886040359,rebalance,rebalance,0.0
2006-09-01,2006-09-05,NUE,buy,12.207582898577584,28.02821613289538,342.15677194157,0.8553919298539251,rebalance,rebalance,0.0
2006-09-01,2006-09-05,T,buy,1120.574539919184,5.939433104162943,6655.577518078161,16.638943795195402,rebalance,rebalance,0.0
2006-09-01,2006-09-05,VLO,buy,230.39449423153323,28.88774551786679,6655.57751807816,16.638943795195402,rebalance,rebalance,0.0
2006-09-01,2006-09-05,WMB,buy,785.2058121772374,8.476220393253861,6655.57751807816,16.638943795195402,rebalance,rebalance,0.0
2006-10-02,2006-10-03,ADM,sell,263.1159578933956,22.848467536911475,6011.796422370616,15.02949105592654,rebalance,rebalance,-368.2731600219332
2006-10-02,2006-10-03,BIG,sell,42.58164608335147,18.936401326421,806.3431393739663,2.0158578484349157,rebalance,rebalance,125.33786536954335
2006-10-02,2006-10-03,CMCSA,sell,53.83064575508865,7.543655208882565,406.07983124788666,1.0151995781197167,rebalance,rebalance,16.82381810723588
2006-10-02,2006-10-03,CVS,sell,297.3289014202635,20.70570600220538,6156.404818766681,15.391012046916703,rebalance,rebalance,-531.202655153591
2006-10-02,2006-10-03,CVX,sell,218.9217892886352,29.601467646317797,6480.406262701537,16.201015656753842,rebalance,rebalance,-208.01121482857158
2006-10-02,2006-10-03,ECL,sell,190.50672014860743,33.841361855505475,6447.0068524545395,16.11751713113635,rebalance,rebalance,-241.3271265499517
2006-10-02,2006-10-03,INTU,sell,245.92747913080507,28.138701589666162,6920.079947960577,17.30019986990144,rebalance,rebalance,230.5632862173203
2006-10-02,2006-10-03,MRK,sell,338.63770352535903,20.10468490019265,6808.204324702202,17.020510811755507,rebalance,rebalance,118.96735201709095
2006-10-02,2006-10-03,MRO,sell,332.9125245426241,17.780954158867,5919.502337805085,14.798755844512712,rebalance,rebalance,-1063.3607002847095
2006-10-02,2006-10-03,NUE,sell,237.45990420941652,28.245595165911826,6707.19632243538,16.767990806088452,rebalance,rebalance,-283.79219935719465
2006-10-02,2006-10-03,PCAR,sell,523.9836405759146,13.083533673036644,6855.557605595309,17.138894013988274,rebalance,rebalance,239.28079335390728
2006-10-02,2006-10-03,T,sell,44.96994057543088,6.049768435124342,272.05772702265915,0.6801443175566478,rebalance,rebalance,3.6138890747830947
2006-10-02,2006-10-03,VLO,sell,230.39449423153323,25.43542933129111,5860.182876344721,14.650457190861802,rebalance,rebalance,-826.6840427194961
2006-10-02,2006-10-03,WMB,sell,785.2058121772374,8.144955672148079,6395.466533696628,15.988666334241572,rebalance,rebalance,-292.7385945109679
2006-10-02,2006-10-03,AES,buy,515.8061854025462,12.615511286872364,6507.158753784402,16.267896884461003,rebalance,rebalance,0.0
2006-10-02,2006-10-03,CNP,buy,984.8082258333374,6.607538993978338,6507.158753784402,16.267896884461003,rebalance,rebalance,0.0
2006-10-02,2006-10-03,DGX,buy,168.38024597649988,38.645618528747,6507.158753784402,16.267896884461003,rebalance,rebalance,0.0
2006-10-02,2006-10-03,FE,buy,275.1356199510856,23.650731791620668,6507.158753784402,16.267896884461003,rebalance,rebalance,0.0
2006-10-02,2006-10-03,KR,buy,810.1363578474484,8.032177164686297,6507.158753784402,16.267896884461003,rebalance,rebalance,0.0
2006-10-02,2006-10-03,LH,buy,110.63305056078194,58.81749369470166,6507.158753784402,16.267896884461003,rebalance,rebalance,0.0
2006-10-02,2006-10-03,LXK,buy,134.2678747688235,48.46400350782449,6507.1587537844025,16.267896884461006,rebalance,rebalance,0.0
2006-10-02,2006-10-03,MO,buy,1219.8171045297054,5.334536406827321,6507.158753784402,16.267896884461003,rebalance,rebalance,0.0
2006-10-02,2006-10-03,PNW,buy,341.2708944145292,19.067429600018556,6507.158753784402,16.267896884461003,rebalance,rebalance,0.0
2006-10-02,2006-10-03,PPL,buy,498.8242875499181,13.044991826171296,6507.158753784402,16.267896884461003,rebalance,rebalance,0.0
2006-10-02,2006-10-03,RAI,buy,12.319327895342099,8.7834027503561,108.2056185184864,0.270514046296216,rebalance,rebalance,0.0
2006-10-02,2006-10-03,SWY,buy,286.33029898794956,22.726057203112344,6507.1587537844025,16.267896884461006,rebalance,rebalance,0.0
2006-10-30,2006-10-31,AES,sell,21.048335354606536,13.549995433292109,285.2048479333194,0.7130121198332985,rebalance,rebalance,18.292484796982954
2006-10-30,2006-10-31,BIG,sell,4.11890608536055,19.745810130632,81.33113750743414,0.20332784376858534,rebalance,rebalance,15.449427183431794
2006-10-30,2006-10-31,CMCSA,sell,62.88905842736381,8.382984766904439,527.198018801554,1.317995047003885,rebalance,rebalance,72.3075490882361
2006-10-30,2006-10-31,CNP,sell,48.8657180941284,7.162797451019287,350.0152410068499,0.8750381025171248,rebalance,rebalance,25.450859784187347
2006-10-30,2006-10-31,DGX,sell,168.38024597649988,35.703920318654134,6011.834885580335,15.029587213950839,rebalance,rebalance,-526.6213523024782
2006-10-30,2006-10-31,FE,sell,275.1356199510856,24.542836728706316,6752.608598710885,16.881521496777214,rebalance,rebalance,212.30042654524573
2006-10-30,2006-10-31,KR,sell,810.1363578474484,7.899870713095366,6399.972486972804,15.99993121743201,rebalance,rebalance,-139.45409491348906
2006-10-30,2006-10-31,LH,sell,110.63305056078194,55.47743007250461,6137.637326193647,15.344093315484118,rebalance,rebalance,-401.13341779069975
2006-10-30,2006-10-31,LXK,sell,134.2678747688235,51.86397521645903,6963.665729376888,17.40916432344222,rebalance,rebalance,422.8299143845824
2006-10-30,2006-10-31,MO,sell,1219.8171045297054,5.707361272322563,6961.936901709484,17.40484225427371,rebalance,rebalance,421.1054087863492
2006-10-30,2006-10-31,PNW,sell,341.2708944145292,20.22555160522461,6902.392086342219,17.255980215855548,rebalance,rebalance,361.70945545750146
2006-10-30,2006-10-31,PPL,sell,498.8242875499181,13.5852741500045,6776.664699046313,16.941661747615782,rebalance,rebalance,236.29638662983524
2006-10-30,2006-10-31,RAI,sell,740.847133933439,8.9756059320212,6649.551930053879,16.623879825134697,rebalance,rebalance,139.93653258702588
2006-10-30,2006-10-31,T,sell,38.50308082793731,6.464137299045686,248.8892009080404,0.6222230022701011,rebalance,rebalance,19.00878884185365
2006-10-30,2006-10-31,BAX,buy,387.61771453743046,17.295305032008887,6703.966608735005,16.759916521837514,rebalance,rebalance,0.0
2006-10-30,2006-10-31,BXP,buy,146.473088552078,45.76927185058594,6703.966608735005,16.759916521837514,rebalance,rebalance,0.0
2006-10-30,2006-10-31,FRX,buy,136.2871845646474,49.19,6703.966608735005,16.759916521837514,rebalance,rebalance,0.0
2006-10-30,2006-10-31,GEN,buy,966.8525355271246,6.933804652102428,6703.966608735005,16.759916521837514,rebalance,rebalance,0.0
2006-10-30,2006-10-31,GILD,buy,564.6256606098503,11.87329424860725,6703.966608735005,16.759916521837514,rebalance,rebalance,0.0
2006-10-30,2006-10-31,HUM,buy,124.84270626291948,53.69930538526145,6703.966608735005,16.759916521837514,rebalance,rebalance,0.0
2006-10-30,2006-10-31,MRK,buy,307.28960753643327,21.81644430633783,6703.966608735005,16.759916521837514,rebalance,rebalance,0.0
2006-10-30,2006-10-31,ORCL,buy,455.41224269798016,14.720655222220135,6703.966608735005,16.759916521837514,rebalance,rebalance,0.0
2006-10-30,2006-10-31,PTC,buy,344.499841939056,19.459999084472656,6703.966608735005,16.759916521837514,rebalance,rebalance,0.0
2006-10-30,2006-10-31,SWY,buy,18.590060069722938,21.985959315583187,408.7203043671761,1.0218007609179403,rebalance,rebalance,0.0
2006-11-28,2006-11-29,AES,sell,494.7578500479397,14.316269628578326,7083.086782142029,17.70771695535507,rebalance,rebalance,808.1517655343146
2006-11-28,2006-11-29,BAX,sell,387.61771453743046,16.483420916439464,6389.265943388742,15.973164858471856,rebalance,rebalance,-347.4337467265724
2006-11-28,2006-11-29,BIG,sell,339.51337343890646,21.164157884057,7185.514639209821,17.963786598024555,rebalance,rebalance,1753.8102293115653
2006-11-28,2006-11-29,BXP,sell,146.473088552078,49.20528442018666,7207.249982108184,18.01812495527046,rebalance,rebalance,468.5053318960716
2006-11-28,2006-11-29,CMCSA,sell,799.7111762867439,8.234141717898977,6584.935158932741,16.462337897331853,rebalance,rebalance,800.7449154628817
2006-11-28,2006-11-29,CNP,sell,42.021900425002286,7.495947832716758,314.9939734174353,0.7874849335435883,rebalance,rebalance,35.850989460466025
2006-11-28,2006-11-29,GEN,sell,966.8525355271246,7.439945393417324,7193.330067808891,17.983325169522228,rebalance,rebalance,454.62021738252645
2006-11-28,2006-11-29,GILD,sell,564.6256606098503,11.317376847930683,6390.081379133488,15.975203447833719,rebalance,rebalance,-346.62034957118806
2006-11-28,2006-11-29,ORCL,sell,455.41224269798016,15.117650148269663,6884.76295834694,17.21190739586735,rebalance,rebalance,146.82452569422952
2006-11-28,2006-11-29,SWY,sell,304.9203590576725,22.85103007952333,6967.744296685928,17.419360741714822,rebalance,rebalance,17.15618014725656
2006-11-28,2006-11-29,AAPL,buy,2408.9706841651087,2.7815955931153664,6700.782239017775,16.751955597544438,rebalance,rebalance,0.0
2006-11-28,2006-11-29,ADBE,buy,167.18517796638153,40.08000183105469,6700.782239017775,16.751955597544438,rebalance,rebalance,0.0
2006-11-28,2006-11-29,CTSH,buy,386.9316391137777,17.31774184805653,6700.782239017775,16.751955597544438,rebalance,rebalance,0.0
2006-11-28,2006-11-29,FRX,buy,0.575197768232016,48.96,28.161682732639502,0.07040420683159876,rebalance,rebalance,0.0
2006-11-28,2006-11-29,GOOGL,buy,546.9229685318691,12.251784299725058,6700.782239017775,16.751955597544438,rebalance,rebalance,0.0
2006-11-28,2006-11-29,HAS,buy,464.7088930336243,14.419311400035841,6700.782239017775,16.751955597544438,rebalance,rebalance,0.0
2006-11-28,2006-11-29,HUM,buy,21.85628314942946,45.677085205971515,998.3313077023288,2.495828269255822,rebalance,rebalance,0.0
2006-11-28,2006-11-29,MRK,buy,9.604718770505144,21.145163175081628,203.09334565310067,0.5077333641327517,rebalance,rebalance,0.0
2006-11-28,2006-11-29,MS,buy,159.3984237598662,42.03794542606335,6700.782239017775,16.751955597544438,rebalance,rebalance,0.0
2006-11-28,2006-11-29,NEE,buy,914.2621068165039,7.329169817996897,6700.782239017775,16.751955597544438,rebalance,rebalance,0.0
2006-11-28,2006-11-29,NVDA,buy,12095.071502509785,0.5540093117785481,6700.782239017775,16.751955597544438,rebalance,rebalance,0.0
2006-11-28,2006-11-29,PTC,buy,8.35862671711402,18.989999771118164,158.73031944485743,0.39682579861214357,rebalance,rebalance,0.0
2006-11-28,2006-11-29,T,buy,31.14764451946553,6.2726772656469345,195.37912165570376,0.4884478041392594,rebalance,rebalance,0.0
2006-11-28,2006-11-29,TPR,buy,245.65297128362397,27.277432078284296,6700.782239017775,16.751955597544438,rebalance,rebalance,0.0
2006-12-27,2006-12-28,ADBE,sell,5.869315333731066,41.779998779296875,245.21998747859237,0.613049968696481,rebalance,rebalance,8.77666276360996
2006-12-27,2006-12-28,CNP,sell,893.9206073142067,7.846224987021652,7013.902205522299,17.534755513805745,rebalance,rebalance,1074.9856414832016
2006-12-27,2006-12-28,CTSH,sell,386.9316391137777,16.84968600054658,6519.676622743961,16.299191556859903,rebalance,rebalance,-214.1567634282181
2006-12-27,2006-12-28,FRX,sell,136.8623823328794,50.77,6948.503151040288,17.37125787760072,rebalance,rebalance,182.17328096637291
2006-12-27,2006-12-28,GOOGL,sell,546.9229685318691,11.579502209567227,6333.095722577845,15.832739306444612,rebalance,rebalance,-400.27121134391894
2006-12-27,2006-12-28,HAS,sell,8.273377478033979,14.766108933634253,122.16559308972596,0.3054139827243149,rebalance,rebalance,2.265531905721996
2006-12-27,2006-12-28,HUM,sell,146.69898941234894,48.0811279300014,7053.452877137071,17.633632192842676,rebalance,rebalance,-685.734416284199
2006-12-27,2006-12-28,MRK,sell,316.8943263069384,20.849828998178957,6607.192513992789,16.51798128498197,rebalance,rebalance,-333.65307156626966
2006-12-27,2006-12-28,MS,sell,159.3984237598662,44.04414157825347,7020.566743429989,17.551416858574974,rebalance,rebalance,285.4811319560948
2006-12-27,2006-12-28,NEE,sell,914.2621068165039,7.685840359657293,7026.872599875593,17.56718149968898,rebalance,rebalance,291.77122376058395
2006-12-27,2006-12-28,NVDA,sell,334.57944164614855,0.5730862713050818,191.7428846683275,0.47935721167081874,rebalance,rebalance,5.440000939518948
2006-12-27,2006-12-28,T,sell,1068.2491630352813,6.691613020585463,7148.3100085964115,17.870775021491028,rebalance,rebalance,759.377084935958
2006-12-27,2006-12-28,TPR,sell,1.836488121096636,27.642825687796684,50.76572100918356,0.1269143025229589,rebalance,rebalance,0.4188900209066908
2006-12-27,2006-12-28,AAPL,buy,400.0284282527223,2.399351610357802,959.8088535170696,2.399522133792674,rebalance,rebalance,0.0
2006-12-27,2006-12-28,BIG,buy,306.6826025694897,21.976390207352,6739.776543873359,16.849441359683397,rebalance,rebalance,0.0
2006-12-27,2006-12-28,CBRE,buy,200.9474168127759,33.540000915527344,6739.776543873359,16.849441359683397,rebalance,rebalance,0.0
2006-12-27,2006-12-28,CI,buy,171.149895118839,39.37937875564313,6739.776543873359,16.849441359683397,rebalance,rebalance,0.0
2006-12-27,2006-12-28,DTV,buy,270.6737567820626,24.9,6739.776543873358,16.849441359683393,rebalance,rebalance,0.0
2006-12-27,2006-12-28,GEN,buy,903.3121776973979,7.461181981464582,6739.776543873359,16.849441359683397,rebalance,rebalance,0.0
2006-12-27,2006-12-28,IFF,buy,210.9112962506389,31.955502923200786,6739.776543873359,16.849441359683397,rebalance,rebalance,0.0
2006-12-27,2006-12-28,IPG,buy,651.9193706174789,10.338359078807,6739.776543873359,16.849441359683397,rebalance,rebalance,0.0
2006-12-27,2006-12-28,JWN,buy,190.83143238319548,35.317958156598,6739.776543873359,16.849441359683397,rebalance,rebalance,0.0
2006-12-27,2006-12-28,PTC,buy,19.504868461400008,18.100000381469727,353.038126591857,0.8825953164796425,rebalance,rebalance,0.0
2006-12-27,2006-12-28,SPGI,buy,146.89091380512963,45.88286892145399,6739.7765438733595,16.8494413596834,rebalance,rebalance,0.0
2007-01-29,2007-01-30,AAPL,sell,2808.999112417831,2.5850898676755576,7261.51514382097,18.153787859552423,rebalance,rebalance,-436.381214304764
2007-01-29,2007-01-30,BIG,sell,27.592667443106677,24.451675271392,674.6869441903547,1.6867173604758867,rebalance,rebalance,65.09703217199034
2007-01-29,2007-01-30,CBRE,sell,16.55896032225769,37.0099983215332,612.847093733092,1.5321177343327301,rebalance,rebalance,54.53896276913362
2007-01-29,2007-01-30,CI,sell,171.149895118839,39.107830976709096,6693.301169989045,16.73325292497261,rebalance,rebalance,-80.05806816896992
2007-01-29,2007-01-30,GEN,sell,903.3121776973979,6.211752086136862,5611.151304244643,14.027878260611608,rebalance,rebalance,-1159.5025592490103
2007-01-29,2007-01-30,HAS,sell,17.018937138729996,15.530175237836072,264.3070761261933,0.6607676903154832,rebalance,rebalance,17.631450749142573
2007-01-29,2007-01-30,IFF,sell,210.9112962506389,32.090253970603406,6768.197061952176,16.92049265488044,rebalance,rebalance,-5.349415935745862
2007-01-29,2007-01-30,IPG,sell,46.33955151622888,11.268896766329,522.1956222343678,1.3054890555859193,rebalance,rebalance,40.61752274531815
2007-01-29,2007-01-30,JWN,sell,19.872866511265073,39.917370799287,793.2725813749009,1.9831814534372525,rebalance,rebalance,87.66565935520485
2007-01-29,2007-01-30,PTC,sell,372.36333711757004,19.68000030517578,7328.110588110051,18.32027647027513,rebalance,rebalance,76.01591923112765
2007-01-29,2007-01-30,SPGI,sell,146.89091380512963,44.719566174820635,6568.897940388369,16.422244850970923,rebalance,rebalance,-204.1502896956447
2007-01-29,2007-01-30,TPR,sell,5.404802631232656,28.62366663418745,154.7052687399827,0.38676317184995673,rebalance,rebalance,6.520796056476789
2007-01-29,2007-01-30,ADBE,buy,11.230701131363645,39.54999923706055,444.1742211770872,1.110435552942718,rebalance,rebalance,0.0
2007-01-29,2007-01-30,AMZN,buy,3660.0784648319022,1.8645000457763672,6824.216465224177,17.060541163060442,rebalance,rebalance,0.0
2007-01-29,2007-01-30,BRCM,buy,231.4229088129547,29.48807661362421,6824.216465224177,17.060541163060442,rebalance,rebalance,0.0
2007-01-29,2007-01-30,CSCO,buy,404.84793868204264,16.856246044971826,6824.216465224177,17.060541163060442,rebalance,rebalance,0.0
2007-01-29,2007-01-30,DTV,buy,11.435233099052653,24.19,276.6182886660837,0.6915457216652092,rebalance,rebalance,0.0
2007-01-29,2007-01-30,JNPR,buy,366.4563773982215,18.622179572027,6824.216465224177,17.060541163060442,rebalance,rebalance,0.0
2007-01-29,2007-01-30,LXK,buy,132.10334437413414,51.65816579099689,6824.216465224177,17.060541163060442,rebalance,rebalance,0.0
2007-01-29,2007-01-30,NVDA,buy,2957.7183595666593,0.4636580311252723,1371.3698712197474,3.428424678049369,rebalance,rebalance,0.0
2007-01-29,2007-01-30,SEE,buy,259.1142540378463,26.336708069435,6824.216465224178,17.060541163060446,rebalance,rebalance,0.0
2007-02-27,2007-02-28,ADBE,sell,172.5465637640141,38.209999084472656,6593.004043451882,16.482510108629707,rebalance,rebalance,-350.46704325581203
2007-02-27,2007-02-28,AMZN,sell,3660.0784648319022,1.9455000162124634,7120.682712669354,17.801706781673385,rebalance,rebalance,261.60399950044325
2007-02-27,2007-02-28,BRCM,sell,231.4229088129547,32.37651498428157,7492.667274888655,18.731668187221636,rebalance,rebalance,632.6586003141965
2007-02-27,2007-02-28,CSCO,sell,404.84793868204264,16.54207002522762,6697.022951247407,16.74255737811852,rebalance,rebalance,-160.99661251794976
2007-02-27,2007-02-28,DTV,sell,282.10898988111524,21.76,6138.6916198130675,15.34672904953267,rebalance,rebalance,-910.5909288572549
2007-02-27,2007-02-28,HAS,sell,13.79477885095622,15.562827960168692,214.68577000600519,0.536714425015013,rebalance,rebalance,14.740565604557444
2007-02-27,2007-02-28,IPG,sell,3.1741531377363117,10.995711390176,34.90207181077005,0.08725517952692513,rebalance,rebalance,1.9172428849306016
2007-02-27,2007-02-28,LXK,sell,132.10334437413414,49.50128301215368,6539.285036716014,16.348212591790034,rebalance,rebalance,-318.34018226301464
2007-02-27,2007-02-28,NVDA,sell,14718.210420430296,0.47449451339560855,6983.710091496248,17.459275228740623,rebalance,rebalance,-940.2581477284692
2007-02-27,2007-02-28,SEE,sell,259.1142540378463,26.045913731101,6748.867507168334,16.872168767920833,rebalance,rebalance,-109.28166798682554
2007-02-27,2007-02-28,TPR,sell,14.374907309220646,29.566033948255978,425.0089975074506,1.0625224937686266,rebalance,rebalance,30.855640860386096
2007-02-27,2007-02-28,AZO,buy,53.37533379682403,124.0999984741211,6623.878842741567,16.559697106853918,rebalance,rebalance,0.0
2007-02-27,2007-02-28,BIG,buy,0.7469242033640171,23.670501658026,17.68007059414772,0.044200176485369294,rebalance,rebalance,0.0
2007-02-27,2007-02-28,CBRE,buy,15.72873831601268,33.099998474121094,520.6212142598697,1.3015530356496743,rebalance,rebalance,0.0
2007-02-27,2007-02-28,CCL,buy,212.3346268520119,31.19547169929154,6623.878842741567,16.559697106853918,rebalance,rebalance,0.0
2007-02-27,2007-02-28,DE,buy,177.17835082856112,37.38537361797025,6623.878842741567,16.559697106853918,rebalance,rebalance,0.0
2007-02-27,2007-02-28,GS,buy,45.59546999804378,145.27493286121967,6623.878842741566,16.559697106853914,rebalance,rebalance,0.0
2007-02-27,2007-02-28,JNPR,buy,10.199351652002122,17.586029713246,179.366101207954,0.448415253019885,rebalance,rebalance,0.0
2007-02-27,2007-02-28,JWN,buy,2.4588929215716746,38.196147543766,93.92023682667353,0.23480059206668383,rebalance,rebalance,0.0
2007-02-27,2007-02-28,NCR,buy,631.9440119767075,10.481749517686248,6623.878842741567,16.559697106853918,rebalance,rebalance,0.0
2007-02-27,2007-02-28,RL,buy,103.2907535147433,64.12847827464151,6623.878842741567,16.559697106853918,rebalance,rebalance,0.0
2007-02-27,2007-02-28,SHW,buy,386.4661556536304,17.13960911153681,6623.878842741567,16.559697106853918,rebalance,rebalance,0.0
2007-02-27,2007-02-28,WAT,buy,122.66442301373272,54.0,6623.878842741567,16.559697106853918,rebalance,rebalance,0.0
2007-03-27,2007-03-28,AZO,sell,53.37533379682403,128.44000244140625,6855.528003174952,17.13882000793738,rebalance,rebalance,197.9506433185951
2007-03-27,2007-03-28,BIG,sell,74.9969563786222,30.409300539595,2280.604986072419,5.701512465181047,rebalance,rebalance,622.2807191262582
2007-03-27,2007-03-28,CBRE,sell,20.76106887952409,34.72999954223633,721.0319126822085,1.8025797817055214,rebalance,rebalance,21.88202614853844
2007-03-27,2007-03-28,CCL,sell,212.3346268520119,31.888391474936803,6771.009704741583,16.927524261853957,rebalance,rebalance,113.64364063130859
2007-03-27,2007-03-28,DE,sell,10.775253725662765,37.43342690004375,403.35467266902117,1.0083866816725529,rebalance,rebalance,-1.4976925908855547
2007-03-27,2007-03-28,GS,sell,45.59546999804378,150.93657138038137,6882.0239119817725,17.205059779954432,rebalance,rebalance,224.380312353398
2007-03-27,2007-03-28,HAS,sell,425.6217995659041,16.13963101454045,6869.378796738384,17.17344699184596,rebalance,rebalance,699.6891499956671
2007-03-27,2007-03-28,IPG,sell,13.504767791788026,10.577396282941,142.84528064284,0.35711320160710003,rebalance,rebalance,2.521985887052274
2007-03-27,2007-03-28,JNPR,sell,376.6557290502236,18.432060331884,6942.5411222034745,17.35635280550869,rebalance,rebalance,-95.9067534502449
2007-03-27,2007-03-28,JWN,sell,173.41745879350208,37.809517326077,6556.830412897161,16.392076032242905,rebalance,rebalance,393.281054779395
2007-03-27,2007-03-28,NCR,sell,631.9440119767075,11.092879501696652,7010.078776676362,17.525196941690908,rebalance,rebalance,352.1150398862513
2007-03-27,2007-03-28,RL,sell,10.034311646377105,66.7947226652146,670.2390635560918,1.6755976588902295,rebalance,rebalance,23.46961664048582
2007-03-27,2007-03-28,SHW,sell,386.4661556536304,17.20985135226178,6651.025091479042,16.627562728697605,rebalance,rebalance,-6.041011098075895
2007-03-27,2007-03-28,TPR,sell,30.67031015134239,32.213642802494164,988.0024158570545,2.4700060396426364,rebalance,rebalance,146.83358958932357
2007-03-27,2007-03-28,WAT,sell,122.66442301373272,58.0,7114.536534796497,17.786341336991242,rebalance,rebalance,456.31165361108594
2007-03-27,2007-03-28,HES,buy,121.38989451959485,51.31430582417,6229.0381713422275,15.57259542835557,rebalance,rebalance,0.0
2007-03-27,2007-03-28,MWW,buy,130.5878023342186,47.7,6229.0381713422275,15.57259542835557,rebalance,rebalance,0.0
2007-03-27,2007-03-28,NEE,buy,717.1463791266603,8.685867143229448,6229.0381713422275,15.57259542835557,rebalance,rebalance,0.0
2007-03-27,2007-03-28,NUE,buy,162.2745970660338,38.38578732571105,6229.0381713422275,15.57259542835557,rebalance,rebalance,0.0
2007-03-27,2007-03-28,PCAR,buy,364.10469887610014,17.107821433147404,6229.0381713422275,15.57259542835557,rebalance,rebalance,0.0
2007-03-27,2007-03-28,TIF,buy,168.15658709216527,37.043081564971,6229.0381713422275,15.57259542835557,rebalance,rebalance,0.0
2007-03-27,2007-03-28,VMC,buy,66.74208428547057,93.32999168409638,6229.038171342228,15.572595428355571,rebalance,rebalance,0.0
2007-03-27,2007-03-28,WY,buy,435.5622938369491,14.301141902044536,6229.0381713422275,15.57259542835557,rebalance,rebalance,0.0
2007-03-27,2007-03-28,X,buy,70.78852941680918,87.995021547419,6229.0381713422275,15.57259542835557,rebalance,rebalance,0.0
2007-04-25,2007-04-26,IPG,sell,588.9008981717257,10.995711390176,6475.38431371172,16.1884607842793,rebalance,rebalance,355.7062334283562
2007-04-25,2007-04-26,MWW,sell,130.5878023342186,41.85,5465.099527687048,13.66274881921762,rebalance,rebalance,-793.1739879027523
2007-04-25,2007-04-26,NUE,sell,162.2745970660338,39.2087457772052,6362.583422460529,15.906458556151323,rebalance,rebalance,102.06619713379365
2007-04-25,2007-04-26,PCAR,sell,364.10469887610014,20.167954261766035,7343.246913427282,18.358117283568205,rebalance,rebalance,1080.2780293731316
2007-04-25,2007-04-26,WY,sell,435.5622938369491,14.613258590698242,6364.984432197029,15.912461080492571,rebalance,rebalance,104.46120434595362
2007-04-25,2007-04-26,BIG,buy,29.2893274116783,30.851651862827,903.6241326014548,2.259060331503637,rebalance,rebalance,0.0
2007-04-25,2007-04-26,CBRE,buy,23.487833136702818,35.61000061035156,836.401752333823,2.0910043808345575,rebalance,rebalance,0.0
2007-04-25,2007-04-26,DE,buy,16.020952758028812,39.59605935495656,634.3665963298638,1.5859164908246595,rebalance,rebalance,0.0
2007-04-25,2007-04-26,HES,buy,15.666014462161385,52.703116266416,825.6477816306459,2.064119454076615,rebalance,rebalance,0.0
2007-04-25,2007-04-26,KR,buy,692.1739618012454,10.43563309903726,7223.273506064827,18.05818376516207,rebalance,rebalance,0.0
2007-04-25,2007-04-26,NEE,buy,74.90837640598193,9.119664335841666,683.1392487654367,1.707848121913592,rebalance,rebalance,0.0
2007-04-25,2007-04-26,PEG,buy,328.73520371619594,21.972923570123122,7223.273506064827,18.05818376516207,rebalance,rebalance,0.0
2007-04-25,2007-04-26,RL,buy,6.664321811416471,72.29001500842551,481.7639237682742,1.2044098094206854,rebalance,rebalance,0.0
2007-04-25,2007-04-26,SWY,buy,254.64685810242906,28.365845783022937,7223.273506064827,18.05818376516207,rebalance,rebalance,0.0
2007-04-25,2007-04-26,TAP,buy,253.73797958474162,28.46745102127074,7223.273506064827,18.05818376516207,rebalance,rebalance,0.0
2007-04-25,2007-04-26,TIF,buy,13.4972576626391,39.76394507815,536.7042124028204,1.341760531007051,rebalance,rebalance,0.0
2007-04-25,2007-04-26,TPR,buy,27.30660879990404,32.73291772681399,893.8249792455538,2.2345624481138846,rebalance,rebalance,0.0
2007-04-25,2007-04-26,TSN,buy,484.99818326771504,14.893403223487208,7223.273506064827,18.05818376516207,rebalance,rebalance,0.0
2007-04-25,2007-04-26,VMC,buy,9.027303440061232,95.33234625348334,860.5940172831786,2.1514850432079466,rebalance,rebalance,0.0
2007-04-25,2007-04-26,X,buy,4.759742048913992,95.611366956848,455.08544365865527,1.1377136091466382,rebalance,rebalance,0.0
2007-05-23,2007-05-24,BIG,sell,3.4454095438568686,31.435179140281,108.30706622277451,0.27076766555693627,rebalance,rebalance,28.28072119602994
2007-05-23,2007-05-24,CBRE,sell,202.84395906370963,37.20000076293945,7545.795431927658,18.864488579819145,rebalance,rebalance,664.012754086207
2007-05-23,2007-05-24,DE,sell,182.42404986092717,40.45209615306633,7379.435205605992,18.44858801401498,rebalance,rebalance,488.4395435011038
2007-05-23,2007-05-24,HES,sell,137.05590898175623,54.020246169708,7403.793942207566,18.509484855518917,rebalance,rebalance,312.96178949674123
2007-05-23,2007-05-24,NEE,sell,792.0547555326423,9.235162022146499,7314.753997755587,18.286884994388966,rebalance,rebalance,367.0092491032651
2007-05-23,2007-05-24,RL,sell,99.92076367978267,71.17269002500927,7111.629540443377,17.779073851108443,rebalance,rebalance,615.5374424228673
2007-05-23,2007-05-24,SWY,sell,254.64685810242906,26.03863573670479,6630.656779625503,16.57664194906376,rebalance,rebalance,-627.2515521535502
2007-05-23,2007-05-24,TIF,sell,12.952357995869676,42.984726285016,556.7535631979964,1.391883907994991,rebalance,rebalance,71.74186725502233
2007-05-23,2007-05-24,TPR,sell,220.67307187063568,31.64309311957375,6982.778562184915,17.45694640546229,rebalance,rebalance,781.5351600492594
2007-05-23,2007-05-24,TSN,sell,17.120158898173372,15.49888401358337,265.34335705690637,0.6633583926422659,rebalance,rebalance,9.065125369293908
2007-05-23,2007-05-24,X,sell,1.1088323930404442,97.415930621503,108.01793947130305,0.2700448486782576,rebalance,rebalance,9.39883155068983
2007-05-23,2007-05-24,APOL,buy,147.24034989254943,49.25,7251.5872322080595,18.12896808052015,rebalance,rebalance,0.0
2007-05-23,2007-05-24,CMI,buy,253.18491059595826,28.64146688338946,7251.5872322080595,18.12896808052015,rebalance,rebalance,0.0
2007-05-23,2007-05-24,ETR,buy,275.4877629486963,26.322719944400987,7251.587232208059,18.128968080520146,rebalance,rebalance,0.0
2007-05-23,2007-05-24,KR,buy,6.532055748768016,10.378595646900939,67.79356535947798,0.16948391339869495,rebalance,rebalance,0.0
2007-05-23,2007-05-24,PCAR,buy,352.4668212418772,20.573815165518013,7251.5872322080595,18.12896808052015,rebalance,rebalance,0.0
2007-05-23,2007-05-24,PEG,buy,4.293736379056099,21.774645861509754,93.49458907662778,0.23373647269156944,rebalance,rebalance,0.0
2007-05-23,2007-05-24,PLL,buy,189.94978773206736,38.17633764580325,7251.5872322080595,18.12896808052015,rebalance,rebalance,0.0
2007-05-23,2007-05-24,PPL,buy,410.51344513842434,17.6646765607466,7251.5872322080595,18.12896808052015,rebalance,rebalance,0.0
2007-05-23,2007-05-24,TAP,buy,3.9600986227291344,28.139857629709844,111.43661144320788,0.2785915286080197,rebalance,rebalance,0.0
2007-05-23,2007-05-24,VLO,buy,189.83810956510533,38.198796062711075,7251.5872322080595,18.12896808052015,rebalance,rebalance,0.0
2007-05-23,2007-05-24,VMC,buy,1.2429152510643888,94.16141255263844,117.0346557234401,0.29258663930860024,rebalance,rebalance,0.0
2007-06-21,2007-06-22,APOL,sell,147.24034989254943,49.49,7286.924916182272,18.21731229045568,rebalance,rebalance,-1.0085963967628793
2007-06-21,2007-06-22,CMI,sell,33.297712592376286,33.58591940403595,1118.3342914663028,2.795835728665757,rebalance,rebalance,159.4588848992037
2007-06-21,2007-06-22,ETR,sell,275.4877629486963,24.73535155407807,6814.286665382525,17.035716663456313,rebalance,rebalance,-472.46525156950975
2007-06-21,2007-06-22,KR,sell,698.7060175500134,10.504955106465914,7339.875346980476,18.34968836745119,rebalance,rebalance,12.23091951015904
2007-06-21,2007-06-22,PCAR,sell,4.751206691955986,21.238947579868675,100.91062987157444,0.2522765746789361,rebalance,rebalance,2.6635288826870807
2007-06-21,2007-06-22,PLL,sell,189.94978773206736,41.35622284646296,7855.6057510857145,19.639014377714286,rebalance,rebalance,566.2505364194205
2007-06-21,2007-06-22,PPL,sell,410.51344513842434,18.417495416757806,7560.629494354387,18.901573735885968,rebalance,rebalance,272.0117203299224
2007-06-21,2007-06-22,TAP,sell,257.69807820747076,28.330368153326965,7300.681428022492,18.25170357005623,rebalance,rebalance,-70.61716834936865
2007-06-21,2007-06-22,TSN,sell,23.557493457540772,16.62113991214654,391.5523947372619,0.9788809868431548,rebalance,rebalance,38.84513663010766
2007-06-21,2007-06-22,VLO,sell,0.798436924299665,39.06647534330032,31.192116416333405,0.07798029104083351,rebalance,rebalance,0.538558561930737
2007-06-21,2007-06-22,X,sell,3.077020045503886,103.48743513466,318.43291236713196,0.79608228091783,rebalance,rebalance,44.717279369380186
2007-06-21,2007-06-22,AAPL,buy,1993.655182415811,3.704308435713888,7385.113710127598,18.462784275318995,rebalance,rebalance,0.0
2007-06-21,2007-06-22,AMZN,buy,2123.6847709963317,3.4774999618530273,7385.113710127599,18.462784275319,rebalance,rebalance,0.0
2007-06-21,2007-06-22,BIG,buy,31.835818426726945,28.131661811467,895.5944774719519,2.23898619367988,rebalance,rebalance,0.0
2007-06-21,2007-06-22,EIX,buy,273.8122741929173,26.97144871206299,7385.113710127598,18.462784275318995,rebalance,rebalance,0.0
2007-06-21,2007-06-22,GILD,buy,544.6971239776802,13.558202136624855,7385.113710127598,18.462784275318995,rebalance,rebalance,0.0
2007-06-21,2007-06-22,HON,buy,214.90286568713626,34.36489172219382,7385.113710127598,18.462784275318995,rebalance,rebalance,0.0
2007-06-21,2007-06-22,PCP,buy,62.188475625012956,118.75373428766304,7385.113710127598,18.462784275318995,rebalance,rebalance,0.0
2007-06-21,2007-06-22,PEG,buy,11.880465294876956,21.41174927304245,254.3815441409877,0.6359538603524693,rebalance,rebalance,0.0
2007-06-21,2007-06-22,TIF,buy,9.763126378357015,41.381389734929,404.01173769415755,1.0100293442353938,rebalance,rebalance,0.0
2007-06-21,2007-06-22,VMC,buy,0.24834800000840573,95.58699825560484,23.73883984358643,0.05934709960896607,rebalance,rebalance,0.0
2007-07-20,2007-07-23,AAPL,sell,217.01667837891523,4.286348189667776,930.2090464971773,2.325522616242943,rebalance,rebalance,121.97706969028691
2007-07-20,2007-07-23,AMZN,sell,1.8426802183262225,3.5889999866485596,6.613379278970378,0.016533448197425943,rebalance,rebalance,0.1729056408638433
2007-07-20,2007-07-23,BIG,sell,262.5196392456732,26.917548605151,7066.385149202115,17.665962873005288,rebalance,rebalance,810.9338002269005
2007-07-20,2007-07-23,CMI,sell,19.91202127306667,38.081182674662216,758.273319521412,1.89568329880353,rebalance,rebalance,184.64236460403833
2007-07-20,2007-07-23,EIX,sell,273.8122741929173,29.09536071665222,7966.666886289812,19.91666721572453,rebalance,rebalance,543.1737246711716
2007-07-20,2007-07-23,GILD,sell,544.6971239776802,13.448389840938034,7325.2992684896,18.313248171224,rebalance,rebalance,-96.59047408454057
2007-07-20,2007-07-23,HON,sell,214.90286568713626,37.55794669375183,8071.310373811973,20.178275934529932,rebalance,rebalance,647.5556034745252
2007-07-20,2007-07-23,PCAR,sell,347.7156145499212,22.54306331744942,7838.575115264711,19.596437788161776,rebalance,rebalance,647.2573016021771
2007-07-20,2007-07-23,PCP,sell,4.848232151373608,132.8088402514988,643.8880892939578,1.6097202232348946,rebalance,rebalance,65.09333221992377
2007-07-20,2007-07-23,PEG,sell,344.909405390129,22.49858926940285,7759.9750470264735,19.399937617566184,rebalance,rebalance,150.4975960282593
2007-07-20,2007-07-23,TIF,sell,178.4646131372917,44.840108233719,8002.37256896495,20.005931422412374,rebalance,rebalance,1278.3079428347125
2007-07-20,2007-07-23,VMC,sell,77.2606509766046,82.74065159446663,6392.596604416928,15.981491511042321,rebalance,rebalance,-871.8665854970275
2007-07-20,2007-07-23,CAT,buy,149.09395651144968,51.077128903530024,7615.291235472615,19.03822808868154,rebalance,rebalance,0.0
2007-07-20,2007-07-23,FCX,buy,222.80900741899964,34.17856092842696,7615.291235472614,19.038228088681535,rebalance,rebalance,0.0
2007-07-20,2007-07-23,JNS,buy,297.05124211154424,25.636288141199,7615.291235472614,19.038228088681535,rebalance,rebalance,0.0
2007-07-20,2007-07-23,MRO,buy,254.19440189851218,29.95853244051,7615.291235472614,19.038228088681535,rebalance,rebalance,0.0
2007-07-20,2007-07-23,PLL,buy,207.16740559694307,36.759118614868555,7615.291235472614,19.038228088681535,rebalance,rebalance,0.0
2007-07-20,2007-07-23,SLB,buy,118.58810791806279,64.21631451219645,7615.291235472614,19.038228088681535,rebalance,rebalance,0.0
2007-07-20,2007-07-23,STR,buy,504.61567400491225,15.09126970835726,7615.291235472614,19.038228088681535,rebalance,rebalance,0.0
2007-07-20,2007-07-23,TSN,buy,15.391058137415428,16.565367105970466,254.9585281956206,0.6373963204890515,rebalance,rebalance,0.0
2007-07-20,2007-07-23,TT,buy,303.766145460723,25.069585104431173,7615.291235472615,19.03822808868154,rebalance,rebalance,0.0
2007-07-20,2007-07-23,VLO,buy,14.702745522439756,37.37705336043956,549.5453039371946,1.3738632598429865,rebalance,rebalance,0.0
2007-07-20,2007-07-23,X,buy,7.477929457189376,96.591293441359,722.3028785331614,1.8057571963329035,rebalance,rebalance,0.0
2007-08-03,2007-08-06,AAPL,sell,1776.6385040368957,3.9749889439015655,7062.118410856478,17.655296027141194,market_trend_exit,risk_exit,446.7930746170664
2007-08-03,2007-08-06,AMZN,sell,2121.8420907780055,3.8529999256134033,8175.457417931043,20.43864354482761,market_trend_exit,risk_exit,757.8662201732079
2007-08-03,2007-08-06,CAT,sell,149.09395651144968,48.928014543321396,7294.871272513537,18.237178181283845,market_trend_exit,risk_exit,-357.6953692290422
2007-08-03,2007-08-06,CMI,sell,199.9751767305153,39.044702949506615,7807.971372718057,19.519928431795144,market_trend_exit,risk_exit,2046.550086454687
2007-08-03,2007-08-06,FCX,sell,222.80900741899964,30.268779656849528,6744.156751127052,16.86039187781763,market_trend_exit,risk_exit,-907.0331043120615
2007-08-03,2007-08-06,JNS,sell,297.05124211154424,24.943189797316,7409.405511516715,18.523513778791788,market_trend_exit,risk_exit,-243.4474658233729
2007-08-03,2007-08-06,MRO,sell,254.19440189851218,24.25719846133,6166.044054611289,15.415110136528222,market_trend_exit,risk_exit,-1483.7005190865352
2007-08-03,2007-08-06,PCP,sell,57.34024347363935,136.58069072201968,7831.570059798443,19.578925149496108,market_trend_exit,risk_exit,985.5996770968295
2007-08-03,2007-08-06,PLL,sell,207.16740559694307,34.97873720725685,7246.454238284663,18.116135595711658,market_trend_exit,risk_exit,-405.99136087234336
2007-08-03,2007-08-06,SLB,sell,118.58810791806279,57.15573657891129,6777.990657556301,16.94497664389075,market_trend_exit,risk_exit,-873.2837826488857
2007-08-03,2007-08-06,STR,sell,504.61567400491225,12.764916540511878,6441.376963706854,16.103442409267135,market_trend_exit,risk_exit,-1209.0559422637082
2007-08-03,2007-08-06,TSN,sell,459.7115890494163,14.348286649655167,6596.073655849503,16.490184139623757,market_trend_exit,risk_exit,-310.00089222093817
2007-08-03,2007-08-06,TT,sell,303.766145460723,22.90190628381915,6956.823795538455,17.392059488846137,market_trend_exit,risk_exit,-694.8977275116875
2007-08-03,2007-08-06,VLO,sell,203.74241816324542,31.635027710793356,6445.3970444583165,16.11349261114579,market_trend_exit,risk_exit,-1360.7762380750846
2007-08-03,2007-08-06,X,sell,78.84034848436822,83.01649678359,6545.049536369669,16.362623840924172,market_trend_exit,risk_exit,-524.9870334503655
2007-08-17,2007-08-20,AAPL,buy,1042.6924539880742,3.7075974362678523,3865.8838692220197,9.66470967305505,rebalance,rebalance,0.0
2007-08-17,2007-08-20,AMZN,buy,1031.177325815701,3.749000072479248,3865.8838692220197,9.66470967305505,rebalance,rebalance,0.0
2007-08-17,2007-08-20,APOL,buy,69.30591375442846,55.78,3865.8838692220197,9.66470967305505,rebalance,rebalance,0.0
2007-08-17,2007-08-20,CMI,buy,110.91307263045415,34.855078644359345,3865.8838692220197,9.66470967305505,rebalance,rebalance,0.0
2007-08-17,2007-08-20,FCX,buy,141.0562131245525,27.406689741546145,3865.8838692220197,9.66470967305505,rebalance,rebalance,0.0
2007-08-17,2007-08-20,JNPR,buy,128.69617723606618,30.038839942626,3865.8838692220197,9.66470967305505,rebalance,rebalance,0.0
2007-08-17,2007-08-20,JNS,buy,160.63421618798588,24.066378639392,3865.88386922202,9.66470967305505,rebalance,rebalance,0.0
2007-08-17,2007-08-20,MRO,buy,151.73234778354083,25.478310496698,3865.88386922202,9.66470967305505,rebalance,rebalance,0.0
2007-08-17,2007-08-20,NVDA,buy,5615.2080600592,0.6884667189306718,3865.88386922202,9.66470967305505,rebalance,rebalance,0.0
2007-08-17,2007-08-20,PCP,buy,29.95950134751138,129.0369897809779,3865.8838692220197,9.66470967305505,rebalance,rebalance,0.0
2007-08-17,2007-08-20,PLL,buy,122.3226736709937,31.603984389843617,3865.8838692220197,9.66470967305505,rebalance,rebalance,0.0
2007-08-17,2007-08-20,PPL,buy,201.66099775251905,19.170210959514748,3865.8838692220197,9.66470967305505,rebalance,rebalance,0.0
2007-08-17,2007-08-20,RDC,buy,110.83113187141203,34.880848042834,3865.8838692220197,9.66470967305505,rebalance,rebalance,0.0
2007-08-17,2007-08-20,SLB,buy,67.11760029692122,57.598660442562824,3865.8838692220193,9.664709673055048,rebalance,rebalance,0.0
2007-08-17,2007-08-20,STR,buy,308.18429986974303,12.54406493405398,3865.88386922202,9.66470967305505,rebalance,rebalance,0.0
2007-08-20,2007-08-21,AAPL,sell,1042.6924539880742,3.6552557155698664,3811.3075520214784,9.528268880053696,market_trend_exit,risk_exit,-73.76929575364979
2007-08-20,2007-08-21,AMZN,sell,1031.177325815701,3.7105000019073486,3826.183469405973,9.565458673514932,market_trend_exit,risk_exit,-58.93056816261658
2007-08-20,2007-08-21,APOL,sell,69.30591375442846,55.26,3829.8447940697165,9.574611985174291,market_trend_exit,risk_exit,-55.278396810532115
2007-08-20,2007-08-21,CMI,sell,110.91307263045415,34.95294165873064,3876.7381568428177,9.691845392107044,market_trend_exit,risk_exit,-8.502267444363483
2007-08-20,2007-08-21,FCX,sell,141.0562131245525,27.753606505511158,3914.8186342163485,9.787046585540871,market_trend_exit,risk_exit,29.483008735733286
2007-08-20,2007-08-21,JNPR,sell,128.69617723606618,29.886744550512,3846.309773681727,9.615774434204319,market_trend_exit,risk_exit,-38.85457964755184
2007-08-20,2007-08-21,JNS,sell,160.63421618798588,23.515240197269,3777.3521775605245,9.443380443901312,market_trend_exit,risk_exit,-107.6397817784513
2007-08-20,2007-08-21,MRO,sell,151.73234778354083,24.979210842616,3790.1543069302047,9.475385767325513,market_trend_exit,risk_exit,-94.86965773219563
2007-08-20,2007-08-21,NVDA,sell,5615.2080600592,0.6893821998478037,3871.0244850467293,9.677561212616823,market_trend_exit,risk_exit,-14.201655060961967
2007-08-20,2007-08-21,PCP,sell,29.95950134751138,128.74913803454342,3857.259974436832,9.643149936092081,market_trend_exit,risk_exit,-27.931754394334682
2007-08-20,2007-08-21,PLL,sell,122.3226736709937,31.683702960333697,3875.6352579055956,9.68908814476399,market_trend_exit,risk_exit,-9.6024091342425
2007-08-20,2007-08-21,PPL,sell,201.66099775251905,18.95400544955366,3822.283650363674,9.555709125909186,market_trend_exit,risk_exit,-62.820637657309305
2007-08-20,2007-08-21,RDC,sell,110.83113187141203,35.023919609867775,3881.740652934989,9.704351632337474,market_trend_exit,risk_exit,-3.5122775924231506
2007-08-20,2007-08-21,SLB,sell,67.11760029692122,58.16531700353107,3903.9164977867144,9.759791244466786,market_trend_exit,risk_exit,18.60812764717309
2007-08-20,2007-08-21,STR,sell,308.18429986974303,12.358207544588655,3808.6055397740306,9.521513849435078,market_trend_exit,risk_exit,-76.46455297047928
2007-09-17,2007-09-18,AAPL,buy,1406.4698026405847,4.159233073971814,5849.83572068533,14.624589301713325,rebalance,rebalance,0.0
2007-09-17,2007-09-18,AGN,buy,190.71958207321853,30.672444104033,5849.83572068533,14.624589301713325,rebalance,rebalance,0.0
2007-09-17,2007-09-18,AMZN,buy,1338.9415831699598,4.36899995803833,5849.83572068533,14.624589301713325,rebalance,rebalance,0.0
2007-09-17,2007-09-18,APOL,buy,106.92443284016322,54.71,5849.83572068533,14.624589301713325,rebalance,rebalance,0.0
2007-09-17,2007-09-18,BIIB,buy,90.16393292737311,64.87999725341797,5849.83572068533,14.624589301713325,rebalance,rebalance,0.0
2007-09-17,2007-09-18,CIEN,buy,156.16219603993835,37.459999084472656,5849.83572068533,14.624589301713325,rebalance,rebalance,0.0
2007-09-17,2007-09-18,CMI,buy,146.6771851482766,39.88238330843141,5849.83572068533,14.624589301713325,rebalance,rebalance,0.0
2007-09-17,2007-09-18,CVX,buy,134.7366779834135,43.416802375114685,5849.83572068533,14.624589301713325,rebalance,rebalance,0.0
2007-09-17,2007-09-18,INTC,buy,386.3084419498894,15.142914535230764,5849.83572068533,14.624589301713325,rebalance,rebalance,0.0
2007-09-17,2007-09-18,JNPR,buy,174.23159042385083,33.57505780929,5849.83572068533,14.624589301713325,rebalance,rebalance,0.0
2007-09-17,2007-09-18,JNS,buy,267.5822240472024,21.861824870898,5849.83572068533,14.624589301713325,rebalance,rebalance,0.0
2007-09-17,2007-09-18,NVDA,buy,7857.630714876886,0.7444783208772857,5849.83572068533,14.624589301713325,rebalance,rebalance,0.0
2007-09-17,2007-09-18,PPL,buy,297.83261724200344,19.64135350538875,5849.83572068533,14.624589301713325,rebalance,rebalance,0.0
2007-09-17,2007-09-18,SLB,buy,89.20875523004581,65.57468160608394,5849.83572068533,14.624589301713325,rebalance,rebalance,0.0
2007-09-17,2007-09-18,STZ,buy,297.95984535964305,19.632966695980357,5849.83572068533,14.624589301713325,rebalance,rebalance,0.0
2007-10-15,2007-10-16,AGN,sell,190.71958207321853,30.237233674953,5766.832569537286,14.417081423843214,rebalance,rebalance,-112.04482187360054
2007-10-15,2007-10-16,APOL,sell,106.92443284016322,65.64,7018.519771628314,17.546299429070785,rebalance,rebalance,1136.5131622121999
2007-10-15,2007-10-16,CVX,sell,134.7366779834135,43.988075619065796,5926.807179796111,14.817017949490278,rebalance,rebalance,47.52985185957752
2007-10-15,2007-10-16,INTC,sell,386.3084419498894,15.610261929031994,6030.375964234025,15.075939910585062,rebalance,rebalance,150.83971433639667
2007-10-15,2007-10-16,JNS,sell,267.5822240472024,28.308474527252,7574.844573385666,18.937111433464164,rebalance,rebalance,1691.4471519651581
2007-10-15,2007-10-16,PPL,sell,297.83261724200344,19.593003477724295,5835.435505402303,14.588588763505756,rebalance,rebalance,-43.61339334824625
2007-10-15,2007-10-16,STZ,sell,297.95984535964305,21.326328335907206,6354.389493055885,15.885973732639714,rebalance,rebalance,474.0432093362028
2007-10-15,2007-10-16,AAPL,buy,80.89676751802767,4.951240956234367,400.53938856222857,1.0013484714055714,rebalance,rebalance,0.0
2007-10-15,2007-10-16,AMZN,buy,321.7439322224059,4.434500217437744,1426.7735373995336,3.566933843498834,rebalance,rebalance,0.0
2007-10-15,2007-10-16,BIIB,buy,0.6973872677708073,81.05000305175781,56.52324018108097,0.14130810045270242,rebalance,rebalance,0.0
2007-10-15,2007-10-16,CELG,buy,201.10077223110756,36.62,7364.310279103158,18.410775697757895,rebalance,rebalance,0.0
2007-10-15,2007-10-16,CIEN,buy,8.771959109750554,44.650001525878906,391.6679876353096,0.979169969088274,rebalance,rebalance,0.0
2007-10-15,2007-10-16,CMI,buy,14.954941302292042,45.56216911094935,681.3795646593511,1.7034489116483778,rebalance,rebalance,0.0
2007-10-15,2007-10-16,COP,buy,214.92424848153496,34.2646785140945,7364.310279103158,18.410775697757895,rebalance,rebalance,0.0
2007-10-15,2007-10-16,DE,buy,137.30487017375813,53.63473465860086,7364.310279103157,18.41077569775789,rebalance,rebalance,0.0
2007-10-15,2007-10-16,FCX,buy,187.70355919709058,39.233727429593166,7364.310279103158,18.410775697757895,rebalance,rebalance,0.0
2007-10-15,2007-10-16,JNPR,buy,40.964067065045185,34.221463225777,1401.8503146447065,3.5046257866117663,rebalance,rebalance,0.0
2007-10-15,2007-10-16,MON,buy,95.33209827451698,77.249010694142,7364.310279103159,18.4107756977579,rebalance,rebalance,0.0
2007-10-15,2007-10-16,NVDA,buy,992.0186214509386,0.83215842789077,825.5166564649819,2.063791641162455,rebalance,rebalance,0.0
2007-10-15,2007-10-16,OXY,buy,183.88615318967436,40.04820456223825,7364.310279103158,18.410775697757895,rebalance,rebalance,0.0
2007-10-15,2007-10-16,PCP,buy,52.6107295649108,139.97734568605662,7364.310279103158,18.410775697757895,rebalance,rebalance,0.0
2007-10-15,2007-10-16,SLB,buy,12.006001490778146,72.75925485268714,873.5477222292689,2.183869305573172,rebalance,rebalance,0.0
2007-11-08,2007-11-09,AAPL,sell,1487.3665701586124,5.1190335806431815,7613.87941936801,19.034698548420025,market_trend_exit,risk_exit,1328.8436737989118
2007-11-08,2007-11-09,AMZN,sell,1660.6855153923657,4.120999813079834,6843.6846985163265,17.109211746290818,market_trend_exit,risk_exit,-468.22529446003995
2007-11-08,2007-11-09,BIIB,sell,90.86132019514392,75.23999786376953,6836.405537381907,17.091013843454768,market_trend_exit,risk_exit,898.189665269877
2007-11-08,2007-11-09,CELG,sell,201.10077223110756,31.4,6314.564248056777,15.786410620141941,market_trend_exit,risk_exit,-1083.9432173642806
2007-11-08,2007-11-09,CIEN,sell,164.9341551496889,45.130001068115234,7443.478598074144,18.608696495185363,market_trend_exit,risk_exit,1167.7624339875158
2007-11-08,2007-11-09,CMI,sell,161.63212645056865,38.39475048132615,6205.82516483574,15.51456291208935,market_trend_exit,risk_exit,-357.2327216343923
2007-11-08,2007-11-09,COP,sell,214.92424848153496,33.009131420705515,7094.462763623355,17.73615690905839,market_trend_exit,risk_exit,-305.99444808661906
2007-11-08,2007-11-09,DE,sell,137.30487017375813,54.395707639455146,7468.795575445092,18.67198893861273,market_trend_exit,risk_exit,67.4025317055654
2007-11-08,2007-11-09,FCX,sell,187.70355919709058,38.63891130751423,7252.661175921129,18.131652939802823,market_trend_exit,risk_exit,-148.1915318195884
2007-11-08,2007-11-09,JNPR,sell,215.19565748889602,30.62820958707,6591.057699797237,16.477644249493093,market_trend_exit,risk_exit,-695.2351948706167
2007-11-08,2007-11-09,MON,sell,95.33209827451698,82.112679831957,7827.974063324073,19.569935158310184,market_trend_exit,risk_exit,425.6830733648467
2007-11-08,2007-11-09,NVDA,sell,8849.649336327824,0.7909511847683438,6999.64062735288,17.4991015683822,market_trend_exit,risk_exit,290.1007676913106
2007-11-08,2007-11-09,OXY,sell,183.88615318967436,41.36344552967809,7606.164881123136,19.01541220280784,market_trend_exit,risk_exit,204.42841411941308
2007-11-08,2007-11-09,PCP,sell,52.6107295649108,144.39538376182762,7596.746485515025,18.991866213787564,market_trend_exit,risk_exit,195.0335645003215
2007-11-08,2007-11-09,SLB,sell,101.21475672082396,62.15533438059036,6291.037048232919,15.727592620582298,market_trend_exit,risk_exit,-464.8824459095479
2007-12-11,2007-12-12,AAPL,buy,709.9111392547736,5.785718175490681,4107.34578136964,10.268364453424098,rebalance,rebalance,0.0
2007-12-11,2007-12-12,APOL,buy,56.24959985441851,73.02,4107.34578136964,10.268364453424098,rebalance,rebalance,0.0
2007-12-11,2007-12-12,BIIB,buy,52.9980100821889,77.5,4107.34578136964,10.268364453424098,rebalance,rebalance,0.0
2007-12-11,2007-12-12,CIEN,buy,96.23584236178048,42.68000030517578,4107.34578136964,10.268364453424098,rebalance,rebalance,0.0
2007-12-11,2007-12-12,CMI,buy,101.91931819643638,40.29997309688884,4107.34578136964,10.268364453424098,rebalance,rebalance,0.0
2007-12-11,2007-12-12,DE,buy,66.80200083739904,61.48537064581673,4107.34578136964,10.268364453424098,rebalance,rebalance,0.0
2007-12-11,2007-12-12,FCX,buy,111.39521365213284,36.87183359777144,4107.34578136964,10.268364453424098,rebalance,rebalance,0.0
2007-12-11,2007-12-12,GOOGL,buy,232.06069589074636,17.69944611087165,4107.34578136964,10.268364453424098,rebalance,rebalance,0.0
2007-12-11,2007-12-12,J,buy,57.62731504900786,71.27428681826733,4107.34578136964,10.268364453424098,rebalance,rebalance,0.0
2007-12-11,2007-12-12,JNS,buy,141.78823531546493,28.968170541309,4107.34578136964,10.268364453424098,rebalance,rebalance,0.0
2007-12-11,2007-12-12,MON,buy,44.76012953289351,91.763491844929,4107.34578136964,10.268364453424098,rebalance,rebalance,0.0
2007-12-11,2007-12-12,NEM,buy,119.21716974742871,34.45263622741075,4107.34578136964,10.268364453424098,rebalance,rebalance,0.0
2007-12-11,2007-12-12,NVDA,buy,5020.017518866627,0.8181935154475234,4107.34578136964,10.268364453424098,rebalance,rebalance,0.0
2007-12-11,2007-12-12,PH,buy,69.72061087595118,58.91150019723065,4107.34578136964,10.268364453424098,rebalance,rebalance,0.0
2007-12-11,2007-12-12,TXT,buy,61.86784188440725,66.38902629000265,4107.34578136964,10.268364453424098,rebalance,rebalance,0.0
2007-12-14,2007-12-17,AAPL,sell,709.9111392547736,5.704363679253599,4049.5913182624745,10.123978295656187,market_trend_exit,risk_exit,-78.14680585624485
2007-12-14,2007-12-17,APOL,sell,56.24959985441851,75.63,4254.157236989672,10.63539309247418,market_trend_exit,risk_exit,125.90769807413446
2007-12-14,2007-12-17,BIIB,sell,52.9980100821889,58.720001220703125,3112.0432167209688,7.780108041802422,market_trend_exit,risk_exit,-1013.3510371438972
2007-12-14,2007-12-17,CIEN,sell,96.23584236178048,35.43000030517578,3409.635924246731,8.524089810616827,market_trend_exit,risk_exit,-716.502311386949
2007-12-14,2007-12-17,CMI,sell,101.91931819643638,39.76382359300954,4052.701789482903,10.13175447370726,market_trend_exit,risk_exit,-75.04411081386692
2007-12-14,2007-12-17,DE,sell,66.80200083739904,60.228669115468236,4023.3956046869384,10.058489011717347,market_trend_exit,risk_exit,-104.27703014784186
2007-12-14,2007-12-17,FCX,sell,111.39521365213284,34.97259439128235,3895.7796241862798,9.7394490604657,market_trend_exit,risk_exit,-231.57397069724954
2007-12-14,2007-12-17,GOOGL,sell,232.06069589074636,17.054925256273314,3957.777823335451,9.894444558338629,market_trend_exit,risk_exit,-169.73076704595152
2007-12-14,2007-12-17,J,sell,57.62731504900786,71.92743679501164,4144.985060853736,10.36246265213434,market_trend_exit,risk_exit,17.00845237853866
2007-12-14,2007-12-17,JNS,sell,141.78823531546493,28.567342583401,4050.513092552763,10.126282731381908,market_trend_exit,risk_exit,-77.22733600168264
2007-12-14,2007-12-17,MON,sell,44.76012953289351,87.690594087912,3925.042350191327,9.812605875478317,market_trend_exit,risk_exit,-202.38440150721462
2007-12-14,2007-12-17,NEM,sell,119.21716974742871,32.4957222602005,3874.048036759621,9.685120091899053,market_trend_exit,risk_exit,-253.2512291553415
2007-12-14,2007-12-17,NVDA,sell,5020.017518866627,0.7943847770188291,3987.8254973554817,9.969563743388704,market_trend_exit,risk_exit,-139.75821221097092
2007-12-14,2007-12-17,PH,sell,69.72061087595118,55.612701314756315,3877.3515081266237,9.69337877031656,market_trend_exit,risk_exit,-249.9560164667562
2007-12-14,2007-12-17,TXT,sell,61.86784188440725,65.90431422162662,4077.3576917638875,10.19339422940972,market_trend_exit,risk_exit,-50.44984828858538
2008-05-06,2008-05-07,ADM,buy,243.56824809017968,27.69527325983009,6745.6891882756145,16.864222970689035,rebalance,rebalance,0.0
2008-05-06,2008-05-07,APA,buy,68.02772289107547,99.16088473337065,6745.6891882756145,16.864222970689035,rebalance,rebalance,0.0
2008-05-06,2008-05-07,BCR,buy,77.62242228665284,86.903873771993,6745.6891882756145,16.864222970689035,rebalance,rebalance,0.0
2008-05-06,2008-05-07,CHRW,buy,151.69602217837956,44.468464574129364,6745.689188275614,16.864222970689035,rebalance,rebalance,0.0
2008-05-06,2008-05-07,CSX,buy,1290.9920514805185,5.225198079678036,6745.6891882756145,16.864222970689035,rebalance,rebalance,0.0
2008-05-06,2008-05-07,DHI,buy,500.09133344409383,13.48891439853302,6745.6891882756145,16.864222970689035,rebalance,rebalance,0.0
2008-05-06,2008-05-07,EOG,buy,141.61187480884257,47.63505318590979,6745.6891882756145,16.864222970689035,rebalance,rebalance,0.0
2008-05-06,2008-05-07,HCBK,buy,449.3994936542718,15.010451243332176,6745.6891882756145,16.864222970689035,rebalance,rebalance,0.0
2008-05-06,2008-05-07,HES,buy,63.64017556596338,105.99733781821,6745.6891882756145,16.864222970689035,rebalance,rebalance,0.0
2008-05-06,2008-05-07,MON,buy,66.01493223647843,102.18429315524,6745.689188275615,16.86422297068904,rebalance,rebalance,0.0
2008-05-06,2008-05-07,NUE,buy,139.66124757451678,48.30036467114062,6745.689188275614,16.864222970689035,rebalance,rebalance,0.0
2008-05-06,2008-05-07,PSA,buy,141.19504450320096,47.77567946531357,6745.6891882756145,16.864222970689035,rebalance,rebalance,0.0
2008-05-06,2008-05-07,SIAL,buy,126.2426464257954,53.434313833405625,6745.6891882756145,16.864222970689035,rebalance,rebalance,0.0
2008-05-06,2008-05-07,WMT,buy,522.2984410546783,12.915392155209252,6745.689188275614,16.864222970689035,rebalance,rebalance,0.0
2008-05-06,2008-05-07,X,buy,43.90574187966756,153.64025067071,6745.689188275614,16.864222970689035,rebalance,rebalance,0.0
2008-05-07,2008-05-08,ADM,sell,243.56824809017968,27.07352508050646,6594.251073484499,16.485627683711247,market_trend_exit,risk_exit,-184.78796544551454
2008-05-07,2008-05-08,APA,sell,68.02772289107547,97.02409617715409,6600.328328496494,16.500820821241234,market_trend_exit,risk_exit,-178.72590357105108
2008-05-07,2008-05-08,BCR,sell,77.62242228665284,86.452961876949,6710.688314744434,16.776720786861084,market_trend_exit,risk_exit,-68.64181728872997
2008-05-07,2008-05-08,CHRW,sell,151.69602217837956,42.70353488523902,6477.956375046424,16.19489093761606,market_trend_exit,risk_exit,-300.7919271374946
2008-05-07,2008-05-08,CSX,sell,1290.9920514805185,5.062512203751668,6535.663015566526,16.339157538916314,market_trend_exit,risk_exit,-243.22955321869247
2008-05-07,2008-05-08,DHI,sell,500.09133344409383,12.770899829703133,6386.61632511719,15.966540812792976,market_trend_exit,risk_exit,-391.9036269419055
2008-05-07,2008-05-08,EOG,sell,141.61187480884257,46.09049413034616,6526.961284664274,16.317403211660686,market_trend_exit,risk_exit,-251.9095297936903
2008-05-07,2008-05-08,HCBK,sell,449.3994936542718,14.60370634252276,6562.898235805405,16.407245589513515,market_trend_exit,risk_exit,-216.06242103041052
2008-05-07,2008-05-08,HES,sell,63.64017556596338,102.69111454953,6535.280558996546,16.338201397491364,market_trend_exit,risk_exit,-243.61105364724835
2008-05-07,2008-05-08,MON,sell,66.01493223647843,100.43573054282,6630.257945905469,16.57564486476367,market_trend_exit,risk_exit,-148.8711102055986
2008-05-07,2008-05-08,NUE,sell,139.66124757451678,48.123307499496164,6720.961162791734,16.802402906979335,market_trend_exit,risk_exit,-58.39465136154864
2008-05-07,2008-05-08,PSA,sell,141.19504450320096,47.002628326416016,6636.538198315723,16.59134549578931,market_trend_exit,risk_exit,-142.60655842636848
2008-05-07,2008-05-08,SIAL,sell,126.2426464257954,52.98132397564838,6688.502549828295,16.721256374570736,market_trend_exit,risk_exit,-90.77211779257846
2008-05-07,2008-05-08,WMT,sell,522.2984410546783,13.172460205687853,6879.955430285552,17.19988857571388,market_trend_exit,risk_exit,100.20213046353634
2008-05-07,2008-05-08,X,sell,43.90574187966756,153.97786138902,6760.512237329542,16.901280593323854,market_trend_exit,risk_exit,-18.94245451008448
2009-06-16,2009-06-17,CBRE,buy,458.72175857789006,8.6899995803833,3986.2918895545545,9.965729723886387,rebalance,rebalance,0.0
2009-06-16,2009-06-17,CCE,buy,274.2892690380184,14.533167496983,3986.2918895545545,9.965729723886387,rebalance,rebalance,0.0
2009-06-16,2009-06-17,CF,buy,378.00590503991265,10.545580998618666,3986.291889554555,9.965729723886387,rebalance,rebalance,0.0
2009-06-16,2009-06-17,EXPE,buy,192.72168662309386,20.684189513920934,3986.2918895545545,9.965729723886387,rebalance,rebalance,0.0
2009-06-16,2009-06-17,F,buy,1421.7983762865829,2.803697033306404,3986.2918895545545,9.965729723886387,rebalance,rebalance,0.0
2009-06-16,2009-06-17,FCX,buy,217.87509932043267,18.296225231740898,3986.2918895545545,9.965729723886387,rebalance,rebalance,0.0
2009-06-16,2009-06-17,GLW,buy,383.48799205484346,10.394828448720935,3986.2918895545545,9.965729723886387,rebalance,rebalance,0.0
2009-06-16,2009-06-17,GS,buy,37.348789134527394,106.73148934484182,3986.2918895545545,9.965729723886387,rebalance,rebalance,0.0
2009-06-16,2009-06-17,JWN,buy,271.2589089696546,14.695524304422,3986.291889554554,9.965729723886385,rebalance,rebalance,0.0
2009-06-16,2009-06-17,MDP,buy,208.27953110302536,19.139143767242,3986.291889554554,9.965729723886385,rebalance,rebalance,0.0
2009-06-16,2009-06-17,MS,buy,205.56575635006726,19.39180902662658,3986.291889554554,9.965729723886385,rebalance,rebalance,0.0
2009-06-16,2009-06-17,MU,buy,796.8672334452422,5.002454263704492,3986.2918895545545,9.965729723886387,rebalance,rebalance,0.0
2009-06-16,2009-06-17,TSN,buy,444.6811072307335,8.964383295659491,3986.2918895545545,9.965729723886387,rebalance,rebalance,0.0
2009-06-16,2009-06-17,WFM,buy,465.33402799762536,8.5665170602458,3986.2918895545545,9.965729723886387,rebalance,rebalance,0.0
2009-06-16,2009-06-17,XL,buy,452.3262554074068,8.8128686802939,3986.2918895545545,9.965729723886387,rebalance,rebalance,0.0
2009-07-15,2009-07-16,CBRE,sell,90.42055505119271,9.09000015258789,821.9228592124234,2.054807148031059,rebalance,rebalance,32.149080147870414
2009-07-15,2009-07-16,CCE,sell,274.2892690380184,14.717556011939,4036.8676805408413,10.092169201352103,rebalance,rebalance,30.5178920610488
2009-07-15,2009-07-16,CF,sell,40.39018869620702,9.916179354777833,400.5163552849091,1.0012908882122726,rebalance,rebalance,-27.487787064759708
2009-07-15,2009-07-16,EXPE,sell,36.36572786947977,21.41177108274806,778.6546403988121,1.9466366009970304,rebalance,rebalance,22.631907716159457
2009-07-15,2009-07-16,F,sell,295.60314969880164,2.9727154912559333,878.7440623736743,2.1968601559341856,rebalance,rebalance,45.693574186564746
2009-07-15,2009-07-16,FCX,sell,34.42905571747923,18.249823929165856,628.324204891437,1.5708105122285927,rebalance,rebalance,-4.743167938756216
2009-07-15,2009-07-16,GLW,sell,70.70693507185501,10.703519031966398,756.8130252336125,1.8920325630840313,rebalance,rebalance,18.097066313229007
2009-07-15,2009-07-16,GS,sell,8.189529346886275,114.81285947028536,940.2632820318317,2.3506582050795792,rebalance,rebalance,61.64675793972424
2009-07-15,2009-07-16,JWN,sell,271.2589089696546,16.699811189543,4529.972563274664,11.32493140818666,rebalance,rebalance,522.3900125880368
2009-07-15,2009-07-16,MDP,sell,208.27953110302536,19.293254970889,4018.3900987878737,10.045975246969684,rebalance,rebalance,12.08650426246347
2009-07-15,2009-07-16,MS,sell,205.56575635006726,19.780198004557032,4066.1313635608576,10.165328408902145,rebalance,rebalance,59.708415873514824
2009-07-15,2009-07-16,MU,sell,180.4906039971777,5.431513519994793,980.3371558426968,2.4508428896067422,rebalance,rebalance,72.73308144999883
2009-07-15,2009-07-16,TSN,sell,444.6811072307335,9.386824431638331,4174.143481641434,10.435358704103585,rebalance,rebalance,167.45050365888997
2009-07-15,2009-07-16,WFM,sell,465.33402799762536,9.4780416389168,4410.455293366369,11.026138233415923,rebalance,rebalance,403.17153585451257
2009-07-15,2009-07-16,XL,sell,128.5730032137214,10.340770242682,1329.5438856447074,3.3238597141117685,rebalance,rebalance,190.29029029417958
2009-07-15,2009-07-16,AKS,buy,200.60860891257576,16.688506113488693,3347.857996255983,8.369644990639957,rebalance,rebalance,0.0
2009-07-15,2009-07-16,AMZN,buy,793.1432935205647,4.2210001945495605,3347.857996255983,8.369644990639957,rebalance,rebalance,0.0
2009-07-15,2009-07-16,BIG,buy,171.17960209210605,19.557575525001,3347.857996255983,8.369644990639957,rebalance,rebalance,0.0
2009-07-15,2009-07-16,CME,buy,116.7366027952555,28.678734142433424,3347.857996255983,8.369644990639957,rebalance,rebalance,0.0
2009-07-15,2009-07-16,ICE,buy,216.83871635620866,15.439392247445044,3347.857996255983,8.369644990639957,rebalance,rebalance,0.0
2009-07-15,2009-07-16,WDC,buy,201.25214920788312,16.635141584489702,3347.857996255983,8.369644990639957,rebalance,rebalance,0.0
2009-08-12,2009-08-13,AMZN,sell,793.1432935205647,4.285999774932861,3399.4119775186487,8.498529943796623,rebalance,rebalance,34.685806328229376
2009-08-12,2009-08-13,BIG,sell,171.17960209210605,22.682269978466,3882.741949459533,9.706854873648833,rebalance,rebalance,516.8074533392611
2009-08-12,2009-08-13,CF,sell,337.6157163437056,11.508620046395903,3885.491001091483,9.713727502728709,rebalance,rebalance,306.5225057717705
2009-08-12,2009-08-13,CME,sell,116.7366027952555,29.152648119722805,3403.181103981933,8.507952759954833,rebalance,rebalance,38.44550997535561
2009-08-12,2009-08-13,EXPE,sell,156.3559587536141,29.817963679093566,4662.216299125117,11.655540747812793,rebalance,rebalance,1408.379235180519
2009-08-12,2009-08-13,GLW,sell,312.78105698298845,10.904843670322187,3410.8285294376246,8.527071323594061,rebalance,rebalance,142.86776519288918
2009-08-12,2009-08-13,GS,sell,29.15925978764112,122.39789856194423,3569.032121629077,8.922580304072694,rebalance,rebalance,440.11778793359184
2009-08-12,2009-08-13,ICE,sell,216.83871635620866,15.643434821535028,3392.1023261036717,8.480255815259179,rebalance,rebalance,27.394429041789707
2009-08-12,2009-08-13,MU,sell,616.3766294480645,6.6894412838659365,4123.215271440019,10.308038178600048,rebalance,rebalance,1021.8028454860696
2009-08-12,2009-08-13,WDC,sell,201.25214920788312,19.637198686304234,3952.0284400409464,9.880071100102366,rebalance,rebalance,585.920727694221
2009-08-12,2009-08-13,AKS,buy,48.55057495932613,19.265407048223295,935.346589016695,2.3383664725417375,rebalance,rebalance,0.0
2009-08-12,2009-08-13,BAC,buy,377.90938719359144,12.701862562192272,4800.153097095303,12.000382742738257,rebalance,rebalance,0.0
2009-08-12,2009-08-13,CBRE,buy,33.38525452442519,11.949999809265137,398.9537851991491,0.9973844629978728,rebalance,rebalance,0.0
2009-08-12,2009-08-13,F,buy,103.88544106278869,3.9023075667577976,405.3929427352915,1.0134823568382287,rebalance,rebalance,0.0
2009-08-12,2009-08-13,FCX,buy,25.15413405528136,23.01126082912427,578.8283396768369,1.4470708491920923,rebalance,rebalance,0.0
2009-08-12,2009-08-13,FITB,buy,759.5259058200015,6.3199333430410745,4800.153097095303,12.000382742738257,rebalance,rebalance,0.0
2009-08-12,2009-08-13,HAR,buy,184.52309026535957,26.01383431305146,4800.153097095303,12.000382742738257,rebalance,rebalance,0.0
2009-08-12,2009-08-13,IP,buy,480.7043382753816,9.985666271115353,4800.153097095303,12.000382742738257,rebalance,rebalance,0.0
2009-08-12,2009-08-13,JCP,buy,165.69676462107589,28.96950407011595,4800.153097095303,12.000382742738257,rebalance,rebalance,0.0
2009-08-12,2009-08-13,JNS,buy,395.7644430235634,12.128813443732,4800.153097095303,12.000382742738257,rebalance,rebalance,0.0
2009-08-12,2009-08-13,MDP,buy,230.3959172553276,20.834367007362,4800.153097095303,12.000382742738257,rebalance,rebalance,0.0
2009-08-12,2009-08-13,ODP,buy,930.0380357791933,5.1612438550147,4800.153097095303,12.000382742738257,rebalance,rebalance,0.0
2009-08-12,2009-08-13,TPR,buy,247.1035389923977,19.425675231802256,4800.153097095303,12.000382742738257,rebalance,rebalance,0.0
2009-08-12,2009-08-13,WFM,buy,380.4745720483414,12.61622576051,4800.153097095303,12.000382742738257,rebalance,rebalance,0.0
2009-08-12,2009-08-13,XL,buy,64.92833080279905,12.349834175546,801.8541187095639,2.00463529677391,rebalance,rebalance,0.0
2009-09-10,2009-09-11,AKS,sell,76.22859378328656,20.1671920589912,1537.3166912143627,3.843291728035907,rebalance,rebalance,219.779422844484
2009-09-10,2009-09-11,BAC,sell,377.90938719359144,13.152053426272762,4970.284450660114,12.425711126650285,rebalance,rebalance,145.7052596954229
2009-09-10,2009-09-11,CBRE,sell,99.99750505821049,11.5600004196167,1155.9712004335363,2.889928001083841,rebalance,rebalance,254.7687416066285
2009-09-10,2009-09-11,F,sell,289.65073573928044,3.7084362214034283,1074.1512799717,2.68537819992925,rebalance,rebalance,230.40113080032367
2009-09-10,2009-09-11,FCX,sell,208.6001776582348,24.985086252703276,5211.893431120223,13.029733577800558,rebalance,rebalance,1253.8272300559174
2009-09-10,2009-09-11,FITB,sell,212.97243644726132,6.380939137014888,1358.9641548317456,3.3974103870793644,rebalance,rebalance,6.230213187294163
2009-09-10,2009-09-11,HAR,sell,184.52309026535957,27.25833763256195,5029.792695456877,12.574481738642191,rebalance,rebalance,205.06473388019353
2009-09-10,2009-09-11,IP,sell,185.428114989329,11.811057403742266,2190.1021104066867,5.475255276016717,rebalance,rebalance,328.37452338131453
2009-09-10,2009-09-11,JCP,sell,165.69676462107589,27.329229573635445,4528.364919938018,11.320912299845045,rebalance,rebalance,-295.1094721998667
2009-09-10,2009-09-11,JNS,sell,395.7644430235634,11.347664101442,4491.001962725678,11.227504906814195,rebalance,rebalance,-332.3790220191766
2009-09-10,2009-09-11,MDP,sell,230.3959172553276,20.626674721769,4752.301642449248,11.88075410612312,rebalance,rebalance,-71.73259149491625
2009-09-10,2009-09-11,ODP,sell,344.71323576378336,5.9582720962788,2053.8952538693256,5.134738134673314,rebalance,rebalance,265.16357323202215
2009-09-10,2009-09-11,TPR,sell,247.1035389923977,20.109065052665063,4969.021140341883,12.422552850854709,rebalance,rebalance,144.445107652988
2009-09-10,2009-09-11,WFM,sell,380.4745720483414,13.067453101693,4971.833626628415,12.429584066571039,rebalance,rebalance,147.2505627238038
2009-09-10,2009-09-11,XL,sell,147.22115645433627,14.44346170151,2126.3831349002176,5.315957837250544,rebalance,rebalance,733.1810053016538
2009-09-10,2009-09-11,AIG,buy,150.7486108464817,23.13470355453813,3487.524423191786,8.718811057979465,rebalance,rebalance,0.0
2009-09-10,2009-09-11,DD,buy,128.3861925945383,27.16432626213848,3487.524423191786,8.718811057979465,rebalance,rebalance,0.0
2009-09-10,2009-09-11,EXPE,buy,116.55417560082275,29.921917470687063,3487.524423191786,8.718811057979465,rebalance,rebalance,0.0
2009-09-10,2009-09-11,HIG,buy,197.606540649869,17.648830912794473,3487.524423191786,8.718811057979465,rebalance,rebalance,0.0
2009-09-10,2009-09-11,MAS,buy,363.5240718277049,9.593654708084161,3487.524423191786,8.718811057979465,rebalance,rebalance,0.0
2009-09-10,2009-09-11,PFG,buy,221.7342099704837,15.728400338657845,3487.524423191786,8.718811057979465,rebalance,rebalance,0.0
2009-09-10,2009-09-11,TGNA,buy,616.0440076890972,5.661161182744362,3487.524423191786,8.718811057979465,rebalance,rebalance,0.0
2009-09-10,2009-09-11,TXT,buy,184.4441889285463,18.908291139184943,3487.524423191786,8.718811057979465,rebalance,rebalance,0.0
2009-10-08,2009-10-09,AIG,sell,150.7486108464817,27.23154506487014,4105.117589732538,10.262793974331347,rebalance,rebalance,598.6115615084416
2009-10-08,2009-10-09,F,sell,940.4299319112895,3.554332322345928,3342.6005038938765,8.356501259734692,rebalance,rebalance,603.4983572661939
2009-10-08,2009-10-09,HIG,sell,6.377199567206844,20.789117716089734,132.57635250165958,0.33144088125414894,rebalance,rebalance,19.4134194694788
2009-10-08,2009-10-09,MAS,sell,363.5240718277049,8.604393401792946,3127.904125027209,7.819760312568023,rebalance,rebalance,-376.15886953512427
2009-10-08,2009-10-09,ODP,sell,25.041253335699366,7.0954953185701,177.68009581458276,0.4442002395364569,rebalance,rebalance,47.66877063704974
2009-10-08,2009-10-09,PFG,sell,221.7342099704837,15.705866582128687,3482.5279184901256,8.706319796225314,rebalance,rebalance,-22.421635555864604
2009-10-08,2009-10-09,TGNA,sell,170.4022801955869,8.920819208061328,1520.1279342662401,3.8003198356656003,rebalance,rebalance,549.2411534009537
2009-10-08,2009-10-09,TXT,sell,184.4441889285463,18.64714993532651,3439.358445650293,8.598396114125732,rebalance,rebalance,-65.48318471359799
2009-10-08,2009-10-09,AES,buy,430.2983230810184,9.238914188817827,3975.4892825377383,9.938723206344346,rebalance,rebalance,0.0
2009-10-08,2009-10-09,AKS,buy,47.938951106162506,17.999264457347156,862.8658587676539,2.1571646469191346,rebalance,rebalance,0.0
2009-10-08,2009-10-09,CBRE,buy,33.51251392277334,11.859999656677246,397.4584036184832,0.993646009046208,rebalance,rebalance,0.0
2009-10-08,2009-10-09,CBS,buy,351.76893604538645,11.301422255275,3975.4892825377387,9.938723206344347,rebalance,rebalance,0.0
2009-10-08,2009-10-09,COF,buy,137.03613732171033,29.01051766516707,3975.4892825377383,9.938723206344346,rebalance,rebalance,0.0
2009-10-08,2009-10-09,DD,buy,4.7552784092076195,29.859135944396233,141.98850447398257,0.3549712611849564,rebalance,rebalance,0.0
2009-10-08,2009-10-09,EXPE,buy,10.72599556479804,31.23416040480266,335.01746597210393,0.8375436649302599,rebalance,rebalance,0.0
2009-10-08,2009-10-09,FITB,buy,96.09752527455316,6.186078160074441,594.4668023381149,1.4861670058452874,rebalance,rebalance,0.0
2009-10-08,2009-10-09,IP,buy,53.78602746151404,11.389055316132469,612.5720419942033,1.5314301049855084,rebalance,rebalance,0.0
2009-10-08,2009-10-09,ISRG,buy,142.75217113998153,27.848888397216797,3975.489282537738,9.938723206344346,rebalance,rebalance,0.0
2009-10-08,2009-10-09,RRD,buy,202.69300073762304,19.61335254828967,3975.4892825377383,9.938723206344346,rebalance,rebalance,0.0
2009-10-08,2009-10-09,XL,buy,21.420869333736505,15.122754432916,323.9425466736781,0.8098563666841954,rebalance,rebalance,0.0
2009-11-05,2009-11-06,AES,sell,430.2983230810184,8.559860539387701,3683.2936359059095,9.208234089764774,rebalance,rebalance,-311.34260392793766
2009-11-05,2009-11-06,AKS,sell,220.86954119477784,14.820244570902744,3273.3406187696864,8.183351546924216,rebalance,rebalance,-580.084376285827
2009-11-05,2009-11-06,CBRE,sell,335.2014669156854,10.510000228881836,3522.9674940053806,8.807418735013451,rebalance,rebalance,405.5307394445959
2009-11-05,2009-11-06,CBS,sell,351.76893604538645,11.401515367037,4010.6989299677293,10.026747324919324,rebalance,rebalance,15.24417689872704
2009-11-05,2009-11-06,COF,sell,137.03613732171033,29.373879227556472,4025.2829474987634,10.063207368746909,rebalance,rebalance,29.79173438593402
2009-11-05,2009-11-06,DD,sell,133.14147100374592,28.546271233762756,3800.69254373509,9.501731359337725,rebalance,rebalance,152.60410239082017
2009-11-05,2009-11-06,FITB,sell,642.6509946472934,5.477699833034547,3520.249246078965,8.800623115197412,rebalance,rebalance,-547.321294960861
2009-11-05,2009-11-06,IP,sell,349.0622507475666,11.443035667457162,3994.33178546728,9.9858294636682,rebalance,rebalance,414.34133581573695
2009-11-05,2009-11-06,ISRG,sell,4.471871865271311,28.692222595214844,128.30794297564304,0.32076985743910763,rebalance,rebalance,3.1391709643530272
2009-11-05,2009-11-06,BEN,buy,207.8886956626027,19.085064316157723,3967.5691273229113,9.918922818307278,rebalance,rebalance,0.0
2009-11-05,2009-11-06,CTSH,buy,217.84900148588062,18.212473319874547,3967.5691273229113,9.918922818307278,rebalance,rebalance,0.0
2009-11-05,2009-11-06,DFS,buy,309.35763694013843,12.825185654268,3967.5691273229113,9.918922818307278,rebalance,rebalance,0.0
2009-11-05,2009-11-06,EXPE,buy,3.500087966265866,30.33767598917033,106.18453465416798,0.26546133663541993,rebalance,rebalance,0.0
2009-11-05,2009-11-06,HAR,buy,110.70276356884834,35.83983813426119,3967.5691273229113,9.918922818307278,rebalance,rebalance,0.0
2009-11-05,2009-11-06,HIG,buy,44.31857248728727,16.844000302064586,746.502048362938,1.866255120907345,rebalance,rebalance,0.0
2009-11-05,2009-11-06,JBL,buy,338.4635459116055,11.722293804601037,3967.5691273229118,9.91892281830728,rebalance,rebalance,0.0
2009-11-05,2009-11-06,MU,buy,564.3175378661881,7.03073865527055,3967.5691273229113,9.918922818307278,rebalance,rebalance,0.0
2009-11-05,2009-11-06,ODP,buy,143.49601585716232,5.637516828453,808.9612042107111,2.022403010526778,rebalance,rebalance,0.0
2009-11-05,2009-11-06,RHT,buy,145.06651288200771,27.35,3967.5691273229113,9.918922818307278,rebalance,rebalance,0.0
2009-11-05,2009-11-06,RRD,buy,7.226140711809251,18.90046376870622,136.57741071112372,0.3414435267778093,rebalance,rebalance,0.0
2009-11-05,2009-11-06,TGNA,buy,132.2797636879448,6.865238943116547,908.1321850567329,2.2703304626418324,rebalance,rebalance,0.0
2009-11-05,2009-11-06,TXT,buy,217.97136799513854,18.20224905599253,3967.5691273229113,9.918922818307278,rebalance,rebalance,0.0
2009-11-05,2009-11-06,XL,buy,17.24990006607152,14.163253449805,244.3147066195789,0.6107867665489473,rebalance,rebalance,0.0
2009-12-04,2009-12-07,BEN,sell,207.8886956626027,18.85193793951164,3919.1047889574083,9.797761972393522,rebalance,rebalance,-68.18102315620327
2009-12-04,2009-12-07,EXPE,sell,130.78025913188665,33.48188311374767,4378.76934983946,10.94692337459865,rebalance,rebalance,429.27418658725895
2009-12-04,2009-12-07,MU,sell,564.3175378661881,8.230155350545328,4644.421003675973,11.611052509189934,rebalance,rebalance,655.3219010255657
2009-12-04,2009-12-07,ODP,sell,703.7795625368728,6.4539847829186,4542.182587142087,11.355456467855218,rebalance,rebalance,820.8541110555801
2009-12-04,2009-12-07,RHT,sell,145.06651288200771,27.99,4060.411695567396,10.15102923891849,rebalance,rebalance,72.77261618725879
2009-12-04,2009-12-07,XL,sell,280.1311959419562,15.470891957761,4333.879466416381,10.834698666040952,rebalance,rebalance,1477.0664054368
2009-12-04,2009-12-07,COF,buy,204.0346669801359,29.83125909991146,6086.611016048583,15.216527540121458,rebalance,rebalance,0.0
2009-12-04,2009-12-07,CRM,buy,374.52970941197196,16.251343653364184,6086.611016048583,15.216527540121458,rebalance,rebalance,0.0
2009-12-04,2009-12-07,CTSH,buy,100.2305591594264,19.13549869001426,1917.9617334946006,4.794904333736501,rebalance,rebalance,0.0
2009-12-04,2009-12-07,DFS,buy,130.2397840472953,13.845875170006,1803.2837920873897,4.508209480218475,rebalance,rebalance,0.0
2009-12-04,2009-12-07,HAR,buy,69.49151013106875,33.778049052684096,2347.287637952334,5.8682190948808355,rebalance,rebalance,0.0
2009-12-04,2009-12-07,HIG,buy,108.49840482430082,17.69125460913609,1919.4729044318256,4.798682261079564,rebalance,rebalance,0.0
2009-12-04,2009-12-07,IP,buy,482.1641308897098,12.62352511543592,6086.611016048583,15.216527540121458,rebalance,rebalance,0.0
2009-12-04,2009-12-07,ISRG,buy,51.26814317341149,32.11111068725586,1646.2770201714973,4.115692550428744,rebalance,rebalance,0.0
2009-12-04,2009-12-07,JBL,buy,222.62591786680753,10.847844076523819,2415.0112444121264,6.0375281110303165,rebalance,rebalance,0.0
2009-12-04,2009-12-07,JWN,buy,220.30422532787665,27.628208251521,6086.611016048583,15.216527540121458,rebalance,rebalance,0.0
2009-12-04,2009-12-07,LEN,buy,594.286221026214,10.241884803484451,6086.611016048582,15.216527540121456,rebalance,rebalance,0.0
2009-12-04,2009-12-07,LXK,buy,290.96826942376345,20.91847000397181,6086.611016048583,15.216527540121458,rebalance,rebalance,0.0
2009-12-04,2009-12-07,RRD,buy,101.14527622069664,19.567043577781323,1979.1140274971003,4.947785068742751,rebalance,rebalance,0.0
2009-12-04,2009-12-07,TGNA,buy,313.8472124636164,6.825324763214707,2142.1091510938286,5.3552728777345715,rebalance,rebalance,0.0
2009-12-04,2009-12-07,TXT,buy,92.95638340557676,19.575644144431237,1819.6810825008838,4.54920270625221,rebalance,rebalance,0.0
2010-01-05,2010-01-06,COF,sell,204.0346669801359,31.28096971077818,6382.402237754344,15.95600559438586,rebalance,rebalance,264.6186885712539
2010-01-05,2010-01-06,CRM,sell,374.52970941197196,18.36969560517346,6879.996756991995,17.19999189247999,rebalance,rebalance,760.9692215108107
2010-01-05,2010-01-06,CTSH,sell,318.079560645307,20.694207231363144,6582.404344054925,16.45601086013731,rebalance,rebalance,665.7036452252311
2010-01-05,2010-01-06,DFS,sell,439.59742098743374,13.198067455086,5801.836415273989,14.504591038184971,rebalance,rebalance,2.051772526977727
2010-01-05,2010-01-06,IP,sell,482.1641308897098,13.581343638063922,6548.43675156158,16.37109187890395,rebalance,rebalance,430.2381160939718
2010-01-05,2010-01-06,LEN,sell,594.286221026214,11.104961722368282,6599.5257366270025,16.498814341567506,rebalance,rebalance,481.1993786967311
2010-01-05,2010-01-06,LXK,sell,290.96826942376345,22.02984090146736,6409.984682780799,16.024961706952,rebalance,rebalance,292.13217748514205
2010-01-05,2010-01-06,TGNA,sell,106.74149522791777,10.792727721824471,1152.0318946153427,2.880079736538357,rebalance,rebalance,480.4052413211269
2010-01-05,2010-01-06,AIG,buy,465.05390713041743,18.21850066146048,8472.584914670291,21.18146228667573,rebalance,rebalance,0.0
2010-01-05,2010-01-06,AMD,buy,875.2670090454543,9.680000305175781,8472.584914670291,21.18146228667573,rebalance,rebalance,0.0
2010-01-05,2010-01-06,BKNG,buy,960.8831359467644,8.817497776482671,8472.584914670291,21.18146228667573,rebalance,rebalance,0.0
2010-01-05,2010-01-06,CAT,buy,214.64728013624395,39.47212799198971,8472.584914670291,21.18146228667573,rebalance,rebalance,0.0
2010-01-05,2010-01-06,CBS,buy,662.1656925369535,12.795264101058,8472.584914670291,21.18146228667573,rebalance,rebalance,0.0
2010-01-05,2010-01-06,EXPE,buy,253.44330222794764,33.42990262591364,8472.584914670291,21.18146228667573,rebalance,rebalance,0.0
2010-01-05,2010-01-06,HAR,buy,64.90854199210116,34.56747280013479,2243.7242598083635,5.609310649520909,rebalance,rebalance,0.0
2010-01-05,2010-01-06,HIG,buy,117.22009872236515,18.368094013070735,2153.109793553836,5.38277448388459,rebalance,rebalance,0.0
2010-01-05,2010-01-06,ISRG,buy,60.09393762678647,33.93888854980469,2039.5214516344204,5.098803629086051,rebalance,rebalance,0.0
2010-01-05,2010-01-06,JBL,buy,19.75188824339068,14.586745391282415,288.1157648034043,0.7202894120085108,rebalance,rebalance,0.0
2010-01-05,2010-01-06,JWN,buy,70.09009592167232,29.176138425205,2044.9583408466078,5.11239585211652,rebalance,rebalance,0.0
2010-01-05,2010-01-06,RRD,buy,104.6872874089326,20.37895409968096,2133.417424926746,5.333543562316866,rebalance,rebalance,0.0
2010-01-05,2010-01-06,TXT,buy,156.80026847800355,18.11434114395631,2840.333554674495,7.100833886686238,rebalance,rebalance,0.0
2010-01-05,2010-01-06,WYNN,buy,199.5300860024039,42.46269364394608,8472.584914670291,21.18146228667573,rebalance,rebalance,0.0
2010-02-03,2010-02-04,AIG,sell,61.922132310487086,14.605840312707777,904.424776349337,2.2610619408733426,rebalance,rebalance,-228.78501507033283
2010-02-03,2010-02-04,AMD,sell,104.57611494902653,7.639999866485596,798.961504248145,1.9974037606203627,rebalance,rebalance,-217.86346619470135
2010-02-03,2010-02-04,BKNG,sell,235.70787152689127,8.119524502409396,1913.8358382733597,4.784589595683399,rebalance,rebalance,-174.49826849286998
2010-02-03,2010-02-04,CAT,sell,214.64728013624395,35.45704262832196,7610.757761844166,19.026894404610417,rebalance,rebalance,-902.0355095174098
2010-02-03,2010-02-04,CBS,sell,179.96142194253213,12.210755248476,2197.464877507978,5.4936621937699455,rebalance,rebalance,-116.43934124681634
2010-02-03,2010-02-04,EXPE,sell,253.44330222794764,28.70060974142945,7273.977308823482,18.184943272058707,rebalance,rebalance,-1237.9740114055426
2010-02-03,2010-02-04,HAR,sell,245.10281569201825,34.437450065260556,8440.71597624864,21.101789940621604,rebalance,rebalance,-160.36329133829992
2010-02-03,2010-02-04,HIG,sell,461.2664171166154,17.525650771942292,8083.994139210866,20.209985348027164,rebalance,rebalance,-150.76004645047126
2010-02-03,2010-02-04,ISRG,sell,249.64238007490817,36.915557861328125,9215.68772629494,23.039219315737352,rebalance,rebalance,1637.0555354035384
2010-02-03,2010-02-04,JBL,sell,123.27284006582136,12.868189515114187,1586.2982680333505,3.9657456700833764,rebalance,rebalance,163.06124589056805
2010-02-03,2010-02-04,JWN,sell,290.39432124954897,28.605436896524,8306.856431612892,20.767141079032232,rebalance,rebalance,134.1910102464305
2010-02-03,2010-02-04,RRD,sell,95.85910763629789,18.40642257766496,1764.423243071569,4.411058107678922,rebalance,rebalance,-141.05914163070096
2010-02-03,2010-02-04,TGNA,sell,160.70294146560536,9.431121998106356,1515.609046416669,3.7890226160416725,rebalance,rebalance,504.9993751270136
2010-02-03,2010-02-04,TXT,sell,467.72801987871884,19.56659848838714,9151.84636673525,22.879615916838127,rebalance,rebalance,479.81402690887563
2010-02-03,2010-02-04,WYNN,sell,199.5300860024039,40.15185601456258,8011.50328374181,20.028758209354525,rebalance,rebalance,-502.29185142450984
2010-02-03,2010-02-04,AKAM,buy,230.18289075683867,25.579999923706055,5888.0783279983725,14.720195819995931,rebalance,rebalance,0.0
2010-02-03,2010-02-04,AMZN,buy,992.595780338397,5.932000160217285,5888.0783279983725,14.720195819995931,rebalance,rebalance,0.0
2010-02-03,2010-02-04,CRM,buy,369.52159411926857,15.934328119665743,5888.0783279983725,14.720195819995931,rebalance,rebalance,0.0
2010-02-03,2010-02-04,FLIR,buy,215.1336870783229,27.369392529654,5888.0783279983725,14.720195819995931,rebalance,rebalance,0.0
2010-02-03,2010-02-04,HRS,buy,160.6332798977855,36.655407470638,5888.0783279983725,14.720195819995931,rebalance,rebalance,0.0
2010-02-03,2010-02-04,LXK,buy,225.12882893758496,26.154261787728625,5888.0783279983725,14.720195819995931,rebalance,rebalance,0.0
2010-02-03,2010-02-04,MU,buy,662.8107265429178,8.883498851488657,5888.0783279983725,14.720195819995931,rebalance,rebalance,0.0
2010-02-03,2010-02-04,PXD,buy,129.59702401656526,45.433746435765,5888.078327998373,14.720195819995935,rebalance,rebalance,0.0
2010-03-04,2010-03-05,AIG,sell,403.13177481993034,16.722535326905334,6741.385345824331,16.853463364560827,rebalance,rebalance,-638.2857650184
2010-03-04,2010-03-05,BKNG,sell,725.1752644198731,9.266362379118902,6719.736788487914,16.799341971219786,rebalance,rebalance,292.72058673027493
2010-03-04,2010-03-05,CBS,sell,482.2042705944214,13.032720822419,6284.433638035282,15.711084095088204,rebalance,rebalance,83.36673354425105
2010-03-04,2010-03-05,CRM,sell,369.52159411926857,17.49728845053635,6465.625921006858,16.164064802517146,rebalance,rebalance,546.6633323859729
2010-03-04,2010-03-05,FLIR,sell,215.1336870783229,24.302922129174,5228.377244426569,13.070943111066422,rebalance,rebalance,-687.4922225028655
2010-03-04,2010-03-05,HRS,sell,160.6332798977855,38.461597934857,6178.212626385974,15.445531565964934,rebalance,rebalance,259.9685710016396
2010-03-04,2010-03-05,MU,sell,662.8107265429178,9.322314224688697,6178.929864327292,15.44732466081823,rebalance,rebalance,260.6840158481064
2010-03-04,2010-03-05,RRD,sell,319.89259744276364,18.579895806323513,5943.57112970074,14.85892782425185,rebalance,rebalance,-415.3761125658123
2010-03-04,2010-03-05,AKAM,buy,22.119131841225,28.450000762939453,629.2893177584095,1.5732232943960238,rebalance,rebalance,0.0
2010-03-04,2010-03-05,AMD,buy,68.84040125774663,8.550000190734863,588.5854438839982,1.4714636097099956,rebalance,rebalance,0.0
2010-03-04,2010-03-05,AMP,buy,242.84493928079314,29.557925961580015,7177.992735406078,17.944981838515197,rebalance,rebalance,0.0
2010-03-04,2010-03-05,AMZN,buy,119.15093630876447,6.456500053405762,769.2980266408844,1.923245066602211,rebalance,rebalance,0.0
2010-03-04,2010-03-05,EL,buy,286.7462356038041,25.032561352693314,7177.992735406078,17.944981838515197,rebalance,rebalance,0.0
2010-03-04,2010-03-05,F,buy,1117.6056983626547,6.42265223407699,7177.992735406079,17.944981838515197,rebalance,rebalance,0.0
2010-03-04,2010-03-05,HUM,buy,173.85571172546105,41.28706882372083,7177.992735406079,17.944981838515197,rebalance,rebalance,0.0
2010-03-04,2010-03-05,ISRG,buy,182.95648314896783,39.233333587646484,7177.992735406077,17.944981838515194,rebalance,rebalance,0.0
2010-03-04,2010-03-05,JBL,buy,49.95973885354039,14.143040754789444,706.5826227042594,1.7664565567606485,rebalance,rebalance,0.0
2010-03-04,2010-03-05,LUV,buy,668.619072142037,10.735548886468546,7177.992735406078,17.944981838515197,rebalance,rebalance,0.0
2010-03-04,2010-03-05,LXK,buy,26.79901133247361,28.492256860978525,763.5643145051125,1.9089107862627814,rebalance,rebalance,0.0
2010-03-04,2010-03-05,NTAP,buy,311.65191804480355,23.03208265310326,7177.992735406078,17.944981838515197,rebalance,rebalance,0.0
2010-03-04,2010-03-05,PXD,buy,19.884809849105523,48.019164267522,954.8519505726374,2.3871298764315934,rebalance,rebalance,0.0
2010-03-04,2010-03-05,SWK,buy,184.9726322558275,38.805701404943584,7177.992735406078,17.944981838515197,rebalance,rebalance,0.0
2010-03-04,2010-03-05,TGNA,buy,37.05614265625377,10.85304709835996,402.1720615318677,1.0054301538296693,rebalance,rebalance,0.0
2010-04-01,2010-04-05,AMP,sell,242.84493928079314,32.88400241863033,7985.713570661737,19.964283926654343,rebalance,rebalance,769.8115694904906
2010-04-01,2010-04-05,HUM,sell,173.85571172546105,40.9647851922191,7121.961885273879,17.804904713184698,rebalance,rebalance,-91.78073668389983
2010-04-01,2010-04-05,JBL,sell,507.5282508095227,13.763980880672914,6985.609140543638,17.464022851359097,rebalance,rebalance,991.6944380241712
2010-04-01,2010-04-05,LUV,sell,668.619072142037,11.30595664281545,7559.378240197367,18.898445600493417,rebalance,rebalance,344.5420773522801
2010-04-01,2010-04-05,NTAP,sell,311.65191804480355,25.125251406286104,7830.332792126962,19.575831980317407,rebalance,rebalance,614.8192429020513
2010-04-01,2010-04-05,PXD,sell,149.48183386567078,59.339147235579,8870.124548799397,22.175311371998493,rebalance,rebalance,1987.9116331599603
2010-04-01,2010-04-05,TGNA,sell,661.3804096078021,11.23444407330178,7430.2412229162765,18.575603057290692,rebalance,rebalance,3097.0316376934966
2010-04-01,2010-04-05,AKAM,buy,23.325182580122487,31.440000534057617,733.3437527760424,1.833359381940106,rebalance,rebalance,0.0
2010-04-01,2010-04-05,AMD,buy,75.53937345815405,9.470000267028809,715.3578868199077,1.7883947170497692,rebalance,rebalance,0.0
2010-04-01,2010-04-05,AMZN,buy,192.84034809278205,6.642499923706055,1280.941997493754,3.2023549937343847,rebalance,rebalance,0.0
2010-04-01,2010-04-05,ARG,buy,151.56783411922592,57.173868904047104,8665.71947800298,21.664298695007453,rebalance,rebalance,0.0
2010-04-01,2010-04-05,BIG,buy,249.65728367985636,34.710461278251,8665.71947800298,21.664298695007453,rebalance,rebalance,0.0
2010-04-01,2010-04-05,BKNG,buy,857.6049937412017,10.104558090549112,8665.71947800298,21.664298695007453,rebalance,rebalance,0.0
2010-04-01,2010-04-05,DE,buy,195.094690743096,44.418017963462404,8665.71947800298,21.664298695007453,rebalance,rebalance,0.0
2010-04-01,2010-04-05,EL,buy,37.03132107025817,26.764422979220004,991.1219406036918,2.4778048515092297,rebalance,rebalance,0.0
2010-04-01,2010-04-05,F,buy,234.77785895768034,6.407737975736389,1504.39500270521,3.760987506763025,rebalance,rebalance,0.0
2010-04-01,2010-04-05,ISRG,buy,38.2959218722917,39.16666793823242,1499.923655360541,3.7498091384013525,rebalance,rebalance,0.0
2010-04-01,2010-04-05,LXK,buy,36.94120513933839,29.99878185536138,1108.191154449167,2.770477886122918,rebalance,rebalance,0.0
2010-04-01,2010-04-05,SPGI,buy,335.44330863717363,25.833633448256094,8665.71947800298,21.664298695007453,rebalance,rebalance,0.0
2010-04-01,2010-04-05,SWK,buy,40.752578191332304,38.390569936057474,1564.5147031289935,3.911286757822484,rebalance,rebalance,0.0
2010-04-01,2010-04-05,TSN,buy,615.7614034008604,14.073177419276472,8665.71947800298,21.664298695007453,rebalance,rebalance,0.0
2010-04-01,2010-04-05,UNH,buy,339.6143518181865,25.516352390908963,8665.71947800298,21.664298695007453,rebalance,rebalance,0.0
2010-04-30,2010-05-03,AKAM,sell,110.5456130595075,39.33000183105469,4347.759164045493,10.869397910113733,rebalance,rebalance,1421.5818523517112
2010-04-30,2010-05-03,AMD,sell,207.80932845698828,9.180000305175781,1907.6896986535266,4.769224246633817,rebalance,rebalance,-92.38145235375869
2010-04-30,2010-05-03,AMZN,sell,1304.5870647399436,6.860000133514404,8949.467438297177,22.37366859574294,rebalance,rebalance,968.9296216880934
2010-04-30,2010-05-03,ARG,sell,151.56783411922592,57.182864163471905,8667.082869991338,21.667707174978347,rebalance,rebalance,-41.9686138816283
2010-04-30,2010-05-03,BIG,sell,249.65728367985636,36.093985629634,9011.126409474195,22.527816023685485,rebalance,rebalance,301.2148167525204
2010-04-30,2010-05-03,BKNG,sell,230.96746527530695,10.361108336738281,2393.0789299792923,5.982697324948231,rebalance,rebalance,47.43750232836709
2010-04-30,2010-05-03,DE,sell,195.094690743096,44.440082793962134,8670.024209285624,21.67506052321406,rebalance,rebalance,-39.034627935578115
2010-04-30,2010-05-03,EL,sell,82.73355452055364,26.935577165559216,2228.476041969373,5.571190104923432,rebalance,rebalance,130.26584646711174
2010-04-30,2010-05-03,F,sell,361.4256913782805,6.5519025010501375,2368.025891285131,5.920064728212828,rebalance,rebalance,35.92915203996063
2010-04-30,2010-05-03,ISRG,sell,221.25240502125953,40.33333206176758,8923.846721187154,22.309616802967884,rebalance,rebalance,201.92592264065178
2010-04-30,2010-05-03,LXK,sell,288.86904540939696,30.657372016840228,8855.965789265396,22.13991447316349,rebalance,rebalance,1054.5924933471986
2010-04-30,2010-05-03,SPGI,sell,335.44330863717363,24.59999706739718,8251.904408752478,20.629761021881194,rebalance,rebalance,-456.1091289673906
2010-04-30,2010-05-03,SWK,sell,225.7252104471598,41.349258950935976,9333.57017853413,23.333925446335325,rebalance,rebalance,545.872545956386
2010-04-30,2010-05-03,TSN,sell,163.23885063159963,14.347703292506687,2342.102594672009,5.855256486680023,rebalance,rebalance,33.21480826141341
2010-04-30,2010-05-03,UNH,sell,339.6143518181865,23.49784531377492,7980.2055053616805,19.950513763404203,rebalance,rebalance,-727.1287850997118
2010-04-30,2010-05-03,BA,buy,113.95720928400686,56.97453773301779,6492.659320301054,16.231648300752635,rebalance,rebalance,0.0
2010-04-30,2010-05-03,FITB,buy,706.6133356523363,9.188418888679925,6492.659320301055,16.23164830075264,rebalance,rebalance,0.0
2010-04-30,2010-05-03,HST,buy,704.9370212829987,9.210268611633266,6492.659320301054,16.231648300752635,rebalance,rebalance,0.0
2010-04-30,2010-05-03,LUV,buy,572.5445929801925,11.34000635043229,6492.659320301054,16.231648300752635,rebalance,rebalance,0.0
2010-04-30,2010-05-03,MU,buy,706.8153274504655,9.185793046849382,6492.659320301054,16.231648300752635,rebalance,rebalance,0.0
2010-04-30,2010-05-03,RF,buy,1158.494174870249,5.6043953099964705,6492.659320301054,16.231648300752635,rebalance,rebalance,0.0
2010-04-30,2010-05-03,TGNA,buy,566.1232074136318,11.46863303831539,6492.659320301054,16.231648300752635,rebalance,rebalance,0.0
2010-04-30,2010-05-03,WYNN,buy,114.77534908014584,56.5684127500874,6492.659320301054,16.231648300752635,rebalance,rebalance,0.0
2010-04-30,2010-05-03,X,buy,125.85382223480684,51.588892613747,6492.659320301054,16.231648300752635,rebalance,rebalance,0.0
2010-05-20,2010-05-21,AKAM,sell,165.08159211867866,36.54999923706055,6033.732065990445,15.084330164976114,market_trend_exit,risk_exit,1665.1174725799817
2010-05-20,2010-05-21,AMD,sell,707.2613403553402,7.869999885559082,5566.14666765689,13.915366669142225,market_trend_exit,risk_exit,-1238.6087715570072
2010-05-20,2010-05-21,BA,sell,113.95720928400686,48.916943902427164,5574.438413822916,13.936096034557291,market_trend_exit,risk_exit,-948.3886508134485
2010-05-20,2010-05-21,BKNG,sell,626.6375284658948,6.937825635590696,4347.501909213879,10.868754773034699,market_trend_exit,risk_exit,-2011.0918919311666
2010-05-20,2010-05-21,EL,sell,241.04400215350864,23.369974264353555,5633.19212690428,14.082980317260699,market_trend_exit,risk_exit,-477.7893107154367
2010-05-20,2010-05-21,F,sell,990.9578659420546,5.09537197151241,5049.298935070898,12.623247337677244,market_trend_exit,risk_exit,-1341.241345206389
2010-05-20,2010-05-21,FITB,sell,706.6133356523363,7.4388252864238575,5256.373148974908,13.14093287243727,market_trend_exit,risk_exit,-1265.6587524993358
2010-05-20,2010-05-21,HST,sell,704.9370212829987,7.293327645975086,5141.336665994622,12.853341664986557,market_trend_exit,risk_exit,-1380.4076442721716
2010-05-20,2010-05-21,LUV,sell,572.5445929801925,9.790546613134921,5605.524525670936,14.01381131417734,market_trend_exit,risk_exit,-917.3802542450478
2010-05-20,2010-05-21,MU,sell,706.8153274504655,8.200902705223028,5796.523730981622,14.491309327454056,market_trend_exit,risk_exit,-726.8585469476386
2010-05-20,2010-05-21,RF,sell,1158.494174870249,4.4835155451229864,5194.126641965189,12.985316604912974,market_trend_exit,risk_exit,-1327.7496432415305
2010-05-20,2010-05-21,TGNA,sell,566.1232074136318,9.728934311904322,5507.775497371809,13.769438743429523,market_trend_exit,risk_exit,-1014.8849099734264
2010-05-20,2010-05-21,TSN,sell,452.5225527692608,12.07201673387158,5462.859829484802,13.657149573712005,market_trend_exit,risk_exit,-935.1485668629812
2010-05-20,2010-05-21,WYNN,sell,114.77534908014584,46.418442728303525,5327.692967897795,13.319232419744488,market_trend_exit,risk_exit,-1194.5172331237566
2010-05-20,2010-05-21,X,sell,125.85382223480684,42.407337228871,5337.125481053837,13.342813702634592,market_trend_exit,risk_exit,-1185.1083012506042
2010-07-27,2010-07-28,AIG,buy,206.98096811653383,24.14648888927828,4997.863646917946,12.494659117294866,rebalance,rebalance,0.0
2010-07-27,2010-07-28,AKAM,buy,112.69140516057237,44.349998474121094,4997.863646917946,12.494659117294866,rebalance,rebalance,0.0
2010-07-27,2010-07-28,ARG,buy,84.73788853710202,58.98027120099481,4997.863646917946,12.494659117294866,rebalance,rebalance,0.0
2010-07-27,2010-07-28,CMI,buy,92.52615947960565,54.01568243000036,4997.863646917946,12.494659117294866,rebalance,rebalance,0.0
2010-07-27,2010-07-28,CRM,buy,206.3863769018118,24.216053995151423,4997.863646917946,12.494659117294866,rebalance,rebalance,0.0
2010-07-27,2010-07-28,HAS,buy,201.11942447809918,24.850228464442463,4997.863646917946,12.494659117294866,rebalance,rebalance,0.0
2010-07-27,2010-07-28,HST,buy,615.8864617986576,8.114910713123976,4997.863646917946,12.494659117294866,rebalance,rebalance,0.0
2010-07-27,2010-07-28,HSY,buy,156.40272004242382,31.95509416691915,4997.863646917946,12.494659117294866,rebalance,rebalance,0.0
2010-07-27,2010-07-28,KDP,buy,1178.3313568405363,4.2414755560089095,4997.863646917946,12.494659117294866,rebalance,rebalance,0.0
2010-07-27,2010-07-28,NEM,buy,129.8964595432755,38.47574956616034,4997.863646917946,12.494659117294866,rebalance,rebalance,0.0
2010-07-27,2010-07-28,PXD,buy,85.0670873728992,58.752025034187,4997.863646917946,12.494659117294866,rebalance,rebalance,0.0
2010-07-27,2010-07-28,TMUS,buy,352.84606788153354,14.164430616797906,4997.863646917946,12.494659117294866,rebalance,rebalance,0.0
2010-07-27,2010-07-28,VMRK,buy,219.0927370386437,22.81163544931396,4997.863646917946,12.494659117294866,rebalance,rebalance,0.0
2010-07-27,2010-07-28,WFM,buy,274.4900002483659,18.207816832656,4997.863646917946,12.494659117294866,rebalance,rebalance,0.0
2010-07-27,2010-07-28,WYNN,buy,89.97722215402732,55.545876248128266,4997.863646917946,12.494659117294866,rebalance,rebalance,0.0
2010-07-29,2010-07-30,AIG,sell,206.98096811653383,23.792679275118207,4924.631790450157,12.311579476125392,market_trend_exit,risk_exit,-98.03809506120943
2010-07-29,2010-07-30,AKAM,sell,112.69140516057237,37.599998474121094,4237.196662084083,10.592991655210207,market_trend_exit,risk_exit,-783.7546356063685
2010-07-29,2010-07-30,ARG,sell,84.73788853710202,58.781684429274286,4981.03582319095,12.452589557977376,market_trend_exit,risk_exit,-41.775072402268535
2010-07-29,2010-07-30,CMI,sell,92.52615947960565,52.959215955428185,4900.112861406825,12.250282153517063,market_trend_exit,risk_exit,-122.49572678193368
2010-07-29,2010-07-30,CRM,sell,206.3863769018118,23.80073732368837,4912.147943827767,12.280369859569419,market_trend_exit,risk_exit,-110.49073206704381
2010-07-29,2010-07-30,HAS,sell,201.11942447809918,24.64961225026018,4957.515829380631,12.393789573451578,market_trend_exit,risk_exit,-65.23626622806182
2010-07-29,2010-07-30,HST,sell,615.8864617986576,7.8632456442042855,4842.8665380626835,12.10716634515671,market_trend_exit,risk_exit,-179.5989343177149
2010-07-29,2010-07-30,HSY,sell,156.40272004242382,31.19474171427576,4878.942455133592,12.197356137833982,market_trend_exit,risk_exit,-143.61320703948311
2010-07-29,2010-07-30,KDP,sell,1178.3313568405363,3.9438462991980385,4647.157760904553,11.617894402261381,market_trend_exit,risk_exit,-374.8184395329499
2010-07-29,2010-07-30,NEM,sell,129.8964595432755,39.29991599139999,5104.919947631015,12.762299869077538,market_trend_exit,risk_exit,81.79934172669623
2010-07-29,2010-07-30,PXD,sell,85.0670873728992,57.080219443783,4855.648014688548,12.13912003672137,market_trend_exit,risk_exit,-166.84941138341446
2010-07-29,2010-07-30,TMUS,sell,352.84606788153354,13.865069340678689,4892.2351977632825,12.230587994408207,market_trend_exit,risk_exit,-130.35369626636668
2010-07-29,2010-07-30,VMRK,sell,219.0927370386437,21.940138650905634,4806.925028034251,12.017312570085629,market_trend_exit,risk_exit,-215.45059057107582
2010-07-29,2010-07-30,WFM,sell,274.4900002483659,17.436875646715,4786.248000597525,11.965620001493813,market_trend_exit,risk_exit,-236.07592543920944
2010-07-29,2010-07-30,WYNN,sell,89.97722215402732,53.6721314481675,4829.269294791923,12.073173236979809,market_trend_exit,risk_exit,-193.1621844802978
2010-09-22,2010-09-23,AKAM,buy,148.0979434629033,50.86000061035156,7532.261494915072,18.83065373728768,rebalance,rebalance,0.0
2010-09-22,2010-09-23,AZO,buy,34.0702977769608,221.0800018310547,7532.261494915072,18.83065373728768,rebalance,rebalance,0.0
2010-09-22,2010-09-23,BKNG,buy,573.0230983423743,13.14477813670024,7532.261494915073,18.830653737287683,rebalance,rebalance,0.0
2010-09-22,2010-09-23,CHRW,buy,160.50097631700922,46.929692689457084,7532.261494915072,18.83065373728768,rebalance,rebalance,0.0
2010-09-22,2010-09-23,CMI,buy,126.38327981220282,59.59856007936741,7532.261494915072,18.83065373728768,rebalance,rebalance,0.0
2010-09-22,2010-09-23,CRM,buy,259.9685458144916,28.973741693696837,7532.261494915072,18.83065373728768,rebalance,rebalance,0.0
2010-09-22,2010-09-23,CTXS,buy,140.49653886391067,53.61172279276613,7532.261494915072,18.83065373728768,rebalance,rebalance,0.0
2010-09-22,2010-09-23,FDO,buy,184.34761636706094,40.85901213887857,7532.261494915072,18.83065373728768,rebalance,rebalance,0.0
2010-09-22,2010-09-23,FSLR,buy,52.67315730709841,143.0,7532.261494915072,18.83065373728768,rebalance,rebalance,0.0
2010-09-22,2010-09-23,INTU,buy,189.07045315387361,39.83838494735608,7532.261494915072,18.83065373728768,rebalance,rebalance,0.0
2010-09-22,2010-09-23,NEM,buy,164.1535327538743,45.88546690742663,7532.261494915072,18.83065373728768,rebalance,rebalance,0.0
2010-09-22,2010-09-23,NTAP,buy,213.61021700637895,35.26170985861664,7532.261494915072,18.83065373728768,rebalance,rebalance,0.0
2010-09-22,2010-09-23,SRCL,buy,107.85025049992943,69.84,7532.261494915072,18.83065373728768,rebalance,rebalance,0.0
2010-09-22,2010-09-23,TMUS,buy,475.2126802151412,15.850295685512897,7532.261494915072,18.83065373728768,rebalance,rebalance,0.0
2010-09-22,2010-09-23,VMRK,buy,313.37186142834133,24.036176894068305,7532.261494915073,18.830653737287683,rebalance,rebalance,0.0
2010-10-20,2010-10-21,AZO,sell,2.0389057901522847,232.5800018310547,474.20871240696636,1.185521781017416,rebalance,rebalance,21.13499156618336
2010-10-20,2010-10-21,BKNG,sell,28.013765749695153,13.669236032167031,382.92677618241964,0.9573169404560491,rebalance,rebalance,12.8141368498457
2010-10-20,2010-10-21,CHRW,sell,160.50097631700922,50.47023517136176,8100.522019952619,20.251305049881548,rebalance,rebalance,529.1785662503777
2010-10-20,2010-10-21,CMI,sell,8.700594832226457,63.304650197356935,550.7881123630274,1.3769702809075686,rebalance,rebalance,29.57186093785098
2010-10-20,2010-10-21,FDO,sell,184.34761636706094,42.86569177585831,7902.188102804606,19.755470257011517,rebalance,rebalance,331.34048389523514
2010-10-20,2010-10-21,FSLR,sell,52.67315730709841,144.57000732421875,7614.958737676943,19.037396844192358,rebalance,rebalance,44.82919218039149
2010-10-20,2010-10-21,INTU,sell,4.298942213931753,40.31931745887307,173.33041586086497,0.43332603965216243,rebalance,rebalance,1.2060177491978128
2010-10-20,2010-10-21,NTAP,sell,19.054503323789135,38.29165983322041,729.6285595655012,1.824071398913753,rebalance,rebalance,54.230384543829786
2010-10-20,2010-10-21,SRCL,sell,4.866269204060558,72.34,352.0259142217408,0.880064785554352,rebalance,rebalance,10.435957621568079
2010-10-20,2010-10-21,TMUS,sell,34.13619694141357,16.890180024220076,576.5665116827059,1.4414162792067648,rebalance,rebalance,32.703608265442384
2010-10-20,2010-10-21,VMRK,sell,313.37186142834133,25.627674529157016,8030.992071281625,20.077480178204063,rebalance,rebalance,459.82244245106153
2010-10-20,2010-10-21,AKAM,buy,13.259247405560984,46.16999816894531,612.1794284363435,1.5304485710908589,rebalance,rebalance,0.0
2010-10-20,2010-10-21,AMT,buy,204.46525759862098,36.435829218319974,7449.861206943155,18.624653017357886,rebalance,rebalance,0.0
2010-10-20,2010-10-21,CRM,buy,29.26901974230998,25.756893619961414,753.8790278632285,1.8846975696580714,rebalance,rebalance,0.0
2010-10-20,2010-10-21,CTXS,buy,22.3151907771458,45.757521422857685,1021.0878200404053,2.5527195501010134,rebalance,rebalance,0.0
2010-10-20,2010-10-21,DE,buy,130.28109571131588,57.18297935911571,7449.861206943155,18.624653017357886,rebalance,rebalance,0.0
2010-10-20,2010-10-21,NEM,buy,10.573384545033377,42.637169602200316,450.8191901158717,1.1270479752896794,rebalance,rebalance,0.0
2010-10-20,2010-10-21,RHT,buy,190.38745737140695,39.13,7449.861206943155,18.624653017357886,rebalance,rebalance,0.0
2010-10-20,2010-10-21,VZ,buy,507.80128404380207,14.670819946765913,7449.861206943155,18.624653017357886,rebalance,rebalance,0.0
2010-11-17,2010-11-18,AKAM,sell,161.35719086846427,48.540000915527344,7832.278192482177,19.580695481205442,rebalance,rebalance,-352.10452865882354
2010-11-17,2010-11-18,AMT,sell,204.46525759862098,36.952139819749206,7555.4287870652815,18.888571967663204,rebalance,rebalance,68.05435513710594
2010-11-17,2010-11-18,AZO,sell,32.031391986808515,251.7100067138672,8062.621892054083,20.15655473013521,rebalance,rebalance,943.2613877313543
2010-11-17,2010-11-18,BKNG,sell,50.680795233283334,16.058873273621764,813.876468057671,2.0346911701441774,rebalance,rebalance,143.98849823164977
2010-11-17,2010-11-18,CRM,sell,289.2375655568016,27.806429224961555,8042.663895855381,20.106659739638452,rebalance,rebalance,-284.298637969503
2010-11-17,2010-11-18,CTXS,sell,162.81172964105647,51.36423747204895,8362.700344518256,20.90675086129564,rebalance,rebalance,-232.93909458590824
2010-11-17,2010-11-18,NEM,sell,174.72691729890767,42.700733125233825,7460.967465375457,18.652418663438645,rebalance,rebalance,-560.7233400315029
2010-11-17,2010-11-18,SRCL,sell,102.98398129586887,70.94,7305.683633128938,18.264209082822344,rebalance,rebalance,77.03716720837431
2010-11-17,2010-11-18,TMUS,sell,441.0764832737276,18.95418232123214,8360.24408157813,20.900610203945327,rebalance,rebalance,1330.6728098598833
2010-11-17,2010-11-18,VZ,sell,507.80128404380207,14.56813788033685,7397.719121762206,18.494297804405516,rebalance,rebalance,-89.26103600271178
2010-11-17,2010-11-18,AFL,buy,425.1700800891913,18.671020630906217,7938.359336989339,19.845898342473347,rebalance,rebalance,0.0
2010-11-17,2010-11-18,AMZN,buy,987.7267177906998,8.036999702453613,7938.359336989339,19.845898342473347,rebalance,rebalance,0.0
2010-11-17,2010-11-18,CAT,buy,140.68219998544976,56.4276030500687,7938.359336989339,19.845898342473347,rebalance,rebalance,0.0
2010-11-17,2010-11-18,CF,buy,483.04148344205805,16.43411510005758,7938.359336989339,19.845898342473347,rebalance,rebalance,0.0
2010-11-17,2010-11-18,CMI,buy,5.969086741994303,64.19931737685597,383.21129419927547,0.9580282354981887,rebalance,rebalance,0.0
2010-11-17,2010-11-18,CTSH,buy,286.2717668392637,27.730151054143526,7938.359336989338,19.845898342473344,rebalance,rebalance,0.0
2010-11-17,2010-11-18,DE,buy,8.111416165174745,57.361191218741546,465.2804937053798,1.1632012342634495,rebalance,rebalance,0.0
2010-11-17,2010-11-18,DFS,buy,479.0926117198058,16.569571608489,7938.359336989338,19.845898342473344,rebalance,rebalance,0.0
2010-11-17,2010-11-18,FCX,buy,220.55725722620184,35.99228353138169,7938.35933698934,19.84589834247335,rebalance,rebalance,0.0
2010-11-17,2010-11-18,INTU,buy,3.1107883029528978,42.25176809618774,131.43630597269924,0.3285907649317481,rebalance,rebalance,0.0
2010-11-17,2010-11-18,IPG,buy,879.7277616998039,9.0236544560682,7938.35933698934,19.84589834247335,rebalance,rebalance,0.0
2010-11-17,2010-11-18,NTAP,buy,11.732116192711715,38.48195669995646,451.47478732679025,1.1286869683169756,rebalance,rebalance,0.0
2010-11-17,2010-11-18,RDC,buy,267.8172604552849,29.640954893998465,7938.359336989339,19.845898342473347,rebalance,rebalance,0.0
2010-11-17,2010-11-18,RHT,buy,0.9444138503172894,41.49,39.18373064966434,0.09795932662416085,rebalance,rebalance,0.0
2010-12-16,2010-12-17,AFL,sell,425.1700800891913,18.76335804614402,7977.618443221225,19.94404610805306,rebalance,rebalance,-0.5308382186400529
2010-12-16,2010-12-17,AMZN,sell,987.7267177906998,8.920499801635742,8811.01599012226,22.02753997530565,rebalance,rebalance,830.7832148151437
2010-12-16,2010-12-17,CAT,sell,140.68219998544976,63.882881197474035,8987.18426826977,22.467960670674426,rebalance,rebalance,1006.5110722672836
2010-12-16,2010-12-17,CMI,sell,123.65177172197066,74.38258274972797,9197.538142259957,22.993845355649892,rebalance,rebalance,1759.1221069614423
2010-12-16,2010-12-17,CTSH,sell,286.2717668392637,30.930294243052,8854.469981816803,22.136174954542007,rebalance,rebalance,874.1285715304491
2010-12-16,2010-12-17,DE,sell,138.39251187649063,61.073379570264315,8452.098407515225,21.13024601878806,rebalance,rebalance,496.03860659628106
2010-12-16,2010-12-17,FCX,sell,13.37660524350477,40.884629931184094,546.8975551162292,1.367243887790573,rebalance,rebalance,62.87210619531907
2010-12-16,2010-12-17,INTU,sell,187.88229924289476,43.07372581676103,8092.790643411098,20.231976608527745,rebalance,rebalance,561.392693484595
2010-12-16,2010-12-17,IPG,sell,879.7277616998039,9.3224509612361,8201.21891768442,20.50304729421105,rebalance,rebalance,222.510635058396
2010-12-16,2010-12-17,NTAP,sell,206.28782987530153,39.25043008762085,8096.886044447546,20.242215111118863,rebalance,rebalance,746.522310011717
2010-12-16,2010-12-17,RDC,sell,267.8172604552849,32.82231392712396,8790.382197765683,21.975955494414208,rebalance,rebalance,810.2010069394563
2010-12-16,2010-12-17,RHT,sell,191.33187122172424,48.1,9203.063005764936,23.00765751441234,rebalance,rebalance,1672.287798313724
2010-12-16,2010-12-17,AMP,buy,212.38827926157452,39.88216447095866,8470.504285214012,21.17626071303503,rebalance,rebalance,0.0
2010-12-16,2010-12-17,BKNG,buy,45.608270973089816,15.687954876375077,715.5004970153202,1.7887512425383005,rebalance,rebalance,0.0
2010-12-16,2010-12-17,CF,buy,18.540392399196833,16.88758045933628,313.10236838910333,0.7827559209727584,rebalance,rebalance,0.0
2010-12-16,2010-12-17,CTXS,buy,152.95429033224747,55.379318009415584,8470.504285214012,21.17626071303503,rebalance,rebalance,0.0
2010-12-16,2010-12-17,DFS,buy,32.115793986613596,16.569571608489,532.1449482246744,1.330362370561686,rebalance,rebalance,0.0
2010-12-16,2010-12-17,EBAY,buy,746.0614254329782,11.353628530382922,8470.504285214012,21.17626071303503,rebalance,rebalance,0.0
2010-12-16,2010-12-17,EXPD,buy,181.94012470317742,46.556548749392405,8470.504285214012,21.17626071303503,rebalance,rebalance,0.0
2010-12-16,2010-12-17,F,buy,1016.6776335861261,8.33155368564174,8470.504285214012,21.17626071303503,rebalance,rebalance,0.0
2010-12-16,2010-12-17,HAL,buy,274.254145925417,30.885601589109807,8470.504285214012,21.17626071303503,rebalance,rebalance,0.0
2010-12-16,2010-12-17,JNPR,buy,241.41772170530737,35.086505768428,8470.504285214012,21.17626071303503,rebalance,rebalance,0.0
2010-12-16,2010-12-17,MWW,buy,343.4916579567726,24.66,8470.504285214012,21.17626071303503,rebalance,rebalance,0.0
2010-12-16,2010-12-17,PH,buy,129.20182299764969,65.56025363023012,8470.504285214012,21.17626071303503,rebalance,rebalance,0.0
2010-12-16,2010-12-17,PM,buy,294.7850099477287,28.734514983363646,8470.504285214012,21.17626071303503,rebalance,rebalance,0.0
2010-12-16,2010-12-17,QCOM,buy,254.4874131769087,33.28457065703946,8470.504285214012,21.17626071303503,rebalance,rebalance,0.0
2011-01-14,2011-01-18,AMP,sell,212.38827926157452,43.83659702892698,9310.379411656852,23.27594852914213,rebalance,rebalance,795.4229172006619
2011-01-14,2011-01-18,BKNG,sell,27.04303801139531,17.124633802470075,463.10212285142325,1.1577553071285582,rebalance,rebalance,99.7570034395493
2011-01-14,2011-01-18,CF,sell,67.7371851261525,20.24484379845638,1371.32873222608,3.4283218305652,rebalance,rebalance,250.77847465662975
2011-01-14,2011-01-18,CTXS,sell,152.95429033224747,54.38754512767562,8318.808367916708,20.797020919791773,rebalance,rebalance,-193.66919893013034
2011-01-14,2011-01-18,DFS,sell,511.2084057064194,18.141639577048,9274.15864508319,23.185396612707972,rebalance,rebalance,759.292702543434
2011-01-14,2011-01-18,EBAY,sell,746.0614254329782,10.848860550001897,8093.9163662580195,20.23479091564505,rebalance,rebalance,-417.99897058467366
2011-01-14,2011-01-18,EXPD,sell,181.94012470317742,44.682506363601924,8129.540779844253,20.32385194961063,rebalance,rebalance,-382.4636180324051
2011-01-14,2011-01-18,F,sell,1016.6776335861261,9.276059386911312,9430.762106489365,23.576905266223413,rebalance,rebalance,915.5046552960941
2011-01-14,2011-01-18,FCX,sell,5.152426858400219,43.4747075113544,224.00025064259614,0.5600006266064904,rebalance,rebalance,37.5290226328372
2011-01-14,2011-01-18,HAL,sell,274.254145925417,30.602387832964485,8392.831738408047,20.982079346020118,rebalance,rebalance,-119.83088686501962
2011-01-14,2011-01-18,JNPR,sell,241.41772170530737,36.569435841545,8828.509884914203,22.071274712285508,rebalance,rebalance,314.7580642748717
2011-01-14,2011-01-18,PH,sell,1.9607932043939797,69.02740421535324,135.348465102421,0.3383711627560525,rebalance,rebalance,6.138618893672724
2011-01-14,2011-01-18,PM,sell,294.7850099477287,27.522943969692584,8113.351311896608,20.283378279741523,rebalance,rebalance,-398.61261231017954
2011-01-14,2011-01-18,QCOM,sell,254.4874131769087,35.10801503563852,8934.547928195663,22.336369820489157,rebalance,rebalance,420.5310124481271
2011-01-14,2011-01-18,ADSK,buy,211.84559069626863,41.459999084472656,8783.117996316867,21.957794990792166,rebalance,rebalance,0.0
2011-01-14,2011-01-18,CMI,buy,113.03655109380706,77.70157450246258,8783.117996316867,21.957794990792166,rebalance,rebalance,0.0
2011-01-14,2011-01-18,ETN,buy,247.66486595161345,35.46372216571419,8783.117996316867,21.957794990792166,rebalance,rebalance,0.0
2011-01-14,2011-01-18,FFIV,buy,60.81649430601851,144.4199981689453,8783.117996316867,21.957794990792166,rebalance,rebalance,0.0
2011-01-14,2011-01-18,HAR,buy,205.7230491064727,42.69389372977421,8783.117996316867,21.957794990792166,rebalance,rebalance,0.0
2011-01-14,2011-01-18,JCP,buy,307.44584954842696,28.568016153795583,8783.117996316867,21.957794990792166,rebalance,rebalance,0.0
2011-01-14,2011-01-18,MWW,buy,31.855264962751676,23.4,745.4132001283891,1.863533000320973,rebalance,rebalance,0.0
2011-01-14,2011-01-18,NFLX,buy,3211.0419183570884,2.735285997390747,8783.117996316867,21.957794990792166,rebalance,rebalance,0.0
2011-01-14,2011-01-18,RL,buy,103.52883206971195,84.83741022406865,8783.117996316867,21.957794990792166,rebalance,rebalance,0.0
2011-01-14,2011-01-18,TIF,buy,166.49199109313778,52.753996985978,8783.117996316867,21.957794990792166,rebalance,rebalance,0.0
2011-01-14,2011-01-18,TPR,buy,246.92432885429028,35.570079453368784,8783.117996316867,21.957794990792166,rebalance,rebalance,0.0
2011-02-14,2011-02-15,ADSK,sell,211.84559069626863,42.16999816894531,8933.528171760787,22.333820429401968,rebalance,rebalance,106.11856002372595
2011-02-14,2011-02-15,BKNG,sell,512.8937703210903,17.78226450793126,9120.412688319771,22.80103172079943,rebalance,rebalance,2228.426224841493
2011-02-14,2011-02-15,CF,sell,89.76408876491598,20.99778202750221,1884.846769783066,4.712116924457665,rebalance,rebalance,399.74493170109054
2011-02-14,2011-02-15,CMI,sell,113.03655109380706,77.83187374744003,8797.846573579245,21.994616433948114,rebalance,rebalance,-29.22383416236103
2011-02-14,2011-02-15,ETN,sell,247.66486595161345,38.123497504717285,9441.850899112476,23.604627247781192,rebalance,rebalance,613.1704805570367
2011-02-14,2011-02-15,FCX,sell,25.645712437887994,40.961710827234874,1050.4922568391887,2.6262306420979717,rebalance,rebalance,122.51065338477248
2011-02-14,2011-02-15,FFIV,sell,5.016913536453366,129.47999572753906,649.5899432654147,1.623974858163537,rebalance,rebalance,-78.38803195047169
2011-02-14,2011-02-15,HAR,sell,53.33651026870197,47.411861538067726,2528.7832397834254,6.321958099458564,rebalance,rebalance,239.62512210167154
2011-02-14,2011-02-15,JCP,sell,93.85222866394955,33.82558640901259,3174.606670350833,7.936516675877083,rebalance,rebalance,478.79523917217523
2011-02-14,2011-02-15,NFLX,sell,3211.0419183570884,3.478429079055786,11169.381582880373,27.923453957200934,rebalance,rebalance,2336.3823376155124
2011-02-14,2011-02-15,PH,sell,127.2410297932557,71.20975604771772,9060.802690838122,22.652006727095305,rebalance,rebalance,675.3416132299704
2011-02-14,2011-02-15,RL,sell,103.52883206971195,96.90861674218343,10032.835908809584,25.08208977202396,rebalance,rebalance,1202.678027729902
2011-02-14,2011-02-15,TIF,sell,166.49199109313778,56.541598635312,9413.723336382136,23.53430834095534,rebalance,rebalance,585.1132367335236
2011-02-14,2011-02-15,TPR,sell,246.92432885429028,37.74744511351058,9320.76255061776,23.301906376544398,rebalance,rebalance,492.3848529335557
2011-02-14,2011-02-15,A,buy,255.3438395585279,28.294904204985627,7224.929479641766,18.062323699104414,rebalance,rebalance,0.0
2011-02-14,2011-02-15,AIG,buy,232.64097218213482,31.056135176332408,7224.929479641766,18.062323699104414,rebalance,rebalance,0.0
2011-02-14,2011-02-15,F,buy,906.6675643896448,7.968664330134587,7224.929479641766,18.062323699104414,rebalance,rebalance,0.0
2011-02-14,2011-02-15,HES,buy,96.03978038788637,75.228508962241,7224.929479641766,18.062323699104414,rebalance,rebalance,0.0
2011-02-14,2011-02-15,JBL,buy,378.9318534089057,19.06656675770495,7224.929479641766,18.062323699104414,rebalance,rebalance,0.0
2011-02-14,2011-02-15,LEN,buy,426.37429949221706,16.945039811841774,7224.929479641766,18.062323699104414,rebalance,rebalance,0.0
2011-02-14,2011-02-15,MWW,buy,28.731907038068925,17.88,513.7264978406723,1.284316244601681,rebalance,rebalance,0.0
2011-02-14,2011-02-15,NTAP,buy,166.24817162671818,43.45870038116335,7224.929479641766,18.062323699104414,rebalance,rebalance,0.0
2011-02-14,2011-02-15,NVDA,buy,13632.671874790354,0.5299716406291685,7224.929479641766,18.062323699104414,rebalance,rebalance,0.0
2011-02-14,2011-02-15,PXD,buy,73.98619520848685,97.65239933318,7224.929479641766,18.062323699104414,rebalance,rebalance,0.0
2011-03-15,2011-03-16,A,sell,44.447092327662716,27.536837174317437,1223.932344298702,3.059830860746755,rebalance,rebalance,-39.89777171241629
2011-03-15,2011-03-16,AIG,sell,232.64097218213482,27.688609982845115,6441.505144781051,16.103762861952628,rebalance,rebalance,-817.5904214217717
2011-03-15,2011-03-16,CF,sell,344.0806019501864,17.485661928135066,6016.4770817301705,15.041192704325427,rebalance,rebalance,326.85718628036227
2011-03-15,2011-03-16,F,sell,906.6675643896448,7.322422498930238,6639.002972537015,16.59750743134254,rebalance,rebalance,-620.5863382351973
2011-03-15,2011-03-16,FCX,sell,176.38251268640886,38.32799018353295,6760.3872147915545,16.900968036978888,rebalance,rebalance,379.2058166513542
2011-03-15,2011-03-16,FFIV,sell,55.79958076956515,111.22000122070312,6206.029441305758,15.515073603264396,rebalance,rebalance,-1888.2074232474413
2011-03-15,2011-03-16,HAR,sell,17.4605348014434,43.04158735425033,751.5291339082542,1.8788228347706355,rebalance,rebalance,2.328448252440097
2011-03-15,2011-03-16,HES,sell,96.03978038788637,72.460505628714,6959.091047376897,17.397727618442243,rebalance,rebalance,-301.29848358241543
2011-03-15,2011-03-16,JBL,sell,43.90114565324973,17.33402119463324,760.9833892221118,1.9024584730552796,rebalance,rebalance,-80.05580389920154
2011-03-15,2011-03-16,JCP,sell,44.7284095818807,34.39091654398216,1538.2510010755109,3.845627502688777,rebalance,rebalance,253.40894128539742
2011-03-15,2011-03-16,LEN,sell,426.37429949221706,16.121493149022733,6873.7903481831445,17.184475870457863,rebalance,rebalance,-386.3859310281835
2011-03-15,2011-03-16,MWW,sell,404.0788299575932,14.59,5895.5101290812845,14.738775322703212,rebalance,rebalance,-3873.1967393824516
2011-03-15,2011-03-16,NTAP,sell,166.24817162671818,33.77600548852363,5615.199157321052,14.037997893302629,rebalance,rebalance,-1641.830643913122
2011-03-15,2011-03-16,PXD,sell,73.98619520848685,96.547125923781,7143.154505415222,17.857886263538056,rebalance,rebalance,-117.6951841891869
2011-03-15,2011-03-16,EL,buy,158.5032086219074,36.63919134244483,5807.429389089516,14.51857347272379,rebalance,rebalance,0.0
2011-03-15,2011-03-16,KLAC,buy,2208.329755193123,2.6297836070146343,5807.429389089516,14.51857347272379,rebalance,rebalance,0.0
2011-03-15,2011-03-16,MU,buy,576.5246357901942,10.07316778602142,5807.429389089516,14.51857347272379,rebalance,rebalance,0.0
2011-03-15,2011-03-16,NFLX,buy,1839.2078109510994,3.1575710773468018,5807.429389089516,14.51857347272379,rebalance,rebalance,0.0
2011-03-15,2011-03-16,NVDA,buy,863.2034748976384,0.4006263332841445,345.82204302637297,0.8645551075659325,rebalance,rebalance,0.0
2011-03-15,2011-03-16,SLB,buy,101.24885519745543,57.3579758286044,5807.429389089516,14.51857347272379,rebalance,rebalance,0.0
2011-03-15,2011-03-16,TER,buy,373.31919166544,15.556203695774634,5807.429389089516,14.51857347272379,rebalance,rebalance,0.0
2011-03-15,2011-03-16,VLO,buy,382.2157677778672,15.19411253714846,5807.429389089516,14.51857347272379,rebalance,rebalance,0.0
2011-03-15,2011-03-16,WFM,buy,215.86783866291793,26.902707809837,5807.429389089516,14.51857347272379,rebalance,rebalance,0.0
2011-03-15,2011-03-16,WY,buy,414.36329475285225,14.015308456685016,5807.429389089516,14.51857347272379,rebalance,rebalance,0.0
2011-03-15,2011-03-16,WYNN,buy,70.59757652233561,82.26103040877283,5807.429389089517,14.518573472723793,rebalance,rebalance,0.0
2011-04-12,2011-04-13,A,sell,210.89674723086517,28.560229147206048,6023.259427313902,15.058148568284755,rebalance,rebalance,25.979760555118496
2011-04-12,2011-04-13,EL,sell,158.5032086219074,39.08811417801149,6195.591516194291,15.488978790485728,rebalance,rebalance,358.154574841565
2011-04-12,2011-04-13,JCP,sell,168.86521130259672,36.23956445014483,6119.60170838778,15.29900427096945,rebalance,rebalance,1268.098259599356
2011-04-12,2011-04-13,KLAC,sell,2208.329755193123,2.4701034440123415,5454.802933817465,13.637007334543663,rebalance,rebalance,-380.78203607931863
2011-04-12,2011-04-13,MU,sell,576.5246357901942,10.365708626515437,5976.086390609086,14.940215976522715,rebalance,rebalance,139.19821207032416
2011-04-12,2011-04-13,NFLX,sell,1839.2078109510994,3.3782858848571777,6213.369787055168,15.53342446763792,rebalance,rebalance,375.8884000252907
2011-04-12,2011-04-13,SLB,sell,101.24885519745543,59.261494048913825,6000.158429743343,15.000396074358358,rebalance,rebalance,163.21007110674498
2011-04-12,2011-04-13,WYNN,sell,70.59757652233561,90.80465226959866,6410.588387187068,16.026470967967672,rebalance,rebalance,572.6139536568598
2011-04-12,2011-04-13,BKNG,buy,419.7185727638879,20.142139963786658,8454.030238011004,21.135075595027512,rebalance,rebalance,0.0
2011-04-12,2011-04-13,CBRE,buy,306.86136014982367,27.549999237060547,8454.030238011004,21.135075595027512,rebalance,rebalance,0.0
2011-04-12,2011-04-13,CHK,buy,313.151980216182,26.99657282120596,8454.030238011004,21.135075595027512,rebalance,rebalance,0.0
2011-04-12,2011-04-13,COG,buy,668.90582506527,12.638595630687,8454.030238011004,21.135075595027512,rebalance,rebalance,0.0
2011-04-12,2011-04-13,HAR,buy,69.75253233849926,41.30394123265172,2881.0544965380122,7.202636241345031,rebalance,rebalance,0.0
2011-04-12,2011-04-13,JBL,buy,175.6782697373851,16.553517973210486,2908.093395600324,7.270233489000811,rebalance,rebalance,0.0
2011-04-12,2011-04-13,MRO,buy,312.5005324004687,27.052850672194,8454.030238011004,21.135075595027512,rebalance,rebalance,0.0
2011-04-12,2011-04-13,NVDA,buy,6546.039319522244,0.4017709591029488,2630.0084957300664,6.575021239325166,rebalance,rebalance,0.0
2011-04-12,2011-04-13,ROK,buy,124.94421204776154,67.66243989581,8454.030238011004,21.135075595027512,rebalance,rebalance,0.0
2011-04-12,2011-04-13,TER,buy,168.8494826546103,15.592989116557597,2632.8681453697195,6.582170363424299,rebalance,rebalance,0.0
2011-04-12,2011-04-13,TMUS,buy,319.57561266865883,26.45392796845321,8454.030238011004,21.135075595027512,rebalance,rebalance,0.0
2011-04-12,2011-04-13,VLO,buy,183.09489279369654,14.954662679567129,2738.122360081238,6.845305900203096,rebalance,rebalance,0.0
2011-04-12,2011-04-13,WFM,buy,78.76652663401987,28.693293226304,2260.071045127416,5.650177612818539,rebalance,rebalance,0.0
2011-04-12,2011-04-13,WMB,buy,741.6976772660634,11.398215873040083,8454.030238011004,21.135075595027512,rebalance,rebalance,0.0
2011-04-12,2011-04-13,WY,buy,240.00919516411528,12.91929347317722,3100.7492285862722,7.751873071465681,rebalance,rebalance,0.0
2011-05-11,2011-05-12,BKNG,sell,419.7185727638879,20.38693868083366,8556.776806144402,21.391942015361007,rebalance,rebalance,60.219550523009545
2011-05-11,2011-05-12,COG,sell,24.479693273988914,12.866296016904,314.96298006615524,0.7874074501653882,rebalance,rebalance,4.013155801662608
2011-05-11,2011-05-12,HAR,sell,204.6785363748266,45.110247653347415,9233.099465193105,23.082748662982763,rebalance,rebalance,546.8418148464451
2011-05-11,2011-05-12,JBL,sell,510.70897749304106,18.293943266966476,9342.881060188152,23.35720265047038,rebalance,rebalance,0.30515975574566667
2011-05-11,2011-05-12,MRO,sell,4.3711619509825255,26.908753815191,117.62252082531877,0.2940563020632969,rebalance,rebalance,-1.2195579794607339
2011-05-11,2011-05-12,NVDA,sell,2749.9667480608987,0.45328017597668957,1246.5054114910888,3.116263528727722,rebalance,rebalance,-93.08049725640731
2011-05-11,2011-05-12,TMUS,sell,24.09882082969176,28.061010548584,676.2372655104164,1.690593163776041,rebalance,rebalance,35.444430817431325
2011-05-11,2011-05-12,WFM,sell,5.851909510192229,28.711499630635,168.01709774039364,0.4200427443509841,rebalance,rebalance,6.96301567390905
2011-05-11,2011-05-12,WMB,sell,741.6976772660634,11.476674565576937,8512.222868026922,21.280557170067304,rebalance,rebalance,15.776997250821935
2011-05-11,2011-05-12,WY,sell,654.3724899169675,12.519766474730085,8192.5907612481,20.481476903120253,rebalance,rebalance,-758.3397798749978
2011-05-11,2011-05-12,BIG,buy,227.34504981708474,36.470454840895,8291.377372655013,20.728443431637533,rebalance,rebalance,0.0
2011-05-11,2011-05-12,CBRE,buy,7.087046535512911,26.40999984741211,187.1688979214985,0.4679222448037463,rebalance,rebalance,0.0
2011-05-11,2011-05-12,CBS,buy,333.6953676235482,24.847145561843,8291.377372655013,20.728443431637533,rebalance,rebalance,0.0
2011-05-11,2011-05-12,CHK,buy,10.451379265534115,25.62203737913754,267.78563020505817,0.6694640755126454,rebalance,rebalance,0.0
2011-05-11,2011-05-12,HAL,buy,233.55819402190912,35.500263252922885,8291.377372655013,20.728443431637533,rebalance,rebalance,0.0
2011-05-11,2011-05-12,IRM,buy,689.7511668387336,12.020823988824898,8291.377372655013,20.728443431637533,rebalance,rebalance,0.0
2011-05-11,2011-05-12,MU,buy,818.3618203288747,10.131676682232024,8291.377372655013,20.728443431637533,rebalance,rebalance,0.0
2011-05-11,2011-05-12,ROK,buy,9.85744188561381,61.50797954417504,606.3113338582284,1.515778334645571,rebalance,rebalance,0.0
2011-05-11,2011-05-12,TER,buy,17.277342863563945,14.820692467158496,256.0621852305368,0.640155463076342,rebalance,rebalance,0.0
2011-05-11,2011-05-12,VLO,buy,1.921511503112356,14.617255122058651,28.087223860963704,0.07021805965240926,rebalance,rebalance,0.0
2011-06-09,2011-06-10,BIG,sell,227.34504981708474,30.334006697343,6896.286263759226,17.240715659398067,rebalance,rebalance,-1433.0602679868227
2011-06-09,2011-06-10,CBS,sell,7.205287949410888,24.680621195873,177.83098248659869,0.44457745621649675,rebalance,rebalance,-2.0920105598584247
2011-06-09,2011-06-10,COG,sell,84.1693255321187,14.382650760552,1210.578013879676,3.02644503469919,rebalance,rebalance,141.1100437620993
2011-06-09,2011-06-10,HAL,sell,233.55819402190912,37.407282704052705,8736.777391625546,21.84194347906387,rebalance,rebalance,402.82963205983214
2011-06-09,2011-06-10,IRM,sell,14.849209722968226,11.939479350577137,177.2918328597684,0.443229582149421,rebalance,rebalance,-2.097382516461766
2011-06-09,2011-06-10,MRO,sell,13.022967019471764,27.305330846739,355.596423072847,0.8889910576821176,rebalance,rebalance,1.5182789732712183
2011-06-09,2011-06-10,MU,sell,818.3618203288747,8.395930283595357,6870.908790237421,17.177271975593552,rebalance,rebalance,-1458.374297824822
2011-06-09,2011-06-10,NVDA,sell,18291.947921149338,0.3983370545400017,7286.360656709734,18.215901641774334,rebalance,rebalance,-1621.6475181574722
2011-06-09,2011-06-10,ROK,sell,134.80165393337535,57.92803114718168,7808.7944077441725,19.521986019360433,rebalance,rebalance,-1293.7200040740945
2011-06-09,2011-06-10,TER,sell,559.4460171836142,13.386430535862418,7488.985247593345,18.722463118983363,rebalance,rebalance,-1247.8378345146366
2011-06-09,2011-06-10,VLO,sell,567.2321720746761,13.734177562956221,7790.467370694939,19.47616842673735,rebalance,rebalance,-824.0818681960957
2011-06-09,2011-06-10,WFM,sell,288.7824557867456,25.011047950276,7222.751848880753,18.056879622201883,rebalance,rebalance,-722.3401767217887
2011-06-09,2011-06-10,BIIB,buy,86.24615171066617,93.43000030517578,8057.977980647777,20.144944951619443,rebalance,rebalance,0.0
2011-06-09,2011-06-10,CBRE,buy,8.628780196644811,24.979999542236328,215.54692536224528,0.5388673134056132,rebalance,rebalance,0.0
2011-06-09,2011-06-10,CHK,buy,1.0773904727746526,24.818157472462513,26.738846412652165,0.06684711603163042,rebalance,rebalance,0.0
2011-06-09,2011-06-10,DF,buy,342.68041092237286,23.514556781809,8057.977980647777,20.144944951619443,rebalance,rebalance,0.0
2011-06-09,2011-06-10,ELV,buy,130.67728966251136,61.663185710833176,8057.977980647778,20.144944951619447,rebalance,rebalance,0.0
2011-06-09,2011-06-10,HUM,buy,116.33597923949318,69.2647109976128,8057.977980647777,20.144944951619443,rebalance,rebalance,0.0
2011-06-09,2011-06-10,ISRG,buy,212.4309593043931,37.932220458984375,8057.977980647777,20.144944951619443,rebalance,rebalance,0.0
2011-06-09,2011-06-10,MCO,buy,229.99654068229682,35.03521381992687,8057.977980647777,20.144944951619443,rebalance,rebalance,0.0
2011-06-09,2011-06-10,MSI,buy,227.32521097763234,35.44691741841446,8057.977980647777,20.144944951619443,rebalance,rebalance,0.0
2011-06-09,2011-06-10,TMUS,buy,12.79964362038038,26.13880612911909,334.5674031149387,0.8364185077873468,rebalance,rebalance,0.0
2011-06-09,2011-06-10,WYNN,buy,86.91541126749496,92.71057759651123,8057.977980647778,20.144944951619447,rebalance,rebalance,0.0
2011-07-08,2011-07-11,BIIB,sell,7.566916287025791,106.3499984741211,804.7415355789949,2.0118538389474874,rebalance,rebalance,93.98524825647304
2011-07-08,2011-07-11,CBRE,sell,322.5771868819814,24.770000457763672,7990.237066730797,19.975592666826994,rebalance,rebalance,-908.6264523840127
2011-07-08,2011-07-11,CBS,sell,6.413308915813673,26.142280014338,167.65851749565147,0.41914629373912865,rebalance,rebalance,7.488569987213789
2011-07-08,2011-07-11,CHK,sell,324.68074995449075,25.32435204227758,8222.329613198224,20.55582403299556,rebalance,rebalance,-568.6523122500575
2011-07-08,2011-07-11,COG,sell,37.5097039063254,16.006854040104,600.4123555160695,1.5010308887901738,rebalance,rebalance,123.6561697786849
2011-07-08,2011-07-11,IRM,sell,34.10072226582952,13.05792828131596,445.2847856882761,1.1132119642206904,rebalance,rebalance,33.22799652409328
2011-07-08,2011-07-11,ISRG,sell,6.339646044871898,40.601112365722656,257.39668142675316,0.6434917035668829,rebalance,rebalance,15.675146188662064
2011-07-08,2011-07-11,MSI,sell,227.32521097763234,34.70845551554789,7890.106972779691,19.725267431949227,rebalance,rebalance,-207.74122025165522
2011-07-08,2011-07-11,WYNN,sell,86.91541126749496,109.78083343209643,9541.64628703902,23.85411571759755,rebalance,rebalance,1439.6692457220265
2011-07-08,2011-07-11,DF,buy,33.87040934070984,22.221533235283,752.6524268572235,1.881631067143059,rebalance,rebalance,0.0
2011-07-08,2011-07-11,ELV,buy,6.365427448294241,61.057871178105835,388.65944913152873,0.9716486228288218,rebalance,rebalance,0.0
2011-07-08,2011-07-11,HUM,buy,3.253795062588395,69.96866258910167,227.66368886833237,0.5691592221708309,rebalance,rebalance,0.0
2011-07-08,2011-07-11,LO,buy,271.16104873204694,30.858180429585637,8367.536567249168,20.91884141812292,rebalance,rebalance,0.0
2011-07-08,2011-07-11,MCO,buy,25.434015884011643,32.75855747147855,833.1816710668936,2.0829541776672342,rebalance,rebalance,0.0
2011-07-08,2011-07-11,MRO,buy,1.26292834907332,28.233476510607,35.65685787814126,0.08914214469535316,rebalance,rebalance,0.0
2011-07-08,2011-07-11,NFLX,buy,1986.6621495127454,4.211856842041016,8367.536567249168,20.91884141812292,rebalance,rebalance,0.0
2011-07-08,2011-07-11,OKE,buy,587.4005009387773,14.245027973037576,8367.536567249168,20.91884141812292,rebalance,rebalance,0.0
2011-07-08,2011-07-11,TMUS,buy,1.209542535980745,27.036884260312043,32.702261553235715,0.0817556538830893,rebalance,rebalance,0.0
2011-07-08,2011-07-11,UNH,buy,207.75185564782382,40.27659123023009,8367.536567249168,20.91884141812292,rebalance,rebalance,0.0
2011-08-02,2011-08-03,BIIB,sell,78.67923542364038,99.51000213623047,7829.370885083434,19.573427212708584,market_trend_exit,risk_exit,440.4189657549034
2011-08-02,2011-08-03,CBS,sell,320.0767707583236,24.885439629033,7965.251155362098,19.913127888405246,market_trend_exit,risk_exit,-27.53857180801895
2011-08-02,2011-08-03,COG,sell,522.747102352837,18.003423682388,9411.23756239877,23.528093905996926,market_trend_exit,risk_exit,2764.4032516325397
2011-08-02,2011-08-03,DF,sell,376.5508202630827,19.155220253524,7212.913898784477,18.032284746961192,market_trend_exit,risk_exit,-1637.775369486247
2011-08-02,2011-08-03,ELV,sell,137.0427171108056,51.07005344584781,6998.778887213044,17.49694721803261,market_trend_exit,risk_exit,-1486.4720833587428
2011-08-02,2011-08-03,HUM,sell,119.58977430208158,63.66902052571322,7614.163794704644,19.03540948676161,market_trend_exit,risk_exit,-711.2273884720158
2011-08-02,2011-08-03,IRM,sell,640.8012348499359,11.51183443531069,7376.797721535104,18.44199430383776,market_trend_exit,risk_exit,-363.86052586134196
2011-08-02,2011-08-03,ISRG,sell,206.0913132595212,42.887779235839844,8838.798745498658,22.096996863746647,market_trend_exit,risk_exit,979.6568665700393
2011-08-02,2011-08-03,LO,sell,271.16104873204694,29.308546050947708,7947.336083986474,19.868340209966185,market_trend_exit,risk_exit,-460.9876648907838
2011-08-02,2011-08-03,MCO,sell,255.43055656630847,29.090588190327157,7430.625132296546,18.576562830741366,market_trend_exit,risk_exit,-1501.338981378154
2011-08-02,2011-08-03,MRO,sell,296.36933177908776,24.417197749353,7236.508580893595,18.091271452233986,market_trend_exit,risk_exit,-820.7568286428966
2011-08-02,2011-08-03,NFLX,sell,1986.6621495127454,3.6785709857940674,7308.0777417728605,18.270194354432153,market_trend_exit,risk_exit,-1098.647861248862
2011-08-02,2011-08-03,OKE,sell,587.4005009387773,13.694517343825614,8044.16634787794,20.11041586969485,market_trend_exit,risk_exit,-364.3994766590456
2011-08-02,2011-08-03,TMUS,sell,309.4859779953282,16.921689297612797,5237.025561604775,13.09256390401194,market_trend_exit,risk_exit,-2980.3179132059017
2011-08-02,2011-08-03,UNH,sell,207.75185564782382,36.835287012149266,7652.599230094193,19.131498075235484,market_trend_exit,risk_exit,-754.9876766483328
2011-12-28,2011-12-29,AAPL,buy,567.3739187859211,12.065547839055744,6845.677159744059,17.114192899360148,rebalance,rebalance,0.0
2011-12-28,2011-12-29,AEE,buy,335.9448664856803,20.377382846645933,6845.677159744059,17.114192899360148,rebalance,rebalance,0.0
2011-12-28,2011-12-29,BIG,buy,191.45982063467707,35.755163339499,6845.677159744059,17.114192899360148,rebalance,rebalance,0.0
2011-12-28,2011-12-29,COG,buy,365.8901127898518,18.709653309697,6845.677159744059,17.114192899360148,rebalance,rebalance,0.0
2011-12-28,2011-12-29,CSCO,buy,581.6829991483096,11.768742029193536,6845.677159744059,17.114192899360148,rebalance,rebalance,0.0
2011-12-28,2011-12-29,DLTR,buy,162.6244675431254,42.095001220703125,6845.677159744059,17.114192899360148,rebalance,rebalance,0.0
2011-12-28,2011-12-29,GOOGL,buy,430.492034144891,15.901983351078698,6845.677159744059,17.114192899360148,rebalance,rebalance,0.0
2011-12-28,2011-12-29,GWW,buy,45.65764006903732,149.9349758198836,6845.677159744058,17.114192899360145,rebalance,rebalance,0.0
2011-12-28,2011-12-29,ISRG,buy,134.63080169639136,50.8477783203125,6845.67715974406,17.11419289936015,rebalance,rebalance,0.0
2011-12-28,2011-12-29,LXK,buy,249.49775676062154,27.437830498460492,6845.677159744059,17.114192899360148,rebalance,rebalance,0.0
2011-12-28,2011-12-29,MA,buy,199.08008838088233,34.38654872729828,6845.677159744059,17.114192899360148,rebalance,rebalance,0.0
2011-12-28,2011-12-29,NEM,buy,162.96451949934945,42.00716315904204,6845.67715974406,17.11419289936015,rebalance,rebalance,0.0
2011-12-28,2011-12-29,ORLY,buy,1265.6865451185959,5.408667087554932,6845.677159744059,17.114192899360148,rebalance,rebalance,0.0
2011-12-28,2011-12-29,TGT,buy,202.81401079097873,33.75347261782251,6845.677159744059,17.114192899360148,rebalance,rebalance,0.0
2011-12-28,2011-12-29,TJX,buy,511.1381319461422,13.393008135940399,6845.677159744059,17.114192899360148,rebalance,rebalance,0.0
2012-01-27,2012-01-30,AAPL,sell,567.3739187859211,13.331023540988467,7563.675067877993,18.909187669694983,rebalance,rebalance,681.9745275648781
2012-01-27,2012-01-30,AEE,sell,335.9448664856803,19.374514787439406,6508.768783491169,16.271921958727923,rebalance,rebalance,-370.2944911109776
2012-01-27,2012-01-30,BIG,sell,191.45982063467707,37.43045132961,7166.427497842141,17.91606874460535,rebalance,rebalance,285.7200764541156
2012-01-27,2012-01-30,COG,sell,365.8901127898518,15.833315716345,5793.253673290805,14.483134183227012,rebalance,rebalance,-1084.0208135358407
2012-01-27,2012-01-30,CSCO,sell,581.6829991483096,12.621148855298431,7341.507718847246,18.353769297118117,rebalance,rebalance,460.3625969067095
2012-01-27,2012-01-30,GOOGL,sell,430.492034144891,14.329362824227294,6168.676550201788,15.42169137550447,rebalance,rebalance,-709.5364938171352
2012-01-27,2012-01-30,ISRG,sell,134.63080169639136,50.55555725097656,6806.3352029067855,17.015838007266964,rebalance,rebalance,-73.47198774390095
2012-01-27,2012-01-30,LXK,sell,249.49775676062154,29.561193439091053,7375.451450220021,18.438628625550052,rebalance,rebalance,494.22146895105203
2012-01-27,2012-01-30,NEM,sell,162.96451949934945,43.921821319626865,7157.6985068892745,17.89424626722319,rebalance,rebalance,277.0129079786316
2012-01-27,2012-01-30,TGT,sell,202.81401079097873,32.446259837857035,6580.556092882036,16.45139023220509,rebalance,rebalance,-298.6866499935874
2012-01-27,2012-01-30,TJX,sell,511.1381319461422,13.97379163978011,7142.537754961825,17.85634438740456,rebalance,rebalance,261.8900579310008
2012-01-27,2012-01-30,AKAM,buy,240.07445761456853,31.43000030517578,7545.540276090799,18.863850690226997,rebalance,rebalance,0.0
2012-01-27,2012-01-30,AMGN,buy,164.5725981517998,45.84931125126239,7545.540276090799,18.863850690226997,rebalance,rebalance,0.0
2012-01-27,2012-01-30,BMY,buy,382.3351440719211,19.735408562576207,7545.540276090799,18.863850690226997,rebalance,rebalance,0.0
2012-01-27,2012-01-30,DLTR,buy,16.455645822742014,42.1349983215332,693.3586091209796,1.733396522802449,rebalance,rebalance,0.0
2012-01-27,2012-01-30,DUK,buy,219.88049528189984,34.316551208496094,7545.5402760908,18.863850690227,rebalance,rebalance,0.0
2012-01-27,2012-01-30,ED,buy,223.16934344273088,33.81082795553017,7545.540276090799,18.863850690226997,rebalance,rebalance,0.0
2012-01-27,2012-01-30,FAST,buy,948.5052592413023,7.955190762069558,7545.540276090799,18.863850690226997,rebalance,rebalance,0.0
2012-01-27,2012-01-30,GWW,buy,3.878825109571892,152.3229453067456,590.8340650197508,1.477085162549377,rebalance,rebalance,0.0
2012-01-27,2012-01-30,HD,buy,238.55368745153456,31.63036529302771,7545.540276090799,18.863850690226997,rebalance,rebalance,0.0
2012-01-27,2012-01-30,HUM,buy,98.25821395478225,76.79297203145993,7545.540276090798,18.863850690226997,rebalance,rebalance,0.0
2012-01-27,2012-01-30,MA,buy,37.34132849892302,31.91563765953948,1191.7723100974624,2.979430775243656,rebalance,rebalance,0.0
2012-01-27,2012-01-30,ORLY,buy,109.39685557510688,5.487332820892334,600.2969560997025,1.5007423902492563,rebalance,rebalance,0.0
2012-01-27,2012-01-30,RAI,buy,488.6803144776318,15.440647090842,7545.540276090799,18.863850690226997,rebalance,rebalance,0.0
2012-01-27,2012-01-30,ROST,buy,342.1366127455582,22.054173669224646,7545.540276090798,18.863850690226997,rebalance,rebalance,0.0
2012-01-27,2012-01-30,TSN,buy,549.6850289716025,13.727025257005156,7545.540276090798,18.863850690226997,rebalance,rebalance,0.0
2012-02-27,2012-02-28,AKAM,sell,24.794434049782097,37.150001525878906,921.1132627827088,2.3027831569567723,rebalance,rebalance,137.57318720006168
2012-02-27,2012-02-28,AMGN,sell,164.5725981517998,45.45838095762076,7481.203861969951,18.703009654924877,rebalance,rebalance,-101.90327446600125
2012-02-27,2012-02-28,BMY,sell,382.3351440719211,20.073969459978343,7674.984005576164,19.18746001394041,rebalance,rebalance,91.39241878119718
2012-02-27,2012-02-28,DLTR,sell,179.08011336586742,44.255001068115234,7925.19060828466,19.81297652071165,rebalance,rebalance,347.49427347674623
2012-02-27,2012-02-28,DUK,sell,219.88049528189984,34.670980126981135,7623.472282229519,19.0586807055738,rebalance,rebalance,40.009474742917945
2012-02-27,2012-02-28,ED,sell,223.16934344273088,34.003246303265904,7588.482152421318,18.971205381053295,rebalance,rebalance,5.106820259238937
2012-02-27,2012-02-28,FAST,sell,66.20706590302757,9.064569398768732,600.1385435668484,1.500346358917121,rebalance,rebalance,70.6316335547973
2012-02-27,2012-02-28,GWW,sell,49.53646517860921,167.03858161400794,8274.500881606577,20.68625220401644,rebalance,rebalance,798.7121265768426
2012-02-27,2012-02-28,HD,sell,238.55368745153456,33.48220056069431,7987.302407745466,19.968256019363665,rebalance,rebalance,402.93002494507596
2012-02-27,2012-02-28,HUM,sell,98.25821395478225,77.9268177367962,7656.94992999744,19.142374824993603,rebalance,rebalance,73.40342839142272
2012-02-27,2012-02-28,MA,sell,236.42141687980535,38.76842679291729,9165.686392582513,22.914215981456284,rebalance,rebalance,1085.2290830849327
2012-02-27,2012-02-28,ORLY,sell,1375.0834006937027,5.733333110809326,7883.811191321494,19.709527978303736,rebalance,rebalance,399.5126122098192
2012-02-27,2012-02-28,RAI,sell,488.6803144776318,16.457931807246,8042.667291216393,20.106668228040984,rebalance,rebalance,458.15649620732603
2012-02-27,2012-02-28,TSN,sell,549.6850289716025,14.072085567725159,7735.214762985874,19.338036907464684,rebalance,rebalance,151.47259929738374
2012-02-27,2012-02-28,DHI,buy,658.6159478687081,12.143121085670032,7997.653203923063,19.99413300980766,rebalance,rebalance,0.0
2012-02-27,2012-02-28,FFIV,buy,62.23370590446673,128.50999450683594,7997.653203923063,19.99413300980766,rebalance,rebalance,0.0
2012-02-27,2012-02-28,HST,buy,886.5992343728492,9.020595657947231,7997.653203923063,19.99413300980766,rebalance,rebalance,0.0
2012-02-27,2012-02-28,JBL,buy,354.29002935462665,22.57374620022911,7997.653203923063,19.99413300980766,rebalance,rebalance,0.0
2012-02-27,2012-02-28,JCP,buy,196.81589699252734,40.635199321458856,7997.653203923063,19.99413300980766,rebalance,rebalance,0.0
2012-02-27,2012-02-28,KLAC,buy,2764.885143630995,2.892580627569982,7997.653203923063,19.99413300980766,rebalance,rebalance,0.0
2012-02-27,2012-02-28,LEN,buy,416.2129320309051,19.215292434328333,7997.653203923063,19.99413300980766,rebalance,rebalance,0.0
2012-02-27,2012-02-28,MAS,buy,969.9006853140557,8.245847564622977,7997.653203923063,19.99413300980766,rebalance,rebalance,0.0
2012-02-27,2012-02-28,PHM,buy,1107.3320531707143,7.222452543501048,7997.653203923063,19.99413300980766,rebalance,rebalance,0.0
2012-02-27,2012-02-28,ROST,buy,4.651776891915233,23.0620558326179,107.27953840223087,0.2681988460055772,rebalance,rebalance,0.0
2012-02-27,2012-02-28,TER,buy,524.9726475167308,15.234418863066916,7997.653203923063,19.99413300980766,rebalance,rebalance,0.0
2012-02-27,2012-02-28,TGNA,buy,764.876860475439,10.456131721584322,7997.653203923063,19.99413300980766,rebalance,rebalance,0.0
2012-02-27,2012-02-28,TXT,buy,296.91666899604166,26.935682765691016,7997.653203923063,19.99413300980766,rebalance,rebalance,0.0
2012-03-26,2012-03-27,AKAM,sell,16.191480399056303,37.849998474121094,612.8475083980427,1.5321187709951067,rebalance,rebalance,101.14491015875132
2012-03-26,2012-03-27,DHI,sell,658.6159478687081,13.34456258441693,8788.941735429053,21.972354338572632,rebalance,rebalance,749.3220441576101
2012-03-26,2012-03-27,FAST,sell,882.2981933382747,9.424606068607929,8315.312907257716,20.78828226814429,rebalance,rebalance,1258.12706186168
2012-03-26,2012-03-27,FFIV,sell,6.390361316489951,134.94000244140625,862.3153716486221,2.1557884291215554,rebalance,rebalance,36.88122229648309
2012-03-26,2012-03-27,HST,sell,886.5992343728492,9.427797343316167,8358.677906406496,20.89669476601624,rebalance,rebalance,320.13387470760927
2012-03-26,2012-03-27,JBL,sell,18.269012196650408,22.4256837229177,409.695089452208,1.02423772363052,rebalance,rebalance,-4.7601930391391
2012-03-26,2012-03-27,KLAC,sell,2764.885143630995,3.239044928827075,8955.587203267294,22.388968008168234,rebalance,rebalance,915.5508983262546
2012-03-26,2012-03-27,LEN,sell,85.07353666294858,22.756280770110592,1935.9572864083552,4.839893216020888,rebalance,rebalance,292.31772557772183
2012-03-26,2012-03-27,MAS,sell,194.0492942357995,9.712557252188788,1884.7148800120303,4.711787200030076,rebalance,rebalance,275.9019402701978
2012-03-26,2012-03-27,PHM,sell,118.65624897662428,7.621811945909177,904.3756159068085,2.2609390397670213,rebalance,rebalance,42.98307682546907
2012-03-26,2012-03-27,ROST,sell,346.7883896374734,25.615321103687165,8883.095955594461,22.207739888986154,rebalance,rebalance,1188.9363516762123
2012-03-26,2012-03-27,TER,sell,524.9726475167308,15.786062424071625,8287.250984629263,20.718127461573157,rebalance,rebalance,248.88552023481952
2012-03-26,2012-03-27,TGNA,sell,79.74041628548264,10.998540683304586,877.0282126195244,2.192570531548811,rebalance,rebalance,38.974905132464116
2012-03-26,2012-03-27,TXT,sell,19.48926618568089,27.162064665215752,529.3687084130671,1.323421771032668,rebalance,rebalance,1.7762036001409622
2012-03-26,2012-03-27,DNR,buy,428.6082167678698,17.581326629393654,7535.501055037877,18.838752637594695,rebalance,rebalance,0.0
2012-03-26,2012-03-27,HAR,buy,166.91168350736686,45.14663621318809,7535.501055037877,18.838752637594695,rebalance,rebalance,0.0
2012-03-26,2012-03-27,IPG,buy,741.4375976576528,10.163365169023,7535.501055037877,18.838752637594695,rebalance,rebalance,0.0
2012-03-26,2012-03-27,JCP,buy,14.956677266288182,35.58298840825558,532.2032737923521,1.3305081844808802,rebalance,rebalance,0.0
2012-03-26,2012-03-27,MRO,buy,260.09365201039185,28.97226055612,7535.5010550378765,18.83875263759469,rebalance,rebalance,0.0
2012-03-26,2012-03-27,PXD,buy,72.08597428380737,104.53491306603,7535.501055037878,18.838752637594695,rebalance,rebalance,0.0
2012-03-26,2012-03-27,RF,buy,1761.5850053367453,4.277682332790627,7535.501055037877,18.838752637594695,rebalance,rebalance,0.0
2012-04-24,2012-04-25,DNR,sell,428.6082167678698,17.419681116846498,7466.218460156512,18.665546150391283,rebalance,rebalance,-106.78689366935033
2012-04-24,2012-04-25,HAR,sell,166.91168350736686,43.54794605115554,7268.66098868636,18.1716524717159,rebalance,rebalance,-303.8504714608275
2012-04-24,2012-04-25,IPG,sell,741.4375976576528,9.6622303812773,7163.940881909028,17.90985220477257,rebalance,rebalance,-408.30877797121667
2012-04-24,2012-04-25,JBL,sell,336.02101715797625,19.447208374284003,6534.670738810024,16.33667684702506,rebalance,rebalance,-1085.8822302021547
2012-04-24,2012-04-25,JCP,sell,211.77257425881552,34.65,7337.919698067958,18.344799245169895,rebalance,rebalance,-1231.6062200869142
2012-04-24,2012-04-25,MRO,sell,260.09365201039185,26.292437374512,6838.4960569913455,17.096240142478365,rebalance,rebalance,-732.9399908266042
2012-04-24,2012-04-25,PXD,sell,72.08597428380737,107.50603883218,7749.677550610524,19.37419387652631,rebalance,rebalance,175.96354905852562
2012-04-24,2012-04-25,TGNA,sell,685.1364441899564,9.541826486339655,6537.453069928297,16.343632674820743,rebalance,rebalance,-660.677162723883
2012-04-24,2012-04-25,TXT,sell,277.4274028103608,26.322104119337666,7302.4729823317475,18.256182455829368,rebalance,rebalance,-207.16145401505946
2012-04-24,2012-04-25,AAPL,buy,420.0989363878374,18.413565948233668,7735.519469960264,19.338798674900662,rebalance,rebalance,0.0
2012-04-24,2012-04-25,AKAM,buy,4.317181742454693,38.029998779296875,164.18241639555472,0.41045604098888683,rebalance,rebalance,0.0
2012-04-24,2012-04-25,AMD,buy,1042.522828897855,7.420000076293945,7735.519469960264,19.338798674900662,rebalance,rebalance,0.0
2012-04-24,2012-04-25,BAC,buy,1209.993846081624,6.393023811658659,7735.519469960264,19.338798674900662,rebalance,rebalance,0.0
2012-04-24,2012-04-25,BKNG,buy,281.5056830906834,27.47908811300398,7735.519469960263,19.33879867490066,rebalance,rebalance,0.0
2012-04-24,2012-04-25,DFS,buy,257.5831396579867,30.03115607734,7735.519469960265,19.338798674900662,rebalance,rebalance,0.0
2012-04-24,2012-04-25,DHI,buy,572.6784259382747,13.507614604629834,7735.519469960264,19.338798674900662,rebalance,rebalance,0.0
2012-04-24,2012-04-25,FAST,buy,963.8295029782863,8.025817269607417,7735.519469960264,19.338798674900662,rebalance,rebalance,0.0
2012-04-24,2012-04-25,FFIV,buy,3.798287269942115,129.6999969482422,492.6378473200395,1.2315946183000988,rebalance,rebalance,0.0
2012-04-24,2012-04-25,LEN,buy,29.399784615524425,21.455419825148233,630.7847216950107,1.5769618042375269,rebalance,rebalance,0.0
2012-04-24,2012-04-25,MAS,buy,104.4374220551523,8.787479012059125,917.7416543832115,2.294354135958029,rebalance,rebalance,0.0
2012-04-24,2012-04-25,MU,buy,1194.6913746896912,6.474910285486481,7735.519469960265,19.338798674900662,rebalance,rebalance,0.0
2012-04-24,2012-04-25,PHM,buy,55.34010980243329,7.409388464538314,410.0363711964329,1.0250909279910823,rebalance,rebalance,0.0
2012-04-24,2012-04-25,RF,buy,60.43766822585144,4.245567073451957,256.5921742158884,0.641480435539721,rebalance,rebalance,0.0
2012-04-24,2012-04-25,WDC,buy,306.9606057320423,25.20036553717546,7735.519469960263,19.33879867490066,rebalance,rebalance,0.0
2012-05-22,2012-05-23,AAPL,sell,65.66530723291731,16.674619304705086,1094.9439996353935,2.737359999088484,rebalance,rebalance,-119.94865677115402
2012-05-22,2012-05-23,AKAM,sell,203.40572490818482,28.760000228881836,5849.9486949152715,14.62487173728818,rebalance,rebalance,-602.2654041455988
2012-05-22,2012-05-23,AMD,sell,1042.522828897855,5.980000019073486,6234.2865366937185,15.585716341734297,rebalance,rebalance,-1536.157448283181
2012-05-22,2012-05-23,BAC,sell,97.97090200399998,5.314679761257486,520.6839700727992,1.301709925181998,rebalance,rebalance,-108.51387498703482
2012-05-22,2012-05-23,BKNG,sell,51.86544482490203,25.73610739814307,1334.8146582661423,3.3370366456653557,rebalance,rebalance,-97.30054456406108
2012-05-22,2012-05-23,DFS,sell,53.711384448095885,28.989036901452,1557.0413057939265,3.8926032644848165,rebalance,rebalance,-63.898804385064956
2012-05-22,2012-05-23,DHI,sell,572.6784259382747,14.269181025104407,8171.652128885089,20.429130322212725,rebalance,rebalance,396.36472992771166
2012-05-22,2012-05-23,FAST,sell,963.8295029782863,7.535886350927472,7263.309596115277,18.15827399028819,rebalance,rebalance,-509.706946510175
2012-05-22,2012-05-23,FFIV,sell,59.641631857918895,115.19999694824219,6870.715808020441,17.176789520051102,rebalance,rebalance,-834.699399447802
2012-05-22,2012-05-23,LEN,sell,103.97524535207663,23.03537261943715,2395.108519882486,5.987771299706215,rebalance,rebalance,367.170699471958
2012-05-22,2012-05-23,MAS,sell,880.2888131334086,8.723955134764884,7679.600111411285,19.199000278528214,rebalance,rebalance,326.81891822251924
2012-05-22,2012-05-23,MU,sell,1194.6913746896912,5.4900216870257434,6558.881556349003,16.397203890872508,rebalance,rebalance,-1212.3739161770352
2012-05-22,2012-05-23,PHM,sell,270.3286616982872,7.638804720366708,2064.9878570312912,5.162469642578229,rebalance,rebalance,99.823009648517
2012-05-22,2012-05-23,RF,sell,345.0631794335152,4.001494867283608,1380.7685413917736,3.451921353479434,rebalance,rebalance,-102.07571376758204
2012-05-22,2012-05-23,WDC,sell,18.764244434243324,20.507010596280036,384.79855944421655,0.9619963986105414,rebalance,rebalance,-90.21142027316552
2012-05-22,2012-05-23,AIG,buy,272.14109273114053,21.716844654482568,5910.045834943314,14.775114587358285,rebalance,rebalance,0.0
2012-05-22,2012-05-23,FIS,buy,237.15998664109887,24.92007997912042,5910.045834943314,14.775114587358285,rebalance,rebalance,0.0
2012-05-22,2012-05-23,GPS,buy,261.2901337932,22.61871027867,5910.045834943313,14.775114587358283,rebalance,rebalance,0.0
2012-05-22,2012-05-23,JPM,buy,257.3520394841839,22.96482999236743,5910.045834943313,14.775114587358283,rebalance,rebalance,0.0
2012-05-22,2012-05-23,RVTY,buy,241.15785944471122,24.50695925296299,5910.045834943314,14.775114587358285,rebalance,rebalance,0.0
2012-05-22,2012-05-23,SHW,buy,170.68112111647005,34.62624217771803,5910.045834943314,14.775114587358285,rebalance,rebalance,0.0
2012-05-22,2012-05-23,TXT,buy,261.0451092844457,22.639940855982406,5910.045834943314,14.775114587358285,rebalance,rebalance,0.0
2012-06-20,2012-06-21,AAPL,sell,104.93293185247046,17.51028711814393,1837.4057648853882,4.59351441221347,rebalance,rebalance,-104.20768398581677
2012-06-20,2012-06-21,AIG,sell,272.14109273114053,23.9394154451349,6514.898678583755,16.287246696459388,rebalance,rebalance,573.790482356624
2012-06-20,2012-06-21,BAC,sell,413.57836154174845,6.255083016151259,2586.9669851274557,6.46741746281864,rebalance,rebalance,-70.12678644184244
2012-06-20,2012-06-21,BKNG,sell,63.65690143193879,26.320888164312674,1675.5061834767362,4.18876545869184,rebalance,rebalance,-82.2892694396333
2012-06-20,2012-06-21,DFS,sell,63.76443987821821,31.182018123756,1988.30391993375,4.970759799834375,rebalance,rebalance,63.62601435156447
2012-06-20,2012-06-21,FIS,sell,237.15998664109887,26.21368372045014,6216.836880955946,15.542092202389865,rebalance,rebalance,276.47383922288384
2012-06-20,2012-06-21,GPS,sell,77.29344239129557,23.74406198642,1835.2602872827053,4.588150718206763,rebalance,rebalance,78.02346172498952
2012-06-20,2012-06-21,JPM,sell,257.3520394841839,24.925246025164455,6414.5628992211205,16.0364072480528,rebalance,rebalance,473.7055424423962
2012-06-20,2012-06-21,LEN,sell,64.24023254001688,22.7160188704513,1459.282334621203,3.6482058365530077,rebalance,rebalance,206.3892638233046
2012-06-20,2012-06-21,PHM,sell,234.73400117787855,8.106136917926072,1902.7859528405036,4.756964882101259,rebalance,rebalance,196.1036443608943
2012-06-20,2012-06-21,RF,sell,470.8973944931954,4.342504153097684,2044.8738912695794,5.112184728173949,rebalance,rebalance,20.879261401761944
2012-06-20,2012-06-21,RVTY,sell,65.79151601959359,24.91258448237261,1639.0367010614962,4.097591752653741,rebalance,rebalance,18.558232020293396
2012-06-20,2012-06-21,SHW,sell,55.49321031372183,37.92784169359878,2104.7376958484247,5.261844239621062,rebalance,rebalance,173.15070871797695
2012-06-20,2012-06-21,TXT,sell,88.48153532891914,25.317213510360855,2240.105921646783,5.600264804116957,rebalance,rebalance,226.28088833268595
2012-06-20,2012-06-21,WDC,sell,288.196361297799,18.42308557959534,5309.46622791733,13.273665569793325,rebalance,rebalance,-1984.6177229688565
2012-06-20,2012-06-21,CRM,buy,131.35545209986833,33.25959277747704,4368.828845943011,10.922072114857528,rebalance,rebalance,0.0
2012-06-20,2012-06-21,DHI,buy,302.3451834998564,14.449804674811652,4368.828845943011,10.922072114857528,rebalance,rebalance,0.0
2012-06-20,2012-06-21,FII,buy,274.95170593504565,15.889440769555,4368.828845943011,10.922072114857528,rebalance,rebalance,0.0
2012-06-20,2012-06-21,MAS,buy,445.6234034867497,9.803858620887976,4368.828845943011,10.922072114857528,rebalance,rebalance,0.0
2012-07-19,2012-07-20,BAC,sell,698.4445825358756,5.560931048217958,3884.0021644833805,9.710005411208451,rebalance,rebalance,-602.0436203218618
2012-07-19,2012-07-20,BKNG,sell,165.9833368338426,26.26096316131867,4358.882293986289,10.897205734965723,rebalance,rebalance,-224.488326741625
2012-07-19,2012-07-20,CRM,sell,131.35545209986833,33.91819549925562,4455.339904216441,11.138349760541102,rebalance,rebalance,64.45063639803016
2012-07-19,2012-07-20,DFS,sell,140.1073153316726,31.335005639345,4390.2635160314485,10.975658790078622,rebalance,rebalance,161.18424130306272
2012-07-19,2012-07-20,DHI,sell,302.3451834998564,15.748567653156716,4761.50357695357,11.903758942383925,rebalance,rebalance,369.84889995331713
2012-07-19,2012-07-20,FII,sell,274.95170593504565,15.351800798386,4221.003818691226,10.552509546728066,rebalance,rebalance,-169.29960891337078
2012-07-19,2012-07-20,LEN,sell,192.32370209138745,25.327899068637755,4871.155315077417,12.177888287693543,rebalance,rebalance,1118.9629880443838
2012-07-19,2012-07-20,MAS,sell,445.6234034867497,10.075994751706144,4490.099074769919,11.225247686924797,rebalance,rebalance,99.12290902512527
2012-07-19,2012-07-20,PHM,sell,538.9532511203575,8.879367141743247,4785.5637889337995,11.9639094723345,rebalance,rebalance,865.9504017834465
2012-07-19,2012-07-20,RVTY,sell,175.36634342511763,23.73521154803665,4162.3572596008125,10.405893149002031,rebalance,rebalance,-156.4887057903123
2012-07-19,2012-07-20,TXT,sell,172.56357395552655,25.90371807574255,4470.038169886509,11.175095424716273,rebalance,rebalance,542.2668934411014
2012-07-19,2012-07-20,AAPL,buy,176.37980357801473,18.33549293257259,3234.0106419532303,8.085026604883076,rebalance,rebalance,0.0
2012-07-19,2012-07-20,ALXN,buy,77.54447779557327,100.7,7808.728914014228,19.521822285035572,rebalance,rebalance,0.0
2012-07-19,2012-07-20,CERN,buy,199.91625483907393,39.06,7808.728914014228,19.521822285035572,rebalance,rebalance,0.0
2012-07-19,2012-07-20,DF,buy,337.3812023331503,23.145121482801,7808.728914014228,19.521822285035572,rebalance,rebalance,0.0
2012-07-19,2012-07-20,DLTR,buy,148.39850004790816,52.619998931884766,7808.728914014228,19.521822285035572,rebalance,rebalance,0.0
2012-07-19,2012-07-20,EBAY,buy,480.5620034801502,16.249160061479497,7808.728914014228,19.521822285035572,rebalance,rebalance,0.0
2012-07-19,2012-07-20,EW,buy,455.5408281884833,17.141666412353516,7808.728914014228,19.521822285035572,rebalance,rebalance,0.0
2012-07-19,2012-07-20,EXPE,buy,181.3168651266155,43.06675448288448,7808.728914014228,19.521822285035572,rebalance,rebalance,0.0
2012-07-19,2012-07-20,FDO,buy,122.6947876014297,63.64352607529383,7808.728914014228,19.521822285035572,rebalance,rebalance,0.0
2012-07-19,2012-07-20,GPS,buy,126.63319272543731,25.138369851154,3183.352034164507,7.958380085411268,rebalance,rebalance,0.0
2012-07-19,2012-07-20,MNST,buy,1381.8721477935708,5.6508331298828125,7808.728914014228,19.521822285035572,rebalance,rebalance,0.0
2012-07-19,2012-07-20,RF,buy,861.3084219685995,4.18167087017353,3601.7083383812237,9.004270845953059,rebalance,rebalance,0.0
2012-07-19,2012-07-20,ROST,buy,262.30243174502294,29.769944800225417,7808.728914014228,19.521822285035572,rebalance,rebalance,0.0
2012-07-19,2012-07-20,SHW,buy,88.99039123033815,38.2446559514872,3403.4068955925263,8.508517238981316,rebalance,rebalance,0.0
2012-07-19,2012-07-20,TJX,buy,419.88507181229943,18.59730063826835,7808.728914014228,19.521822285035572,rebalance,rebalance,0.0
2012-08-16,2012-08-17,AAPL,sell,425.88050088046435,19.224350331775444,8187.275948398047,20.46818987099512,rebalance,rebalance,319.0290522002237
2012-08-16,2012-08-17,ALXN,sell,77.54447779557327,103.82,8050.667684736417,20.126669211841044,rebalance,rebalance,202.29027922531117
2012-08-16,2012-08-17,CERN,sell,199.91625483907393,36.745,7345.922784061771,18.36480696015443,rebalance,rebalance,-500.692759197646
2012-08-16,2012-08-17,DF,sell,337.3812023331503,30.25675098869,10208.059027258967,25.52014756814742,rebalance,rebalance,2354.2881433915572
2012-08-16,2012-08-17,DLTR,sell,148.39850004790816,49.20000076293945,7301.206315576152,18.25301578894038,rebalance,rebalance,-545.297436512052
2012-08-16,2012-08-17,EBAY,sell,480.5620034801502,17.16591841398698,8249.288144602386,20.623220361505965,rebalance,rebalance,400.4141879416172
2012-08-16,2012-08-17,EXPE,sell,10.274590383463362,47.56328890335969,488.69331077234915,1.2217332769308729,rebalance,rebalance,43.87208288495377
2012-08-16,2012-08-17,FDO,sell,122.6947876014297,62.49584012242825,7667.913829794242,19.169784574485604,rebalance,rebalance,-179.50669107950773
2012-08-16,2012-08-17,GPS,sell,42.127661626375414,30.298941485548,1276.4235545405145,3.191058886351286,rebalance,rebalance,274.59610243381655
2012-08-16,2012-08-17,RF,sell,1867.3705216044857,4.612701889061232,8613.623532582269,21.534058831455674,rebalance,rebalance,668.078181142257
2012-08-16,2012-08-17,SHW,sell,5.584313425596093,40.964649460640985,228.7594419578952,0.571898604894738,rebalance,rebalance,25.511458528982388
2012-08-16,2012-08-17,AGN,buy,103.34041924320807,78.723631932924,8135.333128296368,20.33833282074092,rebalance,rebalance,0.0
2012-08-16,2012-08-17,DHI,buy,500.454498201138,16.255889711329342,8135.333128296368,20.33833282074092,rebalance,rebalance,0.0
2012-08-16,2012-08-17,EW,buy,33.36142101215489,16.639999389648438,555.134025280062,1.387835063200155,rebalance,rebalance,0.0
2012-08-16,2012-08-17,LEN,buy,295.4808139816235,27.5325257794989,8135.333128296368,20.33833282074092,rebalance,rebalance,0.0
2012-08-16,2012-08-17,MNST,buy,229.35062946691187,5.049167156219482,1158.0296655625957,2.8950741639064894,rebalance,rebalance,0.0
2012-08-16,2012-08-17,MO,buy,546.1878391919425,14.894753314779372,8135.333128296369,20.338332820740924,rebalance,rebalance,0.0
2012-08-16,2012-08-17,ROST,buy,9.26093596474675,29.957402564660025,277.4335868214566,0.6935839670536414,rebalance,rebalance,0.0
2012-08-16,2012-08-17,SNI,buy,147.66952187372064,55.091484180827,8135.333128296367,20.33833282074092,rebalance,rebalance,0.0
2012-08-16,2012-08-17,SRE,buy,363.1448897512633,22.402444197600243,8135.333128296368,20.33833282074092,rebalance,rebalance,0.0
2012-08-16,2012-08-17,STZ,buy,302.4172966436853,26.90101795956994,8135.333128296368,20.33833282074092,rebalance,rebalance,0.0
2012-08-16,2012-08-17,T,buy,768.2667448079866,10.589203793182064,8135.333128296368,20.33833282074092,rebalance,rebalance,0.0
2012-08-16,2012-08-17,TJX,buy,10.980408296485109,18.881375983618753,207.32521749958204,0.5183130437489551,rebalance,rebalance,0.0
2012-09-14,2012-09-17,AGN,sell,0.8110842737070953,80.731534594362,65.48007810172734,0.16370019525431836,rebalance,rebalance,1.3052493269979257
2012-09-14,2012-09-17,DHI,sell,500.454498201138,18.953705655621217,9485.467252935987,23.71366813233997,rebalance,rebalance,1306.0821236865397
2012-09-14,2012-09-17,EW,sell,13.920377760442193,17.426666259765625,242.58577744108973,0.6064644436027243,rebalance,rebalance,3.242014955792118
2012-09-14,2012-09-17,EXPE,sell,7.649926053357433,50.659352285473275,387.5402988948544,0.968850747237136,rebalance,rebalance,56.29031727757094
2012-09-14,2012-09-17,LEN,sell,295.4808139816235,30.72164023845132,9077.655264508194,22.694138161270484,rebalance,rebalance,899.2896652298147
2012-09-14,2012-09-17,MNST,sell,1611.2227772604826,4.487500190734863,7230.362520272772,18.07590630068193,rebalance,rebalance,-1776.888862053676
2012-09-14,2012-09-17,MO,sell,546.1878391919425,13.995769035110447,7644.318847116474,19.110797117791186,rebalance,rebalance,-530.4634111184267
2012-09-14,2012-09-17,ROST,sell,271.5633677097697,29.59408701803267,8036.669934912928,20.09167483728232,rebalance,rebalance,-89.79964701212845
2012-09-14,2012-09-17,SHW,sell,4.367980299292498,42.61710687011958,186.15068322152527,0.4653767080538132,rebalance,rebalance,27.154601272021463
2012-09-14,2012-09-17,SNI,sell,6.517763191268273,58.641497848062,382.21139615493615,0.9555284903873404,rebalance,rebalance,21.28493679905091
2012-09-14,2012-09-17,SRE,sell,363.1448897512633,21.32558797248581,7744.278293149226,19.360695732873065,rebalance,rebalance,-430.753863700756
2012-09-14,2012-09-17,T,sell,768.2667448079866,10.600618479838102,8144.102652456606,20.360256631141514,rebalance,rebalance,-31.929065291643465
2012-09-14,2012-09-17,TJX,sell,430.86548010878454,19.059931992298296,8212.266748702388,20.530666871755972,rebalance,rebalance,155.6418149880366
2012-09-14,2012-09-17,AMGN,buy,149.15663386434525,55.49435072767377,8277.350553027198,20.693376382567994,rebalance,rebalance,0.0
2012-09-14,2012-09-17,AMZN,buy,633.6727696097377,13.0625,8277.350553027198,20.693376382567994,rebalance,rebalance,0.0
2012-09-14,2012-09-17,COG,buy,368.7668554718352,22.446026344847,8277.350553027198,20.693376382567994,rebalance,rebalance,0.0
2012-09-14,2012-09-17,DF,buy,277.6383305585594,29.813428629882,8277.350553027198,20.693376382567994,rebalance,rebalance,0.0
2012-09-14,2012-09-17,GILD,buy,389.5518662392095,21.248391473356158,8277.350553027198,20.693376382567994,rebalance,rebalance,0.0
2012-09-14,2012-09-17,GPS,buy,5.467525745989633,30.212644301027,165.1884105702921,0.41297102642573025,rebalance,rebalance,0.0
2012-09-14,2012-09-17,NRG,buy,503.59570553851324,16.43649948161477,8277.350553027198,20.693376382567994,rebalance,rebalance,0.0
2012-09-14,2012-09-17,PHM,buy,590.393609668406,14.020054447534015,8277.350553027198,20.693376382567994,rebalance,rebalance,0.0
2012-09-14,2012-09-17,STX,buy,497.3667588295791,16.64234773651892,8277.350553027198,20.693376382567994,rebalance,rebalance,0.0
2012-09-14,2012-09-17,STZ,buy,4.514034447512699,26.968086065373896,121.73486948258498,0.30433717370646246,rebalance,rebalance,0.0
2012-10-12,2012-10-15,AGN,sell,102.52933496950098,85.756236821014,8792.529930745599,21.981324826863997,rebalance,rebalance,678.8882733811004
2012-10-12,2012-10-15,AMGN,sell,149.15663386434525,57.83514931119541,8626.496190299713,21.566240475749282,rebalance,rebalance,306.8860204141981
2012-10-12,2012-10-15,GILD,sell,389.5518662392095,23.451476593987724,9135.566473253059,22.838916183132646,rebalance,rebalance,814.683627660161
2012-10-12,2012-10-15,GPS,sell,12.66578073822194,31.44874098099,398.3228577583541,0.9958071443958852,rebalance,rebalance,95.4206579096951
2012-10-12,2012-10-15,NRG,sell,26.552690019666784,17.226288875751393,457.404308707061,1.1435107717676525,rebalance,rebalance,18.736439002203255
2012-10-12,2012-10-15,SHW,sell,194.22600830819778,43.517680027433876,8452.265282561864,21.130663206404662,rebalance,rebalance,1381.9301899495742
2012-10-12,2012-10-15,SNI,sell,141.15175868245237,59.121934215974,8345.164991292986,20.862912478232467,rebalance,rebalance,528.6015485631428
2012-10-12,2012-10-15,STX,sell,497.3667588295791,15.448496937800298,7683.568850742412,19.20892212685603,rebalance,rebalance,-633.6840007942094
2012-10-12,2012-10-15,STZ,sell,26.691058297380096,29.323696803325717,782.680500872265,1.9567012521806626,rebalance,rebalance,60.88572633867953
2012-10-12,2012-10-15,AMZN,buy,43.09732247349598,12.142499923706055,523.3092348463601,1.3082730871159003,rebalance,rebalance,0.0
2012-10-12,2012-10-15,COG,buy,15.504112650024695,21.385120066841,331.55731055060653,0.8288932763765163,rebalance,rebalance,0.0
2012-10-12,2012-10-15,DF,buy,18.552044159350487,27.744590955441,514.7188765884575,1.2867971914711438,rebalance,rebalance,0.0
2012-10-12,2012-10-15,DHI,buy,476.9441652768054,17.229859152837914,8217.680791487204,20.54420197871801,rebalance,rebalance,0.0
2012-10-12,2012-10-15,EBAY,buy,463.48829575245685,17.730071863295038,8217.680791487204,20.54420197871801,rebalance,rebalance,0.0
2012-10-12,2012-10-15,EW,buy,87.55192330491485,14.608332633972168,1278.987618382216,3.1974690459555397,rebalance,rebalance,0.0
2012-10-12,2012-10-15,EXPE,buy,2.2158625488200414,49.6212158203125,109.95379376314702,0.27488448440786756,rebalance,rebalance,0.0
2012-10-12,2012-10-15,LEN,buy,272.04054095911874,30.207559367859538,8217.680791487204,20.54420197871801,rebalance,rebalance,0.0
2012-10-12,2012-10-15,MPC,buy,450.0712854090239,18.25862048501715,8217.680791487204,20.54420197871801,rebalance,rebalance,0.0
2012-10-12,2012-10-15,PHM,buy,26.003595583946776,13.331794371330558,346.6745892404178,0.8666864731010445,rebalance,rebalance,0.0
2012-10-12,2012-10-15,VLO,buy,505.9361014318455,16.242527007324473,8217.680791487204,20.54420197871801,rebalance,rebalance,0.0
2012-10-12,2012-10-15,WY,buy,520.9774089117199,15.77358375030749,8217.680791487204,20.54420197871801,rebalance,rebalance,0.0
2012-11-13,2012-11-14,AMZN,sell,676.7700920832336,11.324999809265137,7664.42116375897,19.161052909397423,rebalance,rebalance,-1177.4013264936677
2012-11-13,2012-11-14,COG,sell,384.2709681218599,23.806471959928,9148.136027607443,22.870340069018606,rebalance,rebalance,494.8355543016772
2012-11-13,2012-11-14,DF,sell,296.1903747179099,31.383528650662,9295.499111009838,23.238747777524594,rebalance,rebalance,458.21076004261965
2012-11-13,2012-11-14,DHI,sell,476.9441652768054,16.72994228034454,7979.248356028062,19.948120890070154,rebalance,rebalance,-278.92475832793025
2012-11-13,2012-11-14,EBAY,sell,463.48829575245685,17.74863132527101,8226.28288488853,20.565707212221323,rebalance,rebalance,-32.507815789613474
2012-11-13,2012-11-14,EW,sell,562.5337947451109,14.37166690826416,8084.548322718573,20.211370806796435,rebalance,rebalance,-1363.8834341172258
2012-11-13,2012-11-14,EXPE,sell,10.467975337059926,52.47244296086566,549.2802387896255,1.3732005969740637,rebalance,rebalance,95.03792703599349
2012-11-13,2012-11-14,LEN,sell,272.04054095911874,30.763521840145486,8368.925123200843,20.922312808002108,rebalance,rebalance,109.77781692691836
2012-11-13,2012-11-14,MPC,sell,4.632854727794324,18.27544867835001,84.66749881205638,0.21166874703014096,rebalance,rebalance,-0.3451800125802972
2012-11-13,2012-11-14,PHM,sell,27.911880387925294,13.833118406402011,386.1083463515007,0.9652708658787518,rebalance,rebalance,-6.348868463448286
2012-11-13,2012-11-14,VLO,sell,14.414012065299175,16.56199661295149,238.72481900452684,0.5968120475113171,rebalance,rebalance,3.422726751856573
2012-11-13,2012-11-14,WY,sell,4.589933729228392,15.7644938549346,72.35798206897803,0.18089495517244508,rebalance,rebalance,-0.4036162327554854
2012-11-13,2012-11-14,CVC,buy,626.9692211437914,12.9840300045807,8140.587179279579,20.351467948198948,rebalance,rebalance,0.0
2012-11-13,2012-11-14,DVA,buy,144.46472759033293,56.349998474121094,8140.58717927958,20.351467948198948,rebalance,rebalance,0.0
2012-11-13,2012-11-14,FSLR,buy,328.5144049114867,24.780000686645508,8140.587179279581,20.35146794819895,rebalance,rebalance,0.0
2012-11-13,2012-11-14,GPS,buy,12.79297293558784,29.699664527752,379.9470044995696,0.949867511248924,rebalance,rebalance,0.0
2012-11-13,2012-11-14,HCBK,buy,1072.1218574260176,7.592968208692009,8140.587179279579,20.351467948198948,rebalance,rebalance,0.0
2012-11-13,2012-11-14,LYB,buy,339.2551279050356,23.995472756887246,8140.58717927958,20.351467948198948,rebalance,rebalance,0.0
2012-11-13,2012-11-14,NRG,buy,80.38223540310878,14.603908175697871,1173.8947847843313,2.9347369619608283,rebalance,rebalance,0.0
2012-11-13,2012-11-14,STZ,buy,2.3802145419584235,28.803952806181012,68.55958733515618,0.17139896833789045,rebalance,rebalance,0.0
2012-11-13,2012-11-14,TGNA,buy,665.9617755541422,12.223805446650228,8140.58717927958,20.351467948198948,rebalance,rebalance,0.0
2012-11-13,2012-11-14,TMUS,buy,507.03994917816897,16.055119902236846,8140.58717927958,20.351467948198948,rebalance,rebalance,0.0
2012-11-14,2012-11-15,CVC,sell,626.9692211437914,12.15429213209696,7620.367071614944,19.050917679037358,market_trend_exit,risk_exit,-559.6224932918722
2012-11-14,2012-11-15,DVA,sell,144.46472759033293,56.06999969482422,8100.137231902831,20.25034307975708,market_trend_exit,risk_exit,-81.05175840470389
2012-11-14,2012-11-15,EXPE,sell,155.14023590155483,50.77477186880819,7877.210085574532,19.69302521393633,market_trend_exit,risk_exit,1145.7873824509468
2012-11-14,2012-11-15,FSLR,sell,328.5144049114867,23.549999237060547,7736.513985028911,19.341284962572278,market_trend_exit,risk_exit,-443.7659471614407
2012-11-14,2012-11-15,GPS,sell,274.0969404443219,28.807808712488,7896.132228998241,19.7403305724956,market_trend_exit,risk_exit,1266.9537418017371
2012-11-14,2012-11-15,HCBK,sell,1072.1218574260176,7.5261958751984865,8068.999101069834,20.172497752674584,market_trend_exit,risk_exit,-112.11204391061841
2012-11-14,2012-11-15,LYB,sell,339.2551279050356,23.36017192999853,7925.058115995273,19.812645289988183,market_trend_exit,risk_exit,-255.6931765224935
2012-11-14,2012-11-15,MPC,sell,445.4384306812296,17.93208956943973,7987.641836646479,19.969104591616198,market_trend_exit,risk_exit,-185.7512513334531
2012-11-14,2012-11-15,NRG,sell,557.4252509219552,14.573973006440509,8123.900560044903,20.30975140011226,market_trend_exit,risk_exit,-933.7582835781749
2012-11-14,2012-11-15,PHM,sell,588.4853248644275,12.94093231642325,7615.548758278906,19.038871895697266,market_trend_exit,risk_exit,-657.5833747910052
2012-11-14,2012-11-15,STZ,sell,282.6204873357763,28.401571468489987,8026.8659695265205,20.067164923816303,market_trend_exit,risk_exit,380.195223807216
2012-11-14,2012-11-15,TGNA,sell,665.9617755541422,12.015893917991304,8002.1260484957065,20.005315121239267,market_trend_exit,risk_exit,-178.81791385331076
2012-11-14,2012-11-15,TMUS,sell,507.03994917816897,16.023610347939794,8124.610576470175,20.311526441175438,market_trend_exit,risk_exit,-56.63959719877816
2012-11-14,2012-11-15,VLO,sell,491.5220893665463,16.085592655870556,7906.424110912669,19.76606027728167,market_trend_exit,risk_exit,-116.86166262537597
2012-11-14,2012-11-15,WY,sell,516.3874751824915,15.005546624357507,7748.676335085131,19.371690837712826,market_trend_exit,risk_exit,-436.3396458719428
2012-12-12,2012-12-13,C,buy,289.6843248528341,27.468944206601297,7957.322556909465,19.89330639227366,rebalance,rebalance,0.0
2012-12-12,2012-12-13,COG,buy,334.59569082137205,23.78190387741,7957.322556909465,19.89330639227366,rebalance,rebalance,0.0
2012-12-12,2012-12-13,FSLR,buy,245.59636364688748,32.400001525878906,7957.322556909465,19.89330639227366,rebalance,rebalance,0.0
2012-12-12,2012-12-13,GILD,buy,305.1915844809179,26.073204378959524,7957.322556909465,19.89330639227366,rebalance,rebalance,0.0
2012-12-12,2012-12-13,HCBK,buy,1042.7458309467647,7.631123827831165,7957.322556909464,19.89330639227366,rebalance,rebalance,0.0
2012-12-12,2012-12-13,LEN,buy,250.23296818827544,31.799656993727424,7957.322556909465,19.89330639227366,rebalance,rebalance,0.0
2012-12-12,2012-12-13,LYB,buy,291.1991508935769,27.326049998743255,7957.322556909465,19.89330639227366,rebalance,rebalance,0.0
2012-12-12,2012-12-13,MPC,buy,381.8270596087673,20.840122135562634,7957.322556909465,19.89330639227366,rebalance,rebalance,0.0
2012-12-12,2012-12-13,NRG,buy,472.9208542634387,16.825907517448723,7957.322556909465,19.89330639227366,rebalance,rebalance,0.0
2012-12-12,2012-12-13,PHM,buy,548.9367571922528,14.495882180690973,7957.322556909465,19.89330639227366,rebalance,rebalance,0.0
2012-12-12,2012-12-13,STZ,buy,265.81420010503814,29.93565638617154,7957.322556909465,19.89330639227366,rebalance,rebalance,0.0
2012-12-12,2012-12-13,TGNA,buy,607.1345248511363,13.106358197733073,7957.322556909465,19.89330639227366,rebalance,rebalance,0.0
2012-12-12,2012-12-13,TMUS,buy,509.62871168974925,15.613960466485075,7957.322556909465,19.89330639227366,rebalance,rebalance,0.0
2012-12-12,2012-12-13,VLO,buy,430.00833657819504,18.505042530640477,7957.322556909465,19.89330639227366,rebalance,rebalance,0.0
2012-12-12,2012-12-13,VMC,buy,171.09610567625293,46.50791159423736,7957.322556909465,19.89330639227366,rebalance,rebalance,0.0
2013-01-11,2013-01-14,C,sell,20.626356444529506,31.028932384287017,640.0138194515088,1.600034548628772,rebalance,rebalance,70.41308995672736
2013-01-11,2013-01-14,COG,sell,334.59569082137205,23.639408998805,7909.644384564118,19.774110961410294,rebalance,rebalance,-87.34558969903063
2013-01-11,2013-01-14,HCBK,sell,23.870577835906033,8.193919210133714,195.5935862866225,0.4889839657165563,rebalance,rebalance,12.489868674955733
2013-01-11,2013-01-14,LEN,sell,250.23296818827544,34.66371737054044,8674.004886069817,21.68501221517454,rebalance,rebalance,675.1040105529037
2013-01-11,2013-01-14,LYB,sell,19.661670090252358,30.745595357577244,604.5097526490782,1.5112743816226957,rebalance,rebalance,64.37950887256225
2013-01-11,2013-01-14,NRG,sell,472.9208542634387,17.58154420748927,8314.678905876237,20.78669726469059,rebalance,rebalance,316.6763453098079
2013-01-11,2013-01-14,PHM,sell,44.5566953780949,16.552164015299645,737.5097298779705,1.8437743246949263,rebalance,rebalance,88.1626274750693
2013-01-11,2013-01-14,STZ,sell,265.81420010503814,29.60035246399012,7868.194013042728,19.67048503260682,rebalance,rebalance,-128.69233529161622
2013-01-11,2013-01-14,TGNA,sell,607.1345248511363,13.737029919988936,8340.225133338326,20.850562833345816,rebalance,rebalance,342.1587072032423
2013-01-11,2013-01-14,VLO,sell,3.299453298416836,19.56505204444277,64.55397550173376,0.1613849387543344,rebalance,rebalance,3.1834256388762054
2013-01-11,2013-01-14,VMC,sell,171.09610567625293,49.35754223476117,8444.883262118814,21.112208155297036,rebalance,rebalance,446.55519066177936
2013-01-11,2013-01-14,AKAM,buy,211.41000644087717,39.4900016784668,8348.581509194915,20.871453772987287,rebalance,rebalance,0.0
2013-01-11,2013-01-14,BAC,buy,930.2216021740306,8.974830824916728,8348.581509194915,20.871453772987287,rebalance,rebalance,0.0
2013-01-11,2013-01-14,ETN,buy,206.97786202505134,40.33562540222033,8348.581509194915,20.871453772987287,rebalance,rebalance,0.0
2013-01-11,2013-01-14,FSLR,buy,16.607828224523644,31.84000015258789,528.7932532029863,1.3219831330074658,rebalance,rebalance,0.0
2013-01-11,2013-01-14,GEN,buy,1185.880063028676,7.039988080981034,8348.581509194915,20.871453772987287,rebalance,rebalance,0.0
2013-01-11,2013-01-14,GILD,buy,4.964211765799689,26.91738026573562,133.62357581966913,0.3340589395491728,rebalance,rebalance,0.0
2013-01-11,2013-01-14,HIG,buy,462.08534980289454,18.06718501843016,8348.581509194915,20.871453772987287,rebalance,rebalance,0.0
2013-01-11,2013-01-14,MCO,buy,181.04858361624707,46.11238233650409,8348.581509194915,20.871453772987287,rebalance,rebalance,0.0
2013-01-11,2013-01-14,MPC,buy,14.330506250323879,21.07389137221328,301.99953202814885,0.7549988300703722,rebalance,rebalance,0.0
2013-01-11,2013-01-14,TMUS,buy,31.05975290796755,15.440650311277548,479.58278340661286,1.1989569585165323,rebalance,rebalance,0.0
2013-02-11,2013-02-12,AKAM,sell,211.41000644087717,35.36000061035156,7475.457956783845,18.688644891959612,rebalance,rebalance,-912.683651076017
2013-02-11,2013-02-12,ETN,sell,206.97786202505134,43.12486503983717,8925.892366064378,22.314730915160943,rebalance,rebalance,534.1246721813147
2013-02-11,2013-02-12,GEN,sell,1185.880063028676,8.006258855534796,9494.4627562255,23.73615689056375,rebalance,rebalance,1101.2736363670324
2013-02-11,2013-02-12,HCBK,sell,1018.8752531108587,8.32790754711075,8485.098909946295,21.212747274865738,rebalance,rebalance,669.2850330156418
2013-02-11,2013-02-12,MCO,sell,181.04858361624707,39.19033539689524,7095.354715053556,17.73838678763389,rebalance,rebalance,-1291.8366347019803
2013-02-11,2013-02-12,MPC,sell,396.15756585909116,27.707774268671496,10976.64440965006,27.44161102412515,rebalance,rebalance,2669.2324044659786
2013-02-11,2013-02-12,TMUS,sell,540.6884645977168,15.9133173996277,8604.147151460833,21.510367878652083,rebalance,rebalance,124.63917991531383
2013-02-11,2013-02-12,VLO,sell,426.7088832797782,26.122942171453328,11146.891481963074,27.867228704907685,rebalance,rebalance,3203.0175548805323
2013-02-11,2013-02-12,APTV,buy,291.24754341404935,30.0122606608667,8740.99718977954,21.85249297444885,rebalance,rebalance,0.0
2013-02-11,2013-02-12,BAC,buy,22.39077441552172,9.175817367682315,205.453656757801,0.5136341418945025,rebalance,rebalance,0.0
2013-02-11,2013-02-12,C,buy,6.847989609175215,31.68107442328506,216.95166845816277,0.5423791711454069,rebalance,rebalance,0.0
2013-02-11,2013-02-12,F,buy,1306.0333772318068,6.692782391447342,8740.99718977954,21.85249297444885,rebalance,rebalance,0.0
2013-02-11,2013-02-12,FSLR,buy,7.746299216955379,32.380001068115234,250.82517691895535,0.6270629422973883,rebalance,rebalance,0.0
2013-02-11,2013-02-12,GILD,buy,4.626270896280914,27.768409011078447,128.4641824439769,0.32116045610994226,rebalance,rebalance,0.0
2013-02-11,2013-02-12,GS,buy,74.22877701781532,117.75752667569415,8740.99718977954,21.85249297444885,rebalance,rebalance,0.0
2013-02-11,2013-02-12,HIG,buy,12.977235454335812,18.399675034493793,238.77691520589036,0.5969422880147259,rebalance,rebalance,0.0
2013-02-11,2013-02-12,LOW,buy,283.8511207349325,30.794302193163112,8740.99718977954,21.85249297444885,rebalance,rebalance,0.0
2013-02-11,2013-02-12,LYB,buy,13.513650308397928,30.66466411022101,414.391547610007,1.0359788690250176,rebalance,rebalance,0.0
2013-02-11,2013-02-12,MAS,buy,632.1472618312994,13.827469827927915,8740.99718977954,21.85249297444885,rebalance,rebalance,0.0
2013-02-11,2013-02-12,MS,buy,522.7374241848737,16.721582931257966,8740.997189779539,21.852492974448847,rebalance,rebalance,0.0
2013-02-11,2013-02-12,NFLX,buy,3386.8583417804716,2.580857038497925,8740.99718977954,21.85249297444885,rebalance,rebalance,0.0
2013-02-11,2013-02-12,PHM,buy,28.08137276615173,16.416207113045218,460.9896313477743,1.1524740783694358,rebalance,rebalance,0.0
2013-02-11,2013-02-12,VMC,buy,173.87668514340731,50.27124356879864,8740.99718977954,21.85249297444885,rebalance,rebalance,0.0
2013-03-12,2013-03-13,APTV,sell,291.24754341404935,33.04598912105203,9624.563151193805,24.06140787798451,rebalance,rebalance,837.6520605618306
2013-03-12,2013-03-13,BAC,sell,7.149048743283743,9.315598037736645,66.59766444461766,0.16649416111154416,rebalance,rebalance,2.0754061808770268
2013-03-12,2013-03-13,C,sell,19.48495190971687,34.34802965376095,669.2697059970611,1.6731742649926529,rebalance,rebalance,128.98524776173358
2013-03-12,2013-03-13,F,sell,1306.0333772318068,6.820313105145586,8907.55655849164,22.2688913962291,rebalance,rebalance,122.43798434142232
2013-03-12,2013-03-13,GILD,sell,36.70921432895767,31.673556884485397,1162.7113882330073,2.9067784705825184,rebalance,rebalance,198.87815705818764
2013-03-12,2013-03-13,GS,sell,74.22877701781532,117.80887384672434,8744.808627488435,21.86202156872109,rebalance,rebalance,-39.90307683427359
2013-03-12,2013-03-13,HIG,sell,475.06258525723035,19.53051341050734,9278.216192196624,23.19554048049156,rebalance,rebalance,646.1938312543253
2013-03-12,2013-03-13,LYB,sell,15.183712175100652,32.636604879320785,495.54481486009234,1.2388620371502308,rebalance,rebalance,75.94856637703134
2013-03-12,2013-03-13,MAS,sell,632.1472618312994,14.04239507765465,8876.861597892703,22.192153994731758,rebalance,rebalance,91.8197611439834
2013-03-12,2013-03-13,NFLX,sell,96.94965824503288,2.677143096923828,259.54810831981405,0.6488702707995352,rebalance,rebalance,8.060497167698939
2013-03-12,2013-03-13,PHM,sell,532.4614345803096,16.773081085348984,8931.018817036776,22.32754704259194,rebalance,rebalance,1116.836629344508
2013-03-12,2013-03-13,BSX,buy,1161.9467559744276,7.579999923706055,8807.556321636659,22.018890804091647,rebalance,rebalance,0.0
2013-03-12,2013-03-13,CBRE,buy,348.2623963144687,25.290000915527344,8807.556321636659,22.018890804091647,rebalance,rebalance,0.0
2013-03-12,2013-03-13,FSLR,buy,53.499985213526145,27.229999542236328,1456.8045728739673,3.6420114321849186,rebalance,rebalance,0.0
2013-03-12,2013-03-13,IGT,buy,606.4459235973321,14.523234436785,8807.556321636659,22.018890804091647,rebalance,rebalance,0.0
2013-03-12,2013-03-13,LOW,buy,2.6721003552095794,30.739415423735387,82.13880287269815,0.20534700718174537,rebalance,rebalance,0.0
2013-03-12,2013-03-13,MPC,buy,292.4009230523503,30.12150655919711,8807.556321636659,22.018890804091647,rebalance,rebalance,0.0
2013-03-12,2013-03-13,MS,buy,17.664438874665166,16.298160542548473,287.89786067332716,0.7197446516833179,rebalance,rebalance,0.0
2013-03-12,2013-03-13,TSN,buy,494.6790266744564,17.804588120192992,8807.556321636659,22.018890804091647,rebalance,rebalance,0.0
2013-03-12,2013-03-13,VLO,buy,357.54240657735926,24.633599146877764,8807.556321636659,22.018890804091647,rebalance,rebalance,0.0
2013-03-12,2013-03-13,VMC,buy,5.420498105186994,49.122669760099036,266.26933835634327,0.6656733458908581,rebalance,rebalance,0.0
2013-04-10,2013-04-11,BAC,sell,945.4633278462686,9.524502916297385,9005.068223324015,22.512670558310038,rebalance,rebalance,471.49106300073737
2013-04-10,2013-04-11,BSX,sell,1161.9467559744276,7.820000171661377,9086.423831181404,22.716059577953512,rebalance,rebalance,234.13255916270015
2013-04-10,2013-04-11,C,sell,256.42100610776293,33.043859348942675,8473.139659939288,21.18284914984822,rebalance,rebalance,1363.858878774881
2013-04-10,2013-04-11,CBRE,sell,348.2623963144687,25.510000228881836,8884.173809693033,22.210434524232582,rebalance,rebalance,32.3881627280493
2013-04-10,2013-04-11,FSLR,sell,323.45047630189265,36.369998931884766,11763.893477617454,29.409733694043634,rebalance,rebalance,1515.2538201182745
2013-04-10,2013-04-11,GILD,sell,278.07285281404086,34.453142231382955,9580.483548688568,23.95120887172142,rebalance,rebalance,2277.4999515600407
2013-04-10,2013-04-11,IGT,sell,606.4459235973321,14.224305142482,8626.271869662778,21.565679674156947,rebalance,rebalance,-224.8690224521293
2013-04-10,2013-04-11,LOW,sell,286.5232210901421,30.70021625943488,8796.324850817236,21.990812127043093,rebalance,rebalance,-70.85979394367456
2013-04-10,2013-04-11,LYB,sell,269.86741893662185,30.935766361356237,8348.555420765577,20.87138855191394,rebalance,rebalance,892.0169982736977
2013-04-10,2013-04-11,MS,sell,540.4018630595389,15.989563397343206,8640.789849432878,21.601974623582198,rebalance,rebalance,-432.2794132697043
2013-04-10,2013-04-11,VLO,sell,357.54240657735926,24.31647059497957,8694.169415996586,21.735423539991466,rebalance,rebalance,-157.1412199841553
2013-04-10,2013-04-11,VMC,sell,179.2971832485943,45.10527914309301,8087.249499998145,20.218123749995364,rebalance,rebalance,-962.7533182080737
2013-04-10,2013-04-11,AVY,buy,272.1755892271205,32.87390302828702,8947.47392691924,22.3686848172981,rebalance,rebalance,0.0
2013-04-10,2013-04-11,BLK,buy,47.48943770968549,188.40976769649978,8947.47392691924,22.3686848172981,rebalance,rebalance,0.0
2013-04-10,2013-04-11,CELG,buy,146.98109120195875,60.875,8947.47392691924,22.3686848172981,rebalance,rebalance,0.0
2013-04-10,2013-04-11,COG,buy,257.35219498608757,34.76742806644,8947.47392691924,22.3686848172981,rebalance,rebalance,0.0
2013-04-10,2013-04-11,ETN,buy,201.06682207668953,44.500001713393345,8947.47392691924,22.3686848172981,rebalance,rebalance,0.0
2013-04-10,2013-04-11,HPQ,buy,1430.133511434741,6.256390648410818,8947.47392691924,22.3686848172981,rebalance,rebalance,0.0
2013-04-10,2013-04-11,MPC,buy,19.550189741446218,28.682295269879763,560.7443147463347,1.4018607868658368,rebalance,rebalance,0.0
2013-04-10,2013-04-11,MU,buy,925.8935788304473,9.66360943794571,8947.47392691924,22.3686848172981,rebalance,rebalance,0.0
2013-04-10,2013-04-11,NDAQ,buy,1143.2520418889314,7.826335400316301,8947.47392691924,22.3686848172981,rebalance,rebalance,0.0
2013-04-10,2013-04-11,NFLX,buy,419.87773249873453,2.4118568897247314,1012.6850019690706,2.5317125049226767,rebalance,rebalance,0.0
2013-04-10,2013-04-11,SCHW,buy,603.7174308758171,14.820632086005993,8947.47392691924,22.3686848172981,rebalance,rebalance,0.0
2013-04-10,2013-04-11,SEE,buy,419.8777937831753,21.30970977603,8947.47392691924,22.3686848172981,rebalance,rebalance,0.0
2013-04-10,2013-04-11,STT,buy,210.2111980589792,42.56421165731065,8947.47392691924,22.3686848172981,rebalance,rebalance,0.0
2013-04-10,2013-04-11,SWY,buy,402.9976958204893,22.202295496262067,8947.47392691924,22.3686848172981,rebalance,rebalance,0.0
2013-04-10,2013-04-11,TSN,buy,17.085541430905607,17.483574449173542,298.7163356116772,0.7467908390291931,rebalance,rebalance,0.0
2013-05-08,2013-05-09,AVY,sell,272.1755892271205,33.11792831780311,9013.891653879602,22.534729134699006,rebalance,rebalance,21.5143130083654
2013-05-08,2013-05-09,BLK,sell,47.48943770968549,198.05553236940125,9405.545867515279,23.513864668788198,rebalance,rebalance,412.1893911099528
2013-05-08,2013-05-09,CELG,sell,14.589963935445127,61.135,891.9574451934378,2.2298936129835947,rebalance,rebalance,-0.6569131261933963
2013-05-08,2013-05-09,COG,sell,14.567053397267358,33.337013593467,485.6220571214615,1.214055142803654,rebalance,rebalance,-23.31712660364905
2013-05-08,2013-05-09,ETN,sell,201.06682207668953,47.11087051739731,9472.433020199484,23.681082550498708,rebalance,rebalance,478.9093259124473
2013-05-08,2013-05-09,HPQ,sell,139.5329547668448,6.271290930119309,875.0517536820616,2.187629384205154,rebalance,rebalance,-2.290980733932061
2013-05-08,2013-05-09,MPC,sell,8.684184053134175,26.688474074796446,231.76762096283213,0.5794190524070804,rebalance,rebalance,-30.261216809341796
2013-05-08,2013-05-09,MU,sell,113.75109927193057,9.96590102002556,1133.6321962631616,2.8340804906579042,rebalance,rebalance,28.803803780323936
2013-05-08,2013-05-09,NDAQ,sell,1143.2520418889314,8.23682619981202,9416.768371619339,23.54192092904835,rebalance,rebalance,423.38383895375415
2013-05-08,2013-05-09,NFLX,sell,986.3271875844816,2.9718570709228516,2931.2234266663913,7.3280585666659785,rebalance,rebalance,390.8752408097511
2013-05-08,2013-05-09,SCHW,sell,603.7174308758171,14.811997674426495,8942.26118214334,22.35565295535835,rebalance,rebalance,-49.93708254855483
2013-05-08,2013-05-09,SEE,sell,419.8777937831753,21.375422537453,8975.065256208929,22.43766314052232,rebalance,rebalance,-17.215018668130448
2013-05-08,2013-05-09,STT,sell,210.2111980589792,42.783899632179626,8993.654799315598,22.484136998288996,rebalance,rebalance,1.3280505807713894
2013-05-08,2013-05-09,SWY,sell,11.595777189684043,20.67882445173403,239.7870408868981,0.5994676022172453,rebalance,rebalance,-18.908930568685005
2013-05-08,2013-05-09,TSN,sell,511.764568105362,18.722810682000567,9581.671122392478,23.954177805981196,rebalance,rebalance,428.6786056950386
2013-05-08,2013-05-09,BBY,buy,507.25222273404125,15.956029767230719,8093.731565438309,20.234328913595775,rebalance,rebalance,0.0
2013-05-08,2013-05-09,BSX,buy,1028.4284222531896,7.869999885559082,8093.73156543831,20.234328913595775,rebalance,rebalance,0.0
2013-05-08,2013-05-09,FSLR,buy,179.78079704889365,45.02000045776367,8093.73156543831,20.234328913595775,rebalance,rebalance,0.0
2013-05-08,2013-05-09,GILD,buy,224.28640199356028,36.08659059799219,8093.731565438309,20.234328913595775,rebalance,rebalance,0.0
2013-05-08,2013-05-09,LUV,buy,656.3033955461949,12.332301829251499,8093.731565438309,20.234328913595775,rebalance,rebalance,0.0
2013-05-08,2013-05-09,VLO,buy,341.0208540524717,23.733831726880126,8093.73156543831,20.234328913595775,rebalance,rebalance,0.0
2013-05-08,2013-05-09,WBA,buy,179.48737735212794,45.093597582406,8093.731565438309,20.234328913595775,rebalance,rebalance,0.0
2013-05-08,2013-05-09,WDC,buy,226.86438554716344,35.67651901781508,8093.731565438309,20.234328913595775,rebalance,rebalance,0.0
2013-06-06,2013-06-07,BSX,sell,1028.4284222531896,9.25,9512.962905842003,23.78240726460501,rebalance,rebalance,1375.2146042254938
2013-06-06,2013-06-07,COG,sell,242.7851415888202,34.934921503185,8481.67986354509,21.204199658862727,rebalance,rebalance,-1.6418192680025463
2013-06-06,2013-06-07,FSLR,sell,0.8525744636877164,53.81999969482422,45.88555737548782,0.11471389343871956,rebalance,rebalance,7.2919834796867455
2013-06-06,2013-06-07,GILD,sell,224.28640199356028,35.60615589322872,7985.976594114071,19.964941485285177,rebalance,rebalance,-147.95424172311908
2013-06-06,2013-06-07,MPC,sell,303.26692874066237,28.311748903777033,8586.017137325276,21.465042843313192,rebalance,rebalance,-565.7198747722207
2013-06-06,2013-06-07,MU,sell,25.88072418199556,12.247723889762,316.9799638481681,0.7924499096204203,rebalance,rebalance,65.46105044638067
2013-06-06,2013-06-07,VLO,sell,341.0208540524717,24.553081013658254,8373.112656897265,20.932781642243164,rebalance,rebalance,238.21398090311706
2013-06-06,2013-06-07,AVP,buy,449.9099016314776,21.40410079887309,9629.916884931223,24.074792212328056,rebalance,rebalance,0.0
2013-06-06,2013-06-07,BBY,buy,45.711837299450224,17.415086406064013,796.0755963498655,1.9901889908746637,rebalance,rebalance,0.0
2013-06-06,2013-06-07,BLK,buy,48.62430792465537,198.04738197720016,9629.916884931223,24.074792212328056,rebalance,rebalance,0.0
2013-06-06,2013-06-07,CELG,buy,32.321382524493345,58.465,1889.6696292945035,4.7241740732362585,rebalance,rebalance,0.0
2013-06-06,2013-06-07,HES,buy,150.7814927473399,63.866703462525,9629.916884931223,24.074792212328056,rebalance,rebalance,0.0
2013-06-06,2013-06-07,HPQ,buy,37.31074342238435,7.251927808940638,270.57481779703807,0.6764370444925952,rebalance,rebalance,0.0
2013-06-06,2013-06-07,LUV,buy,163.43425809853989,11.747559529703782,1919.9536762055698,4.799884190513924,rebalance,rebalance,0.0
2013-06-06,2013-06-07,NFLX,buy,359.6640632910194,3.1234290599823,1123.385187114483,2.8084629677862076,rebalance,rebalance,0.0
2013-06-06,2013-06-07,REGN,buy,38.56538886530056,249.7036116650129,9629.916884931223,24.074792212328056,rebalance,rebalance,0.0
2013-06-06,2013-06-07,STX,buy,381.3402421089919,25.252821028468507,9629.916884931223,24.074792212328056,rebalance,rebalance,0.0
2013-06-06,2013-06-07,SWY,buy,110.6622379018221,19.180650041695237,2122.573658025672,5.3064341450641805,rebalance,rebalance,0.0
2013-06-06,2013-06-07,WBA,buy,34.80893267830464,44.937390119147,1564.2225873961002,3.9105564684902503,rebalance,rebalance,0.0
2013-06-06,2013-06-07,WDC,buy,17.486199922417967,39.41024682394316,689.1354549553079,1.7228386373882696,rebalance,rebalance,0.0
2013-07-05,2013-07-08,AVP,sell,27.22843142943873,19.580891865114232,533.1569714765175,1.3328924286912938,rebalance,rebalance,-52.43301209036165
2013-07-05,2013-07-08,BBY,sell,114.06619708236127,18.857417317466375,2150.9938801984517,5.3774847004961295,rebalance,rebalance,307.23007809696935
2013-07-05,2013-07-08,BLK,sell,48.62430792465537,188.60896946189789,9170.980608467244,22.92745152116811,rebalance,rebalance,-505.9385201974748
2013-07-05,2013-07-08,CELG,sell,164.71250979100697,61.5,10129.819352146927,25.324548380367318,rebalance,rebalance,130.64285336893204
2013-07-05,2013-07-08,FSLR,sell,2.0803530053374857,46.79999923706055,97.36051906261095,0.24340129765652738,rebalance,rebalance,3.22548077921928
2013-07-05,2013-07-08,HES,sell,150.7814927473399,63.84108253125,9626.053722668,24.065134306670004,rebalance,rebalance,-52.003088782218796
2013-07-05,2013-07-08,HPQ,sell,254.202246194365,7.708308066680364,1959.4692249082916,4.8986730622707295,rebalance,rebalance,353.0777227956283
2013-07-05,2013-07-08,LUV,sell,819.7376536447348,11.067661469411249,9072.578844269416,22.68144711067354,rebalance,rebalance,-988.8220575892476
2013-07-05,2013-07-08,MU,sell,195.21000727172805,14.002970447092244,2733.51996280267,6.833799907006675,rebalance,rebalance,835.5368110715102
2013-07-05,2013-07-08,NFLX,sell,530.6796084343864,3.2425711154937744,1720.7663698908877,4.301915924727219,rebalance,rebalance,318.7482712822778
2013-07-05,2013-07-08,REGN,sell,38.56538886530056,232.61487865354334,8970.883251128602,22.427208127821505,rebalance,rebalance,-705.5356341427706
2013-07-05,2013-07-08,STX,sell,65.06640273003558,26.16871562208731,1702.7041895945063,4.256760473986266,rebalance,rebalance,51.22943045490744
2013-07-05,2013-07-08,SWY,sell,502.06415653262735,20.90422793819736,10495.263567756841,26.238158919392106,rebalance,rebalance,-370.6007912164598
2013-07-05,2013-07-08,WBA,sell,214.29631003043258,41.161837005193,8820.829784286972,22.05207446071743,rebalance,rebalance,-883.3213283902409
2013-07-05,2013-07-08,WDC,sell,36.964210829108595,39.908504962111515,1475.1863912940166,3.6879659782350416,rebalance,rebalance,139.54590729353504
2013-07-05,2013-07-08,AGN,buy,65.88633346281023,125.61755566631,8276.480161413627,20.69120040353407,rebalance,rebalance,0.0
2013-07-05,2013-07-08,AIZ,buy,207.8959606607487,39.81068287767001,8276.480161413627,20.69120040353407,rebalance,rebalance,0.0
2013-07-05,2013-07-08,BIIB,buy,37.05112355850988,223.3800048828125,8276.480161413627,20.69120040353407,rebalance,rebalance,0.0
2013-07-05,2013-07-08,BMY,buy,288.3343868288255,28.704450594465854,8276.480161413627,20.69120040353407,rebalance,rebalance,0.0
2013-07-05,2013-07-08,BSX,buy,900.5963590118497,9.1899995803833,8276.480161413627,20.69120040353407,rebalance,rebalance,0.0
2013-07-05,2013-07-08,COG,buy,235.58506556472133,35.131599456757,8276.480161413627,20.69120040353407,rebalance,rebalance,0.0
2013-07-05,2013-07-08,STZ,buy,194.84793856200793,42.47661136419845,8276.480161413627,20.69120040353407,rebalance,rebalance,0.0
2013-08-02,2013-08-05,AIZ,sell,207.8959606607487,42.48076748987659,8831.579966913796,22.07894991728449,rebalance,rebalance,512.3296551793516
2013-08-02,2013-08-05,AVP,sell,422.6814702020389,20.464590072803475,8650.003019054622,21.625007547636557,rebalance,rebalance,-441.3565744983762
2013-08-02,2013-08-05,BMY,sell,288.3343868288255,28.476419415894053,8210.730931362272,20.52682732840568,rebalance,rebalance,-106.96725778329363
2013-08-02,2013-08-05,BSX,sell,900.5963590118497,11.15999984741211,10050.655229152144,25.12663807288036,rebalance,rebalance,1728.3572292621034
2013-08-02,2013-08-05,AGN,buy,8.016917477046093,134.28219966345,1076.5293133381053,2.6913232833452634,rebalance,rebalance,0.0
2013-08-02,2013-08-05,BA,buy,109.26552725217823,90.82362340667697,9923.891098483835,24.80972774620959,rebalance,rebalance,0.0
2013-08-02,2013-08-05,BBY,buy,66.27038498166792,19.644724582539475,1301.8634609437265,3.2546586523593164,rebalance,rebalance,0.0
2013-08-02,2013-08-05,BIIB,buy,6.474714592735012,228.0,1476.2349271435828,3.690587317858957,rebalance,rebalance,0.0
2013-08-02,2013-08-05,COG,buy,26.124484794203795,37.919483965616,990.6269822637898,2.476567455659475,rebalance,rebalance,0.0
2013-08-02,2013-08-05,CVC,buy,544.2557746465155,18.23387377916059,9923.891098483835,24.80972774620959,rebalance,rebalance,0.0
2013-08-02,2013-08-05,EQT,buy,231.208043485826,42.92191114489583,9923.891098483835,24.80972774620959,rebalance,rebalance,0.0
2013-08-02,2013-08-05,FSLR,buy,32.252241880744805,47.459999084472656,1530.691370132339,3.8267284253308476,rebalance,rebalance,0.0
2013-08-02,2013-08-05,HPQ,buy,163.66527363460227,8.020120409552524,1312.6152014118722,3.281538003529681,rebalance,rebalance,0.0
2013-08-02,2013-08-05,MU,buy,162.23598352127794,13.174104239109013,2137.313758243688,5.34328439560922,rebalance,rebalance,0.0
2013-08-02,2013-08-05,NFLX,buy,295.6245174950809,3.484428882598877,1030.0826071642168,2.575206517910542,rebalance,rebalance,0.0
2013-08-02,2013-08-05,REGN,buy,36.65401344339588,270.7450062408341,9923.891098483835,24.80972774620959,rebalance,rebalance,0.0
2013-08-02,2013-08-05,STX,buy,109.3149552538336,23.318027221666984,2549.0091023442,6.3725227558605,rebalance,rebalance,0.0
2013-08-02,2013-08-05,STZ,buy,27.25574850934592,44.68134333715788,1217.823457057314,3.044558642643285,rebalance,rebalance,0.0
2013-08-02,2013-08-05,WDC,buy,39.21850508441457,40.24207107967586,1578.2338692456403,3.945584673114101,rebalance,rebalance,0.0
2013-08-30,2013-09-03,AGN,sell,2.0506137023215274,135.24223774772,277.32958585810036,0.6933239646452509,rebalance,rebalance,16.46695045161218
2013-08-30,2013-09-03,BA,sell,109.26552725217823,89.52535601559023,9782.035227482433,24.455088068706083,rebalance,rebalance,-191.12068681631752
2013-08-30,2013-09-03,BBY,sell,81.77266409606955,22.951376488203202,1876.7952001122687,4.691988000280672,rebalance,rebalance,515.8148575914056
2013-08-30,2013-09-03,BIIB,sell,43.52583815124489,216.0,9401.581040668896,23.50395260167224,rebalance,rebalance,-399.0197882113773
2013-08-30,2013-09-03,COG,sell,261.7095503589251,39.129680262391,10240.611027158855,25.601527567897136,rebalance,rebalance,924.7345880543496
2013-08-30,2013-09-03,CVC,sell,544.2557746465155,16.7992652198954,9143.097105746438,22.857742764366094,rebalance,rebalance,-828.4614632479718
2013-08-30,2013-09-03,EQT,sell,231.208043485826,43.021295151802605,9946.869480274532,24.86717370068633,rebalance,rebalance,-26.69851965619879
2013-08-30,2013-09-03,HPQ,sell,1237.3743275305178,6.742894839930905,8343.484968168503,20.858712420421256,rebalance,rebalance,242.28358383679247
2013-08-30,2013-09-03,MU,sell,30.118148161329145,13.437389611330545,404.7092912155584,1.011773228038896,rebalance,rebalance,89.09190319640616
2013-08-30,2013-09-03,NFLX,sell,2848.0682008014055,4.106142997741699,11694.575299811491,29.236438249528728,rebalance,rebalance,3909.9960514247564
2013-08-30,2013-09-03,STX,sell,425.5887946327899,22.261507031836928,9474.247944388855,23.68561986097214,rebalance,rebalance,-1111.5929790501157
2013-08-30,2013-09-03,STZ,sell,222.10368707135385,46.274109657507424,10277.650370876541,25.694125927191354,rebalance,rebalance,733.9168674322319
2013-08-30,2013-09-03,WDC,sell,246.60487972488738,38.716398160013256,9547.65271163092,23.869131779077303,rebalance,rebalance,468.73245601073404
2013-08-30,2013-09-03,BSX,buy,902.2758621216573,10.770000457763672,9717.51144807936,24.2937786201984,rebalance,rebalance,0.0
2013-08-30,2013-09-03,FSLR,buy,52.47488312747808,37.150001525878906,1949.4419882561278,4.8736049706403195,rebalance,rebalance,0.0
2013-08-30,2013-09-03,GILD,buy,232.49446765660184,41.796742718335494,9717.51144807936,24.2937786201984,rebalance,rebalance,0.0
2013-08-30,2013-09-03,HAR,buy,156.52778318343047,62.08170364676847,9717.51144807936,24.2937786201984,rebalance,rebalance,0.0
2013-08-30,2013-09-03,LDOS,buy,453.61970399241625,21.422154643092444,9717.51144807936,24.2937786201984,rebalance,rebalance,0.0
2013-08-30,2013-09-03,LMT,buy,112.50844956714971,86.37139241954931,9717.51144807936,24.2937786201984,rebalance,rebalance,0.0
2013-08-30,2013-09-03,MET,buy,354.93196350879083,27.378518835029293,9717.51144807936,24.2937786201984,rebalance,rebalance,0.0
2013-08-30,2013-09-03,NOC,buy,129.41566600005862,75.08759757164916,9717.51144807936,24.2937786201984,rebalance,rebalance,0.0
2013-08-30,2013-09-03,PFG,buy,372.4982382357437,26.087402437402723,9717.51144807936,24.2937786201984,rebalance,rebalance,0.0
2013-08-30,2013-09-03,PRU,buy,220.77022612774053,44.01640392602887,9717.51144807936,24.2937786201984,rebalance,rebalance,0.0
2013-08-30,2013-09-03,PXD,buy,54.994433841391114,176.69990886906,9717.51144807936,24.2937786201984,rebalance,rebalance,0.0
2013-08-30,2013-09-03,REGN,buy,3.2224564808461764,243.69036342837867,785.2815909495389,1.9632039773738472,rebalance,rebalance,0.0
2013-09-30,2013-10-01,BSX,sell,9.652054301888484,11.779999732971191,113.70119709886978,0.28425299274717447,rebalance,rebalance,9.204433283299567
2013-09-30,2013-10-01,FSLR,sell,0.7189325804178566,40.310001373291016,28.980173303947453,0.07245043325986864,rebalance,rebalance,-2.61847555874297
2013-09-30,2013-10-01,GILD,sell,232.49446765660184,43.25173304141316,10055.78864868881,25.139471621722024,rebalance,rebalance,288.8439503675287
2013-09-30,2013-10-01,LDOS,sell,453.61970399241625,25.663341612624727,11641.397425775087,29.103493564437716,rebalance,rebalance,1870.4887055110914
2013-09-30,2013-10-01,LMT,sell,112.50844956714971,89.46629991167929,10065.714691572659,25.164286728931646,rebalance,rebalance,298.74517814417044
2013-09-30,2013-10-01,MET,sell,354.93196350879083,27.442804607492057,9740.328523525248,24.35082130881312,rebalance,rebalance,-25.82752448312297
2013-09-30,2013-10-01,MU,sell,108.39138877392782,17.10390561761692,1853.9160833516835,4.634790208379209,rebalance,rebalance,717.0556556099757
2013-09-30,2013-10-01,PFG,sell,372.4982382357437,27.2076089143932,10134.786387218583,25.336965968046457,rebalance,rebalance,367.64419455097845
2013-09-30,2013-10-01,PRU,sell,220.77022612774053,45.13390082773563,9964.221491766211,24.91055372941553,rebalance,rebalance,197.5057113372369
2013-09-30,2013-10-01,REGN,sell,39.87646992424206,313.62043219679214,12506.075732123178,31.265189330307944,rebalance,rebalance,1738.8649216359163
2013-09-30,2013-10-01,AGN,buy,1.9452411686838786,142.48523731103,277.1681495471078,0.6929203738677695,rebalance,rebalance,0.0
2013-09-30,2013-10-01,AKAM,buy,203.22976182153454,51.7400016784668,10515.108217760604,26.28777054440151,rebalance,rebalance,0.0
2013-09-30,2013-10-01,BBY,buy,19.074555824757795,23.764560080382445,453.29842790406553,1.1332460697601638,rebalance,rebalance,0.0
2013-09-30,2013-10-01,BKNG,buy,266.3258550454809,39.4821156810514,10515.108217760604,26.28777054440151,rebalance,rebalance,0.0
2013-09-30,2013-10-01,DAL,buy,516.4324701294822,20.3610516881795,10515.108217760604,26.28777054440151,rebalance,rebalance,0.0
2013-09-30,2013-10-01,ETFC,buy,636.8932899915568,16.51,10515.108217760604,26.28777054440151,rebalance,rebalance,0.0
2013-09-30,2013-10-01,HAR,buy,10.336751350666532,63.015836451525615,651.3790325536887,1.6284475813842219,rebalance,rebalance,0.0
2013-09-30,2013-10-01,NFLX,buy,2338.3982055587335,4.496714115142822,10515.108217760604,26.28777054440151,rebalance,rebalance,0.0
2013-09-30,2013-10-01,NOC,buy,8.032991385250114,76.50208025156392,614.5405516145258,1.5363513790363146,rebalance,rebalance,0.0
2013-09-30,2013-10-01,PXD,buy,0.6519319062972571,188.96307200794,123.19105575392219,0.3079776393848055,rebalance,rebalance,0.0
2013-09-30,2013-10-01,RTN,buy,149.25132171213028,70.452362479186,10515.108217760604,26.28777054440151,rebalance,rebalance,0.0
2013-09-30,2013-10-01,VRTX,buy,138.32029310829574,76.0199966430664,10515.108217760604,26.28777054440151,rebalance,rebalance,0.0
2013-10-28,2013-10-29,AGN,sell,3.2427618287076996,151.36088021853,490.82728473224745,1.2270682118306186,rebalance,rebalance,76.81360421519244
2013-10-28,2013-10-29,AKAM,sell,203.22976182153454,46.08000183105469,9364.82779686112,23.4120694921528,rebalance,rebalance,-1199.9802609360381
2013-10-28,2013-10-29,BBY,sell,46.81488299336286,26.99138800536869,1263.598671299793,3.158996678249483,rebalance,rebalance,469.3568744921392
2013-10-28,2013-10-29,BKNG,sell,10.416622036828414,41.73075126496895,434.6934632400808,1.086733658100202,rebalance,rebalance,21.30827762747232
2013-10-28,2013-10-29,DAL,sell,44.9040560384164,22.6482312199124,1016.9974438699583,2.542493609674896,rebalance,rebalance,97.87540973816044
2013-10-28,2013-10-29,ETFC,sell,18.879137844967772,17.28,326.23150196104314,0.8155787549026079,rebalance,rebalance,12.942120971171546
2013-10-28,2013-10-29,FSLR,sell,260.8560620076735,51.7400016784668,13496.693086115265,33.741732715288165,rebalance,rebalance,2024.0484626811638
2013-10-28,2013-10-29,HAR,sell,12.160695936307036,69.0305078780742,839.4590166341078,2.0986475415852697,rebalance,rebalance,79.8107975456312
2013-10-28,2013-10-29,NOC,sell,137.44865738530874,86.70877493703298,11918.004698620092,29.79501174655023,rebalance,rebalance,1530.3275571804206
2013-10-28,2013-10-29,PXD,sell,4.5939482503587,209.18273947853,960.9746800326327,2.402436700081582,rebalance,rebalance,144.13096516529671
2013-10-28,2013-10-29,RTN,sell,149.25132171213028,74.040256538317,11050.606148249008,27.62651537062252,rebalance,rebalance,481.58364457337973
2013-10-28,2013-10-29,VRTX,sell,138.32029310829574,76.08000183105469,10523.40815295116,26.308520382377903,rebalance,rebalance,-44.296355736221884
2013-10-28,2013-10-29,BSX,buy,25.629368793070626,11.630000114440918,298.06956199645987,0.7451739049911497,rebalance,rebalance,0.0
2013-10-28,2013-10-29,CHK,buy,433.3142221904716,24.64558974110657,10679.28454909306,26.69821137273265,rebalance,rebalance,0.0
2013-10-28,2013-10-29,EOG,buy,164.5546324994974,64.89810944171188,10679.28454909306,26.69821137273265,rebalance,rebalance,0.0
2013-10-28,2013-10-29,MU,buy,28.674774224342627,16.596837787691037,475.91057640007864,1.1897764410001965,rebalance,rebalance,0.0
2013-10-28,2013-10-29,NFLX,buy,8.18150694331689,4.551000118255615,37.234039066544305,0.09308509766636076,rebalance,rebalance,0.0
2013-10-28,2013-10-29,REGN,buy,35.76070173865978,298.63185088306074,10679.28454909306,26.69821137273265,rebalance,rebalance,0.0
2013-10-28,2013-10-29,SWY,buy,342.057334652924,31.220744206315675,10679.28454909306,26.69821137273265,rebalance,rebalance,0.0
2013-10-28,2013-10-29,TGNA,buy,518.4103642933294,20.600059884316774,10679.28454909306,26.69821137273265,rebalance,rebalance,0.0
2013-11-25,2013-11-26,AGN,sell,70.55511657751097,161.33486201105,11382.99999720628,28.4574999930157,rebalance,rebalance,2373.245352600745
2013-11-25,2013-11-26,BKNG,sell,7.515628597643001,45.55041557287143,342.34000591399564,0.8558500147849891,rebalance,rebalance,44.00940589698169
2013-11-25,2013-11-26,BSX,sell,918.2531766128394,11.869999885559082,10899.665101308667,27.249162753271666,rebalance,rebalance,936.0084867772085
2013-11-25,2013-11-26,CHK,sell,433.3142221904716,22.834523468216872,9894.523775720463,24.73630943930116,rebalance,rebalance,-836.1952941846293
2013-11-25,2013-11-26,DAL,sell,21.591248395353375,25.146693292317927,542.948501196203,1.3573712529905075,rebalance,rebalance,100.87155404162436
2013-11-25,2013-11-26,HAR,sell,7.598007945882131,76.9135516683762,584.3897767223382,1.4609744418058455,rebalance,rebalance,109.61151072420488
2013-11-25,2013-11-26,MU,sell,61.26965560511155,19.43448334552204,1190.7441014434116,2.976860253608529,rebalance,rebalance,530.8534287020074
2013-11-25,2013-11-26,NFLX,sell,86.9214882515289,5.007143020629883,435.2283232414053,1.0880708081035133,rebalance,rebalance,42.28552368162863
2013-11-25,2013-11-26,REGN,sell,35.76070173865978,293.0842705078725,10480.89918192471,26.202247954811774,rebalance,rebalance,-251.28582649589262
2013-11-25,2013-11-26,TGNA,sell,518.4103642933294,19.810043832676698,10269.73203996475,25.674330099911877,rebalance,rebalance,-461.92505060095357
2013-11-25,2013-11-26,AMZN,buy,599.2654554208588,18.88050079345703,11314.431906564912,28.286079766412282,rebalance,rebalance,0.0
2013-11-25,2013-11-26,BBY,buy,52.30352779056125,25.25775205019658,1321.0695362845622,3.302673840711406,rebalance,rebalance,0.0
2013-11-25,2013-11-26,CMG,buy,1063.066745989429,10.643199920654297,11314.43190656491,28.28607976641228,rebalance,rebalance,0.0
2013-11-25,2013-11-26,EOG,buy,23.70522479259384,60.10007693254653,1424.685833738199,3.561714584345498,rebalance,rebalance,0.0
2013-11-25,2013-11-26,ETFC,buy,21.219288902276162,17.7,375.5814135702881,0.9389535339257202,rebalance,rebalance,0.0
2013-11-25,2013-11-26,FDX,buy,121.7705387931542,92.91600430366985,11314.431906564912,28.286079766412282,rebalance,rebalance,0.0
2013-11-25,2013-11-26,GRMN,buy,344.6722673679976,32.8266384556109,11314.431906564912,28.286079766412282,rebalance,rebalance,0.0
2013-11-25,2013-11-26,MCK,buy,75.21795096159535,150.4219639317457,11314.431906564912,28.286079766412282,rebalance,rebalance,0.0
2013-11-25,2013-11-26,PXD,buy,11.293606505168334,181.47800260866,2049.5411508061184,5.123852877015296,rebalance,rebalance,0.0
2013-11-25,2013-11-26,SWY,buy,39.52753699881538,29.65115429652369,1172.0370985134236,2.930092746283559,rebalance,rebalance,0.0
2013-12-24,2013-12-26,AMZN,sell,599.2654554208588,20.089500427246094,12038.943622711167,30.09735905677792,rebalance,rebalance,666.128277323065
2013-12-24,2013-12-26,BKNG,sell,248.3936044110095,46.34356089832574,11511.444132776252,28.77861033194063,rebalance,rebalance,1651.0427360960443
2013-12-24,2013-12-26,EOG,sell,188.25985729209123,59.78423333544535,11254.971236048024,28.13742809012006,rebalance,rebalance,-907.3965008304328
2013-12-24,2013-12-26,ETFC,sell,45.91215398526572,19.45,892.9913950134181,2.2324784875335455,rebalance,rebalance,129.03607739487612
2013-12-24,2013-12-26,FDX,sell,121.7705387931542,96.64026637906463,11767.937306092645,29.419843265231613,rebalance,rebalance,395.79947649608897
2013-12-24,2013-12-26,GRMN,sell,344.6722673679976,32.007941531777256,11032.249781539966,27.580624453849914,rebalance,rebalance,-338.04882924520894
2013-12-24,2013-12-26,HAR,sell,3.6677895368427187,80.45354596086273,295.08667407714705,0.7377166851928676,rebalance,rebalance,65.86430431681465
2013-12-24,2013-12-26,MU,sell,40.07007835212994,21.28724828915656,852.9817068477474,2.1324542671193685,rebalance,rebalance,421.2305828326892
2013-12-24,2013-12-26,NFLX,sell,123.22431138432921,5.401570796966553,665.6048418499058,1.6640121046247647,rebalance,rebalance,108.42768697222564
2013-12-24,2013-12-26,PXD,sell,62.346024002498005,184.02292620442,11473.097774150689,28.682744435376723,rebalance,rebalance,338.8870441065684
2013-12-24,2013-12-26,BBY,buy,3.4487721147497723,25.564700602236545,88.1668265589201,0.22041706639730027,rebalance,rebalance,0.0
2013-12-24,2013-12-26,CMG,buy,20.327503317534138,10.651800155639648,216.5245030014756,0.541311257503689,rebalance,rebalance,0.0
2013-12-24,2013-12-26,CRM,buy,213.9167188569805,53.946690539426406,11540.099033387009,28.85024758346752,rebalance,rebalance,0.0
2013-12-24,2013-12-26,CTSH,buy,268.7865993946866,42.934056457336666,11540.099033387009,28.85024758346752,rebalance,rebalance,0.0
2013-12-24,2013-12-26,DAL,buy,30.71704396038018,24.009150032502436,737.4901169997406,1.8437252924993517,rebalance,rebalance,0.0
2013-12-24,2013-12-26,GILD,buy,224.28329326231216,51.45322625475363,11540.099033387009,28.85024758346752,rebalance,rebalance,0.0
2013-12-24,2013-12-26,LUV,buy,704.433235578626,16.382104719843177,11540.099033387009,28.85024758346752,rebalance,rebalance,0.0
2013-12-24,2013-12-26,MCK,buy,3.5167590141095815,146.56939787989214,515.4492511867245,1.2886231279668112,rebalance,rebalance,0.0
2013-12-24,2013-12-26,OKE,buy,467.5852324396163,24.680204233946355,11540.099033387009,28.85024758346752,rebalance,rebalance,0.0
2013-12-24,2013-12-26,SWY,buy,21.999425910681737,28.59402385842858,629.0521093617655,1.5726302734044137,rebalance,rebalance,0.0
2013-12-24,2013-12-26,X,buy,406.5103729049786,28.388203112555,11540.099033387009,28.85024758346752,rebalance,rebalance,0.0
2014-01-24,2014-01-27,CMG,sell,1083.394249306963,9.847200393676758,10668.400278282663,26.671000695706656,rebalance,rebalance,-918.0545230033478
2014-01-24,2014-01-27,CRM,sell,213.9167188569805,57.514961019777566,12303.411746537951,30.758529366344877,rebalance,rebalance,703.7039362011302
2014-01-24,2014-01-27,DAL,sell,480.65420965609263,26.904720811284193,12931.867317565631,32.32966829391408,rebalance,rebalance,2976.1069350981825
2014-01-24,2014-01-27,ETFC,sell,593.3212870635995,21.3,12637.74341445467,31.594358536136674,rebalance,rebalance,2762.4293418752914
2014-01-24,2014-01-27,GILD,sell,224.28329326231216,55.427009365835495,12431.352196250606,31.078380490626515,rebalance,rebalance,831.3245347895032
2014-01-24,2014-01-27,HAR,sell,7.9779767903161485,85.60088901318096,682.9219057775863,1.7073047644439658,rebalance,rebalance,184.22718096994387
2014-01-24,2014-01-27,LUV,sell,61.150151784254376,18.02550420506277,1102.2623181273038,2.7556557953182597,rebalance,rebalance,95.23405169261555
2014-01-24,2014-01-27,MCK,sell,5.494489558733804,158.32150512335565,869.895856823298,2.174739642058245,rebalance,rebalance,40.11082410096059
2014-01-24,2014-01-27,MU,sell,27.344863499994858,22.52566897057129,615.9613432463416,1.539903358115854,rebalance,rebalance,321.23848731028806
2014-01-24,2014-01-27,NFLX,sell,41.1678540269877,5.534142971038818,227.82878999620607,0.5695719749905152,rebalance,rebalance,41.66853615953001
2014-01-24,2014-01-27,OKE,sell,467.5852324396163,26.86851388475992,12563.320310112525,31.408300775281315,rebalance,rebalance,962.9627283667687
2014-01-24,2014-01-27,SWY,sell,403.5842975624211,27.018330837558704,10904.17407238523,27.26043518096308,rebalance,rebalance,-1634.6610541564003
2014-01-24,2014-01-27,BBY,buy,277.50012294100117,15.908052909671047,4414.486638185667,11.036216595464168,rebalance,rebalance,0.0
2014-01-24,2014-01-27,CAH,buy,245.2297640445306,47.28423557050601,11595.50193198119,28.988754829952978,rebalance,rebalance,0.0
2014-01-24,2014-01-27,CTSH,buy,5.12366868929638,42.333213767750834,216.9013618991154,0.5422534047477885,rebalance,rebalance,0.0
2014-01-24,2014-01-27,FDX,buy,127.07724172743046,91.24766775196872,11595.50193198119,28.988754829952978,rebalance,rebalance,0.0
2014-01-24,2014-01-27,MA,buy,158.56428035787147,73.128083486462,11595.501931981193,28.98875482995298,rebalance,rebalance,0.0
2014-01-24,2014-01-27,NLSN,buy,297.32559771381165,38.999339515807,11595.50193198119,28.988754829952978,rebalance,rebalance,0.0
2014-01-24,2014-01-27,STZ,buy,181.97839237600175,63.71911401449625,11595.50193198119,28.988754829952978,rebalance,rebalance,0.0
2014-01-24,2014-01-27,VLO,buy,373.1508768993435,31.074567017858165,11595.50193198119,28.988754829952978,rebalance,rebalance,0.0
2014-01-24,2014-01-27,WYNN,buy,72.09060916797904,160.8462193038541,11595.50193198119,28.988754829952978,rebalance,rebalance,0.0
2014-01-24,2014-01-27,X,buy,69.86729536697982,24.340985533691,1700.638825805772,4.2515970645144305,rebalance,rebalance,0.0
2014-02-24,2014-02-25,BBY,sell,728.9076795144357,15.933458456975035,11614.020230513333,29.035050576283336,rebalance,rebalance,-939.121129806256
2014-02-24,2014-02-25,CAH,sell,245.2297640445306,51.78577005324769,12699.41217102225,31.748530427555625,rebalance,rebalance,1043.172953783552
2014-02-24,2014-02-25,CTSH,sell,273.910268083983,45.25035434047105,12394.536688293649,30.98634172073412,rebalance,rebalance,577.1574502985758
2014-02-24,2014-02-25,FDX,sell,127.07724172743046,91.35602463850256,11609.271626244083,29.023179065610208,rebalance,rebalance,-44.2422396326707
2014-02-24,2014-02-25,HAR,sell,135.46006432474897,102.8049984940655,13925.971708911833,34.814929272279585,rebalance,rebalance,5452.68300902648
2014-02-24,2014-02-25,LUV,sell,78.14083956868592,19.184533499811423,1499.095554408845,3.7477388860221126,rebalance,rebalance,212.0361202703682
2014-02-24,2014-02-25,MA,sell,158.56428035787147,70.39560290760072,11162.228115402193,27.905570288505483,rebalance,rebalance,-490.1681416974576
2014-02-24,2014-02-25,MCK,sell,73.24022041697113,161.1340448766633,11801.492963444936,29.50373240861234,rebalance,rebalance,740.1436634705898
2014-02-24,2014-02-25,MU,sell,66.44466168778393,24.183397130758838,1606.8576408145957,4.0171441020364895,rebalance,rebalance,890.4419105330988
2014-02-24,2014-02-25,NFLX,sell,408.73417821371277,6.4285712242126465,2627.5767764168777,6.568941941042194,rebalance,rebalance,778.3746288409186
2014-02-24,2014-02-25,NLSN,sell,297.32559771381165,42.201181682345,12547.491567932388,31.36872891983097,rebalance,rebalance,891.6321522014136
2014-02-24,2014-02-25,STZ,sell,181.97839237600175,67.97767363020941,12370.467764686035,30.926169411715087,rebalance,rebalance,715.0509084631772
2014-02-24,2014-02-25,VLO,sell,37.06542280001139,32.259623807764854,1195.7165958041176,2.9892914895102938,rebalance,rebalance,38.05585955829494
2014-02-24,2014-02-25,WYNN,sell,16.86604532288206,196.3255037544106,3311.2348443595406,8.278087110898852,rebalance,rebalance,583.3350333936294
2014-02-24,2014-02-25,X,sell,8.349768758449386,23.165264993339,193.42460592258323,0.4835615148064581,rebalance,rebalance,-39.71782993836725
2014-02-24,2014-02-25,ADSK,buy,199.1182766683395,54.45000076293945,10841.990316506275,27.104975791265687,rebalance,rebalance,0.0
2014-02-24,2014-02-25,ARNC,buy,426.7454525156675,25.406223435054,10841.990316506275,27.104975791265687,rebalance,rebalance,0.0
2014-02-24,2014-02-25,BIIB,buy,31.289111456952313,346.510009765625,10841.990316506275,27.104975791265687,rebalance,rebalance,0.0
2014-02-24,2014-02-25,DAL,buy,384.93354442656596,28.16587557381508,10841.990316506275,27.104975791265687,rebalance,rebalance,0.0
2014-02-24,2014-02-25,ETFC,buy,476.7805768032663,22.74,10841.990316506275,27.104975791265687,rebalance,rebalance,0.0
2014-02-24,2014-02-25,EXPE,buy,146.4593271086185,74.02731209099123,10841.990316506275,27.104975791265687,rebalance,rebalance,0.0
2014-02-24,2014-02-25,FRX,buy,110.16043808683474,98.42,10841.990316506275,27.104975791265687,rebalance,rebalance,0.0
2014-02-24,2014-02-25,STX,buy,360.1382623330725,30.105077550685525,10841.990316506275,27.104975791265687,rebalance,rebalance,0.0
2014-02-24,2014-02-25,XYL,buy,322.5979471602895,33.608367356160535,10841.990316506275,27.104975791265687,rebalance,rebalance,0.0
2014-03-24,2014-03-25,ADSK,sell,199.1182766683395,49.869998931884766,9930.028244768826,24.825070611922065,rebalance,rebalance,-963.8921181406358
2014-03-24,2014-03-25,BIIB,sell,31.289111456952313,316.0,9887.359220396931,24.718398050992327,rebalance,rebalance,-1006.4544699516017
2014-03-24,2014-03-25,DAL,sell,384.93354442656596,28.89117203443646,11121.181253853309,27.80295313463327,rebalance,rebalance,224.28300842113333
2014-03-24,2014-03-25,ETFC,sell,476.7805768032663,24.33,11600.071433623469,29.000178584058673,rebalance,rebalance,701.9759627418704
2014-03-24,2014-03-25,NFLX,sell,1686.5318806254918,5.414286136627197,9131.366180250396,22.82841545062599,rebalance,rebalance,1505.4064113518855
2014-03-24,2014-03-25,STX,sell,360.1382623330725,31.11617860319171,11206.126492598993,28.015316231497483,rebalance,rebalance,309.01588406995506
2014-03-24,2014-03-25,X,sell,468.02789951350906,26.671359154493,12482.94020224776,31.207350505619402,rebalance,rebalance,-589.4479777524782
2014-03-24,2014-03-25,AGN,buy,59.05751483631975,205.64325579687,12144.779630212746,30.361949075531868,rebalance,rebalance,0.0
2014-03-24,2014-03-25,ALXN,buy,81.0895348214779,149.77,12144.779630212746,30.361949075531868,rebalance,rebalance,0.0
2014-03-24,2014-03-25,ARNC,buy,38.594471696511846,26.098726969911,1007.2665793552204,2.518166448388051,rebalance,rebalance,0.0
2014-03-24,2014-03-25,EXPE,buy,33.74903379836343,67.39298648014179,2274.448178490955,5.686120446227387,rebalance,rebalance,0.0
2014-03-24,2014-03-25,FRX,buy,20.62547221052415,92.86,1915.2813494692728,4.788203373673182,rebalance,rebalance,0.0
2014-03-24,2014-03-25,FSLR,buy,164.1186436515236,74.0,12144.779630212746,30.361949075531868,rebalance,rebalance,0.0
2014-03-24,2014-03-25,GMCR,buy,115.74173303181851,104.9299963987409,12144.779630212746,30.361949075531868,rebalance,rebalance,0.0
2014-03-24,2014-03-25,HAR,buy,116.06502783903198,104.63771780640135,12144.779630212746,30.361949075531868,rebalance,rebalance,0.0
2014-03-24,2014-03-25,HPQ,buy,1252.1455844123286,9.699175384556161,12144.779630212746,30.361949075531868,rebalance,rebalance,0.0
2014-03-24,2014-03-25,LUV,buy,31.2777555582918,20.362797415599022,636.9026000481223,1.5922565001203057,rebalance,rebalance,0.0
2014-03-24,2014-03-25,MU,buy,78.51360891047744,23.052238707439237,1809.9144543868542,4.524786135967136,rebalance,rebalance,0.0
2014-03-24,2014-03-25,STZ,buy,176.46046689741914,68.8243652742504,12144.779630212746,30.361949075531868,rebalance,rebalance,0.0
2014-03-24,2014-03-25,VLO,buy,17.887915511824076,34.309868122435105,613.7320221959453,1.5343300554898633,rebalance,rebalance,0.0
2014-03-24,2014-03-25,WYNN,buy,9.814179142415512,186.731463007281,1832.616029478791,4.581540073696978,rebalance,rebalance,0.0
2014-03-24,2014-03-25,XYL,buy,73.72464720823314,30.64367210646552,2259.193915213945,5.647984788034862,rebalance,rebalance,0.0
2014-04-22,2014-04-23,AGN,sell,17.448811597663173,203.50485105722,3550.917805307937,8.877294513269844,rebalance,rebalance,-55.160492001796094
2014-04-22,2014-04-23,ALXN,sell,26.799780668327458,155.97,4179.961790839034,10.449904477097585,rebalance,rebalance,145.67422778979378
2014-04-22,2014-04-23,ARNC,sell,175.71790180106302,29.23663361223,5137.39991406749,12.843499785168724,rebalance,rebalance,638.9497267076007
2014-04-22,2014-04-23,EXPE,sell,56.377917167547125,68.38038126621286,3855.1434709118403,9.6378586772796,rebalance,rebalance,-268.2112707148421
2014-04-22,2014-04-23,FRX,sell,38.817050133713025,92.07,3573.885805810958,8.934714514527396,rebalance,rebalance,-230.85269088027695
2014-04-22,2014-04-23,FSLR,sell,45.158641980223194,71.18000030517578,3214.3921499336107,8.035980374834027,rebalance,rebalance,-143.73768574408098
2014-04-22,2014-04-23,GMCR,sell,27.828824387123035,96.31774315975603,2680.4095597568717,6.70102389939218,rebalance,rebalance,-253.6701029713383
2014-04-22,2014-04-23,HAR,sell,36.030318882491045,105.79875988384975,3811.963055987208,9.52990763996802,rebalance,rebalance,22.87748279723588
2014-04-22,2014-04-23,HPQ,sell,379.67441965907096,9.70527542610715,3684.844815038675,9.212112037596688,rebalance,rebalance,-16.102404265085823
2014-04-22,2014-04-23,LUV,sell,195.59399113873252,21.12530817021204,4131.983339047448,10.32995834761862,rebalance,rebalance,868.4677452290863
2014-04-22,2014-04-23,MU,sell,195.28065945613713,25.538841460982386,4987.241802246377,12.468104505615942,rebalance,rebalance,2520.5114171013092
2014-04-22,2014-04-23,STZ,sell,176.46046689741914,67.78486146558528,11961.348302794053,29.903370756985133,rebalance,rebalance,-243.69664725120757
2014-04-22,2014-04-23,VLO,sell,115.44691596766017,35.49951305578288,4098.309300643821,10.245773251609553,rebalance,rebalance,472.70978904177014
2014-04-22,2014-04-23,WYNN,sell,65.03874298751249,179.64994468858853,11684.206580321945,29.210516450804864,rebalance,rebalance,912.9295313625198
2014-04-22,2014-04-23,XYL,sell,396.32259436852263,30.336985433208604,12023.232772209312,30.058081930523283,rebalance,rebalance,-1140.7625020207277
2014-04-22,2014-04-23,ETFC,buy,383.66891505513706,22.07,8467.572955266874,21.168932388167185,rebalance,rebalance,0.0
2014-04-22,2014-04-23,TSN,buy,260.64094179939957,32.48750137568134,8467.572955266874,21.168932388167185,rebalance,rebalance,0.0
2014-04-22,2014-04-23,TXT,buy,214.99276361901028,39.38538587406738,8467.572955266874,21.168932388167185,rebalance,rebalance,0.0
2014-05-20,2014-05-21,AGN,sell,41.608703238656574,204.34590367767,8502.568064159272,21.25642016039818,rebalance,rebalance,-96.62893249293936
2014-05-20,2014-05-21,ALXN,sell,54.28975415315044,156.68,8506.118680715612,21.26529670178903,rebalance,rebalance,333.5494632976868
2014-05-20,2014-05-21,ETFC,sell,383.66891505513706,19.91,7638.848098747779,19.097120246869448,rebalance,rebalance,-868.990909154132
2014-05-20,2014-05-21,EXPE,sell,123.83044373943481,65.74425380303845,8141.140121748275,20.352850304370687,rebalance,rebalance,-914.7254368414148
2014-05-20,2014-05-21,FSLR,sell,118.9600016713004,59.209999084472656,7043.621590046562,17.609053975116407,rebalance,rebalance,-1799.0351879139746
2014-05-20,2014-05-21,ARNC,buy,132.30515964113152,28.695370789605,3796.545613280152,9.49136403320038,rebalance,rebalance,0.0
2014-05-20,2014-05-21,AVGO,buy,2409.8607694658094,5.024089809921361,12107.356935202424,30.268392338006063,rebalance,rebalance,0.0
2014-05-20,2014-05-21,EXC,buy,774.1114797789986,15.640327331999984,12107.356935202424,30.268392338006063,rebalance,rebalance,0.0
2014-05-20,2014-05-21,FFIV,buy,114.22034844530589,106.0,12107.356935202424,30.268392338006063,rebalance,rebalance,0.0
2014-05-20,2014-05-21,FRX,buy,39.02061225009885,92.43,3606.675190276637,9.016687975691593,rebalance,rebalance,0.0
2014-05-20,2014-05-21,GMCR,buy,20.382380950528855,111.79947881811049,2278.7395673413093,5.696848918353274,rebalance,rebalance,0.0
2014-05-20,2014-05-21,HAR,buy,40.99927195700545,100.03270853208252,4101.26822170271,10.253170554256776,rebalance,rebalance,0.0
2014-05-20,2014-05-21,HPQ,buy,331.9101161423139,10.052760805282077,3336.613006432075,8.341532516080187,rebalance,rebalance,0.0
2014-05-20,2014-05-21,JNPR,buy,522.2055358893377,23.185041335464,12107.356935202424,30.268392338006063,rebalance,rebalance,0.0
2014-05-20,2014-05-21,LUV,buy,158.30507356268907,21.65387924311431,3427.918946498797,8.569797366246993,rebalance,rebalance,0.0
2014-05-20,2014-05-21,MU,buy,129.49260172025572,26.26044104353043,3400.5328330481425,8.501332082620356,rebalance,rebalance,0.0
2014-05-20,2014-05-21,SWN,buy,267.50678159970005,45.26,12107.356935202424,30.268392338006063,rebalance,rebalance,0.0
2014-05-20,2014-05-21,TSN,buy,135.04228791376494,30.59861026705426,4132.106337444625,10.330265843611562,rebalance,rebalance,0.0
2014-05-20,2014-05-21,TXT,buy,107.70438549403465,37.51925596021012,4040.988407387828,10.10247101846957,rebalance,rebalance,0.0
2014-05-20,2014-05-21,VLO,buy,106.45598409058005,35.09557476237436,3736.1339485530875,9.34033487138272,rebalance,rebalance,0.0
2014-06-18,2014-06-19,ARNC,sell,23.158613909263465,31.905434944452,738.8856494856867,1.8472141237142168,rebalance,rebalance,122.33401487182431
2014-06-18,2014-06-19,AVGO,sell,15.84425634863328,5.314451483132078,84.20353165111898,0.21050882912779745,rebalance,rebalance,4.191048537873524
2014-06-18,2014-06-19,EXC,sell,774.1114797789986,17.02780761780101,13181.421352408044,32.953553381020114,rebalance,rebalance,1010.8424714865946
2014-06-18,2014-06-19,FFIV,sell,1.5985508769206263,112.97000122070312,180.5882945170792,0.45147073629269796,rebalance,rebalance,10.266814844816151
2014-06-18,2014-06-19,FRX,sell,0.4179965436886448,97.44,40.72958321702155,0.10182395804255387,rebalance,rebalance,0.3913917746678165
2014-06-18,2014-06-19,GMCR,sell,3.810753023354877,121.76811063354678,464.02819574499955,1.160070489362499,rebalance,rebalance,57.06687823180951
2014-06-18,2014-06-19,HPQ,sell,1204.3812808955715,10.624226139588492,12795.619086521801,31.989047716304505,rebalance,rebalance,935.2690278352279
2014-06-18,2014-06-19,JNPR,sell,522.2055358893377,23.850458675965,12454.841554088807,31.137103885222018,rebalance,rebalance,286.07912266315583
2014-06-18,2014-06-19,LUV,sell,11.886274340410978,23.248981855773437,276.3437764729602,0.6908594411824005,rebalance,rebalance,60.87507649973341
2014-06-18,2014-06-19,MU,sell,461.04926094473245,31.292154547979006,14427.224727714069,36.06806181928517,rebalance,rebalance,6815.160934289812
2014-06-18,2014-06-19,SWN,sell,267.50678159970005,47.1,12599.569413345873,31.49892353336468,rebalance,rebalance,430.44516227207896
2014-06-18,2014-06-19,TSN,sell,395.6832297131645,27.2085980786234,10765.985963717108,26.91496490929277,rebalance,rebalance,-1892.1074921354586
2014-06-18,2014-06-19,TXT,sell,322.69714911304493,38.962527345709866,12573.096496699627,31.432741241749067,rebalance,rebalance,1.8309893965386799
2014-06-18,2014-06-19,VLO,sell,344.98243773407603,35.51509978441018,12252.085699994783,30.630214249986956,rebalance,rebalance,1006.2493463645005
2014-06-18,2014-06-19,AGN,buy,59.26330852359272,214.68400812812,12722.884608778264,31.80721152194566,rebalance,rebalance,0.0
2014-06-18,2014-06-19,ALXN,buy,79.0683276911209,160.91,12722.884608778264,31.80721152194566,rebalance,rebalance,0.0
2014-06-18,2014-06-19,DAL,buy,369.3551153563258,34.44621200522481,12722.884608778264,31.80721152194566,rebalance,rebalance,0.0
2014-06-18,2014-06-19,DTV,buy,150.97762678032828,84.27,12722.884608778264,31.80721152194566,rebalance,rebalance,0.0
2014-06-18,2014-06-19,EOG,buy,158.0572371447703,80.49542582555024,12722.884608778264,31.80721152194566,rebalance,rebalance,0.0
2014-06-18,2014-06-19,EW,buy,923.0630044695806,13.783332824707031,12722.884608778264,31.80721152194566,rebalance,rebalance,0.0
2014-06-18,2014-06-19,FTR,buy,2823.9938206468933,4.505280612074366,12722.884608778264,31.80721152194566,rebalance,rebalance,0.0
2014-06-18,2014-06-19,HAR,buy,5.350820907234606,100.66783684022272,538.6555660507458,1.3466389151268647,rebalance,rebalance,0.0
2014-06-18,2014-06-19,WMB,buy,429.746909683034,29.605529026752535,12722.884608778264,31.80721152194566,rebalance,rebalance,0.0
2014-10-13,2014-10-14,AGN,sell,59.26330852359272,222.24370336126,13170.897159724173,32.92724289931043,market_trend_exit,risk_exit,383.27809652465237
2014-10-13,2014-10-14,ALXN,sell,79.0683276911209,163.74,12946.647976144137,32.366619940360344,market_trend_exit,risk_exit,159.58953590356688
2014-10-13,2014-10-14,ARNC,sell,398.7685681429844,31.833281327438,12694.112014235254,31.735280035588136,market_trend_exit,risk_exit,2077.770826850035
2014-10-13,2014-10-14,AVGO,sell,2394.016513117176,5.4036025788806805,12936.313804162908,32.34078451040727,market_trend_exit,risk_exit,846.1496663961897
2014-10-13,2014-10-14,DAL,sell,369.3551153563258,27.49207253429445,10154.337622288804,25.38584405572201,market_trend_exit,risk_exit,-2625.740042067128
2014-10-13,2014-10-14,DTV,sell,150.97762678032828,85.18,12860.274249148364,32.15068562287091,market_trend_exit,risk_exit,73.43174322528458
2014-10-13,2014-10-14,EOG,sell,158.0572371447703,60.825032936598845,9613.836655198469,24.034591637996172,market_trend_exit,risk_exit,-3164.889756739735
2014-10-13,2014-10-14,EW,sell,923.0630044695806,17.333332061767578,15999.757570404092,39.99939392601023,market_trend_exit,risk_exit,3205.0663561778715
2014-10-13,2014-10-14,FFIV,sell,112.62179756838526,112.76000213623047,12699.234134397237,31.748085335993093,market_trend_exit,risk_exit,699.7307304567845
2014-10-13,2014-10-14,FTR,sell,2823.9938206468933,4.5922033385714816,12968.353851279897,32.420884628199744,market_trend_exit,risk_exit,181.24114635148823
2014-10-13,2014-10-14,GMCR,sell,104.48453657186946,137.26037242427714,14341.586402432806,35.85396600608202,market_trend_exit,risk_exit,3179.3343267314276
2014-10-13,2014-10-14,HAR,sell,126.384801820781,82.87538416328539,10474.189003297915,26.18547250824479,market_trend_exit,risk_exit,-2599.1059801714437
2014-10-13,2014-10-14,LUV,sell,547.244807867523,25.556772874589903,13985.811261468876,34.96452815367219,market_trend_exit,risk_exit,4062.461633826055
2014-10-13,2014-10-14,WMB,sell,429.746909683034,25.131785316193618,10800.307074451659,27.000767686129148,market_trend_exit,risk_exit,-1981.3855135346785
